<?xml version="1.0" encoding="utf-8"?>
<COLLADA xmlns="http://www.collada.org/2005/11/COLLADASchema" version="1.4.1" xmlns:xsi="http://www.w3.org/2001/XMLSchema-instance">
  <asset>
    <contributor>
      <author>Blender User</author>
      <authoring_tool>Blender 4.2.0 commit date:2024-07-16, commit time:06:20, hash:a51f293548ad</authoring_tool>
    </contributor>
    <created>2025-03-21T13:15:18</created>
    <modified>2025-03-21T13:15:18</modified>
    <unit name="meter" meter="1"/>
    <up_axis>Z_UP</up_axis>
  </asset>
  <library_effects>
    <effect id="Surface_1_004-effect">
      <profile_COMMON>
        <technique sid="common">
          <lambert>
            <emission>
              <color sid="emission">0 0 0 1</color>
            </emission>
            <diffuse>
              <color sid="diffuse">0 0.200784 0.4 1</color>
            </diffuse>
            <index_of_refraction>
              <float sid="ior">1</float>
            </index_of_refraction>
          </lambert>
        </technique>
      </profile_COMMON>
    </effect>
    <effect id="Material_002-effect">
      <profile_COMMON>
        <technique sid="common">
          <lambert>
            <emission>
              <color sid="emission">0 0 0 1</color>
            </emission>
            <diffuse>
              <color sid="diffuse">0.8 0.8 0.8 1</color>
            </diffuse>
            <index_of_refraction>
              <float sid="ior">1.45</float>
            </index_of_refraction>
          </lambert>
        </technique>
      </profile_COMMON>
    </effect>
    <effect id="Material_003-effect">
      <profile_COMMON>
        <technique sid="common">
          <lambert>
            <emission>
              <color sid="emission">0 0 0 1</color>
            </emission>
            <diffuse>
              <color sid="diffuse">0.8 0.8 0.8 1</color>
            </diffuse>
            <index_of_refraction>
              <float sid="ior">1.45</float>
            </index_of_refraction>
          </lambert>
        </technique>
      </profile_COMMON>
    </effect>
  </library_effects>
  <library_images/>
  <library_materials>
    <material id="Surface_1_004-material" name="Surface_1.004">
      <instance_effect url="#Surface_1_004-effect"/>
    </material>
    <material id="Material_002-material" name="Material.002">
      <instance_effect url="#Material_002-effect"/>
    </material>
    <material id="Material_003-material" name="Material.003">
      <instance_effect url="#Material_003-effect"/>
    </material>
  </library_materials>
  <library_geometries>
    <geometry id="polygons_001-mesh" name="polygons.001">
      <mesh>
        <source id="polygons_001-mesh-positions">
          <float_array id="polygons_001-mesh-positions-array" count="6552">0.626777 0.07545596 1.234145 0.623123 0.07308 1.235936 0.630001 0.077964 1.235974 0.624198 0.07030797 1.234069 0.624628 0.06555598 1.235174 0.68449 -0.07819199 1.330342 0.685565 -0.08285599 1.329427 0.686639 -0.07823598 1.327446 0.631398 0.06353199 1.235136 0.626777 0.06524795 1.233955 0.450952 -0.080392 1.238183 0.441065 -0.080392 1.243365 0.439775 -0.07849997 1.24405 0.634945 0.06678795 1.23445 0.427738 -0.077928 1.263671 0.430962 -0.077488 1.25468 0.432789 -0.07801598 1.251518 0.632151 0.06876796 1.233993 0.630646 0.06753599 1.233993 0.433004 -0.07810395 1.256242 0.43827 -0.07801598 1.252127 0.437518 -0.07805997 1.254375 0.439882 -0.07810395 1.256699 0.441924 -0.07801598 1.255175 0.439882 -0.07805997 1.259404 0.440205 -0.077928 1.262794 0.442354 -0.07827997 1.259366 0.437626 -0.07823598 1.261537 0.435476 -0.077928 1.26169 0.433327 -0.078148 1.260432 0.435476 -0.078808 1.254375 0.442677 -0.08320796 1.257842 0.441602 -0.08347195 1.254527 0.442032 -0.083516 1.260775 0.602918 0.09257197 1.238488 0.605605 0.08817195 1.238755 0.602703 0.087996 1.238602 0.433112 -0.08250397 1.258947 0.435476 -0.08285599 1.261461 0.430102 -0.07801598 1.257804 0.445686 -0.03128784 1.203362 0.443859 -0.03432399 1.199895 0.444181 -0.02943998 1.205495 0.597437 0.093364 1.239936 0.597975 0.09323197 1.241765 0.597975 0.09217596 1.237574 0.687284 -0.077928 1.323636 0.686747 -0.07823598 1.322341 0.688896 -0.07823598 1.325541 0.633011 0.06317996 1.236393 0.629142 0.062828 1.236583 0.427201 -0.003391981 1.193076 0.428705 -0.004579961 1.189152 0.425589 -7.52e-4 1.18698 0.682018 -0.08254796 1.330494 0.437303 -0.01227986 1.225802 0.436551 -0.01368784 1.197114 0.437733 -0.01412791 1.223211 0.626562 -0.05460786 1.340019 0.62495 -0.05658799 1.341885 0.629894 -0.05399197 1.342 0.636342 -0.05997598 1.338723 0.635375 -0.06261599 1.341733 0.635053 -0.064112 1.338952 0.427308 0.01631999 1.188123 0.426448 0.002547979 1.18778 0.423332 0.005671918 1.18618 0.423547 -0.006911993 1.18618 0.427738 -0.01496398 1.188313 0.434831 -0.004403889 1.193038 0.625488 -0.05319982 1.339142 0.630754 -0.05333197 1.339333 0.6343 -0.05280399 1.337618 0.676537 -0.083516 1.32878 0.679869 -0.083516 1.320817 0.677397 -0.08325195 1.323789 0.432359 -0.004623949 1.192961 0.63559 -0.05685198 1.338647 0.439775 -0.08285599 1.260013 0.63559 -0.05667597 1.341923 0.438378 -0.08325195 1.263899 0.433649 -0.08355998 1.266452 0.784332 -0.073484 1.207286 0.78014 -0.07357197 1.208886 0.77165 -0.073484 1.212353 0.597545 0.08847999 1.236012 0.609904 0.087996 1.236355 0.603993 0.08592796 1.235974 0.669551 -0.06094396 1.332437 0.644188 -0.05315583 1.333351 0.688251 -0.08347195 1.323408 0.682878 -0.083296 1.320779 0.747899 -0.06683999 1.232202 0.735002 -0.06604796 1.264014 0.741773 -0.066356 1.246908 0.650314 -0.059008 1.336437 0.775412 -0.06741195 1.210982 0.769393 -0.06199985 1.219896 0.785729 -0.06164795 1.214334 0.797014 -0.07374799 1.204505 0.681588 -0.07801598 1.330266 0.677182 -0.07801598 1.325198 0.679546 -0.078148 1.328399 0.801098 -0.073484 1.204276 0.630001 0.06999999 1.253499 0.627207 0.06881195 1.252051 0.628819 0.07264 1.252051 0.681911 -0.07819199 1.323446 0.683953 -0.08285599 1.323522 0.679761 -0.08285599 1.325008 0.832909 -0.08342796 1.216963 0.82098 -0.080172 1.20721 0.835166 -0.08153599 1.215249 0.429673 0.004923999 1.189685 0.431392 0.004747927 1.191209 0.42806 0.004043996 1.189075 0.428705 0.004307985 1.193038 0.679654 -0.07810395 1.325618 0.43784 -0.007747948 1.227059 0.437303 -0.008099973 1.221611 0.437303 -0.008803963 1.225192 0.609367 0.09323197 1.244622 0.605927 0.09349596 1.248127 0.610549 0.09349596 1.242374 0.439023 -0.01469987 1.219173 0.437733 -0.01619595 1.221535 0.437948 -0.01166397 1.217763 0.437733 -0.01474398 1.226716 0.43784 -0.01100397 1.228202 0.437626 -0.01144397 1.21963 0.437196 -0.01241195 1.220049 0.515973 0.08817195 1.339523 0.518015 0.09257197 1.339485 0.514361 0.09283596 1.338456 0.439023 -0.01624 1.224316 0.437733 -0.005855858 1.221573 0.43784 -0.008363962 1.218411 0.439023 -0.00721997 1.219249 0.789491 -0.06697195 1.208239 0.801957 -0.06727999 1.207858 0.810125 -0.06719195 1.208277 0.439023 -0.01241195 1.228049 0.607755 0.08825999 1.246679 0.818401 -0.06714797 1.21262 0.632258 0.075984 1.234183 0.636665 0.07303595 1.235898 0.444719 -0.009727954 1.21803 0.444719 -0.006075978 1.221535 0.635912 0.07193595 1.233993 0.444719 -0.01597595 1.221687 0.444719 -0.01456797 1.226564 0.522959 0.08803999 1.340704 0.511137 0.08803999 1.340628 0.517048 0.08588397 1.341009 0.510922 0.09169197 1.339866 0.511137 0.08803999 1.334342 0.510814 0.09349596 1.336209 0.511567 0.09327596 1.333351 0.513394 0.08803999 1.331218 0.513609 0.09349596 1.330646 0.516725 0.08808398 1.329923 0.43784 0.01403182 1.22222 0.437303 0.01381182 1.224201 0.437733 0.01319599 1.225192 0.437303 0.009851992 1.225878 0.518337 0.09327596 1.330113 0.521454 0.09349596 1.331523 0.513286 0.088216 1.336437 0.425481 -0.07330799 1.302416 0.424944 -0.06529998 1.313579 0.422042 -0.06296795 1.311826 0.80314 -0.06754398 1.204429 0.804322 -0.06780797 1.205076 0.805719 -0.06956797 1.2042 0.688789 -0.07801598 1.332247 0.689219 -0.08188796 1.33118 0.689541 -0.080392 1.332056 0.514683 -0.08325195 1.239326 0.514576 -0.081272 1.236659 0.514791 -0.07788395 1.235974 0.510384 0.08918398 1.340971 0.802817 -0.06749999 1.206143 0.80185 -0.067676 1.205534 0.439023 0.005759954 1.224316 0.444719 0.006023943 1.221687 0.444719 0.007431924 1.226564 0.437733 0.007255971 1.226716 0.439023 0.009587943 1.228049 0.810018 -0.07849997 1.204657 0.800883 -0.08100795 1.204886 0.610334 0.08918398 1.235974 0.439023 0.01477998 1.219249 0.43784 0.01363599 1.218411 0.437733 0.01614385 1.221573 0.43784 0.01416397 1.227097 0.437196 0.01218396 1.220125 0.437626 0.01059997 1.219554 0.437733 0.005803883 1.221535 0.439023 0.0072999 1.219173 0.437948 0.01033598 1.217763 0.437733 0.007827997 1.223287 0.437303 0.008135974 1.221687 0.643758 0.06744796 1.23605 0.799271 -0.068336 1.204467 0.521776 0.08803999 1.242984 0.520702 0.08883196 1.244584 0.518982 0.087996 1.245727 0.437088 -0.07801598 1.330304 0.436658 -0.07801598 1.335942 0.436766 -0.08140397 1.335142 0.436766 -0.08320796 1.33137 0.440957 -0.08347195 1.325846 0.440312 -0.07801598 1.326265 0.441924 -0.078148 1.328437 0.443966 -0.08285599 1.328513 0.439775 -0.08285599 1.329999 0.524248 -0.083516 1.24866 0.521132 -0.083296 1.248775 0.525968 -0.08325195 1.246336 0.523604 -0.07801598 1.248127 0.439667 -0.07810395 1.330608 0.437733 0.09353995 1.321465 0.438915 0.09323197 1.322265 0.441924 0.09349596 1.325656 0.434831 0.08817195 1.331027 0.436981 0.09283596 1.330951 0.432789 0.09288001 1.329504 0.446438 -0.08250397 1.331066 0.446546 -0.078808 1.333009 0.445578 -0.08285599 1.334456 0.442892 -0.078808 1.336133 0.518122 -0.07801598 1.248013 0.439453 0.09248399 1.328437 0.439667 0.08817195 1.327065 0.438593 0.09283596 1.325046 0.434186 0.08368396 1.336666 0.436443 0.08350795 1.337733 0.440312 0.083772 1.340285 0.612053 -0.07797199 1.33998 0.603026 -0.07797199 1.333161 0.606895 -0.07805997 1.337733 0.605498 -0.08254796 1.335371 0.607755 -0.08289998 1.337809 0.43827 0.08817195 1.330418 0.439023 0.03145599 1.228849 0.43784 0.03004795 1.228697 0.437626 0.03352385 1.230069 0.434294 0.08091199 1.339942 0.443644 0.07875597 1.340742 0.4387 0.080648 1.339485 0.445256 -0.07823598 1.329084 0.515113 0.09323197 1.247594 0.516725 0.09349596 1.248927 0.520702 0.09323197 1.247594 0.608077 -0.07805997 1.330875 0.606357 -0.078808 1.331866 0.60539 -0.07810395 1.333923 0.441924 -0.08254796 1.335485 0.43956 -0.078148 1.33339 0.442032 -0.07797199 1.335675 0.43784 0.02687996 1.22984 0.437733 0.02494382 1.235326 0.43784 0.02745199 1.238488 0.444611 0.02573597 1.23144 0.439023 0.02489984 1.232583 0.444719 0.02877187 1.228926 0.43784 0.01099598 1.228202 0.517478 -0.08254796 1.243403 0.517478 -0.07819199 1.241307 0.518445 -0.08254796 1.23986 0.540692 -0.08575999 1.340704 0.451919 -0.07374799 1.341009 0.515973 -0.07788395 1.341009 0.517908 -0.078148 1.244508 0.431822 -0.08131599 1.329618 0.564443 -0.08003997 1.236088 0.526935 -0.07801598 1.236202 0.7321 -0.08355998 1.2727 0.718559 -0.083516 1.232202 0.719956 -0.08355998 1.246793 0.521991 -0.078808 1.238907 0.519735 -0.07805997 1.23906 0.523711 -0.07801598 1.239783 0.429028 -0.08263599 1.319522 0.433757 -0.08311998 1.328246 0.444611 0.01535195 1.225459 0.444719 0.012272 1.227973 0.516295 -0.08347195 1.246412 0.732208 -0.07049196 1.224011 0.704157 -0.07379198 1.229916 0.720171 -0.07194399 1.226754 0.433971 -0.07374799 1.334037 0.432144 -0.073484 1.330418 0.428168 -0.07374799 1.323713 0.524571 -0.08254796 1.24165 0.524893 -0.07827997 1.241993 0.523496 -0.078148 1.245308 0.520809 -0.08263599 1.246298 0.520057 -0.07805997 1.246146 0.52715 -0.08355998 1.241574 0.615922 -0.083516 1.334418 0.615278 -0.08210796 1.338952 0.613988 -0.08325195 1.330494 0.515221 -0.07801598 1.244241 0.439023 0.01618796 1.224316 0.444719 0.01592385 1.221535 0.610011 -0.078808 1.338114 0.611731 -0.07801598 1.337237 0.597437 -0.07401198 1.341009 0.602703 -0.07352799 1.340476 0.618394 -0.07374799 1.339904 0.524033 -0.08250397 1.244241 0.447728 -0.01320385 1.340895 0.422042 -0.03163999 1.335294 0.441602 -0.01808798 1.339904 0.749081 -0.078368 1.226068 0.749403 -0.08254796 1.225383 0.751768 -0.08289998 1.227783 0.755852 -0.07801598 1.230069 0.747039 -0.07797199 1.224963 0.751983 -0.077928 1.228202 0.439023 0.03361195 1.253308 0.438163 0.03233587 1.255632 0.438915 0.02916795 1.257575 0.444611 0.03286397 1.254375 0.444719 0.029872 1.256813 0.438163 0.02855199 1.257156 0.630001 -0.06001991 1.322494 0.628819 -0.06265997 1.323941 0.632796 -0.06120795 1.323941 0.627207 -0.058788 1.323941 0.749188 -0.077268 1.219211 0.747146 -0.07805997 1.220201 0.746287 -0.07911598 1.220087 0.754025 -0.078808 1.228126 0.755637 -0.08289998 1.226983 0.747254 -0.08320796 1.226716 0.751338 -0.083516 1.230907 0.746502 -0.083516 1.22523 0.591419 0.07286 1.235898 0.62581 0.06383997 1.236317 0.754884 -0.07823598 1.220773 0.757249 -0.077928 1.224201 0.437948 0.03374385 1.250375 0.631184 -0.05737996 1.323941 0.444611 0.033436 1.250565 0.439453 0.03158783 1.246984 0.607969 -0.07401198 1.340742 0.444611 0.03105998 1.247555 0.444719 0.02723199 1.246984 0.738226 -0.07374799 1.222373 0.438163 0.023404 1.250908 0.444611 0.02419584 1.249384 0.444611 0.02366799 1.253232 0.635267 -0.06142795 1.342 0.631613 -0.06609195 1.342114 0.438163 0.02445983 1.254984 0.746716 -0.08333998 1.223401 0.624735 -0.058568 1.342 0.628712 -0.05781996 1.342 0.630646 -0.05751186 1.342 0.631291 -0.06217586 1.342 0.629357 -0.06248384 1.342 0.437948 0.029872 1.246565 0.746824 -0.081272 1.220811 0.503506 -0.08360397 1.297882 0.501249 -0.083516 1.304702 0.509095 -0.08355998 1.284624 0.437733 0.03519582 1.235326 0.439023 0.03378784 1.237726 0.439023 0.03528398 1.232583 0.444719 0.03501999 1.235212 0.437733 0.03145599 1.239098 0.439023 0.02995985 1.238983 0.758968 -0.07827997 1.225954 0.626132 -0.063892 1.342 0.624628 -0.063012 1.341733 0.627852 -0.06125187 1.342 0.62753 -0.05935984 1.342 0.445041 0.08847999 1.341009 0.585508 0.083772 1.341009 0.446868 -0.07801598 1.330989 0.445686 -0.07797199 1.334685 0.755744 -0.07801598 1.227249 0.62366 -0.06001991 1.340704 0.848493 -0.06653195 1.280281 0.845376 -0.06199985 1.272205 0.84011 -0.06199985 1.287748 0.437626 0.02731984 1.235212 0.756604 -0.078808 1.225497 0.444719 0.033656 1.230335 0.756389 -0.08250397 1.223554 0.444719 0.02877187 1.238869 0.439023 0.02626395 1.23765 0.444719 0.02511996 1.235364 0.753272 -0.08298796 1.220696 0.758968 -0.07797199 1.216239 0.621726 -0.06001991 1.339561 0.623553 -0.06419998 1.339371 0.636772 -0.07999598 1.337923 0.677182 -0.07805997 1.333428 0.735539 0.093364 1.235326 0.732853 0.09349596 1.230907 0.737796 0.09349596 1.236583 0.618394 -0.05113196 1.339904 0.751445 -0.07801598 1.230297 0.629464 -0.066796 1.339638 0.629894 -0.068116 1.338685 0.756604 -0.08316397 1.229345 0.759076 -0.083516 1.226106 0.61388 -0.08298796 1.246412 0.615493 -0.083516 1.242641 0.611194 -0.083516 1.24866 0.611624 -0.07805997 1.248127 0.609044 -0.08325195 1.248736 0.748329 0.06493997 1.246984 0.74403 0.06876796 1.250984 0.749726 0.06753599 1.240241 0.852684 -0.08285599 1.285958 0.853222 -0.07810395 1.283177 0.85161 -0.07832396 1.287215 0.766814 0.06766796 1.221801 0.777024 0.06498396 1.218449 0.765954 0.06498396 1.224392 0.756711 0.06801998 1.229992 0.757464 0.06498396 1.232202 0.747684 0.07004398 1.236659 0.744567 0.07070398 1.236507 0.739838 0.07048398 1.244965 0.749188 0.07092398 1.228049 0.756067 0.07013195 1.225459 0.758431 0.07242 1.222106 0.735432 0.08803999 1.234755 0.744889 0.08803999 1.231669 0.739946 0.08803999 1.23365 0.739193 0.09265995 1.233802 0.742095 0.08817195 1.232012 0.610011 -0.078808 1.246146 0.612376 -0.07810395 1.244279 0.607969 -0.07805997 1.246108 0.512749 -0.07801598 1.337237 0.511029 -0.078808 1.338114 0.513609 -0.078808 1.335485 0.608722 -0.07805997 1.238602 0.614848 -0.07801598 1.244317 0.612806 -0.07801598 1.241498 0.739193 0.08878797 1.226068 0.740053 0.08803999 1.226259 0.737151 0.087996 1.226754 0.80099 -0.06199985 1.314645 0.799915 -0.06754398 1.320512 0.813027 -0.06705999 1.317084 0.814102 -0.06199985 1.311407 0.824527 -0.06683999 1.311445 0.821517 -0.06732398 1.315026 0.810663 -0.068336 1.319674 0.822162 -0.06837999 1.316779 0.834414 -0.06820398 1.310836 0.836993 -0.06705999 1.306531 0.846558 -0.06749999 1.299444 0.843012 -0.06899595 1.304054 0.853222 -0.06648796 1.285501 0.856016 -0.06754398 1.285386 0.859993 -0.06683999 1.2719 0.859993 -0.06595999 1.262718 0.850213 -0.06600397 1.263976 0.857736 -0.06639999 1.249156 0.859885 -0.06719195 1.252013 0.84946 -0.06622397 1.252661 0.843334 -0.067016 1.223592 0.854297 -0.06727999 1.23685 0.846451 -0.06807196 1.224049 0.834736 -0.06829196 1.213877 0.827751 -0.06736797 1.212048 0.820765 -0.06837999 1.207134 0.832372 -0.06705999 1.221878 0.835919 -0.06697195 1.302454 0.830115 -0.06195586 1.300778 0.843334 -0.06631195 1.290949 0.742525 0.09257197 1.230907 0.795079 0.09309995 1.218144 0.745212 0.093364 1.227287 0.760151 0.09349596 1.221954 0.449985 0.083772 1.241345 0.45783 0.08350795 1.237764 0.443536 0.08350795 1.245955 0.853437 -0.07797199 1.28912 0.850428 -0.07801598 1.277843 0.857843 -0.07801598 1.280624 0.853007 -0.07797199 1.291406 0.846881 -0.07797199 1.288548 0.843764 -0.07810395 1.285577 0.845054 -0.07797199 1.280738 0.843657 -0.07832396 1.281577 0.846344 -0.07823598 1.278719 0.847526 -0.07805997 1.280586 0.850535 -0.07805997 1.280205 0.845806 -0.07823598 1.283634 0.847311 -0.07823598 1.286834 0.733497 0.08803999 1.228507 0.422042 0.08047199 1.309845 0.422042 0.05807596 1.312017 0.421935 0.07721596 1.311979 0.611731 -0.07885199 1.239898 0.740806 0.09323197 1.235936 0.74403 0.09349596 1.233421 0.672453 0.09257197 1.322608 0.673528 0.08825999 1.320703 0.672346 0.08812797 1.324284 0.672775 0.09349596 1.317312 0.676107 0.09331995 1.31716 0.681373 0.09349596 1.320398 0.844302 -0.08342796 1.286986 0.848708 -0.08342796 1.29011 0.851932 -0.08162397 1.291368 0.447191 0.08803999 1.256432 0.446116 0.08878797 1.258185 0.443322 0.08808398 1.259366 0.632151 0.07123196 1.342 0.628282 0.07453197 1.34219 0.630646 0.07246398 1.342 0.669551 0.09349596 1.325579 0.670089 0.09323197 1.322074 0.846021 -0.08250397 1.284777 0.848493 -0.08285599 1.287329 0.853222 -0.083516 1.278529 0.85032 -0.083076 1.277729 0.844946 -0.08347195 1.278453 0.444396 0.09257197 1.252013 0.446223 0.088216 1.253041 0.442999 0.08817195 1.251708 0.430425 0.08350795 1.29232 0.430317 0.08350795 1.2687 0.42978 0.08350795 1.275786 0.440205 0.09301197 1.253651 0.440097 0.08808398 1.254184 0.440205 0.088216 1.257156 0.575835 -0.08360397 1.294377 0.577877 -0.083516 1.297997 0.575298 -0.083516 1.292777 0.635267 0.06859195 1.342 0.631291 0.06784397 1.342 0.629357 0.06753599 1.342 0.440957 0.09252798 1.257994 0.858918 -0.066796 1.251632 0.448803 0.09318798 1.252432 0.446761 0.09349596 1.249879 0.443966 0.09248399 1.247213 0.597437 -0.080392 1.340628 0.516295 -0.08034795 1.340628 0.543808 -0.080832 1.340857 0.437626 0.087996 1.253422 0.448803 0.08803999 1.252394 0.587227 -0.083516 1.273957 0.575083 -0.08360397 1.288548 0.445041 0.08795195 1.261385 0.678149 0.08830398 1.320093 0.675785 0.09265995 1.319674 0.679009 0.09248399 1.321732 0.681803 0.08795195 1.328665 0.670089 0.08825999 1.33038 0.640534 0.09441995 1.334266 0.843657 -0.083296 1.281767 0.846344 -0.08325195 1.278681 0.856983 -0.08206397 1.280015 0.669766 0.09037196 1.330227 0.610226 0.09041595 1.338495 0.632473 0.06933999 1.342 0.669874 0.09265995 1.328437 0.627207 0.06454396 1.341809 0.62495 0.06603997 1.338342 0.630001 0.063488 1.337466 0.642898 0.058824 1.334342 0.633333 0.07717198 1.335713 0.63645 0.07211196 1.335332 0.62366 0.07593995 1.337085 0.628389 0.07629197 1.337161 0.827213 0.08808398 1.226754 0.83076 0.087336 1.223135 0.823129 0.08768796 1.23144 0.445149 0.03198397 1.266338 0.438378 0.03101599 1.265842 0.438485 0.034316 1.267747 0.831727 0.087996 1.227287 0.60496 0.087996 1.337199 0.609474 0.08795195 1.330456 0.606787 0.08825999 1.336018 0.444611 0.02771598 1.266642 0.608507 0.09349596 1.328818 0.606787 0.09323197 1.327827 0.609367 0.09323197 1.330837 0.784654 -0.06199985 1.313922 0.605283 0.09288001 1.336818 0.603026 0.08883196 1.337123 0.828396 0.08839195 1.222068 0.823559 0.08825999 1.226945 0.791962 -0.067236 1.320436 0.783902 -0.06793999 1.321579 0.60754 0.09252798 1.33438 0.607647 0.08808398 1.332894 0.738656 0.07246398 1.226259 0.631184 0.07264 1.323941 0.845376 0.07501596 1.239441 0.844839 0.06498396 1.238564 0.846881 0.08104395 1.241498 0.444719 0.03532797 1.269614 0.507268 -0.07823598 1.332018 0.509095 -0.08254796 1.331027 0.5063 -0.08298796 1.33438 0.623768 0.07145196 1.338685 0.62409 0.068636 1.341847 0.625165 0.07374 1.341809 0.610226 0.09349596 1.335028 0.513179 -0.08347195 1.328322 0.509847 -0.083296 1.328246 0.504903 -0.083516 1.330913 0.71254 0.09178 1.324398 0.742848 0.09037196 1.319941 0.682126 0.09059196 1.328322 0.604315 0.087996 1.32737 0.60582 -0.08285599 1.240507 0.605713 -0.07801598 1.241003 0.809695 0.083992 1.310912 0.74317 0.087996 1.320017 0.600339 0.08883196 1.334571 0.600016 0.08786398 1.331218 0.601306 0.087996 1.336247 0.615063 -0.07801598 1.235974 0.603026 -0.07797199 1.23624 0.513394 -0.07801598 1.333199 0.513286 -0.08298796 1.332704 0.511137 -0.07827997 1.330875 0.831512 0.08825999 1.23285 0.83119 0.08795195 1.235936 0.832695 0.08825999 1.229573 0.601414 0.08830398 1.330723 0.515436 -0.08325195 1.330875 0.601306 0.09349596 1.327827 0.828611 0.08803999 1.233612 0.630001 0.06999999 1.322494 0.627207 0.07123196 1.323941 0.82904 0.09301197 1.233802 0.51651 -0.083516 1.336018 0.507375 -0.078808 1.337161 0.509202 -0.08281195 1.337999 0.444934 0.066832 1.226373 0.461269 0.06982398 1.230526 0.461592 0.06731599 1.229459 0.751875 0.09349596 1.307369 0.748973 0.09331995 1.307293 0.75381 0.093364 1.309464 0.604208 -0.08347195 1.246412 0.628819 0.06735998 1.323941 0.632796 0.06881195 1.323941 0.597975 0.09331995 1.33198 0.597437 0.09349596 1.333542 0.508987 -0.07801598 1.33819 0.504044 -0.07797199 1.333237 0.5063 -0.07805997 1.335447 0.506408 -0.07801598 1.329694 0.515973 -0.07801598 1.333809 0.508987 -0.07797199 1.330799 0.605927 0.088216 1.329999 0.8299 0.08883196 1.226411 0.827643 0.09288001 1.226754 0.831512 0.09288001 1.227554 0.748651 0.09265995 1.309807 0.750371 0.08825999 1.310036 0.746072 0.088216 1.311217 0.603886 0.09296798 1.32977 0.607002 0.09248399 1.331751 0.511889 0.09349596 1.242984 0.745534 0.09257197 1.312588 0.826139 0.08817195 1.232507 0.622693 0.06740397 1.337352 0.603241 -0.07801598 1.244241 0.606142 -0.07801598 1.248013 0.628389 0.06251996 1.336437 0.63602 0.06498396 1.335371 0.600554 0.09252798 1.332551 0.601414 0.09288001 1.336018 0.512534 -0.08250397 1.337009 0.437626 0.08812797 1.324246 0.610011 -0.08285599 1.239022 0.432789 0.08817195 1.32897 0.612483 -0.08250397 1.241574 0.825279 0.08803999 1.229116 0.431392 0.077524 1.252737 0.430962 0.08192396 1.263175 0.436658 0.08038395 1.251975 0.8227 0.09349596 1.232583 0.824419 0.09331995 1.234335 0.822592 0.09292399 1.228545 0.422042 0.02344799 1.315369 0.743062 0.087996 1.312817 0.748006 0.08795195 1.309807 0.75166 0.08803999 1.307978 0.825709 0.08825999 1.235136 0.521562 0.08883196 1.241003 0.785622 -0.06661999 1.318798 0.774552 -0.06736797 1.317046 0.824742 0.09349596 1.225306 0.60625 -0.083516 1.328322 0.608937 -0.083296 1.328322 0.604208 -0.083296 1.33057 0.60625 -0.07805997 1.329008 0.84269 0.09037196 1.267747 0.845269 0.08346396 1.26809 0.841077 0.08346396 1.266947 0.839573 0.086236 1.264242 0.84011 0.09349596 1.265614 0.843227 0.09349596 1.267976 0.841077 0.09349596 1.261309 0.845161 0.086236 1.260128 0.847096 0.09331995 1.261461 0.843657 0.09318798 1.260051 0.672238 0.08883196 1.240012 0.672238 0.08795195 1.241993 0.673313 0.08878797 1.243631 0.602918 -0.08347195 1.335561 0.600554 0.08350795 1.33979 0.605605 0.083992 1.339599 0.769501 -0.08254796 1.318379 0.770253 -0.07819199 1.315064 0.769931 -0.08250397 1.31575 0.679224 0.08781999 1.243365 0.6760001 0.087996 1.237269 0.679331 0.08817195 1.239136 0.855156 -0.06868797 1.237307 0.840003 0.08350795 1.264014 0.520702 0.087996 1.239288 0.842045 0.086236 1.260623 0.841077 0.08346396 1.26108 0.845054 0.08341997 1.259747 0.773155 -0.08298796 1.313769 0.771973 -0.07801598 1.313807 0.767136 -0.07801598 1.315712 0.769393 -0.07801598 1.312702 0.778958 -0.07801598 1.316169 0.775842 -0.07797199 1.312017 0.77165 -0.07827997 1.311636 0.769823 -0.083516 1.311293 0.778206 -0.083516 1.314036 0.77294 -0.083296 1.311293 0.429995 0.08117598 1.336437 0.429995 0.07919597 1.338837 0.671056 0.08790796 1.238755 0.675032 0.08803999 1.244622 0.432467 0.088216 1.326303 0.437733 0.08803999 1.321693 0.430102 0.087996 1.32798 0.434939 0.08803999 1.323865 0.518982 0.08883196 1.238374 0.673205 0.087996 1.23826 0.676215 0.08900797 1.237002 0.768104 -0.08333998 1.313579 0.687607 0.08363997 1.233421 0.6760001 0.083992 1.234488 0.710606 0.083772 1.229916 0.851072 0.06911998 1.280205 0.85204 0.06982398 1.280548 0.85204 0.07008796 1.282186 0.848601 0.06925195 1.282796 0.850213 0.07140797 1.284586 0.85204 0.07206797 1.285043 0.85204 0.076864 1.286301 0.847526 0.07308 1.285996 0.849245 0.08139598 1.285691 0.85204 0.08165997 1.285348 0.85204 0.08350795 1.283558 0.850535 0.08350795 1.283672 0.844409 0.07312399 1.288053 0.84946 0.06788796 1.279595 0.684275 -0.07805997 1.24245 0.685565 -0.08254796 1.24165 0.686532 -0.07823598 1.240203 0.847848 0.086236 1.266299 0.847311 0.09279197 1.265918 0.848278 0.09318798 1.26409 0.847526 0.08350795 1.266033 0.845484 0.09309995 1.267595 0.848171 0.09283596 1.2711 0.848493 0.09283596 1.256927 0.766706 -0.083516 1.32036 0.85032 0.09098798 1.256699 0.623016 0.05446785 1.337161 0.686102 -0.08347195 1.245155 0.683093 -0.083296 1.245231 0.687929 -0.08325195 1.242907 0.748758 0.08812797 1.317312 0.746502 0.09257197 1.316131 0.745642 0.088216 1.314912 0.838068 0.08808398 1.229421 0.749833 0.09279197 1.317122 0.517048 0.087996 1.238298 0.682985 -0.078808 1.23544 0.68406 -0.07797199 1.235174 0.685995 -0.07827997 1.236698 0.689111 -0.083516 1.237612 0.763697 0.07413595 1.316817 0.777131 0.07153999 1.314798 0.747361 0.076424 1.319636 0.672775 0.09349596 1.247174 0.681158 0.09349596 1.244774 0.675892 0.09331995 1.247213 0.755314 0.09318798 1.315331 0.832372 0.09252798 1.230983 0.512426 0.087996 1.244279 0.514253 0.08795195 1.241003 0.776379 -0.08250397 1.316588 0.775519 -0.07823598 1.314607 0.776701 -0.078148 1.317922 0.515328 0.08883196 1.239326 0.59561 0.083992 1.340666 0.686532 -0.08254796 1.238107 0.683308 -0.08267998 1.235212 0.85204 0.06947195 1.247708 0.848063 0.06969195 1.243288 0.85204 0.07026398 1.244965 0.771758 -0.08289998 1.320817 0.774444 -0.07827997 1.320893 0.771005 -0.07805997 1.320551 0.849998 0.06762397 1.248241 0.775627 -0.08289998 1.320017 0.769393 -0.07805997 1.318455 0.429995 0.087996 1.321465 0.773047 -0.078808 1.313922 0.670519 0.09323197 1.244355 0.511997 0.087996 1.235974 0.511674 0.09041595 1.236393 0.511782 0.09292399 1.238336 0.673205 0.087996 1.246451 0.679224 -0.07885199 1.239974 0.680191 -0.07801598 1.241803 0.679331 -0.077928 1.237993 0.85204 0.07259595 1.242603 0.669659 0.09345197 1.238755 0.678686 -0.077928 1.242146 0.680513 -0.078148 1.236202 0.85204 0.06735998 1.263785 0.849568 0.06634795 1.248355 0.85204 0.06828397 1.254794 0.850965 0.06859195 1.247936 0.807009 -0.06661999 1.209724 0.80099 -0.06199985 1.213344 0.816789 -0.06199985 1.217877 0.633226 -0.05377197 1.236659 0.629571 -0.05324399 1.235783 0.625273 -0.05293583 1.236164 0.622478 -0.04906398 1.238031 0.634623 -0.05526793 1.235821 0.633763 -0.05535584 1.233878 0.812597 -0.06199985 1.216963 0.632473 0.07065999 1.233993 0.632473 0.06999999 1.252013 0.631936 0.07180398 1.252013 0.428598 0.08161598 1.306797 0.429673 0.08306795 1.304207 0.429995 0.083772 1.325999 0.627637 -0.05438786 1.234259 0.811737 -0.06098783 1.218106 0.810663 -0.06199985 1.217153 0.811415 -0.06199985 1.218982 0.630001 -0.06001991 1.253499 0.628819 -0.05737996 1.252051 0.632796 -0.058788 1.252051 0.631184 -0.06265997 1.252051 0.428383 0.08007597 1.310683 0.429995 0.08073598 1.310417 0.429995 0.08350795 1.307902 0.627207 -0.06120795 1.252051 0.637094 -0.05962383 1.235136 0.83076 -0.08320796 1.219782 0.829793 -0.083516 1.221458 0.830008 -0.08325195 1.223706 0.640749 -0.05905199 1.23605 0.638062 -0.06001991 1.235974 0.428383 0.08165997 1.304207 0.426986 0.08121997 1.304207 0.843119 -0.066356 1.236317 0.447728 0.09331995 1.259975 0.449447 0.08808398 1.257537 0.44977 0.09349596 1.253956 0.841722 -0.083516 1.226259 0.833877 -0.083516 1.229649 0.840647 -0.08320796 1.226868 0.449447 0.09327596 1.256204 0.85032 0.09010797 1.273119 0.845914 0.083772 1.285196 0.85075 0.083772 1.270643 0.837208 -0.07819199 1.226449 0.834092 -0.083076 1.226221 0.838498 -0.08254796 1.225535 0.664393 0.08363997 1.235478 0.62495 -0.06296795 1.233916 0.626025 -0.06551998 1.235174 0.623123 -0.059668 1.235402 0.629786 -0.06798398 1.236012 0.622478 -0.06239593 1.235974 0.629464 -0.06573998 1.233993 0.632688 -0.06644397 1.235478 0.832372 -0.07823598 1.224125 0.832587 -0.08254796 1.222068 0.442784 0.09331995 1.261728 0.445793 0.09349596 1.261956 0.437733 0.09318798 1.258413 0.831512 -0.07801598 1.227402 0.831727 -0.083296 1.227516 0.830008 -0.07819199 1.223744 0.830653 -0.07805997 1.219896 0.835919 -0.07797199 1.214487 0.836779 -0.08325195 1.229192 0.83925 -0.078148 1.221382 0.838498 -0.08250397 1.220468 0.836456 -0.07810395 1.219363 0.835059 -0.08276796 1.219515 0.523174 0.09331995 1.33758 0.585508 0.09309995 1.337923 0.551331 0.09349596 1.339028 0.833124 -0.07827997 1.220735 0.613666 0.04711997 1.337275 0.598942 0.03523999 1.339295 0.60496 0.04043185 1.337847 0.847203 0.09340798 1.266833 0.625165 -0.05676382 1.234069 0.83119 0.09331995 1.284739 0.83033 0.087996 1.28752 0.833124 0.08808398 1.282948 0.635375 -0.06239593 1.23384 0.753702 -0.066796 1.301997 0.746394 -0.06670796 1.292549 0.762193 -0.06719195 1.310531 0.619362 -0.08355998 1.268585 0.621941 -0.08355998 1.280662 0.631184 -0.083516 1.290682 0.586797 -0.08355998 1.300892 0.593783 -0.083516 1.300244 0.581101 -0.083516 1.300016 0.835274 0.09288001 1.284701 0.836993 0.088216 1.28432 0.833769 0.08817195 1.285539 0.832909 0.09349596 1.281996 0.835704 0.09327596 1.281805 0.839895 0.08812797 1.289882 0.838068 0.087996 1.282148 0.839358 0.087996 1.285196 0.843979 -0.08263599 1.223859 0.845269 -0.07867598 1.222487 0.641071 0.083772 1.236012 0.830975 0.09349596 1.291025 0.831942 0.09318798 1.291863 0.830653 0.09323197 1.288853 0.839143 0.09288001 1.285501 0.676215 0.065512 1.240012 0.67557 0.06722795 1.237421 0.67471 0.069956 1.235631 0.840755 0.09353995 1.283329 0.844194 0.09235197 1.285272 0.833017 0.09252798 1.287139 0.434079 -0.07942396 1.251975 0.43827 -0.08355998 1.252127 0.434079 -0.08179998 1.251518 0.689541 -0.08311998 1.329313 0.689219 -0.083516 1.327446 0.683093 -0.078148 1.320703 0.679439 -0.07805997 1.322227 0.68535 -0.07827997 1.324056 0.422042 0.04830795 1.202752 0.422042 0.03088384 1.19239 0.422042 -0.04629182 1.201229 0.422042 -0.02855998 1.191399 0.422042 0.01139187 1.186828 0.422042 -0.008891999 1.186523 0.422042 -0.008055984 1.208124 0.422042 -0.06089997 1.215287 0.422042 -0.02345585 1.212658 0.422042 -0.03696388 1.221344 0.422042 -0.07163596 1.233116 0.422042 -0.04747986 1.233459 0.422042 -0.073484 1.235478 0.422042 -0.05416786 1.248089 0.422042 -0.073484 1.293158 0.422042 -0.05645591 1.264014 0.422042 -0.05416786 1.2799 0.422042 -0.04747986 1.29453 0.422042 -0.06886398 1.302835 0.422042 -0.03696388 1.306683 0.422042 -0.02345585 1.315369 0.421935 -0.05161595 1.322836 0.422042 -0.008055984 1.319903 0.422042 0.008047997 1.319903 0.422042 0.03369987 1.334304 0.422042 0.02300786 1.338533 0.421935 -0.01271986 1.341009 0.422042 0.01244795 1.341009 0.422042 0.05305999 1.314912 0.422042 0.008047997 1.208124 0.422042 0.02344799 1.212658 0.422042 0.06247586 1.217306 0.422042 0.037 1.221344 0.422042 0.04751586 1.233459 0.422042 0.07237595 1.234945 0.422042 0.05415987 1.248089 0.422042 0.07743597 1.254603 0.422042 0.05649197 1.264014 0.422042 0.07659995 1.279443 0.422042 0.05415987 1.2799 0.422042 0.04751586 1.29453 0.422042 0.07202398 1.295025 0.422042 0.037 1.306683 0.422042 0.07352 1.297159 0.421935 0.07989996 1.301006 0.422042 0.08135199 1.305692 0.428383 -0.08144795 1.264014 0.436551 -0.07827997 1.263976 0.43107 -0.08320796 1.264014 0.784762 -0.06842398 1.207019 0.771435 -0.06934797 1.211934 0.76101 -0.06780797 1.216125 0.676859 -0.08047997 1.333351 0.676644 -0.08276796 1.331713 0.439023 -0.005811989 1.224316 0.444611 -0.006647944 1.225459 0.631291 0.07215595 1.233993 0.629357 0.07246398 1.233993 0.627852 0.07123196 1.233993 0.62753 0.06933999 1.233993 0.628712 0.06784397 1.233993 0.426018 -0.07110798 1.312398 0.426018 -0.073484 1.316017 0.426018 -0.06851196 1.316017 0.448803 -0.083296 1.329732 0.449125 -0.08325195 1.337275 0.449018 -0.081052 1.340133 0.449018 -0.07827997 1.332018 0.448695 -0.07805997 1.340742 0.447835 -0.07797199 1.328361 0.445901 -0.08311998 1.326456 0.444396 -0.07827997 1.326151 0.442569 -0.07801598 1.339142 0.612268 -0.07775199 1.332132 0.611731 -0.07819199 1.328932 0.614848 -0.07823598 1.333009 0.614848 -0.07797199 1.340209 0.603026 -0.07801598 1.340933 0.522206 0.08795195 1.245346 0.518122 0.08817195 1.248203 0.521776 0.08825999 1.246679 0.523818 0.088216 1.243517 0.524033 0.08795195 1.235974 0.432037 0.08803999 1.333656 0.433004 0.09142798 1.334113 0.434294 0.09103196 1.333428 0.436981 0.09340798 1.33358 0.437733 0.08812797 1.333428 0.441817 0.093364 1.330037 0.44085 0.08803999 1.331066 0.442139 0.08808398 1.327256 0.612591 -0.078808 1.335523 0.611624 -0.08289998 1.337009 0.612376 -0.08250397 1.33358 0.444611 0.02604395 1.256204 0.748221 -0.07827997 1.228316 0.445686 0.03022396 1.234183 0.444611 0.03255587 1.238298 0.758968 -0.08162397 1.217191 0.759506 -0.08347195 1.220049 0.735432 0.09252798 1.229154 0.735969 0.09248399 1.231745 0.738441 0.09318798 1.231745 0.741558 0.09257197 1.227364 0.738011 0.09279197 1.226335 0.605498 -0.07819199 1.243708 0.742525 0.088216 1.228811 0.852255 -0.08289998 1.281881 0.850535 -0.08254796 1.280357 0.670089 0.08817195 1.321008 0.672238 0.09327596 1.318798 0.442999 0.08812797 1.246603 0.435691 0.09138399 1.256889 0.435369 0.08803999 1.255937 0.440527 0.08825999 1.260852 0.676537 0.09318798 1.32177 0.673528 0.09257197 1.326151 0.676967 0.09279197 1.327141 0.679546 0.09252798 1.32436 0.609797 0.08790796 1.33899 0.610549 0.09204399 1.337428 0.599264 0.088216 1.329694 0.59776 0.08834797 1.337009 0.598404 0.08795195 1.340438 0.607755 0.08795195 1.338799 0.445149 0.02511996 1.270223 0.445041 0.03391999 1.274414 0.444719 0.02635186 1.274567 0.444611 0.03022396 1.275976 0.755099 0.08781999 1.318646 0.751768 0.087996 1.315674 0.754884 0.087996 1.311788 0.752627 0.088216 1.312855 0.602703 -0.08325195 1.239326 0.602488 -0.08201998 1.23746 0.602703 -0.080392 1.236355 0.520272 0.09309995 1.245231 0.521562 0.09252798 1.240964 0.518982 0.09274798 1.238412 0.514576 0.09288001 1.241117 0.516295 0.09248399 1.238983 0.515436 0.09257197 1.244584 0.524248 0.09323197 1.239288 0.524463 0.09204399 1.23746 0.524356 0.09037196 1.236355 0.523389 0.09323197 1.244584 0.745319 0.09327596 1.308778 0.743277 0.09349596 1.311217 0.744245 0.08830398 1.309502 0.747469 0.087996 1.307674 0.669981 0.08825999 1.242565 0.669766 0.09134 1.235669 0.670196 0.087996 1.235059 0.686532 -0.07805997 1.243784 0.688896 -0.07801598 1.240622 0.682878 -0.078148 1.24527 0.677504 -0.07823598 1.242222 0.677074 -0.07797199 1.233764 0.767136 -0.07805997 1.323941 0.766814 -0.08047997 1.323903 0.766491 -0.08201998 1.322875 0.847203 0.07501596 1.241307 0.849783 0.07501596 1.241993 0.85204 0.07967996 1.241688 0.85204 0.08346396 1.244393 0.850642 0.08350795 1.244203 0.846773 0.08346396 1.241612 0.679331 -0.08325195 1.243746 0.676967 -0.08355998 1.240469 0.676752 -0.083076 1.236774 0.676644 -0.081272 1.234564 0.679439 -0.08254796 1.23986 0.679976 -0.08250397 1.237269 0.682448 -0.08316397 1.237269 0.682018 -0.08276796 1.242641 0.851395 0.06498396 1.263937 0.849245 0.06498396 1.24847 0.85161 0.06625998 1.263937 0.84903 0.06652396 1.279481 0.848601 0.06498396 1.279291 0.511997 0.08825999 1.241993 0.514361 0.08803999 1.246755 0.839465 -0.08285599 1.222906 0.430102 0.03479999 1.33358 0.429995 0.040564 1.330646 0.429995 0.05305999 1.314912 0.429995 0.04346787 1.329694 0.429995 0.04601997 1.330342 0.429995 0.06124395 1.338914 0.429995 0.05789995 1.312169 0.429995 0.07739198 1.311826 0.85204 0.06859195 1.273005 0.437518 -0.08254796 1.254489 0.439238 -0.08289998 1.256051 0.433864 -0.08281195 1.255556 0.519842 0.09292399 1.337923 0.520272 0.09288001 1.333999 0.515973 0.09283596 1.332513 0.513609 0.09248399 1.335066 0.445686 -0.01117998 1.222716 0.444719 -0.009727954 1.227973 0.444611 -0.01351183 1.218601 0.42 -0.02349996 1.272547 0.42 -0.02499598 1.264014 0.42 -0.05504786 1.280167 0.42 -0.05737996 1.264014 0.42 -0.02349996 1.255442 0.42 -0.01914387 1.247936 0.42 -0.05504786 1.247822 0.42 -0.01249986 1.242336 0.42 -0.00435996 1.239364 0.42 -0.04827195 1.232964 0.42 0.04830795 1.232964 0.42 0.004351973 1.239364 0.42 0.012492 1.242336 0.42 0.05508399 1.247822 0.42 0.01913595 1.247936 0.42 0.02349185 1.255442 0.42 0.02498799 1.264014 0.42 0.05741596 1.264014 0.42 0.02349185 1.272547 0.42 0.01913595 1.280053 0.42 0.05508399 1.280167 0.42 0.012492 1.285653 0.42 0.004351973 1.288625 0.42 0.04830795 1.295025 0.42 -0.04827195 1.295025 0.42 -0.00435996 1.288625 0.42 -0.01249986 1.285653 0.42 -0.01914387 1.280053 0.42 -0.03757995 1.22062 0.42 0.03757184 1.22062 0.42 0.03757184 1.307369 0.42 -0.03757995 1.307369 0.42 0.023844 1.316207 0.42 -0.02385199 1.316207 0.42 -0.008187949 1.320817 0.42 0.008179962 1.320817 0.42 -0.02385199 1.211782 0.42 0.023844 1.211782 0.42 0.008179962 1.207172 0.42 -0.008187949 1.207172 0.526935 -0.07797199 1.243746 0.607432 0.09248399 1.242946 0.606572 0.09283596 1.239555 0.60496 0.09283596 1.24546 0.600769 0.09288001 1.244012 0.601199 0.09292399 1.24005 0.514576 0.08817195 1.243784 0.440742 0.08803999 1.323865 0.632688 0.07571995 1.341733 0.628497 0.07580798 1.342 0.626132 0.06608396 1.342038 0.62753 0.07065999 1.342 0.627852 0.06876796 1.342 0.631398 0.06419199 1.342 0.634838 0.06603997 1.341771 0.628712 0.07215595 1.342 0.63602 0.07153999 1.341809 0.846881 -0.08281195 1.281386 0.682341 0.09318798 1.325541 0.681911 0.087996 1.322036 0.682555 0.09204399 1.327294 0.745212 0.08795195 1.223782 0.733068 0.08781999 1.225954 0.733068 0.08825999 1.231478 0.736077 0.08812797 1.232354 0.735324 0.08825999 1.228811 0.811952 0.08847999 1.215249 0.794542 0.08847999 1.215134 0.794649 0.09138399 1.215858 0.745212 0.09037196 1.224163 0.794542 0.083772 1.215134 0.803247 0.08847999 1.215172 0.809803 0.083772 1.214868 0.824097 0.08847999 1.219896 0.811845 0.09138399 1.215934 0.745104 0.09222 1.225459 0.732315 0.08935999 1.226106 0.707059 0.08966797 1.230564 0.824527 0.083772 1.219439 0.827428 0.09252798 1.222639 0.811307 0.09309995 1.218258 0.732745 0.09222 1.227478 0.710928 0.09274798 1.231973 0.682233 0.09120798 1.234564 0.681911 0.08803999 1.233916 0.6760001 0.08751195 1.234488 0.810663 0.09349596 1.220125 0.780785 0.09349596 1.310683 0.742525 0.09349596 1.315293 0.69255 0.09349596 1.237345 0.682341 0.09331995 1.237421 0.662888 0.08803999 1.235364 0.641071 0.08966797 1.236012 0.469975 0.083772 1.236012 0.469975 0.08847999 1.236012 0.459657 0.083772 1.237345 0.462882 0.08847999 1.237307 0.455788 0.08847999 1.238602 0.446438 0.08847999 1.244279 0.441709 0.083772 1.247708 0.438808 0.08751195 1.250946 0.435369 0.083772 1.256013 0.431392 0.083772 1.265614 0.431285 0.08962398 1.265957 0.429995 0.08962398 1.276014 0.430747 0.083772 1.330646 0.430747 0.09129595 1.321084 0.4315 0.09204399 1.276014 0.433219 0.09323197 1.321236 0.433112 0.09309995 1.276014 0.436228 0.093584 1.269766 0.442569 0.09349596 1.335332 0.43999 0.09288001 1.337733 0.43827 0.09081196 1.339066 0.445041 0.09204399 1.339523 0.445041 0.09041595 1.340628 0.440312 0.08847999 1.339828 0.437948 0.08847999 1.339218 0.434831 0.08847999 1.336475 0.441495 0.08847999 1.340095 0.445041 0.083772 1.340971 0.491147 0.09296798 1.338723 0.457615 0.09349596 1.243288 0.469975 0.09349596 1.241003 0.524463 0.09349596 1.242869 0.597975 0.09305596 1.337618 0.597975 0.09349596 1.244584 0.648164 0.09349596 1.240888 0.742848 0.09270399 1.318188 0.641071 0.09283596 1.238145 0.599264 0.09331995 1.245841 0.597545 0.09041595 1.236393 0.469975 0.09129595 1.236698 0.455896 0.09041595 1.238983 0.433327 0.09279197 1.266452 0.456541 0.09279197 1.240622 0.469975 0.09309995 1.239098 0.610334 0.09296798 1.238183 0.809265 0.09309995 1.307864 0.80948 0.09204399 1.309464 0.755314 0.09125196 1.317846 0.809695 0.08966797 1.310874 0.824312 0.083772 1.306416 0.605605 0.08751195 1.339599 0.587012 0.08957999 1.340971 0.597652 0.09134 1.339752 0.545528 0.09257197 1.339257 0.523066 0.09085595 1.3404 0.825064 0.08962398 1.305997 0.836886 0.083772 1.29754 0.838176 0.08993196 1.29613 0.838928 0.08790796 1.295482 0.845484 0.08812797 1.286224 0.836349 0.09283596 1.295254 0.824097 0.09279197 1.304207 0.822485 0.09349596 1.301692 0.833662 0.09349596 1.293577 0.831297 0.09349596 1.235783 0.836886 0.09349596 1.236469 0.844517 0.09349596 1.27571 0.843012 0.09349596 1.245879 0.845484 0.09349596 1.256775 0.844517 0.09283596 1.243327 0.837423 0.09186798 1.230221 0.846129 0.08997595 1.240812 0.834629 0.093364 1.233116 0.836993 0.083772 1.228392 0.846021 0.083772 1.240736 0.450952 -0.073484 1.341009 0.444396 -0.073484 1.339295 0.443322 -0.073484 1.33979 0.437518 -0.073484 1.335828 0.436336 -0.073484 1.336247 0.430747 -0.073484 1.330685 0.427201 -0.073484 1.323713 0.426986 -0.07374799 1.316017 0.426986 -0.07374799 1.270985 0.855479 -0.07374799 1.237993 0.847956 -0.07374799 1.225802 0.846988 -0.073484 1.224659 0.837638 -0.07374799 1.21582 0.835381 -0.073484 1.214258 0.825171 -0.07374799 1.208696 0.821517 -0.073484 1.207286 0.811307 -0.07374799 1.204848 0.806149 -0.073484 1.204314 0.611624 -0.08285599 1.244927 0.60625 -0.08289998 1.244431 0.607969 -0.08254796 1.245993 0.503506 -0.080392 1.340628 0.503936 -0.082152 1.339409 0.503936 -0.07797199 1.341047 0.503936 -0.08320796 1.334875 0.503399 -0.08342796 1.337047 0.848063 0.08346396 1.262794 0.847418 0.08619195 1.262109 0.833124 0.087996 1.292168 0.833017 0.08878797 1.288015 0.833769 0.088216 1.290415 0.837423 0.08803999 1.291672 0.843657 0.08795195 1.287825 0.84011 0.08883196 1.286986 0.689219 -0.081272 1.233002 0.689434 -0.07849997 1.23224 0.689326 -0.08298796 1.235097 0.681803 0.088216 1.242488 0.678686 0.08817195 1.246565 0.427093 0.08051598 1.301692 0.427201 0.07871198 1.299825 0.429888 0.08011996 1.299178 0.426878 0.07378399 1.296892 0.821517 -0.06644397 1.215287 0.83033 -0.06199985 1.227173 0.84011 -0.06199985 1.240279 0.844302 -0.06186795 1.254603 0.630646 -0.06248384 1.233993 0.628712 -0.06217586 1.233993 0.62753 -0.06063598 1.233993 0.627852 -0.05874395 1.233993 0.629357 -0.05751186 1.233993 0.631291 -0.05781996 1.233993 0.632473 -0.05935984 1.233993 0.632151 -0.06125187 1.233993 0.446546 -0.08285599 1.241879 0.686424 -0.08250397 1.326075 0.520272 0.088216 1.338152 0.602918 0.08817195 1.245574 0.606357 0.08825999 1.244927 0.602703 0.09323197 1.24786 0.51823 0.08812797 1.332475 0.514791 0.088216 1.333009 0.609152 -0.08298796 1.330761 0.84269 -0.08008396 1.304207 0.83925 -0.08281195 1.304016 0.447298 0.09296798 1.255404 0.677612 0.088216 1.326875 0.67471 0.087996 1.326951 0.438593 0.03396385 1.274338 0.4387 0.031192 1.276129 0.706092 0.08350795 1.325465 0.599049 0.08350795 1.340514 0.588624 0.08350795 1.341009 0.433219 0.08350795 1.334532 0.429995 0.083552 1.328475 0.820228 0.08350795 1.308207 0.8299 0.08350795 1.303216 0.838176 0.08350795 1.296206 0.85075 0.083772 1.255289 0.839465 0.08350795 1.230983 0.831082 0.08350795 1.223401 0.821195 0.08350795 1.217953 0.807976 0.08350795 1.214487 0.796369 0.08350795 1.214791 0.602918 -0.08008396 1.34059 0.602918 -0.08228397 1.339257 0.676215 0.09265995 1.244812 0.679546 0.09257197 1.241917 0.835166 -0.07805997 1.228926 0.836671 0.09301197 1.291711 0.840003 0.09252798 1.288929 0.599909 0.08808398 1.241765 0.607647 0.088216 1.241536 0.766706 -0.06199985 1.238564 0.775949 -0.06199985 1.231097 0.749941 -0.061912 1.245612 0.748006 -0.06199985 1.244203 0.756711 -0.06199985 1.230335 0.787126 -0.06199985 1.22683 0.765309 -0.06199985 1.225497 0.798948 -0.06199985 1.226221 0.810448 -0.06199985 1.229307 0.834414 -0.06199985 1.234793 0.820443 -0.06199985 1.235745 0.827858 -0.06199985 1.245003 0.832157 -0.06199985 1.256089 0.832802 -0.06199985 1.267976 0.84269 -0.06199985 1.273919 0.829685 -0.06199985 1.279443 0.823237 -0.06199985 1.289425 0.813994 -0.06199985 1.296892 0.828611 -0.06199985 1.298759 0.802925 -0.06199985 1.301159 0.790995 -0.06199985 1.301806 0.769393 -0.06199985 1.308093 0.758646 -0.06182396 1.299025 0.779496 -0.06199985 1.298721 0.769608 -0.06199985 1.292244 0.748006 -0.06199985 1.283786 0.762085 -0.06199985 1.282986 0.757786 -0.06199985 1.2719 0.757249 -0.06199985 1.260013 0.760258 -0.06199985 1.248546 0.806256 -0.06199985 1.310188 0.758753 -0.06626796 1.305692 0.680191 -0.08289998 1.328932 0.434616 0.003999948 1.192961 0.425696 0.001183927 1.192923 0.603993 0.08812797 1.248127 0.608184 0.08795195 1.245346 0.609797 0.088216 1.243517 0.520379 0.087996 1.334685 0.444611 0.008487999 1.218601 0.440205 -0.08289998 1.333923 0.605927 -0.08250397 1.332742 0.521991 -0.08276796 1.238831 0.445686 0.01090782 1.222906 0.444719 0.012272 1.21803 0.671916 -0.08355998 1.274262 0.764235 -0.08355998 1.25487 0.718451 -0.08311998 1.230297 0.638707 -0.08355998 1.247098 0.797658 -0.083516 1.211515 0.717914 -0.08135998 1.227935 0.634623 -0.08311998 1.239098 0.61517 -0.08325195 1.239555 0.779173 -0.083516 1.317998 0.825279 -0.083516 1.309045 0.817971 -0.08281195 1.20881 0.800775 -0.08281195 1.206753 0.783902 -0.08294397 1.210334 0.772187 -0.08272397 1.213839 0.718021 -0.07849997 1.227211 0.634623 -0.08201998 1.23746 0.615385 -0.08157998 1.236888 0.605175 -0.083516 1.298111 0.598727 -0.083516 1.33598 0.600769 -0.08316397 1.337809 0.609044 -0.077488 1.340666 0.779173 -0.08263599 1.321122 0.808513 -0.08294397 1.317084 0.824957 -0.08281195 1.313083 0.783257 -0.081492 1.208543 0.776486 -0.07907199 1.209724 0.686532 -0.07731199 1.232621 0.669551 -0.07374799 1.234488 0.639889 -0.079732 1.236012 0.796261 -0.07849997 1.204581 0.634623 -0.07374799 1.236012 0.461914 -0.07849997 1.236012 0.461914 -0.07374799 1.236012 0.452242 -0.07849997 1.237536 0.461914 -0.080392 1.236393 0.445578 -0.07849997 1.24005 0.441387 -0.07374799 1.242717 0.433649 -0.07374799 1.250413 0.428705 -0.07374799 1.260166 0.426986 -0.079512 1.270147 0.428813 -0.08285599 1.282224 0.426986 -0.07964396 1.315979 0.428383 -0.080392 1.323179 0.427846 -0.07849997 1.322379 0.42935 -0.07849997 1.326761 0.431822 -0.07849997 1.330685 0.451597 -0.07955598 1.340933 0.451167 -0.07374799 1.237726 0.602488 -0.083516 1.241003 0.566378 -0.08355998 1.279748 0.603778 -0.08355998 1.268966 0.604315 -0.08355998 1.288891 0.592923 -0.083516 1.291139 0.51608 -0.08289998 1.338304 0.449985 -0.083516 1.333809 0.451919 -0.08311998 1.337923 0.451919 -0.08201998 1.339523 0.468793 -0.083516 1.241612 0.436336 -0.083516 1.32817 0.433219 -0.083516 1.323141 0.432467 -0.083516 1.318874 0.461914 -0.08281195 1.23826 0.527473 -0.08311998 1.239098 0.527043 -0.082152 1.237574 0.527473 -0.080392 1.236393 0.808836 -0.07374799 1.319865 0.778851 -0.07801598 1.322798 0.808836 -0.07849997 1.319865 0.779711 -0.07924795 1.322989 0.821947 -0.07849997 1.316931 0.825816 -0.08100795 1.314722 0.808728 -0.08144795 1.318989 0.833984 -0.07849997 1.311102 0.836671 -0.073484 1.309236 0.823344 -0.07374799 1.316436 0.854941 -0.083516 1.252584 0.850213 -0.083516 1.238488 0.856124 -0.08347195 1.269652 0.857843 -0.08276796 1.252318 0.852792 -0.08281195 1.237155 0.854619 -0.07964396 1.236278 0.859993 -0.07964396 1.252394 0.859993 -0.073704 1.252089 0.842904 -0.07783997 1.220239 0.8601 -0.07383596 1.262109 0.859885 -0.07849997 1.272852 0.859993 -0.073484 1.271785 0.855586 -0.073484 1.286148 0.855586 -0.077488 1.286148 0.847633 -0.073484 1.298949 0.859348 -0.08140397 1.269728 0.618072 -0.08281195 1.337771 0.521562 -0.08316397 1.244241 0.749941 -0.08250397 1.222754 0.750586 -0.078148 1.221687 0.445686 0.02855199 1.251975 0.439023 0.06234395 1.223363 0.435369 0.063708 1.220087 0.436873 0.06119996 1.220316 0.753057 -0.07801598 1.218601 0.438055 0.02560395 1.247822 0.437626 0.02956396 1.237002 0.437626 0.03189599 1.236393 0.437411 0.03264397 1.233878 0.437518 0.03039985 1.230716 0.437518 0.02753984 1.232545 0.739193 0.087996 1.236126 0.425696 0.07800799 1.274986 0.42892 0.07541197 1.294835 0.428813 0.081088 1.275443 0.425051 0.07281595 1.293615 0.433434 0.083552 1.258756 0.445471 0.07769995 1.243022 0.679869 0.08825999 1.324017 0.444289 0.09283596 1.258985 0.632796 0.07589596 1.337009 0.753165 0.09265995 1.312969 0.514683 -0.07827997 1.330723 0.510277 -0.07801598 1.328208 0.749511 0.09318798 1.31175 0.825924 0.09248399 1.231821 0.825386 0.09252798 1.229154 0.480829 0.067712 1.232583 0.67514 0.09279197 1.237345 0.678579 0.09257197 1.238336 0.672453 0.09252798 1.240126 0.847203 0.065732 1.282758 0.847848 0.06537997 1.281043 0.846451 0.06687599 1.284243 0.845699 0.06797599 1.285767 0.845161 0.06964796 1.286758 0.844624 0.071276 1.28771 0.67299 0.09248399 1.242755 0.433219 0.09292399 1.325541 0.434939 0.09257197 1.324017 0.517048 0.08878797 1.245612 0.682018 -0.078808 1.242603 0.675462 0.09318798 1.242755 0.682985 -0.07801598 1.233574 0.631184 0.06735998 1.252051 0.645907 -0.055444 1.238031 0.834522 -0.07805997 1.226259 0.833554 0.09248399 1.289768 0.609044 -0.04237598 1.339409 0.621619 -0.05104386 1.339485 0.619577 -0.04721587 1.337809 0.632473 -0.06067997 1.342 0.63387 -0.056104 1.342038 0.632151 -0.05874395 1.342 0.522851 0.08808398 1.33438 0.520594 0.08803999 1.331218 0.598082 0.087996 1.243479 0.600446 0.08803999 1.246793 0.436013 0.08121997 1.337999 0.431607 0.08121997 1.332704 0.430425 0.08121997 1.327675 0.724685 -0.06881999 1.226868 0.761333 -0.06736797 1.217115 0.624198 -0.05685198 1.339828 0.433971 -4e-6 1.238869 0.433971 0.008619964 1.240393 0.433971 -0.008583962 1.240393 0.433971 0.01614385 1.244736 0.433971 -0.01615196 1.244736 0.433971 0.02177596 1.251441 0.433971 -0.0217399 1.251441 0.433971 0.02476799 1.259632 0.433971 -0.02473199 1.259632 0.433971 0.02476799 1.268357 0.433971 -0.02473199 1.268357 0.433971 0.02177596 1.276586 0.433971 -0.0217399 1.276586 0.433971 0.01614385 1.283253 0.433971 -0.01615196 1.283253 0.433971 0.008619964 1.287634 0.433971 -0.008583962 1.287634 0.433971 -4e-6 1.28912 0.433971 0.02349185 1.255442 0.433971 0.02498799 1.264014 0.433971 0.02349185 1.272547 0.433971 0.01913595 1.280053 0.433971 0.012492 1.285653 0.433971 0.004351973 1.288625 0.433971 -0.00435996 1.288625 0.433971 -0.01249986 1.285653 0.433971 -0.01914387 1.280053 0.433971 -0.02349996 1.272547 0.433971 -0.02499598 1.264014 0.433971 -0.02349996 1.255442 0.433971 -0.01914387 1.247936 0.433971 -0.01249986 1.242336 0.433971 -0.00435996 1.239364 0.433971 0.004351973 1.239364 0.433971 0.012492 1.242336 0.433971 0.01913595 1.247936 0.74274 0.08825999 1.234678 0.679546 0.08803999 1.318684 0.675785 0.08812797 1.317236 0.671808 0.08795195 1.320131 0.811093 0.06498396 1.24485 0.803569 0.06498396 1.240507 0.810233 0.06498396 1.214944 0.806579 0.06502795 1.214487 0.794972 0.06498396 1.238983 0.796476 0.06498396 1.214791 0.786481 0.06498396 1.240507 0.780033 0.06498396 1.217687 0.778958 0.06498396 1.24485 0.77337 0.06498396 1.251518 0.77036 0.06498396 1.25967 0.769178 0.06498396 1.305692 0.77036 0.06498396 1.268357 0.77337 0.06498396 1.27651 0.778958 0.06498396 1.283139 0.78057 0.06498396 1.310798 0.786481 0.06498396 1.287482 0.79293 0.06498396 1.312855 0.794972 0.06498396 1.289006 0.801528 0.06502795 1.312207 0.803569 0.06498396 1.287482 0.811093 0.06498396 1.283139 0.816681 0.06498396 1.27651 0.818401 0.06498396 1.308855 0.819583 0.06498396 1.268357 0.828288 0.06498396 1.304245 0.820658 0.06498396 1.217763 0.819583 0.06498396 1.25967 0.816681 0.06498396 1.251518 0.759398 0.06498396 1.297959 0.836886 0.06498396 1.29754 0.830223 0.06498396 1.22283 0.843764 0.06498396 1.289082 0.838498 0.06498396 1.229878 0.748973 0.06493997 1.282377 0.625058 0.07431197 1.337733 0.635805 0.06630396 1.33659 0.438485 0.02670395 1.267138 0.438593 0.02511996 1.272166 0.438485 0.03528398 1.271062 0.4387 0.027628 1.27529 0.729951 0.07453197 1.321732 0.729198 0.07637995 1.322227 0.779066 0.07294797 1.315179 0.783902 0.06740397 1.31316 0.775519 0.06969195 1.313045 0.769931 0.07131999 1.314036 0.763482 0.0722 1.315407 0.729736 0.07215595 1.320055 0.702868 0.07197999 1.325275 0.702545 0.0744 1.32596 0.808943 0.06621599 1.311026 0.769071 0.06837195 1.308169 0.770253 0.07043999 1.312855 0.765847 0.07123196 1.312893 0.726189 0.071276 1.317693 0.702545 0.06942796 1.32116 0.702868 0.070176 1.323522 0.677182 0.06489598 1.327484 0.676752 0.06713998 1.329237 0.676322 0.06889998 1.329656 0.612053 0.05015587 1.338685 0.602488 0.04346787 1.340019 0.594428 0.03484398 1.340819 0.844194 0.07501596 1.288358 0.845161 0.08033996 1.287101 0.846021 0.07501596 1.286644 0.758646 0.06797599 1.29994 0.758001 0.07048398 1.304397 0.75209 0.07101196 1.303292 0.740913 0.07052797 1.284967 0.723825 0.06999999 1.267099 0.677074 0.06410396 1.324817 0.648272 0.05618399 1.329846 0.649884 0.05807596 1.332018 0.588624 0.024504 1.341009 0.586045 0.01552796 1.341009 0.585185 0.006243944 1.341009 0.585185 -0.004271984 1.341009 0.455036 0.06454396 1.341009 0.433757 0.08121997 1.335332 0.434294 0.078184 1.341009 0.434079 0.06441199 1.340895 0.444396 0.06058382 1.339638 0.440097 0.05715197 1.33739 0.433864 0.04927599 1.332475 0.431177 0.04623997 1.330532 0.432789 0.04403996 1.330075 0.431715 0.041664 1.330532 0.433434 0.04236799 1.330685 0.434724 0.04355597 1.331485 0.436013 0.04469984 1.332247 0.434616 0.04601997 1.331332 0.438593 0.04918783 1.334571 0.438593 0.05371987 1.335675 0.44128 0.05363196 1.336856 0.444826 0.05697596 1.338685 0.443859 0.02749598 1.338456 0.4387 0.03823184 1.334875 0.436766 0.033656 1.334952 0.434079 0.033876 1.334151 0.427738 0.07624799 1.312017 0.439238 0.02621996 1.33739 0.443429 0.02076399 1.339142 0.448588 0.01521986 1.340514 0.453209 0.01020383 1.341009 0.434401 -0.013336 1.340857 0.444396 -0.01931995 1.340247 0.437518 -0.03212398 1.336933 0.434509 -0.03168398 1.335904 0.433864 -0.04008787 1.334228 0.428813 -0.03991186 1.331332 0.436658 -0.024248 1.338152 0.426233 -0.05073595 1.325008 0.424836 -0.05830395 1.319522 0.423439 -0.064112 1.312664 0.427416 -0.059228 1.323675 0.429243 -0.05223184 1.328361 0.425159 -0.06609195 1.314188 0.426018 -0.07102 1.316017 0.431607 -0.04615998 1.331294 0.588302 -0.02178382 1.341009 0.597437 -0.03709596 1.341009 0.607002 -0.045412 1.34078 0.72361 -0.07242798 1.328856 0.744782 -0.07115197 1.326646 0.784009 -0.06912797 1.322341 0.850857 -0.06877595 1.294644 0.799271 -0.07062399 1.204162 0.760903 -0.06886398 1.215744 0.757249 -0.06895196 1.324932 0.743707 -0.06763195 1.324094 0.783795 -0.06749999 1.320551 0.77122 -0.06648796 1.31415 0.749081 -0.06595999 1.294111 0.743922 -0.06538796 1.281577 0.745104 -0.06472796 1.24485 0.748544 -0.066356 1.233764 0.756604 -0.06670796 1.223668 0.767351 -0.06683999 1.215477 0.730703 -0.06661999 1.236736 0.725115 -0.06736797 1.228659 0.6947 -0.06617999 1.233955 0.69427 -0.06798398 1.232202 0.69384 -0.07044798 1.231592 0.668369 -0.06270396 1.235288 0.667617 -0.06543195 1.23464 0.65343 -0.06054782 1.235631 0.637094 -0.063672 1.235974 0.634623 -0.06648796 1.236012 0.517693 -0.073484 1.236012 0.621404 -0.05315583 1.236012 0.60711 -0.04677587 1.236012 0.595395 -0.03625982 1.236012 0.557135 -0.03625982 1.236012 0.516618 -0.06824797 1.236012 0.50802 -0.07110798 1.235021 0.505118 -0.073484 1.235517 0.495446 -0.06749999 1.231478 0.490395 -0.06904 1.22984 0.486096 -0.06485998 1.226335 0.46847 -0.06076782 1.215858 0.456218 -0.04994398 1.206905 0.452457 -0.05245184 1.206029 0.468148 -0.06274795 1.217649 0.485128 -0.06996399 1.229345 0.493726 -0.07190001 1.233497 0.456326 -0.07141596 1.232621 0.437948 -0.03942787 1.196695 0.434939 -0.03581982 1.194676 0.432359 -0.03185999 1.192809 0.427523 -0.02213597 1.189456 0.433542 -0.03106784 1.192733 0.435046 -0.02979195 1.193152 0.434616 -0.026932 1.192847 0.434294 -0.023808 1.192695 0.436121 0.02872782 1.195019 0.434724 0.02872782 1.193114 0.435476 0.03022396 1.193609 0.436551 0.02872782 1.196733 0.436873 0.04527199 1.2066 0.436121 0.04681187 1.204695 0.437196 0.05869185 1.22043 0.434294 0.04795593 1.203286 0.431607 0.03066384 1.192276 0.432897 0.029872 1.192199 0.426986 0.02102798 1.189113 0.431822 0.048352 1.202829 0.432252 0.06269598 1.217611 0.434079 0.06621599 1.222678 0.445901 0.06964796 1.228888 0.46084 0.07118797 1.232126 0.450845 0.07268399 1.235821 0.440527 0.07488399 1.242184 0.423009 0.077964 1.26588 0.427846 0.07901996 1.263252 0.456971 0.07514798 1.23704 0.464924 0.07136398 1.232354 0.473844 0.07035195 1.231935 0.469975 0.07171601 1.232773 0.469975 0.07431197 1.234983 0.482012 0.07294797 1.234107 0.496091 0.07484 1.235402 0.469975 0.079328 1.23605 0.462237 0.07849198 1.236736 0.45063 0.08069199 1.240736 0.49781 0.07805198 1.235974 0.677504 0.07444399 1.234297 0.689326 0.07567596 1.233078 0.705232 0.07536798 1.230716 0.745427 0.075764 1.223821 0.761978 0.07352 1.220849 0.772617 0.06898796 1.218982 0.802925 0.07453197 1.214601 0.806794 0.07409197 1.214677 0.710821 0.07316797 1.230411 0.711251 0.07123196 1.231783 0.693088 0.06920796 1.236507 0.707167 0.06969195 1.236126 0.726834 0.07101196 1.230869 0.736507 0.06999999 1.264014 0.744352 0.06867998 1.277805 0.708241 0.06911998 1.2719 0.691476 0.06647998 1.283139 0.677074 0.06317996 1.290453 0.649884 0.05587583 1.303902 0.624305 0.04905599 1.304016 0.623553 0.0496279 1.332323 0.623768 0.05041986 1.334952 0.592064 0.023184 1.339942 0.58755 0.01077598 1.340361 0.58798 -0.004227936 1.340323 0.591741 -0.02041995 1.339714 0.598834 -0.03586387 1.340628 0.63602 -0.06490397 1.338037 0.698139 -0.07062399 1.331523 0.725867 -0.07053595 1.32817 0.723502 -0.06824797 1.326684 0.721138 -0.067456 1.324208 0.716732 -0.06639999 1.288968 0.740053 -0.06617999 1.273805 0.740698 -0.06600397 1.254299 0.721353 -0.06600397 1.268357 0.71469 -0.06661999 1.23285 0.695237 -0.065476 1.236393 0.669336 -0.06059187 1.239479 0.669014 -0.06098783 1.237612 0.636665 -0.05614799 1.236126 0.609152 -0.04365187 1.237269 0.596685 -0.03194797 1.237307 0.59475 -0.03441184 1.236088 0.518767 -0.03256398 1.236698 0.518767 -0.03625982 1.236012 0.501679 -0.03643596 1.233535 0.486096 -0.05086797 1.226335 0.486096 -0.03687596 1.226335 0.466751 -0.0375359 1.213763 0.443214 -0.03771185 1.198485 0.438915 -0.03863584 1.196504 0.437303 -0.03366386 1.194638 0.436551 -0.027812 1.194714 0.435906 -0.023808 1.194409 0.437196 0.05763596 1.221611 0.437303 0.05666798 1.222754 0.438055 0.05869185 1.224316 0.43827 0.05970382 1.223211 0.500067 0.06630396 1.235707 0.507053 0.06256395 1.236698 0.640104 0.06256395 1.236698 0.649561 0.06383997 1.236659 0.692228 0.07180398 1.23384 0.680943 0.06524795 1.243403 0.693195 0.067932 1.240431 0.653753 0.05811995 1.252622 0.649131 0.05657982 1.272509 0.637417 0.05336797 1.280815 0.623553 0.04949599 1.287139 0.613451 0.044568 1.304016 0.613773 0.04575598 1.333885 0.605175 0.03977197 1.335256 0.598297 0.03198397 1.336018 0.603133 0.03629595 1.302416 0.597007 0.02811199 1.304016 0.593246 0.02269995 1.336171 0.590989 0.01460397 1.336133 0.589592 0.01068782 1.338647 0.589699 -0.004271984 1.337999 0.600661 -0.03432399 1.338914 0.622801 -0.05614799 1.339447 0.637632 -0.06001991 1.337999 0.668691 -0.06494796 1.334609 0.69513 -0.06802797 1.33118 0.695237 -0.06622397 1.329427 0.697064 -0.06573998 1.326837 0.703405 -0.06587195 1.302683 0.704372 -0.06600397 1.302911 0.71254 -0.06600397 1.263823 0.70319 -0.065916 1.255937 0.68492 -0.06265997 1.286415 0.669551 -0.05918395 1.294225 0.645585 -0.05451995 1.240698 0.593998 -0.02789998 1.241498 0.592708 -0.03036385 1.238069 0.518767 -0.02939587 1.238755 0.501249 -0.03155183 1.234716 0.485558 -0.03313595 1.226868 0.446653 -0.03392785 1.20199 0.439775 -0.02996796 1.199286 0.437088 -0.02591997 1.198333 0.438055 -0.02178382 1.251518 0.437733 -0.01478797 1.243517 0.437411 0.05327987 1.228659 0.438378 0.05631583 1.229535 0.437626 0.05767995 1.223516 0.43999 0.06014382 1.225383 0.44934 0.06458801 1.227287 0.492974 0.06265199 1.235478 0.507053 0.05939584 1.238755 0.640211 0.05939584 1.238755 0.650421 0.06075996 1.238755 0.650958 0.05864799 1.241917 0.645047 0.05622798 1.253384 0.642791 0.05534785 1.271328 0.636342 0.0549519 1.270376 0.634623 0.05477595 1.272357 0.630646 0.05407196 1.2751 0.625702 0.05288398 1.278072 0.621833 0.05019986 1.283139 0.614095 0.04623997 1.288472 0.613666 0.045448 1.294187 0.602488 0.03722 1.295978 0.595718 0.02872782 1.29632 0.5969 0.028068 1.30253 0.592493 0.01724398 1.304016 0.590022 0.003691971 1.336133 0.590881 -0.008187949 1.336133 0.593031 -0.020024 1.336171 0.601199 -0.03379595 1.336171 0.609582 -0.04127585 1.335942 0.619577 -0.04642397 1.335066 0.592601 -0.01535987 1.301692 0.597007 -0.02609586 1.304016 0.597115 -0.026932 1.336171 0.604208 -0.03542399 1.304016 0.613451 -0.04255199 1.304016 0.622586 -0.04739195 1.334723 0.624305 -0.04708397 1.304016 0.649884 -0.05390387 1.30394 0.669551 -0.06015199 1.32977 0.684168 -0.06305599 1.328208 0.701256 -0.06503599 1.287329 0.622693 -0.04835999 1.240888 0.609797 -0.04259598 1.24085 0.599372 -0.03313595 1.24085 0.598512 -0.03163999 1.247213 0.598727 -0.03075999 1.270338 0.593783 -0.02649194 1.270109 0.587335 -0.02587598 1.251365 0.589699 -0.02710795 1.242031 0.591526 -0.02869182 1.239479 0.518767 -0.02719599 1.241803 0.500282 -0.02794384 1.237993 0.484376 -0.02996796 1.228545 0.443751 -0.03001195 1.203743 0.439775 -0.02798783 1.205076 0.438163 -0.02706396 1.20119 0.439023 -0.023588 1.25567 0.437733 -0.006163895 1.239745 0.437733 -4e-6 1.238983 0.438055 0.05112385 1.253765 0.437948 0.05376386 1.234907 0.439667 0.05600798 1.234983 0.439023 0.05217999 1.270033 0.440527 0.05415987 1.270071 0.442247 0.05706387 1.233764 0.441495 0.05781185 1.230335 0.443751 0.05908799 1.228773 0.444826 0.06291598 1.226411 0.449125 0.06159585 1.228468 0.492544 0.05943983 1.237498 0.507053 0.05719596 1.241803 0.640211 0.05719596 1.241803 0.639889 0.05627197 1.245498 0.637202 0.05543583 1.261385 0.443536 0.05499595 1.270033 0.443644 0.05376386 1.275976 0.620221 0.05143195 1.280434 0.616352 0.05068397 1.281424 0.610011 0.049012 1.283215 0.611301 0.04764795 1.285005 0.598834 0.03897982 1.290339 0.590344 0.03180783 1.290225 0.588409 0.01834398 1.292968 0.591311 0.01755183 1.297349 0.592493 0.01724398 1.302568 0.590989 0.00562793 1.304016 0.591311 -0.006911993 1.302759 0.590451 -0.009991943 1.297006 0.592601 -0.01804399 1.294415 0.595073 -0.02292788 1.292358 0.5969 -0.02697587 1.285653 0.598297 -0.02974796 1.277043 0.595718 -0.02666795 1.279443 0.5969 -0.02921998 1.270223 0.587442 -0.02499598 1.270033 0.518767 -0.02627187 1.245498 0.498885 -0.02644795 1.242603 0.482657 -0.02776795 1.231097 0.480615 -0.02688795 1.234183 0.461269 -0.02754795 1.221573 0.441924 -0.02820783 1.209039 0.443536 -0.02499598 1.270033 0.441495 -0.02495199 1.266452 0.437733 0.008751988 1.240545 0.43827 0.02476799 1.260547 0.4387 0.04139983 1.282034 0.439345 0.04980397 1.278986 0.4387 0.02094 1.277653 0.438915 0.013372 1.285158 0.439775 0.03501999 1.287025 0.440527 0.04351186 1.286339 0.441709 0.03501999 1.288472 0.440635 0.007695913 1.287786 0.438485 0.02441591 1.269423 0.438055 0.02199596 1.252089 0.43784 0.01640784 1.245117 0.441065 0.05209183 1.278453 0.470727 0.05653584 1.240545 0.44848 0.05803185 1.231745 0.492007 0.05723989 1.240507 0.507053 0.05627197 1.245498 0.443751 0.05081588 1.281272 0.443751 0.04641598 1.285424 0.602166 0.04628396 1.285501 0.593031 0.04153198 1.287863 0.584863 0.03501999 1.289006 0.578952 0.02085191 1.289006 0.582284 0.01051199 1.290034 0.58669 0.001051962 1.292892 0.589914 0.001051962 1.298492 0.590989 0.00562793 1.302645 0.589914 -0.004711866 1.29792 0.588194 -0.004755914 1.294606 0.58583 -0.004799962 1.292358 0.587872 -0.01135587 1.292396 0.591634 -0.01997995 1.288091 0.590666 -0.02385199 1.278986 0.592601 -0.02622795 1.270109 0.586905 -0.02433598 1.274148 0.443644 -0.02376395 1.275976 0.43956 -0.02323585 1.273728 0.443751 -0.02081584 1.281272 0.440097 -0.01857197 1.281081 0.439023 -0.02499598 1.26348 0.439023 0.006947994 1.288015 0.443859 -4e-6 1.289006 0.440957 -0.001675963 1.289044 0.443859 -0.005019903 1.289006 0.443859 0.03501999 1.289006 0.442247 0.003867924 1.288396 0.443859 0.041004 1.288091 0.577017 0.00562793 1.289006 0.577017 -0.004535973 1.289006 0.581746 -0.004887998 1.289882 0.582821 -0.009112 1.289653 0.585185 -0.01527196 1.287634 0.582284 -0.01901197 1.283291 0.583681 -0.02077198 1.280967 0.585185 -0.02253198 1.278643 0.443751 -0.01641595 1.285424 0.440097 -0.01219195 1.286377 0.443859 -0.01100397 1.288091 0.577662 -0.00959599 1.288472 0.579382 -0.01434797 1.286682 0.580779 -0.01668 1.285005 0.439023 0.05939584 1.224849 0.449985 0.06181585 1.340476 0.445041 0.05974799 1.339371 0.4502 0.01658385 1.34059 0.748544 0.07008796 1.292663 0.750693 0.06753599 1.28931 0.744352 0.06577599 1.264014 0.740913 0.06881195 1.264014 0.738226 0.07026398 1.254489 0.828288 0.09327596 1.23605 0.802925 -0.06001991 1.301159 0.813994 -0.06001991 1.296892 0.823237 -0.06001991 1.289425 0.829685 -0.06001991 1.279443 0.832802 -0.06001991 1.267976 0.832157 -0.06001991 1.256089 0.827858 -0.06001991 1.245003 0.820443 -0.06001991 1.235745 0.810448 -0.06001991 1.229307 0.798948 -0.06001991 1.226221 0.787126 -0.06001991 1.22683 0.775949 -0.06001991 1.231097 0.766706 -0.06001991 1.238564 0.760258 -0.06001991 1.248546 0.757249 -0.06001991 1.260013 0.757786 -0.06001991 1.2719 0.762085 -0.06001991 1.282986 0.769608 -0.06001991 1.292244 0.779496 -0.06001991 1.298721 0.790995 -0.06001991 1.301806 0.851395 0.08847999 1.262604 0.84989 0.08847999 1.250718 0.839573 -0.07805997 1.223973 0.838928 -0.07801598 1.22824</float_array>
          <technique_common>
            <accessor source="#polygons_001-mesh-positions-array" count="2184" stride="3">
              <param name="X" type="float"/>
              <param name="Y" type="float"/>
              <param name="Z" type="float"/>
            </accessor>
          </technique_common>
        </source>
        <source id="polygons_001-mesh-normals">
          <float_array id="polygons_001-mesh-normals-array" count="19281">-0.5758653 0.8116478 -0.09801542 -0.8118793 0.07515352 -0.5789681 -0.725682 -0.03562891 -0.6871073 -0.7679813 -0.2101368 -0.6050185 0.5714957 -0.02909892 0.820089 0.751994 -0.06563925 0.6558937 0.9048765 -0.02837818 0.4247275 -0.1507371 -0.8421645 -0.5177233 -0.2169485 -0.7563512 -0.6171437 -0.2781627 -0.9256483 -0.2565168 -0.3426037 -0.3445155 -0.874032 -0.5937548 -0.2404125 -0.7678914 -0.6283984 -0.1555778 -0.7621753 0.04201412 -0.6053971 -0.7948139 -0.05156797 -0.09159421 -0.9944603 0.162172 -0.1896012 -0.9683758 -0.7649109 -0.5520887 -0.3318274 -0.8563622 -0.3999394 -0.3266379 -0.7294459 -0.4088886 -0.5483784 -0.03549522 0.04319667 0.9984359 0.002042651 -0.999822 -0.01876157 0.004645705 -0.9999588 -0.00779736 0.006583213 -0.9997581 -0.02098846 0.00123912 -0.999816 -0.0191493 0.02615678 -0.9996065 -0.01013129 -0.01473206 -0.9998802 -0.004773497 0.08165812 -0.9963406 0.02524787 -0.02166509 -0.9996415 0.01573771 -0.2212864 -0.9744418 -0.03867328 -0.03490501 -0.9615728 0.2723223 -0.03511744 -0.9614188 0.2728385 -0.02082645 -0.9966629 0.07892602 -0.103906 -0.9164464 0.3864319 -0.1085854 -0.9310686 0.348311 -0.2737577 0.9599967 -0.05884867 -0.2762825 0.9062561 -0.3199496 -0.07572507 0.9939905 -0.07904863 -0.2673479 0.7298417 -0.6291711 -0.2763128 0.9060813 -0.3204185 -0.3211666 0.9465854 0.02877771 -0.3001406 0.9363546 -0.1820876 0.1639387 0.04038023 -0.9856438 0.1639467 0.04037874 -0.9856425 0.05434268 -0.02743458 -0.9981454 -0.7570018 -0.02610671 0.6528912 -0.9162218 -0.08811086 0.3908632 -0.5143157 -0.04776585 0.8562698 -0.510666 0.8316131 -0.2182661 -0.5106658 0.831613 -0.2182666 -0.274243 0.9598428 -0.05909967 0.3367245 0.6545847 -0.6768571 0.4366205 0.590309 -0.6788947 0.1508459 0.8777391 -0.4547743 0.6187276 0.775458 -0.1258617 0.6937878 0.7106209 -0.1169462 0.855823 0.3985133 -0.3297789 -0.3455788 -0.9029867 0.2553243 -0.5966231 -0.6503161 0.4702445 -0.633723 -0.6736907 0.380179 -0.03604316 -0.8186199 -0.5732037 0.1755119 -0.6669458 -0.7241401 -0.08416104 -0.7778862 -0.622744 0.7040249 0.7050429 -0.08522605 0.5152502 0.8548492 -0.06123846 0.8684663 0.4955198 -0.01505553 0.3824403 -0.002723157 0.9239761 0.1285353 -0.03829646 0.9909653 0.5710426 -0.02927917 0.8203982 -0.9852086 -0.05732703 0.1614853 -0.959872 -0.2777427 0.03879177 -0.9954543 -0.0918399 -0.0252223 -0.3890492 0.7280462 0.5644374 -0.7180507 0.6130067 0.3295848 -0.3495924 0.8829217 0.3134236 0.9937493 -0.03619664 0.1056035 0.9075834 -0.2851407 0.3082002 0.8416132 -0.5102754 0.1769359 0.6162717 0.05306881 -0.7857437 0.4544159 0.06624746 -0.8883228 0.6337409 -0.02031403 -0.7732787 0.2147916 0.09608632 -0.9719218 0.4013467 0.08296221 -0.9121613 0.5035932 -0.002182424 -0.8639382 0.1564831 -0.07462918 -0.9848572 0.4540808 -0.04780328 -0.8896772 0.5584069 0.0149337 -0.8294328 0.6144623 -6.00363e-5 -0.7889463 -0.002975106 0.7812697 0.6241865 0.1610758 0.917308 0.3641436 0.1970312 0.7708429 0.6057888 0.2093465 0.9739097 0.08760201 0.07134562 0.9863583 0.1483486 0.3201016 0.947362 -0.00634849 0.5148091 0.8550986 -0.06146574 0.06780159 0.9962612 -0.0535413 0.2506272 0.4750353 0.8435209 0.2717362 0.6130619 0.7418319 0.3011559 0.1689208 0.9384939 -0.4718822 0.8404753 0.2663241 -0.1017473 0.9330779 0.3449831 0.05250447 0.9581223 0.2815048 0.513877 -0.0435425 0.8567581 0.5138709 -0.0435245 0.8567627 0.6817799 0.07716989 0.7274758 0.9396353 0.2671268 0.2138431 0.9938004 -0.03572779 0.1052824 0.8300871 0.5568304 -0.02992564 -0.2655876 0.8837315 -0.3853335 -0.3001036 0.9362571 -0.1826488 -0.2722475 0.3422714 -0.899295 -0.2925003 0.3778684 -0.8784413 -0.1868234 0.8574944 -0.4793752 0.006269574 0.08806109 -0.9960954 0.03128868 0.09388846 -0.995091 0.0066244 0.01749563 -0.999825 0.2484538 0.7914572 0.5584498 0.2814434 0.9148101 0.2896758 0.2325928 0.6074952 0.7595067 0.07084894 0.9863677 0.1485239 -0.06877827 0.9761574 0.2058797 -0.5700985 -0.7939193 -0.211376 0.2097711 0.8521233 0.4794603 0.07460784 0.9621244 0.2622026 0.5056669 0.8492013 0.1521784 0.7153295 0.6910676 0.1035817 0.8297807 0.5572854 -0.02995419 0.3500483 0.9118135 0.2146214 0.1761784 0.2507156 0.9518944 -0.2444079 0.6977025 -0.6734063 -0.2124696 0.9086452 -0.3594728 -0.08270388 0.9012881 -0.4252527 0.01570099 -0.9993816 0.03146713 0.07398498 -0.9860473 0.1491212 -0.02197331 -0.9960208 -0.08636993 -0.01925629 -0.8575447 -0.5140491 -0.07462388 -0.9657289 -0.2485944 -0.2908726 0.9227352 0.2528893 -0.08298754 0.8828502 -0.4622647 -0.1916378 0.7688397 -0.6100496 0.1989125 -0.4011659 -0.8941475 0.5207668 -0.2193416 -0.8250401 0.19893 -0.4012258 -0.8941168 0.2384117 0.7127534 0.6596533 0.06739419 0.9963099 -0.05314618 0.06734228 0.9963107 -0.0531997 -0.0912978 0.9908881 0.0990231 -0.3052428 -0.008223533 -0.9522391 -0.08042562 -0.05149906 -0.9954294 -0.5248427 -0.04280734 -0.8501222 0.151156 -0.9266085 -0.3443092 0.2555347 -0.6027798 -0.7558827 0.3654131 -0.5639758 -0.7405436 0.5529575 -0.1835848 -0.8127328 0.5356128 -0.5212345 -0.6644046 0.6568837 -0.6468229 -0.3874585 0.151639 -0.7353223 0.6605353 -0.1196392 -0.8447877 0.5215559 0.1787892 -0.9117795 0.3697196 -0.08779841 -0.9959419 0.01978373 0.421388 -0.8998199 -0.1129445 0.3851529 -0.8933922 0.2313171 -0.5252973 -0.04250502 -0.8498566 -0.7662094 -0.03791344 -0.6414716 -0.9115707 0.03197526 -0.4098981 -0.9542481 0.2485302 0.1662629 -0.9722471 0.1410223 -0.1866768 -0.9656177 0.2019428 0.1637121 -0.3717604 -0.8789681 -0.2986793 -0.05669707 -0.9643446 -0.2585052 -0.1567593 -0.7254413 -0.6701951 -0.5839518 -0.5027788 -0.637349 -0.6054725 -0.4488669 -0.6572074 -0.9955033 -0.09129101 -0.02528554 -0.9906914 -0.04901081 -0.1269981 -0.9998276 0.011693 -0.01442652 -0.999907 0.01343625 0.002359747 -0.9944128 0.04603111 0.09499675 -0.3661616 -0.7852141 0.4993643 -0.3468558 -0.5920599 0.7274312 -0.9851952 -0.05681675 0.1617485 -0.9943728 0.04609042 0.09538662 -0.9859037 0.1052973 0.1300243 -0.9656655 0.2014553 0.1640306 -0.964712 -0.01105916 -0.2630752 -0.9588294 -0.1482707 -0.2422025 -0.995454 -0.09176421 -0.02551156 -0.9648779 -0.0101329 -0.2625036 -0.8690172 0.1876465 -0.4578188 -0.9722588 0.1405796 -0.1869501 -0.2670021 -0.04252201 0.9627575 0.02211254 -0.00156182 0.9997543 -0.5316719 0.009953916 0.8468919 -0.145109 -0.9546082 0.2601283 -0.5236456 -0.8203325 0.2298911 -0.9859676 0.105175 0.1296384 -0.998898 -0.04681706 0.00333476 -0.996403 -0.02341097 -0.08144456 0.4416512 0.1865941 -0.8775687 0.1871428 0.4203827 -0.8878379 0.1241794 -0.01525872 -0.9921425 0.9797171 -0.1335827 -0.1493656 0.7566939 -0.5121113 -0.4063944 -0.01051485 -0.9174446 0.3977246 -0.0275523 -0.9633285 0.2669066 0.4630289 -0.6188179 0.6345619 0.1960316 -0.7968513 0.5714892 0.1860691 -0.5594775 0.8076901 -0.662203 0.04168552 -0.7481641 -0.5524832 0.03746247 -0.8326817 -0.8777779 -0.02126318 -0.4785959 0.03238707 0.9790099 -0.2012234 2.93199e-4 0.9839964 -0.1781885 0.0687747 0.9766904 -0.2033372 -0.08258402 -0.3034887 0.9492495 -0.3467729 -0.5916153 0.7278323 -0.2960395 -0.3453492 0.8905586 -0.07781195 0.7307294 -0.6782182 -0.1213604 0.9260221 -0.3574281 -0.2942127 0.7438978 -0.6000459 0.03762716 0.9624 0.2690178 -0.1211634 0.9261958 -0.3570448 0.06679046 0.9952454 -0.07089293 0.6115697 0.703076 -0.3628591 0.5876405 0.7968554 -0.1403571 0.6115597 0.703085 -0.3628585 0.04736894 0.5216782 -0.8518264 0.1189625 0.7130826 -0.6909133 0.03304213 0.8584092 -0.5119001 0.5098931 0.5832257 -0.6323423 0.5993001 0.5674983 -0.5646106 0.3978131 0.5885848 -0.7037846 0.08897179 -0.9613369 0.2606064 0.0434454 -0.9990361 -0.006270468 0.04843509 -0.8563005 0.514202 -0.003362536 0.1006475 0.9949164 0.3343182 0.1865134 0.9238204 -6.49479e-4 0.09979778 0.9950076 0.9982597 0.05897122 -1.31641e-4 0.9982707 0.0587849 0 0.9754013 0.03394907 0.2178072 0.9914818 0.01429212 0.1294592 0.8716607 0.01534789 0.4898697 0.6795399 0.05498605 0.7315751 0.6014243 0.05976504 0.7966913 0.4477735 0.01606512 0.8940027 0.6791647 0.05503326 0.7319198 0.05339008 0.02670323 0.9982167 0.5690146 0.7860481 0.2415593 0.3030748 -0.9407213 0.1522798 0.1424227 -0.9733016 0.1799998 -0.9750456 6.05516e-4 0.2220039 -0.9735434 0.1557785 0.1671715 -0.909219 0.3789602 0.1723656 -0.02267688 -0.9789394 0.2028879 0.1420452 -0.9730684 0.1815519 -0.532103 0.009736537 0.8466237 -0.7369934 0.05797094 0.6734094 -0.8957663 0.0142014 0.4442986 -0.7363107 -0.6293704 0.2484744 -0.9001711 -0.3362268 0.2768458 -0.8549654 -0.3945042 0.3367504 0.3640767 0.8796733 -0.3059791 0.1958979 0.8830636 -0.4264071 0.3042162 0.6070484 -0.7341286 -0.6639983 -0.2662793 0.6987143 -0.743869 -0.4456938 0.498012 0.9921267 -0.0106613 -0.1247844 0.9913002 -0.08349251 -0.1017497 0.9946689 -0.06821346 -0.07733637 0.2041612 0.4019767 -0.892599 0.1050422 0.2067323 -0.9727424 -0.02769738 -0.963335 0.2668679 -0.07254838 -0.9214931 0.3815589 0.08900278 -0.9613317 0.2606145 0.04343008 -0.9990368 -0.006269812 0.04844152 -0.8563228 0.5141643 0.4630316 -0.6188216 0.6345561 0.1960337 -0.796855 0.571483 0.1860719 -0.559482 0.8076863 0.1130794 -0.06926745 -0.9911685 0.07762545 -0.1293216 -0.9885597 0.2912431 -0.3989928 -0.8694723 -0.0136801 -0.5756978 -0.8175482 -0.1849517 0.360188 0.9143618 -0.07782441 0.7307246 -0.6782219 -0.2942177 0.7439105 -0.6000277 -0.9967409 0.06599956 0.04638612 -0.9989302 -0.04615956 0.002805352 -0.9992029 -0.03979814 0.003134429 -0.973949 0.2047961 -0.09737485 -0.9484089 0.1866463 -0.2562888 -0.9091622 0.3792787 0.1719646 1 0 0 0.9259889 0.2163332 -0.3094265 0.992852 0.05166268 -0.107592 0.9257835 0.2165636 -0.3098792 0.7148055 0.4006441 -0.5731819 -0.1451034 -0.9546032 0.2601495 -0.523602 -0.8203536 0.2299156 -0.1567543 -0.7254526 -0.6701841 -0.5840162 -0.5027416 -0.6373194 -0.6052583 -0.4491637 -0.657202 0.5054336 -0.826609 -0.2474966 0.1821357 -0.8959627 -0.4050647 0.2099673 -0.9732852 -0.09289568 0.9451673 -0.2004211 -0.2578572 -0.9688572 -0.2325375 0.08510196 -0.9427725 -0.158793 0.2931979 -0.9560278 -0.2836835 -0.07439631 0.03786814 -0.1263194 -0.9912666 0.1214556 -0.1248881 -0.9847089 0.2113771 0.2056735 -0.9555198 -0.2727591 -0.370124 0.8880376 -0.2728088 -0.3696786 0.8882078 0.9886994 -0.09736496 -0.1139896 0.8721058 -0.3805654 -0.3075734 -0.9484906 0.1861004 -0.2563832 -0.9735666 -0.05195784 -0.222415 -0.9560743 -0.2833924 -0.07490539 0.4410869 0.1868225 -0.8778041 0.1871297 0.4203988 -0.8878329 0.124157 -0.01524192 -0.9921456 0.6353214 -0.4318906 0.6401854 0.7039927 -0.1829383 0.6862418 0.9372193 0.0198366 0.3481761 0.9970086 0.01381522 0.076047 0.99844 -0.02131646 0.05160772 0.9438913 0.009214401 0.330128 0.7887432 0.0593875 0.6118474 0.7807556 0.04444032 0.6232541 -0.3005827 -0.0053429 -0.9537408 -0.0721628 -0.04744493 -0.9962639 -0.5253421 -0.04210275 -0.849849 -0.01609873 -0.9993028 -0.03369051 -0.075589 -0.9829477 -0.1676317 -0.4390032 -0.06489747 -0.8961387 -0.6383791 -0.02518332 -0.7693101 -0.2222608 -0.01551419 -0.9748639 -0.5257579 -0.04181522 -0.8496059 -0.7664799 -0.03742718 -0.641177 -0.9117996 0.03190743 -0.4093942 -0.527162 -0.6719911 0.5201234 -0.6744831 -0.3870303 0.628713 -0.6744737 -0.3870242 0.6287269 -0.3100988 0.007252633 0.9506767 -0.07635927 0.0514726 0.995751 -0.5314823 0.04329782 0.8459622 0.9993751 -0.01146453 -0.03343898 0.9550985 0.1237857 0.2691915 0.8530163 -0.01727181 0.5215985 0.4011455 0.1872264 0.8966764 0.6902207 -0.09624856 0.7171692 0.8863576 0.1139174 0.4487684 0.001608312 0.03115391 -0.9995134 0.2334191 -0.007300853 -0.9723488 -0.2217769 -0.01578545 -0.9749697 0.9965127 0.0243054 0.07982319 0.9872682 -0.007437765 -0.1588906 0.9080767 0.02834254 -0.4178438 -0.5694848 -0.6107512 0.5501548 -0.2478973 -0.8922913 0.3773105 -0.4010283 -0.3230533 0.8572123 -0.04020243 0.9977726 0.05323141 -0.662116 -0.01137387 0.7493152 -0.8500957 -0.01247304 0.5264807 -0.4597123 -0.06770598 0.8854833 0.9499738 0.06009465 0.306494 0.8366913 0.02203404 0.5472316 0.996476 0.0241279 0.0803343 -0.0816431 0.2994971 -0.9505977 -0.2853665 0.3366596 -0.8973441 -0.1037947 0.8296648 0.5485281 0.06050854 0.5673051 0.8212818 0.1006363 0.8819609 0.4604534 0.9607625 -0.05035507 -0.2727636 0.8634702 0.005035638 -0.5043749 0.9901559 0.1173326 0.07631784 0 0.9809466 -0.1942779 -4.57466e-6 0.9987987 -0.04900234 -0.5698705 0.6574767 -0.4929221 0.4999055 -0.2747917 0.8213306 0.2462158 -0.2269898 0.9422597 0.4640983 -0.05800169 0.8838827 -0.370032 0.8671004 0.3334864 -0.04790091 0.9540593 0.2957643 0.4646793 -0.300515 -0.8329249 0.1880385 -0.07730394 -0.9791147 0.1239874 -0.5187593 -0.8458818 -0.9893786 -0.1301843 -0.06466853 -0.9989135 0.0465005 -0.003075003 -0.9994776 0.004876613 0.03195166 0.008217871 -0.999966 6.27216e-4 0.004965066 -0.9999868 -0.001312077 -0.02393394 -0.9995958 -0.01534801 0.06604021 -0.8474317 -0.5267812 -0.1775043 -0.9132725 -0.3666411 -0.1029196 -0.7268373 -0.6790546 0.06619882 -0.847347 -0.5268973 0.123619 -0.5190436 -0.8457613 -0.00183022 -0.4295289 -0.9030513 -0.323907 -0.8278478 -0.4579873 -0.609031 -0.7441385 -0.2744801 -0.5258798 -0.8204243 -0.2243978 -0.08203274 -0.3043762 0.9490131 -0.4273295 -0.554676 0.7139496 -0.2962046 -0.3453303 0.890511 -0.9972766 -0.03198462 -0.06645697 -0.9540144 0.005199968 -0.2997156 -0.8646909 -0.02524733 -0.5016697 0.001556694 0.01722514 -0.9998505 0.003133416 0.04851883 -0.9988175 -0.9705659 -0.06924331 0.2306666 -0.8811904 -0.03229755 0.471657 -0.9973184 -0.03173518 -0.06594711 -0.6698601 -0.1249124 0.7319046 -0.6820423 -0.5570709 0.4738043 -0.6358879 -0.5303923 0.560652 -0.02164942 -0.4516282 0.8919436 -0.001540899 -0.4337776 0.9010188 -0.02167457 -0.452055 0.8917268 -0.008080244 0.9999602 0.00378704 -0.07390761 0.3226276 -0.9436362 0.1391277 0.5831506 -0.8003617 -0.6115916 -0.7799009 0.1330809 -0.3930245 -0.9003874 0.1866402 -0.6818814 -0.5575239 0.4735027 -0.9498115 0.01904672 0.3122428 -0.8503437 -0.01216119 0.5260873 -0.9261313 0.09634453 0.3646898 0.06757783 0.8472066 0.5269481 0.1226396 0.5129224 0.8496294 9.77531e-4 0.4230383 0.9061113 -0.1404429 0.9744479 -0.1752918 0.0617038 0.9780319 -0.1991142 0.445886 -0.03563618 -0.8943801 0.2339193 -0.006995201 -0.972231 0.6309385 0.01620411 -0.7756636 -0.07979291 0.982397 0.1689068 -0.6511914 0.5180085 0.5546324 -0.4672489 0.8328872 0.2966101 -0.9181691 0.1719994 0.3569059 0.9543188 -0.0149362 0.298417 0.9154157 -0.1003978 0.3897876 0.8613491 -0.05925351 0.5045461 0.3947159 -0.03362029 0.918188 0.3947213 -0.03361481 0.9181858 0.2378658 0.07126116 0.9686805 -0.1409979 0.974389 -0.1751731 -0.3372778 0.9303421 -0.1439009 -0.06580835 -0.9924779 0.1032329 -0.3189353 -0.9170298 0.2394509 -0.5020036 -0.8435872 0.190665 0.7860091 0.04841208 -0.6163164 0.9527402 -0.01201891 -0.3035483 0.6313322 0.01599538 -0.7753477 0.1385202 0.9883013 0.06381744 0.06762373 0.8474603 0.5265341 0.01619642 0.997968 -0.06162363 -0.02847367 0.3568311 0.933735 0.06988823 0.6683073 0.7405952 -0.02846014 0.356876 0.9337182 0.01111537 0.7165507 0.6974465 0.01720958 0.7429391 0.6691379 0.02000242 0.6341317 0.7729663 0.01526862 0.448086 0.8938601 0.008948087 0.1915971 0.9814329 0.09035795 0.110001 0.9898158 0.6095074 -0.06032329 0.7904821 0.3951446 -0.03391921 0.9179926 0.5367457 -0.1377403 0.8324252 0.9544475 -0.0145868 0.2980224 0.9544485 -0.0145924 0.2980191 0.9768804 0.07105207 0.2016345 -0.2226707 0.1207801 0.967383 -0.5100149 0.4969771 0.7020674 -0.3451623 0.2494543 0.9047849 -0.5105571 -0.3314968 0.7933734 -0.714429 -0.1664121 0.679631 -0.561841 -0.02022862 0.8269981 0.1087247 0.9777808 -0.1792311 0.6969199 0.487804 0.52569 0.9172332 0.2680581 0.2946662 0.3879914 0.6015537 0.6982806 0.02953517 0.8142833 0.579716 0.01213723 0.6089218 0.7931374 0.02500569 0.6320502 0.7745239 0.02944958 0.8143097 0.5796831 -0.177679 0.8986798 0.4010049 -0.2325299 0.5733201 0.7856424 -0.6353607 0.2884913 0.7163028 -0.2327685 0.5731657 0.7856844 -0.6328918 0.5826317 0.5098905 -0.1961831 0.5373782 0.8202054 0.5228157 0.2176624 0.8241887 0.5233312 0.2178629 0.8238085 0.5233392 0.2178417 0.8238089 0.5271885 -0.5031232 0.6847915 0.5270717 -0.5027959 0.6851217 0.3159943 -0.03203213 0.9482203 -0.09105056 -0.03317683 0.9952936 0.4799167 -0.05552411 0.8755553 0.4709916 0.7856183 -0.4012121 0.1836765 0.9298858 -0.3187088 -0.06842839 -0.7131484 -0.6976654 -0.1854617 -0.7373195 -0.6495875 -0.1855186 -0.7153178 -0.6737235 -0.009474754 -0.7540065 -0.6567988 -0.3025393 -0.647761 -0.6991965 -0.04631137 -0.2285327 -0.9724342 0.0307613 0.9934031 -0.1104715 -0.4930657 -0.4261881 0.7584524 -0.510313 -0.3318956 0.7933638 -0.4090673 -0.6067702 0.6815379 -0.1720794 0.9595101 0.2230002 -0.548623 0.8017221 0.2371807 -0.6329096 0.5829103 0.5095499 -0.52039 -0.2191662 0.8253245 0.1897758 -0.5359237 0.822661 -0.203652 0.9786837 0.02653694 0.04529899 0.9602348 -0.2754946 -0.1735783 0.8216879 -0.5428624 0.01059716 0.9083822 0.4180067 0.02558159 0.7477461 0.6634918 0.01725077 0.7431529 0.6688992 0.1908956 0.1633899 -0.9679167 0.1456409 0.4968902 -0.855505 0.01438307 0.01740127 -0.9997452 0.6305741 0.7506173 -0.1973576 0.3899782 0.9204428 -0.02649831 0.4107311 0.8054515 -0.4272562 0.145617 0.4973734 -0.8552283 0.06268382 0.7634134 -0.6428614 0.01289111 0.8808707 -0.4731814 -0.186672 0.8577676 -0.4789451 -0.1866595 0.8577675 -0.4789502 -0.05741643 0.9845228 -0.1655851 6.95661e-4 -0.986231 -0.1653724 0.03702771 -0.850095 -0.5253262 0.01977008 -0.9980886 0.05855369 0.1764734 -0.03065448 0.983828 0.1327247 -0.07974851 0.9879395 0.5892145 -0.1258864 0.7981096 0.01959538 -0.9980638 0.05903297 0.03940242 -0.9646804 0.2604597 0.01164948 -0.894424 0.4470683 0.2090928 -0.9754367 -0.06930851 0.437673 -0.8984431 -0.03524786 0.06147211 -0.9963908 -0.05853694 -4.97924e-5 0 -1 -4.99809e-5 0 -1 -5.01708e-5 0 -1 -1.98876e-5 0 -1 -1.95112e-5 0 -1 -1.91321e-5 0 -1 -0.1739137 0.8214194 -0.5431613 -0.5153577 0.6010717 -0.6108349 -0.1280841 -0.1598362 -0.9787987 0.04363608 -0.2977607 -0.9536427 0.0815137 -0.2989214 -0.9507899 -0.1756715 0.9818998 -0.0707972 0.4671574 0.8489816 0.2469706 0.1712825 0.9002348 0.4002995 0.1950404 0.9764525 0.09219372 0.06838661 0.9707626 0.2300943 -0.004111468 0.9999742 0.005891561 0.004976451 0.8757707 0.4827018 0.1690417 0.07061964 0.9830757 0.1376051 0.05772197 0.9888039 0.171413 0.4827162 0.8588381 0.1056494 -0.01189875 0.9943323 0.1687072 0.07025837 0.9831591 -0.03566449 -0.4394799 0.8975441 0.04721909 -0.9970099 -0.06116914 -0.1601648 -0.9862411 -0.04093593 -0.0300697 -0.9994357 -0.01497876 -0.2375449 -0.6302271 -0.7391794 -0.2376466 -0.6304536 -0.7389537 -0.130282 0.7275847 0.6735333 -0.4716241 0.6261755 0.6208663 -0.03559273 -0.003757715 0.9993594 0.1323055 -0.0794422 0.9880204 0.05519932 -0.02570569 0.9981445 0 0 1 -0.03563809 -0.003793716 0.9993577 -1.31966e-5 0 1 -0.04332816 -0.004855215 0.9990492 -0.4721327 -0.01847571 0.881334 -0.3062455 -0.7600471 0.5731859 -0.3058404 -0.8128152 0.4957753 -0.4795079 -0.6790895 0.5557965 0 0 -1 0.1047645 0.2062118 -0.972883 0.955016 0.1243407 0.2692284 0.8919925 0.3540633 0.281049 -0.8119285 0.05449777 -0.5812076 -0.8119285 0.05449765 -0.5812076 -0.8117045 0.05452102 -0.5815181 0.2157848 0.1348402 0.9670858 0.2285489 0.4562341 0.8600092 -0.658419 0.05990654 0.7502638 -0.6372462 -0.05706125 0.768545 -0.6354697 0.121976 0.7624304 0.0665431 0.03213846 -0.9972658 0.04989361 -0.201327 -0.9782525 0.1236507 -0.5185918 -0.8460338 0.3481412 0.9299122 0.1185801 0.3884438 0.9208431 0.0340535 0.2112115 0.9715088 0.1075198 0.5123784 -0.7677971 0.3846508 0.3886492 -0.4607083 0.7979347 0.4938116 -0.6499768 0.5776507 -0.5256639 -0.8206554 -0.2240586 -0.3570744 -0.8690285 0.3424724 -0.6783236 -0.7340225 0.0329883 0.4511063 0.3925253 0.8015155 0.2045845 0.6232659 0.7547748 -0.08922344 0.8041927 0.5876337 0.04746842 -0.9969938 -0.06123983 0.5205831 -0.8041617 -0.2869098 0.4626665 -0.7952517 -0.3918094 0.1025882 0.2771498 -0.9553343 0.0309509 0.5031839 -0.8636249 0.03362804 0.04301345 -0.9985084 0.9472126 -0.09490621 -0.3062369 0.8422979 -0.05260384 -0.5364392 0.9973322 -0.02127432 -0.06982743 0.04994636 -0.5261269 0.8489382 0.08604812 -0.7292177 0.67885 0.03124213 -0.8605145 0.5084671 -0.3262547 -0.08394724 0.941547 0.019957 0.1419904 0.9896669 -0.5489835 -0.1615222 0.8200779 0.8007427 -0.3392775 -0.4936618 0.8420519 -0.05296087 -0.5367901 0.6777043 -0.2185328 -0.7021113 -0.05079525 -0.9986783 -0.007843136 -0.5766895 0.01853674 0.8167532 -0.2112089 -0.01862245 0.9772635 -0.3503717 -0.3376039 0.8736494 0.9973611 -0.02156937 -0.06932377 0.9260384 -0.1303789 0.3541954 0.882618 -0.0385282 0.4685094 -0.1582692 0.9515072 -0.2637895 -0.5639569 0.7902054 -0.23985 0.1133089 -0.2435904 0.9632366 0.1400176 -0.4625689 0.8754571 0.1060588 -0.01195365 0.994288 -0.7126715 -0.1965116 0.6734111 -0.8012751 -0.05418747 0.5958371 -0.7414744 0.009491562 0.6709141 -0.09819251 -0.2092147 -0.9729273 0.1122612 -0.9888585 -0.09775686 -0.01604557 -0.9809561 -0.1935656 -0.08399283 -0.7330748 0.674942 -0.3012965 -0.7077956 0.6389412 -0.3185101 -0.7373781 0.5956718 -0.1115537 -0.003504455 -0.9937523 -0.1115564 -0.003505051 -0.993752 -0.111555 -0.003504276 -0.9937521 0.06644523 -0.04338496 -0.9968464 0.2487671 -0.1114947 -0.9621247 -0.1720592 -0.008891165 -0.9850465 -0.1855701 -0.6957105 0.6939384 -0.3981199 -0.5631333 0.7241419 0.1297566 -0.5604274 0.8179758 -0.1244589 0.9717354 -0.2006002 0.1832218 0.9300624 -0.3184551 -0.4189797 0.8572654 -0.2992525 -0.1628123 0.9350255 -0.3149912 -0.420372 -0.0492419 -0.9060148 -0.6131194 -0.00595647 -0.7899679 -0.2155996 -0.007537841 -0.9764528 -0.7211838 -0.6252691 -0.2982153 -0.5752284 -0.7993288 -0.1737411 -0.6358855 -0.6792799 -0.366372 0.9894541 -0.02884173 0.1419464 0.9894533 -0.02883851 0.1419526 0.9204558 0.1144693 0.3737082 -0.3996286 -0.5685362 -0.7190714 -0.3402084 -0.3405445 -0.8765203 -0.5050541 -0.5431516 -0.6707509 -0.5152949 -0.7089858 -0.4814671 -0.6274822 -0.5976399 -0.4990921 -0.5151669 -0.7093635 -0.4810472 -0.6276277 -0.5976696 -0.4988732 -0.6356576 -0.6795137 -0.366334 -0.6172339 -0.7513272 -0.2335159 -0.3413807 -0.9142246 -0.2182952 -0.4866907 -0.8574482 -0.1670777 -0.340967 -0.9144335 -0.2180663 -0.432254 -0.8915285 -0.1354011 -0.1990872 -0.9704977 -0.1360096 -0.128253 -0.9894637 -0.06717789 -0.1444712 -0.9415619 -0.3042849 -0.3374673 -0.8243964 -0.454408 -0.1443905 -0.9415745 -0.3042843 -0.3374811 -0.8241342 -0.4548729 -0.1709597 -0.9180726 -0.3576529 -0.2638023 -0.5341966 -0.8031453 -0.3994597 -0.5684443 -0.7192379 -0.4011541 -0.6194689 -0.6747843 0 -1 0 0.6278631 0.09791165 0.7721408 0.6018086 0.0719335 0.7953944 0.6278635 0.09790968 0.7721406 0.2617515 0.7456272 0.612802 -0.2639445 -0.9419555 -0.207493 -0.02819895 -0.9967731 -0.07515418 -0.1261717 -0.9215382 -0.3672166 0.5641334 -0.6126611 0.553534 0.5638695 -0.248827 0.7874874 0.8102747 -0.2654459 0.5224878 -0.02213698 0.9996262 0.0160439 -0.1571376 -0.1344067 -0.9783878 -0.148068 -0.4010825 -0.9039961 0.09759569 0.7207041 0.6863386 0.05836445 0.6477112 0.7596472 0.1661038 0.8104974 0.5616971 0.06290709 0.8947695 0.4420749 0.1661952 0.8105006 0.5616654 0.1792234 0.8967967 0.4045181 0.2792786 0.7260391 0.6283875 0.1661782 0.8106544 0.5614485 0.3079913 0.8220809 0.4788786 0.1523135 0.9230471 0.3532488 0.1284764 0.8481003 0.5140233 0.04310375 0.7762084 0.6290013 0.1645852 0.8704973 0.4638388 0.3248017 0.8213097 0.4689928 0.1392439 0.9698303 0.2001012 0.4331259 0.8122755 0.3906542 0.5110666 0.7307726 0.452529 0.4577289 0.5252019 0.7173892 0.6957684 0.1504024 0.7023428 0.1515801 0.9836431 0.09731298 0.4776926 0.829236 0.2901338 0.2963602 0.9471201 0.123022 0.1361829 0.9906835 7.59749e-4 0.1445952 0.9871603 0.06787395 0.2566516 0.9591103 0.1193211 0.135913 0.9907206 7.0815e-4 0.1511762 0.9883245 -0.01898425 0.1303861 0.989557 -0.0614531 0.2425295 0.9652602 -0.0972228 0.1364365 0.9906486 6.58526e-4 0.4558526 0.873898 -0.1688216 0.3790431 0.9207572 -0.09237217 0.1556547 0.9724428 -0.1735703 0.1558459 0.9723865 -0.1737139 0.2422347 0.9653327 -0.09723877 0.4328973 0.874086 -0.2203941 0.1560903 0.9723199 -0.1738674 0.5631768 0.7890349 -0.2454712 0.34617 0.8733441 -0.3426899 0.1558359 0.972383 -0.173743 0.5294985 0.7345076 -0.4244173 0.2656069 0.8707753 -0.4137673 0.1104493 0.9635472 -0.2436754 0.1340571 0.846221 -0.5156925 0.03245991 0.9789457 -0.2015236 0.1955429 0.8832923 -0.426096 0.1851193 0.827835 -0.5295472 0.221825 0.5455811 -0.8081677 0.1594593 0.2575966 -0.9530041 0.268274 0.9245533 -0.2706113 0.1955413 0.9534318 -0.2296336 0.3224916 0.9446197 -0.06076836 0.1705324 0.9702683 0.1717505 0.2231181 0.9439041 0.2434408 0.1794313 0.8968036 0.4044106 0.3080494 0.8219807 0.479013 0.2006069 0.9597565 0.1965307 0.4742725 0.7394921 0.4777207 0.308188 0.8218808 0.4790951 0.2715525 0.9177048 0.2899606 0.2005877 0.9597776 0.1964477 0.2235634 0.9437592 0.2435943 0.5785644 0.7271673 0.3694469 0.2234283 0.9487763 0.2233905 0.5785813 0.7271503 0.369454 0.21118 0.9715186 0.1074925 0.6013607 0.737114 0.3082667 0.578763 0.7270892 0.3692893 0.523054 0.8356599 0.1675924 0.8003476 0.04726821 0.59767 0.880952 0.03246372 0.472091 0.6278979 0.09794187 0.7721086 -0.02014309 -0.9965041 -0.08107918 -0.1570003 -0.9488299 -0.2739941 -0.1392315 -0.8036876 -0.5785334 -0.4200333 -0.8248093 -0.3784991 0.02794206 -0.9986771 0.04316592 0.01091146 -0.999751 0.01946914 -0.008622109 -0.9999626 7.089e-4 -0.007830798 -0.9999684 -0.001473486 -0.04102903 -0.9954525 0.08597093 -0.04085457 -0.9954783 0.08575516 0.1630862 -0.9864728 0.01656478 0.1331269 -0.9878267 0.08047193 0.3600706 -0.9067267 0.2195358 0.2703476 -0.9171993 0.2926734 0.0109055 -0.9997515 0.0194447 -0.02734899 -0.9982661 -0.05212378 0.001717329 -0.9998237 -0.01869922 0.08928978 -0.9960044 -0.001632392 -0.1249224 -0.9921293 0.008602678 0.04136288 -0.9919148 0.1199764 -0.1209784 -0.9852059 0.1213821 -0.1252861 -0.9920804 0.008941531 0.08936035 -0.9959982 -0.001608252 0.07908004 0.9965552 -0.0249871 0.0300287 -0.9957046 0.08758282 -0.9998042 -0.001906692 -0.01969736 -0.9998041 -0.001910924 -0.0196985 -0.9982562 -0.005699396 -0.05875682 0.425058 -0.8771015 0.2236489 0.4398223 0.6401098 -0.6299332 0.4469211 0.3553079 -0.820986 0.4468642 0.3553304 -0.8210073 0.01162248 0.9988331 -0.04687726 0.04612612 0.9814897 -0.1858775 -0.1442565 -0.9477879 -0.2844088 -0.01647824 -0.9808809 -0.1939104 -0.95501 0.07414913 -0.2871549 -0.8345906 0.03483784 -0.5497681 -0.9997176 0.01860326 -0.01479101 0.1291075 -0.9836796 0.1253231 -0.04642105 -0.9905156 0.1293213 -0.9385771 -0.2662042 0.2195642 -0.938503 -0.2664814 0.2195443 -0.9836481 -0.1087839 0.1435357 0.8062595 -0.03301411 -0.5906402 0.8944924 -0.02788734 -0.4462125 0.5312793 -0.09912025 -0.8413783 0.6350161 -0.08024311 -0.7683201 0.5310537 -0.09905868 -0.8415281 0.5001043 -0.07940691 -0.8623169 0.4189335 -0.1160014 -0.9005768 0.4200131 -0.1142696 -0.9002953 0.4172846 -0.7149747 0.5609678 -0.7433046 -0.6485552 0.1639344 -0.5583658 -0.6819101 0.4724684 -0.616387 -0.752785 0.2310457 0.1296549 -0.9836031 0.125358 0.3014063 -0.9462227 0.1175463 -0.6315565 0.01500785 0.7751846 -0.8258356 -0.0220974 0.5634779 -0.4343 -0.01460152 0.9006499 -0.9460415 -0.05629122 0.319119 -0.8260917 -0.02180117 0.5631139 -0.9836685 -0.1084108 0.143678 2.23226e-4 0.8765918 0.4812349 0.07824903 0.9644549 0.2523964 0.2967979 0.1031752 -0.9493503 0.5797535 0.05114722 -0.813185 0.02157622 0.06224262 -0.9978278 -0.2405239 0.9706207 -0.006627082 -0.1512303 0.988432 -0.01147085 -0.1512315 0.9884321 -0.01145476 -0.9907136 0.0802266 0.1097745 -0.999051 0.02570098 0.03516447 -0.9907121 0.08023071 0.109785 -0.3236916 0.932547 0.1599379 -0.1801041 0.9810379 0.07160502 4.46369e-5 0 -1 4.47936e-5 0 -1 4.49515e-5 0 -1 -0.9738097 0.134163 0.1835625 -0.3921385 -0.9190264 0.04022389 -0.8901383 0.001420617 0.4556883 -0.7817819 -0.01544153 0.6233609 -0.7253971 0.1365152 0.6746575 0.01160633 0.03744083 0.9992315 -0.01981216 0.1472985 0.9888937 2.37146e-4 0.4380784 0.8989368 -0.1328182 -0.9897332 0.05279654 -0.007674396 -0.9920144 -0.1258913 -0.03036296 0.9993536 -0.0192483 -0.1796337 0.9811422 0.0713557 -0.005555212 -0.09289062 0.9956609 -0.01774382 -0.05738651 0.9981943 -0.0210272 -0.147613 0.9888217 -0.2519449 -0.9401576 0.2294067 -0.1331681 -0.9896628 0.05323404 0.7545716 0.1628924 -0.635679 0.5340985 0.211098 -0.8186432 -0.1423583 -0.05250823 -0.9884215 -0.1464383 -0.08076238 -0.9859175 -0.1407851 -0.03668045 -0.9893605 0.07833713 0.9645844 0.2518736 0.1511482 0.988491 0.006312549 0.8835102 0.006677091 0.4683646 0.9409635 0.01296168 0.3382601 0.5953828 0.004352688 0.8034305 0.4069057 -0.01416605 0.9133604 -0.04352551 -0.06658244 0.9968311 -0.159193 -0.03702068 0.9865531 -0.3218277 -0.09640079 0.9418779 -0.2891001 -0.2075514 0.9345285 -0.3503807 -0.06612575 0.9342702 0.9827273 0.03296822 0.1820998 0.8836472 0.006743252 0.4681047 0.9967077 0.03353559 -0.07381904 0.1343513 0.1081319 0.9850164 0.1490194 0.09407716 0.9843489 0.1301826 0.4225466 0.8969432 -0.1407863 -0.03670221 -0.9893595 -0.1375429 -0.005009889 -0.9904832 0.9516659 -0.0187723 -0.3065609 0.8947159 -0.02772146 -0.4457746 0.9967026 0.03357076 -0.07387191 -0.05720412 -0.009757637 -0.9983148 0.8266102 0.5437931 0.1449304 0.807336 0.5846631 0.07985967 0.9792218 0.1957411 0.05301105 -0.7823867 0.0353676 -0.6217881 -0.6135128 -0.006230413 -0.7896602 -0.9540765 -0.01773697 -0.2990373 0.004592299 0.9898824 0.1418159 0.02958732 0.8144264 0.5795122 -0.009710848 0.9964425 -0.0837143 -0.5545722 -0.8114726 0.1842881 -0.6253268 -0.7627371 0.1649201 -0.2834625 -0.9576544 0.0504685 -0.006023168 0.07139337 -0.9974302 0.005814611 0.8455613 0.5338468 -0.07544642 0.9454425 0.3169329 -0.07834267 0.9593173 0.271243 -0.6227829 -0.04397374 -0.781158 -0.7152827 -0.2666944 -0.6459448 0.06157803 0.400227 -0.914345 0.03987377 0.2197629 -0.9747382 0.005978286 0.7593445 -0.6506614 0.2636672 0.9363435 -0.2318202 0.1276742 0.9907979 -0.04493218 0.03877121 0.9854186 -0.1656714 0.2497486 -0.9526567 0.1734101 0.01655292 0.04599225 -0.9988047 0.03999179 0.219196 -0.974861 0.02759647 -0.185983 -0.9821654 -0.05715078 0.9971614 0.04902094 -0.2816347 0.9286601 0.2413967 0.05333179 0.7101821 0.7019951 0.06271553 0.8947914 0.4420579 -0.09321099 0.8717696 0.4809675 0.2970594 0.08437424 0.951124 -0.05484688 -0.1203671 0.9912133 0.5266333 0.02434617 0.8497439 0.2922461 0.731846 0.6156246 0.0808916 0.9820157 0.1705927 0.5554129 0.4628545 0.6908563 0.2082354 0.9596245 0.1891004 0.1100984 0.9845957 0.1358299 0.006727457 0.9897148 0.1428968 -0.03452384 0.8814261 0.4710586 0.03447067 0.7733955 0.632986 0.04301124 0.7760435 0.6292111 0.9630917 -0.03790628 0.2664912 0.8762763 0.03008872 0.4808684 0.9610247 -0.06658327 0.2683252 -0.07791179 -0.8603085 -0.5037848 -0.2804961 -0.6945977 -0.6624622 -0.1443647 -0.9414902 -0.3045572 -0.8012983 -0.5982536 -0.003705382 -0.8324676 -0.5406 0.1214468 -0.6164821 -0.7528848 0.2304659 -0.7912944 -0.01111286 0.6113343 0.04491621 0.6076627 -0.7929242 0.006209254 0.7593929 -0.6506027 0.01317614 0.8599886 -0.5101431 -0.7278161 -0.00343883 -0.6857638 -0.5403658 -0.03588438 -0.8406648 -0.8791368 -0.05627298 -0.4732356 -0.9802346 0.1977735 0.0050776 -0.9951534 -0.003561675 0.09827023 -0.9298646 0.3199928 0.1815394 -0.3677352 -0.8899643 0.2696936 -0.6488633 -0.7393916 0.1796569 -0.648398 -0.7398423 0.1794813 0.6552436 0.2062965 0.7267033 0.8760278 0.03033882 0.4813054 0.5271008 0.02453309 0.8494486 -0.07574063 0.9883278 0.1321808 0.04808253 0.9842143 0.1703238 -0.1350132 0.06342023 -0.9888122 -0.1331061 0.2045284 -0.9697686 -0.4531995 0.00642538 0.8913859 -0.26635 0.04170459 0.9629738 -0.6439359 0.05233168 0.7632876 -0.4856294 -0.05273789 -0.8725725 -0.4856193 -0.05272293 -0.8725791 -0.6217735 0.06624907 -0.7803902 -0.1469902 -0.147643 -0.978057 0.1361569 0.05499649 0.9891596 0.1476508 0.05157959 0.9876937 0.130261 0.4140371 0.9008915 -0.9574396 -0.1373 0.2538861 -0.8313387 -0.5074814 0.2265803 0.01863908 -0.4148185 0.9097133 0.01863974 -0.4148185 0.9097133 -0.001524269 -0.4337692 0.9010227 0.9059905 0.02252566 -0.4226983 0.766546 -0.05793792 -0.6395706 0.5468982 -0.07421773 -0.833903 0.1583045 0.9807381 0.1144232 0.08268392 0.9964614 -0.01510161 0.3744091 0.9179782 -0.1308965 0.3363143 -0.9411363 0.03398793 0.05349552 0.9985638 -0.002921342 -0.3643001 0.9035027 -0.2257617 -0.01723021 -0.9987131 0.04769968 -0.3574578 -0.9264129 0.1182505 -0.05530285 -0.9894151 0.134162 -0.04540956 -0.9428908 0.3299925 -0.3668572 -0.8910568 0.2672709 0.1361405 -0.9514162 0.2761757 0.01661491 0.9969898 0.07573282 0.1577616 0.9808327 0.1143614 0.01074999 0.9996062 0.02592158 0.189751 -0.5359151 0.8226721 0.1877536 0.04929029 0.9809787 -0.07952916 -0.03128939 0.9963414 0.4697527 0.06793975 0.88018 -0.07615554 0.9883155 0.1320335 -0.198729 0.9757642 0.0916028 -0.6137105 -0.0782094 0.7856479 -0.8134593 -0.1624222 0.5584828 -0.5364499 -0.06868201 0.8411328 0.2247409 0.3545354 -0.9076322 0.1003755 0.5286916 -0.8428583 0.1468393 0.4031664 -0.9032691 -0.03304809 0.0848723 0.9958437 -0.2659164 0.04140704 0.9631064 0.2136187 0.03575003 0.9762629 -0.01371628 0.9993757 0.03256338 -0.06325137 0.9906568 0.1208236 -0.1622667 0.9350897 -0.3150823 0.1051943 0.9454152 -0.3084223 -0.1961639 0.5373853 0.8202053 0.3135636 -0.9255397 0.2122601 0.1366277 -0.9513944 0.2760102 0.2680147 0.1331422 0.9541704 0.2160071 0.4752356 0.8529315 -0.4266866 -0.5486901 0.7189421 -0.6266742 -0.4703238 0.6213493 -0.7642984 -0.2965386 0.5726369 0.5227555 0.2176735 0.8242239 -0.01907575 0.04062318 0.9989925 -0.3932715 0.09742647 0.9142459 -0.3932719 0.09742647 0.9142459 0.9345811 0.01186275 -0.3555525 0.8484106 0.1860976 -0.4955476 0.8411124 0.07810056 -0.5351919 0.2931398 0.03656506 -0.9553702 0.0353347 0.1039183 -0.993958 0.496625 0.04693675 -0.8666953 -0.0273711 -0.3336593 -0.9422964 0.07844603 -0.6344199 -0.7689979 -0.02739673 -0.3336659 -0.9422933 -0.4785113 -7.91177e-4 -0.878081 -0.2603732 -0.1514232 -0.9535601 -0.4785039 -7.87914e-4 -0.8780851 -0.2428601 0.09865397 -0.9650318 0.05323058 -0.1559029 -0.9863371 -0.512849 -0.1805402 -0.8392802 -0.2315863 -0.1144232 0.9660617 -0.2259789 -0.4438611 0.8671337 0.9522796 0.3048047 0.01606029 0.952284 0.3047895 0.01608139 0.8000788 0.5861225 0.1278065 0.973625 -0.05770009 -0.2207382 0.9392356 0.2350274 -0.2501973 0.987889 0.1336281 0.07885992 0.4970351 0.04669725 -0.8664731 0.7120286 0.08813077 -0.6965977 0.8842997 0.02246046 -0.4663792 0.7151488 0.1958784 -0.670965 0.5475391 0.1960088 -0.8134996 0.5145075 0.7994131 -0.3101947 0.3745167 0.9178586 -0.1314266 0.1606248 -0.9533858 -0.255451 0.4205826 -0.8402289 -0.3422363 -0.6744888 0.1576711 -0.7212522 -0.8882035 0.03467774 -0.4581398 -0.4789341 -5.05686e-4 -0.8778507 -0.5755556 0.5491113 0.6059806 -0.5227606 0.2349683 0.819458 -0.7976571 0.233164 0.5562174 -0.1386861 0.9767777 0.163314 -0.9600902 -0.2796725 0.003188252 -0.9857352 -0.1678224 -0.01272517 -0.8861102 -0.4634227 -0.006942451 -0.236613 -0.03512531 0.9709689 -0.3286147 -0.385426 0.8622409 -0.4754957 -0.1587013 0.8652848 0.7878538 0.03642332 -0.6147844 0.9563636 -0.03017193 -0.2906176 0.6284537 0.005306005 -0.7778289 0.2569944 -0.8908236 0.3746831 0.09412258 -0.7943527 0.6001206 0.3734289 -0.7626596 0.5281111 0.003413677 -0.4545264 0.8907267 0.1297138 -0.8284392 0.5448513 -0.4424253 -0.539526 0.71636 -0.9986807 0.04767054 -0.01908862 -0.9353696 0.01339238 0.3534183 -0.866633 0.05265951 0.4961596 0.5051086 -0.06151098 0.8608611 0.7281587 -0.1038699 0.6774924 0.8102916 -0.2651779 0.5225976 0.5700322 0.02245104 -0.8213157 0.752328 0.06050246 -0.6560046 0.907866 0.02807056 -0.41832 0.9930088 -0.1081203 0.04736715 0.9031997 -0.2079831 0.3754642 0.8814234 -0.06332129 0.4680634 0.2981275 -0.1138789 -0.9477087 0.1989349 0.1934396 -0.9607321 0.5652236 0.1834337 -0.8042851 -0.5319472 0.04301178 0.8456845 -0.7546434 0.0258665 0.6556252 -0.8990784 -0.04926717 0.4350068 -0.5401136 -0.765879 0.3488649 -0.5881965 -0.7449948 0.3146549 -0.3954584 -0.7049766 0.5887451 0.7670437 -0.003166556 -0.6415871 0.8959882 -0.01911985 -0.4436661 0.5750955 -0.06858021 -0.8152067 -0.6618368 0.5279863 -0.5321679 -0.7439183 0.2861403 -0.6039117 -0.7443157 0.21223 -0.6332083 -0.3511169 0.8804169 -0.3187211 -0.6739402 0.7067005 -0.2153581 -0.5027067 0.6922922 -0.5177041 -0.2049807 -0.02844339 -0.9783527 0.03872674 -0.07667237 -0.996304 -0.4852249 -0.05305403 -0.8727784 0.04920488 0.9983733 -0.02880203 0.2433318 0.959434 -0.1423943 -1 -1.19088e-6 0 -0.400735 0.6276996 -0.6673866 -0.4296028 0.6414021 -0.6356452 -0.2114812 0.8913773 -0.4009019 0.1666011 -0.9431905 0.2874643 0.08543473 0.973883 -0.2103636 0.0824266 0.9964765 -0.01550924 0.08740794 0.9952555 0.04273712 -0.7876786 0.2021744 0.5819691 -0.6799948 0.06893604 0.7299692 -0.6272196 0.4884706 0.6066235 0.4531751 0.8850492 0.1063973 0.936626 0.2498373 0.2455875 0.9018724 0.3738143 0.2165388 -0.1405859 0.7216143 0.6778706 -0.2002514 0.7512628 0.6288909 -0.05828148 0.7588961 0.6485986 -0.9599508 -0.2801498 0.003261327 0.2654252 -0.1449128 0.9531788 0.02314645 -0.03904682 0.9989693 0.5223774 -0.04194861 0.8516821 0.4157053 -0.9019874 0.1166527 0.181827 -0.9810742 -0.0665757 -0.5204473 -0.2191535 0.8252917 0.014651 -0.999427 0.0305128 0.08042532 -0.9822949 0.1691999 0.4379674 -0.05216151 0.8974764 0.6253136 -0.01107448 0.780295 0.2258631 -0.01169598 0.9740889 0.9885033 -0.01583856 -0.150368 0.9347175 0.01150673 -0.3552054 0.9670556 -0.1634457 -0.195164 0.145378 0.9349119 -0.3237361 0.2672733 -0.001319289 -0.96362 -0.07747173 -0.07823967 -0.9939199 0.5708832 -0.03824627 -0.82014 0.6134552 -0.008681714 -0.7896817 0.7286148 0.03703433 -0.6839217 0.8297055 0.0461713 -0.5562887 0.6509771 0.01924365 -0.7588534 0.6033897 -0.0453456 -0.7961562 0.9694577 -0.1128627 0.217747 0.9578755 0.009353995 0.2870317 0.9166229 -0.02885234 0.3987103 -0.3796232 -0.02924782 0.9246788 -0.5251875 -0.01672786 0.8508222 -0.1142405 -0.01383626 0.9933568 -0.03315162 -0.9843632 0.1730031 -0.910577 0.3093226 0.27417 -0.7991361 0.549376 0.2440649 -0.8861865 0.1918662 0.4217357 0.01986265 0.9928451 0.1177462 0.1999117 0.9760252 0.08608156 0.08448845 -0.5563069 0.8266707 0.1106343 -0.2322834 0.9663356 0.01731228 -0.03953486 0.9990682 -0.9790664 0.01461601 -0.2030156 -0.9790668 0.01461476 -0.2030143 -0.9858693 0.04806911 -0.1604717 0.09729027 -0.9920278 -0.08009713 0.8099128 0.4683455 -0.3531202 0.8509172 0.2950515 -0.4346084 0.7179347 0.2592747 -0.6460236 0.970309 0.0319398 -0.2397505 0.8849615 0.02666538 -0.4649002 0.9878286 0.1555379 0.001619577 0.9882282 -0.09373492 -0.1209091 0.8845958 -0.3921543 -0.2523994 0.4801934 -0.03737372 0.8763661 0.299719 0.008918225 0.9539859 0.6522834 0.01530927 0.7578207 0.6274403 -0.03066462 0.7780607 0.798222 -0.02957403 0.601637 0.903243 -0.03296571 0.4278616 0.7460014 -0.01028162 0.6658651 0.957781 0.009853422 0.2873299 0.9878516 0.1553853 0.002162277 0.8893992 -0.03701663 0.4556301 0.4800218 -0.03723645 0.876466 0.5990617 -0.07758414 0.7969354 0.2386937 -0.04673439 0.9699697 -0.6369409 -0.2048874 -0.7431874 -0.4554585 -0.03531539 -0.8895564 -0.531466 -0.09425354 -0.8418197 -0.03822565 -0.9945446 -0.09705656 -0.09173476 -0.9957274 -0.01056498 0.01154512 -0.9969598 0.07705932 -0.03820896 -0.9945493 -0.09701472 0.01155859 -0.9969536 0.07713568 0.03155678 -0.9994994 -0.002293467 0.0231862 -0.9876964 0.1546551 0.04045993 -0.9465328 0.3200604 0.05840277 0.9886304 0.1385612 -0.06883019 0.9752007 0.2103477 -0.1273229 0.7689145 0.6265456 -0.3040294 0.9311488 0.2013163 -0.4348064 0.3667016 0.82248 0.02851223 -0.9995884 0.00316447 -0.96609 0.0168966 0.2576521 -0.9979342 0.06379675 0.007567822 -0.8993266 -0.04921489 0.4344993 -0.09493762 -0.987959 -0.1221634 -0.09532028 -0.9878702 -0.1225837 0.583966 0.5749334 -0.5730928 0.695916 0.1998791 -0.6897459 0.681316 0.2981462 -0.6685188 -0.2990908 0.8358414 -0.4603412 -0.6296541 0.3893034 -0.6722937 -0.466567 0.6701545 -0.577242 0.01758706 -0.999305 0.03286737 0.0698229 -0.9892267 0.1286677 0.02209526 0.9980188 -0.05891036 -0.04063767 0.9991732 0.001260519 -0.07646763 0.9846509 -0.156893 0.4830385 -0.8431951 0.2360001 0.5515431 -0.8234156 0.1333683 0.3277182 -0.846417 0.4197371 0.3072429 -0.7385032 0.600179 0.6036968 -0.5084718 0.6140088 0.327563 -0.8462139 0.4202674 0.1136133 -0.5884891 0.8004829 0.002028286 -0.5732121 0.8194045 0.02085041 -0.09416961 0.9953378 0.2866123 -0.2047312 0.9359159 0.2475904 -0.1517465 0.9569075 0.02059108 -0.09366238 0.9953911 0.1315945 0.392652 0.9102237 0.0646333 0.4637332 0.8836143 0.09342825 0.4586576 0.8836881 0.0645051 0.4641951 0.883381 0.03925853 0.6839458 0.7284758 0.09347605 0.4586779 0.8836724 0.03926533 0.6839411 0.7284798 0.172958 0.6234009 0.7625332 0.3070732 -0.738295 0.6005221 0.1133798 -0.5886039 0.8004316 0.2344635 -0.2629827 0.9358776 0.6507325 -0.4587698 0.6050435 0.351498 -0.2466537 0.9031119 0.6432206 -0.1038806 0.7586015 0.6334697 -0.4934139 0.596036 0.71218 -0.6513704 0.2617563 0.4373396 -0.03452211 0.8986337 0.5743649 -0.05111479 0.8170021 0.8646745 -0.02550613 0.5016846 -0.8929179 -0.05648434 -0.4466624 -0.8348745 0.06711256 -0.5463337 -0.8870051 0.1503731 -0.436589 -0.689626 0.002476751 -0.7241615 -0.8689044 0.1488751 -0.4720606 -0.5528654 -0.02360653 -0.8329361 -0.5926632 -0.0254504 -0.8050482 -0.3000673 0.001224339 -0.9539173 -0.1220247 0.01944988 -0.9923365 -0.5023739 -0.005143105 -0.8646352 -0.1219295 0.01987636 -0.9923398 -0.3347955 -0.1275217 -0.9336221 -0.2056863 -0.2668649 -0.9415287 -0.6896778 0.001968026 -0.7241137 -0.335145 -0.1273358 -0.9335221 -0.8346911 0.06719541 -0.5466037 0.9889439 0.1465786 0.02246731 0.8205993 0.566578 0.07487535 0.8373112 0.5437841 -0.05664575 0.05883187 0.9886358 0.1383409 0.1849778 0.9806834 0.0635882 0.595188 0.797805 0.09622168 0.8317644 0.5442963 -0.1091313 0.5586336 0.8275003 -0.05631905 -0.3157028 0.006110012 -0.9488385 -0.3160209 0.006123423 -0.9487325 -0.01374733 -0.9992505 -0.03618651 -0.06144332 -0.9872925 -0.146555 -0.2346142 -0.03895884 -0.9713076 -0.3289285 -0.1749676 -0.9280046 0.07294738 0.856521 0.5109313 0.04468393 0.8618667 0.5051628 -0.9002423 -0.1416016 -0.4117194 -0.8363847 -0.500922 -0.222571 -0.4594638 0.002679407 0.8881924 -0.6796598 0.04424375 0.7321919 -0.8309444 0.008280277 0.556294 0.01648139 0.997011 0.07548272 -0.06258684 0.996985 -0.04586982 0.127529 0.9908255 -0.04473376 -0.4590166 0.002995729 0.8884227 -0.2899985 0.1055843 0.951185 -0.4590145 0.002981543 0.8884238 0.3932469 -0.1270505 -0.9106125 0.2323046 -0.4594144 -0.8573057 0.3797339 -0.6858943 -0.6207666 0.2136779 -0.8976638 -0.385411 0.4451394 -0.7211229 -0.5308793 -0.04270833 0.9921455 -0.1175731 -0.2417882 0.9649437 -0.1020891 -0.2085025 -0.3777669 -0.9021191 0.07429009 -0.9888898 -0.1287556 -0.05308961 -0.9812235 -0.1854241 0.02382332 -0.9965909 0.07898932 -0.04936945 -0.9986308 -0.01730465 0.6710805 0.03315633 0.7406427 0.8258388 0.07795417 0.5584921 0.4701828 0.0681988 0.8799303 0.0623213 -0.9968937 0.04815793 0.942615 -0.1099441 -0.3152607 0.8313606 -0.08728343 -0.5488362 0.9960321 -0.05151253 -0.07257175 -0.6098563 -0.4704271 -0.6377882 -0.6325863 -0.1039674 -0.7674799 0.03057938 -0.9576135 0.2864288 0.06464326 -0.8662089 0.4954831 0.6891433 -0.1966022 -0.6974448 0.8804559 -0.04504227 -0.4719838 0.5296815 -0.03729063 -0.8473765 0.2753732 -0.01446217 -0.9612287 -0.0686143 0.06076538 -0.995791 0.5292918 -0.03697979 -0.8476337 -0.7913489 0.01621162 0.61115 -0.9756596 -0.04689961 0.2142165 -0.6457938 0.00265479 0.7635073 0.4686929 -0.8286213 -0.3061268 0.3852728 -0.785853 -0.4837356 0.3181256 -0.820653 -0.474684 -0.232836 -0.0626083 0.9704986 0.05259197 -0.04701608 0.9975088 -0.4473097 -0.02025729 0.8941498 0.7450706 -0.6078432 -0.2745842 0.6033575 -0.5116089 -0.6117321 0.4690235 -0.8283383 -0.3063865 0.3288292 -0.002099514 0.9443871 0.05306768 -0.04730999 0.9974697 0.5324659 -0.02423495 0.8461045 -0.9790552 0.01457238 -0.2030733 -0.9693183 -0.01917093 -0.2450607 -0.8937335 -0.02334547 -0.4479906 -0.003084003 0.9997317 -0.0229606 -0.005687296 0.9999839 9.31351e-5 -0.1298225 0.9891452 -0.06883275 0.1610898 0.8643193 -0.4764476 -0.2306195 -0.009941458 -0.9729932 -0.4618448 -0.2515294 -0.8505484 -0.08391761 -0.1158429 -0.9897163 0.01190739 0.9995035 -0.02917242 0.05756455 0.988668 -0.1386432 0.95827 0.2708746 -0.09135359 0.9448798 0.1741297 -0.2772745 0.9809178 0.1171435 -0.1551696 0.4475657 0.05894505 -0.8923063 0.6344233 0.01627516 -0.7728144 0.2512683 0.01169753 -0.9678468 -0.8027685 0.1666219 0.5725382 -0.8288434 0.5228381 0.199146 0.5399573 -0.4907698 -0.6838065 0.1778581 -0.3604907 -0.9156489 0.3182929 -0.820329 -0.4751315 0.2008671 -0.9771685 -0.06924098 0.07479262 -0.9888792 -0.128546 0.2363033 0.9709861 0.03670173 0.9128337 -0.4081138 0.01333636 0.952035 -0.2775133 -0.1289029 0.7453886 -0.607581 -0.2743011 0.8444229 -0.5353919 0.01748162 0.7451045 -0.6079782 -0.2741932 0.6131808 -0.7809634 -0.1187667 0.6455198 -0.7517321 -0.1349189 0.6131889 -0.780951 -0.1188073 0.6454497 -0.7517926 -0.1349178 0.4690843 -0.8284716 -0.3059328 -0.8502933 -0.3819951 -0.3620516 -0.3859138 -0.9020086 -0.1935226 -0.772574 -0.3121235 -0.5529091 0.1511796 0.7618156 -0.6299062 0.04906129 0.8886967 -0.4558632 0.1271409 0.9479913 -0.2918012 0.08882498 0.9724496 0.2155274 0.2345727 0.9720744 0.006855607 0.09027057 0.3339491 -0.9382587 0.238461 0.6593756 -0.7129938 0.1751397 0.5865973 -0.7907148 0.372511 0.6981275 -0.6114357 0.4421299 0.7792593 -0.4441579 0.2192103 0.9011257 -0.3740578 -0.008858263 0.9896497 -0.1432312 0.04727631 0.9297566 -0.3651269 -0.06831574 0.9370356 -0.342487 -0.9653563 -0.2609031 0.004118621 -0.9936568 0.1120432 -0.009617209 -0.8875074 -0.4607851 0.002777874 0.8296095 -0.5574347 0.03185147 -0.4119671 -0.9111968 0.001883924 -0.1788465 -0.9838706 0.003525316 -0.1785559 -0.9839234 0.003526508 0.1760361 0.7387192 -0.6506191 0.1538285 0.684417 -0.7126783 0.01878076 0.4668745 -0.8841242 -0.7848366 0.529049 0.3227054 -0.1898002 -0.536138 -0.8225156 -0.5229011 0.2177162 -0.8241203 -0.04752987 0.5586093 0.8280681 -0.08015042 0.5354444 0.8407588 -0.1510601 0.6642446 0.7320929 0.1962882 0.5377002 -0.8199692 0.5208371 -0.2193343 -0.8249977 0.3725212 0.6981073 -0.6114525 0.6719582 0.3290417 -0.6634787 0.6116517 0.5741834 -0.5442386 0.7335896 -0.3440645 0.5860597 0.7331562 -0.1175039 0.669832 0.8984522 -0.08665603 0.4304351 0.7069464 0.5003046 0.4999221 0.9008385 0.1371979 0.4119063 -0.06766456 0.7211505 -0.6894661 -0.01289844 0.9801655 -0.1977611 -0.03660935 0.9275711 -0.3718488 0.1052408 -0.9943587 0.0132367 0.4078294 -0.9105262 0.06795066 0.001571714 -0.9999733 0.007141411 0.05754405 -0.9982388 -0.01442921 -0.02754396 -0.9634845 0.2663437 0.2735065 -0.7083 -0.6507729 0.4662678 -0.4602222 -0.7555065 0.3535159 -0.3357821 -0.8730847 0.1007024 0.9718526 -0.2129826 0.8517656 0.1606464 0.4986863 -0.4351171 0.8938 0.108604 -0.460298 0.8677928 -0.187247 -0.1682212 0.9721669 -0.1630746 0.1133447 -0.9929051 -0.0359506 0.05761545 -0.998234 -0.01447325 -0.6701055 -0.01876348 -0.7420287 -0.8031023 0.0136469 -0.595685 -0.5057475 0.02669441 -0.8622686 -0.7438832 -0.3811143 0.5489898 -0.3641752 0.396636 -0.8426485 -0.3641753 0.396636 -0.8426484 -0.5689335 0.09863829 -0.8164467 -0.09127056 0.9957751 0.01008611 -0.3593504 0.932362 0.03960663 0.9581741 0.1583773 0.2383676 0.8740491 -0.0138871 0.4856392 0.9720103 -0.2085314 0.1082156 0.2937141 -0.03157001 0.9553719 0.05030024 -0.07870101 0.9956285 0.4707266 -0.04555797 0.8811022 -0.8907909 -0.4368703 -0.1250439 -0.7721111 -0.622018 0.130147 -0.5930399 -0.8048642 0.02230256 -0.5653645 -0.7368272 0.3707408 -0.07132136 -0.02927595 -0.9970237 -0.5944784 0.08079582 -0.8000422 -0.2150905 -0.3311062 -0.9187518 -0.1265871 -0.9741578 -0.1870626 0.03609931 -0.8614735 -0.5065178 -0.3728666 -0.9225882 0.099002 -0.9647497 -0.1917893 0.180208 -0.996038 -0.07354277 0.05000072 -0.846746 -0.07267934 0.5270096 -0.3070647 0.05919522 -0.949846 -0.1080254 0.0180689 -0.9939839 -0.5053517 0.02642816 -0.8625088 -0.932407 0.2706675 0.2394919 -0.1170475 -0.9897755 -0.08151406 0.06249147 -0.9964987 -0.05554652 -0.9711825 0.01858276 -0.2376114 -0.8033873 0.01336485 -0.5953069 -0.9911888 -0.03292924 -0.1282981 0.7916864 0.009543359 -0.6108533 0.6969899 0.01284766 -0.7169659 0.9778532 0.009469211 -0.2090781 0.9999362 0.006343841 -0.009343862 0.8873502 0.03689497 0.4596179 0.8405836 0.004268407 0.5416651 0.7330921 -0.1169742 0.6699948 0.7165266 -0.002270936 0.697556 0.003072202 -0.9986591 -0.05167859 0.01138842 -0.9997352 0.01999664 0.1410013 -0.9899556 -0.01033324 0.02133053 -0.9982271 -0.05556666 0.06348007 -0.9841638 -0.1655049 0.7858381 -0.00591135 -0.6184042 0.6387596 -0.04445457 -0.7681211 0.4377583 -0.02252727 -0.8988105 -0.05820298 -0.01516145 -0.9981897 0.1745278 0.01456886 -0.9845445 0.4372814 -0.02280694 -0.8990356 -0.004598081 -0.9780551 0.2082956 -0.307414 -0.05611389 -0.94992 -0.5655414 -0.01980525 -0.8244821 -0.05875474 -0.01501214 -0.9981595 0.6052529 -0.7938989 0.05825537 0.5416923 -0.7395099 -0.3996183 0.6616889 -0.7494076 0.02358078 -0.8869753 0.1509231 -0.4364598 -0.7676831 0.2603825 -0.5855456 -0.6428453 0.5981362 -0.4785218 -8.50305e-6 -0.01406401 -0.9999012 0.001563012 0.01719892 -0.9998509 -0.6641008 0.6633512 0.3448703 0.8482872 -0.0154761 0.5293104 0.9428453 0.02148163 0.3325377 0.7152948 0.02546536 0.6983587 -0.3766006 0.7472485 -0.5475323 -0.4589535 0.8168421 -0.3494724 -0.6423941 0.5984596 -0.4787232 0.8401734 -0.540684 0.04206585 0.8401679 -0.5407184 0.04173213 -0.007208466 0.9996689 -0.0247035 -0.0477035 0.98976 -0.1345345 0.09006297 0.3338232 -0.9383234 0.1013259 0.637 -0.7641755 -0.1071792 0.100936 -0.9891029 -0.2341488 -0.5948089 -0.7690103 -0.1639909 -0.9794119 0.1177266 -0.7890953 0.3118972 -0.5291963 -0.7048245 0.1805893 -0.6860103 -0.5947766 0.0810945 -0.7997903 -0.006191372 0.99998 0.001323044 -0.001020312 0.9983854 0.056795 -0.3264358 0.07909125 -0.9419047 -0.07999253 0.05177015 -0.9954503 -0.5624704 0.03264445 -0.8261727 0.01632302 0.9995965 0.02325099 0.08589404 0.9893751 0.1172995 -0.09079998 -0.9951274 0.03843277 -0.6139361 -0.1327252 -0.7781174 -0.6166973 -0.2797564 -0.7358132 -0.5312344 -0.5010619 -0.6831742 -0.5794095 -0.02482593 -0.8146585 -0.6696043 -0.03441512 -0.7419203 -0.6168286 -0.2792221 -0.7359059 0.08776497 -0.1075094 0.9903228 0.08776491 -0.1075094 0.9903228 0.08776348 -0.1076048 0.9903125 0.1089329 0.9858774 -0.1271982 -0.1165779 0.9775444 -0.1755464 0.9050695 0.3797906 0.1913334 0.08801847 0.9955002 -0.03510183 0.503589 0.7542939 -0.421235 0.4307538 0.8860199 -0.1715227 0.1880595 -0.005736529 -0.9821409 -0.07949662 0.05199921 -0.995478 0.4483342 0.01967167 -0.8936496 0.9635033 0.2588089 -0.0684067 0.1197721 -0.9837589 0.1336907 -0.05133563 -0.9414542 0.3332097 0.6505374 0.7175447 0.2488588 -0.7377039 -1.28835e-4 -0.6751244 -0.8740724 0.02724182 -0.4850313 -0.5629183 0.0329017 -0.8258575 -0.3595137 0.04280507 0.9321576 -0.3081461 0.02651262 0.9509696 -0.2178854 -0.03437119 0.9753689 -0.2891635 -0.06353688 0.9551689 -0.3543081 -0.1766785 0.9182868 -0.7557433 -0.01160645 0.6547652 -0.9099012 -0.04509532 0.4123669 -0.9976255 -0.02467209 0.06430059 -0.7654923 -0.5898243 0.2571558 -0.9252019 -0.2750245 0.2614629 -0.9594575 -0.2167894 0.1801213 -0.9595426 -0.2165071 0.1800073 -0.9608336 -0.260985 0.09319728 -0.9764567 -0.06667202 0.2051519 -0.9941843 -0.1069818 -0.01235157 -0.9149622 -0.05044454 0.4003744 -0.7133852 1.07203e-4 0.7007722 -0.9449324 -0.1985409 0.2601625 -0.6764814 -0.264209 0.6874348 -0.07450509 -0.9808398 0.180007 -0.4006173 -0.8400028 0.3659248 -0.08196085 -0.9954022 0.04956889 -0.07419854 -0.9809398 0.1795878 0.01506865 -0.9997515 -0.01643091 0.00876826 -0.9942319 -0.1068929 0.08200663 -0.9808591 -0.1766087 0.1320526 -0.9910259 -0.02073132 -0.01125711 -0.9987121 0.04947292 -0.01154482 -0.9987098 0.04945224 -0.08214879 -0.9954021 0.04925757 -0.4417608 -0.866177 0.2336338 -0.01975423 -0.9904944 0.1361272 -0.01883733 -0.9970676 0.07417225 0.004360437 -0.9999598 -0.00783652 -0.01882696 -0.9970684 0.07416272 0.00449866 -0.9999607 -0.007643163 -0.02666014 -0.9995991 -0.009532153 -0.03008037 -0.9989526 -0.03447991 -0.02670651 -0.9995979 -0.00954467 -0.03439712 -0.9993841 -0.006961524 -0.03265672 -0.9993205 -0.01709908 -1 0 0 -1 -8.70334e-7 0 -1 -8.32357e-7 0 -1 1.80063e-6 0 -1 -4.03649e-6 0 -0.9933335 -0.1040273 0.04966658 -1 5.4142e-7 0 -1 1.63535e-6 0 -1 2.80214e-7 0 -0.9560843 -0.2551212 0.1442781 -0.9559863 -0.2554352 0.1443719 -0.9651631 -0.2582242 0.04219615 -0.8180565 -0.5308625 0.2212885 -1 8.3477e-7 0 -0.9533177 -0.253296 0.1643974 -0.894489 -0.3407931 0.2893953 -0.9559922 -0.2553961 0.1444019 -0.7363407 -0.6293371 0.2484698 -0.9999824 9.91091e-4 -0.005861222 -0.9999814 0.001080811 -0.006000041 -0.9829378 -0.1550347 0.09898316 -0.9999529 9.50842e-4 -0.009667456 -0.999764 0.001006782 -0.02170276 -0.9999513 4.16049e-4 -0.009875237 -0.9999994 4.01792e-4 0.00109148 -0.9999875 5.04988e-4 -0.004976868 -0.9999969 0.001837491 -0.001684427 -0.9999968 0.001885056 -0.001726865 -0.9999874 5.0627e-4 -0.005001604 -0.9999927 0.002829194 -0.002586543 -0.9999968 0.001886904 -0.001716792 -0.9999928 0.002828598 -0.002575337 -0.9998266 0.004251062 0.01813209 -1 0 0 -1 8.77723e-7 0 -1 -1.68711e-6 0 -1 -1.0967e-6 0 -1 1.81764e-6 0 -1 1.06068e-6 0 -0.9999997 -6.23702e-4 4.46437e-4 -0.9999997 -6.23684e-4 4.46461e-4 -0.9999493 -0.002541005 -0.009740889 -0.9999491 -0.002548038 -0.00976932 -0.9999997 -6.3364e-4 4.0746e-4 -0.9999961 -0.002287685 0.001641273 -0.9999711 1.70316e-4 0.007603347 0.01394408 -0.04794073 -0.998753 0.03075164 -0.09133958 -0.9953449 -0.07215213 -0.04573273 -0.9963446 -0.009245812 0.002564549 -0.999954 -0.333625 -0.007487952 -0.9426761 -0.6252214 -0.04176568 -0.7793291 -0.8551165 -0.007702648 -0.5183788 -0.9731321 -0.06239062 -0.2216337 -0.0500788 0.8225432 -0.5664936 0.03242337 0.9789089 -0.2017078 -0.1002125 0.9346192 -0.3412398 -0.2051172 0.6856909 -0.6983945 -0.2441927 0.697792 -0.6733916 -0.254732 0.6549085 -0.7114819 -0.2389769 0.3711207 -0.8973069 -0.3294806 0.1984027 -0.9230812 -0.2609873 0.6131616 -0.7455995 -0.3294704 0.1983479 -0.9230966 -0.2985266 0.3108048 -0.9023759 -0.1024212 0.8378159 -0.5362598 0.04884386 0.888714 -0.4558529 -0.0499252 0.8224226 -0.566682 0.070055 0.7189407 -0.6915321 0.1509093 0.7617974 -0.629993 0.08474135 0.9007948 -0.4258963 0.1288101 0.7726534 -0.6216228 0.1512462 0.7616464 -0.6300947 0.2833395 0.6997879 -0.6557559 0.9065704 -0.1673396 0.3874629 0.5679166 -0.01996272 0.8228441 0.97055 -0.08154737 0.2266777 0.9488979 -0.2179606 0.2282236 0.9706751 -0.08140444 0.2261931 0.9946285 -0.09041476 0.05039155 0.9912145 -0.1322625 -7.06909e-4 0.9224201 -0.3701384 0.1101766 0.8223786 -0.5577666 0.1122053 -0.02114409 0.9934522 0.1122753 0.07011246 0.8498037 0.5224155 0.01615345 0.9979698 -0.06160604 0.1760774 0.976441 -0.1247389 0.06490397 0.9511529 -0.3018209 0.06471645 0.8704471 -0.4879894 0.1765763 0.9763578 -0.1246851 0.1898553 0.882506 -0.4302771 0.472704 0.8490526 -0.2359253 0.162308 -0.1893306 -0.968406 0.113103 -0.06923931 -0.9911679 0.147612 0.01931804 -0.9888567 0.1125179 0.2038161 -0.9725219 0.02197033 0.1301623 -0.9912493 0.147334 0.01936733 -0.9888973 0.02766853 0.04270499 -0.9987046 -0.005334436 0.04317718 -0.9990532 -0.1183941 0.1595069 -0.9800716 -0.05449992 0.02214366 -0.9982683 -0.04190671 0.01363915 -0.9990285 -0.05166018 -0.09112411 -0.9944987 0.005638539 0.01047301 -0.9999293 0.00213468 0.01309311 -0.999912 -0.3839339 0.02711439 -0.9229625 -0.5706695 -0.0229116 -0.8208601 -0.05178016 -0.09140807 -0.9944664 -0.4113142 -0.3549552 -0.83954 -0.1185681 0.159686 -0.9800215 -0.5707435 -0.02238023 -0.8208234 -0.4393433 0.07218825 -0.8954141 0.1123352 0.2040309 -0.972498 -0.118484 0.1597175 -0.9800265 -0.01471734 0.171291 -0.9851106 0.1211657 -0.1251209 -0.9847151 0.02179795 0.1299417 -0.9912821 -0.123249 -0.06475186 -0.9902611 -0.9004023 -0.3358239 0.2765829 -0.8775357 -0.4066731 0.2540634 -0.993503 -0.08782613 0.07237684 -0.9539705 -0.2602314 0.1490637 -0.997731 0.02046257 0.06414133 -0.9861149 -0.06101846 0.1544483 0.1336658 -0.9885888 -0.06946718 0.06620508 -0.847624 -0.5264509 0.01315128 -0.9985581 0.05204796 0.1698698 -0.9785723 0.1163638 0.06291812 -0.9532009 0.2957183 0.05431842 -0.8731615 0.484395 0.1703311 -0.9785056 0.1162506 0.1844816 -0.885922 0.4255686 0.4612399 -0.8567717 0.2306514 -0.9633671 -0.03327631 0.2661139 -0.9936237 -0.1042171 0.04302102 -0.9984027 -0.05604207 0.00717312 -0.9941601 -0.05357891 0.09367573 -0.9943583 -0.1003804 -0.03428584 -0.7759195 -0.05988043 0.6279835 -0.4870827 -0.05804932 0.8714245 -0.3632745 -0.02505367 0.9313452 -0.775595 -0.06004601 0.6283684 -0.2615581 -0.02051579 0.9649698 -0.03238356 -0.9993826 0.01363146 -0.2904607 -0.9567934 0.01337665 -0.149878 -0.9886987 0.003375709 0.046516 -0.9982236 0.03722923 -0.1493331 -0.9887813 0.003342449 -0.001643538 -0.9999868 -0.004883408 0.005001366 -0.9999867 -0.001290619 -0.05396538 -0.9985276 -0.005528986 -0.02876591 -0.9992316 0.02661943 -0.02896171 -0.9995799 -0.00119394 -0.0539512 -0.998528 -0.005585968 -0.02892166 -0.999581 -0.001220345 0.01710271 -0.9987824 -0.04627376 0.02311384 -0.9995871 0.01707386 -0.008320271 -0.9994297 0.03273189 -0.1305602 -0.9790064 0.1565265 -0.1393104 -0.9884854 0.05906999 0.02206069 -0.9997426 -0.005295217 -4.3846e-4 -0.9999856 0.005342483 0.003203392 -0.9998695 -0.01583427 -0.02893519 -0.9995805 -0.001234889 0.3137335 -0.927774 0.2020071 0.1520321 -0.9883735 -0.002020955 0.02206975 -0.9997426 -0.005272269 -0.02873152 -0.9992331 0.02660095 -0.1080597 0.9896157 -0.09478425 -0.06856489 0.9824185 -0.1736461 -0.3355579 0.8883596 -0.313398 -0.3750878 0.9051663 -0.1999582 -0.0200833 0.9997447 -0.0103625 0.3613416 -0.932083 -0.02556592 0.4341208 -0.8600657 -0.2680041 0.1479762 -0.9818749 -0.1184266 0.04653185 -0.9982219 0.03725612 -0.01517337 -0.999864 -0.006468713 -0.02964758 -0.9990786 -0.03103125 -0.02392607 -0.9995959 -0.01534569 -0.03232038 -0.9993649 -0.01500493 -0.0320748 -0.9993399 -0.01705914 -0.05665063 -0.9730011 0.2237399 0.3615452 -0.932016 -0.02512514 0.1038187 -0.9937542 0.04092055 0.5123155 -0.768096 0.3841373 -0.22577 0.09623783 -0.9694154 -0.3629984 0.3281552 -0.8720931 -0.190249 0.1656828 -0.9676541 -0.3135581 0.1382917 -0.939445 -0.3176894 -0.03124266 -0.9476799 -0.7439097 0.00163263 -0.6682782 -0.8109229 0.03437215 -0.5841428 -0.8112258 0.0345844 -0.5837095 -0.849941 -0.01135993 -0.5267556 -0.9987667 0.04813766 0.01216387 0.4599028 -0.8385015 0.2922407 0.5329711 -0.2526245 0.8075412 0.8122073 -0.2444683 0.5296741 0.7064077 -0.0946151 0.701453 0.9047874 -0.1904942 0.3808827 0.8809668 -0.03694844 0.4717336 0.9952368 -0.08393675 0.04958343 -0.003169059 -0.3737903 0.9275079 -0.1071155 -0.4661386 0.8782033 -0.02835506 -0.5854765 0.8101934 0.06012827 -0.4945303 0.8670781 0.06019312 -0.4950509 0.8667765 -0.03543579 -0.7143604 0.6988802 0.01186728 -0.8941716 0.4475671 0.1474776 -0.1594612 0.9761264 0.9442109 -0.05351883 -0.3249639 0.9611273 -0.233923 -0.1466775 0.9925334 -0.1041805 -0.06343537 0.9904056 -0.05105584 -0.1284137 0.9951723 -0.09513342 0.024118 0.7584234 -0.03268915 -0.650942 0.6294127 -0.009822368 -0.7770093 0.4261651 -0.04609876 -0.9034702 0.7580974 -0.03279805 -0.6513162 0.249333 -0.111479 -0.96198 0.9827498 0.1336256 -0.1278561 0.9810312 0.1865102 0.05283695 0.9999184 -0.001372635 0.01270681 0.9751284 0.1110059 0.1918397 0.9810221 -0.04426538 0.1887758 0.9833453 -0.1750213 0.04898762 0.9797334 -0.1742761 -0.09874463 0.9846368 -0.04689949 -0.1681986 -0.5711578 0.03186976 -0.8202215 -0.1724337 -0.008566439 -0.9849839 -0.5226137 -0.02218306 -0.852281 -0.5715738 0.03176325 -0.8199357 -0.6573277 0.009190976 -0.7535489 -0.9585629 -0.09696322 -0.2678722 -0.9477447 -0.0287162 -0.3177351 -0.9999446 -0.008613467 0.006056129 -0.9815588 -0.189057 -0.02828228 -0.9245502 -0.3748776 -0.06836622 -0.2200003 0.9754746 0.007022738 -0.2682825 0.9419611 0.2018264 -0.04951119 0.9963456 0.06959968 -0.2682613 0.9418535 0.2023563 -0.03899544 0.9643433 0.2617662 0.1631298 0.9839959 0.07169997 0.1129741 0.9918397 -0.05908429 -0.04057645 0.9967397 -0.06973952 0.1602562 -0.9869446 0.01606911 0.555864 -0.8291244 0.05973303 0.3082486 -0.9511438 0.0175628 0.02611547 -0.9996559 -0.002521693 -0.002771794 -0.9997213 0.02344858 0.1599957 -0.9869872 0.0160517 -0.002772986 -0.9997214 0.02344024 -0.03003698 -0.9978052 0.05901509 -0.03888648 -0.9990592 0.01920169 -0.008154273 -0.9999471 0.006270289 -0.07348865 -0.9971325 0.01806437 -0.03890436 -0.9989031 -0.02606189 -0.008813917 -0.9999012 -0.01095253 -0.004130482 -0.9999496 -0.009150445 0.001388013 -0.9999094 -0.01339215 -0.004118084 -0.9999497 -0.009152472 0.001378178 -0.9999092 -0.01341527 0.02609068 -0.9996564 -0.002514898 0.3834909 0.0433008 -0.9225291 0.2839674 0.1470114 -0.9474968 0.4635408 0.01366364 -0.8859703 0.5292096 0.1952299 -0.8257255 0.6824831 0.05548661 -0.7287923 0.7813448 0.1911156 -0.5941171 0.592659 0.5256083 -0.6103208 0.9457101 -0.004040777 -0.3249862 0.9895177 -0.02913218 0.1414427 0.8893942 -0.05684369 -0.4535932 0.8441054 -0.04516959 -0.5342715 0.8891745 -0.05670911 -0.4540406 0.7068776 0.0211479 -0.7070197 0.7413989 -0.02270579 -0.6706804 0.9491195 0.03020471 0.3134645 0.6114757 4.34108e-4 0.7912633 0.951757 -0.06328368 0.3002565 0.9873384 0.003306448 0.1585944 0.9567199 0.1675789 0.2379166 0.9792959 0.1953848 0.05295723 0.9975489 0.06739944 0.01879942 0.9885114 0.1511402 -0.001419067 -0.7047321 0.05741441 0.7071465 -0.8491134 0.01799458 0.5279042 -0.998909 -0.02199947 -0.04119217 -0.9912688 -0.03271329 -0.1277347 0.4660571 0.2004636 -0.8617455 0.575299 0.04467278 -0.8167223 0.5844817 0.1177476 -0.802818 0.4722985 0.01613134 -0.8812911 0.3472408 0.007498741 -0.9377461 0.4718258 0.01631408 -0.8815408 0.1220693 -0.02322232 -0.9922499 -0.1075386 0.01829594 -0.9940326 0.2656503 0.9434978 -0.1980956 0.03719711 0.9657731 -0.2567077 0.04845458 0.9965906 -0.06677812 -0.1624655 0.9843558 -0.06818246 -0.113532 0.9916324 0.0614463 0.03942459 0.9967445 0.07032889 0.219281 0.9756424 -0.00615561 -0.8964132 -0.0500406 0.4403858 -0.6442949 0.05201274 0.7630065 -0.9169364 0.06983995 0.3928741 -0.8966786 -0.04999029 0.4398505 -0.9674587 0.04094165 0.2496953 -0.9648151 0.1516957 0.2147562 -0.9620158 0.2228771 0.1576435 -0.9836943 0.175759 0.0381366 -0.8440901 0.4008761 0.3561044 0.03471523 0.9990031 -0.02806568 -0.004618883 0.9983342 -0.05751138 0.03927481 0.9985234 -0.03753131 0.03258675 0.9976755 -0.05984896 0.04816585 0.9988296 -0.004433989 0.05371516 0.9985523 -0.002819001 0.2290068 0.9671478 0.1103671 0.3301953 0.9425926 0.04990398 0.06100594 0.997728 0.02858507 -0.02057284 0.9997813 -0.003747344 0.08081901 0.982056 0.1703943 0.01323848 0.9995452 0.02709889 0.01758968 0.9989544 0.04219979 0.03925502 0.9985243 -0.03752684 0.9597235 -0.1383872 -0.2444995 0.9962564 0.005944073 -0.08624356 0.9974524 -0.05801779 -0.04150599 0.997348 0.01950556 0.07011753 0.9885492 0.1492046 -0.02255022 0.9886656 -0.03919839 0.1449274 0.9828779 -0.0381776 0.1802599 0.1303529 0.0566504 0.9898479 0.174352 0.01160919 0.984615 0.1361329 0.05497908 0.9891639 0.1228017 0.3412029 0.9319338 -0.04152637 0.9985873 0.03315281 0.03487676 0.9983865 0.04481029 0.02341085 0.9984569 0.05035656 0.07750016 0.9956574 0.0515775 0.08542311 0.9962758 0.01172333 0.1153438 0.9925463 0.0393415 -0.01228553 0.9890868 -0.1468215 -0.01353913 0.9967015 -0.08001768 -0.2111698 0.8916009 -0.4005686 -0.1814524 0.9477737 -0.2622976 -0.06008422 0.9980961 0.01392763 -0.09512776 0.9896922 -0.1070527 0.03278684 0.9982388 0.04944336 0.9776057 -0.1168563 -0.1750197 0.8838534 -0.3370336 -0.3243634 0.9432598 -0.2392434 -0.2302683 0.9910503 -0.107092 -0.07969182 0.9565221 -0.03007042 -0.2901057 0.9086555 -0.00506705 -0.417516 -0.1336857 -0.9396552 -0.314923 -0.07962083 -0.9901333 -0.1153113 -0.1608853 -0.9369845 -0.3101224 -0.08985012 -0.9871357 -0.1322504 -0.06973552 -0.9970684 0.03149265 0.004570066 -0.9999467 0.009266555 0.01347965 0.9998964 -0.005049228 0.1648402 0.9829124 -0.08192002 0.002368927 0.9891598 -0.1468245 -0.09543281 0.9922712 -0.07931345 -0.1563157 0.9408791 -0.3005194 -0.1233767 0.9853013 0.1181508 -0.9815533 0.1012764 -0.1621611 -0.9367252 0.2328052 -0.2614338 -0.9540734 0.1962789 -0.2263152 -0.9877245 0.1098963 -0.1110098 -0.967734 0.01809102 -0.2513242 -0.8826504 -0.01572042 -0.4697672 -0.6793801 0.03114813 -0.7331252 -0.5809692 0.02404552 -0.8135703 0.5869159 -0.009004831 0.8095979 0.9324931 -0.01053088 0.3610343 0.6777809 -0.008096992 0.7352194 0.5864948 -0.00885874 0.8099046 0.5535213 -0.03145033 0.832241 0.2723827 0.02427005 0.9618829 0.2723872 0.02404701 0.9618872 0.6774165 -0.008091509 0.7355552 0.2168093 0.008589863 0.9761763 0.1024228 -0.005004644 0.9947285 0.216308 0.008788883 0.9762857 -0.2446548 0.001402795 0.9696093 0.8799296 0.05491352 -0.47192 0.6347931 0.01657336 -0.7725045 0.9695981 0.06438404 -0.2360811 0.9507696 0.107962 -0.2904851 0.9696686 0.06428903 -0.2358173 0.9933366 0.09770083 -0.06113004 0.9920868 0.1232218 0.02408379 0.9586113 0.2493617 -0.1374164 -0.2408865 0.2962576 -0.9242321 -0.2093214 0.5573841 -0.8034347 -0.3813309 0.1795531 -0.9068338 -0.08704477 0.04069072 -0.9953731 -0.4503841 0.04434794 -0.8917328 -0.2285319 -0.01402854 -0.9734354 -0.5108069 0.05474841 -0.8579505 -0.5112679 0.05492132 -0.8576648 -0.5825008 0.01911103 -0.8126055 -0.9044816 0.02036321 -0.4260264 0.04061508 -0.9983056 -0.04167026 -0.3854704 -0.9022198 -0.1934218 -0.04542291 -0.9973617 0.05662685 0.04105859 -0.9982777 -0.04190492 -0.2206888 -0.9441595 0.2446617 0.003995835 -0.9971467 0.07538193 -0.007758319 -0.999913 -0.01067036 0.01886016 -0.9990792 0.03853702 0.0798732 -0.9942507 0.07131654 0.2547447 -0.906983 -0.3353909 0.1075037 -0.9711831 -0.2127122 0.2349379 -0.9512155 -0.1999834 0.04149657 -0.9979246 0.04923981 -0.02162623 -0.9989002 -0.04160082 0.2134654 -0.8979085 -0.3849583 0.9912588 -0.1319298 -7.04941e-4 0.9742579 -0.1965866 0.1103422 0.9758339 -0.04945987 0.2128424 0.9761257 -0.1198981 0.1811162 0.8712837 -0.3854857 0.3037526 0.9113339 6.10165e-4 0.4116675 0.5962256 0.1432183 -0.789939 0.5041864 -0.08962804 -0.8589313 0.7532649 -0.02605217 -0.6572012 0.6090441 -0.3508992 -0.7112911 0.4878354 -0.3750797 -0.788246 0.5036725 -0.08971869 -0.8592234 0.1331289 -0.1415027 -0.9809454 0.4816871 0.1896702 -0.8555716 0.1328106 -0.1414908 -0.9809902 0.242778 0.2674515 -0.9324852 0.1159292 0.131244 -0.9845484 0.1159495 0.131534 -0.9845073 0.3337283 0.2368757 -0.9124228 0.1522609 0.6078342 -0.7793293 0.1522798 0.6078169 -0.7793391 0.2428748 0.2677172 -0.9323837 0.3636667 0.3789579 -0.8509626 0.363973 0.3785492 -0.8510137 0.4820299 0.1896189 -0.8553899 0.7334607 0.1723198 -0.6575267 0.1776788 -0.3602722 -0.9157698 0.3542895 -0.3589229 -0.8635123 0.930077 -0.0527504 -0.3635577 0.5716821 0.01780277 -0.8202821 0.9389244 0.0183382 -0.3436347 0.9774155 -0.0413022 -0.2072514 0.9391087 0.01807272 -0.3431445 0.9947047 -0.06509 -0.0795353 0.9925889 -0.09723442 -0.07288932 0.988349 -0.1420442 -0.05467879 -0.2042788 -0.9789024 -0.004517793 -0.2530099 -0.9475428 -0.1953167 -0.04252725 -0.9971642 -0.06208866 -0.03406733 -0.9695924 -0.2423429 0.1605345 -0.9853205 -0.05807232 0.1126763 -0.9918606 0.05930072 -0.03309237 -0.9969383 0.07084572 0.9811477 -0.1910675 -0.02902626 0.9112163 -0.2467377 -0.3298569 0.9617024 -0.269499 0.04999113 0.9365803 -0.311015 0.1615153 0.902589 -0.2947829 0.3137453 0.9910115 0.08489656 -0.1033872 0.9810188 0.1169281 -0.1546934 0.9791006 0.01984447 -0.2024061 0.9952308 0.03746592 -0.09006702 0.8839751 -0.005601108 -0.4675005 0.6789557 0.009756922 -0.7341144 0.5941565 0.04348921 -0.803173 0.5937016 0.04367709 -0.8034992 0.5323552 -0.02463352 -0.8461627 -0.01057958 0.0229274 -0.9996812 0.1428869 -0.9755706 0.1668695 -4.23066e-4 -0.9998282 0.01853299 0.09595775 -0.9951196 -0.02300429 -0.005533754 -0.9947746 -0.1019456 -0.15792 -0.9851064 -0.06801909 0.1276887 -0.9732156 -0.1911725 -0.9992092 -0.03113913 -0.02472424 -0.9998005 -0.01564425 -0.01242518 -0.9999679 -0.006269693 -0.004978775 -1 -5.27734e-6 0 -1 1.44742e-6 0 -1 1.23223e-6 0 -1 -2.20511e-6 0 -1 2.00571e-5 0 -0.9988221 -0.04794275 0.007481396 -0.9988224 -0.04793632 0.007480144 -1 -2.21425e-5 0 1 5.4892e-6 0 1 -9.35907e-6 0 1 -2.40949e-6 0 0.9731693 -0.2297676 0.01217949 1 -5.69764e-6 0 1 1.3113e-5 0 1 6.96076e-6 0 1 -2.7021e-6 0 1 5.14573e-6 0 0.004748404 -0.9743905 -0.2248125 -0.006476759 -0.9943004 -0.1064184 -0.05292594 -0.9976508 -0.04349684 -0.009975373 -0.9999446 0.003356277 -0.09895199 -0.9948992 0.01960027 -0.1946423 -0.9798031 0.04582965 0.006430625 0.9738739 0.2269986 -0.005485177 0.994163 0.1077487 -0.05705058 0.9975973 0.03930628 -0.01298785 0.9998888 -0.007343232 -0.1080882 0.993709 -0.02931666 -0.2057411 0.9770144 -0.05579918 0.9833356 0.1747584 -0.05010509 0.9800148 0.1729956 0.0982024 0.9999196 9.20353e-4 -0.01265418 0.9846358 0.04565995 0.1685459 0.9825462 -0.1341192 0.1288996 0.9810446 -0.1867893 -0.05158931 0.9751268 -0.111009 -0.191846 0.9810222 0.04411482 -0.1888107 -1 1.87649e-7 0 -1 2.30732e-6 0 -1 -5.69256e-6 0 -1 6.69244e-7 0 -1 -2.30457e-6 0 -1 -1.8787e-7 0 -1 -2.30449e-6 0 -1 5.6835e-6 0 -1 -6.68599e-7 0 -1 2.30734e-6 0 0.2026959 -0.9646174 -0.1686052 0.01537507 -0.9965568 -0.08147579 -0.04369825 -0.9986087 -0.02951925 -0.09517449 -0.9954149 -0.009551048 -0.1002097 -0.9935247 0.05354148 -0.04250121 -0.9971272 0.06269752 -0.04532891 -0.9935728 0.1037233 -7.48438e-4 -0.9984728 0.05524235 0.04738247 -0.9973286 0.05559384 0.1450188 -0.9881926 -0.04944711 0.3580268 -0.9082676 -0.2164875 0.5391521 -0.7524688 -0.3782935 -0.002130746 -0.9999959 -0.001918256 0.1930992 0.9797623 0.05271208 0.05439418 0.9977391 -0.0394718 0.1018174 0.9944148 0.02779632 0.01339346 0.9998817 0.007564544 0.006456792 0.994275 -0.1066572 -0.004752814 0.9743874 -0.2248262 0.2289223 0.9716917 0.05839526 0.03901326 0.9991455 0.01364636 -0.02004522 0.9997442 -0.01047784 0.001956701 0.999934 -0.01132583 0.002182304 0.9999787 -0.00616312 0.2286908 0.9733899 -0.01458454 0.002168774 0.9999788 -0.006147325 0.2286891 0.9733906 -0.01456022 0.1257413 0.9919296 -0.0162757 0.2035572 0.9790611 0.001941144 0.4754005 0.8746613 -0.09466743 0.6465222 0.7621625 -0.03342932 0.03906381 0.9991433 0.01367235 0.01843601 0.9990413 0.03970921 -0.009550392 0.9998975 0.01066529 -0.2006836 0.9796287 0.007338941 0.1257776 0.9919256 -0.01623898 0.03551983 0.9993574 -0.004814922 0.02191793 0.9993408 0.02893936 0.04182547 0.9988902 0.02165734 0.01520782 0.9997342 0.01733225 -0.0151081 0.99953 0.02667725 -0.04423254 0.9974163 0.05660569 -0.130037 0.9891111 -0.06891852 -0.08854216 0.9940438 0.06353932 -0.2520825 0.9394186 -0.2322657 -0.226621 0.9376279 -0.2636229 0.03579401 0.9993554 -0.002771198 0.02846211 0.9990906 -0.03174906 0.006515145 0.9993983 -0.03406834 -0.003076076 0.9997312 -0.02298253 -0.2262631 0.9378311 -0.2632072 0.07331842 0.1095105 0.991278 -0.04874199 0.1555095 0.9866312 0.03776198 0.01604062 0.9991581 -0.1466473 0.10386 0.9837214 -0.1087874 0.01954394 0.993873 0.04814738 -0.03844565 0.9981001 0.1896334 -0.06613254 0.9796253 0.01274389 0.00604099 0.9999006 -5.5281e-5 0.02638363 0.999652 -7.80458e-5 0.02643656 0.9996505 0.04814559 -0.0385015 0.9980981 0.02955758 -0.01174271 0.9994941 0.02326864 -0.101167 0.9945973 -0.06055694 -0.1879726 0.9803057 0.1243264 -0.1094145 0.9861903 0.04724252 -0.07133394 0.9963331 0.01239693 -0.07744735 0.9969195 0.07407039 0.06484568 0.9951426 0.02955907 -0.01169031 0.9994947 -0.006259918 -0.02338457 0.999707 0.02953171 -0.01171141 0.9994953 -0.006254196 -0.02335953 0.9997076 9.19535e-5 0 1 0.00530976 -0.9729998 -0.2307453 -0.006158411 -0.9939238 -0.1098986 -0.05001449 -0.9976888 -0.04599714 -0.009942531 -0.9999462 0.002998232 -0.09343701 -0.995463 0.01797485 -0.1837873 -0.9820436 0.04257744 -0.9559787 0.1985269 0.2160832 -0.9212765 0.02560365 0.3880646 -0.979303 0.06504744 0.1916629 -0.9560431 0.2543057 0.14598 -0.9927155 0.1194963 -0.01538026 -0.734827 0.5232235 0.4315862 0.02620953 0.9985215 -0.04762279 -0.03202128 0.9962426 -0.0804702 -0.03208792 0.9973869 -0.06472843 0.06133151 0.9960079 -0.06486141 0.0282275 0.9995802 0.006532907 -0.06128573 0.9972717 0.04115033 0.03837686 0.9938946 0.1034454 -0.2337084 0.9467412 -0.2214983 -0.03216701 0.9973688 -0.06496858 -0.2335371 0.9467383 -0.221692 -0.2788086 0.8895967 -0.3617781 -0.2792078 0.889341 -0.362099 -0.4170156 0.822717 -0.3863093 -0.4538857 0.7389435 -0.4979462 -0.02662611 0.995509 -0.09084588 0.02625912 0.998521 -0.0476073 -0.02663707 0.9955078 -0.09085524 0.07657551 0.9969981 -0.01144355 0.09247595 0.9936068 0.06476002 -0.006207108 0.9999807 3.15182e-4 0.03839099 0.9938951 0.1034356 0.14793 0.1411482 -0.9788738 -0.1132667 0.104708 -0.9880319 -0.07437813 0.5647614 -0.8218957 -0.1649698 0.3256998 -0.9309698 -0.1740984 0.05013185 -0.9834513 -0.1625136 0.009543597 -0.9866601 -0.09021759 0.02981072 -0.9954758 -0.001447558 0.03903549 -0.9992368 0.1860444 -0.08573764 -0.9787935 0.1481734 0.140987 -0.9788603 0.3891776 0.1478944 -0.909213 0.1603447 0.5675963 -0.8075422 -0.07073462 0.5055798 -0.8598755 0.1602928 0.5681052 -0.8071945 -0.07437121 0.5652526 -0.8215586 -0.02455085 0.8756984 -0.482234 -0.07201105 0.9168926 -0.3925844 -0.07199871 0.9168857 -0.3926026 -0.08715683 0.615954 -0.7829461 -0.1203117 0.7198724 -0.6836 -0.120404 0.7194515 -0.6840267 0.04722726 0.1221582 -0.9913865 -0.003602802 0.2079247 -0.9781382 -0.1457194 0.2696433 -0.951871 -0.09189057 0.01772308 -0.9956114 0.412442 -0.1282979 -0.9019044 0.5380937 0.02119112 -0.8426187 0.4472078 0.1682238 -0.878468 0.3451191 0.4705462 -0.8120831 0.2612854 0.7407547 -0.61888 0.0536763 0.9400654 -0.3367432 -0.004117846 0.9984502 -0.05549997 0.06381696 0.4668553 -0.8820281 0.03616636 0.6207775 -0.7831522 -0.08235406 0.8357484 -0.542902 -0.09418123 0.7906202 -0.6050204 -0.119562 0.53371 -0.837173 -0.1183806 0.07052665 -0.9904605 -0.07765489 0.07206821 -0.9943722 -0.01607882 0.027974 -0.9994794 0.04734659 0.9905583 -0.1286563 0.1211579 0.9340564 -0.3359457 0.02439475 0.9954 -0.09264963 0.01066941 0.9970096 0.07653713 -0.01361364 0.9993839 0.03234952 -0.00447756 0.9999703 -0.006294548 -0.07191884 0.9171004 -0.3921157 0.1774095 0.9835923 0.03274154 0.01156252 0.9988466 -0.04660278 0.09264099 0.9940487 0.05731546 -0.02425098 0.9864458 -0.1622855 -0.01664298 0.9943717 -0.1046339 -0.08225494 0.8360629 -0.5424326 -0.1240755 0.6848915 -0.7180035 -0.075612 0.8816678 -0.4657734 -0.0454787 0.9587126 -0.2807168 -0.04553031 0.9585428 -0.2812877 -0.08227843 0.8359039 -0.5426741 -0.1195066 0.5342158 -0.8368583 -0.06278026 0.1309596 -0.989398 -0.03266555 0.09173738 -0.9952474 -0.01409089 0.2593179 -0.9656893 -0.04746818 -0.05476629 -0.9973703 2.51771e-6 0.04331648 -0.9990615 -6.81148e-4 0.1000719 -0.99498 -0.1095468 0.1316966 -0.9852185 -0.2023985 -0.08430314 -0.9756679 -0.1095994 0.1316865 -0.9852141 -0.2243704 0.0658167 -0.9722788 -0.1784167 0.1143255 -0.9772908 -0.3875505 0.1480904 -0.9098758 -0.3877583 0.1478232 -0.9098308 -0.2026558 -0.08425003 -0.9756191 -0.5060194 0.03614747 -0.8617643 -0.3877881 0.1481235 -0.9097691 -0.4742264 0.3472635 -0.8090225 -0.5519948 0.1329016 -0.8231883 -0.5521781 0.1324093 -0.8231447 -0.5136566 0.2211668 -0.8290007 -0.6599886 0.1400492 -0.7381066 -0.55206 0.1323556 -0.8232325 -0.6759881 -0.01607573 -0.7367373 -0.619958 0.0767349 -0.7808739 -0.6384508 0.2321583 -0.7338141 -0.6602194 0.140083 -0.7378937 -0.7716468 0.1561428 -0.616588 -0.7819616 -0.02096968 -0.622974 -0.6763874 -0.01614755 -0.7363691 -0.8246756 -0.1898284 -0.5327995 -0.7718403 0.1560851 -0.6163602 -0.8248386 -0.1897808 -0.5325641 -0.870213 0.1761261 -0.4601183 -0.9480977 0.09369504 -0.3038619 -0.9323303 0.2773216 -0.2320624 -0.9843156 0.1746167 -0.02513575 -0.9719259 0.2319863 -0.03927683 -0.9993475 5.82034e-4 0.03611665 -0.9967052 0.08069336 0.008200526 -0.985871 0.008990585 0.1672654 -0.9440082 -0.02606058 0.3288912 -0.8269249 0.05277556 0.5598306 -0.8460181 0.5331506 0.001974225 -0.7206301 0.6918376 -0.04531139 -0.3490297 0.9290683 0.1225169 -0.3137462 0.9493841 -0.01526814 -0.05624204 0.9938551 0.0953359 -0.08368784 0.8822432 0.4632964 -0.1161124 0.9928983 -0.02590179 -0.007114171 0.9996751 -0.02447974 -0.1023147 0.9947261 0.007200896 -0.05798685 0.9945095 0.08711117 -0.1630648 0.9866143 -0.001431465 -0.1547477 0.9710838 0.1817952 -0.1841009 0.8768225 0.4441726 -0.4050092 0.7865507 0.4661607 -0.1843482 0.8767293 0.4442539 -0.590423 0.4991395 0.63424 -0.4076501 0.4159283 0.8129115 -0.3870207 0.3712581 0.8440275 -0.06810313 0.674625 0.7350123 -0.1041321 0.3459563 0.9324542 -0.2343139 0.1374935 0.962389 -0.2343262 0.1374756 0.9623886 -0.3708461 0.3025369 0.8780345 -0.4724254 0.08071434 0.877667 -0.4729272 0.08074557 0.877394 -0.3875517 0.3710122 0.843892 -0.681316 0.1325702 0.7198845 -0.6348112 0.3488208 0.6894482 -0.8266195 0.05284202 0.560275 -0.6992825 0.007187306 0.7148094 -0.7125524 -0.0711764 0.6979993 -0.8268353 0.05248862 0.5599895 -0.9112217 -0.2159923 0.3507455 -0.4727614 0.08042597 0.8775127 -0.6842896 -0.07282304 0.725565 -0.3268208 -0.1045979 0.9392803 -0.472449 0.08072471 0.8776534 -0.3082651 0.008995115 0.951258 -0.2109669 0.05583208 0.9758974 -0.0543648 0.002326846 0.9985185 -0.0989688 0.07628166 0.9921624 0.01725089 -0.03922164 0.9990817 -0.09900355 0.07659035 0.9921352 0.167901 0.2117488 0.9627937 -6.44132e-4 0.09978991 0.9950084 0.1444277 0.587808 0.796004 0.2257556 0.410625 0.8834148 0.1682108 0.2117471 0.96274 0.334851 0.1865795 0.9236141 0.002684116 0.9055451 0.4242415 0.008683502 0.6527929 0.7574867 0.004349529 0.99582 0.09123444 -0.09078729 0.9958199 0.01002234 -0.0355404 0.9934747 -0.1083744 -0.00526154 0.9960539 -0.08859431 0 1 0 0.001931726 0.9991632 -0.04085564 1.43033e-5 0.9988118 -0.04873406 -0.001904308 0.9999695 0.007580518 -0.04530274 0.9987311 -0.02199661 0.001977324 0.9991577 0.04098904 -0.01073014 0.92663 0.3758214 0.07470464 0.9960708 0.0475645 0.007727682 0.9769293 0.213423 0.07503789 0.9960435 0.04760932 0.00771737 0.9769548 0.2133066 0.1552437 0.9488669 0.2748655 0.4202813 0.9064011 0.04243624 0.1206644 0.9921108 -0.03400439 0 1 0 0 1 0 -0.05693221 0.9971836 0.04882472 -0.06601935 0.9951228 -0.07329565 0.00884664 0.9984167 0.05555105 0.03835046 0.9625599 0.2683426 0.07758396 0.8369841 0.5416996 0.1014961 0.6790314 0.7270592 0.1301079 0.4230855 0.8966999 0.1175139 0.3576034 0.9264504 -0.004019737 0.9976216 -0.06881272 0.09362643 0.9915421 0.08987945 0.01183032 0.9995115 -0.02892917 0.001229941 0.9998908 0.01473027 -0.004346251 0.9999684 -0.006663978 0.03968131 0.9554899 0.2923434 0.2439078 0.8503462 0.4662836 0.09252053 0.9940697 0.05714356 0.2796621 0.902081 0.3286928 0.389064 0.9143617 0.1121246 -0.007328152 0.9649706 -0.2622559 -0.01216083 0.8715237 -0.4902025 -0.02450352 0.7044332 -0.7093473 0.1276565 0.9780638 -0.1646053 0.2627782 0.9494871 -0.1715285 0.1211439 0.9920452 -0.03421288 0.4958869 0.8605192 -0.1166326 0.2212676 0.9709644 -0.09093356 -0.08133703 0.9535794 -0.2899497 6.8192e-4 0.7820697 -0.6231907 -9.22531e-5 0.6611322 -0.7502694 2.699e-4 0.4413927 -0.8973141 -4.08911e-5 0.305698 -0.9521286 0.001816689 0.4031125 -0.9151486 -0.06355202 0.5157542 -0.8543762 -0.2964507 0.374171 -0.8786997 -0.5021277 0.3332005 -0.7980259 -0.6381292 0.2324123 -0.7340134 -0.8701536 0.1763584 -0.4601418 -0.6530938 0.3246846 -0.6841406 -0.753409 0.2413709 -0.6116495 -0.7735238 0.5455366 -0.3225694 -0.54707 0.8258789 -0.1365224 -0.2576086 0.958794 -0.1198 -0.088687 0.9857264 -0.1431022 -0.1669618 0.8584624 -0.4849394 -0.03682011 0.9254727 -0.3770207 0.001516997 0.8916991 -0.4526263 -4.76442e-4 0.9484676 -0.316874 -0.3144062 0.9479179 -0.05099409 -1.53277e-5 0.8316934 -0.5552353 -0.4619257 0.4975519 -0.7342116 -0.2778233 0.8254389 -0.4913908 -0.002890408 0.2597121 -0.9656818 -0.01407814 0.2598766 -0.9655393 -0.002916336 0.2602624 -0.9655336 -0.002757132 0.5316936 -0.8469323 -0.01533693 0.8290097 -0.559024 -0.02858233 0.4484259 -0.8933629 -0.0347349 0.2942387 -0.9551007 0.05072695 0.9222345 0.3832888 0.07491666 0.9343344 0.3484348 0.1431738 0.7137838 0.6855757 0.1168237 0.5280207 0.8411577 0.2241535 0.26867 0.936788 0.1362936 0.1127963 0.9842262 0.1712419 0.07695966 0.9822187 0.2242789 0.2684007 0.9368352 0.1746379 0.01160138 0.9845644 0.3953486 0.006779134 0.9185062 0.1088961 -0.09446817 0.9895542 0.1743826 0.01161581 0.9846094 0.1301842 0.05642044 0.9898833 0.1712442 0.07698434 0.9822164 0.1297784 0.1140143 0.9849662 0.1343321 0.1081216 0.9850202 0.1175163 0.3570732 0.9266546 0.09499412 0.08058857 0.9922105 0.06339412 0.001006662 0.9979881 0.02307283 0.2095668 0.9775221 0.03246414 0.5340528 0.8448277 0.003516018 0.6852527 0.7282969 0.1285673 0.8772398 0.4625158 0.003543913 0.6848731 0.7286538 0.01819694 0.6367001 0.7708969 0.01286566 0.7354767 0.677428 -0.009753167 0.485344 0.874269 -0.003409326 0.1006403 0.9949171 0.01725262 -0.03921127 0.999082 0.02542394 0.08136928 0.9963598 0.4779803 0.2909509 0.8287837 0.6629659 -0.1267094 0.7378489 0.4783707 0.291021 0.8285338 0.6880834 0.01493221 0.7254779 0.6154542 0.2076895 0.7603166 0.7722717 -0.04588842 0.6336329 0.7724189 -0.0460124 0.6334445 0.6633056 -0.1268858 0.7375131 0.8739166 -0.01382154 0.4858796 0.8914999 0.1028081 0.441201 0.9238556 0.3180719 0.212888 0.7904832 0.5340642 0.2998527 0.500302 0.5306867 0.6841562 0.4781941 0.2913929 0.8285049 0.4036648 0.7283143 0.5537265 0.2315483 0.8185542 0.5256944 0.2632117 0.7156345 0.6469829 0.2995938 0.6182913 0.7266081 0.2313379 0.8186727 0.5256023 0.2203239 0.8582778 0.4634832 0.03387796 0.9965437 0.07584893 0.2064484 0.9022777 0.3785156 0.08805495 0.9885534 0.1225097 0.3373703 0.8181096 0.4657017 0.08755683 0.9955487 -0.03488427 0.04897069 0.9983897 -0.02863538 0.001310408 0.9999421 -0.01067805 0.016164 0.9996034 0.02306115 0.09601134 0.9923352 -0.07779937 -8.68406e-4 0.9999989 -0.001244008 0.139487 0.9883477 0.06093019 0.01041853 0.9999417 -0.002866685 0.1786469 0.9816492 0.06670838 0.5074893 0.8555541 0.1023824 0.4916239 0.8546173 0.1671387 0.2054538 0.9778519 0.0399304 0.2656545 0.9640542 0.005236566 0.0631771 0.9912195 -0.1161576 0.007108569 0.999951 0.006910204 0.1271896 0.9905908 -0.05052477 0.1537044 0.9877044 -0.02855086 0.149419 0.988623 -0.01728105 0.1497104 0.9885768 -0.01739805 0.4234209 0.9033663 -0.06814992 0.2655782 0.9640753 0.005204856 0.4528268 0.870226 -0.194048 0.3984995 0.8729228 -0.281432 0.5244522 0.7609633 -0.3819487 0.4532255 0.8699612 -0.1943047 0.7959809 0.4249141 -0.4311177 0.8330157 0.3545717 -0.4246926 0.4533095 0.869956 -0.1941313 0.1409464 0.9809738 -0.1335089 0.7017714 -0.1979006 -0.6843626 0.410156 -0.2714214 -0.8706908 0.5383381 0.0207141 -0.8424744 0.7225854 -0.05855751 -0.6887971 0.5385046 0.02098518 -0.8423612 0.7581877 0.06938546 -0.6483343 0.7021179 -0.1977496 -0.6840508 0.7584612 0.06926977 -0.6480265 0.8638435 0.1293548 -0.4868695 0.8417546 0.2946105 -0.4523871 0.7584028 0.06974172 -0.6480442 0.7158601 0.4857476 -0.5015912 0.7228929 -0.05865144 -0.6884663 0.8418371 0.294462 -0.4523299 0.8872218 0.05968254 -0.4574664 -0.03469932 -0.7449113 -0.6662606 -0.02720201 -0.6928983 -0.720522 -0.01899582 -0.7046324 -0.7093183 -0.01108413 -0.683558 -0.7298121 -0.01899051 -0.7046634 -0.7092877 -0.01108026 -0.6835753 -0.7297959 -0.001441419 -0.9292911 -0.3693451 0.02166056 0.2770063 0.960624 -0.07123786 1.52566e-4 0.9974594 -0.02725994 0.002583384 0.999625 -0.08659958 -0.1912553 0.9777126 -0.1141988 -0.1450456 0.9828125 -0.1855545 -0.6799744 0.709369 -0.001403391 -0.9294776 -0.3688759 0.002246379 -0.9999282 0.01177185 0.002227187 -0.9999295 0.01167142 -0.08555805 -0.9947254 0.05657994 -0.1741086 -0.9822227 0.07017576 -0.1872781 -0.9804791 0.05989688 -0.2631423 -0.9639102 0.04041391 -0.9823344 0.1716545 0.0745241 -0.9759495 0.1380163 0.168743 -0.9844388 0.1708527 -0.04110383 -0.1257202 -0.9920626 -0.002527773 -0.1869702 -0.9805455 0.05977261 -0.1652045 -0.9862568 0.002234876 -0.5326489 -0.8133506 0.2339786 0.9036645 0.1103922 -0.4137684 0.7761918 0.1696615 -0.6072407 0.7459557 0.3118727 -0.5884605 0.7620636 -0.1310186 -0.6341083 0.7591236 -0.06693601 -0.6474959 0.5972833 -0.2103984 -0.7739414 0.5340765 0.7264862 -0.432412 0.4070062 0.7924765 -0.4542322 0.3323843 0.8102989 -0.4826349 0.5667571 -0.1769081 -0.8046676 0.5641182 -0.4112672 -0.7159819 0.3474621 -0.5650203 -0.7483462 0.3323112 0.8103217 -0.4826471 0.255451 0.8226199 -0.5079776 0.1759006 0.8469848 -0.5016732 0.1522079 -0.8222644 -0.548374 0.263442 -0.7523009 -0.6038557 0.08288681 -0.8332895 -0.546588 0.1758402 0.8470082 -0.5016548 0.09514647 0.8653321 -0.4920848 0.09514647 0.8653321 -0.4920848 0.009249567 -0.7754986 -0.6312815 0.08282011 -0.8332985 -0.5465845 -0.01920336 -0.8573827 -0.5143212 0.009398639 -0.5715218 -0.8205331 -0.01425528 -0.7098686 -0.70419 -0.05711519 -0.3106936 -0.9487926 0.1942715 -0.9795116 -0.05306249 0.04796808 -0.9979392 0.0426191 0.0976243 -0.9948665 -0.02664983 0.004392981 -0.9999737 -0.005768537 -0.0021559 -0.9937345 0.1117459 -0.01364815 -0.9721175 0.2340969 0.9975724 0.06301647 -0.02963763 0.9698946 0.1826606 -0.1610582 0.9976176 0.05975019 0.03448283 0.9973673 -0.05206865 0.05047208 0.9586048 0.01055926 0.2845442 0.9050804 0.03903067 0.4234456 0.753409 -0.239941 0.6122118 0.9160026 -0.2976682 0.2689477 0.971218 -0.09021317 0.2204478 0.9845002 -0.1183416 0.12944 0.9270902 -0.3189168 0.1969666 0.9377003 -0.0230785 0.3466778 0.9613053 -0.0228672 0.2745346 -7.01612e-4 -0.9998996 0.01415914 -0.08977836 -0.9871364 -0.1322933 0.002341926 -0.999805 0.01961094 0.01167082 -0.9997147 0.02084439 0.02100074 -0.9996345 0.01703298 -0.00143826 -0.9983922 0.05666691 -0.04485052 -0.9960294 0.07690107 -0.04484087 -0.9960267 0.07694244 -0.001532912 -0.9983787 0.05690085 -0.07950294 -0.9902085 -0.1147459 0.9970357 0.07681828 0.004342854 0.9908838 0.1338981 -0.01485621 0.9934464 0.04872512 0.1033934 0.9991332 -0.001839041 0.04158866 0.9326959 -0.01048046 0.3605117 0.9273515 0.1918116 0.3212906 0.9934136 0.04876649 0.1036888 0.7623395 -0.02910494 0.6465225 -0.9988016 -0.03709805 -0.03192579 -0.8691863 0.1488448 -0.4715511 -0.9712567 0.005080699 -0.2379803 -0.9219833 -0.03000336 0.3860657 -0.9999682 -0.004854023 -0.006337523 -0.8865733 -0.0454595 0.4603492 -0.8937399 0.06614971 0.4436817 -0.8936377 0.06643468 0.4438448 -0.9929372 0.02011853 0.116923 -0.8926672 0.1856988 0.4106841 -0.8863186 -0.04538184 0.4608471 -0.7997732 0.03212827 0.599442 -0.6091373 -0.01707577 0.792881 -0.8299539 -0.08468079 0.5513671 -0.7093858 -0.06791526 0.7015407 -0.2018648 0.9783986 -0.04457437 -0.03818714 0.9901484 0.1347148 -0.128964 0.9913577 0.02404576 0.08278805 0.9845862 0.1540661 0.07384735 0.9857776 0.1509611 -0.05743306 0.9981867 -0.01802837 0.016972 0.9973328 0.07098793 0.1532227 0.9682892 0.1973292 0.152983 0.9684238 0.1968544 0.02414506 0.9992826 -0.02917629 -0.1029275 0.9878861 -0.1161339 -0.02818101 0.9984083 -0.04885387 0.08941769 0.9809604 -0.1723983 0.02416938 0.9992818 -0.02918714 0.1914618 0.9405611 -0.2805122 0.2608605 0.8280224 -0.4963172 -0.990265 -0.05225974 -0.1290124 -0.9076314 -0.01546281 -0.4194834 -0.9715608 0.002096176 -0.2367811 -0.9952171 -0.06022953 -0.07691252 -0.995998 0.05879008 -0.06731933 -0.9676822 -0.2171 -0.1282915 -0.9755682 0.0770424 -0.2057456 -0.6240551 0.02707093 -0.7809114 -0.7965186 9.319e-5 -0.604614 -0.975638 0.07686322 -0.2054815 -0.9183793 0.0573371 -0.3915254 -0.9957758 0.01490116 -0.09060192 -0.9954671 0.09323048 -0.01880002 -0.9944615 0.1040728 -0.01466679 -0.1834063 0.8833354 -0.4313709 -0.05637848 0.9901963 -0.1278002 -0.0573914 0.706515 -0.7053672 -0.2528713 0.6019858 -0.7574095 -0.5338844 0.6637589 -0.5238241 -0.3092133 0.6065843 -0.7324225 -0.1703137 0.5982754 -0.7829815 -0.07655817 0.6797364 -0.72945 -0.07733923 0.6801043 -0.7290246 -0.2074076 0.7045145 -0.6787058 -0.1956509 0.9141895 -0.3549346 -0.09771525 0.9877423 0.1217248 -0.2378559 0.964234 0.1169508 -0.05641853 0.9902657 -0.1272432 -0.04972028 0.8663142 0.4970188 -0.09771448 0.9876713 0.1223002 -0.04958385 0.8662893 0.4970759 -0.07502937 0.7403166 0.6680583 -0.04733681 0.5584176 0.8282084 -0.04970961 0.8661526 0.4973014 -0.01196897 0.2995765 0.9539973 0.4856701 0.6970794 -0.5274514 0.2836198 0.6998113 -0.6556097 0.3272917 0.740045 -0.5875489 0.3009293 0.8914451 -0.3387734 0.3271317 0.7402414 -0.5873904 0.2073286 0.9486265 -0.2390038 0.1271327 0.948036 -0.2916594 0.4102487 0.793673 -0.4491984 0.4517465 0.7247951 -0.5201896 0.5943691 0.7342447 -0.3280399 0.3010836 0.8914371 -0.3386571 0.3626103 0.9098598 -0.2016649 0.5953691 0.7254492 -0.3453391 0.5957049 0.7253355 -0.3449987 0.5945508 0.7342705 -0.3276526 0.440261 0.8919937 -0.1025555 0.3795351 0.9205493 -0.09242308 0.3627228 0.9098702 -0.2014163 0.2118253 0.9766072 -0.03699404 0.3884597 0.9208455 0.03380328 0.281022 0.9596862 0.005386352 0.6600411 0.7508907 0.02255952 0.6421017 0.7647054 0.05413973 0.6618049 0.7223011 0.2007372 0.1826869 -0.427594 -0.8853186 -0.008907496 -0.1769788 -0.9841744 0.0994274 -0.06012237 -0.9932269 -0.02178543 0.01733207 -0.9996124 -4.31967e-5 0 -1 0.001096904 0.009233772 -0.9999569 -0.2308248 -0.1201649 -0.9655467 -0.215015 -0.331602 -0.9185907 -0.1070754 0.100501 -0.9891585 -0.2039336 0.1333575 -0.9698593 -0.231335 -0.1200203 -0.9654426 -0.5946348 0.08091557 -0.799914 -0.02024513 0.01082801 -0.9997365 -0.01408374 -0.01103001 -0.99984 0.05403643 0.02655231 -0.9981859 0.05970144 0.1370921 -0.9887576 -0.1072383 0.1006637 -0.9891242 0.01873999 0.4664185 -0.8843657 -0.01619583 -0.03013867 -0.9994145 -0.04421412 -0.007088124 -0.998997 0.09956306 -0.06001615 -0.9932197 0.1733226 0.1034988 -0.9794117 0.4321427 0.09761565 -0.8965065 -0.03871852 0.02391916 -0.9989639 0.5255599 0.2758293 -0.8048014 0.4547353 0.4202959 -0.7852181 0.640667 0.2053611 -0.7398465 0.5915201 0.2652136 -0.7614235 0.7452809 0.2168124 -0.6305147 0.9617783 0.0396254 -0.2709473 0.9900427 -0.02563828 -0.1384133 0.990109 -0.02584689 -0.1378999 0.9951652 0.0683462 -0.07053434 0.9430087 0.02116215 0.3320948 0.5914957 0.2656892 -0.7612767 0.7315211 0.3518323 -0.5840299 0.6178829 0.3806379 -0.687994 0.6180084 0.3801672 -0.6881414 0.7450454 0.2169538 -0.6307444 0.676554 0.1863142 -0.7124338 -0.1185929 -0.9837836 -0.1345567 -0.3988796 -0.811524 -0.4269939 -0.2548382 -0.852948 -0.4555627 -0.2549592 -0.8527572 -0.455852 -0.5340654 -0.6566157 -0.5325694 -0.5971363 -0.4289214 -0.6778309 -0.4384827 0.03156715 0.8981851 -0.5767195 -0.008105635 0.816902 -0.4227686 0.05009377 0.9048522 -0.6429011 -0.02868598 0.765412 0.03772294 -0.1266098 -0.9912351 0.1494732 -0.5768287 -0.8030731 0.1623106 -0.1898497 -0.9683039 0.2077621 -0.2710172 -0.9398854 0.1497001 -0.5768914 -0.8029859 0.048859 -0.6919828 -0.7202588 0.3848371 -0.002453684 0.9229813 0.567503 -0.01982527 0.8231327 0.4336013 0.03583431 0.9003921 0.6518269 -0.02836841 0.7578371 -0.07991987 -0.05123364 -0.9954838 0.4743097 -0.04230111 -0.8793413 0.2126942 -0.08973002 -0.9729902 0.4747388 -0.042472 -0.8791015 0.6718741 -0.004969596 -0.7406488 0.8470446 -0.0379371 -0.5301664 0.02254664 -0.001831591 0.9997441 0.4809793 -0.01906329 0.8765248 0.2465769 0.03312999 0.9685569 0.4814409 -0.01878166 0.8762774 0.7274616 0.02228361 0.6857865 0.8762428 0.1028599 0.4707638 0.9528979 -0.01191031 -0.3030573 0.9055229 0.009561061 -0.4241896 -0.06972479 0.05487352 0.996056 0.4756517 0.04280257 0.8785918 0.2174282 0.09121811 0.9718046 0.4760928 0.04297226 0.8783445 0.672181 0.004218459 0.7403749 0.8450876 0.03522533 0.5334662 0.09688925 -0.9734334 -0.2074607 0.1037312 -0.9681606 -0.2278265 -0.05616182 -0.9644089 -0.2583822 0.110538 -0.9624128 -0.2480787 0.08601778 0.04925221 -0.9950755 -0.4743714 0.02707803 -0.8799083 -0.2145999 0.07969081 -0.9734457 -0.4748208 0.02720552 -0.8796619 -0.6604635 -0.00306344 -0.750852 -0.8392646 0.02923965 -0.5429364 -0.07166552 -0.04714781 -0.9963138 0.481386 -0.02600193 -0.876123 0.2189599 -0.07767879 -0.9726369 0.4818772 -0.02614235 -0.8758487 0.6893929 0.02825164 -0.7238366 0.8632265 0.004745483 -0.5047944 -0.2610266 -0.02026855 0.9651189 -0.04156231 -0.008225619 0.9991021 -0.2115196 -0.04424405 0.9763718 -0.3627371 -0.02498662 0.9315565 -0.04193025 -0.008636176 0.9990832 -0.1156312 -0.08964782 0.9892385 0.181018 -0.01081788 -0.9834204 -0.1972852 -0.01750284 -0.9801899 -0.01086062 0.02255904 -0.9996865 -0.01113367 0.02290719 -0.9996756 -0.4016044 -0.02554523 -0.9154568 -0.6789669 0.0312485 -0.7335036 -0.07582396 0.05120098 0.9958059 0.4700614 0.0290997 0.882154 0.213088 0.08135426 0.9736402 0.4705191 0.02928382 0.8819038 0.6614708 -0.00740683 0.7499344 0.8364351 0.02230077 0.5476121 0.8906705 -0.1139844 -0.4401292 0.4889112 -0.06314581 -0.8700452 0.7365014 -0.04903268 -0.6746566 0.4885076 -0.06286203 -0.8702924 0.4885529 -0.06279003 -0.8702722 0.2806398 0.08335536 -0.9561868 0.1601185 -0.9534996 -0.2553443 -0.2942156 -0.9121851 -0.285229 -0.2940332 -0.9122854 -0.2850965 -0.45756 -0.7898111 -0.4084573 -0.8809537 -0.03247481 0.4720868 -0.6283074 -0.09832447 0.7717268 -0.8005505 -0.04754889 0.597376 -0.6282923 -0.09830898 0.771741 -0.6282906 -0.09831255 0.7717419 -0.6026769 -0.07264691 0.7946717 0.9074714 -0.2852591 0.3084203 0.5613428 -0.8220225 0.09577739 0.6344251 -0.5856486 0.5045003 0.5610446 -0.8222764 0.09534519 0.5610643 -0.8222656 0.09532189 0.4196031 -0.9012727 -0.1078934 -0.3983128 -0.5631917 0.7239905 -0.3449208 -0.7184928 0.603985 -0.3615573 -0.76065 0.539155 -0.3616069 -0.7606748 0.5390867 -0.3449408 -0.7185207 0.6039405 -0.3653259 -0.7625265 0.5339385 0.05649578 -0.8358955 0.5459733 0.103056 -0.3297612 0.9384227 0.09963655 -0.2968333 0.9497172 0.09967041 -0.2962933 0.9498822 0.1030502 -0.3292278 0.9386106 0.1126373 -0.04661464 0.9925422 0.8462468 -0.1167865 0.5198338 0.650811 -0.3201929 0.6884196 0.67982 -0.4875087 0.5478869 0.5970404 -0.6440771 0.4782338 0.6347156 -0.383698 0.6707548 0.337475 -0.8514583 0.4014095 -0.8343175 0.03508687 -0.5501668 -0.4147256 -1.01626e-5 -0.9099466 -0.6470177 -0.03582286 -0.761633 -0.4142681 -2.93359e-4 -0.9101549 -0.4142904 -3.33495e-4 -0.9101448 -0.1275721 -0.1633462 -0.978286 0.9575228 -0.0786696 -0.2774191 0.8766008 0.04011362 -0.4795438 0.8765985 0.04010081 -0.4795487 0.8763472 0.0403949 -0.4799834 0.7469605 0.00765109 -0.6648244 0.5801492 0.05141538 -0.8128859 -0.2699067 -0.09376049 0.9583107 -0.3602349 0.001063466 0.932861 -0.131468 0.04133653 0.9904582 -0.1310634 0.04173207 0.9904953 -0.1310582 0.04171532 0.9904966 0.01245939 0.1753373 0.9844296 -0.147045 -0.1481695 -0.9779692 -0.1349553 -0.01093912 -0.9907913 -0.1350148 0.06316727 -0.9888281 -0.1069627 0.2486599 -0.9626668 0.02677446 0.8516602 0.5234102 0.03992432 0.4635131 0.8851903 0.0297659 0.6769919 0.7353883 0.04013639 0.4631121 0.8853905 0.02392452 0.2457759 0.9690314 0.04012453 -0.06696766 0.996948 0.1507007 0.3645831 0.9188953 0.04294574 0.9325752 0.3584119 0.09747499 0.7095879 0.6978422 0.05127 0.9245542 0.3775856 0.04283833 0.9327813 0.3578884 0 1 -5.37098e-7 0.03465068 0.940196 0.3388668 0.03714257 0.4825929 0.8750569 0.01994085 -3.62329e-4 0.9998011 -0.3934258 -0.8558161 0.3358499 -0.5252346 -0.8006044 0.2883769 -0.4447322 -0.8625099 0.2414332 -0.4797801 0.8739466 0.07764363 -0.474079 0.8798854 0.03241783 -0.988441 -0.0495876 0.1432672 -0.999347 5.84144e-4 0.03612887 -0.9546697 0.2954183 0.0365228 -0.7219292 0.6906101 0.04331296 -0.4740647 0.8798958 0.03234767 -0.4535765 0.8911296 -0.01251381 0.1336004 0.7812563 0.6097455 0.1702613 0.8417482 0.5123195 0.2009286 0.8843603 0.4213486 0.3138644 -0.729065 0.608238 0.4257453 -0.656439 0.6227592 0.2010933 0.8845397 0.4208931 0.2296484 0.9172931 0.3253233 0.4151406 0.8246454 0.3842111 0.6630718 -0.1269479 0.7377128 0.549869 -0.2771552 0.787927 0.7339603 -0.1162637 0.6691675 0.5947595 0.4795724 0.645191 0.7657275 0.146353 0.6262925 0.4438239 0.6532639 0.6134058 0.3462682 0.9070447 0.2395167 0.03204762 0.9994298 0.01063698 0.06402772 0.9977213 0.02127736 0.9719479 -0.2089949 0.1078821 0.8353824 -0.549668 0.001210927 0.9584549 -0.2707521 -0.08976393 0.8866915 -0.4623554 0.002413511 0.01207512 0.9998925 -0.008329629 0.03202098 0.9994306 0.01063907 0.0158258 0.9998747 -5.62889e-4 0.03160524 0.9994999 -0.001122713 0.2853206 0.9527288 -0.1044035 0.01206856 0.9998924 -0.008347451 0.2853228 0.952729 -0.1043957 0.285804 0.9525646 -0.1045798 0.4927861 0.8265696 -0.2719278 0.5962406 0.7241446 -0.3465713 0.829243 0.3637148 -0.4243437 0.7345145 0.3628768 -0.5734186 0.7705989 0.2366398 -0.5917593 0.596109 0.7241487 -0.3467891 0.6151053 0.6599913 -0.4313433 0.316814 0.8967677 -0.3089281 0.6615558 -0.3363611 -0.6702277 0.474885 -0.7062456 -0.5250728 0.5188209 -0.530771 -0.6701546 0.3166815 0.8968021 -0.3089644 0.2331041 0.9166898 -0.3245652 0.1686697 0.9175162 -0.3601591 0.3965336 -0.5213349 -0.7556263 0.3963577 -0.7347752 -0.55046 0.3149981 -0.7576065 -0.5716717 0.1685883 0.9175135 -0.360204 0.103247 0.9133966 -0.3937598 0.04503476 0.8862971 -0.4609226 0.4098606 -0.2718258 -0.8707039 0.1273633 -0.1205298 -0.9845055 0.1861802 -0.08599829 -0.9787448 -0.01257187 0.8092645 -0.58731 0.04490047 0.8862332 -0.4610584 -0.01257508 0.8092251 -0.5873641 -0.01127868 0.7624953 -0.6468955 -0.140948 0.006966114 -0.9899925 -0.215792 -0.4467746 -0.8682317 -0.2154876 0.3534326 -0.9103025 -0.3709472 0.5692519 -0.7337237 -0.4177436 0.5744064 -0.7039515 0.629349 0.03768658 -0.7762085 0.9606853 0.07428455 -0.2675176 0.7705578 0.002510309 -0.6373654 0.8948889 0.02416068 -0.4456346 0.9607686 0.07396787 -0.2673058 0.9943361 0.05025017 -0.09365272 0.9957778 0.02558183 0.0881595 0.8965898 -0.01628071 0.4425628 0.9736542 -0.02560752 0.2265872 0.9735938 -0.02572399 0.2268332 0.776724 0.02458089 0.6293614 0.6257213 -0.01133447 0.7799643 0.9997457 -0.02231186 0.003293097 0.9986395 -0.05214703 -2.95048e-4 1 1.77784e-5 0 0.9074916 0.1072367 0.406152 0.9882038 0.08896106 0.1246563 0.9646708 0.03258574 0.2614353 0.9573243 0.003048181 0.2889997 -0.00456804 0.007223844 -0.9999635 0.5712326 0.01769763 -0.8205975 0.1751651 -0.02534955 -0.9842127 0.4317574 -0.0308541 -0.901462 0.5713189 0.01747673 -0.820542 0.6641975 0.01486414 -0.7474094 0.2800757 -0.110933 0.9535468 0.480256 0.03644573 0.8763709 0.4802584 0.03645521 0.8763692 0.6478267 0.1815427 0.7398397 -0.5659855 -0.02008473 -0.8241706 -0.8818978 -0.03582596 -0.4700775 -0.8104166 -0.1624281 -0.5628874 -0.892384 -0.2366739 -0.3842349 -0.9709997 -0.09740281 -0.21834 -0.9647386 -0.2619079 -0.02614921 0.07123059 -0.02907186 -0.9970362 0.3498881 0.02231299 -0.9365258 0.1803203 -0.02081936 -0.9833876 0.1804203 -0.02087885 -0.983368 0.5761407 0.02600973 -0.8169367 0.7915444 0.009544551 -0.6110373 0.582629 0.08180266 0.8086111 0.6154136 0.114264 0.7798781 0.6154672 0.1143198 0.7798277 0.6464559 0.1462986 0.7487934 -0.9696151 0.2220035 -0.1027666 -0.8898552 0.07784479 -0.4495531 -0.8471485 0.05758941 -0.5282261 -0.715673 -0.0295791 -0.6978089 -0.7490877 0.01870065 -0.6622069 0.9064893 0.03029739 -0.4211404 0.5713666 0.02224403 -0.8203935 0.7527098 0.06142526 -0.6554808 0.5709092 0.02238464 -0.8207081 0.4057658 0.005396246 -0.9139613 0.1643437 0.0406292 -0.9855661 0.009102165 0.9999166 0.009166479 -0.001712977 0.99998 -0.006094217 -0.007466793 0.9999663 -0.003409922 -0.1965982 0.9804329 -0.01002913 -0.1702225 0.9752575 -0.141057 0 1 -7.54421e-7 0 1 9.21965e-7 0 1 -1.39838e-6 0.1007018 0.9718531 -0.2129803 0 1 -5.58331e-7 0.1354789 0.9708049 -0.1979481 -0.003293275 0.999994 -0.001033127 -0.003293275 0.999994 -0.001033008 0.235841 0.9630544 -0.1300204 0.2358075 0.9630649 -0.130003 -0.003522157 0.9999932 -0.001152217 0.2115018 0.9766806 -0.03690481 -0.01057189 0.9999414 0.002394378 -0.00344336 0.9999917 0.002185642 0.320495 0.9470009 0.0217359 0 1 -1.29625e-7 0 1 8.82544e-7 -0.003305971 0.9999925 0.002037525 0 1 -7.03009e-7 0.1492617 0.9855542 0.08002471 0.1492492 0.9855561 0.08002531 0 1 3.69307e-7 0 1 -6.84159e-7 0 1 -1.09339e-6 -0.003567934 0.9999575 -0.008511185 -0.001358807 0.9997962 -0.02014589 0.1678733 0.9742591 0.1504583 0.1142713 0.9871138 0.1120194 -0.00135982 0.9997954 -0.02018493 0.002198517 0.999886 -0.01493662 0.1678698 0.9742562 0.1504819 0.002196788 0.9998859 -0.01494383 -0.1152268 0.9724687 0.2025519 -0.160144 0.9765097 0.1441621 0.008129239 0.9997418 -0.02121853 0.0049088 0.9999418 -0.009604692 -0.1972808 0.9797188 0.03509354 0 1 -3.70929e-7 0 1 0 0.005256652 0.9999828 0.002595543 -0.1459463 0.9547259 -0.2592263 0 1 1.45185e-6 -0.01491379 0.9893583 -0.1447339 -1.44057e-4 0.999998 0.002044618 -0.06537395 0.9009274 0.4290176 -0.3848251 0.8078953 0.4463351 -0.1633114 0.948399 0.2717882 -0.222665 0.9545884 0.1979434 0.1392781 0.9353465 0.3251594 0.0366683 0.9300414 0.3656207 -0.8410516 -0.07557028 -0.5356505 -0.9959827 -0.06327992 -0.06335771 -0.940144 -0.04339909 -0.3380026 -0.9960296 -0.06299847 -0.06289917 -0.9746434 -0.1131495 0.1930476 -0.9164312 -0.08791917 0.3904153 0.3830614 -0.02354472 -0.9234228 0.8291162 -0.04335445 -0.5573929 0.4915972 -0.01218825 -0.8707376 0.8836545 -0.05605012 -0.4647722 0.905094 -0.02862745 0.424247 0.9975377 -0.02983367 -0.06347018 0.9849612 0.003989815 0.1727302 0.9975087 -0.02967703 -0.06399941 0.9538481 -0.07176136 -0.2915891 0.8473251 -0.03764492 -0.5297387 0.128076 -0.03801608 0.9910356 -0.3720318 0.0115267 0.9281485 -0.2958741 -0.02884048 0.9547916 -0.474761 0.006565392 0.8800904 -0.3725354 0.0114777 0.927947 -0.8197457 -0.05367577 0.5702068 -0.4747646 0.006586194 0.8800882 -0.8197672 -0.05366331 0.5701771 -0.8814844 -0.06716752 0.4674119 0.06507408 0.9581627 -0.2787286 0.01377928 0.9910969 -0.1324277 0.9588205 0.04930317 0.2797011 0.8322555 -0.2846659 0.4757271 0.9587488 0.04926586 0.2799531 0.5896332 -0.1257545 0.7978211 -0.1200609 -0.8449419 0.5212088 -0.2314956 -0.9727779 0.01062762 -0.08826339 -0.9958985 0.01989895 0.06701093 -0.9879938 -0.1392037 0.633327 -0.02027398 -0.7736188 0.4015479 0.08288037 -0.9120801 0.5529062 -0.1830633 -0.8128854 0.4066222 0.001611292 -0.913595 0.05426764 -0.01553708 -0.9984055 0.02046436 -0.008934915 -0.9997507 0.006649434 -0.004122257 -0.9999695 0.2302983 -4.18991e-4 -0.97312 0.005336046 -0.001396834 -0.9999849 0.3863758 0.003221452 -0.9223358 0.06995129 0.8496189 0.5227376 -0.1728894 0.9174663 0.3582804 -0.01377421 0.7377527 0.6749306 -0.5840454 0.7323463 0.3500856 -0.1731012 0.917506 0.3580763 -0.6016229 0.7514444 0.2708899 -0.9906523 -0.04914587 -0.1272512 -0.9964 -0.02336615 -0.08149367 -0.06831395 0.9838905 -0.1652057 -0.3366179 0.8878746 -0.3136353 -0.06546127 0.9970147 -0.040946 -0.2212263 0.9578472 -0.183269 -0.3370817 0.8876498 -0.3137734 -0.3719675 0.9071164 -0.1969265 -0.06571668 0.9970087 -0.04068422 -0.3716459 0.9073349 -0.1965265 -3.91483e-4 0.9998878 -0.01497322 -0.8959994 0.01445084 0.4438201 -0.9935871 0.04120612 -0.105293 -0.9855503 -0.01179021 0.1689727 -0.9935321 0.04103636 -0.1058781 -0.947056 0.07026779 -0.3132848 -0.8395335 0.0289697 -0.5425353 0.006406724 0.9999784 0.001438498 -0.0510683 0.9889749 -0.1389991 0.003931105 0.9988207 0.04839456 0.003928065 0.9988217 0.04837059 0.01029461 0.9995524 0.02809453 0.001309573 0.9998055 0.01967948 0.7120475 -0.08232253 -0.6972886 0.5348232 0.04083168 -0.8439769 0.5348109 0.04081612 -0.8439854 0.5344066 0.04110896 -0.8442273 0.3182442 0.004992067 -0.9479957 0.08650773 0.0495274 -0.9950194 0.906703 0.03052878 -0.4206634 0.997481 0.02879869 0.0648266 0.9854145 -0.003816545 -0.1701291 0.9974501 0.02866852 0.06535762 0.9529545 0.07031691 0.2948447 0.8453403 0.03492397 0.5330855 0.06307756 -0.4719933 -0.8793427 0.007077038 -0.8851594 -0.4652341 -0.01519769 -0.790081 -0.612814 -0.01840007 -0.8626872 -0.5054033 0.06631666 -0.9708126 -0.2304891 0.01798057 -0.9998005 -0.008708834 -0.774219 -0.1493233 0.615051 -0.5775938 0.007147312 0.8162931 -0.5775867 0.007138133 0.8162981 -0.5771889 0.007424056 0.816577 -0.3380888 -0.01597511 0.9409787 -0.07023072 0.05516409 0.9960043 -0.8881259 -0.0695098 0.4543135 -0.6520205 0.01066249 0.7581264 -0.7779751 -0.09811896 0.6205865 -0.6549608 -0.08337146 0.7510497 -0.6520066 0.01067709 0.7581382 -0.6451383 -0.1214236 0.754356 -0.777987 -0.09847843 0.6205145 -0.6451377 -0.1219646 0.7542693 -0.6433205 -0.2696048 0.7165557 -0.9842401 0.07672351 -0.1593272 -0.9980338 0.009764909 -0.06191432 -0.9613854 -0.0348379 -0.2729918 -0.7876327 -0.07801997 -0.6111856 -0.9612587 -0.03521281 -0.2733893 -0.913604 -0.1458438 -0.379549 0.4572141 0.292893 0.8397434 0.186333 0.07124948 0.9798998 0.1229608 0.5125736 0.8497935 0.1226567 0.5125182 0.8498708 0.06242626 -0.0390371 0.9972859 0.0522319 0.1958302 0.9792458 0.7273191 0.01316559 -0.6861732 0.7324566 0.006035923 -0.680787 0.73258 0.005863308 -0.6806557 0.737751 -0.00142765 -0.6750715 0.06742441 0.8472691 0.5268672 -0.1791185 0.9133877 0.3655675 -0.03545558 0.6093715 0.7920918 -0.3272318 0.8247866 0.4611363 -0.3272449 0.82477 0.4611563 -0.6139505 0.7392079 0.276833 0.982097 -0.1343542 0.1320398 0.9820299 -0.1823254 -0.0487315 0.9999617 0.003315985 -0.008105337 0.9771139 -0.1064836 -0.1841461 0.9822166 0.0438596 -0.1825568 0.9831369 0.1763361 -0.048451 0.9787048 0.1785131 0.1013412 0.9834315 0.04722058 0.1750217 -0.01850032 -0.9959458 -0.08803224 -0.001001238 -0.9999995 -2.20574e-4 1.99017e-4 -1 -2.08107e-5 0.01561528 -0.9993903 0.03123003 -0.004242897 -0.9999892 -0.001933097 0.001642048 -0.9992043 0.03985255 7.968e-4 -0.9999995 -6.96433e-4 7.2891e-4 -0.9999995 -6.22836e-4 -0.001062631 -0.9999994 -2.94008e-4 -1.34206e-4 -0.999999 -0.001431822 7.59501e-4 -0.9999994 -8.90958e-4 -1.87543e-4 -0.9999982 -0.001871287 0.06117773 -0.996411 -0.0585035 -0.07475703 -0.9378405 -0.3389199 -0.07389724 -0.9070495 -0.4144883 -0.01867276 -0.9946387 -0.1017116 -0.01366806 -0.9992603 -0.03594702 -0.001472711 -0.9989979 -0.04473429 0.001635551 -0.9994627 -0.03273677 -8.04015e-5 -1 -1.1841e-4 0.001366138 -0.999999 2.51547e-4 -0.0657587 -0.9924769 0.1032742 0.01154416 -0.992203 0.1240971 0.04029119 -0.9207803 0.3879956 0.03419649 -0.9439394 0.328343 0.0174576 -0.9993161 0.0325973 1.11252e-4 -1 2.32528e-4 -0.006222307 -0.9981974 -0.05969399 -0.001419126 -0.9999931 -0.003454983 -0.001365602 -0.9999938 -0.003273785 5.16423e-4 -0.9999996 -8.00577e-4 0.002480983 -0.999992 -0.003171324 0.002517342 -0.9999918 -0.003190636 0.02935439 -0.9339687 -0.3561472 -0.1132375 -0.8881001 -0.4454836 -0.1727702 -0.5581153 -0.8115774 -0.1483228 -0.5366498 -0.8306668 -0.02254629 -0.8914634 -0.4525317 -0.008342921 -0.9459381 -0.32424 -0.09776937 -0.9777123 -0.1857949 -0.0963059 -0.994824 -0.03240966 -0.02813845 -0.9967952 -0.07488524 0.01454091 -0.999437 0.03024041 0.06988728 -0.7515039 0.6560166 0.07855039 -0.6618952 0.7454694 0.01264125 -0.9951004 0.09805786 0.02656328 -0.9982409 0.05300474 0.1047075 -0.9944164 0.01312845 0.1509138 -0.9268164 -0.3438552 0.1122891 -0.9050712 -0.4101674 0.1152374 -0.8594955 -0.4979839 -0.006237864 -0.9981895 -0.05982333 -0.01831614 -0.8964097 -0.4428478 -0.1035114 -0.8933269 -0.4373242 -0.1215727 -0.928657 -0.3504516 -0.1507046 -0.8808486 -0.4487693 -0.006244182 -0.9981945 -0.05973899 -0.0860421 -0.9641442 -0.2510433 -0.001429796 -0.999993 -0.003492891 -0.1925747 -0.5837281 -0.7887818 0.001201272 -0.482416 -0.8759415 -0.1283196 -0.1598294 -0.978769 -0.2103574 -0.08827066 -0.9736315 -0.1566622 -0.08950179 -0.9835886 -0.04545819 -0.5006662 -0.8644461 -0.02124059 -0.7027036 -0.7111657 -0.003393292 -0.6514889 -0.7586507 -0.2642788 -0.9419577 -0.2070569 0.08505004 -0.9962179 -0.01779139 0.007236182 -0.9999623 0.004797041 0.006379425 -0.9981569 0.06035166 0.0736249 -0.9844909 0.1592388 0.03406488 -0.9360926 0.3501003 0.05687195 -0.7530635 0.6554853 -0.003838002 -0.7280723 0.6854897 0.01951396 -0.3630362 0.9315707 0.0260691 -0.3477273 0.9372333 0.01648187 -0.2111344 0.9773181 0.02602177 -0.3471914 0.9374333 0.02726489 -0.09045583 0.9955272 -0.005537033 -0.09285241 0.9956645 0.008892953 0.04986083 0.9987167 0.008904039 0.04985409 0.9987168 0.02728712 -0.09017407 0.9955521 0.05858886 -0.001005947 0.9982818 0.06171625 -0.06784313 0.9957854 0.08125525 -0.1065027 0.9909868 0.09685122 -0.2260535 0.9692882 0.09961658 -0.2965695 0.9498017 0.08116799 -0.1070128 0.990939 0.09195333 -0.5229399 0.8473953 0.05860012 -0.001040935 0.9982811 0.09966176 -0.296313 0.9498769 0.0938031 0.004423856 0.995581 0.09382671 0.004510343 0.9955784 0.09686332 -0.2260408 0.96929 0.1063336 -0.0295577 0.9938912 0.09381699 0.004474878 0.9955794 0.1063292 -0.02958196 0.9938909 0.102982 -0.1020705 0.9894323 0.1002202 -0.3006118 0.9484664 0.09939843 -0.3102579 0.9454418 0.06503868 -0.7868927 0.613653 0.06766378 -0.9284022 0.3653642 0.1829596 -0.8672333 0.4630685 0.3371996 -0.8516193 0.4012993 0.158588 -0.9780943 0.1348391 0.00721091 -0.9999715 0.0022282 0.03600692 -0.997836 0.055018 0.05497211 -0.9977859 -0.03743475 0.02121329 -0.9982424 -0.05533826 0.2951061 -0.5263791 -0.7973943 0.1511505 -0.9266218 -0.3442756 0.1155682 -0.8592485 -0.4983333 -0.01393598 -0.5759685 -0.8173531 -0.01698142 -0.6410132 -0.7673421 -0.1036248 -0.8930659 -0.4378303 -0.2137036 -0.5700515 -0.7933297 -0.184418 -0.8342432 -0.5196425 -0.2969361 -0.2096833 -0.931591 -0.2093389 -0.7729506 -0.5989363 -0.2782066 -0.5806658 -0.7651329 -0.2780855 -0.5811114 -0.7648386 -0.1844097 -0.8342794 -0.5195874 -0.08624905 -0.9639953 -0.2515435 -0.326085 -0.1641907 -0.9309726 -0.3106638 0.1000868 -0.9452358 -0.300301 -0.03522008 -0.9531941 -0.3260799 -0.1641926 -0.9309741 -0.2969561 -0.1533467 -0.9424977 0.04307937 -0.2977665 -0.9536662 -0.3106731 0.09981888 -0.945261 -0.2969524 -0.1530758 -0.9425429 -0.2723506 0.03349685 -0.9616149 -0.1627503 -0.03210097 -0.986145 -0.1227295 -0.08610683 -0.9886977 -0.09335833 -0.09176313 -0.9913949 -0.08825987 0.008140504 -0.9960643 -0.03083699 -0.2132105 -0.9765196 -0.005832314 -0.07552337 -0.9971271 -0.1337696 -0.1511278 -0.9794214 -0.01413917 -0.5755482 -0.8176457 -0.2138187 -0.5695759 -0.7936403 -0.2429428 -0.6961545 -0.6755353 -0.1198366 0.01524645 -0.9926766 -0.1333804 -0.1507385 -0.9795345 -0.09919881 -0.1356064 -0.9857842 0.07746827 -0.1289087 -0.988626 0.07771086 -0.1287975 -0.9886214 -0.1193089 0.01529407 -0.9927394 0.1726092 0.02019566 -0.9847833 0.2832616 -0.2534907 -0.9249353 0.4058355 0.01182341 -0.9138697 0.001704931 -0.5328345 -0.8462179 -0.01079303 0.004723012 -0.9999306 -6.81801e-4 -0.1575227 -0.9875152 5.19584e-4 -0.05984508 -0.9982076 -0.05149263 -0.09173434 -0.9944512 6.43711e-4 -0.4754286 -0.8797542 -0.07820934 5.56114e-4 -0.9969369 -0.2231896 -0.08994936 -0.9706161 -0.09090244 -0.3762506 -0.9220479 -0.3191931 -0.4069819 -0.8558514 -0.4522405 -0.1434497 -0.8802846 -0.6286337 -0.1554474 -0.7620078 -0.5802796 0.03373152 -0.8137186 -0.8043518 0.04494929 -0.5924508 -0.7656595 -0.1215396 -0.6316595 -0.7758926 -0.2446694 -0.5814874 -0.6287176 -0.155883 -0.7618497 -0.5820378 -0.3465976 -0.7355965 -0.613331 -0.4995207 -0.6118041 -0.9004119 0.03323811 -0.4337669 -0.9638267 0.06230914 -0.2591444 -0.9638839 0.06195652 -0.259016 -0.8950852 -0.1558444 -0.4177739 -0.9515168 -0.207949 -0.2266561 -0.9639676 0.06222313 -0.2586404 -0.9804259 -0.03195971 -0.1942771 -0.9814487 -0.1778088 -0.07171076 -0.9813883 -0.1781051 -0.07180273 -0.9515144 -0.2081513 -0.2264801 -0.9232478 -0.37288 -0.09259748 -0.9813525 -0.1783488 -0.0716874 -0.8300032 -0.5516927 -0.08203661 -0.7028193 -0.711258 -0.01253628 -0.7885132 -0.6147835 -0.01697629 -0.9659746 -0.2507297 0.06346511 -0.9658419 -0.2512503 0.0634256 -0.7028264 -0.7112515 -0.01250725 -0.6117238 -0.7798568 0.1327309 -0.7586879 -0.6286548 0.1708388 -0.8783142 -0.364067 0.3098702 -0.8780928 -0.3645662 0.3099105 -0.9728455 -0.06797337 0.2212497 -0.8915459 -0.1138296 0.4383933 -0.7930232 -0.2175868 0.5690081 -0.7151582 -0.5052455 0.4829862 -0.7314341 0.1011753 0.6743648 -0.7078216 0.001728951 0.7063892 -0.7927342 -0.2178531 0.5693089 -0.7310621 0.1012259 0.6747604 -0.6695393 -0.1246235 0.7322473 -0.4212583 -0.01267331 0.9068522 -0.7076003 0.001950621 0.7066103 -0.4211424 -0.01289498 0.906903 -0.2743732 0.02517157 0.9612939 -0.1127676 0.001356124 0.9936205 -0.04352861 -0.01823437 0.9988858 -0.0298829 -0.1613704 0.9864414 -0.1131 8.79073e-4 0.9935832 -0.1020699 -0.5213214 0.8472343 -0.2739123 0.02524274 0.9614235 -0.02968406 -0.160989 0.9865097 -0.05600792 -0.1157997 0.9916923 0.001377046 -0.0472036 0.9988843 -0.02352756 0.1304535 0.9911753 0.001378893 -0.04670214 0.998908 -0.01764863 -0.05686038 0.9982262 -0.9182465 0.1717146 0.356844 -0.3241367 0.02024376 -0.9457937 0.08955955 -0.9329444 -0.3487031 0.05942159 -0.9956901 -0.07120734 0.006244599 -0.999814 0.01824617 0.02683323 -0.9989045 0.0383383 0.03817057 -0.9992713 1.50763e-4 8.94108e-4 -0.9999994 -7.19133e-4 -0.06241595 -0.9979707 0.01260274 -2.52058e-5 -0.9999814 0.006111085 -6.5422e-4 -0.9999657 -0.008261084 0.004920899 -0.9998487 0.016685 0.003116607 -0.9998569 0.01663327 -0.0719105 -0.9955124 0.06151515 -0.1747622 -0.8679586 0.464872 -0.07191276 -0.9955173 0.06143122 -0.6180251 -0.7475866 0.2432267 -0.3579472 -0.9262177 0.1182988 -0.06357556 -0.9979336 0.009315431 -0.0171194 -0.9987245 0.04750287 0.002081096 -0.9999772 0.006422519 2.41983e-4 -0.9999967 0.002548754 -0.03084391 -0.9990703 0.03012084 -2.42253e-4 -0.9797738 0.2001082 -0.01368927 -0.929841 0.3677068 7.99561e-4 -0.7734095 0.6339063 -0.03653699 -0.6808461 0.7315146 1.57347e-4 -0.4200437 0.9075039 -0.05093097 -0.238806 0.9697307 1.73699e-4 -0.4195415 0.9077361 -0.1019227 -0.5218052 0.846954 -0.1140338 -0.9367163 0.3309969 -0.2350817 -0.9718487 0.01570922 -0.005650162 -0.9991399 -0.04108148 0.0131573 -0.9997535 0.01788747 4.10383e-4 -0.9999994 -0.00109595 -0.04123693 -0.9989693 -0.01897555 -0.04692637 -0.9971258 0.05948305 -0.2569288 -0.9308485 0.2598246 -0.6334851 -0.6152368 0.4692338 -0.257366 -0.9306455 0.2601186 -0.6356615 -0.530862 0.5604642 -0.2348979 -0.9702206 0.05911761 -0.4665358 -0.8767135 0.1171234 -0.3932793 -0.9002884 0.1865808 -0.3542505 -0.9336112 0.05363619 -0.2851081 -0.9575212 0.0432049 -0.3928171 -0.9005128 0.1864714 -0.5405266 -0.8309645 0.1316404 -0.4915302 -0.870798 -0.01044034 -0.2848784 -0.957594 0.04310661 -0.2750198 -0.9613708 -0.01142203 -0.0412141 -0.9989699 -0.01899033 -0.2379763 -0.9692053 -0.06331253 -0.2385318 -0.9690698 -0.06329518 -0.5606805 -0.8279803 -0.009280264 -0.7102997 -0.7028949 -0.03759354 -0.008085072 -0.9908779 -0.1345202 -0.1599418 -0.9869304 0.01967763 -0.05146336 -0.998185 0.03127592 0.002583146 -0.9999575 0.008849918 -0.1181869 -0.9838871 -0.1341572 -0.2111148 -0.9057694 -0.3674404 -0.05614864 -0.8274427 -0.5587359 0.001839458 -0.9586954 -0.2844289 -3.29043e-7 -0.9999361 -0.0113154 -8.7407e-4 -0.9999987 -0.001359462 -0.01600545 -0.9993126 -0.03344017 -5.87057e-5 -0.9964129 -0.08462607 -6.32644e-4 -0.9557359 -0.2942253 1.66513e-4 -0.7590838 -0.650993 -2.71755e-5 -0.6624535 -0.7491031 -0.002182781 -0.4706196 -0.8823336 0.001973628 -0.4300237 -0.9028155 -7.16107e-4 -0.1577832 -0.9874735 -0.007443845 -0.08178877 -0.996622 0.006517231 -0.04834967 -0.9988092 0.002299249 -0.999982 0.005546391 0.01552599 -0.9986578 0.04941427 -0.08285731 -0.9965078 0.01033598 -0.06386733 -0.997914 0.009424805 -0.006300806 -0.830699 0.5566864 -0.02918368 -0.4332666 0.9007932 -0.055826 -0.115844 0.9916974 0.138637 9.91146e-4 0.9903429 0.09371829 0.004267394 0.9955896 0.1002561 -0.02965998 0.9945195 -0.04481828 -0.09128868 0.9948154 0.09754008 -0.04304671 0.9943003 0.1029617 -0.1023483 0.9894058 0.1642007 -0.1401345 0.9764223 0.1015244 -0.1952194 0.9754908 0.3092631 -0.1195585 0.9434311 0.3476489 -0.5048116 0.7901301 0.1465461 -0.5784896 0.8024176 -0.08617407 -0.2383863 0.9673396 -0.1168961 -0.7113778 0.6930202 -0.2804474 -0.4287274 0.8588028 -0.147244 -0.3872327 0.9101483 -0.2746574 -0.3185676 0.9072364 0.4992213 -0.1292644 0.8567782 0.6504042 -0.3206004 0.6886144 0.5961226 -0.009183228 0.802841 0.3633271 -3.33654e-4 0.9316616 0.459452 -0.8001742 0.3855195 0.1137994 -0.9929072 0.03442567 0.1222357 -0.9921065 -0.02798765 0.1271998 -0.9891496 -0.07350689 0.3411355 -0.9393205 0.03610652 0.6115878 -0.7832314 -0.1118434 0.465643 -0.8566787 -0.2219876 0.394273 -0.8781875 -0.2708055 0.5036038 -0.7888897 -0.3521879 0.8621026 -0.279551 -0.422647 0.966246 -0.2357579 -0.10386 0.9914814 0.04655629 -0.1216443 0.9036869 0.1101963 -0.4137715 0.7729221 0.05745434 -0.6318944 0.7755233 -0.1377046 -0.6161177 0.7200738 -0.4798012 -0.501283 0.6780934 0.06479263 -0.7321143 0.6297451 -0.08194172 -0.7724679 0.5973548 -0.2098472 -0.7740358 0.6779859 0.0645529 -0.732235 0.5141258 -0.07718801 -0.8542346 0.6294785 -0.08201783 -0.7726772 0.5138905 -0.07700771 -0.8543925 0.4062709 0.01186895 -0.9136756 0.4184753 -0.1675876 -0.8926326 0.5139126 -0.07730251 -0.8543525 0.2929005 -0.3299574 -0.897406 0.2916532 -0.3986045 -0.8695132 0.5138453 -0.07761174 -0.8543651 0.3655854 -0.5635122 -0.7408113 0.9959208 0.0902279 8.74795e-4 0.984674 -0.09195148 0.1481961 0.9865401 0.06646162 0.1494039 0.9154371 0.0281918 0.4014727 0.9400532 -0.1088297 0.3231965 0.9049209 -0.1254891 0.4066579 0.7745189 -0.01035004 0.6324663 0.6573114 -0.2464513 0.7121822 0.8407527 -0.5099053 0.182021 0.8017492 -0.5950349 0.05596053 0.9212759 -0.3843488 0.05938798 0.8016133 -0.5952373 0.05575633 0.7303116 -0.6800746 0.06437009 0.7391002 -0.6522012 0.1684175 0.4332135 -0.8971833 0.0859546 -0.1843497 -0.8946894 0.4068739 0.02241671 -0.8578608 0.513393 0.02018779 -0.7157855 0.6980284 0.02256518 -0.8575813 0.5138535 0.09403508 -0.4027915 0.9104486 0.2528361 -0.9469349 0.198465 0.03138214 -0.9653068 0.2592258 0.04160112 -0.9968203 0.06796115 -0.1631364 -0.9839959 0.07168501 -0.1130213 -0.9918364 -0.05905038 0.03294092 -0.9969775 -0.07036364 0.2044428 -0.9788672 0.004711627 -0.9754956 0.09594058 -0.1979994 -0.9641146 0.03841352 -0.2626932 -0.9641159 0.03840947 -0.262689 -0.8748803 -0.01750975 -0.4840225 -0.9640978 0.03833174 -0.2627665 -0.9452706 -0.01947855 -0.3257057 0.9768376 -0.1202867 0.1769732 0.978028 -0.2009082 0.05565196 0.9999976 2.49547e-4 0.002241969 0.9780823 -0.1874521 -0.09064608 0.9829049 -0.04732328 -0.1779285 0.9782196 0.1163967 -0.1718666 0.9783595 0.2001544 -0.05244886 0.9770181 0.1919689 0.09264743 0.9819117 0.04943346 0.1827725 0.3649167 -0.09287089 -0.9263967 0.6722167 -0.144141 -0.7261874 0.6772593 0.05124109 -0.7339579 0.5109704 0.5343703 -0.6733185 0.705677 -0.06758564 -0.7053029 0.8806142 0.1680234 -0.4430427 -0.009553551 -0.999944 0.004550993 0.009241521 -0.9999427 0.005406558 -0.009544789 -0.9999442 0.004553973 -0.0222209 -0.3841438 -0.9230059 0.03705871 -0.8498432 -0.5257312 0.1138874 -0.4857664 -0.8666377 0.008148849 -0.7254939 -0.6881804 0.03686141 -0.8499248 -0.5256132 0.02688431 -0.9290695 -0.3689271 0.4985028 -0.2333863 -0.8348807 0.1840195 -0.06991642 -0.9804329 0.1616139 -0.3440271 -0.9249467 0.02863031 -0.2082661 -0.9776532 -0.1750632 -0.9360857 0.3051176 0.0155338 -0.9998793 -5.91052e-4 0.8966991 -0.005365312 0.4426082 0.7797857 -0.3303063 0.5318197 0.842167 -0.1853979 0.5063421 0.5352717 -0.2605578 0.8034886 0.8420866 -0.1852207 0.5065408 0.4835155 -0.07412374 0.8721918 0.7082872 -0.09902983 0.6989437 -0.9916411 -0.06627714 0.1107037 -0.9742017 -0.2097153 0.08337074 -0.9940035 -0.08294099 0.07125967 -0.9994779 0.004872441 0.03194141 -0.9874122 -0.1575827 0.0135951 -0.9988769 0.0175417 -0.04401254 -0.9935745 0.1096701 0.02796667 -0.9976889 0.0514205 -0.04441666 -0.9896438 0.04530799 -0.1362079 -0.9882059 0.03554981 -0.1489476 -0.9893421 -0.1304098 -0.06477236 -0.9649745 -0.2570842 -0.05226689 -0.9648378 -0.25762 -0.0521534 -0.9084112 -0.4088783 -0.08722186 -0.8988568 -0.429879 0.08520895 0.6037453 0.07301747 -0.7938264 0.953216 0.03533989 -0.3002172 0.7014665 0.04115831 -0.7115131 0.9565305 0.007450997 -0.2915375 0.9981268 0.05557906 -0.02557027 0.9971442 0.07528322 -0.00599581 0.603309 0.07306295 -0.7941538 0.5732773 0.01282972 -0.819261 0.02589392 0.03753 -0.99896 0.835267 0.002745926 -0.5498378 0.9972743 0.03199851 -0.06648445 0.8936996 0.1322538 -0.4287307 0.9973143 0.03175383 -0.06599986 0.9705725 0.06925576 0.2306354 0.8812003 0.03234404 0.4716356 -0.5334144 0.8403261 0.09654617 -0.8077017 0.5879805 0.04355597 -0.879038 0.4767473 0.002026855 -0.9842252 0.1751468 -0.02499341 -0.9303794 0.3297308 -0.1602241 -0.7827861 0.5119636 -0.3537502 -0.8076677 0.5880402 0.04337584 -0.5731599 0.7541849 -0.3204574 -0.5827803 0.7998898 -0.1433305 -0.3391098 0.929026 0.148038 -0.3385571 0.9292162 0.1481094 -0.4943777 0.8593015 0.1311175 -0.2815083 0.9491706 0.1408136 -0.2155617 0.9726657 0.08634173 -0.3388258 0.9291782 0.1477325 -0.1784482 0.9732282 -0.1448554 -0.4709105 0.8408392 -0.2668948 -0.9542713 0.2985234 -0.01581788 -0.9543336 0.2983196 -0.01590293 -0.9303816 0.3296542 -0.1603688 -0.8676425 0.4777498 -0.137665 -0.8674819 0.4780256 -0.1377197 -0.782604 0.5121802 -0.3538395 -0.4608286 0.8675016 -0.1872914 -0.5901637 0.8012235 0.0987308 -0.9090061 0.3703206 -0.1912347 -0.8251395 0.5147382 -0.2327865 -0.7847555 0.5650185 -0.2547805 -0.837121 0.5206967 -0.1676414 -0.768182 0.530976 -0.3577163 -0.8452993 0.4632279 -0.2662501 -0.8704418 0.1925728 -0.4530418 -0.7130419 0.3611956 -0.6009235 -0.63153 0.5233983 -0.5720351 -0.8370504 0.379692 -0.3939298 -0.5758787 0.3951385 -0.7157019 -0.6510968 0.4549113 -0.6075597 -0.5758387 0.3947939 -0.7159244 -0.4782019 0.4044989 -0.7795535 -0.8789063 0.4769908 0.001934468 -0.7846657 0.5652294 -0.2545889 -0.614724 0.7865978 0.05812412 0.001387298 0.997983 -0.06346726 0.0529406 0.997573 0.04522854 -0.02835953 0.9993236 -0.02341294 -0.01611667 0.9997565 0.01508224 -0.9791625 0.004090249 0.2030377 -0.9786344 0.006059646 0.2055193 -0.9786424 0.00603038 0.2054824 -0.978621 0.006108641 0.2055819 -0.9786128 0.006136953 0.2056196 -0.9780632 0.008032381 0.2081537 0.8389811 -0.0591076 0.5409409 0.9993523 0.002343237 0.03591066 0.9484978 0.005026519 0.3167439 0.9993708 0.002642512 0.03537011 0.9735233 -0.0570048 -0.2213658 0.896209 -0.0187875 -0.4432342 -0.3886354 -0.02344214 0.9210934 -0.8315395 -0.05404746 0.5528301 -0.4945488 -0.01328909 0.8690484 -0.8882591 -0.07217192 0.4536376 -0.3689772 -0.2651725 -0.8908084 -0.6588726 -0.02026021 -0.7519817 -0.6588762 -0.02026426 -0.7519785 -0.6591809 -0.0199365 -0.7517201 -0.641085 0.2547589 -0.723953 -0.7392184 0.07251608 -0.6695503 -0.9485887 -0.1656546 0.2697001 -0.9859977 -0.09502595 0.1370356 -0.9621915 -0.2444044 0.1202255 -0.9918808 -0.04446178 0.119146 -0.9860876 -0.0947808 0.1365575 -0.9864096 -0.03128492 0.1612988 -0.9697147 -0.03586637 0.2415929 0.05961328 0.9841135 0.1672331 0.09379297 0.9914997 0.09017366 0.2341108 0.9458874 0.2246983 0.6265724 0.7573723 0.1838326 0.9727126 -0.1230315 -0.1967067 0.9535671 -0.01136469 -0.3009663 0.9535681 -0.01135689 -0.3009637 0.8614494 0.06737595 -0.5033543 0.9534553 -0.01097047 -0.3013349 0.9116052 0.1009842 -0.3984698 -0.5790899 -0.05707967 0.8132631 -0.4442759 0.03982841 0.8950043 -0.4442686 0.03982234 0.8950082 -0.4438281 0.04013937 0.8952126 -0.1772567 0.02694141 0.9837958 0.05134475 0.06946611 0.9962621 0.1377015 -0.9848015 0.1058504 0.036206 -0.9978199 0.05517911 0.1226826 -0.9744647 0.1880628 0.1068211 -0.9572066 0.26897 0.7820674 0.07425606 0.6187541 0.7587272 0.0375117 0.6503275 0.7586982 0.03746795 0.6503639 0.7332973 8.6966e-4 0.6799076 0.05900454 0.9958621 0.06911832 0.3432796 0.8816773 0.3237351 -0.07818347 0.9593901 0.2710315 0.01985263 0.882345 0.4701844 0.3242184 0.7819613 0.5323712 0.2034619 0.3295391 0.9219585 -0.2830027 -0.9577744 0.05077314 0.1011747 -0.966902 0.2342314 0.2002658 -0.9756202 0.0897718 0.2007359 -0.9755391 0.08960253 0.2992469 -0.9444699 0.1357502 0.456977 -0.8893709 0.0138452 0.8999252 0.03747183 0.4344312 0.744921 5.11585e-4 0.6671526 0.8355037 0.1619743 0.5250696 0.7525269 0.2763397 0.597779 0.7058427 0.4490284 0.5478683 0.9001211 0.0378071 0.4339963 0.9181237 0.1222361 0.3769713 0.9608185 0.07429271 -0.2670367 0.001223623 0.9354324 0.3535037 0.04296755 0.7760721 0.6291788 -0.08905243 0.8467635 0.524463 -0.1071079 0.7921064 0.6009122 -0.8636506 0.03979128 0.5025179 -0.4706311 0.05900353 0.8803551 -0.691729 0.1059125 0.7143484 -0.4642522 0.05638456 0.8839066 -0.3251249 0.03095042 0.9451645 0.0365656 0.05477571 0.997829 0.7778032 -0.07813864 -0.6236318 0.6835581 0.05131632 -0.72809 0.6835677 0.05130469 -0.7280819 0.5644803 0.1787205 -0.8058667 -0.8793927 -0.05599451 -0.4727931 -0.879395 -0.05601119 -0.4727869 -0.9598908 0.05933445 -0.2740241 -0.7754508 -0.03248113 0.630572 -0.8137152 -0.1621643 0.558185 -0.7931304 0.05834764 0.6062507 0.5464872 -0.07447087 -0.8341498 0.03500241 -0.05234742 -0.9980154 0.2898832 -0.01656961 -0.9569187 0.03445583 -0.05213254 -0.9980456 -0.2600184 -0.101333 -0.9602719 -0.5400024 -0.03560113 -0.8409103 0.8845235 0.02271312 -0.4659424 0.9967033 0.05587911 0.05882412 0.978486 0.001138389 -0.2063103 0.9966806 0.05568581 0.05938804 0.9432474 0.1095519 0.3135011 0.8261486 0.07766085 0.5580747 -0.98633 -0.03145396 0.1617526 -0.7429021 -0.09209352 0.663035 -0.7832383 -0.02176713 0.6213406 -0.646034 -0.04695785 0.7618629 -0.7425355 -0.09190869 0.663471 -0.4622225 -0.003751397 0.8867561 -0.4255396 0.04116785 0.904003 -0.1671884 0.9834082 -0.07040148 -0.1169194 0.9913824 0.0590831 -0.01056635 0.9973272 -0.07229638 0.01623702 0.9972332 0.07254391 0.1896723 0.9706036 -0.1481659 0.03144419 0.9609149 -0.2750527 -0.4223166 0.03886878 -0.9056148 -0.1563379 -0.3122237 -0.9370564 -0.3416581 -0.1519214 -0.9274641 -0.1563387 -0.3127593 -0.9368777 -0.156356 -0.3127575 -0.9368755 -0.1469017 -0.4963525 -0.8556017 -0.831227 0.008527874 0.5558678 -0.9970468 0.01551687 0.07521355 -0.9390997 -0.02547293 0.3426995 -0.9970885 0.01524609 0.07471352 -0.973276 0.06699383 -0.219649 -0.888441 0.03447127 -0.4576945 -0.9801609 -0.0175085 0.1974289 -0.9752285 0.001800835 0.2211928 -0.9752286 0.001803338 0.2211923 -0.8901962 0.03871703 0.4539292 -0.97522 0.00183928 0.2212299 -0.9692884 0.0210635 0.2450235 0.1447972 0.01283919 -0.989378 0.03706967 0.9371337 -0.3469961 0.1309388 0.7547928 -0.642762 -0.2702782 -0.1097817 0.9565028 0.01593554 -0.05525392 0.9983452 -0.5254436 -0.06756389 0.8481417 -0.4403097 -0.2642963 0.8580646 -0.05727916 -0.2422755 0.9685153 -0.426176 -0.5488527 0.7191209 -0.006729841 0.9999772 6.63181e-4 0.001593649 0.9999591 -0.008901715 -0.002055644 0.9999876 0.004558503 0.005369246 0.9999854 -5.92363e-4 0.004000067 0.9998592 -0.01629763 0.004673719 0.9998077 -0.01904857 -0.004487335 0.9998546 0.01645833 0.2828147 0.1659823 -0.9447041 0.4252436 0.05585223 -0.9033541 0.2674314 -0.1037055 -0.95798 0.4503391 -0.07122075 -0.8900126 0.6591616 0.08291602 -0.7474161 0.7179437 -0.09270846 -0.6898999 0.4501186 -0.07155126 -0.8900976 0.5197086 -0.1888357 -0.8332131 0.4763401 -0.317498 -0.819936 -0.4693006 -0.1377596 -0.8722266 -0.7689815 -0.1910694 -0.6100491 -0.6635184 -0.01750361 -0.7479553 -0.6637989 -0.01713442 -0.7477149 -0.7531361 0.03873461 -0.6567234 -0.7207498 0.06319379 -0.6903088 0.838424 -0.2636236 0.4770197 0.8402441 -0.3505006 0.4136897 0.7167789 -0.3753569 0.5876523 0.9023795 -0.2949335 0.3142064 0.7487119 -0.3320428 0.5737406 0.9024814 -0.2948224 0.3140178 0.7125321 -0.6509832 0.2617613 0.7407848 -0.3058488 0.5980758 0.8169901 -0.1312727 0.5615112 0.7398782 -0.1456789 0.6567784 0.8091967 -0.0442512 0.585869 0.8092728 -0.04403507 0.5857803 0.7697983 -0.2737906 0.5765843 0.6435514 -0.103494 0.7583737 -0.9791764 -0.03834915 0.199356 -0.9701147 0.004346191 0.242608 -0.9246879 0.01618397 0.380382 -0.8681929 0.04690498 0.4940052 -0.970098 0.004413485 0.2426734 -0.9924088 0.03642606 0.1174647 -0.9979176 0.06411117 0.007102131 -0.8865408 0.06760746 -0.4576841 -0.9174007 0.0374118 -0.3962023 -0.8311184 0.0528739 -0.5535762 -0.8862984 0.06747722 -0.4581725 -0.6833687 0.004682421 -0.7300585 -0.7011623 0.02389401 -0.7126012 -0.3180144 -0.6810171 0.659608 -0.4860762 -0.3823198 0.7858509 -0.4860967 -0.38229 0.7858527 -0.7176657 -0.2196747 0.6608321 -0.3916601 -0.1900078 0.9002774 -0.6380966 0.1157617 0.7612043 -0.8243299 0.05871629 0.5630566 -0.99913 0.0205608 0.0362851 -0.9356972 0.2343812 0.2636974 -0.9991519 0.02030682 0.03582131 -0.9764794 0.065158 -0.2055302 -0.8398129 -0.1542435 -0.5205029 0.8176163 0.06566315 -0.5720071 0.6179862 0.03167849 -0.7855505 0.7084362 3.5925e-5 -0.7057749 0.7035014 0.006901681 -0.7106603 -0.6235452 0.7817159 0.01057273 -0.3762788 0.9260321 -0.0296483 -0.4041204 0.9124067 0.06481391 -0.2007492 0.9796169 0.007115304 -0.3757301 0.926252 -0.02973848 -0.05660796 0.9983514 -0.009495735 -0.7342746 -0.06356209 0.6758704 -0.7104144 -0.0279836 0.7032271 -0.7862648 -0.04778414 0.6160393 -0.6431002 -0.333816 0.6891945 -0.6810021 -0.2424732 0.6909723 -0.6430218 -0.3343213 0.6890227 -0.2993421 -0.878414 0.3725363 0.8649129 -0.02576631 0.5012603 0.9980354 -0.02739137 0.05634886 0.9560151 0.008625626 0.2931908 0.9980708 -0.02715164 0.05583572 0.9696947 -0.07829672 -0.2314342 0.8806891 -0.04487872 -0.4715641 -0.001985013 0.9999497 0.009838581 0.2193957 0.9575449 -0.1870115 0.2193852 0.957542 -0.187039 0.4212272 0.8293044 -0.3671812 -0.04481691 0.9929801 -0.1094624 -0.05929714 0.9978248 -0.02880358 -0.04586917 0.9989433 -0.002917945 -0.04611676 0.9989317 -0.002958059 -0.05952584 0.9978055 -0.02899599 -0.1781117 0.9806578 -0.08115708 -0.1133632 0.9853503 -0.1274113 0.04266893 0.9989723 -0.01529145 0.0284329 0.9982199 0.05242866 0.02235424 0.9980171 -0.05884069 0.1814678 0.9825994 -0.03959709 0.1100327 0.9939261 -0.001930296 -0.2181625 0.9240985 -0.313763 -0.2181591 0.9759018 0.004715144 -0.268286 0.9420149 0.2015703 -0.0486322 0.9964219 0.06912648 -0.03899794 0.9643472 0.2617516 0.1631756 0.9839738 0.07189744 0.1137326 0.9918148 -0.05803865 -0.0380271 0.9967728 -0.07069647 -0.6876062 0.03610807 -0.7251855 -0.5072406 0.001113712 -0.8618038 -0.6550657 0.1283603 -0.7445889 -0.4726377 0.1122623 -0.8740772 -0.5766268 0.3508624 -0.7378327 -0.9769469 0.07108891 -0.201299 -0.9635938 0.01341152 -0.2670341 -0.9636042 0.0134406 -0.2669949 -0.853729 -0.2163137 -0.4736616 -0.9635779 0.01333379 -0.2670954 -0.8505195 -0.3815019 -0.3620399 -0.09179717 -0.9957184 -0.01087528 -0.1386749 -0.9584456 -0.2493019 -0.2032434 -0.9240604 -0.3237354 -0.4094957 -0.4787463 -0.776605 -0.2709563 -0.8304008 -0.4868441 -0.4189686 -0.3335592 -0.8445138 0.04150152 -0.9979235 0.04925811 -0.02996581 -0.9772855 0.2097982 -0.02238959 -0.9895889 0.1421712 0.0188536 -0.9990793 0.03853797 0.8110162 0.03248739 -0.5841212 0.9922131 0.02820831 -0.1213163 0.920058 -2.36388e-4 -0.3917822 0.9922839 0.02789968 -0.1208065 0.9922826 0.02788537 -0.1208212 0.9979074 -0.0614469 0.02012926 0.831094 -0.08754014 -0.5491991 0.4771992 -0.08313179 -0.8748543 0.5734963 0.01147955 -0.8191277 0.3973248 0.003319442 -0.9176722 0.2042477 -0.05057412 -0.977612 0.03906959 0.08216196 -0.9958529 0.3973675 0.00344485 -0.9176531 0.0390188 0.08233904 -0.9958403 0.2268489 0.169454 -0.959075 0.1963106 0.5377022 -0.8199626 -0.1645007 0.4165932 -0.894086 -0.1645066 0.4165999 -0.8940818 -0.1650041 0.4164307 -0.8940689 -0.3017562 0.2270717 -0.9259492 -0.514724 0.04158633 -0.8563469 -0.5147164 0.04102277 -0.8563785 -0.4139325 -0.1586464 -0.8963768 -0.3422173 -0.3509 -0.8716402 -0.3417908 -0.3513244 -0.8716365 -0.05253446 -0.3366591 -0.94016 0.1984242 -0.4014213 -0.8941415 -0.8793355 0.475933 -0.01602953 -0.69498 0.716028 0.06562644 -0.8975511 0.4400464 0.02759271 -0.8975928 0.4399443 0.02786052 -0.6949541 0.7160285 0.06589508 -0.8366111 0.5235434 0.1611962 0.3602278 0.6395089 -0.6791644 0.1764195 0.7385535 -0.6507034 0.1752927 0.5867636 -0.7905575 0.1878632 0.7668545 -0.6137114 0.2774952 0.7707722 -0.5735039 -0.8464843 -0.07240402 0.5274674 -0.6452227 -0.0533486 0.7621298 -0.4147421 0.02862691 0.9094887 -0.4142319 0.02859187 0.9097222 -0.2205582 -0.03650158 0.9746906 0.04984074 -0.07841128 0.9956744 -0.1216123 0.9921327 -0.02971881 -0.9796544 -0.01907622 0.1997833 -0.9965699 -0.003453373 0.08268284 -0.9658273 0.02734678 0.2577399 -0.8757338 0.05491805 0.4796608 -0.9965658 -0.003343462 0.08273673 -0.9997749 0.004840552 0.02065795 -0.874319 0.02703493 -0.4845985 -0.9997856 0.004714429 0.02016448 -0.9926832 0.02925139 -0.117152 0.6332086 -0.7735307 0.02640479 0.8013036 -0.5982462 0.003737449 0.8859916 -0.4636492 0.006970226 0.9599524 -0.2801443 -0.003260493 0.9857331 -0.1678346 0.01272535 0.7842177 0.6196528 0.03214555 0.5857052 0.8105065 0.005345225 0.4503541 0.8928338 0.005372047 0.2513074 0.9678704 -0.008467018 0.1572641 0.9875442 0.004940807 -0.5815721 -0.3468765 -0.7358333 -0.3194677 -0.4073761 -0.8555613 -0.3525905 -0.7195872 -0.5982259 -0.2546386 -0.852762 -0.4560223 -0.2876903 -0.4713658 -0.8336959 -0.0563153 -0.8272497 -0.559005 -0.01368486 -0.9718898 0.2350381 -0.002213716 -0.9936732 0.1122881 0.04794991 -0.9979306 0.04284203 0.004770278 -0.9999691 -0.006263315 0.09763479 -0.9948653 -0.02665519 0.1943524 -0.9794957 -0.05306035 0.8208504 -0.5705428 -0.02618557 0.9695791 -0.240432 -0.04592329 0.9994858 0.02040606 -0.02473556 0.9650924 0.1903392 -0.1799106 0.9994718 0.02091008 -0.02487677 0.8687182 0.4950692 -0.01533508 0.1371073 -0.798923 -0.5855967 0.5133982 -0.04383003 0.8570305 0.2748501 0.004733026 0.9614755 0.03656119 -0.03354692 0.9987683 -0.2485057 -0.09475618 0.9639846 0.03612196 -0.03325909 0.9987939 -0.513931 -0.0475139 0.8565147 0.3826093 -0.02351391 -0.9236111 0.3117659 -0.05789214 -0.9483937 -0.29674 -0.0666908 -0.9526268 -0.2969415 -0.06690037 -0.9525493 -0.1293506 -0.1007992 -0.9864624 -0.4421385 -0.08534449 -0.8928773 -0.2972384 -0.06660914 -0.952477 -0.6805464 -0.1164546 -0.7233913 -0.8407848 -0.07542526 -0.5360896 -0.02500653 -0.9343178 -0.3555631 -0.2510883 -0.942229 -0.2217187 -0.008190929 -0.9985152 -0.05385452 -0.02164936 -0.9996419 0.01573437 -0.01214861 -0.9848371 -0.1730558 0.004265725 -0.9999505 0.008994817 0.004629254 -0.9999585 -0.007848143 0.4246839 0.6037179 0.6746615 0.1713085 0.2015552 0.96438 0.3288608 0.7876669 0.520991 0.337048 0.7422044 0.5792507 0.1712844 0.2016564 0.9643632 0.2268557 0.5539857 0.801022 0.3287891 0.7877443 0.5209193 0.226967 0.5543374 0.8007472 0.2814295 0.9148294 0.2896288 -0.006517589 -0.003544926 0.9999725 0.05519562 -0.0257017 0.9981448 0.03235316 0.04420697 0.9984984 0.1262105 0.1845705 0.9746819 0.03915905 0.1431067 0.9889323 -0.04332005 -0.004869222 0.9990494 -0.4046911 0.04383957 0.913402 2.53303e-4 -0.02766114 0.9996173 2.37621e-4 -0.02762609 0.9996184 -0.01280725 -0.006102561 0.9998994 0.9997524 -0.02225607 3.6188e-4 0.9954476 -0.06863325 -0.06613343 0.9954475 -0.0686326 -0.06613439 0.9038392 -0.03929239 -0.4260646 0.9954379 -0.06869536 -0.06621426 0.8839005 -0.05615419 -0.4642916 0.5253748 -0.8113419 -0.2563313 0.5612872 -0.8267203 -0.03860276 0.8205622 -0.5709512 -0.02631789 0.868744 -0.4952433 -0.004265904 -0.8817302 -0.06727176 0.466933 -0.902941 -0.04616868 0.4272775 -0.9969579 -0.07007855 0.03411698 -0.9713761 -0.02277749 -0.2364526 -0.9969721 -0.06996047 0.03394341 -0.9117992 0.03188472 -0.4093969 0.03494191 -0.04579812 0.9983395 0.1172457 -0.2769592 0.9537018 0.03424727 -0.504239 0.8628848 0.08590602 -0.701265 0.7077059 0.06201738 -0.5183531 0.852915 0.008814692 -0.8570359 0.5151813 0.8764814 0.1028741 0.4703162 0.9429038 0.07795041 0.3238151 0.9957934 0.0609287 0.06843537 0.9957947 0.06092113 0.06842088 0.9957948 0.06091976 0.06842088 0.9992355 0.02601003 0.02918583 -0.9021508 -0.005146384 0.4313904 -0.9545709 0.01406979 0.297652 -0.9954991 -0.005677103 0.09460139 -0.9990031 0.0442332 0.006027817 -0.9992868 0.0373398 -0.005628108 0.4585823 0.2943431 0.8384895 0.1863736 0.07321393 0.9797473 0.1249582 0.5165796 0.8470721 0.1246128 0.516504 0.847169 0.06237494 -0.037615 0.9973437 0.05299299 0.1972271 0.9789245 0.1246383 0.5168904 0.8469296 0.001968562 0.424889 0.9052433 0.07007652 0.84953 0.5228653 0.06631046 -0.9708144 -0.2304831 0.01798385 -0.9998002 -0.008728265 -0.01839661 -0.8626777 -0.5054195 0.1821625 -0.8959324 -0.4051195 0.21 -0.973279 -0.09288722 0.5054008 -0.8266221 -0.2475201 0.00709623 -0.8851658 -0.4652217 -0.01520836 -0.7900803 -0.6128149 0.06306946 -0.4719934 -0.8793433 0.06295812 -0.4717041 -0.8795064 -0.1735491 -0.6078095 -0.7748861 -0.0274977 -0.1279988 -0.9913932 0.06304544 -0.4715106 -0.8796041 0.1238678 -0.01566553 -0.9921752 0.01308518 0.0916084 -0.9957091 0.06217086 0.3098973 -0.9487353 0.1238188 -0.01515877 -0.9921891 0.06453824 0.5258967 -0.8480964 0.4726336 0.8490892 -0.2359349 0.1766062 0.976354 -0.1246723 0.1898605 0.8825274 -0.4302309 0.06472367 0.8704467 -0.4879892 0.1760855 0.9764396 -0.1247385 0.06491136 0.9511525 -0.3018206 0.1189553 0.7130792 -0.690918 0.03305792 0.8584175 -0.5118854 0.04738521 0.5216898 -0.8518184 -0.9696179 0.03012746 -0.2427621 -0.9802426 0.08536016 -0.1784325 -0.9687826 0.1549375 -0.1935322 -0.9686502 0.1551046 -0.1940602 -0.9801333 0.0856285 -0.1789039 -0.9075081 0.2119711 -0.3626256 -0.006881713 0.9604512 -0.2783636 -0.1950115 0.9742988 -0.1127488 -0.06640321 0.99508 -0.07352989 -0.3869099 0.9171372 -0.0957086 -0.9740717 0.204347 -0.09709149 -0.9967185 0.06626945 0.04648393 -0.9939012 0.04740613 0.09956419 -0.4275634 -0.5550073 0.713552 -0.7415429 -0.5828344 0.3322924 -0.7415488 -0.5828146 0.3323141 -0.9939562 0.04732573 0.0990532 -0.9930681 -0.1175409 1.88243e-4 -0.9999068 0.01346802 0.002245128 -0.9998292 0.012102 -0.01397776 -0.9955936 -0.004294633 -0.09367603 -0.9697961 -0.1122067 -0.2165766 -0.993015 -0.1179888 2.5332e-7 -0.9736266 -0.05198514 -0.222146 -0.9955914 -0.004233121 -0.09370124 -0.9736287 -0.05146366 -0.222258 -0.9740717 0.2042874 -0.09721678 -0.9992045 -0.03975588 0.003136038 -0.1005399 0.9346691 -0.3410063 -0.1735142 0.9811288 -0.08531796 -0.04653197 0.9975051 -0.0530892 -0.0465601 0.9975109 -0.05295485 -0.1735036 0.9811321 -0.08530223 0.03121131 0.9950749 -0.09408468 0.0900703 0.9755757 -0.2003483 0.03173506 0.9950687 -0.09397435 0.2045534 0.9335858 -0.2942373 0.03151476 0.9950332 -0.09442323 0.02370816 0.999239 0.03097534 -0.03448218 0.9993664 0.008817791 0.02442896 0.9996811 -0.006394267 0.01093751 0.9999395 -0.001237809 0.02911877 0.9994649 -0.01490771 0.001065731 0.999108 -0.04221594 -0.03291445 0.9984852 -0.04409235 -0.0558691 0.9973887 -0.0457642 -0.2148658 0.968346 0.1270389 -0.1960045 0.9706731 0.1391978 -0.1306679 0.9787667 0.1579294 -0.01404243 0.9982299 0.05779397 0.06518036 0.9978735 1.94627e-4 -0.8872528 -0.461275 0.002813577 -0.7306138 -0.6827894 -0.001465678 -0.422878 -0.9061779 0.003994107 -0.42263 -0.9062933 0.004059612 -0.5495541 -0.8354516 0.003337264 -0.208492 -0.9780214 -0.002329826 -0.157289 -0.9875403 0.004939377 0.8854854 0.0897727 -0.4559129 0.9498231 0.2268411 -0.2153585 0.9853161 -0.01436382 -0.170135 0.9853951 -0.0146619 -0.1696507 0.9753231 -0.02051353 -0.2198278 0.9909468 -0.07109743 -0.1138845 0.9853987 -0.01449626 -0.1696448 0.9834082 0.1208015 -0.1353346 0.9455448 -0.001511693 -0.3254887 0.9453663 -0.001509487 -0.3260066 0.9907423 -0.07319033 -0.1143367 0.7930546 -0.01531326 -0.6089583 0.5739442 0.02562415 -0.8184934 0.3191117 -0.01127946 -0.9476501 0.02669167 0.04846805 -0.9984681 -0.1415023 0.05098664 -0.9886241 0.02614867 0.04865068 -0.9984735 -0.3538025 0.01545572 -0.9351925 -0.6618013 0.04181385 -0.7485123 -0.9544166 0.01427382 0.2981364 -0.7788709 0.001793801 0.6271818 -0.5338305 0.06006008 0.8434559 -0.5333341 0.06004101 0.8437712 -0.633922 0.05679571 0.7713088 -0.2128087 0.002580463 0.9770905 0.05284863 0.02661162 0.9982479 0.2368229 0.006451547 0.9715315 0.06452339 0.5258982 -0.8480966 0.06220132 0.3098899 -0.9487357 0.1238052 -0.01515942 -0.9921908 0.1238492 -0.015661 -0.9921776 0.01302975 0.09159982 -0.9957107 0.06307584 -0.4715075 -0.8796035 -0.02747279 -0.1279872 -0.9913954 0.06298887 -0.4717491 -0.8794801 -0.1735857 -0.6078045 -0.7748818 -0.08401602 0.9925197 -0.08857727 -0.01426458 0.9950329 -0.09851992 -7.5556e-5 0.9998883 -0.01495391 0.1232619 0.9922035 0.01840651 0.01540875 0.9997895 0.01355206 0.07550841 0.9833808 0.1651083 0.005851686 0.9949058 0.1006394 -0.0309416 0.9987484 0.03929901 -0.1013054 0.9924966 -0.06846725 -0.2136346 0.9604825 -0.1784201 0.04954618 0.9949557 0.08722639 0.00587809 0.994926 0.1004375 -0.6331888 0.7735469 0.02640408 -0.7843268 0.6203156 0.006345033 -0.8768498 0.4807208 0.00648725 -0.9936211 0.1125904 -0.0063771 -0.9981954 -0.06001043 -0.00219655 -0.6142956 -0.03061461 0.7884819 -0.4216288 -0.06593793 0.9043679 -0.197145 -0.009126782 0.9803318 0.01583051 0.02944368 0.9994412 -0.1966797 -0.009432733 0.9804224 0.2253664 -0.01193004 0.9742011 -0.005319476 0.9729959 -0.2307616 0.006174147 0.9939465 -0.1096916 0.05426746 0.9976848 -0.04098808 0.01347649 0.9998798 0.007678568 0.1018121 0.9944152 0.02779865 0.1931166 0.9797586 0.05271804 -0.01545351 -0.9716373 0.2359706 -0.003047823 -0.9936177 0.1127595 0.04741102 -0.997939 0.04324322 0.004615187 -0.9999713 -0.006008386 0.09739762 -0.9948951 -0.0264151 0.1937936 -0.9796331 -0.05256503 -0.8883628 -0.06958884 0.4538382 -0.9019548 -0.1140582 0.4164952 -0.9969578 -0.07008349 0.03411114 -0.9714515 -0.02279347 -0.236141 -0.9969632 -0.07003825 0.03404676 -0.9120259 0.0318259 -0.4088962 0.1005846 0.8822513 0.4599081 -0.004889249 0.9883158 0.1523415 -0.06085079 0.9400424 0.3355855 -0.02380359 0.9990559 0.03634017 0.03690356 0.9650574 0.259427 -0.02372038 0.9990594 0.03630161 -0.1316413 0.9912802 0.005839824 -0.2170099 0.9633034 0.1579664 -0.02373099 0.9990586 0.03631681 -0.2175241 0.9760379 -0.005779325 -0.4079338 0.9128811 -0.01543617 -0.008522093 0.9999409 -0.006761431 -0.1299794 0.9851523 0.1121627 -0.00400412 0.999987 -0.003176867 -0.4705374 -0.08228009 -0.8785355 -0.5024207 -0.109156 -0.8577054 -0.669788 -0.127162 -0.7315831 -0.5332893 -0.135867 -0.8349507 0.2057031 -0.9762741 -0.0676403 0.1048267 -0.9941112 -0.0274682 0.01630496 -0.9995552 -0.02497172 -0.09145772 -0.9957101 -0.01404011 -0.1382065 -0.9900205 -0.02754276 -0.116368 -0.992568 -0.03560078 0.4766178 -0.04924678 0.8777303 0.3779963 -0.197525 0.9044904 0.039083 -0.09561491 0.9946509 -0.2427441 -0.1131166 0.9634729 0.05308896 0.1749359 0.9831475 -0.3057846 0.209456 0.9287756 -0.8644174 -0.02503842 -0.5021511 -0.4368221 -0.03469115 -0.8988787 -0.5762916 -0.04822719 -0.8158199 -0.3824429 -0.01646327 -0.9238324 -0.4363712 -0.03487223 -0.8990908 -0.1966666 -0.06266027 -0.9784662 -0.3824373 -0.01626181 -0.9238383 -0.09037613 0.1641315 -0.9822897 -0.2776275 0.01842623 -0.9605121 0.008838653 -0.8570335 0.5151851 0.08589035 -0.7012527 0.7077201 0.06200248 -0.5183597 0.8529121 0.117142 -0.2777844 0.9534745 0.03426587 -0.504198 0.8629081 0.03587585 -0.04778784 0.998213 -0.6146941 -0.030869 0.7881613 -0.7954217 0.01499807 0.6058709 -0.9643601 -0.05920994 0.2578834 -0.9644969 -0.05890047 0.2574427 -0.9231716 -0.03372091 0.3829063 -0.997489 -0.00207448 0.07079273 -0.9945114 -0.1045581 0.003833413 -0.9552599 -0.04531073 -0.2922766 -0.9734045 -0.09836751 -0.2068998 -0.9781554 -0.1731201 -0.1150723 -0.9010014 -0.3237698 -0.2887381 -0.7624548 -0.2215812 -0.6079182 -0.7259014 -0.6546232 -0.2110348 -0.9003525 -0.04733461 -0.4325796 -0.9551109 -0.04554492 -0.2927267 -0.7862217 0.002809524 -0.6179383 -0.6387434 -0.02546155 -0.7689986 0.9639329 -0.1357179 -0.2289413 0.9496075 0.1533084 -0.2733905 0.9845744 0.1578362 0.07550674 0.9476163 0.3192744 0.009341835 0.9476271 0.3192431 0.009318649 0.7864817 0.6069786 0.1141216 -0.05715292 0.9958863 0.07031309 -0.07176798 0.9923989 0.09996896 -0.07178384 0.992397 0.09997767 -0.08631002 0.9878126 0.1295248 -0.7841966 0.6196795 -0.03214162 -0.5857087 0.810504 -0.005347251 -0.4505518 0.8927339 -0.005405902 -0.2514433 0.967835 0.008473217 -0.4500643 0.8929805 -0.00529778 -0.251018 0.967946 0.008408963 -0.1572687 0.9875435 -0.00494343 0.2120088 -0.9750294 -0.06610751 0.1080359 -0.9937879 -0.02672028 0.0196644 -0.9994944 -0.02498507 -0.08762145 -0.9960314 -0.01562631 -0.132482 -0.9907348 -0.02988761 -0.1084668 -0.9933419 -0.03881728 0.1719045 -0.973622 -0.1500304 1.53393e-4 -0.9982038 -0.05991065 0.08631777 -0.9930936 -0.07946354 -0.03006201 -0.999436 -0.0149734 -0.5346177 -0.1255611 -0.8357143 -0.6190472 -0.02209699 -0.7850429 -0.3784565 -0.02068752 -0.9253879 -0.3779827 -0.0203728 -0.9255885 -0.3779814 -0.02036809 -0.9255891 -0.20553 0.08553165 -0.974906 0.6331946 0.7735422 -0.02640444 0.8025038 0.5966367 -0.003534436 0.8865222 0.4626374 -0.006709277 0.9605178 0.2781949 0.003651976 0.886777 0.4621496 -0.006671488 0.9606693 0.2776719 0.003578364 0.9857408 0.1678199 -0.01231724 0.792791 -0.6085751 -0.03345024 0.5874136 -0.8092678 -0.005564868 0.4514763 -0.8922709 -0.004685938 0.2465901 -0.9690669 0.01014065 0.4509831 -0.8925208 -0.00459975 0.246358 -0.9691262 0.01010394 0.1572991 -0.9875479 -0.00252974 -0.238644 -0.9369505 0.2552896 -2.79404e-4 -0.9982097 -0.05981147 -0.06483203 -0.9974695 -0.02917927 -0.009553194 -0.999944 0.004551231 0.2630385 -0.9521781 -0.1554599 -0.1553474 0.7414429 -0.6527861 -0.1511667 0.9382137 -0.311294 -0.1436126 0.9208902 -0.3624042 -0.1977711 0.8068957 -0.5566021 0.02333837 -0.5521935 0.8333894 0.05296587 -0.3135954 0.9480783 0.03997761 -0.07392942 0.9964619 0.1057926 -0.01148062 0.994322 -2.34444e-4 -0.09701746 0.9952827 0.04568624 0.4345787 0.8994745 0.003919541 0.5464023 0.8375138 0.07588189 0.7255556 0.6839672 0.04577529 0.434886 0.8993213 0.01198762 0.8869503 0.4617093 -0.4723158 0.8402416 0.2662929 -0.8350862 0.4940657 0.2419301 -0.7182236 0.6130014 0.3292175 -0.7512387 0.4810212 0.4519504 -0.8353259 0.4935716 0.242111 -0.7876749 0.07849186 0.6110708 0.01320487 0.9215438 0.38805 0.01173138 0.9996069 0.0254628 -0.07880014 0.9863465 0.1446068 -0.07915663 0.9862602 0.1450006 -0.1363566 0.9748372 0.1763504 -0.3949068 0.859091 0.3255939 -0.3949571 0.8591657 0.3253356 -0.1362047 0.9749045 0.1760956 -0.4668607 0.8331615 0.2964509 0.04337161 0.9990385 0.006410181 0.04395234 0.8586694 -0.5106421 0.05567002 0.9620935 -0.2669776 -0.02819633 0.8530314 -0.5210975 0.08245199 0.7028214 -0.7065718 0.04036378 0.5178616 -0.8545116 0.162046 0.8020831 -0.5748078 0.1529103 0.5639693 -0.8115153 0.3780976 0.6464216 -0.6627077 0 -0.9176287 0.3974388 0 -0.9983265 0.05782866 0 -0.9582603 0.2858975 0 -0.9982839 -0.05855989 0 -0.9581143 -0.286386 0 -0.9175421 -0.3976387 0 -0.8019587 -0.5973796 0 -0.7275466 -0.6860583 0 -0.551464 -0.8341987 0 -0.4495763 -0.893242 0 -0.2317383 -0.9727783 0 -0.1159064 -0.9932602 0 0.1159068 -0.9932601 0 0.2317398 -0.9727779 0 0.4495752 -0.8932425 0 0.5514641 -0.8341987 0 0.7275415 -0.6860638 0 0.8019555 -0.5973837 0 0.9175416 -0.3976397 0 0.958115 -0.2863842 0 0.998284 -0.05856037 0 0.9983265 0.05782967 0 0.9582596 0.2858996 0 0.917629 0.3974382 0 0.8019552 0.5973842 0 0.7275428 0.6860623 0 0.5514633 0.8341992 0 0.4495754 0.8932425 0 0.2317396 0.9727779 0 0.1159077 0.9932601 0 -0.1159055 0.9932603 0 -0.2317386 0.9727782 0 -0.449576 0.8932422 0 -0.5514647 0.8341982 0 -0.7275453 0.6860597 0 -0.801959 0.5973791 -0.3182555 -0.08293455 0.9443704 -0.4335558 0.01033407 0.9010674 -0.4335623 0.01033329 0.9010644 -0.4339295 0.01064091 0.900884 -0.4339336 0.01063925 0.9008822 -0.5389988 0.1035076 0.8359225 -0.6332409 -0.7735665 -0.02451688 -0.8012962 -0.5982638 -0.002254068 -0.8864488 -0.4627876 -0.006014347 -0.9604689 -0.2783632 0.003689467 -0.8866925 -0.4623203 -0.006038606 -0.9606203 -0.2778412 0.003610789 -0.9863588 -0.1641079 -0.01284551 -0.2150906 -0.00779277 -0.976563 0.003792166 0.03466856 -0.9993917 0.2294473 -0.007395207 -0.973293 0.4429106 -0.04122513 -0.8956176 0.2299212 -0.007091879 -0.9731835 0.6280452 0.005558669 -0.778157 0.02354663 0.9995166 -0.02030378 0.1557156 0.9775981 0.1416148 0.05336326 0.9975364 0.04553574 0.1372448 0.9896562 0.04176676 0.02537125 0.9996737 -0.002966046 0.08290511 0.9878797 -0.131227 -0.143387 0.9743156 -0.1736356 -0.006347358 0.9999799 1.9829e-4 -0.06928867 0.9944862 -0.07871752 0.02822911 0.9995802 0.006525576 -0.9961369 -0.01133441 -0.08708035 -0.9995372 0.02439534 -0.0181753 -0.9846283 0.005137801 -0.1745881 -0.9989351 -0.008041262 -0.04543119 -0.9991387 0.006465137 -0.040991 -0.8384082 -0.02560514 -0.5444411 -0.6181247 0.03599107 -0.7852557 -0.3102668 -0.008947968 -0.9506074 0.02537214 0.03743195 -0.998977 0.2296419 0.01126837 -0.97321 -0.3881467 -0.02345275 0.9212992 -0.3155416 -0.06088113 0.9469568 0.2964129 -0.06880593 0.9525783 0.2966207 -0.06907135 0.9524943 0.1186423 -0.1050067 0.9873691 0.4502783 -0.08827048 0.8885144 0.296973 -0.06874191 0.9524083 0.6794864 -0.1076964 0.7257408 0.8387141 -0.05899238 0.5413675 -0.9020275 -0.00642544 -0.4316309 -0.9542219 -0.01755344 -0.2985846 -0.9919087 -0.01913911 -0.125502 -0.9920866 -0.08411675 -0.09321296 -0.9785794 -0.1294918 -0.1600447 0.305429 -0.1865929 0.9337539 0.1131501 -0.05283486 0.9921722 0.1131536 -0.05282735 0.9921721 -0.1882327 -0.07988327 0.9788703 0.1126949 -0.05250418 0.9922415 -0.4338497 -0.01448786 0.9008688 -0.4416656 -0.02887254 0.8967151 -0.5826908 0.01175802 0.812609 -0.6830004 -7.75196e-4 0.7304177 -0.8214537 -0.01497584 0.5700787 -0.5830268 0.01202952 0.8123639 -0.9792006 0.06515634 0.1921485 0.6110208 5.40301e-4 0.7916145 0.2114804 0.05531561 0.9758157 0.01741617 0.01357561 0.9997562 -0.1776924 -0.02459371 0.9837787 0.01685851 0.01360172 0.9997654 -0.5825699 0.01196151 0.8126927 0.6111394 7.75859e-4 0.7915227 0.6470764 0.2704786 0.7128349 0.4725681 0.3003611 0.8285304 0.3679649 0.7301871 0.5756984 0.4154247 0.7266744 0.5471441 0.1787568 0.9589852 0.2199853 -0.8712279 0.03583681 -0.489569 -0.9295487 -0.03817921 -0.3667172 -0.9295482 -0.03818261 -0.3667182 -0.9969938 -0.07428848 -0.02201324 -0.9297037 -0.03843182 -0.3662976 -0.994645 -0.02313017 0.1007298 -0.1255468 -0.03357917 -0.9915193 -0.1936361 -0.08001792 -0.9778048 -0.1936157 -0.08000653 -0.9778098 -0.260479 -0.1257981 -0.9572491 -0.9997214 0.01883101 -0.01423436 -0.9724186 -0.01542413 0.2327324 -0.8729742 0.02768361 0.4869803 -0.7181581 -0.01478856 0.6957228 -0.8727391 0.02740061 0.4874173 -0.747967 -0.07794696 0.6591431 0 -1 2.63052e-7 -0.002259612 -0.999997 -9.33213e-4 -0.003850042 -0.9999921 -0.001003861 -0.003912925 -0.9999919 -0.001020491 -0.002303361 -0.9999969 -9.46964e-4 -0.002346098 -0.9999963 -0.001477181 -0.002336502 -0.9999962 -0.001475095 -0.002245187 -0.999997 -9.46966e-4 0.001114964 -0.9999994 -4.19394e-4 -0.002316713 -0.9999963 -0.001470983 0.001303255 -0.9999991 -3.18933e-4 0.001587748 -0.9999988 9.83827e-5 0.001435339 -0.999999 8.8928e-5 0.001056849 -0.9999994 -3.14154e-4 0.001435399 -0.9999991 8.87204e-5 0 -1 -1.47772e-7 0 -1 -4.17245e-7 0 -1 0 0 -1 2.38528e-7 0 -1 -3.04978e-7 0 -1 2.37107e-7 0.001719474 -0.9999985 1.47292e-4 0.001719474 -0.9999985 1.47395e-4 0 -1 5.6618e-7 0.001330196 -0.999999 5.47146e-4 0.001854598 -0.9999983 1.58799e-4 0.00146085 -0.9999989 5.58812e-4 0.001468062 -0.999998 0.001326382 9.36113e-4 -0.9999984 0.001539945 0.001184165 -0.999999 7.79175e-4 2.91431e-4 -0.9999995 0.001039862 0.001367747 -0.9999982 0.001371502 1.67733e-4 -0.9999998 5.75335e-4 7.74657e-4 -0.9999994 7.59131e-4 0.001587748 -0.9999976 0.001496553 0.001031041 -0.999999 0.001040101 1.30151e-4 -0.9999999 4.85604e-4 0.001179337 -0.9999985 0.001285374 -2.46172e-4 -1 4.02095e-4 -0.001335501 -0.9999992 7.1132e-5 -7.65935e-4 -0.9999997 4.09332e-5 0 -1 2.69759e-7 -9.574e-4 -0.9999996 5.11791e-5 0 -1 0 0 -1 -1.41123e-7 -0.003850162 -0.9999921 -0.001003742 0.002971351 -0.9999956 -6.94167e-5 0 -1 0 0.001437485 -0.999999 -4.19355e-5 0.001437544 -0.999999 -4.14983e-5 0 -1 0 0 -1 -1.47634e-7 0 -1 0 0 -1 0 0 -1 -1.76563e-7 -0.0935387 -0.9956142 0.001702427 0.003102481 -0.9999952 -7.31065e-5 -0.061001 -0.9981372 0.001094222 0.001634359 -0.9999988 -4.74763e-5 0.001439452 0.9979775 -0.06355172 0.05645954 0.9973369 -0.04616898 0.02354598 0.9995167 -0.02029925 0.01731067 0.9998502 -3.606e-4 -0.002714395 0.9999722 0.006951153 -6.41594e-4 0.9994332 0.03366106 -0.002702891 0.9999721 0.006979882 -6.3039e-4 0.9994313 0.03371483 0.02532303 0.9996752 -0.002887368 -0.01610428 0.9997558 0.01513814 -0.1301037 0.9826697 0.1320353 -0.0664708 0.994271 0.08370709 -0.02982687 0.9995441 0.004708409 0.02084565 0.9980229 -0.05929332 0.04390627 0.9872706 -0.1528691 -0.6463326 -0.06803822 -0.7600165 -0.5061391 0.05334895 -0.8608003 -0.5061444 0.05336987 -0.8607959 -0.2270241 0.01787668 -0.9737251 -0.5056989 0.05367696 -0.8610386 0.02104592 0.06243962 -0.9978269 0.06553292 -0.9978381 0.004966139 -0.4016952 0.9104084 -0.09898334 -0.1517904 0.9883459 -0.01150041 -0.2821151 0.9571015 -0.06609046 -0.9088621 0.370585 -0.1914067 -0.948033 0.09420734 -0.3039051 -0.8373149 0.3795716 -0.3934831 -0.5684804 0.8001889 -0.1911227 -0.2820969 0.9571042 -0.06612718 -0.2639549 0.958318 -0.1093369 -0.8102178 -0.286963 -0.5110768 -0.7850087 -0.3389867 -0.5185069 -0.4204055 -0.8245205 -0.3787155 -0.4202402 -0.8246551 -0.3786057 -0.5380899 -0.7320924 -0.417732 -0.4467682 -0.8270798 -0.3410826 -0.5756445 0.3953008 -0.7158008 -0.6262272 0.2842943 -0.725959 -0.4836841 0.4483184 -0.7517051 0.7809213 0.6232775 0.04107534 0.9011094 0.4272545 0.07386142 0.7671481 0.5790761 0.2759613 0.6354182 0.7370091 0.2303503 0.7605432 0.6450006 0.07448822 0.7422766 0.5425878 0.3932225 0.6330445 0.6512671 0.4184566 0.7545474 0.2901854 0.5886007 0.2362839 0.1914322 0.9526404 -0.1176221 0.982727 0.1428729 -0.7546842 0.6559014 0.01565915 -0.3448868 0.9317799 0.1133112 -0.7413639 0.6616232 0.1124026 -0.8364413 0.5200122 0.1730703 -0.755042 0.6554915 0.01557117 -0.9801874 0.1980196 0.004600286 -0.9103736 0.3258174 -0.2550747 -0.3443408 0.9319847 0.1132873 -0.01633751 -0.8661338 -0.4995452 -0.04466891 -0.8618735 -0.5051523 0.02666711 0.9847244 -0.1720662 0.3050681 0.9331623 0.1901094 0.1963559 0.977456 0.07761585 0.1667008 0.9558157 0.2421306 0.004606783 0.9964765 0.08374625 0.003630459 0.9967318 0.08070135 0.03905451 0.9989313 -0.02471977 -0.05184477 0.9984701 -0.01922321 -0.03357648 0.9945419 -0.09878891 -0.1137359 0.9763225 -0.1840074 0.02082222 0.9963635 -0.08262115 0.2696299 0.9152638 0.2993195 0.03909331 0.9989302 -0.02470642 0.02822291 0.9995997 -0.001963198 0.2046342 0.9190393 0.3368853 0.02806305 0.9996044 -0.001932084 0.02075034 0.9963865 -0.0823611 0.4569695 -0.8893747 0.01384341 0.3311008 -0.906143 0.2632057 0.4482524 -0.7995779 0.3996811 0.4482659 -0.7993313 0.4001591 0.2771801 -0.8137386 0.5108823 0.2885658 -0.4254688 0.8577331 -0.4583624 0.04108834 -0.8878152 -0.6525351 0.07842689 -0.753689 -0.7532155 0.04477316 -0.6562483 -0.7440242 0.2856034 -0.6040353 0.02735161 -0.18645 -0.9820837 0.04942816 -0.417329 -0.9074103 0.02874964 -0.5743369 -0.8181141 -0.01202458 -0.7411646 -0.6712157 0.02885288 -0.5747836 -0.8177968 -0.001840233 -0.8912539 -0.4535009 -0.003086149 -0.8864048 0.4629006 -0.03410023 -0.9747201 0.2208122 -0.002697348 -0.9999542 -0.009188711 0.0282365 -0.9750495 -0.2201845 -0.002885282 -0.9999489 -0.009700953 -0.002084791 -0.8914797 -0.453056 0.1279529 0.9907826 -0.04447281 0.9707324 -0.05726385 0.2332374 0.9403372 0.07523411 0.3318219 0.980537 -0.1215791 0.1541618 0.9805855 -0.1216733 0.1537787 0.9862472 -0.07793575 0.1457484 0.9783908 0.03512799 0.2037587 0.980541 -0.121784 0.1539742 0.9559975 -0.1677356 0.2406941 0.9225001 -0.2005676 0.3297973 0.856074 -0.1873353 0.4817082 0.005995333 0.7595259 -0.6504495 0.004047513 0.998848 0.04781699 0.03014487 0.995148 -0.09365767 0.00384581 0.9915051 0.130011 0.004191577 0.9988214 0.04835557 0.02684044 0.8518424 0.5231103 -0.001594424 0.8015083 0.5979816 0.1228114 0.3417035 0.9317489 0.1302069 0.4145257 0.9006746 0.1022972 0.6733573 0.7322058 0.0778619 0.8306257 0.5513607 0.1022197 0.673778 0.7318295 0.001326918 -0.999999 5.45545e-4 0 -1 -8.94079e-6 2.70319e-4 -0.9999998 7.0886e-4 2.7354e-4 -0.9999997 7.18148e-4 0 -1 1.56865e-6 2.73059e-4 -0.9999997 7.16763e-4 7.48887e-4 -0.9999994 8.09232e-4 7.49068e-4 -0.9999994 8.0961e-4 0 -1 5.46493e-7 7.47985e-4 -0.9999994 8.08443e-4 0 -1 -1.6219e-6 0 -1 0 0 -1 1.16034e-6 0 -1 0 0 -1 -1.31888e-6 0 -1 1.20929e-6 0 -1 -8.34162e-7 -0.002259552 -0.999997 -9.3362e-4 -0.002258002 -0.999997 -9.3293e-4 0 -1 4.47039e-6 0.001055717 -0.9999994 -3.13379e-4 -0.003323376 -0.8861605 0.4633667 0.01218879 -0.7470707 0.6646329 -0.02121526 -0.4683587 0.8832837 -0.02115261 -0.4678518 0.8835538 -0.02512001 -0.5802909 0.8140219 0.04016089 -0.06726109 0.9969269 0.03857457 0.07880485 0.9961435 0.02379882 0.5277878 0.8490428 0.004396855 0.08501249 0.9963703 -0.2006255 0.208624 0.9571967 -0.2365596 -0.03486961 0.9709911 0.08255618 -0.5574963 0.8260645 0.1305394 -0.1579828 0.9787752 0.1437253 -0.3420271 0.9286337 0.1430407 -0.09895211 0.9847578 0.1376409 0.1220194 0.9829376 0.1392704 -0.001282751 0.9902536 0.1305451 -0.1577253 0.978816 0.08804684 -0.1529006 0.9843116 -0.03075939 -0.5513976 0.8336753 -0.1525704 -0.5364131 0.8300502 -0.1513372 -0.7693203 0.6206799 -0.04519844 -0.7746035 0.6308302 0.04684454 -0.8386119 0.5427116 0.117091 -0.8011381 0.5869135 0.1897445 -0.514 0.8365411 0.1537129 -0.110201 0.9819512 0.1392559 -0.001188158 0.9902558 0.1207493 0.001242518 0.9926823 0.1743791 0.01161968 0.9846101 0.1759612 -0.04575979 0.9833329 0.1388373 -0.1127166 0.9838796 -0.04537373 -0.3918761 0.9188986 -0.2641801 -0.5243259 0.8095008 -0.321044 -0.7225587 0.6122416 -0.2098956 -0.9025094 0.3760595 -0.07629382 -0.953145 0.2927353 0.04124432 -0.98894 0.1424663 0.1394648 -0.9829491 0.1198354 0.1989608 -0.8654512 0.4597923 0.2702227 -0.7755235 0.5705638 0.2189706 -0.3719161 0.9020701 0.1619116 -0.09332728 0.9823822 0.2361502 0.1911672 0.9527267 0.004955172 0.08475428 0.9963896 0.1984527 -0.1127396 0.9736049 0.2124492 -0.1076533 0.971224 0.1839424 -0.08167028 0.9795383 0.3785287 0.002932429 0.9255849 0.2736104 -0.0593062 0.9600106 0.5011258 -0.003445148 0.8653676 0.5852478 -0.1458536 0.7976289 0.682353 -0.002818465 0.7310175 0.7587015 0.04178774 0.650097 0.8435143 -0.06826543 0.5327511 0.7640045 0.004028737 0.6451984 0.8093376 -0.04403394 0.5856907 0.8172337 -0.1308901 0.5612459 0.8383006 -0.2638769 0.4770967 0.9023799 -0.2949479 0.3141915 0.6211162 0.02777838 0.7832261 0.5611997 0.101957 0.8213767 0.7638348 0.004026055 0.6453993 0.5802312 0.03494375 0.8137019 0.6433106 -0.1033779 0.7585938 0.3279241 -0.1211419 0.9369048 0.2868263 -0.2041869 0.9359692 0.1656081 0.2565453 0.9522387 0.5045431 0.1224555 0.8546585 0.1319338 0.3930922 0.9099847 0.5003888 0.4946022 0.7106193 0.17343 0.6231892 0.7625991 0.5615962 0.1022095 0.8210744 0.7482484 0.2275654 0.6231681 0.7657206 0.1466124 0.6262402 -0.4592133 -0.5482659 0.6989476 -0.4949641 -0.6968982 0.5189831 -0.2501745 -0.916904 0.3109663 -0.08890503 -0.9904721 0.1051711 -0.1217179 -0.9894239 0.0788992 0.03237456 -0.9994624 0.005173921 0.251735 -0.959294 0.1280028 0.2828984 -0.9305563 0.2324512 0.2726867 -0.6399697 0.7183877 0.2066259 -0.2375032 0.9491565 0.1804351 -0.1635477 0.9698945 0.1430703 -0.00831741 0.9896776 0.1302301 -0.04247134 0.9905737 0.1351402 -0.02330607 0.9905524 0.1633568 -0.004910707 0.9865549 0.08003175 0.007554471 0.9967638 -0.01860642 -0.02198922 0.999585 -0.09250855 0.0551517 0.9941833 -0.09274363 0.05493366 0.9941735 -0.3265413 -0.1046746 0.939369 -0.4196254 0.02659749 0.9073076 -0.4200519 0.02685034 0.9071029 -0.3087935 0.008940935 0.9510872 -0.6990959 0.006958365 0.7149941 -0.4198998 0.0270344 0.9071677 -0.6991289 0.007086038 0.7149606 -0.6223778 -0.03843706 0.7817727 -0.6227361 -0.03881323 0.7814687 -0.6945735 -0.1398037 0.7057072 -0.752043 -0.2073709 0.6256427 -0.891157 -0.08743137 0.4451909 -0.8913388 -0.08700782 0.4449101 -0.6994392 0.007096409 0.7146568 -0.9669202 -0.2215833 0.1263582 -0.998824 -0.04790556 0.007470726 -0.2112333 0.1278264 0.9690412 -0.2115409 0.1282317 0.9689206 -0.06024217 0.1790715 0.98199 -0.1768034 0.5661172 0.805141 -0.4348101 0.3661714 0.8227143 -0.2276373 -0.3018446 0.9257814 -0.2273874 -0.3022733 0.9257029 -0.1150965 -0.2231491 0.9679656 -0.07807207 -0.4254043 0.9016296 -0.1394029 -0.4296077 0.8921906 -0.07266265 -0.4364331 0.8967978 -0.1922776 -0.4053102 0.8937299 -0.1190987 -0.3474875 0.9300904 -0.1315975 0.01864552 0.9911279 -0.345142 -0.03880316 0.937748 -0.1707829 0.2811308 0.944351 -0.1190474 0.3748379 0.9194152 -0.3880804 0.23317 0.891642 -0.5723052 0.08715695 0.815396 -0.596397 0.02436077 0.80232 -0.4392875 -0.2112628 0.8731521 -0.5059307 -0.1655353 0.8465414 -0.3454491 -0.2537724 0.9034736 -0.5106483 -0.0544396 0.8580645 -0.3318414 -0.08252638 0.9397185 -0.337312 0.07175445 0.9386544 -0.5372945 0.096964 0.8378024 -0.596456 0.02442294 0.8022742 -0.3880596 0.2331647 0.8916525 -0.2820465 0.2340643 0.9304105 -0.1294362 0.365584 0.9217346 -0.1190308 0.374901 0.9193916 -0.01533257 0.4926386 0.8700989 -0.002340257 0.340281 0.9403209 -4.761e-4 0.608331 0.7936833 -0.01167494 0.6438838 0.7650342 -0.001685321 0.5714107 0.8206626 -0.008335769 0.3463866 0.9380548 0.01774865 0.1256929 0.9919105 -0.00506848 0.1826019 0.9831739 0.01782459 0.1251829 0.9919736 -0.005081236 0.1829366 0.9831117 0.01189982 0.1613721 0.986822 -0.05674451 0.4592688 0.8864831 -0.07993096 0.5350316 0.8410425 -0.01188552 0.2990371 0.9541675 -0.06353008 0.3101429 0.948565 -0.08278137 0.2219188 0.9715448 -6.47371e-4 0.1426877 0.9897676 -0.07155251 0.1186845 0.9903507 -0.03629559 0.01517373 0.9992259 3.55974e-4 -0.1366533 0.990619 -0.05586135 -0.09792149 0.9936251 -9.19614e-4 -0.2755386 0.9612896 -0.04124534 -0.3479878 0.9365913 -0.04121905 -0.3479653 0.9366009 -0.1264255 -0.01263844 0.9918956 -0.09404915 -0.1178986 0.9885619 -0.2411625 -0.04856371 0.969269 -0.1913118 -0.04736715 0.9803857 -0.2741323 0.02528339 0.9613596 -0.4354556 -0.04462319 0.8991037 -0.3174874 -0.1596544 0.9347258 -0.09700798 -0.1811925 0.9786515 -0.5837035 -0.08714479 0.807277 -0.3843417 -0.3091938 0.869874 -0.1424317 -0.2643972 0.9538382 -0.04124468 -0.3480971 0.9365507 -0.360818 -0.5135744 0.7784933 -0.6329534 -0.2861958 0.7193483 -0.6891219 -0.4366267 0.5783323 -0.7476794 -0.4030651 0.5277444 -0.3610752 -0.5136128 0.7783487 -0.6904171 -0.5499901 0.469931 -0.7011471 -0.4672644 0.5385691 -0.7480001 -0.4026765 0.5275865 -0.9069469 -0.1380108 0.3979955 -0.8402107 -0.04423803 0.5404526 -0.9690949 0.1125569 0.2195135 -0.9860978 -0.06081104 0.1546394 -0.9315386 -0.1996437 0.3039379 -0.931631 -0.1995593 0.3037103 -0.8037335 -0.3702408 0.4657619 -0.9003941 -0.3357856 0.2766562 -0.9001563 -0.3361347 0.2770056 -0.9883911 0 0.1519315 -0.9977278 0.02045059 0.06419646 -0.8403211 -0.04412281 0.5402906 -0.9669664 0.003358602 0.254882 -0.8042212 -0.004429161 0.5943138 -0.5909025 -0.002470552 0.8067393 -0.2744501 0.02526801 0.9612693 -0.6287651 -0.1802741 0.7564099 0.008907914 0.04987043 0.998716 0.1736872 0.0630989 0.9827774 0.07394862 0.0488125 0.9960668 0.05851656 -9.80666e-4 0.998286 0.1314839 0.1115164 0.985026 0.1085643 0.02726244 0.9937155 -0.09911382 -0.08943319 0.9910491 0.1894538 -0.1673596 0.9675216 0.1041374 0.07333874 0.9918553 0.09640395 0.1515013 0.9837448 0.0901919 0.2874312 0.9535454 0.05659145 0.4899711 0.8698999 0.1019603 0.3458715 0.9327257 0.1846568 -0.01434439 0.9826985 0.3417633 0.01525145 0.9396624 0.5392735 0.1571769 0.8273329 0.6957945 0.1501013 0.7023814 0.8109547 0.1443015 0.5670359 0.9070327 0.1406577 0.3968718 0.9954676 -0.00163424 0.09508746 0.9999489 0.008169889 -0.005952 0.9775021 0.01595795 -0.2103214 0.8796808 0.1587386 -0.4482897 0.7831333 0.03009766 -0.6211253 0.7533539 0.08961862 -0.6514803 0.5667907 -0.1766449 -0.8047017 0.5167656 0.01790481 -0.8559398 0.3606589 0.008761107 -0.9326567 0.2432913 0.1413982 -0.9595916 0.1302896 -0.01246792 -0.9913976 0.06979376 0.136132 -0.9882292 0.0695548 0.1360896 -0.9882519 0.104569 -0.1955098 -0.975111 0.004880487 -0.1190082 -0.9928813 0.06943053 0.1361495 -0.9882525 0.004520118 0.004879772 -0.999978 -0.03512662 0.03769522 -0.9986717 0.02393704 0.0979647 -0.994902 -0.07311969 0.01874732 -0.997147 -0.07349431 0.01832085 -0.9971274 0.004597723 -0.1191818 -0.9928619 -0.258471 -0.02772986 -0.965621 -0.2759689 0.1061668 -0.9552852 -0.2694103 0.0888518 -0.9589179 -0.2980499 0.2326725 -0.9257591 -0.2627815 0.226127 -0.9379832 0.8109027 0.1445808 0.5670391 0.8083573 0.4587163 0.3689688 0.5112682 0.7307658 0.4523121 0.6738789 0.4578367 0.5798903 0.05809742 0.6473815 0.7599487 0.07126015 0.5647087 0.8222082 0.01030832 0.9815734 0.1908072 -0.005851924 0.9711183 0.2385271 0.001137673 0.9354367 0.3534926 -0.09229856 0.9658625 0.2420551 -0.187253 0.9388613 0.2889221 -0.187452 0.9387485 0.2891591 -0.1099534 0.9263182 0.3603401 -0.2507588 0.7969484 0.5495393 -0.1074683 0.7920944 0.6008637 -0.1314436 0.7244496 0.6766797 -0.2507348 0.7968988 0.5496221 -0.0934413 0.8717805 0.4809028 -0.1631755 0.9484143 0.2718161 -0.3848387 0.8079281 0.4462639 -0.3565481 0.7266352 0.5872604 -0.3786991 0.8558192 0.3523642 -0.4838142 0.8105999 0.3299269 -0.4947919 0.7455888 0.4464061 -0.4838644 0.8105624 0.3299451 -0.2227368 0.9545977 0.1978167 -0.2505902 0.9660124 0.06344115 -0.6474043 0.7430846 0.1693906 -0.4811013 0.8671951 0.1285078 -0.2506366 0.9660061 0.06335455 -0.5643209 0.8095291 -0.1618783 -0.3090786 0.9457762 -0.09988856 -0.5644332 0.809412 -0.1620724 -0.6939734 0.6869675 -0.2155844 -0.5550636 0.7135345 -0.4275196 -0.2984799 0.9263224 -0.2298625 -0.4475675 0.8464976 -0.2883143 -0.5548543 0.7136889 -0.4275337 -0.3619282 0.8447449 -0.3942258 -0.3620655 0.8445936 -0.394424 -0.298339 0.9263269 -0.2300266 -0.2125996 0.9086611 -0.3593555 -0.3471865 0.7313792 -0.5869805 -0.2758984 0.8310594 -0.4829291 -0.2759293 0.8309098 -0.4831689 -0.1511414 0.938299 -0.3110488 -0.2255213 0.7500866 -0.6216996 -0.1752854 0.9723923 -0.1540406 0.002505302 0.9989247 -0.04629629 -0.03886753 0.9535543 -0.2987031 -0.1793116 0.6276605 -0.7575551 0.03540521 0.8598217 -0.5093654 -0.08954799 0.4499557 -0.8885499 -0.1829009 0.5609894 -0.8073651 -0.191415 0.2142618 -0.9578373 -0.1915068 0.2145318 -0.9577584 -0.1794571 0.6272376 -0.7578707 -0.2627599 0.226392 -0.9379253 -0.1830103 0.5610139 -0.8073231 -0.1213986 0.1291223 -0.9841697 0.03480917 0.5170437 -0.855251 -0.05408507 0.1051697 -0.9929825 0.01762878 0.2344865 -0.9719595 0.03850096 0.05271697 -0.9978671 0.180572 -0.07878482 -0.9804014 0.1338153 -0.2152908 -0.9673383 0.04002237 -0.1991749 -0.9791464 0.01453757 -0.02293497 -0.9996313 -0.07099986 -0.02915477 -0.9970502 0.01824265 0.02268189 -0.9995763 0.09599214 0.1429947 -0.9850574 0.09507697 0.1036037 -0.990064 -1.043e-6 0.07328504 -0.9973111 0.05613768 0.00354284 -0.9984169 0.1403536 -0.1041834 -0.9846049 0.09280973 -0.5476519 -0.831543 0.08037257 -0.6098443 -0.7884353 0.3502479 -0.1395226 -0.9262073 0.3502597 -0.1395194 -0.9262034 0.1765897 -0.2424169 -0.9539655 0.3009977 -0.4737461 -0.8276262 0.2603502 -0.5282467 -0.8081914 0.4707523 -0.1551871 -0.8685098 0.3341402 -0.4299072 -0.838767 0.4773352 -0.1228634 -0.8700895 0.1530567 -0.5403546 -0.8274 0.09665918 -0.7355644 -0.6705237 0.07583749 -0.8181755 -0.5699452 -0.01711446 -0.83707 -0.5468281 0.01967954 -0.8388136 -0.5440631 -5.58074e-4 -0.8675437 -0.4973606 -5.37269e-4 -0.8329651 -0.5533252 0.0297681 -0.7484012 -0.6625779 0.2421177 -0.5921644 -0.7685834 -0.01130211 -0.985589 -0.1687801 -0.01134234 -0.9856361 -0.1685023 0.0272355 -0.810083 -0.5856823 -4.08519e-4 -0.9780079 -0.2085677 -3.99982e-4 -0.9780889 -0.2081878 0.001067101 -0.8682884 -0.4960585 0.004699289 -0.9928343 -0.1194069 0.03152239 -0.9963842 0.07889795 -0.02181476 -0.9960685 -0.08585917 -0.006989657 -0.9996154 -0.02683699 -0.008850812 -0.9998788 -0.0128141 -0.01215255 -0.9998924 -0.008229732 -0.07892763 -0.9968076 -0.01204103 -0.07037186 -0.9975091 -0.004842281 -0.25642 -0.9637843 0.07327097 -0.0791828 -0.9967868 -0.01208573 -0.1257074 -0.9920641 -0.00254178 -0.07034641 -0.9975109 -0.004836797 -0.1254016 -0.992103 -0.002484858 -0.1427957 -0.9897274 0.007009088 -0.01787489 -0.5868616 -0.8094899 0.04019343 -0.4893756 -0.8711464 -0.03709936 -0.4069774 -0.9126846 0.1025703 -0.3912894 -0.9145338 0.1147512 -0.3379637 -0.9341374 0.09956443 -0.2254878 -0.9691452 -0.08843159 -0.1438089 -0.9856465 0.04883337 -0.06524389 -0.9966738 -0.1669433 0.1104264 -0.9797633 -0.1280686 -0.09199064 -0.9874899 -0.1670249 0.1105117 -0.9797397 -0.1307597 0.1183936 -0.9843196 0.2680855 -0.2157518 -0.9389256 0.5351809 -0.02939963 -0.8442258 0.6533613 0.02857315 -0.7565069 0.7345717 0.008917033 -0.6784725 0.7288183 0.002017617 -0.6847042 0.8756757 -0.003638207 -0.4828862 0.6687311 0.00399357 -0.7434937 0.6369888 -0.01724463 -0.7706803 0.6365846 -0.01714032 -0.7710164 0.8563391 0.1216862 -0.5018723 0.9048792 0.1318891 -0.404721 0.9773191 0.0644592 -0.2017239 0.9870654 0.08009451 -0.1388765 0.8752114 0.3035514 -0.3766452 0.9841142 -0.02607977 -0.1756112 0.8807242 0.1678872 -0.4428757 0.4709959 0.6247062 -0.6228203 0.4594482 0.52727 -0.7147682 0.757862 0.2422185 -0.6057849 0.4757313 0.3879655 -0.7894066 0.1524007 0.4289331 -0.8903878 0.3569403 0.2509085 -0.8997992 0.563738 0.276704 -0.7782251 0.04305744 0.232255 -0.9717015 0.3523281 0.0963419 -0.9309045 0.07714563 0.07831531 -0.9939393 -0.03104776 0.3687354 -0.9290157 -0.1664958 0.1106746 -0.9798114 0.002710044 0.5844542 -0.8114222 0.1342354 0.647408 -0.7502292 0.00112915 0.7745215 -0.6325467 0.08791851 0.786244 -0.6116297 -0.02511769 0.9116303 -0.4102431 0.103063 0.7821133 -0.6145544 0.06945449 0.7806566 -0.6210889 0.01785367 0.8239944 -0.5663167 -0.09888261 0.8338859 -0.543007 -0.2018568 0.8631373 -0.4628694 -0.2126457 0.9655361 -0.1500733 -0.350614 0.8806219 -0.3187082 -0.3144183 0.9481853 -0.0456708 -0.2818595 0.9491162 0.1404768 -0.4515618 0.885771 -0.1072462 -0.5329958 0.8406232 0.09627199 -0.7454727 0.6320849 -0.2115165 -0.7845936 0.5652025 -0.2548708 -0.6313212 0.5236861 -0.5720023 -0.4312028 0.472263 -0.7687861 -0.5574993 0.5975574 -0.5762983 -0.09913772 0.8336098 -0.5433843 -0.3671531 0.5331169 -0.7622238 -0.2094482 0.4812042 -0.8512192 -0.02209144 0.6914448 -0.7220914 -0.1947337 0.4237577 -0.8845949 0.0501703 0.4954516 -0.8671855 0.02336281 0.6151218 -0.7880859 -0.02628731 0.5131989 -0.8578671 -0.1474784 0.4753452 -0.8673506 0.006174743 0.619929 -0.7846336 0.07372415 0.2715317 -0.9596017 -0.04399538 0.09515309 -0.99449 -0.1948521 0.4232851 -0.8847952 -0.1958743 0.3600445 -0.912141 -0.1874566 0.0677585 -0.9799332 -0.195038 0.4233427 -0.8847267 -0.4116365 0.1786131 -0.8936738 -0.4118482 0.1787534 -0.8935483 -0.215406 0.3645709 -0.9059186 -0.4313848 0.4717893 -0.7689747 -0.5755999 0.3948705 -0.7160741 -0.3250185 0.2875238 -0.9009401 -0.2851461 -0.07114338 -0.9558401 0.04275405 0.06105786 -0.9972182 -0.01698958 -0.09888684 -0.9949537 -0.01454406 0.1709971 -0.9851642 0.06115502 0.06474262 -0.9960263 0.0377736 -0.126547 -0.9912412 -0.09188985 0.01772713 -0.9956114 -0.0593717 -0.1541437 -0.986263 -0.1212624 -0.11698 -0.9857034 -0.1600227 -0.1441774 -0.9765274 -0.1787232 -0.2239055 -0.9580838 -0.2083406 -0.146467 -0.9670273 -0.2567477 -0.1908171 -0.9474543 -0.1969903 -0.04751098 -0.9792537 -0.07780927 -2.51339e-4 -0.9969683 -0.009619355 3.31354e-5 -0.9999538 0.04176646 -0.0966463 -0.9944421 -0.1141839 0.008986294 -0.9934191 -0.001643717 0.001122951 -0.9999981 -0.06606209 0.01015484 -0.9977639 -0.06577795 0.01012086 -0.9977831 0.04215514 -0.09677171 -0.9944135 0.2133725 4.22215e-6 -0.9769709 0.3689376 0.002406001 -0.9294511 0.3669765 -0.001078784 -0.9302296 0.5356398 -0.002170622 -0.8444439 0.6035432 0.002427339 -0.7973267 0.5359173 -0.002182126 -0.8442677 0.6062763 -0.1858676 -0.7732285 0.7128238 -0.001472473 -0.7013418 0.7128447 -0.001471877 -0.7013204 0.6038104 0.002431392 -0.7971243 0.7883506 0.08976757 -0.6086422 0.8419739 -0.05370926 -0.5368384 0.6561253 0.04823392 -0.753109 0.7337849 0.17226 -0.6571806 -0.3400768 -0.3400646 -0.8767575 -0.404079 -0.4906394 -0.7720061 -0.2567512 -0.191084 -0.9473994 -0.2851718 -0.4452871 -0.8487618 -0.1607556 -0.4229838 -0.8917636 -0.1409325 -0.5676352 -0.8111279 -0.1376209 -0.4813262 -0.8656708 -0.1160755 -0.719689 -0.6845248 -0.06657636 -0.831537 -0.551465 0.01625835 -0.8464536 -0.5322144 0.03959023 -0.9774403 -0.2074682 -0.005386829 -0.9861097 -0.166008 -0.07784676 -0.8602938 -0.5038198 -0.005417764 -0.9860661 -0.1662663 -0.09498655 -0.7880129 -0.6082873 -0.1442137 -0.9414409 -0.3047813 -0.1017677 -0.9704995 -0.2185727 -0.1277977 -0.98954 -0.06692028 -0.1430223 -0.9896957 0.006871819 -0.5205995 -0.8344554 0.1807218 0.1001617 -0.9949372 -0.00823003 0.1927723 -0.9812396 0.002789556 0.2370249 -0.9714754 -0.00739926 0.2520136 -0.9676885 -0.008265674 0.319023 -0.9477264 0.006259977 0.3258521 -0.9352658 0.1381967 0.3321303 -0.8243532 0.4584009 0.3321589 -0.8242072 0.4586426 0.2750591 -0.5278264 0.8035807 0.4449289 -0.6794469 0.5834298 0.3746777 -0.1341227 0.9174028 0.3976743 -0.05789309 0.9156984 0.4954309 0.03729104 0.8678466 0.4997872 0.1749203 0.8483017 0.2991613 0.2378379 0.9240864 0.3043512 0.3819971 0.8726102 0.1711471 0.2011294 0.9644977 -0.2112318 -0.01828014 0.977265 0.01343876 -0.5821967 0.812937 0.1206448 -0.2426006 0.9625954 0.5109773 -0.4140831 0.7532845 0.2988424 -0.1861558 0.9359697 0.1192002 0.1279698 0.9845889 0.09920817 0.372527 0.9227033 0.08069866 0.8382064 0.5393494 0.0650137 0.993807 0.0901162 0.02046048 0.9995791 0.02057015 -0.01660716 0.999858 -0.002905726 -0.1762254 0.9823638 0.06249827 -0.2955462 0.9398578 0.1712306 -0.2166333 0.9757342 -0.03182226 -0.3781917 0.911842 -0.1597352 0.002439856 0.9999897 -0.003839433 0.02871823 0.9988763 -0.03770303 0.09712159 0.9900924 -0.1014124 0.1964139 0.9702227 -0.1417384 0.1745275 0.8970892 -0.4059202 0.1878643 0.7671748 -0.6133108 0.1751786 0.731158 -0.6593334 0.1878364 0.7668601 -0.6137126 0.01767671 0.2345038 -0.9719545 0.3602333 0.6394385 -0.6792278 -0.2066561 -0.7120797 -0.6709962 0.1420893 0.1909036 -0.9712705 0.3469716 0.02226114 -0.9376114 0.3368401 -0.08922696 -0.9373245 0.3336143 -0.320383 -0.8865981 0.3504791 -0.0896151 -0.9322733 0.3500702 -0.0897364 -0.9324154 0.1342321 -0.2154955 -0.967235 0.1825938 -0.4271527 -0.8855508 0.1292548 -0.5820414 -0.8028208 0.1822874 -0.427296 -0.8855447 0.03995823 -0.1996615 -0.9790499 -0.2147043 -0.3313249 -0.9187632 0.09027272 0.3333676 -0.9384652 0.2060205 0.3779388 -0.9026172 0.2034596 0.3815147 -0.9016933 0.09436678 0.2797889 -0.9554126 0.03532487 0.308247 -0.9506503 0.08700782 0.09804934 -0.9913709 0.3244102 0.09318143 -0.9413157 0.4478244 -0.009746551 -0.8940684 0.4981606 0.1051177 -0.8606895 0.5381117 0.1313781 -0.8325717 0.5338062 0.06203997 -0.843328 0.3062475 -0.282943 -0.9089311 0.410515 -0.1436361 -0.90047 0.4984627 -0.04729938 -0.8656198 0.8196024 0.1294665 -0.5581133 0.8474736 0.0337395 -0.5297644 0.9925618 0.040259 -0.1148928 0.9928404 0.05171686 -0.1076726 0.9989579 0.00149089 -0.04561924 0.3492513 -0.6985253 -0.6245687 0.6698515 -0.5954384 -0.4435677 0.349922 -0.6984155 -0.624316 0.9877871 -0.1065461 -0.1136869 0.9840911 -0.02657353 -0.1756664 0.8555367 -0.4369855 -0.2776703 0.8552928 -0.4373839 -0.2777939 0.961283 -0.1198967 -0.2481126 0.8569054 -0.272259 -0.4377082 0.856907 -0.2717862 -0.4379985 0.6725229 -0.1439893 -0.7259339 0.1382685 0.693903 -0.7066686 0.2082387 0.4506174 -0.8680903 0.1621303 0.5129111 -0.8429923 0.06950652 0.7803217 -0.6215039 0.1002454 0.5291725 -0.8425719 0.0952453 0.6114042 -0.7855657 0.03889918 0.5619253 -0.8262729 0.1448026 0.01252329 -0.9893813 0.1116845 -0.01099979 -0.9936829 0.04218006 -0.3373257 -0.9404427 -9.00897e-4 -0.3143111 -0.9493197 -0.2654055 -0.07242 -0.9614133 0.002976059 -0.02131623 -0.9997684 -0.1988072 0.1415588 -0.9697613 -0.1988291 0.1414487 -0.9697728 0.1622567 -0.4524794 -0.8768895 0.01901584 -0.3794655 -0.9250105 0.05224287 -0.3963817 -0.9165982 0.01985782 -0.4684602 -0.8832615 -0.08933162 -0.4295269 -0.8986249 0.1515445 -0.9009106 -0.406687 0.1789667 -0.9659662 -0.186763 0.1400405 -0.9827279 -0.1209737 0.2156801 -0.9733168 -0.07833623 0.2144741 -0.9757838 -0.04297631 0.1300359 -0.9774395 -0.1664419 0.2834053 -0.9518427 -0.1169483 0.4920042 -0.870512 -0.01186978 0.4501565 -0.8766389 0.1698926 0.4818075 -0.8037948 0.3489634 0.5185241 -0.8293841 0.2079778 0.6516573 -0.7437942 0.1487047 0.6700868 -0.7280299 0.1447623 0.792017 -0.5827305 0.1820288 0.7229223 -0.6875741 -0.06800973 0.8707482 -0.491725 0.002064466 0.9053775 -0.3885388 0.1712584 0.778829 -0.5108339 0.3639701 0.5567681 -0.3632016 0.7470569 0.7919081 -0.5828073 0.1822557 0.666942 -0.6738257 0.3180369 0.8623052 -0.2918771 0.4138088 0.9631449 -0.1835253 0.196648 0.8704996 -0.06692034 0.4875983 0.822023 -0.08879375 0.562489 0.6654938 -0.2313045 0.7096592 0.8702887 -0.06679028 0.4879925 0.4959157 0.03726035 0.8675709 0.8751606 0.09197825 0.4750095 0.6971761 0.2829309 0.6587075 0.6968383 0.283142 0.6589742 0.2995672 0.2381456 0.9238756 0.6397405 0.5634377 0.5227526 0.4247741 0.6036496 0.6746659 0.2433947 0.4111444 0.8784757 -0.05179011 0.2463029 0.9678083 -0.1227703 0.1452221 0.9817525 -0.6582319 0.06007868 0.7504141 0.210344 0.7277061 0.6528394 -0.04385071 0.3935158 0.9182715 -0.2769177 0.5605797 0.7804275 -0.2772076 0.5603142 0.7805152 -0.2043681 0.2700309 0.9409129 -0.4753533 0.0558809 0.8780186 0.4897997 0.017627 0.8716568 0.4467005 -0.3237307 0.8340607 0.3004791 -0.01635599 0.9536482 0.3002658 -0.0163846 0.9537149 0.1371256 0.1592161 0.9776743 0.1622514 0.4942637 0.8540363 0.1706977 0.8387054 0.5171419 0.1514678 0.9773871 0.1475537 0.1771122 0.9841902 -0.00100702 0.07799255 0.9969488 -0.003231585 0.01508158 0.9998844 -0.001976251 0.1197411 0.9927786 -0.0072636 0.1851774 0.9827035 -0.001791536 0.233114 0.9724474 -0.002014875 0.2453312 0.9601165 -0.1341235 0.2776023 0.7707681 -0.5734576 0.09045642 0.3338494 -0.9382762 0.4192481 0.6248325 -0.6586468 0.4061594 0.8703541 -0.2784212 0.4180963 0.5785489 -0.7003404 0.08061099 0.6066802 -0.7908483 0.04981023 0.6805458 -0.7310106 0.2247069 0.4604811 -0.8587573 0.4366896 0.3805401 -0.8151634 0.5127788 0.3388733 -0.7888111 0.6480555 0.3848305 -0.6572135 0.4984558 -0.04732942 -0.8656222 0.6125606 0.09342527 -0.784883 0.8195916 0.1294675 -0.5581288 0.7821982 0.4589482 -0.4213461 0.7363634 0.5353977 -0.4136645 0.9257399 0.3556694 -0.1284714 0.9880358 0.1509569 -0.03157889 0.9996728 -0.001377284 -0.02554172 0.9996154 -0.003100693 -0.02755713 0.9722886 0.2303095 -0.04015392 0.9925619 0.04050791 -0.1148046 0.9969546 0.05837011 -0.05171734 0.9900233 -0.05872184 -0.1280852 0.9998648 -0.001239478 -0.01639837 0.9878207 -0.1064164 -0.1135156 0.9922599 -0.1125037 -0.05256575 0.8429056 -0.4739567 -0.2547062 0.8788998 -0.4258858 -0.2148404 0.9877937 -0.1065701 -0.1136072 0.9594727 -0.224206 -0.1707159 0.557182 -0.6140927 -0.558962 0.6110951 -0.5558984 -0.5635067 0.1224899 0.3859652 -0.9143453 0.05135875 0.4421826 -0.8954535 0.1447747 0.01257401 -0.9893848 0.2907576 0.2007135 -0.9355074 0.2041648 -0.1931515 -0.9596922 0.1177681 -0.4178389 -0.9008558 0.03191846 -0.688477 -0.7245555 0.04242622 -0.6427487 -0.7649015 -0.08316451 -0.5342994 -0.8411943 0.01900911 -0.3794755 -0.9250066 -0.05853593 -0.624068 -0.7791744 0.1492308 -0.5767498 -0.8031749 0.1124413 -0.6865313 -0.7183535 0.1498757 -0.723251 -0.6741256 0.1803463 -0.9254423 -0.3332142 0.127085 -0.9899361 -0.0622574 0.153141 -0.9858859 -0.06765413 0.02313679 -0.9957602 -0.08903014 -0.003115415 -0.9863131 -0.1648543 0.02930575 -0.9685646 -0.2470299 0.05493241 -0.9183617 -0.3919113 0.121281 -0.8953785 -0.4284722 0.3318346 -0.8823305 -0.3337348 0.4903526 -0.8660662 -0.09738528 0.5980236 -0.7428681 -0.3008569 0.7407987 -0.4842705 -0.4655099 0.881486 -0.4552434 -0.1254426 0.9673573 -0.2531981 0.01052308 0.9967 -0.02218025 0.07808429 0.9843157 0.1074473 0.1399204 0.9312915 0.3214652 0.171337 0.805746 0.3320844 0.4904012 0.7787151 0.6063807 0.1609518 0.6399495 0.5636059 0.5223152 0.5899222 0.7893434 0.1700853 0.4789998 0.7063908 0.521125 0.4009252 0.8969559 0.186358 0.3289772 0.7879322 0.520516 0.9519063 0.2972874 -0.07412648 0.8667412 0.4987198 -0.006179273 0.860047 0.5101093 0.01037484 0.7231952 0.6905384 -0.01206171 0.4645228 0.885428 0.01535302 0.3018564 0.9479582 0.1012814 0.3264153 0.9451898 -0.008327305 0.2604376 0.9654539 0.008431732 0.2813585 0.9150248 0.2890798 0.3478652 0.8301378 0.4357305 0.2519246 0.9593494 0.1272114 0.2463651 0.8368265 0.4889026 0.1516046 0.9773279 0.1478046 0.2484384 0.7913079 0.5586684 0.1824423 0.3220652 0.928972 0.2099118 0.977561 0.01765376 0.1851441 0.982706 0.003290653 0.3159587 0.9333882 -0.1701663 0.2058355 0.7984104 -0.5658379 0.3070177 0.8108827 -0.4982063 0.5074437 0.8491309 -0.1465525 0.277692 0.7710499 -0.5730351 0.5069175 0.7422857 -0.4382312 0.6666189 0.7287596 -0.1566168 0.5550387 0.7740436 -0.3046122 0.7021104 0.7077968 -0.07787567 0.7104284 0.7017268 -0.05358225 0.4092962 0.9098977 -0.06754887 0.126916 0.9893186 -0.07170271 0.05690318 0.9531482 -0.2971038 0.0777148 0.7934573 -0.6036439 0.0230301 0.907211 -0.4200451 0.143655 0.8361519 -0.529352 0.321842 0.7107153 -0.625541 0.5725219 0.4556806 -0.6815966 0.8956457 0.3083894 -0.3204916 0.648335 0.384974 -0.6568536 0.7848423 0.4233697 -0.4525272 0.613182 0.7010452 -0.3640655 0.5727515 0.4555922 -0.6814628 0.7361081 0.5353416 -0.4141914 0.6123545 0.09368157 -0.7850133 0.4280976 0.8920577 -0.144795 0.3722756 0.8572803 -0.3556422 0.7035264 0.5979468 -0.3840708 0.7455731 0.6597957 -0.09375727 0.805037 0.5908544 -0.05297839 0.9995909 -0.007137656 -0.02769505 0.9997978 4.67795e-4 -0.02010172 0.9996738 0.00141859 -0.02550339 0.9997249 -0.001430749 -0.02341753 0.9966881 -0.07168793 0.03838914 0.999958 -4.03811e-4 -0.009165227 1 -1.1257e-6 0 0.9887819 -0.09690672 -0.113664 0.9997316 1.09997e-4 -0.02317404 0.9980977 -0.05907356 -0.01764959 0.9016827 -0.4237058 -0.08626574 0.8789083 -0.4259476 -0.2146831 0.8116245 -0.5290706 -0.2476894 0.5984369 -0.7891086 -0.1384949 0.8762329 -0.4712479 -0.1007035 0.4896283 -0.8602802 -0.1420637 0.1858316 -0.9620855 -0.199645 0.3445538 -0.8775715 -0.3333932 0.6255235 -0.7144135 -0.3135824 0.3447304 -0.8774229 -0.3336017 0.7456162 -0.6035577 -0.2824441 0.5568514 -0.614315 -0.5590471 0.5039465 -0.6728985 -0.5415214 0.2570754 -0.7810131 -0.5691491 0.5568491 -0.6140152 -0.5593786 0.3624845 -0.3485331 -0.8643666 0.6457918 -0.243617 -0.7236047 0.3625818 -0.3482368 -0.8644452 0.6721417 -0.1437934 -0.7263257 0.3213042 0.1149444 -0.9399743 0.2053144 -0.5404513 -0.8159403 0.08959984 -0.7093364 -0.6991522 0.01932311 -0.9067805 -0.4211603 0.06053853 -0.878786 -0.4733608 0.06062561 -0.9859533 -0.1556296 0.02164429 -0.9985125 -0.0500437 0.05873417 -0.9917351 -0.1140701 0.1034128 -0.9248993 -0.3658785 0.02228534 -0.8659896 -0.4995653 0.03586035 -0.82591 -0.5626604 0.03963154 -0.7463693 -0.6643511 0.1167109 -0.7273871 -0.6762297 0.3605008 -0.6195859 -0.6972464 0.3664147 -0.2544209 -0.8949918 0.6877893 -0.1941125 -0.6994758 0.890478 -0.2350622 -0.3896088 0.9736066 -0.2073469 -0.09538096 0.9976531 -0.06762498 0.01074367 0.9899023 0.07954925 -0.117326 0.9332953 -0.05339556 0.3551182 0.8877615 0.2005883 -0.4142993 0.8495247 0.4455389 -0.2824942 0.8532499 0.5005484 -0.1463429 0.8052908 0.5858821 -0.09082287 0.7813739 0.6216483 -0.05485039 0.652301 0.7403697 -0.162346 0.6021054 0.792372 -0.09806072 0.06622713 0.9930151 -0.0976479 0.005478084 0.9898741 -0.1418424 0.03526777 0.9845015 -0.1717935 0.1522446 0.9345229 -0.3216966 0.04604977 0.9897488 -0.1351923 0.05236184 0.9897853 -0.1326026 0.145574 0.973027 -0.1789603 0.2622902 0.9274113 -0.2666689 0.09339344 0.9908136 -0.09780591 0.3398659 0.9314462 -0.1299969 0.286667 0.9563694 -0.05638802 0.3816639 0.9187289 -0.1013405 0.4284306 0.8919381 -0.1445471 0.745256 0.6601636 -0.09368848 0.6775215 0.7329644 0.06105685 0.9997942 -0.001482546 -0.02023768 0.9997491 0.005496263 -0.02171808 0.9890847 -0.1225466 0.08181661 0.9987591 0.01918619 -0.04595983 0.9993923 0.01143991 -0.03293001 0.9999311 0.004644989 -0.01078712 0.9672622 0.1781877 0.1807013 0.9999221 0.006053268 -0.01092189 0.9996627 -0.00340414 -0.02574789 0.9994422 0.002432823 -0.03331065 0.9997091 0.006179034 -0.02331733 0.9997431 0.002536118 -0.02252483 0.9995335 0.003213822 -0.03037059 0.9905963 -0.04784369 -0.1281797 0.9552077 -0.2505242 -0.1575312 0.9999268 0.006060957 -0.0104779 0.9998449 -0.004626691 -0.01700091 0.9632408 -4.81367e-4 -0.2686392 0.8245836 -0.04952424 -0.5635685 0.8040398 -0.2592787 -0.5350652 0.9098986 -0.3279755 -0.2540015 0.8242743 -0.04956936 -0.5640167 0.5563634 -0.3688098 -0.7446069 0.4169555 -0.06335932 -0.9067159 0.3988319 -0.1239075 -0.9086144 0.6275745 0.005922257 -0.7785341 0.9998988 -0.004739284 -0.01342046 0.99933 -0.01984089 -0.03075456 0.9992259 -0.02521502 -0.03019559 0.9994223 -0.01398879 -0.03097552 0.9996662 -0.02479428 -0.007270514 0.9988021 -0.04863417 0.005402743 0.9989958 -0.04471236 -0.002874791 0.9993685 -0.01941156 -0.02976423 0.9980417 -0.004987776 -0.06235438 0.9991441 0.006956279 -0.04077637 0.9097249 -0.3285174 -0.2539232 0.6014953 -0.6953206 -0.3933609 0.5249934 -0.7412711 -0.4182095 0.0221979 -0.9821154 -0.186967 0.1035107 -0.8624095 -0.4955154 0.04671978 -0.9189336 -0.3916357 0.008228659 -0.9879495 -0.1545578 0.7933018 -0.4783195 -0.3766732 0.5251961 -0.7408998 -0.4186127 0.5562525 -0.3693006 -0.7444463 0.3692919 -0.7743583 -0.5138022 0.1279274 -0.7644412 -0.6318738 0.0889306 -0.5588656 -0.8244761 0.02635067 -0.591827 -0.8056342 0.06220602 -0.3901187 -0.9186609 0.03466045 -0.09329813 -0.9950348 0.1093622 -0.03006714 -0.9935472 0.3517873 -0.05375212 -0.9345354 0.6996113 -0.0289216 -0.7139382 0.9408437 -0.02348816 -0.3380261 0.9938259 -0.05273056 -0.09762006 0.9308001 0.09482538 -0.3530148 0.8126437 0.04474186 -0.581041 0.6569371 0.06843376 -0.7508332 0.6618511 0.3639014 -0.6553846 0.685768 0.6424418 -0.3420393 0.3478076 0.8724927 -0.3432005 0.3743981 0.8773267 -0.3002067 0.602246 0.7922859 -0.09789282 0.4094924 0.9098138 -0.06749099 0.2027015 0.9615296 -0.1853996 0.1285356 0.963724 -0.2339118 0.1012358 0.9418711 -0.3203595 0.1893208 0.9263999 -0.3254856 0.2150267 0.7776369 -0.5907997 0.2371807 0.7193685 -0.6528816 0.03553551 0.8590184 -0.51071 0.007714331 0.9853897 -0.1701403 -0.03435671 0.9994072 0.002238333 0.09335774 0.9942548 -0.05236208 -0.07410675 0.9663684 0.2462523 0.01545661 0.9735902 0.2277793 0.01567476 0.9734655 0.2282966 0.1203805 0.9759165 0.1819216 0.02992737 0.8837245 0.4670498 -0.02410542 0.8316513 0.5547748 -0.01902377 0.617593 0.7862679 0.01487219 0.6432266 0.7655314 0.0157786 0.3029199 0.9528854 -0.004058778 0.2644057 0.9644031 0.01069539 0.04102897 0.9991007 -0.03162497 -0.05898785 0.9977576 -0.03318256 -0.3456907 0.9377617 -0.02604192 -0.3420083 0.9393361 -0.02639245 -0.6002066 0.7994095 -0.03982502 -0.6944413 0.7184465 -0.02437072 -0.8385646 0.5442569 -0.04307526 -0.9004781 0.4327632 -0.02372401 -0.9749168 0.2213013 -0.04566681 -0.9946472 0.09269154 -0.02070975 -0.9915368 -0.1281641 -0.04617601 -0.964844 -0.258735 -0.01938498 -0.8857488 -0.46376 -0.06323784 -0.8069784 -0.5871856 -0.02053731 -0.6644913 -0.7470138 -0.01992565 -0.5107684 -0.8594875 -0.007063627 -0.3019531 -0.9532966 0.004743158 -0.2442637 -0.9696974 0.2561042 -0.1526184 -0.9545252 0.05621433 -0.04834765 -0.9972475 0.08478868 0.03021204 -0.9959408 0.01843118 0.05082488 -0.9985375 0.2042562 -0.08299422 -0.9753929 0.3226368 0.00508356 -0.9465093 0.4164808 -0.06352484 -0.9069225 0.3985134 -0.1238006 -0.9087687 0.4039587 -0.4096517 -0.8179259 0.1054614 -0.2739871 -0.9559336 0.5250543 -0.7409859 -0.4186383 0.1025002 -0.006898939 -0.9947091 0.1294272 0.05664235 -0.9899699 0.417028 0.07287329 -0.9059676 0.3458285 0.2521785 -0.9037747 0.3226137 0.5919337 -0.7386034 0.08716636 0.7271078 -0.6809672 0.3473145 0.8727089 -0.3431501 0.2307224 0.8396005 -0.4917705 0.09605348 0.8865215 -0.4526075 0.4090514 0.909996 -0.06770831 0.08685839 0.7269768 -0.6811465 0.198324 0.570856 -0.7967377 0.1681259 0.4068515 -0.8978896 0.05767536 0.6409709 -0.7653952 -0.03570252 0.08208423 -0.9959858 0.1316123 0.2920131 -0.9473155 0.100615 0.2559071 -0.9614512 0.08788162 0.4966151 -0.8635105 0.2185232 0.6593827 -0.7193484 0.08703923 0.7269557 -0.6811458 0.3066973 0.8733457 -0.3784232 0.007906079 0.3409785 -0.9400379 0.4875745 0.8579679 -0.1617477 0.5571292 -0.6141532 -0.5589482 0.811502 -0.5291999 -0.2478144 0.6770626 -0.6542946 -0.3368752 0.8552668 -0.437473 -0.2777341 0.8555689 -0.4370278 -0.2775046 0.842916 -0.4739217 -0.2547371 0.9594774 -0.2241904 -0.1707097 0.1760442 0.2502192 0.9520499 0.3012179 0.1683909 0.9385693 0.1632038 0.1615298 0.9732793 0.2166372 0.5426924 -0.8115131 0.3936915 -0.2943291 0.8708488 0.3236477 -0.4849491 0.812451 0.2065817 -0.2372654 0.9492256 0.1804239 -0.1635282 0.9699 0.07201224 -0.1589064 0.984664 0.2391418 -0.2114968 0.947671 0.4399906 0.1952148 0.8765269 -0.2361301 -0.03494745 0.9710928 -0.1166653 -0.1706652 0.978398 -0.1684486 -0.3153842 0.933894 -0.1993496 0.02969378 0.9794785 -0.3368895 -0.9104983 0.2397884 -0.4648635 -0.8737778 0.142879 -0.5208411 -0.8342512 0.1809681 -0.6240304 -0.6779472 0.3885532 -0.6035473 -0.5932598 0.5327039 -0.6042575 -0.75715 0.248187 -0.7061753 -0.6340275 0.3151598 -0.6244046 -0.6775384 0.3886654 -0.6230228 -0.7541576 0.207579 -0.6044426 -0.7571555 0.2477188 -0.5210602 -0.8341141 0.1809701 -0.6079028 -0.7940055 0.003086566 -0.4357023 -0.8999356 -0.01672196 -0.4865005 -0.857583 -0.1669397 -0.2782782 -0.9579582 -0.06983768 -0.1435252 -0.9896231 0.006825745 -0.4648962 -0.8737798 0.1427606 -0.128364 -0.9894605 -0.0670132 -0.6173714 -0.7513458 -0.233093 -0.6078338 -0.7940585 0.003084123 -0.4155343 -0.8985883 -0.1409628 -0.3213363 -0.9393886 0.1195498 0.1877952 0.9807451 0.05359065 0.09638172 0.9951974 0.01710623 0.00490266 0.9998412 0.01713275 -0.09578001 0.9953283 0.01216256 -0.1453407 0.9889861 0.02797847 -0.1131606 0.9928031 0.03920227 -0.9802894 0.1975106 0.004734098 -0.906614 -0.4135382 0.08388948 -0.925709 -0.3148853 0.2095479 -0.8629476 -0.4741392 0.1746816 -0.7509315 -0.6517556 0.1063791 -0.6844788 -0.7074956 0.1758943 -0.746061 -0.5714295 0.34185 0.9611532 -0.02306622 0.2750502 0.8621236 -9.12503e-4 0.5066975 0.5736791 -0.02091056 0.8188133 0.5733067 -0.0206663 0.8190802 0.6711976 -0.01936417 0.7410255 0.4161847 0.02181982 0.9090183 0.3594098 0.01063138 0.9331194 0.4161545 0.02178716 0.909033 0.3584266 -0.0224781 0.9332873 0.9584777 0.010324 0.2849809 0.7816458 0.08262789 0.6182254 0.6194971 0.0376572 0.7840952 0.4289927 -0.00407058 0.9032987 0.6191214 0.03791326 0.7843796 0.2141323 0.03599512 0.9761413 0.7841603 -0.6196455 -0.03364902 0.5816941 -0.8133789 -0.006838917 0.4475062 -0.8942582 -0.006370544 0.2465605 -0.9690963 0.00777626 0.4470385 -0.8944927 -0.006291687 0.2463964 -0.9691382 0.007745802 0.1572912 -0.98754 -0.004939138 0.6331906 0.7735456 -0.02640181 0.8025063 0.5966333 -0.003533065 0.8865205 0.4626407 -0.006707072 0.9605191 0.2781904 0.003653347 0.8867765 0.4621505 -0.006670713 0.9606691 0.277673 0.003579616 0.9857406 0.1678211 -0.01231646 -0.9966896 -0.01382231 -0.08011853 -0.9968852 -0.07779759 0.01294308 -0.996886 -0.07778722 0.01295 -0.9135009 -0.04564112 0.4042688 -0.9968569 -0.07808446 0.01338505 -0.8885007 -0.07231342 0.4531416 -0.9038969 -0.0415048 0.425732 -0.9922248 0.002585411 0.1244316 -0.9757314 -0.04682767 0.2139052 -0.9987495 -0.04989385 -0.003187775 -0.9978386 -0.06370764 -0.01611417 -0.1399486 -0.9798768 0.142323 -0.0448541 -0.9960293 0.07690167 -0.07028388 -0.9949627 0.07148003 0.004557311 -0.999947 0.009244203 0.1303905 -0.9824706 0.1332289 0.07029449 -0.9937043 0.08723771 0.03413772 -0.9994087 0.004106938 -0.01460123 -0.9980406 -0.06084293 -0.03880077 -0.9860697 -0.161744 0.05821096 -0.9859769 -0.1564005 0.05819302 -0.9859827 -0.1563704 0.1813515 -0.9811375 -0.06694024 0.05787426 -0.9860863 -0.155835 -0.4227381 0.03913807 -0.9054064 -0.6657947 -0.003608345 -0.7461262 -0.8478636 0.05572283 -0.5272783 -0.9517575 0.1040653 -0.2886661 -0.8481488 0.05548208 -0.5268447 -0.9865188 -0.1490496 0.06756615 0.05723655 -0.9921174 0.1114773 0.02397543 -0.9965692 0.07921493 0.06054097 -0.9900476 0.1270453 0.06377702 -0.9877396 0.1424887 -0.2451399 0.001158237 0.969487 -0.4368386 0.0452423 0.8984014 -0.5999686 0.01899242 0.7997982 -0.7643706 -0.01773661 0.6445332 -0.6003566 0.0192697 0.7995004 -0.9672472 0.04256308 0.2502423 0.1121239 0.9929065 -0.03956162 0.1392551 0.9897988 -0.0301072 0.09214776 0.9956206 -0.01576572 -0.004392087 0.9997607 -0.02143359 -0.09001564 0.9957064 -0.02158802 -0.1765012 0.9827062 -0.0559991 -0.08003377 -0.03124517 0.9963024 -0.2492627 0.01642757 0.9682966 -0.4790943 0.05274802 0.8761771 -0.6942394 0.04571449 0.7182909 -0.4794658 0.05301219 0.875958 -0.5462203 0.1049858 0.8310364 -0.7842147 0.6196565 -0.03214293 -0.5857039 0.8105076 -0.00534594 -0.4505745 0.8927226 -0.005406856 -0.2514809 0.9678251 0.008481383 -0.4500628 0.8929813 -0.005281746 -0.2510623 0.9679343 0.008418381 -0.1572672 0.9875438 -0.004940569 0.4558552 0.873889 -0.1688616 0.7390043 0.5696397 -0.3596988 0.7010281 0.6629403 -0.2628113 0.7014136 0.6625161 -0.2628529 0.8510391 0.2951654 -0.4342926 0.720772 0.6014102 -0.3446644 0.7012659 0.6626865 -0.262817 0.6315739 0.7106006 -0.310099 0.4744154 0.8648487 -0.1642155 -0.09115159 0.986853 0.1334646 -0.1390018 0.9766687 0.1636976 -0.01442188 0.9724478 0.2326745 0.006262481 0.9897531 0.1426521 -0.1389206 0.9767569 0.1632391 -0.1594392 0.9872058 0.002016544 0.4047389 0.5653491 0.718726 0.4101601 0.7427805 0.5291936 0.4051035 0.6309034 0.661704 0.4188877 0.7865323 0.4537622 0.4224516 0.8563756 0.2969102 0.4210826 0.8813408 0.2143079 0.4166513 0.9080213 0.04358017 0.4165558 0.9080439 -0.04401832 0.4210103 0.8815321 -0.2136622 0.4225203 0.8566049 -0.2961498 0.4189356 0.7866757 -0.4534692 0.4133645 0.7411225 -0.5290247 0.4123149 0.628035 -0.6599762 0.4157893 0.5617344 -0.7152438 0.4214765 0.4160141 -0.8057852 0.4255483 0.3367142 -0.8399597 0.4257183 0.1719101 -0.8883755 0.4257175 0.08598518 -0.9007614 0.4257199 -0.08598911 -0.9007599 0.4257146 -0.1719139 -0.8883765 0.4255424 -0.336545 -0.8400304 0.4244577 -0.4156357 -0.8044145 0.4228647 -0.5601051 -0.7123677 0.4193872 -0.6267541 -0.6567296 0.4174552 -0.7398993 -0.5275228 0.4139437 -0.7885246 -0.4548404 0.4122098 -0.8609472 -0.2980826 0.4139213 -0.7885988 -0.4547321 0.4122077 -0.8609545 -0.298064 0.4107447 -0.8861305 -0.2146198 0.4111666 -0.9105167 -0.04360598 0.411188 -0.9104969 0.04381817 0.410757 -0.8860118 0.2150855 0.4121766 -0.8609071 0.2982438 0.4139127 -0.7886383 0.4546715 0.4143555 -0.741406 0.5278511 0.4123567 -0.6290563 0.6589766 0.4118526 -0.5634161 0.7161982 0.4120182 -0.4182265 0.8095232 0.4125703 -0.3389025 0.8455358 0.411987 -0.173081 0.8946004 0.4117925 -0.08656686 0.9071567 0.411793 0.0865767 0.9071555 0.411984 0.1730684 0.8946042 0.4125522 0.3383384 0.8457705 0.4090522 0.4185634 0.8108521 0.1804791 0.9713455 0.1546462 0.03305912 0.9982259 0.04951989 0.08588588 0.9935873 0.07353836 -0.01356703 0.9967023 -0.08000457 0.1577405 2.52252e-5 0.9874807 0.4541444 0 0.8909282 0.2606949 2.01725e-6 0.9654213 0.544702 -2.50651e-5 0.8386297 0.7068426 0 0.7073709 0.7781392 -1.83911e-5 0.628092 0.8910372 -1.98092e-5 0.4539303 0.9331432 -7.96039e-7 0.359505 0.9873111 5.22286e-6 0.1587982 0.9332385 -5.05708e-6 0.3592577 0.9873483 -1.88804e-6 0.158567 0.998653 0 0.05188673 0.9873794 -7.11013e-6 -0.1583729 0.96508 -2.02963e-5 -0.2619554 0.866513 0 -0.4991546 0.8665129 0 -0.4991547 0.7090212 0 -0.7051873 0.6284857 0 -0.7778213 0.4524349 -3.44103e-5 -0.8917975 0.3573859 9.85335e-6 -0.9339569 0.4519968 -9.85565e-6 -0.8920196 0.3568801 4.89902e-6 -0.9341502 0.105216 1.68071e-7 -0.9944494 0.1051539 0 -0.994456 -0.1546427 -8.62591e-6 -0.9879705 0.104846 1.29789e-5 -0.9944885 -0.1549254 4.80168e-5 -0.9879263 -0.2577261 1.71268e-5 -0.966218 -0.45225 1.82194e-5 -0.8918912 -0.5438026 0 -0.8392133 -0.7068469 0 -0.7073666 -0.7781416 0 -0.6280891 -0.8923253 4.3876e-5 -0.4513932 -0.9352324 2.03805e-5 -0.3540347 -0.9878033 3.68509e-5 -0.1557067 -0.9984834 -4.17414e-5 -0.05505567 -0.9883168 0 0.1524143 -0.9658563 0 0.2590787 -0.8647467 0 0.5022083 -0.8647474 0 0.5022072 -0.7074737 0 0.7067397 -0.6306546 0 0.7760637 -0.4567809 0 0.8895793 -0.359473 0 0.9331555 -0.1037755 0 0.9946008 -0.1037744 0 0.9946009 -0.2476992 -0.8925426 0.3768461 -0.3930824 -0.8559367 0.3359445 -0.3873563 -0.8877117 0.2488433 -0.3877937 -0.8874713 0.2490198 -0.6235016 -0.6111042 0.4876447 -0.6926957 -0.6086744 0.3868955 -0.06111937 0.9934087 0.09697151 -0.07081729 0.9886991 0.1321321 0.01960623 0.9928444 0.1177957 -0.08045363 0.9826388 0.1671772 0.2066397 0.615117 0.7608754 0.2579376 0.2690476 0.9279448 0.1166252 0.249305 0.961377 0.1168029 0.2489581 0.9614453 0.4266048 0.02504676 0.9040913 0.06192302 0.0418148 0.9972047 -0.07396888 0.1863939 0.9796866 0.06149131 0.04212415 0.9972183 -0.3833118 0.08665871 0.9195446 0.2056882 -0.9762774 -0.06763792 0.1048226 -0.9941116 -0.02746915 0.01628351 -0.9995555 -0.02497303 -0.09146058 -0.9957097 -0.01404458 -0.1382305 -0.9900173 -0.02753484 -0.1163018 -0.9925743 -0.0356394 -0.08335995 -0.9876362 -0.1327633 -0.1678997 -0.9781679 0.1224639 -0.09177178 -0.995724 -0.01057147 -0.09549963 -0.9850839 0.1431419 -4.15452e-4 -0.9999998 -4.73668e-4 0.007234215 -0.9959409 0.08971858 -0.01775872 -0.9839575 0.1775177 0.06003063 -0.9981946 0.00197792 0.03158628 -0.9994985 -0.002285897 0.06182646 -0.9980771 0.004441797 -0.447775 -0.02037537 0.8939141 -0.5815106 -0.02407395 0.8131825 -0.7655918 -0.05354487 0.6410946 -0.7656143 -0.05352836 0.6410691 -0.765612 -0.05352443 0.6410723 -0.7923337 -0.02935945 0.6093811 0.5695766 0.02257949 -0.821628 0.4305893 0.02704626 -0.9021427 0.2011983 0.07138621 -0.9769459 0.2011598 0.07135146 -0.9769564 0.201154 0.07135945 -0.976957 0.1392242 0.03319078 -0.9897046 -0.5854671 -0.4990175 0.638913 -0.556918 -0.2195889 0.8010138 -0.7787163 -0.05674177 0.6248051 -0.5589014 -0.09302628 0.8239996 -0.5567931 -0.2191052 0.801233 -0.5043546 0.1170215 0.8555305 -0.7563318 0.07473963 0.649905 -0.5044474 0.1171005 0.8554649 -0.5374481 0.149704 0.8299027 0.712542 -0.6510185 0.2616465 0.8444382 -0.5353673 0.01749718 0.5469422 -0.8273488 0.1278604 0.7149655 0.02519011 0.6987059 0.5516754 0.06551134 0.8314822 0.3615467 0.02554732 0.932004 0.1491921 -0.005271434 0.9887943 0.3610793 0.02582728 0.9321774 -0.2105254 0.04075115 0.9767387 0.2383839 -0.04709529 0.9700285 -0.02174985 -0.05691885 0.9981419 0.268956 -0.01898366 0.9629654 0.07688033 -0.01881128 0.996863 -0.9714475 0.001895964 -0.2372471 -0.7882133 0.001584053 -0.6154002 -0.5521066 -0.02988958 -0.8332377 -0.5516545 -0.02969908 -0.8335438 -0.6336045 -0.04009693 -0.7726175 -0.4050877 0.01331472 -0.914181 -0.5516378 -0.02975565 -0.8335529 -0.1585891 0.01744222 -0.9871906 -0.005103409 0.007198035 -0.9999611 0.2684995 0.009244799 0.9632355 0.3796755 -0.01947647 0.9249147 0.09129637 0.1465737 0.9849777 0.2617883 0.1815035 0.9479047 0.09113609 0.1468608 0.9849498 -0.006387114 0.2182013 0.9758829 -0.1252412 0.547061 0.8276708 -0.1797411 0.1531378 0.9717211 -0.1052209 0.1079579 0.9885715 -0.1298381 0.04944705 0.9903016 -0.273037 0.01316505 0.9619135 -0.5222517 -0.02904707 0.8522966 -0.7715184 0.02142518 0.6358461 -0.552298 -0.2042788 0.8082309 -0.7717114 0.02133625 0.635615 -0.88366 -0.1938794 0.4260938 -0.934194 -0.0101177 0.356622 -0.7718768 0.02145928 0.63541 -0.9987673 0.04799997 0.01265382 -0.9842419 0.03153854 -0.1739919 0.9239444 0.3180632 0.2125149 0.9939363 0.1067349 -0.02642643 0.9652456 0.1046302 -0.2394861 0.8874422 0.05960428 -0.4570491 0.8634009 0.2195067 -0.454264 0.832082 0.5438053 -0.109158 0.8418755 0.2948863 -0.451982 0.06990003 -0.7308604 0.6789382 0.08452689 -0.5567584 0.8263627 0.09543222 -0.7279792 0.678925 0.1804152 -0.02086406 0.9833693 0.08648508 0.03579515 0.9956099 -0.2754319 0.01942265 0.9611244 -0.4745747 -0.02964448 0.8797159 -0.2759334 0.01970988 0.9609747 -0.6454032 0.002930581 0.7638365 0.9757731 -0.04962503 0.2130832 0.7902042 0.01636242 0.6126253 0.5675713 -7.1913e-5 0.8233243 0.5671506 9.30205e-5 0.8236141 0.6313448 -0.02537733 0.7750869 0.26714 0.001905202 0.9636559 0.1809448 -0.02062141 0.9832771 -0.9969874 0.0701673 0.03305524 -0.9973443 0.06266903 0.03710877 -0.9673228 0.04239505 0.2499789 -0.9893684 -0.0166682 0.1444734 -0.8890051 0.02005207 0.4574582 -0.4723215 0.1124052 -0.8742297 -0.3522442 0.02866673 -0.935469 0.1591544 0.01203358 -0.9871804 0.1594541 0.01222461 -0.9871298 0.03199201 0.03886926 -0.9987321 0.2798177 0.03101098 -0.9595522 0.1597358 0.01201772 -0.9870867 0.4801476 0.06153559 -0.8750267 0.6289253 0.03749573 -0.7765612 0.2507966 0.01196277 -0.967966 0.02522116 -0.0316413 -0.9991811 -0.2054215 0.01159566 -0.9786049 -0.4277879 0.06675088 -0.901411 -0.2058894 0.01132833 -0.9785098 -0.6236653 0.02679723 -0.7812321 0.06055527 0.988771 -0.1366202 0.05792081 0.9906408 -0.1235963 -0.04216384 0.9921631 -0.1176219 0.05522996 0.9923422 -0.1104843 0.9519984 -0.1224431 0.2805474 0.887178 0.001845121 0.4614238 0.8871776 0.001842916 0.4614245 0.7780948 -0.02432709 0.6276758 0.8869574 0.002178549 0.4618461 0.6412624 0.02720242 0.7668394 0.6408857 0.02694308 0.7671635 0.640885 0.02693015 0.7671644 0.4742604 -0.07356476 0.8773058 0.9960635 -0.05170202 -0.07200437 0.9854378 -0.00437361 0.1699799 0.909929 -0.02317422 0.4141162 0.7405477 -0.06664198 0.6686913 0.9097141 -0.02289563 0.4146037 0.5329039 -0.02401655 0.845835 0.7453029 -0.6075789 -0.2745386 0.9110245 -0.246763 -0.3303672 0.7364276 -0.3541181 -0.576433 0.8420726 -0.05391913 -0.5366624 0.7431852 -0.1972194 -0.6393594 0.8419764 -0.05369359 -0.536836 0.7534286 -0.02600038 -0.6570156 -0.2806887 0.05505603 -0.9582185 -0.06896167 0.06072604 -0.9957694 -0.3684452 -0.0176962 -0.9294811 -0.1601122 -0.008088052 -0.9870657 -0.6069085 -0.1736305 -0.7755738 -0.4114375 -0.05484455 -0.9097864 -0.5254668 -0.1407663 -0.8390886 0.2210863 0.8278314 -0.5155737 0.1512609 0.7617996 -0.629906 0.3269441 0.7402655 -0.5874646 0.2764865 0.7219018 -0.6343603 -0.7927994 -0.608564 0.03345257 -0.5874171 -0.8092654 0.005564153 -0.4514836 -0.8922671 0.004687368 -0.2466378 -0.9690546 -0.0101484 -0.4509819 -0.8925214 0.004586517 -0.2463106 -0.9691383 -0.0100975 -0.1572976 -0.9875481 0.002529859 -0.6331927 0.7735437 0.02640646 -0.8025045 0.5966358 0.003531038 -0.8865007 0.4626787 0.006712079 -0.9605321 0.2781457 -0.003649413 -0.8867743 0.4621546 0.006672978 -0.9606665 0.2776818 -0.003577053 -0.9857391 0.1678299 0.01231902 -0.01072281 0.9264176 0.3763449 0.01248031 0.9119672 0.4100735 0.2771284 0.950845 -0.1381801 0.2202321 0.9702792 -0.1002804 0.1094311 0.9858459 -0.1270149 0.1619845 0.9848634 -0.06168693 0 1 -9.21639e-7 0 1 1.92551e-6 0 1 -1.54526e-7 0 1 -1.79377e-7 0 1 1.54025e-7 0 1 1.04355e-6 0 1 -5.21781e-7 0 1 0 0 1 4.51736e-7 0 1 -9.64322e-7 0.8650457 0.08438473 0.4945454 0.809861 0.1485381 0.5675049 0.6952406 0.1006678 0.7116927 0.5867019 0.1061446 0.8028165 0.6948912 0.1005607 0.7120491 0.3164138 0.127897 0.93996 0.05186814 0.06929546 0.9962469 0.7861838 -0.006059587 -0.6179631 0.8859381 -0.002371132 -0.4637978 0.9967802 -0.06109964 -0.05192506 0.9967958 -0.06093972 -0.05181264 0.9667899 -0.03767871 -0.2527801 0.9917717 -0.04856413 0.1184499 0.4487395 0.01940917 -0.8934518 0.6834009 0.06892365 -0.7267826 0.85802 0.0165714 -0.5133489 0.9509794 -0.1510283 -0.2698678 0.8582895 0.01682931 -0.5128898 0.9944272 0.07025206 -0.07860994 0.9944837 0.06998556 -0.07813024 0.9528974 -0.3032782 -0.003013134 0.9847514 -0.1532573 -0.08232277 0.8182967 -0.5695154 -0.07773482 0.001703798 -0.9999986 3.18384e-4 -5.83253e-5 -1 -8.60225e-5 4.92025e-4 -1 -7.28376e-5 0.1873148 0.9808294 0.05372893 0.09618395 0.9952163 0.01712936 0.004765033 0.9998415 0.01716017 -0.09535455 0.995368 0.01225394 -0.1447446 0.9890675 0.02818679 -0.1121755 0.9929022 0.03952234 -0.05970901 -0.9945923 -0.08497613 0.01617044 -0.9962394 -0.08512187 0.0174641 -0.9994276 -0.02897745 0.01298987 -0.9990078 -0.0425986 0.07248109 -0.9966884 -0.03686225 0.08770954 -0.99588 0.02302521 -0.01917469 -0.9997219 0.01373028 -0.2184689 -0.9671669 -0.1298454 0.009775638 -0.9960277 0.0885061 -0.01240694 -0.9983374 0.0562914 -0.001073122 -0.9999994 2.60263e-4 0.01137912 -0.9997352 0.02000272 0.01204919 -0.9974653 0.07012814 -0.7890377 -0.5911104 -0.1673566 0.633243 -0.7735646 0.02451783 0.8012975 -0.5982621 0.002256095 0.8858695 -0.4638978 0.00583142 0.9599519 -0.2801373 -0.00394839 0.8861202 -0.4634191 0.005822062 0.9600969 -0.279641 -0.003867268 0.9857391 -0.1678293 0.01231718 -0.1463314 -0.9876964 -0.05516415 -0.1173112 -0.9897391 -0.08157622 -0.2059914 -0.974068 -0.09359115 -0.2645191 -0.9553726 -0.1315028 -0.06442534 0.03590983 0.9972763 -0.211066 0.04056751 0.9766296 -0.4174937 0.0112273 0.9086106 -0.4797886 0.04941606 0.8759915 -0.4776665 0.05180376 0.8770126 0.3172115 -0.9459179 0.06794291 0.2033148 -0.9786767 0.02924215 0.1200549 -0.983787 0.1332293 0.08589708 -0.9962528 -0.0100975 -0.468683 -0.02647119 -0.8829699 -0.3529865 -0.02519851 -0.935289 -0.4681969 -0.0266323 -0.8832228 -0.1345211 -4.99407e-4 -0.9909106 0.1798632 -0.02103692 -0.9834668 0.7927944 0.6085704 0.03345584 0.5913733 0.8063754 0.006032884 0.4545276 0.8907135 0.005854308 0.2514456 0.9678344 -0.00847423 0.4540382 0.8909636 0.005757629 0.2510625 0.9679344 -0.008415639 0.1572673 0.9875437 0.004943728 -0.5384654 0.09970986 0.8367276 -0.653614 0.04223436 0.7556487 -0.4375153 0.02191084 0.898944 -0.4371145 0.02163207 0.8991457 -0.4371176 0.02162891 0.8991443 -0.3272274 -0.05687814 0.9432323 0.996808 -0.06108564 -0.05140382 0.9442013 -0.009625554 0.3292284 0.8448889 -0.01623564 0.5346955 0.6682361 -0.06785911 0.740848 0.8446072 -0.01600146 0.5351473 0.4712148 -0.0454058 0.880849</float_array>
          <technique_common>
            <accessor source="#polygons_001-mesh-normals-array" count="6427" stride="3">
              <param name="X" type="float"/>
              <param name="Y" type="float"/>
              <param name="Z" type="float"/>
            </accessor>
          </technique_common>
        </source>
        <vertices id="polygons_001-mesh-vertices">
          <input semantic="POSITION" source="#polygons_001-mesh-positions"/>
        </vertices>
        <triangles material="Surface_1_004-material" count="4320">
          <input semantic="VERTEX" source="#polygons_001-mesh-vertices" offset="0"/>
          <input semantic="NORMAL" source="#polygons_001-mesh-normals" offset="1"/>
          <p>0 0 1 0 2 0 1 1 3 2 4 3 5 4 6 5 7 6 8 7 4 8 9 9 10 10 11 11 12 12 8 13 9 14 13 15 14 16 15 17 16 18 17 19 9 19 18 19 19 20 16 21 20 22 19 20 20 22 21 23 21 23 20 22 22 24 22 24 20 22 23 25 22 24 23 25 24 26 24 26 23 25 25 27 25 27 23 25 26 28 24 26 25 27 27 29 27 30 25 31 28 32 27 30 28 32 29 33 16 34 19 35 29 36 30 37 19 38 21 37 31 39 32 39 33 40 34 41 35 42 36 43 29 44 37 45 38 46 39 47 14 48 16 49 40 50 41 51 42 52 43 53 44 54 45 55 46 56 47 57 48 58 8 59 49 60 50 61 51 62 52 63 53 64 5 65 54 66 6 67 55 68 56 69 57 70 58 71 59 72 60 73 61 74 62 75 63 76 53 77 64 78 65 79 66 80 64 81 53 82 66 80 53 82 67 83 67 83 53 82 68 84 68 84 53 82 52 85 68 84 52 85 69 86 70 87 71 88 72 89 73 90 74 91 75 90 52 92 51 93 76 94 72 95 71 96 77 97 58 98 60 99 71 100 27 101 78 102 24 103 79 104 61 105 77 106 80 107 33 108 81 107 82 109 83 110 84 111 85 112 86 113 87 114 88 115 89 116 72 117 74 118 90 119 91 119 92 120 93 120 94 120 71 121 60 122 79 123 79 124 77 125 71 126 95 127 72 95 77 97 96 128 97 129 98 130 74 131 91 132 75 132 82 133 99 134 83 135 100 136 101 136 102 136 99 137 82 138 103 137 104 139 105 140 106 141 88 142 72 95 95 127 52 143 76 144 69 145 107 146 108 147 109 148 110 149 111 150 112 151 113 152 114 153 115 154 65 155 113 156 115 157 114 158 116 159 115 160 107 161 109 162 117 163 118 164 119 165 120 166 121 167 122 168 123 167 124 169 125 170 126 171 57 172 126 173 125 174 57 172 125 174 127 175 57 172 127 175 128 176 57 177 128 178 55 177 55 179 128 180 118 181 55 179 118 181 120 182 129 183 126 184 57 185 129 186 130 187 119 188 131 189 132 190 133 191 134 192 127 193 125 193 118 194 135 195 136 196 136 197 137 198 126 199 130 200 129 201 57 201 138 202 139 202 140 203 127 204 134 205 141 206 142 207 122 208 121 209 140 210 139 211 143 212 141 213 128 214 127 215 137 216 136 217 135 218 118 219 136 220 119 221 144 222 2 223 145 224 146 225 137 226 147 227 145 228 148 229 144 230 134 231 149 232 150 233 151 234 152 235 153 236 154 237 152 238 155 239 154 237 155 239 156 240 156 240 155 239 157 241 157 241 155 239 158 242 157 241 158 242 159 243 159 244 158 245 160 246 161 247 162 247 163 247 156 248 157 248 159 249 164 250 163 251 162 252 165 253 166 253 159 254 131 255 133 256 167 257 168 258 169 259 170 260 171 261 172 262 173 263 174 264 175 265 176 264 177 266 178 267 179 268 152 269 180 269 153 270 140 271 181 272 182 272 183 273 184 274 185 275 186 276 183 277 187 278 17 279 13 15 9 14 188 280 111 281 189 282 86 283 190 283 87 283 191 284 192 285 193 285 194 286 193 287 192 288 161 289 195 290 162 291 194 292 192 292 161 293 195 294 161 295 196 296 183 297 186 298 197 298 198 299 197 300 199 301 197 302 198 303 183 304 148 305 145 305 13 305 200 306 164 307 201 308 202 309 13 310 145 311 182 312 203 312 140 313 201 314 196 315 200 315 195 316 196 317 201 318 192 319 191 320 199 321 204 322 205 323 206 322 207 324 208 325 209 326 207 324 209 326 210 327 207 324 210 327 211 328 207 324 211 328 212 329 213 330 214 331 215 332 216 333 217 334 218 334 219 335 218 336 217 337 213 338 215 339 220 340 221 341 222 342 223 343 224 344 225 345 226 346 227 347 228 348 229 349 230 350 229 351 228 352 217 353 231 354 219 355 232 356 233 357 234 358 235 359 236 360 237 361 238 362 239 362 240 362 240 363 241 364 242 365 232 366 243 367 233 368 244 369 245 370 246 370 247 371 248 372 249 373 227 374 250 375 228 376 251 377 252 378 253 377 254 379 255 379 256 379 230 380 257 381 229 382 207 383 258 383 259 384 245 385 244 386 260 387 260 388 261 389 262 390 259 391 208 392 207 393 263 394 264 395 260 396 263 397 260 398 265 399 264 400 261 401 260 402 187 403 266 404 186 405 267 406 268 407 269 408 270 409 271 410 272 410 267 411 273 412 268 413 208 414 274 415 209 416 179 417 275 418 276 419 277 420 278 420 279 420 280 421 281 422 282 422 283 423 284 424 274 425 241 426 240 427 256 428 285 429 194 430 286 431 216 432 287 433 217 433 231 434 217 435 287 436 288 437 289 437 290 437 291 438 292 439 293 440 294 441 295 442 296 443 297 444 296 445 298 446 216 447 218 448 299 448 300 449 301 450 302 451 287 452 303 453 231 454 304 455 285 456 305 457 306 458 307 459 240 460 271 461 308 462 309 463 309 464 308 465 310 466 296 467 297 468 311 469 294 470 296 471 311 472 312 473 313 474 314 475 315 476 316 477 317 478 318 479 319 479 320 479 321 480 322 481 323 482 324 483 323 484 325 485 324 486 321 487 323 488 326 489 323 490 322 491 327 492 328 492 329 492 327 493 330 494 328 495 331 496 332 497 333 497 334 498 317 499 335 500 336 501 337 502 338 501 50 503 339 504 340 505 50 503 340 505 8 506 8 506 340 505 4 507 4 507 340 505 339 508 341 509 332 509 342 509 319 510 315 511 320 512 321 513 343 514 322 515 327 516 329 516 344 516 327 517 344 517 330 517 321 518 345 519 346 520 347 521 310 522 308 523 346 524 348 525 349 526 343 527 321 528 346 529 348 530 346 531 345 532 84 533 83 534 350 535 351 536 352 537 353 538 354 539 355 540 62 541 351 542 353 543 356 544 357 545 336 546 338 547 358 548 359 549 360 550 354 551 361 552 362 553 346 554 363 555 343 555 333 556 332 557 364 558 365 559 366 559 367 559 368 560 369 561 370 562 371 563 370 564 369 565 372 566 373 567 369 568 373 569 372 570 262 571 342 572 374 573 318 574 375 575 376 576 355 576 369 577 368 578 372 578 375 579 355 580 354 581 375 579 354 581 362 582 375 583 362 582 377 582 375 583 377 582 378 584 375 583 378 584 358 585 358 585 378 584 359 582 375 583 358 585 376 586 334 587 320 588 315 589 379 590 380 590 153 591 228 592 381 593 382 593 376 594 358 595 59 596 334 597 383 598 320 598 384 599 376 600 59 601 244 602 265 603 260 604 385 605 386 606 387 607 382 608 230 609 228 610 260 611 262 612 388 613 230 614 382 615 259 616 342 617 389 618 341 619 244 620 390 621 265 622 391 623 341 624 389 625 392 626 393 627 394 628 317 629 334 630 315 631 341 632 391 633 395 634 396 635 374 573 342 572 384 636 397 637 398 638 391 639 389 640 335 641 370 642 246 643 368 643 262 644 393 645 373 646 398 647 376 648 384 649 174 650 399 650 400 650 401 651 402 651 403 652 393 653 262 654 261 655 404 656 398 657 397 658 337 659 405 660 318 661 406 662 398 663 407 664 408 665 409 665 337 666 410 667 411 667 412 668 413 669 410 670 414 671 415 672 416 673 417 674 418 675 419 676 420 677 421 678 422 679 423 680 421 678 423 680 424 681 424 681 423 680 425 682 424 683 425 684 417 685 417 685 425 684 415 686 424 683 417 685 426 687 426 687 417 685 416 688 426 689 416 690 427 691 427 691 416 690 428 692 426 689 427 691 429 693 424 683 426 687 430 694 430 694 426 687 429 695 430 696 429 697 431 698 430 696 431 698 421 699 430 694 421 700 424 683 432 701 433 701 434 701 435 702 434 703 436 704 437 705 438 705 439 705 410 706 412 707 414 708 440 709 441 710 442 711 443 712 444 712 445 712 446 713 447 714 448 714 449 715 450 716 451 717 449 718 451 719 452 720 452 721 451 722 453 723 453 723 451 722 454 724 454 724 451 722 455 725 455 725 451 722 450 726 454 724 455 725 456 727 454 724 456 727 457 728 454 724 457 728 458 729 458 729 457 728 459 730 459 731 457 732 460 733 458 729 459 730 461 734 461 734 459 730 462 735 461 734 462 735 463 736 461 734 463 736 464 737 461 734 464 737 385 738 385 739 464 740 465 741 465 741 464 740 466 742 466 743 464 744 467 745 465 741 466 742 468 746 468 746 466 742 469 747 469 748 466 749 470 750 469 751 470 752 471 753 469 754 471 755 472 756 469 754 472 756 473 757 473 757 472 756 474 758 473 757 474 758 140 759 140 759 474 758 172 760 172 761 474 762 173 763 473 757 140 759 475 764 473 757 475 765 469 754 469 754 475 765 468 766 461 734 385 738 476 767 458 729 461 734 476 768 458 729 476 768 454 724 453 723 454 724 476 768 452 769 453 770 477 771 477 772 453 773 476 774 477 775 476 776 478 777 477 778 478 779 387 780 387 781 478 782 385 783 436 784 479 785 435 786 480 787 481 787 482 787 483 788 484 789 485 790 486 791 487 792 488 793 486 791 488 793 489 794 486 791 489 794 490 795 490 796 491 797 492 798 492 798 491 797 493 799 492 798 493 799 494 800 492 798 494 800 487 801 492 798 487 801 495 802 495 802 487 801 496 803 496 803 487 801 419 804 492 798 495 802 497 805 486 791 490 795 420 806 420 806 490 795 498 807 498 807 490 795 497 808 486 791 420 806 419 809 487 810 486 810 419 810 499 811 448 811 447 811 500 812 501 813 502 814 478 815 476 815 385 815 445 816 503 817 443 818 403 819 504 820 401 820 504 821 403 822 505 821 506 823 507 824 508 825 509 826 510 827 511 827 490 828 492 829 497 830 512 831 491 832 490 833 512 834 490 835 513 836 513 836 490 835 514 837 514 837 490 835 489 838 515 839 516 839 517 839 518 840 519 841 520 842 509 843 521 844 522 844 498 845 523 846 524 847 523 848 498 849 497 850 525 851 526 851 527 852 528 853 529 854 530 855 531 856 532 857 533 858 534 859 535 860 536 861 537 862 538 862 539 863 540 864 541 865 542 866 534 859 536 861 543 867 544 868 466 868 467 868 545 869 546 870 547 871 548 872 549 873 550 874 551 875 530 876 552 876 553 877 554 877 539 878 270 879 272 880 549 881 536 882 551 883 555 882 556 884 557 885 558 885 559 886 560 887 561 888 527 889 562 890 512 890 493 891 562 892 563 893 493 891 563 893 494 894 494 894 563 893 526 895 494 894 526 895 487 896 487 896 526 895 564 897 564 897 526 895 525 898 487 896 564 897 488 899 562 900 493 901 491 902 561 903 560 904 565 905 561 906 565 907 566 907 491 908 512 909 562 910 567 911 519 911 518 911 522 912 521 913 568 914 410 915 413 916 444 917 321 918 324 919 345 920 569 921 570 922 571 923 572 924 573 924 574 924 573 925 575 926 576 927 577 928 578 929 579 929 580 930 581 931 582 932 583 933 578 934 577 935 584 936 585 936 586 936 581 937 580 938 587 939 588 940 589 941 590 941 450 942 449 943 591 944 592 945 593 946 586 947 593 948 584 949 586 950 594 951 595 952 579 953 596 954 597 955 450 956 598 957 586 958 599 959 600 960 431 961 429 962 601 963 518 964 520 965 602 966 603 966 604 966 580 967 582 968 605 969 606 970 607 971 608 972 609 973 610 974 611 975 588 976 590 977 612 978 586 979 598 980 592 981 613 982 614 983 615 983 616 984 617 985 618 985 589 986 619 987 585 988 443 989 620 990 621 991 561 888 622 992 559 886 616 993 623 994 617 995 624 996 625 997 626 997 627 998 628 999 275 1000 629 1001 630 1002 631 1003 632 1004 633 1005 634 1006 578 1007 634 1007 633 1007 625 1008 624 1009 635 1009 613 1010 636 1011 614 1012 589 1013 588 1014 637 1015 633 1016 632 1017 638 1018 639 1019 601 1019 640 1019 641 1020 638 1021 632 1022 613 1023 642 1024 636 1024 643 1025 608 1026 644 1027 645 1028 646 1029 647 1030 619 1031 589 1032 637 1033 648 1034 649 1035 650 1035 412 1036 651 1037 414 1037 639 1038 652 1038 653 1038 654 1039 637 1040 655 1039 441 1041 440 1042 656 1042 656 1043 657 1044 658 1045 639 1046 640 1046 652 1046 659 1047 660 1048 661 1049 598 1050 599 1051 662 1052 663 1053 664 1054 665 1055 663 1056 583 1057 577 1058 666 1059 667 1060 668 1061 664 1062 663 1063 577 1064 593 1065 626 1066 584 1066 442 1067 629 1068 440 1069 630 1070 629 1071 442 1072 663 1073 665 1074 634 1075 662 1076 669 1077 670 1077 583 933 663 1078 634 1079 252 1080 251 1081 671 1081 668 1082 672 1083 666 1084 626 1085 593 1086 624 1087 673 1088 633 1016 638 1018 653 1089 567 1090 518 1091 674 1092 570 1093 609 1094 651 1095 675 1096 676 1097 578 934 583 933 634 1079 571 1098 677 1099 678 1100 677 1101 571 1102 570 1103 679 1104 624 1105 680 1106 441 1107 681 1108 442 1109 682 1110 234 1111 233 1112 630 1113 442 1114 681 1115 683 1116 443 1117 503 1118 224 1119 226 1120 684 1121 570 1122 674 1123 677 1124 503 1125 685 1126 683 1127 579 1128 686 1129 577 1130 687 1131 688 1132 689 1133 443 1134 683 1135 620 1136 690 1137 691 1138 692 1138 500 812 693 1139 501 813 694 1140 668 1141 695 1142 696 1143 694 1143 695 1143 697 1144 633 1145 579 1146 658 1147 643 1148 656 1149 204 1150 698 1151 205 1152 699 1153 700 1154 596 1155 518 964 601 963 653 1156 441 1157 644 1158 681 1159 701 1160 690 1161 692 1160 639 1162 653 1162 601 1162 702 1163 703 1164 704 1164 705 1165 704 1166 703 1167 598 1168 662 1169 670 1170 661 1171 660 1171 631 1171 706 1172 707 1173 708 1174 706 1175 708 1176 709 1177 706 1175 709 1177 710 1178 706 1175 710 1178 711 1179 710 1180 709 1181 712 1182 713 1183 714 1184 715 1185 712 1186 715 1186 714 1186 716 1187 717 1188 718 1189 702 1190 704 1191 719 1191 720 1192 721 1193 380 1194 722 1195 723 1196 724 1197 725 1198 726 1198 727 1198 470 1199 728 1200 471 1201 709 1202 708 1203 729 1204 698 1205 204 1206 730 1206 731 1207 715 1208 712 1209 731 1210 712 1211 709 1212 731 1210 709 1212 732 1213 709 1214 729 1215 732 1216 731 1217 732 1218 733 1219 723 1220 734 1221 724 1222 735 1223 736 1224 737 1225 735 1226 737 1227 738 1228 738 1228 737 1227 739 1229 739 1229 737 1227 740 1230 741 1231 742 1232 743 1232 247 1233 744 1234 745 1235 746 1236 747 1236 717 1236 226 1237 748 1238 684 1239 749 1240 750 1241 751 1241 730 1242 752 1243 698 1244 753 1245 716 1246 754 1247 741 1248 743 1249 755 1249 746 1250 717 1251 753 1252 759 1253 760 1254 761 1255 759 1253 761 1255 762 1256 762 1257 761 1258 763 1259 763 1259 761 1258 764 1260 763 1259 764 1260 765 1261 763 1259 765 1261 766 1262 766 1263 765 1264 767 1265 767 1265 765 1264 768 1266 767 1267 768 1268 769 1269 767 1270 769 1271 770 1272 762 1273 763 1274 766 1275 762 1276 766 1277 771 1278 759 1253 762 1279 772 1280 773 1281 774 1282 775 1283 776 1284 777 1285 778 1286 776 1287 779 1288 707 1289 776 1290 707 1291 706 1292 776 1293 706 1294 780 1295 780 1295 706 1294 711 1296 776 1297 780 1298 777 1299 778 1300 781 1301 782 1302 741 1303 755 1304 783 1304 781 1305 784 1306 782 1307 575 1308 785 1309 674 1309 786 1310 787 1311 788 1311 754 1312 726 1313 753 1313 758 1314 757 1315 756 1314 716 1316 753 1317 717 1317 789 1318 790 1319 791 1320 633 1321 792 1322 578 1323 789 1324 793 1325 790 1326 752 1327 730 1328 794 1328 795 1329 796 1330 797 1331 786 1332 788 1333 798 1333 799 1334 800 1334 801 1334 802 1335 803 1336 804 1336 648 1337 650 1338 805 1338 632 1339 806 1340 641 1341 794 1342 807 1342 808 1342 809 1343 810 1344 811 1345 808 1346 812 1347 794 1346 813 1348 380 1348 721 1349 797 1350 814 1351 815 1352 815 1353 795 1354 797 1355 742 1356 738 1357 739 1358 816 1359 817 1360 818 1361 819 1362 820 1363 821 1364 822 1365 817 1366 816 1367 820 1368 819 1369 823 1370 722 1371 824 1372 723 1373 749 1374 825 1375 750 1376 735 1377 738 1377 810 1377 734 1378 723 1379 826 1380 802 1381 804 1382 827 1382 828 1383 829 1384 830 1385 831 1386 827 1387 804 1388 832 1389 833 1390 834 1390 817 1391 835 1392 818 1393 836 1394 802 1395 827 1394 837 1396 838 1396 834 1396 839 1397 840 1398 822 1399 839 1400 822 1401 841 1402 841 1402 822 1401 842 1403 841 1404 842 1405 816 1406 832 1407 834 1408 838 1409 843 1410 844 1411 845 1412 846 1413 847 1414 848 1413 848 1415 849 1416 846 1417 850 1418 851 1419 847 1420 852 1421 844 1422 98 1423 853 1424 854 1425 855 1426 856 1427 531 1427 857 1427 531 1428 858 1429 532 1430 847 1431 851 1432 859 1433 860 1434 861 1434 862 1434 863 1435 864 1435 865 1435 863 1436 865 1436 866 1436 867 1437 868 1438 869 1439 863 1440 866 1440 870 1440 863 1441 870 1441 864 1441 850 1442 871 1443 851 1444 110 1445 112 1446 872 1447 110 1448 872 1449 873 1448 860 1450 852 1451 861 1452 873 1453 872 1454 874 1454 143 1455 475 1456 140 1457 875 1458 876 1459 871 1460 852 1421 845 1461 844 1422 862 1462 852 1462 860 1462 856 1463 877 1464 878 1465 879 1466 468 1466 475 1467 880 1468 881 1469 555 1470 546 870 545 869 882 1471 883 1472 884 1473 885 1474 882 1475 545 1476 886 1476 887 1477 888 1478 889 1479 890 1480 891 1481 892 1482 894 1483 895 1484 896 1483 895 1485 897 1486 898 1486 898 1487 896 1488 895 1489 899 1490 900 1491 895 1492 901 1493 902 1494 891 1495 555 1496 903 1497 880 1498 848 1499 896 1499 898 1499 904 1500 903 1501 905 1501 881 1502 880 1503 886 1504 906 1505 907 1506 874 1507 906 1505 874 1507 908 1508 908 1508 874 1507 872 1509 908 1508 872 1509 909 1510 909 1510 872 1509 112 1511 909 1510 112 1511 910 1512 909 1513 906 1514 908 1515 884 1516 907 1517 911 1517 912 1518 913 1519 914 1520 915 1521 914 1522 913 1523 916 1524 917 1524 918 1524 915 1525 919 1526 914 1527 920 1528 921 1529 922 1530 778 1531 777 1532 923 1533 549 1534 548 1534 270 1535 924 1536 847 1536 859 1536 925 1537 926 1538 927 1539 780 1540 923 1541 777 1542 900 1543 928 1543 871 1544 904 1545 880 1546 903 1546 848 1547 847 1548 924 1549 923 1550 780 1295 711 1296 929 1551 930 1551 931 1551 848 1552 924 1553 896 1554 932 1555 933 1555 934 1555 935 1556 936 1556 937 1556 938 1557 939 1558 940 1559 941 1560 925 1561 942 1561 943 1562 944 1562 945 1562 885 1563 946 1564 883 1565 885 1566 947 1567 946 1568 757 1569 893 1570 756 1571 884 1572 911 1573 885 1573 781 1305 887 1574 784 1306 949 1575 950 1576 951 1577 939 1578 938 1579 952 1580 953 1581 954 1581 955 1581 941 1582 942 1583 956 1583 887 1574 781 1305 957 1584 940 1585 958 1586 938 1587 20 1588 16 1589 959 1590 20 1588 959 1590 960 1591 960 1591 959 1590 961 1592 961 1592 959 1590 16 1589 20 1588 960 1591 32 1593 20 1588 32 1593 23 1594 23 1594 32 1593 31 1595 962 1596 175 1597 963 1598 963 1599 175 1600 48 1601 48 1601 175 1600 174 1602 963 1599 48 1601 90 1603 90 1604 48 1605 47 1606 964 1607 47 1608 46 1609 964 1610 46 1611 965 1612 965 1612 46 1611 966 1613 966 1613 46 1611 7 1614 7 1614 46 1611 174 1615 174 1616 46 1617 48 1618 7 1614 174 1615 5 1619 5 1619 174 1615 100 1620 100 1620 174 1615 400 1621 100 1622 400 1623 101 1624 965 1612 966 1613 107 1625 965 1612 107 1625 101 1626 101 1626 107 1625 117 1627 101 1626 117 1627 102 1628 967 1629 968 1629 969 1629 969 1630 968 1630 970 1630 970 1629 968 1629 971 1629 970 1631 971 1631 972 1631 967 1629 969 1629 973 1629 973 1629 969 1629 974 1629 973 1632 974 1632 975 1632 975 1629 974 1629 976 1629 976 1629 974 1629 977 1629 976 1629 977 1629 978 1629 978 1633 977 1633 979 1633 978 1629 979 1629 980 1629 980 1629 979 1629 981 1634 980 1629 981 1634 982 1635 982 1635 981 1634 983 1636 983 1636 981 1634 984 1637 984 1637 981 1634 985 1638 985 1639 981 1640 168 1641 984 1637 985 1638 986 1642 986 1642 985 1638 170 1643 170 1644 985 1645 168 1646 986 1642 170 1643 987 1647 987 1648 170 1649 988 1650 987 1648 988 1650 989 1651 989 1651 988 1650 990 1652 990 1652 988 1650 991 1653 991 1653 988 1650 313 1654 991 1653 313 1654 992 1655 992 1656 313 1657 993 1658 992 1659 993 1660 994 1661 990 1652 991 1653 995 1662 990 1652 995 1662 693 1139 693 1139 995 1662 501 813 967 1629 973 1629 996 1629 967 1663 996 1663 997 1663 967 1629 997 1629 998 1629 998 1664 997 1664 999 1664 998 1629 999 1629 1000 1629 998 1629 1000 1629 1001 1629 1001 1629 1000 1629 1002 1629 1001 1665 1002 1665 1003 1665 1003 1629 1002 1629 1004 1629 1003 1666 1004 1666 1005 1666 1005 1629 1004 1629 1006 1629 1005 1629 1006 1629 1007 1629 1005 1667 1007 1667 1008 1667 1008 1629 1007 1629 1009 1668 1008 1629 1009 1669 1010 1670 1010 1671 1009 1672 1011 1673 1011 1673 1009 1672 1012 1674 1012 1674 1009 1672 693 1139 1012 1674 693 1139 500 812 1013 1675 14 1676 1014 1677 1013 1675 1014 1677 1015 1678 1015 1678 1014 1677 80 1679 80 1679 1014 1677 25 1680 80 1679 25 1680 33 1681 33 1681 25 1680 26 1682 33 1681 26 1682 31 1595 31 1595 26 1682 23 1594 138 1683 140 1684 203 1685 138 1683 203 1685 1016 1686 138 1683 1016 1686 96 1687 96 1688 1016 1689 1017 1690 96 1691 1017 1692 1018 1693 138 1683 96 1687 98 1694 138 1683 98 1694 844 1695 138 1696 844 1697 843 1698 138 1696 843 1698 139 1699 139 1700 843 1701 143 1702 75 1703 965 1704 101 1705 75 1706 101 1707 1019 1708 1019 1708 101 1707 400 1709 75 1706 1019 1708 1020 1710 75 1706 1020 1710 73 1711 1021 1712 1022 1713 147 1714 1021 1715 147 1716 137 1717 1021 1718 137 1719 135 1720 13 1721 17 1722 853 1723 13 1721 853 1723 144 1724 144 1725 853 1726 1023 1727 144 1725 1023 1727 1024 1728 144 1725 1024 1728 0 1729 0 1729 1024 1728 1025 1730 0 1729 1025 1730 1026 1731 0 1729 1026 1731 9 1732 9 1732 1026 1731 1027 1733 9 1732 1027 1733 18 1734 0 1729 9 1732 3 1735 3 1736 9 1737 4 1738 0 1739 3 1740 1 1741 144 1742 0 1743 2 1744 13 1745 144 1746 148 1747 169 1748 168 1749 1028 1750 1028 1750 168 1751 1029 1752 1028 1750 1029 1752 1030 1753 1028 1750 1030 1753 169 1748 264 1754 263 1755 394 1756 264 1757 394 1758 393 1759 264 1760 393 1761 261 1762 1031 1763 1032 1764 1033 1765 1031 1763 1033 1765 1034 1766 1034 1766 1033 1765 1035 1767 1031 1763 1034 1766 1036 1768 1031 1763 1036 1768 1037 1769 1037 1770 1036 1771 1038 1772 1036 1773 1034 1774 1035 1775 1036 1776 1035 1777 1039 1778 1036 1776 1039 1778 208 1779 256 1780 240 1781 239 1782 256 1783 239 1784 254 1785 254 1785 239 1784 705 1786 254 1785 705 1786 1040 1787 1040 1787 705 1786 1041 1788 1040 1787 1041 1788 1042 1789 1040 1787 1042 1789 238 1790 238 1790 1042 1789 1043 1791 238 1790 1043 1791 1044 1792 238 1790 1044 1792 239 1793 1040 1787 238 1790 307 1794 307 1795 238 1796 240 1797 1045 1798 1046 1799 1047 1800 1045 1798 1047 1800 1048 1801 1045 1798 1048 1801 1049 1802 381 1803 228 1804 250 1805 381 1803 250 1805 1036 1806 1036 1806 250 1805 212 1807 212 1807 250 1805 213 1808 212 1807 213 1808 207 1809 207 1809 213 1808 220 1810 207 1809 220 1810 258 1811 1036 1806 212 1807 1038 1812 381 1813 1036 1814 382 1815 1050 1816 1051 1817 1052 1818 1052 1818 1051 1817 1053 1819 1052 1818 1053 1819 1054 1820 1054 1820 1053 1819 1055 1821 1054 1820 1055 1821 1056 1822 1056 1823 1055 1824 1057 1825 1052 1818 1054 1820 1050 1816 307 1826 306 1827 1058 1828 1058 1828 306 1827 1059 1829 1058 1830 1059 1831 1060 1832 323 1833 326 1834 356 1835 323 1833 356 1835 1061 1836 1061 1837 356 1838 353 1839 323 1833 1061 1836 325 1840 336 1841 357 1842 364 1843 336 1841 364 1843 319 1844 319 1844 364 1843 332 1845 336 1841 319 1844 1062 1846 336 1841 1062 1846 337 1847 337 1848 1062 1849 405 1850 390 1851 371 1852 1063 1853 1063 1853 371 1852 1064 1854 1063 1853 1064 1854 392 1855 1063 1853 392 1855 394 1856 1063 1853 394 1856 263 1857 1063 1853 263 1857 265 1858 1063 1853 265 1858 390 1851 408 1859 337 1860 318 1861 408 1862 318 1863 409 1864 409 1864 318 1863 374 1865 409 1864 374 1865 396 1866 409 1864 396 1866 1065 1867 409 1864 1065 1867 1066 1868 1067 1869 1068 1870 1069 1871 1069 1871 1068 1872 435 1873 1069 1871 435 1873 479 1874 1069 1871 479 1874 1070 1875 1069 1871 1070 1875 1071 1876 1069 1871 1071 1876 1067 1869 438 1877 503 1878 445 1879 438 1877 445 1879 444 1880 438 1877 444 1880 413 1881 438 1882 413 1883 439 1884 439 1884 413 1883 675 1885 675 1885 413 1883 676 1886 439 1884 675 1885 1072 1887 1072 1887 675 1885 621 1888 621 1888 675 1885 628 1889 621 1888 628 1889 443 1890 443 1890 628 1889 627 1891 443 1892 627 1893 444 1894 446 1895 1071 1896 1070 1897 446 1898 1070 1899 1073 1900 446 1898 1073 1900 447 1901 419 1902 418 1903 1074 1904 419 1905 1074 1906 1075 1907 419 1905 1075 1907 496 1908 1076 1909 1077 1910 522 1911 1076 1912 522 1913 568 1914 1076 1912 568 1914 565 1915 1076 1912 565 1915 560 1916 1078 1917 552 1918 547 871 547 871 552 1918 545 869 545 869 552 1918 881 1919 545 869 881 1919 886 1920 1079 1921 905 1922 1080 1923 1080 1923 905 1922 1081 1924 1081 1924 905 1922 903 1925 1081 1926 903 1927 555 1928 558 1929 557 1930 1082 1931 1082 1931 557 1930 506 1932 1082 1931 506 1932 1083 1933 1082 1931 1083 1933 1084 1934 1082 1931 1084 1934 1085 1935 1082 1931 1085 1935 558 1929 590 1936 589 1937 585 1938 590 1939 585 1940 612 1941 612 1941 585 1940 566 1942 566 1942 585 1940 1086 1943 612 1941 566 1942 1087 1944 599 1945 586 1946 585 1947 599 1945 585 1947 662 1948 662 1948 585 1947 619 1949 662 1948 619 1949 625 1950 625 1950 619 1949 1088 1951 625 1950 1088 1951 1089 1952 625 1950 1089 1952 1090 1953 625 1950 1090 1953 626 1954 626 1954 1090 1953 584 1955 584 1955 1090 1953 1091 1956 1091 1956 1090 1953 1086 1957 1091 1956 1086 1957 585 1958 1091 1956 585 1958 584 1955 587 1959 580 1960 1092 1961 1092 1961 580 1960 1093 1962 1093 1962 580 1960 605 1963 1092 1961 1093 1962 1094 1964 1094 1964 1093 1962 1095 1965 559 1966 622 1967 616 1968 559 1966 616 1968 618 1969 623 1970 1096 1971 789 1972 789 1972 1096 1971 1097 1973 1097 1973 1096 1971 1098 1974 1097 1973 1098 1974 1099 1975 1099 1975 1098 1974 667 1976 667 1976 1098 1974 696 1977 667 1976 696 1977 695 1978 667 1976 695 1978 668 1979 623 1970 789 1972 791 1980 623 1970 791 1980 668 1981 623 1970 668 1981 694 1982 1100 1983 1101 1984 1102 1985 1100 1983 1102 1985 628 1986 1100 1983 628 1986 675 1987 1100 1983 675 1987 651 1988 661 1989 631 1990 606 1991 661 1989 606 1991 657 1992 657 1992 606 1991 658 1993 661 1989 657 1992 659 1994 1103 1995 1104 1996 1105 1997 1103 1995 1105 1997 1106 1998 1106 1998 1105 1997 1107 1999 1103 1995 1106 1998 1108 2000 1109 2001 1110 2002 1111 2003 1109 2001 1111 2003 1049 2004 1109 2001 1049 2004 1048 2005 1109 2001 1048 2005 1112 2006 1112 2006 1048 2005 1047 2007 1112 2006 1047 2007 253 2008 1113 2009 1114 2010 1115 2011 1113 2012 1115 2013 649 2014 649 2015 1115 2016 1116 2017 649 2018 1116 2019 696 2020 827 2021 831 2022 1117 2023 827 2024 1117 2025 1118 2026 1118 2026 1117 2025 1119 2027 827 2024 1118 2026 836 2028 752 2029 794 2030 812 2031 752 2032 812 2033 1105 2034 1105 2034 812 2033 1107 2035 1107 2036 812 2037 1106 2038 837 2039 834 2040 833 2041 837 2042 833 2043 773 2044 837 2042 773 2044 1120 2045 1120 2045 773 2044 1121 2046 1121 2046 773 2044 775 2047 1121 2046 775 2047 797 2048 837 2042 1120 2045 1122 2049 837 2042 1122 2049 1123 2050 837 2042 1123 2050 1124 2051 837 2042 1124 2051 838 2052 838 2052 1124 2051 796 2053 1125 2054 1126 2055 736 2056 736 2056 1126 2055 783 2057 783 2057 1126 2055 1127 2058 736 2056 783 2057 755 2059 604 2060 1128 2061 602 2062 602 2062 1128 2061 817 2063 817 2064 1128 2065 1129 2066 1129 2066 1128 2065 604 2067 1129 2068 604 2069 1130 2070 1130 2071 604 2072 1131 2073 1131 2074 604 2075 1132 2076 1132 2077 604 2078 1133 2079 1129 2068 1130 2070 835 2080 1129 2068 835 2080 817 2081 1123 2082 1134 2083 1135 2084 1123 2085 1135 2086 1136 2087 1123 2085 1136 2087 1137 2088 1123 2085 1137 2088 1124 2089 1138 2090 1139 2091 1140 2092 1140 2092 1139 2091 815 2093 1140 2092 815 2093 814 2094 1140 2092 814 2094 774 2095 1140 2092 774 2095 1141 2096 1140 2092 1141 2096 1138 2090 1142 2097 1143 2098 840 1398 1142 2097 840 1398 1144 2099 1144 2099 840 1398 839 1397 1144 2099 839 1397 1145 2100 1144 2099 1145 2100 1146 2101 1144 2099 1146 2101 1142 2097 828 2102 830 2103 671 2104 828 2102 671 2104 1147 2105 1147 2105 671 2104 807 2106 807 2106 671 2104 251 2107 807 2106 251 2107 1148 2108 1148 2109 251 2110 1046 2111 892 2112 891 2113 1149 2114 1149 2114 891 2113 915 2115 915 2115 891 2113 902 2116 1149 2114 915 2115 913 2117 1150 2118 1151 2119 1152 2120 1152 2120 1151 2119 1153 2121 1152 2120 1153 2121 1154 2122 1152 2120 1154 2122 1155 2123 1152 2120 1155 2123 1156 1629 1156 1629 1155 1629 1157 1629 1157 2124 1155 2124 745 2124 1157 2125 745 2125 868 2126 868 2127 745 2128 744 2128 765 2129 764 2129 768 2129 768 292 764 292 769 292 769 292 764 292 761 292 769 292 761 292 760 292 769 2130 760 2130 1158 2130 769 2131 1158 292 839 2132 769 2131 839 2132 841 2133 769 2134 841 2134 816 2134 769 2135 816 2135 818 2135 769 2136 818 2136 1131 2136 1131 292 818 292 835 292 1131 2137 835 2137 1130 2137 1159 2138 1160 2139 1161 2140 1161 2140 1160 2139 78 2141 1161 2140 78 2141 38 2142 1161 2140 38 2142 37 2143 132 2144 1162 2145 133 2146 133 2146 1162 2145 1163 2147 133 2146 1163 2147 1164 2148 133 2146 1164 2148 1165 2149 147 2150 1022 2151 1166 2152 1166 2152 1022 2151 1167 2153 1166 2152 1167 2153 150 2154 1166 2152 150 2154 149 2155 1166 2152 149 2155 1168 2156 1166 2152 1168 2156 146 2157 1166 2152 146 2157 147 2150 1169 1629 1170 1629 1171 1629 1171 1629 1170 1629 1172 1629 1172 1629 1170 1629 1173 1629 1172 1629 1173 1629 1174 1629 1172 2158 1174 2158 1175 2158 1175 2159 1174 2159 1176 2159 1175 2160 1176 2160 1177 2160 1175 2161 1177 2161 1178 2161 1178 1629 1177 1629 1179 1629 1179 1629 1177 1629 1180 1629 1179 1629 1180 1629 1181 1629 1179 1629 1181 1629 1182 1629 1182 2162 1181 2162 1183 2162 1182 1629 1183 1629 1184 1629 1182 1629 1184 1629 1185 1629 1182 1629 1185 1629 1186 1629 1186 1629 1185 1629 1187 1629 1186 1629 1187 1629 1188 1629 1186 2163 1188 2163 1189 2163 1189 2164 1188 2164 1190 2164 1189 2165 1190 2165 1191 2165 1189 2166 1191 2166 1192 2166 1192 1629 1191 1629 1193 1629 1193 1629 1191 1629 1194 1629 1193 1629 1194 1629 1195 1629 1193 1629 1195 1629 1171 1629 1171 2167 1195 2167 1196 2167 1171 1629 1196 1629 1169 1629 1197 1629 1178 1629 1198 1629 1198 1629 1178 1629 1179 1629 1199 1629 1192 1629 1200 1629 1200 1629 1192 1629 1193 1629 1201 1629 1199 1629 1202 1629 1202 1629 1199 1629 1200 1629 1201 1629 1202 1629 1203 1629 1201 1629 1203 1629 1204 1629 1205 1629 1197 1629 1206 1629 1206 1629 1197 1629 1198 1629 1205 1629 1206 1629 1207 1629 1205 1629 1207 1629 1208 1629 282 2168 281 2169 179 2170 179 2170 281 2169 268 2171 179 2170 268 2171 273 2172 179 2170 273 2172 303 2173 303 2173 273 2172 298 2174 303 2173 298 2174 219 2175 219 2175 298 2174 296 2176 219 2175 296 2176 1209 2177 1209 2177 296 2176 295 2178 1209 2177 295 2178 282 2168 282 2168 295 2178 280 2179 1209 2177 282 2168 276 2180 276 2180 282 2168 179 2170 231 701 303 2173 219 2175 1210 2181 1211 2182 1212 2183 1212 2183 1211 2182 1213 2184 1213 2184 1211 2182 1214 2185 1214 2185 1211 2182 34 2186 1045 1798 1049 1802 204 2187 204 2188 1049 2189 730 2190 730 2190 1049 2189 794 2191 794 2191 1049 2189 828 2192 794 2193 828 2194 807 2195 807 2196 828 2197 1147 2198 1045 1798 204 2199 206 2200 1045 1798 206 2200 1148 2201 1148 2201 206 2200 1215 2202 1148 2201 1215 2202 807 2203 1045 1798 1148 2201 1046 1799 233 2204 243 2205 1056 2206 1056 2206 243 2205 1054 2207 1054 2207 243 2205 1050 2208 1050 2208 243 2205 224 2209 1050 2208 224 2209 750 2210 750 2210 224 2209 684 2211 750 2210 684 2211 748 2212 750 2210 748 2212 751 2213 233 2204 1056 2206 1057 2214 233 2204 1057 2214 1216 2215 233 2204 1216 2215 682 2216 682 2216 1216 2215 749 2217 682 2216 749 2217 751 2218 1217 2219 1218 2220 519 2221 519 2221 1218 2220 611 2222 519 2221 611 2222 610 2223 519 2221 610 2223 1219 2224 519 2221 1219 2224 1220 2225 1220 2225 1219 2224 1221 2226 1221 2226 1219 2224 542 2227 542 2228 1219 2229 540 2230 540 2230 1219 2229 1222 2231 1222 2231 1219 2229 569 2232 540 2230 1222 2231 1223 2233 519 2221 1220 2225 1224 2234 519 2221 1224 2234 520 2235 1217 2219 519 2221 1225 2236 1225 2236 519 2221 540 2237 540 2237 519 2221 567 2238 540 2239 567 2240 541 2241 1075 2242 1074 2243 1226 2244 1226 2244 1074 2243 418 2245 1226 2244 418 2245 524 2246 1226 2244 524 2246 523 2247 1227 2248 511 2249 1228 2250 1227 2248 1228 2250 618 2251 618 2251 1228 2250 559 2252 1227 2248 618 2251 1229 2253 1230 2254 1231 2255 499 2256 499 2256 1231 2255 1232 2257 499 2256 1232 2257 432 2258 499 2256 432 2258 1233 2259 1233 2259 432 2258 434 2260 499 2256 1233 2259 1234 2261 499 2262 1234 2263 448 2264 448 2265 1234 2266 446 2267 1230 2254 499 2256 447 2268 1230 2269 447 2270 1073 2271 1230 2269 1073 2271 436 2272 1230 2269 436 2272 433 2273 433 2273 436 2272 434 2274 1235 2275 1236 2276 1237 2277 1237 2277 1236 2276 1238 2278 1238 2278 1236 2276 1230 2279 1230 2279 1236 2276 758 2280 758 2280 1236 2276 1239 2281 1239 2281 1236 2276 1240 2282 1239 2281 1240 2282 1241 2283 1241 2283 1240 2282 1235 2284 1241 2283 1235 2284 1242 2285 1242 2285 1235 2284 1243 2286 1243 2286 1235 2284 1237 2287 1243 2288 1237 2289 480 2290 480 2290 1237 2289 481 2291 481 2292 1237 2293 1244 2294 1244 2295 1237 2277 1238 2278 1231 2296 1230 2279 758 2280 1231 2296 758 2280 1245 2297 1245 2297 758 2280 1246 2298 1246 2298 758 2280 757 2299 1247 2300 1241 2283 1242 2285 1247 2300 1242 2285 578 2301 578 2301 1242 2285 594 2302 594 2302 1242 2285 1248 2303 1248 2303 1242 2285 1243 2286 1248 2304 1243 2288 1249 2305 1249 2305 1243 2288 480 2290 1249 2305 480 2290 482 2306 1250 2307 1231 2296 1245 2297 1250 2308 1245 2297 1246 2298 1250 2308 1246 2298 1251 2309 1251 2310 1246 2298 1252 2311 1252 2311 1246 2298 1253 2312 1253 2312 1246 2298 757 2299 1253 2312 757 2299 1254 2313 1254 2313 757 2299 948 2314 701 2315 1248 2316 1255 2317 1255 2317 1248 2316 1249 2305 1255 2317 1249 2305 482 2306 1255 2317 482 2306 1256 2318 1256 2318 482 2306 648 2319 648 2319 482 2306 505 2320 505 2320 482 2306 481 2321 648 2319 505 2320 1114 2322 1114 2322 505 2320 403 2323 1114 2322 403 2323 1257 2324 1257 2324 403 2323 402 2325 1257 2324 402 2325 1258 2326 1258 2326 402 2325 1251 2327 1251 2327 402 2325 1250 2328 1258 2326 1251 2329 1259 2330 1259 2331 1251 2332 1252 2333 1119 2334 1253 2312 1254 2313 1119 2334 1254 2313 948 2314 1119 2334 948 2314 1260 2335 1260 2335 948 2314 1261 2336 1261 2336 948 2314 87 114 87 114 948 2314 1262 2337 87 114 1262 2337 85 112 85 112 1262 2337 1049 2338 1049 2338 1262 2337 828 2339 828 2339 1262 2337 1263 2340 1263 2340 1262 2337 1264 2341 1263 2342 1264 2343 1265 2344 1265 2344 1264 2343 1266 2345 1266 2346 1264 2347 483 2348 1266 2349 483 2350 1267 2351 1267 2352 483 2353 1268 2354 1267 2355 1268 2356 1078 2357 1078 2358 1268 2359 1269 2360 1269 2361 1268 2362 1270 2363 1269 2364 1270 2365 1080 2366 1080 2366 1270 2365 1271 2367 1080 2366 1271 2367 1272 2368 1272 2368 1271 2367 533 2369 1272 2368 533 2369 1273 2370 1273 2370 533 2369 858 2371 1273 2370 858 2371 825 2372 825 2372 858 2371 750 2373 750 2373 858 2371 1274 2374 750 2373 1274 2374 1050 2375 1273 2370 825 2372 1275 2376 1273 2370 1275 2376 1276 2377 1276 2377 1275 2376 1277 2378 1276 2377 1277 2378 1278 2379 1278 2379 1277 2378 221 2380 221 2380 1277 2378 222 2381 1278 2379 221 2380 1279 2382 1279 2382 221 2380 904 2383 904 2383 221 2380 223 2384 904 2383 223 2384 1280 2385 1280 2385 223 2384 1055 2386 1280 2385 1055 2386 1053 2387 1280 2385 1053 2387 1281 2388 1281 2388 1053 2387 1051 2389 1281 2390 1051 2391 1282 2392 1281 2388 1282 2393 1283 2394 1283 2394 1282 2393 1284 2395 1284 2395 1282 2393 1285 2396 1285 2397 1282 2398 1286 2399 1286 2400 1282 2401 1287 2402 1287 2402 1282 2401 1051 2403 1287 2402 1051 2403 1050 2404 1287 2402 1050 2404 235 2405 235 2406 1050 2407 1274 2408 1287 2402 235 2405 1286 2400 1286 2409 235 2410 237 2411 1286 2412 237 2413 1288 2414 1288 2414 237 2413 1289 2415 1288 2414 1289 2415 379 2416 379 2416 1289 2415 380 2417 1284 2395 1285 2396 379 2418 1284 2395 379 2418 180 2419 180 2419 379 2418 153 2420 1284 2395 180 2419 154 2421 154 2422 180 2423 152 2424 1284 2395 154 2421 1283 2394 1281 2388 1283 2394 1290 2425 1290 2425 1283 2394 154 2426 1290 2425 154 2426 156 2427 1290 2425 156 2427 1280 2385 1280 2385 156 2427 904 2383 904 2383 156 2427 882 2428 882 2428 156 2427 1291 2429 1291 2429 156 2427 1292 2430 1292 2430 156 2427 159 2431 1292 2430 159 2431 671 2432 671 2432 159 2431 252 2433 252 2433 159 2431 166 2434 252 2433 166 2434 1293 2435 1293 2435 166 2434 918 2436 918 2436 166 2434 916 2437 1293 2435 918 2436 655 2438 655 2438 918 2436 917 2439 655 2440 917 2441 1294 2442 655 2440 1294 2442 654 2443 1293 2435 655 2438 1295 2444 1295 2444 655 2438 637 2445 1295 2444 637 2445 122 2446 122 2446 637 2445 588 2447 122 2446 588 2447 123 2448 123 2448 588 2447 521 2449 521 2449 588 2447 612 2450 521 2449 612 2450 568 2451 568 2451 612 2450 1087 2452 568 2451 1087 2452 565 2453 565 2453 1087 2452 566 2454 123 2448 521 2449 1296 2455 1296 2455 521 2449 509 2456 1296 2455 509 2456 802 2457 802 2457 509 2456 511 2458 802 2457 511 2458 803 2459 803 2459 511 2458 1257 2324 1257 2324 511 2458 1227 2460 1257 2324 1227 2460 1297 2461 1257 2462 1297 2463 1114 2464 803 2459 1257 2324 1258 2326 803 2459 1258 2326 1259 2330 1296 2455 802 2457 836 2465 1296 2455 836 2465 1298 2466 1298 2466 836 2465 1118 2467 123 2448 1296 2455 1298 2466 1293 2435 1295 2444 43 2468 43 2469 1295 2470 44 2471 44 2471 1295 2470 1299 2472 1293 2435 43 2468 1109 2473 1109 2473 43 2468 45 2474 1109 2473 45 2474 1110 2475 1110 2475 45 2474 1300 2476 1110 2475 1300 2476 1111 2477 1111 2477 1300 2476 85 112 1111 2477 85 112 1049 2338 829 2478 828 2339 1301 2479 1301 2479 828 2339 1263 2340 1301 2479 1263 2340 1302 2480 1302 2480 1263 2340 1266 2349 1302 2480 1266 2349 547 2481 547 2481 1266 2349 1267 2351 547 2481 1267 2351 1078 2482 1080 2483 1078 2484 1269 2485 1079 2486 1080 2366 1272 2368 1079 2486 1272 2368 1303 2487 1303 2487 1272 2368 1276 2377 1276 2377 1272 2368 1273 2370 1303 2487 1276 2377 1278 2379 1303 2487 1278 2379 1279 2382 1303 2487 1279 2382 905 2488 905 2488 1279 2382 904 2383 546 2489 882 2428 1291 2429 546 2489 1291 2429 1304 2490 1304 2490 1291 2429 1305 2491 1305 2491 1291 2429 1292 2430 1305 2491 1292 2430 830 2492 830 2493 1292 2430 671 2432 1112 2494 1293 2435 1109 2473 830 2495 829 2478 1301 2479 830 2492 1301 2479 1305 2491 1305 2491 1301 2479 1304 2490 1304 2490 1301 2479 1302 2480 1304 2490 1302 2480 547 2496 547 2497 546 2489 1304 2490 905 2488 1079 2486 1303 2487 1290 2425 1280 2385 1281 2388 1261 2336 87 114 190 2498 1261 2499 190 2500 1306 2501 1261 2499 1306 2501 1298 2502 1261 2499 1298 2502 1118 2503 1260 2335 1261 2336 1118 2504 1260 2335 1118 2504 1119 2334 1256 2318 648 2319 805 2505 1256 2318 805 2505 1307 2506 1307 2506 805 2505 1308 2507 1308 2507 805 2505 1309 2508 1308 2507 1309 2508 1310 2509 1310 2509 1309 2508 1096 2510 1310 2509 1096 2510 622 2511 1310 2512 622 2513 1311 2514 721 2515 622 2516 1312 2517 1312 2517 622 2518 1086 2519 1086 2519 622 2518 561 2520 1086 2519 561 2520 566 2521 1312 2517 1086 2519 1090 2522 1312 2517 1090 2522 721 2515 721 2515 1090 2522 813 2523 813 2523 1090 2522 1313 2524 1313 2524 1090 2522 1314 2525 1313 2524 1314 2525 1315 2526 1315 2526 1314 2525 1294 2527 1315 2528 1294 2529 917 2530 1313 2524 1315 2526 1316 2531 1313 2524 1316 2531 151 2532 1313 2524 151 2532 380 2533 380 2534 151 234 153 236 1313 2524 380 2533 813 2523 1310 2512 1311 2514 1317 2535 1317 2535 1311 2514 1318 2536 1317 2537 1318 2538 1319 2539 1319 2539 1318 2538 1320 2540 1320 2541 1318 2542 888 2543 1320 2541 888 2543 1321 2544 1321 2544 888 2543 887 2545 1321 2544 887 2545 957 2546 1317 2537 1319 2539 1322 2547 1317 2548 1322 2549 1323 2550 1317 2535 1323 2551 1310 2512 1308 2507 1310 2509 1323 2552 1307 2506 1308 2507 1323 2553 1307 2506 1323 2554 1324 2555 1324 2555 1323 2556 1325 2557 1325 2557 1323 2556 1322 2558 1324 2555 1325 2557 949 2559 1324 2555 949 2559 690 2560 690 2560 949 2559 1326 2561 1326 2561 949 2559 941 2562 1326 2561 941 2562 1327 2563 1327 2563 941 2562 710 2564 710 2564 941 2562 956 2565 710 2564 956 2565 711 2566 711 2566 956 2565 1328 2567 1328 2567 956 2565 781 2568 781 2568 956 2565 957 2569 1328 2567 781 2568 923 2570 923 2570 781 2568 778 2571 1328 2567 923 2572 711 2566 1327 2563 710 2564 712 2573 1327 2563 712 2573 1329 2574 1329 2574 712 2573 1330 2575 1330 2575 712 2573 714 2576 1330 2575 714 2577 782 2578 782 2578 714 2577 778 2579 1330 2575 782 2578 1331 2580 1330 2575 1331 2580 1329 2574 1329 2574 1331 2580 1327 2563 1327 2563 1331 2580 1332 2581 1332 2582 1331 2583 1333 2584 1333 2585 1331 2586 784 1306 784 1306 1331 2586 782 1307 1327 2563 1332 2581 1334 2587 1327 2563 1334 2587 1326 2561 1324 2555 690 2560 1255 2317 1255 2317 690 2560 701 2315 1324 2555 1255 2317 1256 2318 1324 2555 1256 2318 1307 2506 1335 2588 1247 2589 578 2590 1335 2591 578 2592 792 2593 1335 2594 792 2595 1333 2596 1333 2597 792 2598 1332 2599 1335 2600 1333 2601 1336 2602 310 2603 347 2604 309 2605 309 2605 347 2604 308 2606 309 2607 308 2608 1337 2609 309 2610 1337 2611 271 2612 271 2613 1337 2614 1338 2615 1338 701 1337 2616 1339 701 1338 701 1339 701 1340 701 1340 701 1339 701 1341 701 1340 701 1341 701 292 2617 292 2618 1341 701 1342 2619 292 2618 1342 2619 293 2620 293 2620 1342 2619 1343 2621 293 2620 1343 2621 1344 2622 1344 2623 1343 2624 1345 2625 1345 2626 1343 2627 1029 2628 1345 2626 1029 2628 168 2629 1346 2630 1347 2631 1348 2632 1348 2633 1347 2634 1349 2635 1348 2636 1349 2637 1350 2638 1350 2639 1349 2640 1351 2641 1350 2642 1351 2643 1352 2644 1352 2645 1351 2646 1353 2647 1352 2648 1353 2649 1354 2650 1354 2651 1353 2652 99 2653 1354 2654 99 2655 103 2656 685 2657 1355 2658 683 2659 683 2659 1355 2658 620 2660 620 2660 1355 2658 1356 2661 1356 2661 1355 2658 1357 2662 1314 2663 1090 2664 1089 2665 1314 2663 1089 2665 1294 2666 1294 2666 1089 2665 654 2667 654 2667 1089 2665 1088 2668 1358 2669 1359 2670 1360 2671 1360 2671 1359 2670 1361 2672 1361 2672 1359 2670 1362 2673 1361 2672 1362 2673 615 2674 1361 2672 615 2674 657 2675 1361 2672 657 2675 1360 2671 1360 2676 657 2677 656 2678 1360 2676 656 2678 272 2679 272 2679 656 2678 440 2680 272 2679 440 2680 629 2681 272 2679 629 2681 660 2682 660 2683 629 2684 631 2685 617 2686 623 2687 694 2688 617 2686 694 2688 1297 2689 1297 2689 694 2688 1114 2690 1114 2691 694 2692 1115 2693 1363 2694 779 2695 776 2696 1363 2697 776 2698 1364 2699 1364 2699 776 2698 714 2700 714 2701 776 2702 778 2703 1364 2704 714 2705 713 2706 1364 2704 713 2706 1363 2707 1363 2707 713 2706 733 2708 926 2709 1365 2710 1366 2711 1366 2711 1365 2710 1367 2712 1367 2712 1365 2710 1368 2713 1368 2713 1365 2710 1320 2714 1368 2713 1320 2714 1369 2715 1368 2713 1369 2715 943 2716 943 2717 1369 2715 944 2718 926 2709 1366 2711 940 2719 926 2709 940 2719 927 2720 927 2720 940 2719 939 2721 927 2720 939 2721 944 2722 944 2722 939 2721 945 2723 945 2723 939 2721 1370 2724 798 2725 788 2726 1121 2727 798 2725 1121 2727 1371 2728 1371 2728 1121 2727 1372 2729 798 2725 1371 2728 1373 2730 1374 2731 1375 2732 803 2733 1374 2734 803 2735 1259 2736 1374 2734 1259 2736 1252 2737 1374 2734 1252 2737 1253 2738 878 1465 877 1464 1376 2739 878 1465 1376 2739 1012 2740 1012 2740 1376 2739 1011 2741 1011 2741 1376 2739 1377 2742 1377 2742 1376 2739 1378 2743 1378 2743 1376 2739 877 1464 1377 2742 1378 2743 1379 2744 1377 2742 1379 2745 1011 2741 1011 2741 1379 2745 1010 2746 1010 2747 1379 2748 1008 2749 878 1465 1012 2740 856 2750 856 2751 1012 2752 500 2753 856 2754 500 2755 867 2756 867 2757 500 2758 502 2759 475 2760 143 2761 1380 2762 475 2763 1380 2764 1381 2765 1381 2765 1380 2764 845 2766 475 2767 1381 2768 1382 2769 475 2770 1382 2771 879 2772 879 2773 1382 2774 468 2775 468 2776 1382 2777 1383 2778 468 2776 1383 2778 386 2779 468 2776 386 2779 465 2780 465 2781 386 2782 385 2783 900 2784 899 2785 928 2786 928 2786 899 2785 1384 2787 1384 2787 899 2785 1385 2788 1385 2788 899 2785 1386 2789 1386 2789 899 2785 894 2790 894 2790 899 2785 895 2791 1386 2789 894 2790 924 2792 924 2793 894 2794 896 2795 1386 2789 924 2792 1387 2796 1387 2796 924 2792 1388 2797 1388 2797 924 2792 851 2798 851 2799 924 2800 859 2801 1388 2797 851 2798 1389 2802 1389 2802 851 2798 1390 2803 1390 2803 851 2798 928 2786 928 2804 851 2805 871 2806 1390 2803 928 2786 1391 2807 1391 2807 928 2786 1384 2787 1319 2808 1320 2809 1365 2810 1319 2808 1365 2810 1322 2811 1322 2811 1365 2810 950 2812 950 2812 1365 2810 926 2813 950 2812 926 2813 951 2814 951 2815 926 2816 925 2817 1322 2818 950 2819 1325 2820 1325 2821 950 2822 949 2823 960 2824 961 2825 1392 2826 1392 2827 961 2828 11 2829 91 2830 90 2831 964 2832 964 2832 90 2831 47 2833 202 2834 49 2835 13 2836 13 2837 49 2838 8 2839 964 2840 965 2841 91 2842 91 2842 965 2841 75 2843 107 2844 966 2845 108 2846 108 2847 966 2848 1393 2849 131 2850 1394 2851 132 2852 132 2853 1394 2854 1162 2855 179 268 303 2856 177 266 177 266 303 2856 287 2857 1395 2858 1396 2859 1212 2860 1212 2861 1396 2862 1210 2863 1397 2864 1299 2865 122 2866 122 2866 1299 2865 1295 2867 1398 2868 1399 2869 1164 2870 1164 2871 1399 2872 1165 2873 213 2874 250 2875 214 2876 214 2877 250 2878 227 2879 1038 2880 212 2881 1037 2882 1037 2883 212 2884 211 2885 251 2886 253 2887 1046 2888 1046 2889 253 2890 1047 2891 224 2892 243 2893 225 2894 225 2895 243 2896 232 2897 1060 2898 1400 2899 1040 2900 1040 2901 1400 2902 254 2903 252 2904 1293 2905 253 2906 253 2906 1293 2905 1112 2907 267 2908 297 2909 273 2910 273 2911 297 2912 298 2913 62 2914 355 2915 63 2916 63 2917 355 2918 406 2919 398 2920 406 2921 376 2922 376 2923 406 2924 355 2925 1020 2926 1019 2927 399 2928 399 2929 1019 2930 400 2931 489 2932 1401 2933 514 2934 514 2935 1401 2936 1402 2937 506 2938 557 2939 507 2940 507 2941 557 2942 556 2943 515 2944 529 2945 1403 2946 1403 2947 529 2948 528 2949 1084 2950 1083 2951 1404 2952 1404 2953 1083 2954 1405 2955 622 2956 1096 2957 616 2958 616 2958 1096 2957 623 2959 1406 2960 1407 2961 1093 2962 1093 2963 1407 2964 1095 2965 622 2966 720 2967 1408 2968 1408 2969 720 2970 1409 2971 1409 2971 720 2970 1410 2972 1410 2972 720 2970 380 2973 1410 2974 380 2417 1289 2415 235 2975 1274 2976 1412 2977 1412 2978 1274 2978 858 2979 1412 2980 858 2981 869 2982 869 2983 858 2984 531 2985 622 2986 1413 2987 1311 2988 1311 2989 1413 2989 1414 2990 1311 2991 1414 2992 1318 2993 1318 2994 1414 2995 1415 2996 1318 2997 1415 2998 888 2999 888 3000 770 3001 889 3002 889 3003 770 3004 1416 3005 1416 3005 770 3004 1132 3006 1132 3007 770 3008 769 3009 1132 3007 769 3009 1131 3010 1416 3011 1132 3012 1133 3013 1416 3014 1133 3015 1336 3016 1336 3017 1133 3018 1417 3019 1336 3020 1417 3021 1335 3022 1335 3023 1417 3024 1418 3025 1335 3026 1418 3027 1247 3028 1247 3029 1418 3030 1419 3031 1247 3032 1419 3033 1420 3034 1247 3035 1420 3036 1241 3037 1241 3038 1420 3039 1421 3040 1241 3038 1421 3040 1239 3041 1239 2281 1421 3042 758 2280 1262 2337 484 3043 1264 2341 1264 3044 484 3045 483 3046 697 3047 579 3048 691 3049 691 3050 579 3051 692 3052 719 3053 704 3054 239 3055 239 3056 704 3057 705 3058 719 3053 239 3055 1422 3059 1422 3059 239 3055 1044 3060 719 3053 1422 3059 1423 3061 205 3062 698 3063 1103 3064 1103 3064 698 3063 1104 3065 787 3066 1134 3067 1122 3068 1122 3069 1134 3070 1123 3071 747 3072 725 3073 1424 3074 1424 3074 725 3073 1425 3075 915 3076 902 3077 919 3078 919 3079 902 3080 901 3081 911 3082 907 3083 1426 3084 1426 3085 907 3086 906 3087 1368 3088 943 3089 1427 3090 1427 3090 943 3089 1428 3091 1213 3092 1214 3093 1429 3094 1429 3094 1214 3093 34 3095 1429 3094 34 3095 36 3096 1430 3097 35 3098 1211 3099 1211 3100 35 3101 34 3102 1431 3103 1432 3104 1433 3105 1433 3105 1432 3104 1434 3106 1434 3106 1432 3104 1435 3107 1435 3107 1432 3104 1436 3108 1435 3107 1436 3108 1437 2445 1437 2445 1436 2445 1438 2445 1437 3109 1438 3109 862 3109 862 3110 1438 2445 845 1461 845 3111 1438 3112 1381 3113 1381 3113 1438 3112 1439 2445 1381 3113 1439 2445 1440 2445 1440 2445 1439 2445 1441 2445 1440 2445 1441 2445 1442 3114 1440 2445 1442 3115 1382 3116 1382 3117 1442 3118 1383 3119 1383 3119 1442 3118 1443 3120 1383 3119 1443 3120 1444 3121 1383 3119 1444 3121 386 3122 386 3122 1444 3121 1445 3123 1445 3124 1444 3125 1446 3124 1445 3123 1446 3126 387 3127 387 3128 1446 3129 1447 3130 387 3128 1447 3130 1448 3131 387 3128 1448 3131 1449 3132 1449 3132 1448 3131 1450 3133 1449 3132 1450 3133 477 3134 477 3135 1450 3136 1451 3137 477 3138 1451 3139 1452 3140 1452 3140 1451 3139 1453 3141 1453 3141 1451 3139 1454 3142 1453 3141 1454 3142 1455 3143 1453 3141 1455 3143 1456 3144 1456 3144 1455 3143 1457 2445 1456 3144 1457 2445 1458 3145 1456 3144 1458 3145 1459 3146 1456 3144 1459 3146 1460 3147 1456 3144 1460 3147 1433 3105 1433 3105 1460 3147 1431 3103 1456 3144 1433 3105 1434 3106 97 3148 1435 3107 1437 2445 97 3148 1437 2445 862 3149 97 3148 862 3149 861 3150 852 1421 862 3110 845 1461 1382 3116 1381 3113 1440 2445 387 3127 386 3122 1445 3123 477 3134 387 3128 1449 3132 1461 3151 477 3138 1452 3140 1461 3151 1452 3140 591 3152 1462 3153 1452 3154 1453 3155 477 3138 1461 3151 452 3156 452 3156 1461 3151 449 3157 449 3157 1461 3151 591 3152 1161 3158 37 3159 19 3160 19 3161 37 3162 29 3163 21 3164 22 3165 1159 3166 1159 3166 22 3165 1160 3167 6 3168 1393 3169 7 3170 7 3171 1393 3172 966 3173 5 3174 100 3175 54 3176 54 3177 100 3178 102 3179 54 3180 102 3181 1463 3182 28 3183 25 3184 29 36 29 36 25 3184 16 34 61 74 79 3185 62 75 62 3186 79 3187 354 3188 113 3189 1464 3190 114 3191 114 3191 1464 3190 116 3192 65 3193 64 3194 113 3195 113 3195 64 3194 1464 3196 1465 3197 116 3198 51 3199 51 3199 116 3198 1464 3200 51 3199 1464 3200 76 3201 76 3201 1464 3200 69 3202 1022 3203 1021 3204 118 3205 118 3206 1021 3207 135 3208 129 186 119 188 126 3209 126 3209 119 188 136 3210 1466 3211 142 3212 1467 3213 1467 3214 142 3215 1468 3216 1467 3217 1468 3218 86 3219 133 3220 1165 3221 167 3222 167 3223 1165 3224 1399 3225 852 3226 98 3227 861 3228 861 3229 98 3230 97 3231 1469 3232 1398 3233 1163 3234 1163 3235 1398 3236 1164 3237 1211 3238 1210 3239 1430 3240 1430 3241 1210 3242 1396 3243 1470 3244 184 3245 198 3246 198 3247 184 3248 183 3249 1429 3250 1395 3251 1213 3252 1213 3253 1395 3254 1212 3255 1471 3256 257 3257 258 3258 258 3259 257 3260 230 3261 258 3262 230 3263 259 3264 1472 3265 241 3266 255 3267 255 3268 241 3269 256 3270 266 3271 187 3272 194 3273 194 3274 187 3275 286 3276 280 3277 295 3278 1473 3279 1473 3279 295 3278 294 3280 285 3281 304 3282 194 3283 194 3284 304 3285 193 3286 185 3287 184 3288 1474 3289 1474 3289 184 3288 1470 3290 1474 3289 1470 3290 1475 3291 1474 3289 1475 3291 305 3292 1474 3289 305 3292 285 3293 1474 3289 285 3293 286 3294 1474 3289 286 3294 185 3287 278 3295 277 3296 1476 3297 1476 3297 277 3296 74 3298 74 3298 277 3296 90 3299 90 3299 277 3296 963 3300 963 3300 277 3296 1477 3301 1477 3302 277 3303 279 3304 1477 3305 279 3306 338 3307 338 3307 279 3306 278 3295 338 3307 278 3295 1478 3308 1478 3308 278 3295 1373 3309 1373 3309 278 3295 798 3310 798 3310 278 3295 786 3311 786 3311 278 3295 1476 3297 786 3311 1476 3297 1135 3312 1135 3312 1476 3297 1479 3313 1479 3313 1476 3297 932 3314 934 3315 1476 3297 300 3316 300 3316 1476 3297 74 3298 300 3316 74 3298 73 3317 962 3318 963 3300 783 3319 783 3319 963 3300 741 3320 741 3320 963 3300 1477 3301 741 3320 1477 3301 742 3321 742 3321 1477 3301 1480 3322 1480 3322 1477 3301 409 3323 409 3324 1477 3325 337 3326 337 3327 1477 3305 338 3307 357 3328 338 3307 1478 3308 357 3329 1478 3308 1481 3330 1481 3330 1478 3308 1373 3309 1481 3330 1373 3309 1371 3331 1136 3332 1135 3312 1482 3333 1482 3333 1135 3312 1479 3313 1482 3333 1479 3313 1483 3334 1483 3334 1479 3313 411 3335 411 3335 1479 3313 932 3314 411 3335 932 3314 412 3336 412 3336 932 3314 702 3337 702 3337 932 3314 300 3316 175 3338 962 3318 783 3319 175 3338 783 3319 1127 3339 1484 3340 742 3321 1480 3322 1484 3340 1480 3322 1485 3341 1485 3341 1480 3322 873 3342 873 3342 1480 3322 110 3343 110 3343 1480 3322 1486 3344 1486 3345 1480 3346 1487 3347 1487 3347 1480 3346 1488 3348 1488 3348 1480 3346 1489 3349 1489 3350 1480 3351 1066 3352 1066 3352 1480 3351 409 3353 364 3354 357 3329 1481 3330 364 3355 1481 3330 333 3356 333 3356 1481 3330 1490 3357 1490 3357 1481 3330 1372 3358 1372 3358 1481 3330 1371 3331 1137 3359 1136 3332 1491 3360 1491 3360 1136 3332 1482 3333 1491 3360 1482 3333 1492 3361 1492 3361 1482 3333 1483 3334 410 3362 1483 3334 411 3335 651 3363 412 3336 1493 3364 1493 3364 412 3336 702 3337 1493 3364 702 3337 1494 3365 1494 3365 702 3337 719 3366 1494 3365 719 3366 1495 3367 1495 3367 719 3366 1423 3368 1495 3367 1423 3368 550 3369 550 3369 1423 3368 548 3370 548 3370 1423 3368 1422 3371 548 3372 1422 3373 1044 3374 548 3372 1044 3374 270 3375 270 3375 1044 3374 308 3376 308 3377 1044 3378 347 3379 347 3379 1044 3378 1496 3380 1496 3380 1044 3378 1043 3381 1496 3380 1043 3381 347 3379 347 3379 1043 3381 399 3382 399 3383 1043 3384 301 3385 347 3386 399 3387 310 3388 310 3389 399 3390 174 3391 310 3392 174 3393 1125 3394 1125 3394 174 3393 176 3395 1125 3394 176 3395 1126 3396 1126 3396 176 3395 1127 3339 1127 3339 176 3395 175 3338 1497 3397 1484 3340 1498 3398 1498 3398 1484 3340 1485 3341 1498 3398 1485 3341 1499 3399 1499 3399 1485 3341 1402 3400 1402 3400 1485 3341 513 3401 513 3401 1485 3341 512 3402 512 3402 1485 3341 527 3403 527 3403 1485 3341 883 3404 883 3404 1485 3341 884 3405 884 3405 1485 3341 873 3342 111 3406 110 3407 1486 3408 189 3409 1487 3347 1488 3348 189 3410 1488 3411 1500 3412 1500 3412 1488 3411 1489 3413 1501 3414 1489 3415 1065 3416 1065 3417 1489 3418 1066 3419 1501 3414 1065 3416 396 3420 1501 3414 396 3420 83 3421 83 3422 396 3423 331 3424 331 3424 396 3423 332 3425 83 3426 331 3427 350 3428 350 3428 331 3427 333 3356 350 3428 333 3356 1490 3357 350 3428 1490 3357 289 3429 289 3429 1490 3357 1372 3358 289 3429 1372 3358 1502 3430 289 3429 1502 3430 1124 3431 1124 3431 1502 3430 1372 3358 289 3429 1124 3431 1503 3432 1503 3432 1124 3431 1504 3433 1504 3433 1124 3431 1137 3359 1504 3433 1137 3359 1491 3360 1504 3433 1491 3360 1492 3361 1504 3433 1492 3361 627 3434 1505 3435 189 3436 1500 3437 1505 3435 1500 3437 1501 3414 1501 3414 1500 3437 1489 3438 1505 3435 1501 3414 99 3439 99 3439 1501 3414 83 3421 1505 3440 99 3441 188 3442 188 3443 99 3444 1353 3445 188 3443 1353 3445 111 3446 111 3446 1353 3445 1351 3447 1505 3440 188 3442 189 3448 1506 3449 1503 3432 1504 3433 1506 3449 1504 3433 627 3434 1506 3449 627 3434 275 3450 1506 3449 275 3450 179 3451 1506 3449 179 3451 1507 3452 1507 3452 179 3451 178 3453 1506 3449 1507 3452 1508 3454 1508 3454 1507 3452 1509 3455 1509 3455 1507 3452 1510 3456 1510 3456 1507 3452 178 3453 1509 3455 1510 3456 10 3457 1509 3455 10 3457 1511 3458 1511 3458 10 3457 12 3459 1511 3458 12 3459 1512 3460 1512 3460 12 3459 1513 3461 1513 3461 12 3459 16 3462 16 3463 12 3464 11 3465 16 3463 11 3465 961 3466 1513 3461 16 3462 15 3467 1513 3461 15 3467 1514 3468 1514 3469 15 3470 14 3471 1514 3472 14 3473 1515 3474 1515 3475 14 3476 1013 3477 1515 3478 1013 3479 1516 3480 1515 3474 1516 3481 1517 3482 1517 3483 1516 3484 283 3485 1517 3482 283 3486 1518 3487 1518 3488 283 423 274 425 1517 3482 1518 3487 1519 3489 1519 3489 1518 3487 1520 3490 1520 3490 1518 3487 1521 3491 1521 3491 1518 3487 274 3492 1520 3490 1521 3491 291 3493 291 3494 1521 3495 208 414 208 414 1521 3495 274 415 291 3496 208 3497 1039 3498 291 3499 1039 3500 1339 3501 1339 3501 1039 3500 1035 3502 1339 3501 1035 3502 1522 3503 1522 3504 1035 3505 1033 3506 1339 3507 1522 3508 271 3509 271 3509 1522 3508 1360 3510 271 3511 1360 3512 272 3513 1520 3490 291 3493 293 3514 1520 3490 293 3514 1519 3489 1519 3489 293 3514 1344 2623 1519 3489 1344 2623 1517 3482 1517 3482 1344 2623 1345 2625 1517 3482 1345 2625 1515 3474 1515 3474 1345 2625 1514 3472 1511 3458 1512 3460 1523 3515 1511 3458 1523 3515 1509 3455 1509 3455 1523 3515 1508 3454 1100 3516 651 3363 1524 3517 1524 3517 651 3363 1525 3518 1525 3518 651 3363 1526 3519 1526 3519 651 3363 1527 3520 1527 3520 651 3363 1493 3364 1527 3520 1493 3364 1528 3521 1528 3521 1493 3364 537 3522 537 3522 1493 3364 538 3523 538 3523 1493 3364 937 3524 937 3524 1493 3364 935 3525 935 3525 1493 3364 936 3526 936 3526 1493 3364 1494 3365 936 3526 1494 3365 642 3527 642 3527 1494 3365 1495 3367 642 3527 1495 3367 1529 3528 642 3529 1529 3530 636 3531 936 3526 642 3527 937 3524 937 3524 642 3527 538 3523 538 3523 642 3527 539 3532 539 3532 642 3527 1525 3518 1525 3518 642 3527 613 3533 1525 3518 613 3533 615 3534 1525 3518 615 3534 366 3535 366 3535 615 3534 1530 3536 1530 3536 615 3534 1362 3537 1530 3536 1362 3537 1531 3538 1531 3538 1362 3537 1359 3539 1531 3538 1359 3539 1532 3540 1532 3540 1359 3539 1358 3541 1532 3540 1358 3541 1522 3542 1522 3508 1358 3543 1360 3510 1532 3540 1522 3542 1033 3544 1532 3540 1033 3544 1032 3545 1532 3540 1032 3545 1531 3538 1531 3538 1032 3545 1530 3536 1530 3536 1032 3545 1031 3546 366 3535 1530 3536 1533 3547 1533 3547 1530 3536 211 3548 1533 3547 211 3548 33 3549 33 3549 211 3548 81 3550 81 3550 211 3548 1534 3551 1534 3551 211 3548 210 3552 1534 3551 210 3552 284 424 284 424 210 3552 274 425 274 3553 210 3554 209 3555 1534 3551 284 424 1535 3556 1535 3557 284 3558 1536 3559 1536 3560 284 3561 283 3562 1536 3560 283 3562 1516 3563 1536 3564 1516 3565 81 3566 81 3566 1516 3565 1015 3567 1015 3568 1516 3569 1013 3570 81 3566 1015 3567 80 3571 1536 3572 81 3550 1535 3573 1535 3573 81 3550 1534 3551 1533 3547 33 3549 32 3574 1533 3547 32 3574 960 3575 1533 3547 960 3575 1392 3576 1533 3547 1392 3576 1537 3577 1533 3547 1537 3577 177 3578 177 3578 1537 3577 178 3453 178 3453 1537 3577 1510 3456 1510 3456 1537 3577 10 3457 1533 3547 177 3578 287 3579 1533 3547 287 3579 367 3580 367 3580 287 3579 216 3581 367 3580 216 3581 1525 3518 1525 3518 216 3581 1524 3517 1524 3517 216 3581 299 3582 1524 3517 299 3582 1538 3583 1524 3517 1538 3583 1100 3516 1100 3516 1538 3583 1539 3584 1100 3516 1539 3584 1101 3585 1101 3585 1539 3584 1540 3586 1101 3585 1540 3586 1102 3587 1102 3587 1540 3586 275 3588 275 3588 1540 3586 276 3589 1102 3587 275 3588 628 3590 367 3580 1525 3518 365 3591 365 3591 1525 3518 366 3535 367 3580 366 3535 1533 3547 539 3532 1525 3518 553 3592 553 3592 1525 3518 1526 3519 553 3592 1526 3519 1528 3521 1528 3521 1526 3519 1527 3520 553 3592 1528 3521 554 3593 554 3593 1528 3521 537 3522 554 3593 537 3522 539 3594 1529 3595 1495 3367 550 3369 1529 3595 550 3369 549 3596 271 3597 270 3375 308 3376 1541 3598 310 3599 1542 3600 1542 3601 310 3602 1125 3603 1541 3598 1542 3600 1543 3604 1543 3604 1542 3600 1544 3605 1541 3598 1543 3604 1545 3606 1545 3606 1543 3604 1546 3607 1546 3607 1543 3604 1547 3608 1547 3608 1543 3604 1544 3609 1547 3608 1544 3609 1497 3610 1497 3611 1544 3612 1542 3613 1546 3607 1547 3608 1499 3399 1499 3399 1547 3608 1498 3398 1498 3398 1547 3608 1497 3397 1546 3607 1499 3399 1402 3400 1545 3606 1546 3607 1548 3614 1548 3614 1546 3607 1401 3615 1401 3615 1546 3607 1402 3400 1548 3614 1401 3615 1549 3616 1548 3614 1549 3616 1550 3617 1548 3614 1550 3617 1545 3606 1545 3606 1550 3617 1541 3598 514 3618 1402 3400 513 3401 525 3619 527 3403 1551 3620 1551 3620 527 3403 1552 3621 1552 3621 527 3403 883 3404 525 3619 1551 3620 1553 3622 1553 3622 1551 3620 1554 3623 1554 3623 1551 3620 1555 3624 1555 3624 1551 3620 1552 3621 1555 3624 1552 3621 946 3625 946 3625 1552 3621 883 3404 1555 3624 946 3626 1556 3627 1555 3624 1556 3627 1554 3623 1554 3623 1556 3627 1557 3628 1557 3628 1556 3627 1558 3629 1558 3629 1556 3627 1346 3630 1346 3630 1556 3627 1347 3631 1347 3631 1556 3627 947 3632 947 3632 1556 3627 946 3633 1347 3631 947 3632 1559 3634 1347 3631 1559 3634 1349 3635 1349 3636 1559 3637 910 3638 1349 3639 910 3640 1351 3641 1351 3642 910 3643 111 3644 111 3645 910 3646 112 3647 1557 3628 1558 3629 1560 3648 1557 3628 1560 3648 1561 3649 1561 3649 1560 3648 1562 3650 1561 3649 1562 3650 1563 3651 1561 3649 1563 3651 488 3652 488 3652 1563 3651 1564 3653 1564 3653 1563 3651 489 2932 489 2932 1563 3651 1565 3654 489 2932 1565 3654 1401 2933 1401 3655 1565 3654 1549 3616 1564 3653 489 2932 488 3652 1561 3649 488 3652 564 3656 1561 3649 564 3656 1566 3657 1557 3628 1561 3649 1566 3658 1557 3628 1566 3659 1554 3623 1553 3622 1554 3623 1566 3660 1553 3622 1566 3660 564 3661 1553 3622 564 3662 525 3619 301 3663 300 3316 1567 3664 1567 3664 300 3316 1020 2926 1020 2926 300 3316 73 3317 1567 3664 1020 2926 399 2928 301 3665 1567 3666 399 3667 311 3668 297 3669 1568 3670 1568 3670 297 3669 267 3671 1568 3670 267 3671 269 3672 1568 3670 269 3672 1473 3673 1568 3670 1473 3673 294 3674 1568 3670 294 3674 311 3668 1569 3675 316 3676 1570 3677 1570 3678 316 3679 315 3680 1061 3681 353 3682 1571 3683 1571 3683 353 3682 352 3684 1571 3683 352 3684 349 3685 1571 3683 349 3685 348 3686 1571 3683 348 3686 345 3687 1571 3683 345 3687 324 3688 1571 3683 324 3688 325 3689 1571 3683 325 3689 1061 3681 645 3690 1572 3691 1573 3692 1573 3693 1572 3694 1574 3695 332 3696 396 635 1575 3697 1575 3697 396 635 342 572 1575 3697 342 572 332 3698 349 3699 352 3700 1576 3701 1576 3702 352 3703 351 3704 363 3705 346 3706 1576 3707 1576 3707 346 3706 349 3708 320 3709 383 3710 318 574 318 574 383 3710 342 572 342 3711 383 3712 389 3713 389 3713 383 3712 334 3714 389 3715 334 3716 335 3717 1577 3718 388 3719 372 3720 372 3720 388 3719 262 3721 1577 3718 372 3720 1578 3722 1578 3722 372 3720 1579 3723 1579 3723 372 3720 368 3724 1579 3723 368 3724 246 3725 1579 3723 246 3725 245 3726 1579 3723 245 3726 1580 3727 1580 3727 245 3726 260 3728 1580 3727 260 3728 1581 3729 1581 3730 260 3731 388 3732 432 3733 1232 3734 401 3735 401 3735 1232 3734 402 3736 402 3736 1232 3734 1250 3737 1250 3737 1232 3734 1231 3738 432 3739 401 3740 1582 3741 1070 3742 479 3743 1073 3744 1073 3745 479 3746 436 3747 1583 3748 1584 3749 1585 3750 1585 3750 1584 3749 533 3751 533 3751 1584 3749 1378 3752 1378 3753 1584 3754 1379 3755 1379 3756 1584 3749 1586 3757 1586 3757 1584 3749 1583 3748 1586 3758 1583 3759 1005 3760 1586 3758 1005 3760 1008 3761 1586 3762 1008 3763 1379 3764 533 3751 1378 3752 531 3765 531 3766 1378 3767 857 3768 857 3769 1378 3770 877 3771 857 3769 877 3771 856 3772 1585 3750 533 3751 532 3773 1585 3750 532 3773 688 3774 688 3775 532 3776 1587 3777 688 3778 1587 3779 689 3780 689 3781 1587 3782 485 3783 689 3784 485 3785 1588 3786 1585 3787 688 3788 1583 3789 530 3790 551 3791 535 3792 535 3792 551 3791 536 3793 1068 3794 1067 3795 1233 3796 1233 3797 1067 3798 1234 3799 1355 3800 685 3801 438 3802 438 3803 685 3804 503 3805 439 3806 1072 3807 1357 3808 1357 3808 1072 3807 1356 3809 446 3810 1234 3811 1071 3812 1071 3813 1234 3814 1067 3815 549 3816 272 3817 1529 3818 1529 3819 272 3820 660 3821 1529 3819 660 3821 636 3822 510 3823 509 3824 1077 3825 1077 3825 509 3824 522 3826 558 3827 1085 3828 556 3829 556 3830 1085 3831 1589 3832 536 3833 517 3834 543 3835 543 3836 517 3837 1590 3838 562 3839 527 3840 563 3841 563 3841 527 3840 526 3842 1404 3843 1589 3844 1084 3845 1084 3845 1589 3844 1085 3846 1217 3847 1591 3848 576 3849 576 3850 1591 3851 573 3852 569 3853 571 3854 1222 3855 1222 3856 571 3857 1223 3858 595 3859 594 3860 692 3861 692 3861 594 3860 1248 3862 692 3861 1248 3862 701 3863 595 3864 692 3865 579 3866 596 3867 450 3868 699 3869 699 3870 450 942 591 944 624 3871 593 3872 680 3873 680 3874 593 3875 592 3876 1099 3877 667 3878 1592 3879 1592 3879 667 3878 666 3880 606 3881 608 3882 658 3883 658 3884 608 3885 643 3886 630 3887 607 3888 631 3889 631 3890 607 3891 606 3892 665 3893 806 3894 634 3895 634 3896 806 3897 632 3898 660 3899 1593 3900 636 3901 636 3902 1593 3903 1594 3904 636 3902 1594 3904 614 3905 672 3906 790 3907 1595 3908 1595 3908 790 3907 793 3909 1595 3908 793 3909 1592 3910 1595 3908 1592 3910 666 3911 1595 3908 666 3911 672 3906 669 3912 662 3913 635 3914 635 3915 662 3916 625 3917 790 3918 672 3919 791 3920 791 3921 672 3922 668 3923 1596 3924 1597 3925 673 3926 673 3927 1597 3928 686 3929 646 1029 1598 3930 647 1030 647 3931 1598 3931 645 3932 644 3933 441 3934 643 3935 643 3936 441 3937 656 3938 779 3939 1363 3940 708 3941 708 3941 1363 3940 729 3942 729 3942 1363 3940 732 3943 732 3943 1363 3940 733 3944 779 3939 708 3941 707 3945 1599 3946 1600 3947 754 3948 754 3949 1600 3950 727 3951 754 3952 727 3953 726 3954 754 3955 716 3956 1599 3957 1599 3958 716 3959 1601 3960 1602 3961 1603 3962 762 3963 762 3963 1603 3962 1146 3964 762 3965 1146 3966 772 3967 1602 3961 762 3963 1604 3968 1604 3968 762 3963 1605 3969 1605 3969 762 3963 1606 3970 1606 3970 762 3963 1607 3971 1607 3972 762 3973 771 3974 1608 3975 1601 3976 718 3977 718 3978 1601 3979 716 3980 226 3981 1609 3982 748 3983 748 3984 1609 3985 1610 3986 748 3984 1610 3986 751 3987 206 3988 1611 3989 1215 3990 1215 3991 1611 3992 1108 3993 1108 3994 1106 3995 1215 3996 1215 3997 1106 3998 812 3999 698 4000 752 4001 1104 4002 1104 4002 752 4001 1105 4003 812 4004 808 4005 1215 4006 1215 4007 808 4008 807 4009 1138 4010 1141 4011 832 4012 832 4012 1141 4011 1612 4013 832 4014 1612 4015 833 4016 774 4017 814 4018 775 4019 775 4020 814 4021 797 4022 1124 4023 1121 4024 796 4025 796 4025 1121 4024 797 4026 726 4027 725 4028 1253 4029 1253 4030 725 4031 1374 4032 1374 4032 725 4031 1375 4033 1375 4033 725 4031 831 4034 831 4034 725 4031 747 4035 831 4034 747 4035 746 4036 831 4034 746 4036 1117 4037 1117 4037 746 4036 1119 4038 1119 4038 746 4036 1253 4029 1253 4029 746 4036 726 4027 726 4027 746 4036 753 4039 1601 4040 1608 4041 1613 4042 1613 4042 1608 4041 1424 4043 1613 4042 1424 4043 1425 4044 1613 4042 1425 4044 1600 4045 1613 4042 1600 4045 1599 4046 1613 4042 1599 4046 1601 4040 792 4047 633 4048 1332 4049 1332 4049 633 4048 1326 4050 1332 4049 1326 4050 1334 4051 1139 4052 1138 4053 838 4054 838 4055 1138 4056 832 4057 736 4058 735 4059 723 4060 723 4061 735 4062 826 4063 1124 4064 1372 4065 1614 4066 1614 4066 1372 4065 1121 4067 1614 4066 1121 4067 1124 4064 1600 4068 1425 4069 727 4070 727 4071 1425 4072 725 4073 809 4074 734 4075 810 4076 810 4077 734 4078 826 4079 810 4080 826 4081 735 4082 105 4083 104 4084 1615 4085 1615 4086 104 4087 854 4088 854 4089 104 4090 855 4091 855 4092 104 4093 106 4094 531 4095 856 4096 869 4097 869 4098 856 4099 867 4100 850 4101 847 4102 846 4103 850 4101 846 4103 1616 4104 1616 4104 846 4103 849 4105 901 4106 891 4107 1617 4108 1617 4109 891 4110 890 4111 944 2718 1369 2715 1321 4112 1321 4112 1369 2715 1320 2714 1618 4113 958 4114 1367 4115 1367 4116 958 4117 1366 4118 940 4119 1366 4120 958 4121 1024 4122 106 4123 1025 4124 1025 4124 106 4123 105 4125 1025 4124 105 4125 1026 4126 1026 4127 105 4128 1027 4129 1027 4129 105 4128 1615 4130 1027 4129 1615 4130 18 4131 11 4132 10 4133 1392 4134 1392 4135 10 4136 1537 4137 54 4138 1463 4139 6 4140 6 4140 1463 4139 109 4141 6 4140 109 4141 108 4142 6 4140 108 4142 1393 4143 65 4144 1465 4145 53 4146 53 4147 1465 4148 51 4149 111 281 1486 4150 189 282 189 3409 1486 3345 1487 3347 78 4151 27 4152 38 4153 38 4154 27 4155 29 4156 21 4157 1159 4158 30 4159 30 4160 1159 4161 1161 4162 30 4163 1161 4164 19 4165 1014 4166 14 4167 25 4168 25 4169 14 4170 39 4171 25 4169 39 4171 16 4172 1619 4173 1620 4174 1621 4175 1621 4176 1620 4177 72 4178 1621 4179 72 4180 89 4181 1622 4182 361 582 354 4183 1622 4182 354 4183 1623 4184 1623 4184 354 4183 79 4185 1623 4184 79 4185 60 4186 1623 4184 60 4186 358 4187 358 4187 60 4186 59 4188 1623 4184 358 4187 360 4189 1623 4184 360 4190 1624 4191 1623 4184 1624 4191 1622 4182 24 4192 78 4193 22 4194 22 4195 78 4196 1160 4197 115 4198 116 4199 65 4200 65 4200 116 4199 1465 4201 1463 4202 102 4203 109 4204 109 4205 102 4206 117 4207 1167 4208 141 4209 150 4210 150 4211 141 4212 134 4213 1162 4214 1394 4215 1163 4216 1163 4217 1394 4218 1469 4219 166 4220 1625 4221 916 4222 916 4222 1625 4221 151 4223 916 4222 151 4223 1316 4224 128 4225 141 4226 118 4227 118 4228 141 4229 1167 4230 118 4231 1167 4232 1022 4233 149 4234 134 4235 124 4236 124 4237 134 4238 125 4239 149 4240 124 4241 1168 4242 1168 4243 124 4244 126 4245 1168 4246 126 4247 146 4248 146 4249 126 4250 137 4251 193 4252 304 4253 191 4254 191 4255 304 4256 305 4257 191 4258 305 4259 1475 4260 142 207 121 209 1468 4261 1468 4261 121 209 1306 4262 1468 4261 1306 4262 86 4263 86 4264 1306 4265 190 4266 1298 4267 1306 4268 123 4269 123 4269 1306 4268 121 4270 161 4271 163 251 194 4272 194 4272 163 251 164 250 194 4272 164 250 266 4273 266 4274 164 4275 200 4276 266 4277 200 4278 186 4279 186 4279 200 4278 197 4280 197 4280 200 4278 199 4281 199 4282 200 4283 196 4284 199 4285 196 4286 161 4287 199 4285 161 4287 192 4288 203 4289 182 4290 171 4291 171 4292 182 4293 181 4294 171 4295 181 4296 172 4297 172 760 181 4298 140 759 151 4299 1625 4300 1469 4301 1469 4301 1625 4300 1626 4302 1469 4301 1626 4302 1398 4303 1398 4303 1626 4302 160 4304 1398 4303 160 4304 1399 4305 1399 4305 160 4304 158 4306 1399 4305 158 4306 167 4307 167 4307 158 4306 155 4308 167 4307 155 4308 131 4309 131 4309 155 4308 152 4310 131 4309 152 4310 151 4299 131 4309 151 4299 1394 4311 1394 4311 151 4299 1469 4301 853 4312 855 4313 1023 4314 1023 4315 855 4316 106 4317 1023 4315 106 4317 1024 4318 1300 4319 45 4320 85 4321 85 4322 45 4323 44 4324 85 4325 44 4326 1627 4327 1627 4328 44 4329 1299 4330 1627 4328 1299 4330 1628 4331 1628 4331 1299 4330 1397 4332 1628 4331 1397 4332 1466 4333 1466 4333 1397 4332 122 4334 1466 4335 122 4336 142 4337 1625 4338 166 4339 1626 4340 1626 4341 166 4342 165 4343 1626 4341 165 4343 160 4344 160 4344 165 4343 159 4345 191 4346 1475 4347 199 4348 199 4349 1475 4350 1470 4351 199 4352 1470 4353 198 4354 36 4355 35 4356 86 4357 86 4357 35 4356 1430 4358 86 4357 1430 4358 1467 4359 1467 4359 1430 4358 1396 4360 1467 4359 1396 4360 1628 4361 1628 4361 1396 4360 1395 4362 1628 4361 1395 4362 1627 4363 1627 4363 1395 4362 1429 4364 1627 4363 1429 4364 36 4355 1627 4363 36 4355 85 4365 85 4365 36 4355 86 4357 1466 3211 1467 3213 1628 4366 18 4367 1615 4368 17 4369 17 4369 1615 4368 854 4370 17 4369 854 4370 853 4371 302 4372 1041 4373 703 4374 703 4375 1041 4376 705 4377 1610 4378 1609 4379 234 4380 234 4380 1609 4379 226 4381 234 4380 226 4381 225 4382 234 4380 225 4382 232 4383 257 4384 1471 4385 229 4386 229 4386 1471 4385 215 4387 229 4386 215 4387 214 4388 229 4386 214 4388 227 4389 1471 4390 258 4391 215 4392 215 4393 258 4394 220 4395 249 4396 1629 4397 247 4398 247 4398 1629 4397 1630 4399 247 4400 1630 4401 744 4402 744 4403 1630 4404 1631 4405 744 4403 1631 4405 868 4406 208 4407 259 4408 1036 4409 1036 4409 259 4408 382 2445 254 4410 1400 4411 255 4412 255 4412 1400 4411 1472 4413 1060 4414 1059 4415 1400 4416 1400 4416 1059 4415 242 4417 1400 4416 242 4417 1472 4418 1472 4418 242 4417 241 4419 1059 4420 306 4421 242 4422 242 4423 306 4424 240 4425 268 4426 281 4427 269 4428 269 4429 281 4430 280 4431 269 4432 280 4433 1473 4434 183 4435 185 4436 187 4437 187 4438 185 4439 286 4440 1041 4441 302 4442 1042 4443 1042 4444 302 4445 301 4446 1042 4444 301 4446 1043 4447 1209 4448 276 4449 299 4450 299 4450 276 4449 1539 4451 1539 4451 276 4449 1540 4452 299 4450 1539 4451 1538 4453 1209 4448 299 4450 218 4454 1209 4455 218 4456 219 4457 1060 4458 1040 4459 1058 4460 1058 4461 1040 4462 307 4463 1530 4464 1031 4465 211 4466 211 4466 1031 4465 1037 4467 1622 4468 329 4469 361 4470 361 4470 329 4469 328 4471 361 4472 328 4473 362 4474 391 4475 335 4476 395 4477 395 4477 335 4476 317 4478 395 4477 317 4478 1569 4479 1569 4479 317 4478 316 4480 1062 4481 319 4482 405 4483 405 4483 319 4482 318 4484 1569 4485 1570 4486 395 4487 395 4488 1570 4489 341 4490 362 4491 328 4492 377 4493 377 4493 328 4492 330 4494 377 4495 330 4496 378 4497 378 4498 330 4499 359 4500 359 4500 330 4499 344 4501 359 4502 344 4503 360 4504 315 4505 319 4506 1570 4507 1570 4507 319 4506 332 4508 1570 4507 332 4508 341 4509 1558 3629 1562 3650 1560 3648 1632 4510 1633 4511 1018 4512 1018 4512 1633 4511 96 4513 393 4514 392 4515 373 4516 373 4517 392 4518 1064 4519 373 4517 1064 4519 369 4520 369 4521 1064 4522 371 4523 58 4524 1634 4525 59 4526 59 4527 1634 4528 384 4529 271 4530 1338 4531 1339 4532 1339 4533 1340 4534 291 4535 291 4536 1340 4537 292 4538 1635 292 1636 292 1637 292 1637 292 1636 292 1638 292 1637 292 1638 292 1639 292 1639 292 1638 292 1640 292 1639 292 1640 292 1641 292 1641 292 1640 292 1642 292 1641 292 1642 292 1643 292 1643 292 1642 292 1644 292 1643 292 1644 292 1645 292 1645 292 1644 292 1646 292 1645 292 1646 292 1647 292 1647 292 1646 292 1648 292 1647 292 1648 292 1649 292 1649 292 1648 292 1650 292 1649 292 1650 292 1651 292 1651 292 1650 292 1652 292 371 4539 390 4540 370 4541 370 4542 390 4543 244 4544 370 4545 244 4546 246 4547 1653 4548 1654 4549 1184 4550 1184 4550 1654 4549 1185 4551 1185 4551 1654 4549 1655 4552 1185 4551 1655 4552 1187 4553 1187 4553 1655 4552 1656 4554 1187 4553 1656 4554 1188 4555 1188 4555 1656 4554 1657 4556 1188 4555 1657 4556 1190 4557 1190 4557 1657 4556 1658 4558 1190 4557 1658 4558 1191 4559 1191 4559 1658 4558 1659 4560 1191 4559 1659 4560 1194 4561 1194 4561 1659 4560 1660 4562 1194 4561 1660 4562 1195 4563 1195 4563 1660 4562 1661 4564 1195 4563 1661 4564 1196 4565 1196 4565 1661 4564 1662 4566 1196 4565 1662 4566 1169 4567 1169 4567 1662 4566 1663 4568 1169 4567 1663 4568 1170 4569 1170 4569 1663 4568 1664 4570 1170 4569 1664 4570 1173 4571 1173 4571 1664 4570 1665 4572 1173 4571 1665 4572 1174 4573 1174 4573 1665 4572 1666 4574 1174 4573 1666 4574 1176 4575 1176 4575 1666 4574 1667 4576 1176 4575 1667 4576 1177 4577 1177 4577 1667 4576 1668 4578 1177 4577 1668 4578 1180 4579 1180 4579 1668 4578 1669 4580 1180 4579 1669 4580 1181 4581 1181 4581 1669 4580 1670 4582 1181 4581 1670 4582 1183 4583 1183 4583 1670 4582 1653 4548 1183 4583 1653 4548 1184 4550 434 4584 435 4585 1233 4586 1233 4587 435 4588 1068 4589 360 4590 344 4591 1624 4592 1624 4592 344 4591 329 4593 1624 4594 329 4595 1622 4596 413 4597 414 4598 676 4599 676 4600 414 4601 651 4602 552 4603 1078 4604 551 4605 551 4605 1078 4604 1080 4606 551 4605 1080 4606 555 4607 555 4607 1080 4606 1081 4608 1671 4609 433 4610 1582 4611 1582 4611 433 4610 432 4612 481 4613 1244 4614 433 4615 433 4615 1244 4614 1238 4616 433 4615 1238 4616 1230 4617 481 4613 433 4615 505 4618 505 4618 433 4615 1671 4619 505 4618 1671 4619 504 4620 504 4620 1671 4619 1582 4621 504 4620 1582 4621 401 4622 439 4623 1357 4624 437 4625 437 4626 1357 4627 1355 4628 437 4629 1355 4630 438 4631 410 4632 444 4633 1483 4634 1483 4634 444 4633 627 4635 1483 4634 627 4635 1492 4636 418 4637 420 4638 524 4639 524 4640 420 4641 498 4642 510 4643 1672 4644 511 4645 511 4646 1672 4647 1228 4648 1077 4649 1673 4650 510 4651 510 4652 1673 4653 1672 4654 1077 4655 1076 4656 1673 4657 1673 4658 1076 4659 1674 4660 495 4661 1226 4662 497 4663 497 4664 1226 4665 523 4666 496 4667 1075 4668 495 4669 495 4669 1075 4668 1226 4670 506 4671 508 4672 1083 4673 1083 4674 508 4675 1405 4676 1675 4677 1676 4678 1677 4679 1677 4680 1676 4681 1678 4682 1678 4683 1676 4684 1679 4685 1678 4686 1679 4687 1680 4688 1680 4689 1679 4690 1681 701 1680 4691 1681 4692 1682 4692 1682 701 1681 701 1683 701 1682 701 1683 701 422 701 422 701 1683 701 1684 701 422 4693 1684 4693 1685 4693 422 701 1685 701 423 701 423 4694 1685 4694 1686 4694 1686 701 1685 701 1687 701 1686 4695 1687 4695 1688 4695 1686 4696 1688 4696 1689 4696 1686 4697 1689 4697 1690 4697 1690 701 1689 701 1691 701 1690 701 1691 701 1692 4698 1692 4699 1691 4700 1693 4701 1692 4702 1693 4703 1694 4704 1694 4705 1693 4706 1695 4707 1694 4708 1695 4709 1696 4710 1694 4711 1696 4712 1697 4713 1694 4714 1697 4715 1698 4716 1698 4717 1697 4718 1699 4718 1698 4719 1699 701 1700 701 1700 4720 1699 4720 1701 4720 1701 701 1699 701 1702 701 1701 701 1702 701 1703 701 1701 701 1703 701 1675 701 1701 4721 1675 4721 1677 4722 425 4723 423 4724 1704 4725 1704 4726 423 4727 1686 4727 1705 701 1700 701 1706 701 1706 4728 1700 4728 1701 4728 1707 4729 1705 4729 1708 4729 1708 4730 1705 4730 1706 4730 1707 4731 1708 4731 603 4731 1707 701 603 701 1146 701 1146 701 603 701 1143 701 1146 701 1143 701 1142 701 415 4732 425 4733 1709 4734 1709 4734 425 4733 1704 4735 530 4736 529 4737 552 4738 552 4738 529 4737 515 4739 552 4738 515 4739 881 4740 881 4740 515 4739 517 4741 881 4742 517 4743 555 4744 555 4744 517 4743 536 4745 543 4746 1590 4747 534 4748 534 4748 1590 4747 1403 4749 534 4748 1403 4749 528 4750 535 4751 534 4752 530 4753 530 4754 534 4755 528 4756 858 1429 533 4757 532 1430 532 4758 533 4759 1271 4760 532 4761 1271 4762 1587 4763 1587 4764 1271 4765 1270 4766 1587 4767 1270 4768 485 4769 485 4770 1270 4771 1268 4772 485 4773 1268 4774 483 4775 1217 4776 1225 4777 1591 4778 1591 4779 1225 4780 574 4781 1591 4782 574 4783 573 4784 576 4785 1710 4786 1218 4787 1218 4787 1710 4786 611 4788 611 4789 1710 4790 609 4791 609 4791 1710 4790 674 4792 576 3849 1218 4793 1217 3847 893 4794 948 4794 757 4795 556 4796 1589 4797 1228 4798 1228 4798 1589 4797 1404 4799 1228 4798 1404 4799 559 4800 559 4800 1404 4799 1405 4801 559 4800 1405 4801 560 4802 560 4802 1405 4801 508 4803 560 4802 508 4803 1674 4804 1674 4804 508 4803 507 4805 1674 4804 507 4805 556 4796 1674 4804 556 4796 1672 4806 1672 4806 556 4796 1228 4798 1076 4807 560 4808 1674 4809 1673 4810 1674 4811 1672 4812 1223 4813 571 4814 1711 4815 1711 4816 571 4817 678 4818 664 4819 577 4820 1597 4821 1597 4821 577 4820 686 4822 581 4823 587 4824 1712 4825 1712 4826 587 4827 1092 4828 1094 4829 1713 4830 1092 4831 1092 4832 1713 4833 1712 4834 579 953 578 4835 594 951 678 4836 574 4837 1711 4838 1711 4839 574 4840 1225 4841 1711 4842 1225 4843 1223 4844 1223 4844 1225 4843 540 4845 582 4846 1714 4847 605 4848 605 4849 1714 4850 1406 4851 605 4849 1406 4851 1093 4852 618 4853 617 4854 1229 4855 1229 4855 617 4854 1297 4856 1229 4857 1297 2461 1227 2460 1693 4858 1691 4859 1695 4860 1695 4861 1691 4862 1689 4862 1695 4863 1689 701 1696 4864 1696 4865 1689 4866 1688 4866 1696 4867 1688 4868 1697 4868 1697 4869 1688 4869 1687 4869 1697 4870 1687 4870 1699 4870 1699 701 1687 701 1685 701 1699 701 1685 701 1702 701 1702 4871 1685 4871 1684 4871 1702 4872 1684 4872 1703 4872 1703 4873 1684 4873 1683 4873 1703 701 1683 701 1675 701 1675 4874 1683 4874 1681 4874 1675 701 1681 701 1676 4875 1676 4876 1681 4877 1679 4878 1713 4879 1094 4880 1715 4881 1715 4882 1094 4883 1095 4884 1715 4882 1095 4884 1407 4885 576 4886 575 4887 1710 4888 1710 4888 575 4887 674 4889 799 4890 801 4891 1716 4892 1716 4892 801 4891 1717 4893 1717 4893 801 4891 1408 4894 1408 4895 801 4896 1718 4897 1718 4897 801 4896 800 4898 1718 4897 800 4898 1719 4899 1719 4899 800 4898 1720 4900 1720 4900 800 4898 1721 4901 1721 4901 800 4898 799 4890 1721 4901 799 4890 1722 4902 1722 4902 799 4890 1723 4903 1723 4903 799 4890 1716 4892 1723 4903 1716 4892 1724 4904 1724 4904 1716 4892 1725 4905 1725 4905 1716 4892 1717 4893 1725 4905 1717 4893 1408 4906 1725 4905 1408 4906 1409 4907 622 4908 1408 4895 1718 4897 622 4908 1718 4897 1726 4909 1726 4909 1718 4897 1694 4910 1694 4910 1718 4897 1692 4911 1692 4911 1718 4897 1719 4899 1692 4911 1719 4899 1690 4912 1690 4912 1719 4899 1727 4913 1727 4913 1719 4899 1720 4900 1727 4913 1720 4900 1728 4914 1729 4915 1720 4900 1721 4901 1729 4915 1721 4901 1722 4902 1729 4915 1722 4902 1730 4916 1730 4916 1722 4902 1723 4903 1730 4916 1723 4903 1731 4917 1731 4917 1723 4903 1732 4918 1732 4918 1723 4903 1724 4904 1732 4918 1724 4904 1733 4919 1733 4919 1724 4904 1734 4920 1734 4920 1724 4904 1725 4905 1734 4920 1725 4905 1735 4921 1735 4921 1725 4905 573 4922 573 4922 1725 4905 1409 4907 573 4922 1409 4907 575 4923 575 4923 1409 4907 1736 4924 1736 4924 1409 4907 1737 4925 1737 4925 1409 4907 1738 4926 1738 4926 1409 4907 1410 2974 1413 4927 622 4908 1698 4928 1698 4928 622 4908 1726 4909 1698 4928 1726 4909 1694 4910 1413 4927 1698 4928 1700 4929 1413 4927 1700 4929 1414 4930 1414 4930 1700 4929 1705 4931 1414 4930 1705 4931 1415 4932 1415 4932 1705 4931 1707 4933 1415 4932 1707 4933 1739 4934 1739 4934 1707 4933 1607 4935 1607 4935 1707 4933 1605 4936 1605 4936 1707 4933 1602 4937 1602 4937 1707 4933 1146 4938 1415 4932 1739 4934 1740 4939 1740 4940 1739 4941 1741 4942 1741 4942 1739 4941 771 4943 1741 4942 771 4943 766 4944 1741 4942 766 4945 1740 4940 1740 4940 766 4945 767 4946 1740 4947 767 4948 888 4949 888 4949 767 4948 770 4950 1740 4951 888 4952 1415 4953 1686 4954 1690 4912 1727 4913 1686 4954 1727 4913 1742 4955 1742 4955 1727 4913 1743 4956 1743 4956 1727 4913 1728 4914 1743 4956 1728 4914 1729 4915 1743 4956 1729 4915 1744 4957 1744 4957 1729 4915 1730 4916 1744 4957 1730 4916 1745 4958 1745 4958 1730 4916 1746 4959 1746 4959 1730 4916 1731 4917 1747 4960 1731 4917 1732 4918 1747 4960 1732 4918 1733 4919 1747 4960 1733 4919 1748 4961 1748 4961 1733 4919 1749 4962 1749 4962 1733 4919 1734 4920 1749 4962 1734 4920 572 4963 572 4964 1734 4920 1735 4921 572 4964 1735 4921 573 4922 785 4965 575 4923 1736 4924 1750 4966 1738 4926 1410 2974 1750 4966 1410 2974 1289 2415 1750 4966 1289 2415 1751 4967 1751 4967 1289 2415 1752 4968 1752 4968 1289 2415 1753 4969 1753 4969 1289 2415 1754 4970 1754 4970 1289 2415 248 4971 248 4971 1289 2415 237 2413 248 4972 237 4973 249 4974 249 4975 237 4976 235 4977 249 4978 235 4979 1629 4980 1629 4981 235 4982 1755 4983 1755 4983 235 4982 1630 4984 1630 4985 235 4986 1412 2980 1630 4985 1412 2980 1631 4987 1631 4987 1412 2980 868 4988 868 4988 1412 2980 869 2982 1754 4970 248 4971 1756 4989 1756 4990 248 4991 247 4992 1756 4990 247 4992 745 4993 1756 4990 745 4993 1155 4994 1756 4989 1155 4995 1757 4996 1757 4996 1155 4995 1758 4997 1758 4997 1155 4995 1759 4998 1759 4998 1155 4995 1154 4999 1759 4998 1154 4999 1760 5000 1760 5000 1154 4999 1761 5001 1761 5001 1154 4999 1153 5002 1761 5001 1153 5002 1762 5003 1762 5003 1153 5002 1763 5004 1763 5004 1153 5002 1151 5005 1762 5003 1763 5004 1764 5006 1762 5003 1764 5006 1765 5007 1762 5003 1765 5007 1766 5008 1762 5003 1766 5008 1767 5009 1767 5009 1766 5008 1768 5010 1767 5009 1768 5010 1769 5011 1769 5011 1768 5010 1770 5012 1769 5011 1770 5012 1771 5013 1771 5013 1770 5012 1772 5014 1772 5014 1770 5012 1773 5015 1773 5015 1770 5012 1766 5016 1773 5015 1766 5016 1764 5017 1773 5015 1764 5017 1774 5018 1774 5018 1764 5017 1775 5019 1775 5019 1764 5017 1151 5020 1775 5019 1151 5020 1150 5021 1775 5019 1150 5021 992 5022 992 5022 1150 5021 991 5023 991 5023 1150 5021 1152 5024 991 5023 1152 5024 995 5025 995 5025 1152 5024 1156 5026 995 5025 1156 5026 501 5027 501 5027 1156 5026 1157 5028 501 5029 1157 5030 1776 5031 1776 5031 1157 5030 867 5032 867 5032 1157 5030 868 5033 1776 5031 867 5032 502 5034 1776 5031 502 5034 501 5029 1775 5019 992 5022 1777 5035 1777 5035 992 5022 1778 5036 1778 5036 992 5022 994 5037 1778 5036 994 5037 1779 5038 1779 5038 994 5037 1780 5039 1780 5039 994 5037 993 5040 1780 5039 993 5040 312 5041 312 5041 993 5040 1781 5042 1781 5042 993 5040 313 5043 1781 5042 313 5044 312 5041 1780 5039 312 5045 1337 5046 1337 5046 312 5045 1782 5047 1782 5047 312 5045 314 5048 1337 5046 1782 5047 1339 5049 1339 5049 1782 5047 1783 5050 1783 5050 1782 5047 1784 5051 1784 5051 1782 5047 314 5052 1783 5050 1784 5051 1785 5053 1785 5053 1784 5051 1786 5054 1786 5054 1784 5051 1787 5055 1787 5055 1784 5051 314 5052 1787 5055 314 5052 313 5056 1787 5055 313 5056 1786 5054 1786 5054 313 5056 988 5057 1786 5054 988 5057 1788 5058 1788 5058 988 5057 1789 5059 1789 5060 988 5061 170 5062 1789 5060 170 5062 1790 5063 1788 5058 1789 5064 1791 5065 1788 5058 1791 5065 1792 5066 1792 5066 1791 5065 1343 5067 1343 5067 1791 5065 1030 5068 1030 5068 1791 5065 1793 5069 1793 5069 1791 5065 1789 5064 1793 5070 1789 5071 169 5072 169 5073 1789 5060 1790 5063 1343 5067 1030 5068 1794 5074 1343 5067 1794 5074 1029 5075 1792 5076 1343 5077 1342 5078 1792 5076 1342 5078 1785 5053 1785 5053 1342 5078 1341 5079 1785 5053 1341 5079 1783 5050 1783 5050 1341 5079 1339 5080 1795 5081 1785 5053 1786 5054 1795 5081 1786 5054 1788 5058 1795 5081 1788 5058 1792 5066 1780 5039 1337 5046 308 5082 1780 5039 308 5082 1754 4970 1754 4970 308 5082 1753 4969 1753 4969 308 5082 1796 5083 1796 5083 308 5082 1797 5084 1797 5084 308 5082 347 5085 1797 5084 347 5085 1798 5086 1798 5086 347 5085 310 3599 1798 5086 310 3599 404 5087 404 5087 310 3599 398 5088 398 5088 310 3599 407 5089 407 5089 310 3599 1799 5090 1799 5090 310 3599 1541 3598 1799 5090 1541 3598 1800 5091 1800 5091 1541 3598 1801 5092 1801 5092 1541 3598 450 5093 450 5094 1541 3598 455 5095 455 5095 1541 3598 1550 3617 455 5095 1550 3617 456 5096 456 5096 1550 3617 457 5097 457 5097 1550 3617 1549 3616 457 5097 1549 3616 460 5098 460 5098 1549 3616 1565 3654 460 5098 1565 3654 1802 5099 1802 5099 1565 3654 1563 3651 1802 5099 1563 3651 462 5100 462 5100 1563 3651 1562 3650 462 5100 1562 3650 463 5101 463 5101 1562 3650 1558 3629 463 5101 1558 3629 464 5102 464 5102 1558 3629 467 5103 467 5103 1558 3629 1346 3630 467 5103 1346 3630 728 5104 728 5104 1346 3630 1348 5105 728 5104 1348 5105 471 5106 471 5106 1348 5105 1350 5107 471 5106 1350 5107 472 5108 472 5108 1350 5107 1352 5109 472 5108 1352 5109 474 5110 474 5110 1352 5109 1354 5111 474 5110 1354 5111 173 5112 173 5113 1354 5114 103 5115 173 5116 103 5117 171 5118 171 5118 103 5117 203 5119 203 5119 103 5117 1803 5120 1803 5121 103 5122 82 5123 1803 5120 82 5124 1016 5125 1016 5125 82 5124 1017 1692 1017 1692 82 5124 350 3428 1017 1692 350 3428 1804 5126 1804 5126 350 3428 288 5127 288 5127 350 3428 289 3429 1804 5126 288 5127 1018 1693 1804 5126 1018 1693 1017 1692 1803 5120 1016 5125 203 5119 1802 5128 462 5129 459 5130 460 5098 1802 5099 459 5131 1801 5092 450 5132 597 955 1801 5092 597 955 1805 5133 1805 5133 597 955 1806 5134 1806 5134 597 955 1807 5135 1807 5135 597 955 596 954 1807 5135 596 5136 700 5137 1807 5135 700 5137 1806 5134 1806 5134 700 5137 931 5138 931 5139 700 5140 1808 5141 1808 5141 700 5140 699 5142 1808 5141 699 5142 591 5143 1808 5144 591 5145 1452 5146 931 5139 1808 5141 1462 5147 1462 5147 1808 5141 1452 5148 931 5139 1462 5147 929 5149 929 5149 1462 5147 1809 5150 1809 5150 1462 5147 1453 5151 1809 5152 1453 5153 1456 5154 1809 5150 1456 5155 1810 5156 1810 5156 1456 5157 1811 5158 1811 5158 1456 5157 1434 5159 1811 5160 1434 5161 1435 5162 1811 5158 1435 5163 1812 5164 1812 5164 1435 5165 1813 5166 1813 5167 1435 5168 97 5169 1813 5166 97 5170 1814 5171 1814 5172 97 129 96 128 1813 5166 1814 5171 1633 5173 1633 5173 1814 5171 96 5174 1813 5166 1633 5173 92 5175 92 5175 1633 5173 1815 5176 1815 5176 1633 5173 1816 5177 1816 5177 1633 5173 1632 5178 1816 5177 1632 5178 1817 5179 1817 5179 1632 5178 1818 5180 1818 5180 1632 5181 290 5182 290 5183 1632 5184 288 5185 288 5127 1632 5186 1018 1693 1818 5180 290 5182 1819 5187 1818 5180 1819 5187 1820 5188 1820 5188 1819 5187 1821 5189 1820 5188 1821 5189 1822 5190 1822 5190 1821 5189 1506 3449 1506 3449 1821 5189 1503 3432 1503 3432 1821 5189 1819 5187 1503 3432 1819 5187 289 3429 289 3429 1819 5187 290 5182 1822 5190 1506 3449 875 5191 875 5191 1506 3449 1823 5192 1823 5192 1506 3449 1824 5193 1824 5193 1506 3449 897 5194 897 5194 1506 3449 1825 5195 897 5194 1825 5195 898 5196 898 5196 1825 5195 1826 5197 1826 5197 1825 5195 1827 5198 1827 5198 1825 5195 1828 5199 1828 5199 1825 5195 1829 5200 1829 5200 1825 5195 1830 5201 1830 5201 1825 5195 1831 5202 1831 5202 1825 5195 1832 5203 1831 5202 1832 5204 1833 5205 1833 5206 1832 5207 1834 5208 1833 5205 1834 5209 1835 5210 1835 5210 1834 5209 1836 5211 1835 5210 1836 5211 1837 5212 1837 5212 1836 5211 1838 5213 1838 5213 1836 5211 1839 5214 1839 5214 1836 5211 1834 5209 1839 5214 1834 5209 1840 5215 1839 5214 1840 5215 974 5216 974 5216 1840 5215 1841 5217 1841 5217 1840 5215 1834 5209 974 5216 1841 5217 1842 5218 1842 5218 1841 5217 977 5219 977 5219 1841 5217 1832 5220 1832 5220 1841 5217 1834 5221 977 5219 1832 5220 979 5222 979 5223 1832 5224 1508 5225 1508 5226 1832 5227 1825 5228 1508 3454 1825 5195 1506 3449 350 5229 82 5230 84 5229 979 5223 1508 5225 1523 5231 979 5223 1523 5231 1512 5232 979 5223 1512 5232 1513 5233 979 5223 1513 5233 1514 5234 979 5223 1514 5234 981 5235 981 5236 1514 5237 1345 5238 981 5239 1345 5240 168 5241 1842 5218 977 5219 974 5216 1839 5214 974 5216 1838 5213 1838 5213 974 5216 969 5242 1838 5213 969 5242 1843 5243 1843 5243 969 5242 970 5244 1843 5243 970 5244 1844 5245 1844 5245 970 5244 1845 5246 1845 5246 970 5244 1846 5247 1846 5247 970 5244 972 5248 1846 5247 972 5248 67 5249 67 5249 972 5248 971 5250 67 5251 971 5252 66 5253 1846 5247 67 5249 68 84 1846 5247 68 84 1847 5254 1847 5254 68 84 1848 5255 1848 5255 68 84 1849 5256 1849 5256 68 84 1850 5257 1850 5257 68 84 69 86 1850 5257 69 5258 1851 5259 1851 5259 69 5258 1464 5260 1851 5259 1464 5260 1852 5261 1852 5262 1464 3196 64 3194 1851 5259 1852 5261 1853 5263 1851 5259 1853 5264 1854 5265 1854 5265 1853 5264 1855 5266 1855 5266 1853 5264 1856 5267 1855 5266 1856 5267 1857 5268 1857 5268 1856 5267 1574 5269 1574 5269 1856 5267 1573 5270 1573 5270 1856 5267 1858 5271 1858 5271 1856 5267 1853 5272 1858 5271 1853 5273 1859 5274 1859 5274 1853 5273 1860 5275 1860 5275 1853 5276 1852 5262 1860 5275 1852 5262 64 3194 1860 5275 64 3194 1859 5274 1859 5274 64 3194 1861 5277 1861 5277 64 5278 66 5279 1859 5274 1861 5277 968 5280 968 5280 1861 5277 971 5281 971 5281 1861 5277 66 5279 1859 5274 968 5280 967 5282 1859 5274 967 5282 1862 5283 1862 5283 967 5282 998 5284 1862 5283 998 5284 1863 5285 1863 5285 998 5284 1001 5286 1863 5285 1001 5286 1864 5287 1864 5287 1001 5286 1865 5288 1865 5288 1001 5286 1866 5289 1866 5289 1001 5286 1867 5290 1867 5290 1001 5286 1868 5291 1868 5291 1001 5286 1003 5292 1868 5291 1003 5292 687 5293 687 5293 1003 5292 1869 5294 1869 5294 1003 5292 1005 5295 1869 5294 1005 5295 1870 5296 1870 5296 1005 5295 1583 5297 1870 5296 1583 5297 688 5298 1869 5294 1870 5296 687 5293 687 5293 1870 5296 688 5299 1868 5291 687 5293 689 5300 1867 5290 1868 5291 1588 5301 1588 5301 1868 5291 689 5302 1867 5303 1588 5304 1871 5305 1866 5289 1867 5290 1872 5306 1872 5306 1867 5290 1871 5307 1866 5289 1872 5306 1873 5308 1873 5308 1872 5306 1874 5309 1874 5309 1872 5306 1875 5310 1875 5310 1872 5306 1871 5311 1874 5309 1875 5310 1876 5312 1876 5312 1875 5310 1877 5313 1877 5313 1875 5310 1878 5314 1878 5314 1875 5310 1871 5315 1878 5314 1871 5316 1879 5317 1879 5317 1871 5318 1880 5319 1880 5320 1871 5321 1588 5322 1880 5320 1588 5322 485 5323 1880 5320 485 5323 484 5324 1880 5319 484 5325 1879 5317 1879 5317 484 5325 1262 2337 1879 5317 1262 2337 1878 5314 1878 5314 1262 2337 948 2314 1878 5314 948 2314 1881 5326 1881 5326 948 2314 339 5327 339 5327 948 2314 2 5328 2 5328 948 2314 145 5329 145 5329 948 2314 202 5330 202 5330 948 2314 757 5331 202 5330 757 5331 1882 5332 1882 5332 757 5331 1883 5333 1883 5333 757 5331 758 2280 1883 5333 758 2280 1884 5334 1884 5334 758 2280 1421 3042 1884 5334 1421 3042 1885 5335 1885 5335 1421 3042 1886 5336 1886 5336 1421 3042 1887 5337 1887 5337 1421 3042 1682 5338 1682 5338 1421 3042 1680 5339 1680 5339 1421 3042 1888 5340 1888 5340 1421 3042 1420 5341 1888 5340 1420 5341 1889 5342 1889 5342 1420 5343 1678 5344 1678 5345 1420 5346 1677 5347 1677 5347 1420 5346 1419 5348 1677 5347 1419 5348 1701 5349 1701 5349 1419 5348 1706 5350 1706 5350 1419 5348 1418 5351 1706 5352 1418 5353 1708 5354 1708 5355 1418 5356 1417 5357 1708 5355 1417 5357 603 5358 603 5358 1417 5357 604 5359 604 5359 1417 5357 1133 5360 1889 5342 1678 5344 1888 5340 1888 5340 1678 5344 1680 5339 1887 5337 1682 5338 422 5361 1887 5337 422 5361 421 5362 1887 5363 421 699 431 698 1887 5337 431 5364 1886 5336 1886 5336 431 5364 1885 5335 1885 5335 431 5364 600 5365 1885 5335 600 5366 1890 5367 1890 5367 600 5368 1891 5369 1890 5367 1891 5369 1892 5370 1892 5370 1891 5369 1893 5371 1893 5371 1891 5369 1894 5372 1894 5372 1891 5369 600 5373 1894 5374 600 5375 429 5376 1894 5372 429 5377 428 5378 1894 5372 428 5378 1895 5379 1894 5372 1895 5379 1746 4959 1746 4959 1895 5379 1745 4958 1745 4958 1895 5379 1896 5380 1894 5372 1746 4959 1897 5381 1897 5381 1746 4959 1731 4917 1897 5381 1731 4917 1898 5382 1898 5382 1731 4917 1747 4960 1898 5382 1747 4960 1899 5383 1899 5383 1747 4960 1900 5384 1900 5384 1747 4960 1748 4961 1900 5384 1748 4961 1901 5385 1901 5385 1748 4961 1902 5386 1902 5386 1748 4961 1903 5387 1903 5387 1748 4961 1749 4962 1903 5387 1749 4962 572 4963 1903 5388 572 5389 920 5390 1738 4926 1750 4966 1904 5391 1904 5391 1750 4966 1905 5392 1905 5392 1750 4966 1751 4967 1905 5392 1751 4967 1752 4968 1905 5392 1752 4968 1906 5393 1906 5393 1752 4968 1753 4969 1906 5393 1753 4969 1796 5083 1906 5393 1796 5083 1907 5394 1907 5394 1796 5083 1908 5395 1908 5395 1796 5083 1797 5084 1908 5395 1797 5084 1798 5086 1908 5395 1798 5086 1619 5396 1619 5396 1798 5086 1620 5397 1620 5397 1798 5086 404 5087 1620 5397 404 5087 397 5398 406 5399 407 5400 63 5401 63 5401 407 5400 1909 5402 1909 5402 407 5089 1910 5403 1910 5403 407 5089 1799 5090 1910 5403 1799 5090 1911 5404 1911 5404 1799 5090 1800 5091 1911 5404 1800 5091 1805 5133 1805 5133 1800 5091 1801 5092 1911 5404 1805 5133 1912 5405 1912 5405 1805 5133 1806 5134 1912 5405 1806 5134 1913 5406 1913 5406 1806 5134 1914 5407 1914 5407 1806 5134 93 5408 93 5408 1806 5134 1915 5409 1915 5409 1806 5134 930 5410 930 5410 1806 5134 931 5138 930 5410 929 5149 1809 5150 930 5410 1809 5150 1810 5156 930 5410 1810 5156 1915 5409 1915 5409 1810 5156 1916 5411 1916 5411 1810 5156 1811 5158 1916 5411 1811 5158 94 5412 94 5412 1811 5158 1812 5164 94 5412 1812 5164 92 5175 92 5175 1812 5164 1813 5166 93 5408 92 5175 1815 5176 93 5408 1815 5176 1917 5413 1917 5413 1815 5176 1918 5414 1918 5414 1815 5176 1816 5177 1918 5414 1816 5177 1919 5415 1919 5415 1816 5177 1817 5179 1919 5415 1817 5179 1920 5416 1920 5416 1817 5179 1921 5417 1921 5417 1817 5179 1820 5188 1820 5188 1817 5179 1818 5180 1921 5417 1820 5188 1616 5418 1616 5419 1820 5188 1822 5190 1616 5420 1822 5421 850 5422 850 5423 1822 5423 1922 5423 1922 5424 1822 5190 875 5191 1922 5424 875 5191 871 5425 876 5426 875 5191 1823 5192 876 5427 1823 5192 871 5428 871 5428 1823 5192 1824 5193 871 5429 1824 5430 900 5431 900 5432 1824 5193 897 5194 900 5433 897 5434 895 5435 848 5436 898 5196 1826 5197 848 5436 1826 5197 1827 5198 848 5436 1827 5198 1923 5437 1923 5437 1827 5198 1924 5438 1924 5438 1827 5198 1828 5199 1924 5438 1828 5199 1925 5439 1925 5439 1828 5199 1926 5440 1926 5440 1828 5199 1829 5200 1926 5440 1829 5200 1927 5441 1927 5441 1829 5200 1830 5201 1927 5441 1830 5201 1831 5202 1927 5441 1831 5202 1928 5442 1928 5442 1831 5202 1833 5205 1928 5442 1833 5205 1929 5443 1929 5443 1833 5205 1835 5210 1930 5444 1835 5210 1837 5212 1930 5444 1837 5212 1931 5445 1931 5445 1837 5212 1932 5446 1932 5446 1837 5212 1933 5447 1933 5447 1837 5212 1838 5213 1933 5447 1838 5213 1843 5243 1933 5447 1843 5243 1844 5245 1933 5447 1844 5245 1934 5448 1934 5448 1844 5245 1845 5246 1934 5448 1845 5246 1847 5254 1847 5254 1845 5246 1846 5247 1934 5449 1847 5254 1848 5255 1934 5449 1848 5255 1935 5450 1935 5450 1848 5255 1849 5256 1935 5450 1849 5256 1936 5451 1936 5451 1849 5256 1850 5257 1936 5451 1850 5257 1851 5259 1936 5451 1851 5259 1854 5265 1936 5451 1854 5265 56 5452 56 5452 1854 5265 1855 5266 56 5452 1855 5266 195 5453 195 5453 1855 5266 1857 5268 195 5453 1857 5268 1937 5454 1937 5455 1857 5456 1938 5457 1938 5458 1857 5459 1939 5460 1939 5461 1857 5462 1940 5463 1940 5464 1857 5268 1574 5269 1940 5464 1574 5269 1572 5465 645 5466 1573 5270 1864 5287 1864 5287 1573 5270 1863 5285 1863 5285 1573 5270 1862 5283 1862 5283 1573 5270 1858 5271 1862 5283 1858 5271 1859 5274 645 5467 1864 5287 1865 5288 645 5468 1865 5469 646 5470 646 5471 1865 5288 1866 5289 646 5471 1866 5289 1873 5472 1873 5308 1874 5309 1876 5312 1873 5308 1876 5312 1877 5313 1873 5308 1877 5313 1598 5473 1598 5473 1877 5313 1941 5474 1941 5474 1877 5313 1881 5326 1881 5326 1877 5313 1878 5314 1941 5474 1881 5326 339 5327 1941 5474 339 5327 1942 5475 1942 5475 339 5327 50 5476 4 5477 339 5478 1 5479 1 5480 339 5327 2 5328 49 5481 202 5330 1943 5482 1943 5482 202 5330 1944 5483 1944 5483 202 5330 955 5484 955 5484 202 5330 1882 5332 955 5484 1882 5332 1945 5485 1945 5485 1882 5332 1883 5333 1945 5485 1883 5333 1884 5334 1945 5485 1884 5334 1890 5367 1890 5367 1884 5334 1885 5335 1945 5485 1890 5367 1892 5370 1945 5485 1892 5370 955 5484 955 5484 1892 5370 953 5486 953 5486 1892 5370 1946 5487 1946 5487 1892 5370 1947 5488 1947 5488 1892 5370 1893 5371 1947 5488 1893 5371 1897 5381 1897 5381 1893 5371 1894 5372 1947 5488 1897 5381 1898 5382 1947 5488 1898 5382 1899 5383 1947 5488 1899 5383 1946 5487 1946 5487 1899 5383 1948 5489 1948 5489 1899 5383 1900 5384 1948 5489 1900 5384 1949 5490 1949 5490 1900 5384 1950 5491 1950 5491 1900 5384 1951 5492 1951 5492 1900 5384 1901 5385 1951 5492 1901 5385 1952 5493 1952 5493 1901 5385 1953 5494 1953 5494 1901 5385 1902 5386 1953 5494 1902 5386 1903 5387 1953 5494 1903 5387 920 5495 1953 5494 920 5496 1954 5497 1954 5497 920 5496 922 5498 1954 5497 922 5498 1955 5499 1954 5497 1955 5499 1956 5500 1956 5500 1955 5499 1957 5501 1957 5501 1955 5499 1958 5502 1958 5502 1955 5499 921 5503 921 5504 1955 5505 922 5506 1958 5502 921 5503 1904 5507 1958 5502 1904 5507 1959 5508 1959 5508 1904 5507 1960 5509 1960 5510 1904 5511 1905 5392 1960 5510 1905 5392 1906 5393 1960 5512 1906 5513 1961 5514 1961 5514 1906 5513 1907 5515 1907 5516 1908 5517 1962 5518 1962 5518 1908 5517 1619 5519 72 5520 1620 5397 70 5521 70 5521 1620 5397 1963 5522 1963 5522 1620 5397 397 5398 1963 5522 397 5398 384 5523 71 5524 70 5525 58 5526 58 5527 70 5521 1634 5528 1634 5528 70 5521 1963 5522 1634 5528 1963 5522 384 5529 61 5530 63 5531 1964 5532 1964 5533 63 5401 1909 5402 1964 5533 1909 5402 1910 5403 1964 5533 1910 5403 1965 5534 1965 5534 1910 5403 1966 5535 1966 5535 1910 5403 1911 5404 1966 5535 1911 5404 1912 5405 1966 5535 1912 5405 1967 5536 1967 5536 1912 5405 1968 5537 1968 5537 1912 5405 1913 5406 1968 5537 1913 5406 1969 5538 1969 5538 1913 5406 1970 5539 1970 5539 1913 5406 1914 5407 1970 5539 1914 5407 1971 5540 1971 5540 1914 5407 1917 5413 1917 5413 1914 5407 93 5408 1971 5540 1917 5413 1918 5414 1971 5540 1918 5414 1972 5541 1972 5541 1918 5414 1919 5415 1919 5415 1920 5416 1973 5542 1973 5542 1920 5416 1974 5543 1974 5543 1920 5416 1975 5544 1975 5544 1920 5416 1921 5417 1975 5544 1921 5417 1616 5418 849 5545 848 5546 1923 5547 1976 5548 1924 5549 1977 5550 1977 5550 1924 5438 1925 5439 1977 5550 1925 5439 1926 5440 1977 5550 1926 5440 1978 5551 1978 5551 1926 5440 1979 5552 1979 5552 1926 5440 1927 5441 1979 5552 1927 5441 1928 5442 1979 5552 1928 5442 1980 5553 1980 5553 1928 5442 1930 5444 1930 5444 1928 5442 1929 5443 1980 5553 1930 5444 1981 5554 1981 5554 1930 5444 1931 5445 1981 5554 1931 5445 1932 5446 1981 5554 1932 5446 41 5555 41 5555 1932 5446 1934 5556 1934 5556 1932 5446 1933 5447 1934 5557 1935 5558 1982 5559 1982 5560 1935 5450 1983 5561 1983 5561 1935 5450 56 5452 56 5452 1935 5450 1936 5451 1983 5561 56 5452 1984 5562 1984 5562 56 5452 1985 5563 1985 5563 56 5452 55 5564 57 5565 56 5566 130 5567 130 5568 56 5452 195 5453 162 5569 195 5453 1938 5570 1938 5570 195 5453 1937 5454 162 5569 1938 5570 1986 5571 1986 5571 1938 5570 1987 5572 1987 5573 1938 5574 1988 5575 1989 5576 1939 5461 1940 5463 1989 5577 1940 5464 1572 5465 646 5578 1873 5579 1598 5580 645 5581 1598 5473 1990 5582 1990 5582 1598 5473 1991 5583 1991 5583 1598 5473 1942 5475 1942 5475 1598 5473 1941 5474 1991 5583 1942 5475 1992 5584 1992 5584 1942 5475 1993 5585 1993 5585 1942 5475 1943 5482 1943 5482 1942 5475 50 5586 1943 5587 50 5588 49 5589 1993 5585 1943 5482 1944 5483 1993 5585 1944 5483 1994 5590 1994 5590 1944 5483 955 5484 1994 5590 955 5484 954 5591 954 5591 953 5486 1995 5592 1995 5592 953 5486 1948 5489 1948 5489 953 5486 1946 5487 1995 5592 1948 5489 1996 5593 1996 5593 1948 5489 1997 5594 1997 5594 1948 5489 1949 5490 1997 5594 1949 5490 1950 5491 1997 5594 1950 5491 1998 5595 1998 5595 1950 5491 1999 5596 1999 5596 1950 5491 2000 5597 2000 5597 1950 5491 2001 5598 2001 5598 1950 5491 2002 5599 2002 5599 1950 5491 1951 5492 2002 5599 1951 5492 2003 5600 2003 5600 1951 5492 2004 5601 2004 5601 1951 5492 1952 5493 2004 5601 1952 5493 1956 5500 1956 5500 1952 5493 1954 5497 1954 5497 1952 5493 1953 5494 2004 5601 1956 5500 2005 5602 2005 5602 1956 5500 2006 5603 2006 5603 1956 5500 2007 5604 2007 5604 1956 5500 1957 5501 2007 5604 1957 5501 2008 5605 2008 5605 1957 5501 1958 5502 2008 5605 1958 5502 1959 5508 2008 5605 1959 5508 2009 5606 2009 5606 1959 5508 1960 5509 1960 5512 1961 5514 2010 5607 2010 5607 1961 5514 2011 5608 2011 5608 1961 5514 1907 5609 2011 5608 1907 5609 2012 5610 2012 5610 1907 5609 1962 5611 2012 5610 1962 5611 2013 5612 2013 5612 1962 5611 1619 5613 2013 5612 1619 5613 2014 5614 2014 5614 1619 5613 1621 5615 2010 5607 2011 5608 2015 5616 2015 5616 2011 5608 2016 5617 2016 5617 2011 5608 2017 5618 2016 5617 2017 5618 2012 5610 2016 5617 2012 5610 2018 5619 2018 5619 2012 5610 2013 5612 2018 5619 2013 5612 2019 5620 2019 5620 2013 5612 2014 5614 2019 5620 2014 5614 2020 5621 2020 5621 2014 5614 1621 5615 2019 5620 2020 5621 2021 5622 2021 5622 2020 5621 2022 5623 2022 5623 2020 5621 89 5624 89 5624 2020 5621 1621 5625 2022 5623 89 5624 2023 5626 2023 5626 89 5624 88 5627 2023 5626 88 5627 1968 5628 1968 5537 88 5629 1967 5536 1967 5536 88 5629 1966 5535 1966 5535 88 5629 95 5630 2024 5631 1968 5537 1973 5542 1973 5542 1968 5537 2025 5632 2025 5632 1968 5537 1969 5538 2025 5632 1969 5538 1972 5541 1972 5541 1969 5538 1970 5539 1972 5541 1970 5539 1971 5540 2025 5632 1972 5541 1919 5415 2025 5632 1919 5415 1973 5542 2024 5631 1973 5542 1974 5543 2024 5631 1974 5543 2023 5626 2023 5626 1974 5543 2022 5623 2022 5623 1974 5543 1975 5544 2022 5623 1975 5544 2021 5622 2021 5622 1975 5544 2026 5633 2026 5633 1975 5544 1616 5418 2026 5633 1616 5634 849 5635 2026 5633 849 5635 2027 5636 2027 5636 849 5637 1923 5638 2027 5636 1923 5638 2028 5639 2028 5639 1923 5638 1924 5640 2028 5639 1924 5640 2029 5641 2029 5641 1924 5640 1976 5548 2029 5641 1976 5548 2030 5642 2030 5642 1976 5548 2031 5643 2031 5643 1976 5548 2032 5644 2032 5644 1976 5548 2033 5645 2033 5645 1976 5548 2034 5646 2034 5646 1976 5548 1977 5550 2034 5646 1977 5550 1978 5551 2034 5646 1978 5551 2035 5647 2035 5647 1978 5551 2036 5648 2036 5648 1978 5551 1979 5552 2036 5648 1979 5552 2037 5649 2037 5649 1979 5552 1980 5553 2037 5649 1980 5553 40 50 40 50 1980 5553 1981 5554 40 50 1981 5554 41 5650 42 5651 41 5652 2038 5653 2038 5654 41 5655 1982 5656 1982 5656 41 5655 1934 5657 2039 5658 2038 5659 1982 5660 1982 5560 1983 5561 2040 5661 2040 5661 1983 5561 2041 5662 2041 5662 1983 5561 1984 5562 2042 5663 1985 5563 55 5564 2042 5663 55 5564 2043 5664 2043 5664 55 5564 388 5665 388 5665 55 5564 1581 5666 1581 5666 55 5564 1580 5667 1580 5667 55 5564 1986 5571 1986 5571 55 5564 164 5668 164 5668 55 5564 120 5669 164 5668 162 5569 1986 5571 201 5670 164 5668 119 5671 119 5671 164 5668 120 5669 201 5670 119 5671 130 5568 201 5670 130 5568 195 5453 1580 5667 1986 5571 2044 5672 2044 5672 1986 5571 2045 5673 2045 5673 1986 5571 1987 5674 2045 5673 1987 5675 2046 5676 2045 5673 2046 5676 2047 5677 2047 5677 2046 5676 2048 5678 2048 5678 2046 5676 2049 5679 2049 5679 2046 5676 2050 5680 2050 5680 2046 5676 1987 5681 2050 5682 1987 5683 1989 5684 2050 5680 1989 5685 2051 5686 2051 5686 1989 5687 2052 5688 2052 5688 1989 5687 1572 5689 2052 5690 1572 5691 645 5692 2051 5686 2052 5688 2053 5693 2053 5693 2052 5688 1990 5582 1990 5582 2052 5688 645 5581 2053 5693 1990 5582 1991 5583 2053 5693 1991 5583 2054 5694 2054 5694 1991 5583 1992 5584 2054 5694 1992 5584 2055 5695 2055 5695 1992 5584 2056 5696 2056 5696 1992 5584 1993 5585 2056 5696 1993 5585 1994 5590 2056 5696 1994 5590 1995 5592 1995 5592 1994 5590 954 5591 2056 5696 1995 5592 2057 5697 2057 5697 1995 5592 1996 5593 2057 5697 1996 5593 2058 5698 2058 5698 1996 5593 1998 5595 1998 5595 1996 5593 1997 5594 2058 5698 1998 5595 2059 5699 2059 5699 1998 5595 1999 5596 2059 5699 1999 5596 2000 5597 2059 5699 2000 5597 2060 5700 2060 5700 2000 5597 2001 5598 2060 5700 2001 5598 2061 5701 2061 5701 2001 5598 2002 5599 2061 5701 2002 5599 2062 5702 2062 5702 2002 5599 2063 5703 2063 5703 2002 5599 2064 5704 2064 5704 2002 5599 2003 5600 2064 5704 2003 5600 2065 5705 2065 5705 2003 5600 2005 5602 2005 5602 2003 5600 2004 5601 2065 5705 2005 5602 2006 5603 2065 5705 2006 5603 2066 5706 2066 5706 2006 5603 2067 5707 2067 5707 2006 5603 2068 5708 2068 5708 2006 5603 2007 5604 2068 5708 2007 5604 2069 5709 2069 5709 2007 5604 2008 5605 2069 5709 2008 5605 2070 5710 2070 5710 2008 5605 2009 5606 2070 5710 2009 5606 2071 5711 2071 5711 2009 5606 2010 5607 2010 5607 2009 5606 1960 5712 2071 5711 2010 5607 2015 5616 2071 5711 2015 5616 2072 5713 2072 5713 2015 5616 2073 5714 2073 5714 2015 5616 2074 5715 2074 5715 2015 5616 2016 5617 2074 5715 2016 5617 2075 5716 2075 5716 2016 5617 2076 5717 2076 5717 2016 5617 2018 5619 2076 5717 2018 5619 2030 5642 2030 5642 2018 5619 2029 5641 2029 5641 2018 5619 2028 5639 2028 5639 2018 5619 2027 5636 2027 5636 2018 5619 2019 5620 2027 5636 2019 5620 2021 5622 2027 5636 2021 5622 2026 5633 2076 5717 2030 5642 2077 5718 2077 5718 2030 5642 2078 5719 2079 5720 2031 5643 2032 5644 2079 5720 2032 5644 2080 5721 2080 5721 2032 5644 2033 5645 2080 5721 2033 5645 2035 5647 2035 5647 2033 5645 2034 5646 2080 5721 2035 5647 2081 5722 2081 5722 2035 5647 2036 5648 2081 5722 2036 5648 2082 5723 2082 5723 2036 5648 2037 5649 2082 5723 2037 5649 42 52 42 52 2037 5649 40 50 2081 5722 2082 5723 2083 5724 2083 5724 2082 5723 2084 5725 2084 5725 2082 5723 2085 5726 2085 5726 2082 5723 42 52 2085 5726 42 52 2038 5727 2085 5726 2038 5659 2039 5658 2085 5726 2039 5658 2086 5728 2086 5728 2039 5729 2087 5730 2087 5731 2039 5732 2040 5733 2087 5731 2040 5733 2041 5734 2088 5735 2043 5664 1577 5736 1577 5736 2043 5664 388 5665 1579 5737 1580 5667 2044 5672 1579 5737 2044 5672 1578 5738 1578 5738 2044 5672 1577 5736 1577 5736 2044 5672 343 5739 343 5739 2044 5672 322 5740 322 5741 2044 5672 326 5742 326 5742 2044 5672 2089 5743 2089 5743 2044 5672 581 5744 581 5744 2044 5672 582 5745 582 5745 2044 5672 1714 5746 1714 5746 2044 5672 1406 5747 1406 5747 2044 5672 2090 5748 2090 5748 2044 5672 2091 5749 2091 5749 2044 5672 2047 5677 2047 5677 2044 5672 2045 5673 1406 5747 2090 5748 1407 5750 1407 5750 2090 5748 2092 5751 2092 5751 2090 5748 2093 5752 2093 5752 2090 5748 2094 5753 2094 5753 2090 5748 2095 5754 2095 5754 2090 5748 2091 5755 2094 5756 2095 5757 2096 5758 2094 5756 2096 5758 2097 5759 2093 5752 2094 5753 2097 5760 1407 5750 2092 5751 1715 5761 1715 5761 2092 5751 1713 5762 1713 5762 2092 5751 2098 5763 1713 5762 2098 5763 1712 5764 1712 5764 2098 5763 2089 5743 1712 5764 2089 5743 581 5744 326 5742 2089 5743 356 5765 356 5765 2089 5743 2099 5766 356 5765 2099 5766 351 5767 351 5767 2099 5766 2100 5768 351 5767 2100 5768 1576 5769 1576 5769 2100 5768 363 5770 363 5770 2100 5768 2088 5735 363 5770 2088 5735 1577 5736 363 5770 1577 5736 343 5739 2091 5771 2047 5677 2101 5772 2101 5772 2047 5677 2048 5678 2101 5773 2048 5678 2060 5700 2060 5700 2048 5678 2059 5699 2059 5699 2048 5678 2049 5679 2059 5699 2049 5679 2102 5774 2102 5774 2049 5679 2103 5775 2103 5775 2049 5679 2051 5686 2051 5686 2049 5679 2050 5680 2103 5775 2051 5686 2053 5693 2103 5775 2053 5693 2054 5694 2103 5775 2054 5694 2104 5776 2104 5776 2054 5694 2055 5695 2104 5776 2055 5695 2105 5777 2105 5777 2055 5695 2057 5697 2057 5697 2055 5695 2056 5696 2105 5777 2057 5697 2058 5698 2105 5777 2058 5698 2059 5699 2105 5777 2059 5699 2102 5774 2105 5777 2102 5774 2104 5776 2104 5776 2102 5774 2103 5775 2091 5778 2101 5779 2095 5780 2101 5781 2060 5700 2106 5782 2106 5782 2060 5700 2061 5701 2106 5782 2061 5701 2062 5702 2106 5782 2062 5702 2063 5703 2106 5782 2063 5703 2107 5783 2107 5783 2063 5703 2108 5784 2108 5784 2063 5703 2064 5704 2108 5784 2064 5704 2109 5785 2109 5785 2064 5704 2065 5705 2109 5785 2065 5705 2066 5706 2109 5785 2066 5706 2110 5786 2110 5786 2066 5706 2111 5787 2111 5787 2066 5706 2112 5788 2112 5788 2066 5706 2067 5707 2112 5788 2067 5707 2113 5789 2113 5789 2067 5707 2068 5708 2113 5789 2068 5708 2114 5790 2114 5790 2068 5708 2069 5709 2114 5790 2069 5709 2115 5791 2115 5791 2069 5709 2070 5710 2115 5791 2070 5710 2071 5711 2115 5791 2071 5711 2114 5790 2114 5790 2071 5711 2116 5792 2116 5792 2071 5711 2072 5713 2116 5792 2072 5713 2117 5793 2117 5793 2072 5713 2118 5794 2118 5794 2072 5713 2119 5795 2119 5795 2072 5713 2073 5714 2119 5795 2073 5714 2120 5796 2120 5796 2073 5714 2074 5715 2120 5796 2074 5715 2075 5716 2120 5796 2075 5716 2077 5718 2077 5718 2075 5716 2076 5717 2120 5796 2077 5718 2121 5797 2121 5797 2077 5718 2078 5719 2121 5798 2078 5799 2031 5800 2122 5801 2079 5720 2123 5802 2123 5802 2079 5720 2124 5803 2124 5803 2079 5720 2086 5728 2086 5728 2079 5720 2081 5722 2081 5722 2079 5720 2080 5721 2086 5728 2081 5722 2083 5724 2086 5728 2083 5724 2084 5725 2086 5728 2084 5725 2085 5726 2124 5803 2086 5728 2125 5804 2125 5804 2086 5728 2087 5730 2124 5803 2125 5804 2126 5805 2126 5805 2125 5804 2127 5806 2127 5806 2125 5804 1647 5807 1647 5807 2125 5804 1645 5808 1645 5808 2125 5804 2128 5809 2128 5809 2125 5804 2087 5730 2128 5809 2087 5810 2041 5811 2128 5809 2041 5811 1643 5812 1643 5813 2041 5814 1984 5815 1643 5813 1984 5815 1641 5816 1641 5816 1984 5815 1985 5817 1641 5816 1985 5817 1639 5818 1639 5818 1985 5817 1637 5819 1637 5819 1985 5817 2042 5820 1637 5819 2042 5820 2043 5821 1637 5819 2043 5821 1635 5822 1635 5822 2043 5821 2088 5823 1635 5822 2088 5823 1636 5824 1636 5824 2088 5823 1638 5825 1638 5825 2088 5823 2100 5826 1638 5825 2100 5826 1640 5827 1640 5827 2100 5826 2099 5828 1640 5827 2099 5828 1642 5829 1642 5829 2099 5828 2089 5830 1642 5829 2089 5830 1644 5831 1644 5831 2089 5830 2098 5832 1644 5831 2098 5832 1646 5833 1646 5833 2098 5832 2092 5834 1646 5833 2092 5834 1648 5835 1648 5835 2092 5834 2093 5836 1648 5835 2093 5836 1650 5837 1650 5837 2093 5836 2129 5838 2129 5838 2093 5836 2097 5839 2129 5838 2097 5839 2130 5840 2129 5838 2130 5840 2131 5841 2131 5841 2130 5840 2132 5842 2132 5842 2130 5840 2110 5786 2110 5786 2130 5840 2133 5843 2133 5843 2130 5840 2134 5844 2133 5843 2134 5844 2096 5845 2096 5845 2134 5844 2097 5846 2133 5843 2096 5845 2095 5847 2133 5843 2095 5847 2135 5848 2135 5848 2095 5847 2107 5783 2107 5783 2095 5847 2106 5782 2106 5782 2095 5847 2101 5849 2135 5848 2107 5783 2109 5785 2109 5785 2107 5783 2108 5784 2135 5848 2109 5785 2110 5786 2135 5848 2110 5786 2133 5843 2132 5842 2110 5786 2111 5787 2132 5842 2111 5787 2136 5850 2136 5850 2111 5787 2112 5788 2136 5850 2112 5788 2137 5851 2137 5851 2112 5788 2138 5852 2138 5852 2112 5788 2113 5789 2138 5852 2113 5789 2118 5794 2118 5794 2113 5789 2117 5793 2117 5793 2113 5789 2114 5790 2117 5793 2114 5790 2116 5792 2138 5852 2118 5794 2119 5795 2138 5852 2119 5795 2139 5853 2139 5853 2119 5795 2140 5854 2140 5854 2119 5795 2120 5796 2140 5854 2120 5796 2121 5797 2141 5855 2121 5856 2142 5857 2142 5857 2121 5856 2143 5858 2143 5858 2121 5856 2123 5802 2123 5802 2121 5856 2122 5801 2122 5801 2121 5856 2031 5859 2143 5858 2123 5802 2124 5803 2143 5858 2124 5803 2126 5805 2143 5858 2126 5805 2141 5860 2141 5860 2126 5805 2144 5861 2144 5861 2126 5805 2127 5806 2144 5861 2127 5806 2145 5862 2145 5862 2127 5806 1649 5863 1649 5863 2127 5806 1647 5807 1643 5812 1645 5808 2128 5809 1652 5864 1650 5837 2131 5841 2131 5841 1650 5837 2129 5838 1652 5864 2131 5841 2145 5862 2145 5862 2131 5841 2146 5865 2146 5865 2131 5841 2132 5842 2146 5865 2132 5842 2147 5866 2147 5866 2132 5842 2137 5851 2137 5851 2132 5842 2136 5850 2147 5866 2137 5851 2139 5853 2139 5853 2137 5851 2138 5852 2147 5866 2139 5853 2140 5854 2147 5866 2140 5854 2148 5867 2148 5867 2140 5854 2149 5868 2149 5868 2140 5854 2141 5869 2141 5869 2140 5854 2121 5870 2148 5867 2141 5860 2144 5861 2148 5867 2144 5861 2146 5865 2146 5865 2144 5861 2145 5862 2148 5867 2146 5865 2147 5866 1652 5864 2145 5862 1651 5871 1651 5871 2145 5862 1649 5863 1982 5560 2040 5661 2039 5872 1989 5873 1987 5874 2150 5875 2150 5875 1987 5874 1939 5876 1939 5877 1987 5878 1988 5879 1965 5534 1966 5535 95 5880 1964 5533 1965 5534 95 5880 61 5530 1964 5532 77 5881 77 5881 1964 5532 95 5882 871 5425 850 5883 1922 5424 94 5412 93 5408 1916 5411 1916 5411 93 5408 1915 5409 1738 4926 1904 5391 921 5884 1738 4926 921 5884 1737 4925 1737 4925 921 5884 1736 4924 1736 4924 921 5884 920 5885 1736 4924 920 5885 572 5886 1736 4924 572 5887 785 4965 785 4965 572 5887 677 5888 677 5888 572 5887 678 5889 678 5889 572 5887 574 5890 785 4965 677 5888 674 5891 1780 5039 1754 4970 2151 5892 2151 5892 1754 4970 1757 4996 1757 4996 1754 4970 1756 4989 2151 5892 1757 4996 1758 4997 2151 5892 1758 4997 2152 5893 2152 5893 1758 4997 1759 4998 2152 5893 1759 4998 1769 5011 1769 5011 1759 4998 1760 5000 1769 5011 1760 5000 1767 5009 1767 5009 1760 5000 1762 5003 1762 5003 1760 5000 1761 5001 2152 5893 1769 5011 1771 5013 2152 5893 1771 5013 2151 5892 2151 5892 1771 5013 2153 5894 2153 5894 1771 5013 1772 5014 2153 5894 1772 5014 1779 5038 1779 5038 1772 5014 1778 5036 1778 5036 1772 5014 1774 5018 1774 5018 1772 5014 1773 5015 1778 5036 1774 5018 1777 5035 1777 5035 1774 5018 1775 5019 2153 5894 1779 5038 1780 5039 2153 5894 1780 5039 2151 5892 1744 4957 1745 4958 2154 5895 2154 5895 1745 4958 1896 5896 2154 5895 1896 5897 2155 5898 2154 5895 2155 5898 1742 4955 1742 4955 2155 5898 1704 5899 1704 5899 2155 5898 1709 5900 1709 5901 2155 5902 1896 5903 1709 5904 1896 5905 2156 5906 2156 5906 1896 5905 2157 5907 2156 5906 2157 5907 416 5908 416 5908 2157 5907 2158 5909 2158 5909 2157 5907 1895 5910 1895 5910 2157 5907 1896 5911 416 5908 2158 5909 428 5912 2156 5906 416 5908 415 5913 2156 5914 415 5915 1709 5916 1742 4955 1704 5899 1686 4954 2154 5895 1742 4955 1743 4956 2154 5895 1743 4956 1744 4957 806 5917 665 5918 641 5919 641 5919 665 5918 664 5920 641 5919 664 5920 1596 5921 1596 5921 664 5920 1597 5922 609 5923 570 5924 610 5925 610 5926 570 5927 569 5928 610 5926 569 5928 1219 5929 657 5930 615 5931 659 5932 659 5933 615 5934 614 5935 659 5936 614 5937 1594 5938 654 5939 1088 5940 637 5941 637 5942 1088 5943 619 5944 1220 5945 640 5946 1224 5947 1224 5947 640 5946 601 5948 1224 5949 601 5950 520 5951 542 5952 652 5953 1221 5954 1221 5954 652 5953 640 5955 1221 5956 640 5957 1220 5958 621 5959 620 5960 1072 5961 1072 5962 620 5963 1356 5964 742 5965 1484 5966 738 5967 738 5967 1484 5966 1497 5968 738 5967 1497 5968 1542 5969 1593 5970 660 5971 1594 5972 1594 5972 660 5971 659 5973 681 5974 644 5975 630 5976 630 5976 644 5975 608 5977 630 5976 608 5977 607 5978 1326 5979 2159 5980 690 5981 690 5981 2159 5980 691 5982 669 5983 635 5984 679 5985 679 5986 635 5987 624 5988 649 5989 648 5990 1113 5991 1113 5991 648 5990 1114 5992 649 5993 696 5994 650 5995 650 5996 696 5997 1098 5998 598 5999 670 6000 592 6001 592 6001 670 6000 669 6002 592 6001 669 6002 680 6003 680 6003 669 6002 679 6004 638 6005 641 6006 673 6007 673 6008 641 6009 1596 6010 567 6011 653 6012 541 6013 541 6013 653 6012 652 6014 541 6015 652 6016 542 6017 467 6018 728 6019 544 6020 544 6021 728 6022 470 6023 544 6024 470 6025 466 6026 633 6027 673 6028 579 6029 579 6030 673 6031 686 6032 1009 6033 1007 6034 1199 6035 1199 6035 1007 6034 1192 6036 1192 6036 1007 6034 1006 6037 1192 6036 1006 6037 1189 6038 1189 6038 1006 6037 1004 6039 1189 6038 1004 6039 1186 6040 1186 6040 1004 6039 1002 6041 1186 6040 1002 6041 1182 6042 1182 6042 1002 6041 1000 6043 1182 6042 1000 6043 1179 6044 1179 6044 1000 6043 999 6045 1179 6044 999 6045 1198 6046 1198 6046 999 6045 997 6047 1198 6046 997 6047 1206 6048 1206 6048 997 6047 996 6049 1206 6048 996 6049 1207 6050 1207 6050 996 6049 973 6051 1207 6050 973 6051 1208 6052 1208 6052 973 6051 975 6053 1208 6052 975 6053 1205 6054 1205 6054 975 6053 976 6055 1205 6054 976 6055 1197 6056 1197 6056 976 6055 978 6057 1197 6056 978 6057 1178 6058 1178 6058 978 6057 980 6059 1178 6060 980 6061 1175 6062 1175 6062 980 6061 982 6063 1175 6062 982 6063 1172 6064 1172 6064 982 6063 983 6065 1172 6064 983 6065 1171 6066 1171 6066 983 6065 984 6067 1171 6066 984 6067 1193 6068 1193 6068 984 6067 986 6069 1193 6068 986 6069 1200 6070 1200 6070 986 6069 987 6071 1200 6070 987 6071 1202 6072 1202 6072 987 6071 989 6073 1202 6072 989 6073 1203 6074 1203 6074 989 6073 990 6075 1203 6074 990 6075 1204 6076 1204 6076 990 6075 693 6077 1204 6076 693 6077 1201 6078 1201 6078 693 6077 1009 6033 1201 6078 1009 6033 1199 6035 1115 6079 694 6080 1116 6081 1116 6081 694 6080 696 6082 1450 6083 1448 6084 2160 6085 2160 6085 1448 6084 2161 6086 2161 6086 1448 6084 1447 6087 2161 6086 1447 6087 2162 6088 2162 6088 1447 6087 1446 6089 2162 6088 1446 6089 2163 6090 2163 6090 1446 6089 1444 6091 2163 6092 1444 6093 2164 6094 2164 6094 1444 6093 1443 6095 2164 6094 1443 6095 2165 6096 2165 6096 1443 6095 1442 6097 2165 6096 1442 6097 2166 6098 2166 6098 1442 6097 2167 6099 2167 6099 1442 6097 1441 6100 2167 6099 1441 6100 2168 6101 2168 6101 1441 6100 1439 6102 2168 6103 1439 6104 2169 6105 2169 6105 1439 6104 1438 6106 2169 6105 1438 6106 1436 6107 2169 6108 1436 6109 2170 6110 2170 6110 1436 6109 1432 6111 2170 6110 1432 6111 2171 6112 2171 6112 1432 6111 1431 6113 2171 6112 1431 6113 2172 6114 2172 6114 1431 6113 1460 6115 2172 6114 1460 6115 2173 6116 2173 6116 1460 6115 1459 6117 2173 6116 1459 6117 2174 6118 2174 6118 1459 6117 1458 6119 2174 6118 1458 6119 2175 6120 2175 6120 1458 6119 1457 6121 2175 6120 1457 6121 2176 6122 2176 6122 1457 6121 2177 6123 2177 6123 1457 6121 1455 6124 2177 6123 1455 6124 2178 6125 2178 6125 1455 6124 1454 6126 2178 6125 1454 6126 2179 6127 2179 6127 1454 6126 1451 6128 2179 6127 1451 6128 1450 6083 2179 6127 1450 6083 2160 6085 236 6129 235 6130 1411 6131 1411 6132 235 6133 1274 6134 300 6135 302 6136 702 6137 702 6137 302 6136 703 6138 206 6139 205 6140 1611 6141 1611 6142 205 6143 1103 6144 1611 6145 1103 6146 1108 6147 809 6148 823 6149 734 6150 734 6150 823 6149 819 6151 734 6150 819 6151 724 6152 724 6152 819 6151 722 6153 723 6154 824 6155 736 6156 736 6156 824 6155 821 6157 736 6156 821 6157 1125 6158 1125 6158 821 6157 1542 6159 1542 6159 821 6157 820 6160 1542 6159 820 6160 811 6161 1542 6159 811 6161 738 6162 738 6162 811 6161 810 6163 819 6164 821 6165 722 6166 722 6167 821 6168 824 6169 234 6170 682 6171 1610 6172 1610 6173 682 6174 751 6175 717 6176 747 6177 718 6178 718 6179 747 6180 1424 6181 718 6182 1424 6183 1608 6184 1145 2100 839 1397 772 6185 772 1280 839 6186 1158 6187 772 1280 1158 6187 759 1253 759 1253 1158 6187 760 1254 925 6188 927 6189 942 6190 942 6191 927 6192 944 6193 733 6194 713 6195 731 6196 731 6196 713 6195 715 6197 1121 6198 788 6199 1120 6200 1120 6201 788 6202 787 6203 1120 6204 787 6205 1122 6206 1141 6207 774 6208 1612 6209 1612 6209 774 6208 773 6210 1612 6211 773 6212 833 6213 1275 6214 825 6215 1277 6216 1277 6216 825 6215 749 6217 1277 6216 749 6217 222 6218 222 6218 749 6217 1216 6219 222 6220 1216 6221 223 6222 223 6223 1216 6224 1057 6225 223 6223 1057 6225 1055 6226 887 6227 889 3003 2180 6228 2180 6228 889 3003 1416 3005 2180 6228 1416 3005 2181 6229 2181 6229 1416 3005 1336 6230 2181 6229 1336 6230 1333 6231 2180 6228 2181 6229 784 6232 784 6232 2181 6229 1333 6233 2180 6228 784 6232 887 6227 721 6234 720 6235 622 6236 740 6237 743 6238 739 6239 739 6240 743 6241 742 6242 736 6243 755 6244 737 6245 737 6246 755 6247 743 6248 737 6246 743 6248 740 6249 1096 6250 1309 6251 1098 6252 1098 6252 1309 6251 805 6253 1098 6252 805 6253 650 6254 1326 6255 633 6256 2159 6257 2159 6258 633 6259 697 6260 2159 6261 697 6262 691 6263 831 6264 804 6265 1375 6266 1375 6267 804 6268 803 6269 1135 6270 1134 6271 786 6272 786 6272 1134 6271 787 6273 1099 6274 1592 6275 1097 6276 1097 6277 1592 6278 793 6279 1097 6280 793 6281 789 6282 809 6283 811 6284 823 6285 823 6286 811 6287 820 6288 822 6289 1143 6290 817 6291 817 6291 1143 6290 603 6292 817 6293 603 6294 602 6295 796 6296 795 6297 838 6298 838 6298 795 6297 815 6299 838 6300 815 6301 1139 6302 143 6303 843 6304 1380 6305 1380 6305 843 6304 845 6306 1390 6307 865 6308 1389 6309 1389 6309 865 6308 864 6310 1389 6311 864 6312 1388 6313 1384 6314 866 6315 1391 6316 1391 6316 866 6315 865 6317 1391 6318 865 6319 1390 6320 1316 2531 1315 2526 916 6321 916 6321 1315 2526 917 6322 873 6323 874 6324 884 6325 884 6325 874 6324 907 6326 2160 2445 2161 2445 2179 2445 2179 6327 2161 6327 2162 6327 2179 6328 2162 6328 2178 6328 2178 6329 2162 6329 2163 6329 2178 2445 2163 2445 2177 2445 2177 6330 2163 6330 2164 6330 2177 2445 2164 2445 2176 2445 2176 6331 2164 6331 2165 6331 2176 6332 2165 6332 2175 6332 2175 6333 2165 6333 2166 6333 2175 2445 2166 2445 2174 2445 2174 6334 2166 6334 2167 6334 2174 2445 2167 2445 2173 2445 2173 6335 2167 6335 2168 6335 2173 2445 2168 2445 2172 2445 2172 6336 2168 6336 2169 6336 2172 2445 2169 2445 2171 2445 2171 2445 2169 2445 2170 2445 515 6337 1403 6338 516 6339 516 6339 1403 6338 1590 6340 516 6341 1590 6342 517 6343 913 6344 912 6345 1149 6346 1149 6347 912 6348 2182 6349 939 6350 952 6351 1370 6352 1370 6353 952 6354 1428 6355 1428 6356 943 6357 1370 6358 1370 6358 943 6357 945 6359 300 3316 932 3314 934 3315 934 6360 932 6361 1476 6362 1428 6363 952 6364 1427 6365 1427 6365 952 6364 938 6366 1427 6365 938 6366 1618 6367 1618 6367 938 6366 958 6368 906 1514 909 1513 919 6369 919 6369 909 1513 914 6370 914 6370 909 1513 910 6371 914 6370 910 6371 1559 6372 914 6370 1559 6372 912 6373 912 6373 1559 6372 2182 6374 2182 6374 1559 6372 2183 6375 2183 6375 1559 6372 947 6376 2182 6374 2183 6375 890 6377 890 6377 2183 6375 1617 6378 1617 6378 2183 6375 1426 6379 1617 6378 1426 6379 906 6380 1617 6378 906 6380 901 6381 901 3081 906 6382 919 3079 1388 6383 864 6384 1387 6385 1387 6385 864 6384 870 6386 1387 6387 870 6388 1386 6389 880 6390 904 6391 886 6392 886 6392 904 6391 882 6393 942 6394 944 6395 956 6396 956 6396 944 6395 1321 6397 956 6396 1321 6397 957 6398 949 6399 951 6400 941 6401 941 6401 951 6400 925 6402 947 1567 885 1566 2183 6403 2183 6403 885 1566 911 6404 2183 6405 911 6406 1426 6407 1386 6408 870 6409 1385 6410 1385 6410 870 6409 866 6411 1385 6412 866 6413 1384 6414 1618 6415 1367 6416 1427 6417 1427 6418 1367 6419 1368 6420 1149 6421 2182 6422 892 6423 892 6424 2182 6425 890 6426</p>
        </triangles>
      </mesh>
    </geometry>
    <geometry id="polygons_013-mesh" name="polygons.013">
      <mesh>
        <source id="polygons_013-mesh-positions">
          <float_array id="polygons_013-mesh-positions-array" count="384">-0.06456899 0.01073467 0 -0.06827199 0.01702266 0 -0.06019967 0.01265966 0 -0.04815965 0.01489979 0 -0.04269999 0.015697 0 -0.04525768 0.0077039 0 0.02517998 0.00841397 0 0.02782469 3e-6 0 0.02187496 0.02100396 0 0.04894596 0.01246666 0 0.05109965 0.02100396 0 0.04514998 3e-6 0 -0.008048951 3e-6 0 -0.01329869 3e-6 0 -0.01329869 0.02099967 0 -0.038993 0.003503978 0 -0.04640597 0.003503978 0 -0.04014068 0.0077039 0 0.06439995 3e-6 0 0.06999999 3e-6 0 0.06355595 0.003501892 0 -0.03114998 0.005078971 0 -0.03114998 4.41e-4 0 -0.03001195 0.00484997 0 -0.01657998 0.007396996 0 -0.01656198 0.004181981 0 -0.02276295 0.007284939 0 0.023274 3e-6 0 0.01683098 0.003501892 0 0.01767385 3e-6 0 0.01568299 0.00770092 0 0.020859 0.008537948 0 0.01312267 0.015697 0 0.009416997 0.003501892 0 0.01056498 0.00770092 0 0.004199922 0.02100199 0 -0.005989909 0.0150038 0 -0.001923978 0.02100199 0 -0.05757468 0.008402943 0 -0.05757468 0 0 -0.06282496 0.008402943 0 -0.06282496 0 0 -0.06342101 0.01927065 0 -0.06999999 0.02100396 0 -0.064049 0.02100396 0 -0.03805989 0.01694095 0 -0.03496474 0.008537948 0 -0.03254896 3e-6 0 -0.05173569 0.004292905 0 -0.05284899 3e-6 0 -0.04724884 3e-6 0 0.02747488 0.02100396 0 0.0508129 0.004292905 0 0.04969877 3e-6 0 0.05614197 0.003501892 0 0.05529898 3e-6 0 -0.01714998 0.02056694 0 -0.02224195 0.02113986 0 -0.029383 0.02038764 0 -0.02704 0.02100396 0 -0.008048951 0.01050066 0 -0.05039978 0.02100396 0 -0.05634999 0.02100396 0 -0.05213969 0.01699799 0 -0.05846267 0.01590687 0 -0.05503875 0.01192265 0 0.05728965 0.00770092 0 0.06240898 0.00770092 0 0.05438894 0.01489979 0 0.05984896 0.015697 0 0.06758499 0.008537948 0 0.06448996 0.01694095 0 0.05704993 0.02100396 0 0.06264996 0.02100396 0 -0.03989994 0.02100396 0 -0.04549795 0.02100396 0 -0.03814888 3e-6 0 0.03359884 3e-6 0 0.03064388 0.006788969 0 0.03937464 3e-6 0 0.03902477 0.02100396 0 0.03648698 0.0115 0 0.03394997 0.02100396 0 0.03208673 0.01247096 0 -0.03018265 0.01085597 0 -0.02852499 0.009804964 0 -0.01752769 0.009616971 0 -0.03102988 0.01186299 0 -0.01866096 0.01060998 0 0.04549998 0.02100396 0 0.04233098 0.006788969 0 0.04023391 0.01525866 0 -0.01977568 0.01120299 0 -0.02340495 0.01275998 0 -0.03171396 0.01370877 0 -0.02618497 0.01426595 0 -0.03184998 0.01505899 0 -0.026425 0.01534169 0 -0.03181684 0.01612699 0 -0.02549088 0.01657396 0 -0.03116399 0.01864296 10e-5 -0.02395898 0.01669198 0 -0.01795578 0.01609897 10e-5 -0.02497196 0.008281946 0 -0.02186596 0.005852997 10e-5 -0.02280879 0.004410982 0 -0.02415066 0.004324913 0 -0.02649295 -1.1e-4 0 -0.02144098 -1.6e-5 0 -0.01893097 6.03e-4 0 -0.01724869 0.002126932 10e-5 2.4e-4 0.015055 0 0.003609955 0.01997464 0 -0.002799928 0.01146394 0 -0.008048951 0.0126 0 -0.001749992 3e-6 0 0.004375994 3e-6 0 -0.002809882 0.002206981 0 0.003449976 0.001950979 0 -0.005888998 0.007554948 0 -3.26e-4 0.008237957 0 0.004086971 0.004292905 0 0.008573949 3e-6 0 -0.008048951 0.02099967 0 0.01592367 0.02100396 0 0.01776397 0.01694095 0 0.007662892 0.01489979 0 0.010324 0.02100396 0</float_array>
          <technique_common>
            <accessor source="#polygons_013-mesh-positions-array" count="128" stride="3">
              <param name="X" type="float"/>
              <param name="Y" type="float"/>
              <param name="Z" type="float"/>
            </accessor>
          </technique_common>
        </source>
        <source id="polygons_013-mesh-normals">
          <float_array id="polygons_013-mesh-normals-array" count="45">0 0 1 0.007461071 0.01491034 0.999861 -0.002199769 0.01812779 0.9998333 -3.01054e-4 0.02054667 0.9997889 0.01369237 0.02336126 0.9996333 0.001220941 -0.01728051 0.99985 0.002393364 -0.03142035 0.9995034 0.01093333 -0.01075804 0.9998825 -0.01287698 -0.02346968 0.9996417 0.02780812 0.02846956 0.9992078 -6.26705e-4 -0.01709556 0.9998537 -0.001090884 -1.37495e-4 0.9999994 8.05029e-4 -0.06072014 0.9981545 -0.01024061 0.025146 0.9996314 -0.003351867 0.01438337 0.9998911</float_array>
          <technique_common>
            <accessor source="#polygons_013-mesh-normals-array" count="15" stride="3">
              <param name="X" type="float"/>
              <param name="Y" type="float"/>
              <param name="Z" type="float"/>
            </accessor>
          </technique_common>
        </source>
        <vertices id="polygons_013-mesh-vertices">
          <input semantic="POSITION" source="#polygons_013-mesh-positions"/>
        </vertices>
        <triangles material="Material_002-material" count="122">
          <input semantic="VERTEX" source="#polygons_013-mesh-vertices" offset="0"/>
          <input semantic="NORMAL" source="#polygons_013-mesh-normals" offset="1"/>
          <p>0 0 2 0 1 0 3 0 5 0 4 0 6 0 7 0 8 0 9 0 10 0 11 0 12 0 14 0 13 0 21 0 22 0 23 0 24 0 26 1 25 2 27 0 28 0 29 0 30 0 31 0 32 0 35 0 37 0 36 0 38 0 40 0 39 0 46 0 4 0 17 0 46 0 17 0 47 0 16 0 49 0 50 0 48 0 49 0 16 0 52 0 53 0 54 0 56 3 57 0 58 4 57 0 59 0 58 4 61 0 62 0 63 0 63 0 62 0 64 0 63 0 64 0 65 0 66 0 54 0 67 0 55 0 54 0 53 0 66 0 69 0 68 0 18 0 19 0 20 0 71 0 69 0 70 0 68 0 69 0 72 0 41 0 39 0 40 0 0 0 38 0 2 0 1 0 2 0 42 0 1 0 42 0 43 0 43 0 42 0 44 0 40 0 38 0 0 0 38 0 65 0 2 0 65 0 64 0 2 0 45 0 74 0 4 0 5 0 48 0 16 0 17 0 16 0 15 0 47 0 15 0 76 0 17 0 5 0 16 0 5 0 3 0 48 0 47 0 17 0 15 0 46 0 45 0 4 0 3 0 4 0 75 0 4 0 74 0 75 0 77 0 78 0 7 0 7 0 78 0 51 0 7 0 51 0 8 0 81 0 80 0 82 0 77 0 82 0 83 0 10 0 89 0 11 0 11 0 90 0 79 0 79 0 90 0 91 0 11 0 89 0 90 0 78 0 77 0 83 0 77 0 81 0 82 0 81 0 79 0 80 0 79 0 91 0 80 0 73 0 72 0 69 0 68 0 52 0 66 0 66 0 52 0 54 0 67 0 54 0 20 0 20 0 19 0 67 0 67 0 19 0 70 0 67 0 70 0 69 0 69 0 71 0 73 0 88 0 92 0 87 0 87 0 93 0 94 0 94 0 93 0 95 0 98 5 97 0 99 6 100 7 101 8 58 4 104 9 105 10 25 2 25 2 105 10 106 0 107 0 108 0 22 0 22 11 108 0 109 12 110 13 25 2 22 11 22 11 25 2 106 0 56 3 58 4 102 14 58 4 101 8 102 14 100 7 99 6 101 8 100 7 98 5 99 6 98 5 96 0 97 0 96 0 95 0 97 0 96 0 94 0 95 0 93 0 87 0 92 0 87 0 84 0 88 0 84 0 86 0 88 0 84 0 85 0 86 0 85 0 24 0 86 0 85 0 103 0 24 0 103 0 26 1 24 0 110 13 22 11 109 12 25 2 26 1 104 9 23 0 22 0 106 0 115 0 116 0 117 0 117 0 118 0 119 0 119 0 120 0 60 0 121 0 118 0 122 0 60 0 113 0 114 0 124 0 32 0 125 0 30 0 27 0 31 0 122 0 33 0 121 0 121 0 33 0 34 0 121 0 34 0 126 0 31 0 125 0 32 0 126 0 32 0 127 0 32 0 124 0 127 0 34 0 32 0 126 0 30 0 28 0 27 0 30 0 34 0 28 0 34 0 33 0 28 0 118 0 116 0 122 0 123 0 14 0 114 0 14 0 60 0 114 0 14 0 12 0 60 0 35 0 36 0 112 0 36 0 111 0 112 0 36 0 114 0 111 0 114 0 113 0 111 0 60 0 120 0 113 0 119 0 118 0 120 0 117 0 116 0 118 0</p>
        </triangles>
      </mesh>
    </geometry>
    <geometry id="polygons_014-mesh" name="polygons.014">
      <mesh>
        <source id="polygons_014-mesh-positions">
          <float_array id="polygons_014-mesh-positions-array" count="384">-0.06456899 0.01073467 0 -0.06827199 0.01702266 0 -0.06019967 0.01265966 0 -0.04815965 0.01489979 0 -0.04269999 0.015697 0 -0.04525768 0.0077039 0 0.02517998 0.00841397 0 0.02782469 3e-6 0 0.02187496 0.02100396 0 0.04894596 0.01246666 0 0.05109965 0.02100396 0 0.04514998 3e-6 0 -0.008048951 3e-6 0 -0.01329869 3e-6 0 -0.01329869 0.02099967 0 -0.038993 0.003503978 0 -0.04640597 0.003503978 0 -0.04014068 0.0077039 0 0.06439995 3e-6 0 0.06999999 3e-6 0 0.06355595 0.003501892 0 -0.03114998 0.005078971 0 -0.03114998 4.41e-4 0 -0.03001195 0.00484997 0 -0.01657998 0.007396996 0 -0.01656198 0.004181981 0 -0.02276295 0.007284939 0 0.023274 3e-6 0 0.01683098 0.003501892 0 0.01767385 3e-6 0 0.01568299 0.00770092 0 0.020859 0.008537948 0 0.01312267 0.015697 0 0.009416997 0.003501892 0 0.01056498 0.00770092 0 0.004199922 0.02100199 0 -0.005989909 0.0150038 0 -0.001923978 0.02100199 0 -0.05757468 0.008402943 0 -0.05757468 0 0 -0.06282496 0.008402943 0 -0.06282496 0 0 -0.06342101 0.01927065 0 -0.06999999 0.02100396 0 -0.064049 0.02100396 0 -0.03805989 0.01694095 0 -0.03496474 0.008537948 0 -0.03254896 3e-6 0 -0.05173569 0.004292905 0 -0.05284899 3e-6 0 -0.04724884 3e-6 0 0.02747488 0.02100396 0 0.0508129 0.004292905 0 0.04969877 3e-6 0 0.05614197 0.003501892 0 0.05529898 3e-6 0 -0.01714998 0.02056694 0 -0.02224195 0.02113986 0 -0.029383 0.02038764 0 -0.02704 0.02100396 0 -0.008048951 0.01050066 0 -0.05039978 0.02100396 0 -0.05634999 0.02100396 0 -0.05213969 0.01699799 0 -0.05846267 0.01590687 0 -0.05503875 0.01192265 0 0.05728965 0.00770092 0 0.06240898 0.00770092 0 0.05438894 0.01489979 0 0.05984896 0.015697 0 0.06758499 0.008537948 0 0.06448996 0.01694095 0 0.05704993 0.02100396 0 0.06264996 0.02100396 0 -0.03989994 0.02100396 0 -0.04549795 0.02100396 0 -0.03814888 3e-6 0 0.03359884 3e-6 0 0.03064388 0.006788969 0 0.03937464 3e-6 0 0.03902477 0.02100396 0 0.03648698 0.0115 0 0.03394997 0.02100396 0 0.03208673 0.01247096 0 -0.03018265 0.01085597 0 -0.02852499 0.009804964 0 -0.01752769 0.009616971 0 -0.03102988 0.01186299 0 -0.01866096 0.01060998 0 0.04549998 0.02100396 0 0.04233098 0.006788969 0 0.04023391 0.01525866 0 -0.01977568 0.01120299 0 -0.02340495 0.01275998 0 -0.03171396 0.01370877 0 -0.02618497 0.01426595 0 -0.03184998 0.01505899 0 -0.026425 0.01534169 0 -0.03181684 0.01612699 0 -0.02549088 0.01657396 0 -0.03116399 0.01864296 10e-5 -0.02395898 0.01669198 0 -0.01795578 0.01609897 10e-5 -0.02497196 0.008281946 0 -0.02186596 0.005852997 10e-5 -0.02280879 0.004410982 0 -0.02415066 0.004324913 0 -0.02649295 -1.1e-4 0 -0.02144098 -1.6e-5 0 -0.01893097 6.03e-4 0 -0.01724869 0.002126932 10e-5 2.4e-4 0.015055 0 0.003609955 0.01997464 0 -0.002799928 0.01146394 0 -0.008048951 0.0126 0 -0.001749992 3e-6 0 0.004375994 3e-6 0 -0.002809882 0.002206981 0 0.003449976 0.001950979 0 -0.005888998 0.007554948 0 -3.26e-4 0.008237957 0 0.004086971 0.004292905 0 0.008573949 3e-6 0 -0.008048951 0.02099967 0 0.01592367 0.02100396 0 0.01776397 0.01694095 0 0.007662892 0.01489979 0 0.010324 0.02100396 0</float_array>
          <technique_common>
            <accessor source="#polygons_014-mesh-positions-array" count="128" stride="3">
              <param name="X" type="float"/>
              <param name="Y" type="float"/>
              <param name="Z" type="float"/>
            </accessor>
          </technique_common>
        </source>
        <source id="polygons_014-mesh-normals">
          <float_array id="polygons_014-mesh-normals-array" count="45">0 0 1 0.007461071 0.01491034 0.999861 -0.002199769 0.01812779 0.9998333 -3.01054e-4 0.02054667 0.9997889 0.01369237 0.02336126 0.9996333 0.001220941 -0.01728051 0.99985 0.002393364 -0.03142035 0.9995034 0.01093333 -0.01075804 0.9998825 -0.01287698 -0.02346968 0.9996417 0.02780812 0.02846956 0.9992078 -6.26705e-4 -0.01709556 0.9998537 -0.001090884 -1.37495e-4 0.9999994 8.05029e-4 -0.06072014 0.9981545 -0.01024061 0.025146 0.9996314 -0.003351867 0.01438337 0.9998911</float_array>
          <technique_common>
            <accessor source="#polygons_014-mesh-normals-array" count="15" stride="3">
              <param name="X" type="float"/>
              <param name="Y" type="float"/>
              <param name="Z" type="float"/>
            </accessor>
          </technique_common>
        </source>
        <vertices id="polygons_014-mesh-vertices">
          <input semantic="POSITION" source="#polygons_014-mesh-positions"/>
        </vertices>
        <triangles material="Material_003-material" count="122">
          <input semantic="VERTEX" source="#polygons_014-mesh-vertices" offset="0"/>
          <input semantic="NORMAL" source="#polygons_014-mesh-normals" offset="1"/>
          <p>0 0 2 0 1 0 3 0 5 0 4 0 6 0 7 0 8 0 9 0 10 0 11 0 12 0 14 0 13 0 21 0 22 0 23 0 24 0 26 1 25 2 27 0 28 0 29 0 30 0 31 0 32 0 35 0 37 0 36 0 38 0 40 0 39 0 46 0 4 0 17 0 46 0 17 0 47 0 16 0 49 0 50 0 48 0 49 0 16 0 52 0 53 0 54 0 56 3 57 0 58 4 57 0 59 0 58 4 61 0 62 0 63 0 63 0 62 0 64 0 63 0 64 0 65 0 66 0 54 0 67 0 55 0 54 0 53 0 66 0 69 0 68 0 18 0 19 0 20 0 71 0 69 0 70 0 68 0 69 0 72 0 41 0 39 0 40 0 0 0 38 0 2 0 1 0 2 0 42 0 1 0 42 0 43 0 43 0 42 0 44 0 40 0 38 0 0 0 38 0 65 0 2 0 65 0 64 0 2 0 45 0 74 0 4 0 5 0 48 0 16 0 17 0 16 0 15 0 47 0 15 0 76 0 17 0 5 0 16 0 5 0 3 0 48 0 47 0 17 0 15 0 46 0 45 0 4 0 3 0 4 0 75 0 4 0 74 0 75 0 77 0 78 0 7 0 7 0 78 0 51 0 7 0 51 0 8 0 81 0 80 0 82 0 77 0 82 0 83 0 10 0 89 0 11 0 11 0 90 0 79 0 79 0 90 0 91 0 11 0 89 0 90 0 78 0 77 0 83 0 77 0 81 0 82 0 81 0 79 0 80 0 79 0 91 0 80 0 73 0 72 0 69 0 68 0 52 0 66 0 66 0 52 0 54 0 67 0 54 0 20 0 20 0 19 0 67 0 67 0 19 0 70 0 67 0 70 0 69 0 69 0 71 0 73 0 88 0 92 0 87 0 87 0 93 0 94 0 94 0 93 0 95 0 98 5 97 0 99 6 100 7 101 8 58 4 104 9 105 10 25 2 25 2 105 10 106 0 107 0 108 0 22 0 22 11 108 0 109 12 110 13 25 2 22 11 22 11 25 2 106 0 56 3 58 4 102 14 58 4 101 8 102 14 100 7 99 6 101 8 100 7 98 5 99 6 98 5 96 0 97 0 96 0 95 0 97 0 96 0 94 0 95 0 93 0 87 0 92 0 87 0 84 0 88 0 84 0 86 0 88 0 84 0 85 0 86 0 85 0 24 0 86 0 85 0 103 0 24 0 103 0 26 1 24 0 110 13 22 11 109 12 25 2 26 1 104 9 23 0 22 0 106 0 115 0 116 0 117 0 117 0 118 0 119 0 119 0 120 0 60 0 121 0 118 0 122 0 60 0 113 0 114 0 124 0 32 0 125 0 30 0 27 0 31 0 122 0 33 0 121 0 121 0 33 0 34 0 121 0 34 0 126 0 31 0 125 0 32 0 126 0 32 0 127 0 32 0 124 0 127 0 34 0 32 0 126 0 30 0 28 0 27 0 30 0 34 0 28 0 34 0 33 0 28 0 118 0 116 0 122 0 123 0 14 0 114 0 14 0 60 0 114 0 14 0 12 0 60 0 35 0 36 0 112 0 36 0 111 0 112 0 36 0 114 0 111 0 114 0 113 0 111 0 60 0 120 0 113 0 119 0 118 0 120 0 117 0 116 0 118 0</p>
        </triangles>
      </mesh>
    </geometry>
  </library_geometries>
  <library_visual_scenes>
    <visual_scene id="Scene" name="Scene">
      <node id="f_1-06vxh12-a00_lk4" name="f_1-06vxh12-a00_lk4" type="NODE">
        <matrix sid="transform">1 0 0 -0.795 0 1 0 0 0 0 1 -1.264 0 0 0 1</matrix>
        <instance_geometry url="#polygons_001-mesh" name="f_1-06vxh12-a00_lk4">
          <bind_material>
            <technique_common>
              <instance_material symbol="Surface_1_004-material" target="#Surface_1_004-material"/>
            </technique_common>
          </bind_material>
        </instance_geometry>
      </node>
      <node id="yaskawa_lk4_l" name="yaskawa_lk4_l" type="NODE">
        <matrix sid="transform">-1.5 -1.81802e-14 -1.50996e-7 -0.15 -2.26494e-7 4.23195e-7 1 0.094 4.57205e-14 1.5 -2.8213e-7 0.005 0 0 0 1</matrix>
        <instance_geometry url="#polygons_013-mesh" name="yaskawa_lk4_l">
          <bind_material>
            <technique_common>
              <instance_material symbol="Material_002-material" target="#Material_002-material"/>
            </technique_common>
          </bind_material>
        </instance_geometry>
      </node>
      <node id="yaskawa_lk4_r" name="yaskawa_lk4_r" type="NODE">
        <matrix sid="transform">1.5 0 0 -0.15 0 -4.23195e-7 -1 -0.08400001 0 1.5 -2.8213e-7 0.005 0 0 0 1</matrix>
        <instance_geometry url="#polygons_014-mesh" name="yaskawa_lk4_r">
          <bind_material>
            <technique_common>
              <instance_material symbol="Material_003-material" target="#Material_003-material"/>
            </technique_common>
          </bind_material>
        </instance_geometry>
      </node>
    </visual_scene>
  </library_visual_scenes>
  <scene>
    <instance_visual_scene url="#Scene"/>
  </scene>
</COLLADA>