<?xml version="1.0" encoding="utf-8"?>
<COLLADA xmlns="http://www.collada.org/2005/11/COLLADASchema" version="1.4.1" xmlns:xsi="http://www.w3.org/2001/XMLSchema-instance">
  <asset>
    <contributor>
      <author>Blender User</author>
      <authoring_tool>Blender 4.2.0 commit date:2024-07-16, commit time:06:20, hash:a51f293548ad</authoring_tool>
    </contributor>
    <created>2025-03-21T13:48:13</created>
    <modified>2025-03-21T13:48:13</modified>
    <unit name="meter" meter="1"/>
    <up_axis>Z_UP</up_axis>
  </asset>
  <library_effects>
    <effect id="Surface_1_001-effect">
      <profile_COMMON>
        <technique sid="common">
          <lambert>
            <emission>
              <color sid="emission">0 0 0 1</color>
            </emission>
            <diffuse>
              <color sid="diffuse">0 0.200784 0.4 1</color>
            </diffuse>
            <index_of_refraction>
              <float sid="ior">1</float>
            </index_of_refraction>
          </lambert>
        </technique>
      </profile_COMMON>
    </effect>
  </library_effects>
  <library_images/>
  <library_materials>
    <material id="Surface_1_001-material" name="Surface_1.001">
      <instance_effect url="#Surface_1_001-effect"/>
    </material>
  </library_materials>
  <library_geometries>
    <geometry id="polygons_004-mesh" name="polygons.004">
      <mesh>
        <source id="polygons_004-mesh-positions">
          <float_array id="polygons_004-mesh-positions-array" count="4464">0.8790001 0.05049997 1.264 0.745006 0.060799 1.252359 0.740788 0.05657798 1.275516 0.745842 0.06142497 1.263871 0.8790001 0.04952961 1.254148 0.745042 0.060799 1.275583 0.747005 0.06092488 1.275683 0.8790001 0.04665589 1.244675 0.745006 0.05979889 1.278719 0.746969 0.05814188 1.281155 0.8790001 0.0419892 1.235944 0.744788 0.057235 1.281722 0.744933 0.05438995 1.283624 0.8790001 0.03570884 1.228291 0.74017 0.0540139 1.275683 0.740206 0.05570298 1.252493 0.8790001 0.02805626 1.222011 0.740206 0.0303139 1.275516 0.74017 0.03197091 1.252326 0.8790001 0.01932549 1.217344 0.740788 0.02940696 1.252493 0.745042 0.025186 1.252426 0.8790001 0.009852051 1.21447 0.745842 0.02456092 1.264138 0.745006 0.025186 1.275616 0.8790001 0 1.2135 0.745006 0.05201292 1.283791 0.740279 0.05198192 1.278953 0.8790001 -0.009852051 1.21447 0.74017 0.038037 1.278886 0.740206 0.03619194 1.275816 0.8790001 -0.01932549 1.217344 0.740206 0.04982495 1.252192 0.8790001 -0.02805626 1.222011 0.74017 0.04797995 1.249122 0.747005 0.05407691 1.283524 0.8790001 -0.03570884 1.228291 0.77282 -0.054515 1.225098 0.769439 -0.0540139 1.226966 0.8790001 -0.0419892 1.235944 0.782637 -0.05426496 1.22046 0.755877 -0.054609 1.241882 0.753077 -0.05423295 1.247754 0.8790001 -0.04665589 1.244675 0.762276 -0.05423295 1.233273 0.865318 0.05551499 1.311286 0.8790001 -0.04952961 1.254148 0.871644 0.05548393 1.311319 0.867681 0.05764091 1.308116 0.8790001 -0.05049997 1.264 0.88906 0.05714088 1.264071 0.888515 0.05720388 1.257998 0.8790001 -0.04952961 1.273852 0.888515 0.05720388 1.27001 0.8790001 -0.04665589 1.283326 0.888406 -4.7e-5 1.330039 0.888006 0.021465 1.328003 0.8790001 -0.0419892 1.292056 0.888006 -0.021465 1.328003 0.847974 0.05510896 1.300241 0.8790001 -0.03570884 1.299709 0.847793 0.05998688 1.297005 0.844593 0.060018 1.294936 0.8790001 -0.02805626 1.305989 0.776856 -0.05454593 1.227333 0.776493 -0.05810993 1.229402 0.8790001 -0.01932549 1.310656 0.776093 -0.05776697 1.225632 0.775293 -0.054515 1.225131 0.8790001 -0.009852051 1.31353 0.863609 0.05482697 1.31529 0.86699 0.05588996 1.31509 0.8790001 0 1.3145 0.889024 0.04069495 1.304846 0.888515 0.04657298 1.297739 0.8790001 0.009852051 1.31353 0.888515 0.03378397 1.310519 0.759077 -0.05457699 1.240013 0.761404 -0.05804795 1.242249 0.8790001 0.01932549 1.310656 0.759368 -0.0577979 1.240247 0.761113 -0.054515 1.241782 0.8790001 0.02805626 1.305989 0.793145 -0.054515 1.219959 0.800417 -0.0540139 1.219325 0.8790001 0.03570884 1.299709 0.761113 -0.054515 1.244384 0.8790001 0.0419892 1.292056 0.759949 -0.058079 1.245686 0.748714 -0.048011 1.245118 0.8790001 0.04665589 1.283326 0.747005 -0.0476669 1.249923 0.751878 -0.04769796 1.238512 0.8790001 0.04952961 1.273852 0.758749 -0.054515 1.245819 0.775547 -0.05448293 1.22997 0.777692 -0.03090792 1.20421 0.779838 -0.03356593 1.209982 0.778129 -0.03062593 1.210016 0.839866 0.04600989 1.29914 0.83594 0.05023092 1.287996 0.839176 0.04650998 1.287996 0.797363 -0.054515 1.220793 0.795327 -0.058079 1.218825 0.795617 -0.054452 1.219325 0.786273 -0.03362792 1.204377 0.787655 -0.03175199 1.209982 0.784128 -0.03447192 1.209982 0.839975 0.04335188 1.287996 0.752532 -0.0540139 1.280254 0.750169 -0.0541709 1.264004 0.751914 -0.054515 1.27555 0.836667 0.04457193 1.294102 0.835176 0.04707288 1.293635 0.830777 0.048105 1.293668 0.827686 0.04566591 1.294102 0.832922 0.03791195 1.294102 0.836667 0.04085093 1.293635 0.82885 0.03891193 1.293635 0.827141 0.04188299 1.293601 0.838557 0.04954296 1.297072 0.832376 0.05254495 1.294135 0.781765 -0.03453499 1.204377 0.835503 0.05023092 1.295303 0.828341 0.05235689 1.292901 0.752023 -0.05454593 1.261268 0.753768 -0.05795395 1.261235 0.750969 -0.05795395 1.261969 0.754895 -0.054515 1.262002 0.756095 -0.05804795 1.263904 0.755877 -0.05448293 1.264205 0.797799 -0.05801689 1.221561 0.797544 -0.054515 1.223129 0.889024 -0.009489953 1.320829 0.888515 1.6e-5 1.321497 0.888515 -0.01768195 1.318727 0.832413 0.06398898 1.284559 0.84292 0.063551 1.286494 0.860118 0.06398898 1.286794 0.750569 -0.05810993 1.265739 0.751659 -0.054515 1.26654 0.792272 -0.0577349 1.22116 0.792236 -0.054515 1.221995 0.817651 -0.054515 1.225298 0.808852 -0.05435788 1.221261 0.82056 -0.0540139 1.226966 0.787582 -0.02731198 1.210016 0.78431 -0.02471697 1.210016 0.788346 -0.02499788 1.210016 0.788564 -0.03390896 1.210016 0.785728 -0.03616088 1.209949 0.790164 -0.0293129 1.209849 0.779947 -0.03612893 1.210016 0.776129 -0.03165799 1.209982 0.77842 -0.02731198 1.210016 0.777656 -0.02499788 1.210016 0.780819 -0.02499788 1.210016 0.776311 -0.02743697 1.210016 0.757259 -0.054515 1.287495 0.755877 -0.054515 1.28576 0.790745 -0.02515488 1.219826 0.791073 -0.02765589 1.216122 0.788564 -0.02534192 1.215555 0.7930001 -0.03243988 1.21412 0.790709 -0.031596 1.212418 0.7926 -0.03700488 1.214053 0.794418 -0.03428488 1.214253 0.793181 -0.05810993 1.22443 0.795327 -0.05432695 1.224764 0.793072 -0.05454593 1.223963 0.797072 -0.0577979 1.224063 0.788164 -0.02943789 1.204343 0.7862 -0.02537298 1.204377 0.789691 -0.03465998 1.213052 0.882006 0.05520296 1.317292 0.882515 0.05216991 1.320195 0.882188 0.05592197 1.314156 0.777074 -0.0302509 1.257798 0.771002 -0.0310949 1.251024 0.780638 -0.03096991 1.261101 0.76224 -0.05423295 1.294736 0.827686 -0.05426496 1.233273 0.860591 0.0486359 1.315324 0.866336 0.0494489 1.320195 0.8639 0.05151289 1.319094 0.758204 -0.05814188 1.288096 0.75984 -0.05454593 1.287595 0.882006 0.03869295 1.319428 0.882152 0.03215897 1.322898 0.882334 0.04338389 1.318393 0.761513 -0.05448293 1.284625 0.761404 -0.05776697 1.28576 0.76064 -0.05804795 1.283091 0.888515 0.06223791 1.28933 0.888006 0.06398898 1.28546 0.888115 0.05760991 1.298506 0.814197 -0.058079 1.230103 0.815433 -0.05448293 1.230537 0.813288 -0.054515 1.228101 0.882043 0.053608 1.308116 0.882515 0.059174 1.296204 0.882043 0.05470198 1.303612 0.813215 -0.05776697 1.226833 0.882515 0.054452 1.306381 0.882006 0.029751 1.3246 0.882443 0.021465 1.328003 0.756386 -0.054515 1.283257 0.757913 -0.05776697 1.282256 0.755659 -0.05804795 1.284892 0.759404 -0.054609 1.282156 0.803944 -0.054515 1.23057 0.829977 -0.054452 1.246219 0.812306 -0.054515 1.23404 0.888478 0.05413889 1.304513 0.887897 0.05442088 1.308116 0.826195 -0.05392098 1.222695 0.838521 -0.05410796 1.252826 0.834303 -0.05413997 1.242516 0.837503 -0.02299696 1.214554 0.834703 -0.027875 1.215254 0.829868 -0.02352899 1.219859 0.790164 0.05288892 1.286794 0.793581 0.05201292 1.287795 0.803907 0.05398297 1.290932 0.745078 0.03378397 1.250724 0.744933 0.03156393 1.244384 0.744715 0.03356593 1.248355 0.888042 -0.05448293 1.304446 0.888478 -0.05592197 1.300041 0.888587 -0.05582791 1.314957 0.787582 0.0540139 1.289764 0.789691 0.0540139 1.290465 0.792382 0.0540139 1.291132 0.747005 0.02499788 1.246853 0.747005 0.02499788 1.253994 0.746969 0.02596795 1.249389 0.747005 0.02821898 1.244751 0.747005 0.02912592 1.245919 0.747042 0.033378 1.244051 0.747005 0.03106397 1.244184 0.833613 -0.054515 1.244751 0.832085 -0.05776697 1.245752 0.83434 -0.05804795 1.243116 0.882115 0.05023092 1.207947 0.882043 0.04413396 1.210383 0.882043 0.04044389 1.209549 0.859573 -0.04363393 1.320095 0.858009 -0.04303991 1.328037 0.857246 -0.042445 1.317693 0.863318 -0.0439459 1.328003 0.863209 -0.04425895 1.322831 0.861827 -0.04541593 1.31786 0.856737 -0.04457193 1.315123 0.855828 -0.04053795 1.319294 0.882006 0.05301398 1.209148 0.882006 0.054609 1.209949 0.882515 0.04238289 1.209549 0.741333 0.032471 1.250924 0.741588 0.03350293 1.248155 0.741406 0.0310949 1.246219 0.74137 0.03003191 1.251758 0.741333 0.02849996 1.246987 0.741552 0.02749997 1.24969 0.745006 0.0340029 1.244184 0.740279 0.03406596 1.249056 0.744933 0.02812492 1.250824 0.745224 0.031533 1.252392 0.74566 0.04288291 1.243684 0.864918 -0.04629099 1.320295 0.744897 0.02724999 1.247854 0.744678 0.03169 1.246386 0.827759 -0.02190291 1.224164 0.824341 -0.02365398 1.222028 0.791654 -0.02499788 1.228802 0.794345 -0.02571696 1.228935 0.806416 -0.02499788 1.230403 0.819542 -0.05482697 1.239379 0.869862 -0.03506588 1.324066 0.867063 -0.04238289 1.323499 0.866954 -0.04416489 1.320696 0.776893 -0.02809399 1.254628 0.781001 -0.02615499 1.255829 0.778165 -0.02490395 1.253026 0.882479 0.056234 1.211951 0.785291 -0.02990692 1.257698 0.887897 0.0441029 1.209582 0.888551 0.05007499 1.208181 0.888515 0.03978788 1.209315 0.818015 0.05235689 1.288262 0.821578 0.05148196 1.287762 0.868335 -0.04053795 1.32807 0.863136 -0.04194498 1.328003 0.860918 -0.04206997 1.333642 0.865318 -0.04103791 1.333676 0.855101 -0.03847491 1.328003 0.786273 -0.02481091 1.254962 0.788673 -0.02812492 1.254828 0.882006 -0.05260694 1.319394 0.882515 -0.05620288 1.316091 0.882079 -0.05019992 1.320062 0.834994 0.03556692 1.287996 0.829904 0.03647291 1.284025 0.836885 0.03434693 1.283991 0.837976 0.01549291 1.302377 0.838121 0.007300913 1.295904 0.838012 0.01073998 1.305614 0.828413 -0.05454593 1.242916 0.828595 -0.05776697 1.242215 0.830158 -0.054515 1.240414 0.796817 -0.054515 1.308016 0.789582 -0.0540139 1.308683 0.794381 -0.054452 1.308683 0.823396 0.04150688 1.283958 0.826014 0.0393809 1.283991 0.772348 -0.054515 1.302711 0.78111 -0.05438995 1.306748 0.769403 -0.0540139 1.301042 0.744897 0.02884393 1.246586 0.888006 -0.05345189 1.319127 0.764349 -0.0540139 1.303512 0.888006 0.05345189 1.208881 0.882079 0.05614089 1.227267 0.881679 0.05582791 1.219859 0.882006 0.0560159 1.233006 0.877461 0.0560159 1.208381 0.888515 -0.04647892 1.297872 0.888515 -0.03978788 1.318694 0.888551 -0.05007499 1.319795 0.887897 -0.0441029 1.318427 0.836485 0.03637999 1.291566 0.835394 0.0357539 1.289597 0.837685 0.03741097 1.294936 0.826923 0.04297691 1.287996 0.826632 0.04907399 1.287962 0.828304 0.0367549 1.288096 0.857355 -0.03475391 1.328037 0.858664 -0.03297096 1.333676 0.860882 -0.03206497 1.328003 0.792236 -0.054515 1.306014 0.792854 -0.05798488 1.307949 0.792636 -0.054515 1.307182 0.771984 0.03118896 1.243984 0.761258 0.03747391 1.243884 0.766567 0.03434693 1.24335 0.835903 -0.05454593 1.266707 0.834522 -0.05814188 1.265806 0.837721 -0.05776697 1.266774 0.866663 -0.03925591 1.328003 0.763185 0.04000699 1.241114 0.837939 0.02271598 1.303812 0.838012 0.001453936 1.306982 0.823614 0.04307097 1.287528 0.794999 -0.054452 1.301843 0.793218 -0.05457699 1.303979 0.85601 0.02071493 1.278019 0.85601 0.01921397 1.279987 0.85601 0.02099597 1.279987 0.85601 -1.6e-5 1.306014 0.85601 1.6e-5 1.307015 0.85601 0.01073998 1.305614 0.85601 0.01908898 1.298173 0.85601 0.01614993 1.303211 0.85601 0.01996392 1.298673 0.85601 0.02096498 1.293001 0.85601 0.0219649 1.293134 0.85601 0.02199697 1.275883 0.85601 -0.02096498 1.293034 0.85601 -0.01996392 1.298673 0.85601 -0.01908898 1.298139 0.85601 -0.01611799 1.303244 0.85601 -0.01073998 1.305614 0.85601 -0.01921397 1.279987 0.85601 -0.02071493 1.278019 0.85601 -0.02099597 1.279987 0.85601 -0.02199697 1.275883 0.85601 -0.02199697 1.293134 0.882515 -0.05207598 1.207814 0.882006 -0.05201292 1.208881 0.88197 -0.04726094 1.208948 0.882006 -0.05510896 1.210716 0.882188 -0.05604696 1.213619 0.882006 -0.05435788 1.219826 0.882661 -0.055453 1.224664 0.834558 -0.01780688 1.223229 0.836848 -0.01464897 1.220727 0.833576 -0.018839 1.222295 0.837757 -0.05795395 1.261235 0.835612 -0.054515 1.261502 0.838303 -0.054515 1.261468 0.888078 0.054515 1.223563 0.888478 0.05592197 1.227934 0.888587 0.05582791 1.213052 0.882006 0.05939191 1.233006 0.888987 -0.03350293 1.310118 0.888551 -0.029657 1.324399 0.888987 0.01761895 1.318427 0.888515 0.029688 1.324466 0.888478 0.03959995 1.318694 0.889024 0.05107498 1.237811 0.888515 0.04647892 1.230136 0.888515 0.05470198 1.246219 0.747005 0.02549898 1.277084 0.882115 -0.04378998 1.318293 0.882515 -0.03225195 1.323165 0.882043 -0.03869295 1.319361 0.747005 0.02499788 1.274015 0.745006 0.048011 1.244184 0.744897 0.05435788 1.244418 0.824777 0.04682296 1.288663 0.835212 0.03894388 1.288029 0.837067 0.04300791 1.287996 0.747005 0.05267 1.244051 0.747005 0.049012 1.243984 0.812997 -0.025092 1.289797 0.801762 -0.02499788 1.286294 0.81736 -0.02502989 1.290865 0.888406 4.7e-5 1.19797 0.888006 -0.021465 1.200005 0.888006 0.021465 1.200005 0.828522 -0.054515 1.285126 0.836885 -0.054515 1.275082 0.829977 -0.05454593 1.28249 0.814706 -0.054515 1.302877 0.813906 -0.05776697 1.302377 0.817287 -0.05804795 1.303211 0.747005 0.06089293 1.252292 0.827759 -0.05413997 1.294736 0.817651 -0.054609 1.297872 0.814488 -0.05448293 1.298039 0.889024 -0.04069495 1.223163 0.888515 -0.03378397 1.21749 0.888987 -0.01761895 1.209582 0.741333 0.053514 1.276984 0.741552 0.05254495 1.27972 0.74137 0.0550149 1.281756 0.741406 0.05607789 1.276217 0.741333 0.05745393 1.280922 0.741588 0.05848598 1.278152 0.888515 -0.04657298 1.23027 0.797944 -0.02740591 1.297706 0.796126 -0.02499788 1.299407 0.800635 -0.02502989 1.298206 0.74486 0.05248188 1.277251 0.745697 0.0431019 1.284325 0.745006 0.03800588 1.283791 0.744933 0.031596 1.283591 0.776202 0.04957389 1.238812 0.778747 0.05176293 1.242416 0.778565 0.04613488 1.242983 0.817178 -0.054515 1.302911 0.834122 -0.05454593 1.286027 0.837358 -0.0540139 1.279987 0.82056 -0.0540139 1.301042 0.808852 -0.05435788 1.306748 0.830922 -0.05454593 1.287929 0.744824 0.05329489 1.251024 0.74137 0.0550149 1.251758 0.741588 0.05254495 1.249756 0.821869 -0.02456092 1.240947 0.828886 -0.024248 1.252259 0.826813 -0.022309 1.242783 0.741333 0.05745393 1.250924 0.741588 0.05848598 1.248155 0.741406 0.05607789 1.246219 0.741333 0.053514 1.246987 0.778674 0.03872489 1.24375 0.773402 0.03650498 1.240814 0.777074 0.04188299 1.240981 0.840121 -0.05804795 1.263837 0.839794 -0.054515 1.263971 0.838848 -0.054515 1.26604 0.838012 0.01452398 1.221527 0.838012 -0.00573796 1.218291 0.838012 0.003173947 1.218558 0.741333 0.02849996 1.276984 0.741552 0.0275309 1.27972 0.74137 0.03003191 1.281756 0.741406 0.0310949 1.276217 0.741333 0.032471 1.280922 0.741588 0.03350293 1.278152 0.771766 0.03409689 1.24315 0.889024 -0.05107498 1.290198 0.888515 -0.05470198 1.281756 0.882006 -0.03869295 1.208581 0.882152 -0.03215897 1.205111 0.882334 -0.04338389 1.209582 0.74486 0.02834397 1.281189 0.887897 -0.05442088 1.219893 0.774675 0.04525995 1.240981 0.773329 0.04704195 1.235342 0.771148 0.04794889 1.241014 0.76893 0.04807388 1.235375 0.810379 -0.027969 1.271679 0.804016 -0.02477896 1.27308 0.810234 -0.02496695 1.273381 0.882443 -0.06398898 1.242582 0.882006 -0.0605809 1.234241 0.745006 0.03522288 1.275516 0.745042 0.03781795 1.277285 0.797145 0.04231995 1.284025 0.821032 0.04235196 1.284692 0.812088 0.04382091 1.286427 0.794199 0.04566591 1.286394 0.83194 0.06098693 1.232405 0.874589 0.06098693 1.233807 0.84103 0.06098693 1.232806 0.813506 -0.05810993 1.298606 0.813142 -0.05454593 1.300675 0.855283 -0.04375892 1.315324 0.8591 -0.04666692 1.314623 0.785073 0.0540139 1.283991 0.791472 0.04679197 1.283991 0.788237 0.0532329 1.283925 0.882515 0.03225195 1.20471 0.882006 -0.0605809 1.293735 0.882152 -0.05882996 1.296137 0.882006 -0.05488991 1.30241 0.826777 0.05936098 1.232305 0.828704 0.05435788 1.231404 0.822923 0.05598396 1.233506 0.889024 0.009489953 1.207179 0.888515 0.01768195 1.209282 0.888987 0.03350293 1.21789 0.809179 -0.02499788 1.317993 0.80718 -0.02421689 1.324133 0.811615 -0.02718693 1.323632 0.81496 -0.033472 1.315123 0.810052 -0.03772389 1.31519 0.817469 -0.0356599 1.314022 0.826486 -0.02262192 1.284292 0.829759 -0.02068299 1.301543 0.82765 -0.02199697 1.292634 0.805834 -0.03469091 1.323632 0.805871 -0.03450393 1.318026 0.809179 -0.0340029 1.317993 0.809907 -0.03359699 1.324266 0.811579 -0.03169 1.318026 0.81187 -0.030595 1.323599 0.811797 -0.02731198 1.318026 0.802235 -0.02731198 1.323966 0.802344 -0.03165799 1.323632 0.812343 -0.02499788 1.317993 0.812561 -0.02537298 1.312554 0.88906 -0.05714088 1.263938 0.888515 -0.05720388 1.27001 0.888515 -0.05720388 1.257998 0.773329 0.05520296 1.284058 0.772639 0.06398898 1.283991 0.747005 0.06398898 1.283991 0.888515 1.6e-5 1.206512 0.814997 -0.02768695 1.311953 0.813179 -0.02502989 1.308984 0.841502 -0.0540139 1.304513 0.862627 -0.05488991 1.303545 0.828995 -0.05398297 1.304546 0.744897 0.05348289 1.281222 0.798199 -0.02784395 1.311186 0.796163 -0.032471 1.313455 0.79929 -0.031596 1.315591 0.807979 -0.04097592 1.314122 0.803435 -0.03878688 1.314623 0.799835 -0.03528493 1.314656 0.747005 0.05101299 1.283991 0.793218 0.05216991 1.240147 0.785691 0.05291998 1.242849 0.798235 0.05373299 1.238178 0.852956 0.060018 1.306948 0.849756 0.05998688 1.304546 0.863063 0.05998688 1.307015 0.866445 0.060018 1.307115 0.844011 0.05998688 1.286494 0.870117 0.060018 1.304913 0.873389 0.059955 1.296371 0.876989 0.05998688 1.294936 0.876989 0.05998688 1.286494 0.874153 0.056297 1.301376 0.876989 0.06195592 1.290765 0.882443 0.06398898 1.285426 0.873171 0.05423295 1.307149 0.821323 0.06398898 1.242549 0.874335 0.06398898 1.28556 0.882443 0.06398898 1.242549 0.882006 0.062738 1.239079 0.812779 0.0615189 1.236076 0.813397 0.06398898 1.239346 0.874698 0.06367599 1.286461 0.876989 0.063645 1.286494 0.797654 0.06401997 1.234074 0.810525 0.06398898 1.289964 0.780092 0.06401997 1.290231 0.747005 0.06398898 1.234007 0.789109 0.06398898 1.293435 0.798744 0.06398898 1.293835 0.839539 0.05989295 1.288463 0.838994 0.06017392 1.293935 0.750896 -0.04435288 1.235909 0.747005 -0.04407089 1.235842 0.747005 -0.04110091 1.23414 0.754059 -0.04044389 1.23394 0.752823 -0.04504096 1.236009 0.747624 -0.04500889 1.239012 0.746969 -0.03775495 1.234307 0.750169 -0.04560399 1.240013 0.747005 -0.04504096 1.240213 0.747042 -0.04569697 1.246853 0.783037 -0.029688 1.203409 0.78031 -0.02471697 1.204276 0.785655 -0.03756797 1.213152 0.789073 -0.02649897 1.250591 0.790055 -0.02659291 1.231071 0.788455 -0.02499788 1.231171 0.788346 -0.02499788 1.250991 0.791945 -0.03056395 1.251091 0.791545 -0.03100198 1.25653 0.794781 -0.03100198 1.242816 0.80907 -0.0310949 1.243417 0.793727 -0.03043889 1.233406 0.820451 -0.03103291 1.260968 0.822669 -0.03040796 1.252993 0.812924 -0.03046995 1.24018 0.82205 -0.02840596 1.244851 0.811543 -0.02812492 1.235375 0.815724 -0.02502989 1.235508 0.765839 -0.03050088 1.258966 0.771621 -0.0310949 1.271212 0.767403 -0.03053295 1.274582 0.781692 -0.03096991 1.289263 0.770675 -0.02849996 1.285793 0.777692 -0.02740591 1.293067 0.772966 -0.02959489 1.244318 0.774929 -0.02962595 1.250491 0.776965 -0.02521693 1.237477 0.771911 -0.02502989 1.23731 0.770384 -0.02828097 1.241982 0.766676 -0.02521693 1.24315 0.764749 -0.02849996 1.251592 0.760931 -0.02502989 1.254862 0.762204 -0.02878195 1.265039 0.759804 -0.025092 1.268676 0.765185 -0.02737498 1.280188 0.770057 -0.02502989 1.28893 0.764167 -0.02499788 1.281189 0.785982 -0.0275309 1.296604 0.781256 -0.02502989 1.296671 0.796163 -0.03034496 1.294335 0.795036 -0.03103291 1.285326 0.79849 -0.03096991 1.271612 0.808634 -0.03100198 1.267041 0.805471 -0.02996999 1.269844 0.815433 -0.03090792 1.271479 0.818487 -0.03100198 1.278586 0.813906 -0.028813 1.274949 0.827868 -0.02812492 1.267475 0.824377 -0.03043889 1.269043 0.822959 -0.02918791 1.280154 0.817106 -0.02834397 1.286461 0.820305 -0.02543598 1.288329 0.822196 -0.02437299 1.286928 0.829286 -0.02377897 1.27565 0.826123 -0.025092 1.280555 0.827504 -0.02812492 1.257998 0.830231 -0.02499788 1.264004 0.80238 -0.02953195 1.233073 0.790891 -0.02978193 1.236176 0.867026 -0.05338895 1.208781 0.882006 -0.05094999 1.207847 0.864045 -0.05176293 1.208881 0.865608 -0.05567193 1.212018 0.861391 -0.05198192 1.21442 0.862736 -0.04516589 1.210116 0.858555 -0.04751098 1.214287 0.856846 -0.05148196 1.220093 0.868299 -0.04776096 1.208347 0.844157 0.02096498 1.280721 0.838848 0.0210269 1.286594 0.83783 0.0210269 1.293067 0.838012 0.01908898 1.298173 0.838012 -1.6e-5 1.306014 0.838012 -0.01052099 1.304646 0.837976 -0.01549291 1.302444 0.837976 -0.02012091 1.296705 0.838048 -0.02105891 1.289531 0.840993 -0.02096498 1.283124 0.845175 -0.02099597 1.279987 0.882006 0.05448293 1.22433 0.882552 0.05442088 1.219926 0.882043 0.05551499 1.213119 0.747005 0.051826 1.243183 0.746969 0.05820399 1.24682 0.747005 0.053608 1.240914 0.747005 0.05635899 1.234007 0.747005 0.05488991 1.234874 0.747005 0.05407691 1.236776 0.835903 0.04613488 1.287996 0.830886 0.038037 1.287996 0.838848 0.0385999 1.287996 0.828086 0.039882 1.287996 0.83314 0.04794889 1.287996 0.831104 0.05094999 1.287996 0.828777 0.04704195 1.288029 0.837576 0.03340893 1.289497 0.838048 0.03106397 1.283991 0.837903 0.03450393 1.293067 0.820814 0.05989295 1.293234 0.814451 0.06220597 1.290431 0.803725 0.062644 1.293001 0.778492 0.05404597 1.236176 0.781038 0.05385798 1.24018 0.777147 0.05257588 1.237978 0.773984 0.05279499 1.237144 0.765985 0.05279499 1.237144 0.763512 0.05423295 1.235742 0.765985 0.05107498 1.237911 0.770275 0.0522319 1.237577 0.773984 0.05107498 1.237911 0.759804 0.05241996 1.242682 0.758749 0.05410796 1.238745 0.762785 0.05116891 1.24058 0.762531 0.05288892 1.237878 0.763658 0.04938691 1.238879 0.817724 -0.05798488 1.297706 0.818705 -0.05795395 1.300675 0.800962 -0.02596795 1.275716 0.812343 -0.02499788 1.276984 0.744824 0.05714088 1.251692 0.744715 0.05876696 1.248021 0.745006 0.05076295 1.252493 0.744897 0.05285799 1.247421 0.744569 0.05657798 1.24632 0.745042 0.04816699 1.250691 0.838085 0.0560159 1.215888 0.840557 0.05598396 1.232973 0.838594 0.0560159 1.212919 0.83554 0.05598396 1.230737 0.836485 0.0560159 1.222061 0.833031 0.0560159 1.227434 0.875025 0.0560159 1.207013 0.844157 0.0560159 1.207013 0.842012 0.0560159 1.207413 0.839794 0.0560159 1.209382 0.803107 -0.02640491 1.317993 0.801944 -0.02950096 1.317993 0.805689 -0.02456092 1.318026 0.888515 -0.05470198 1.246219 0.801435 -0.02537298 1.312554 0.799835 -0.02502989 1.308316 0.801653 -0.02499788 1.317993 0.813397 -0.03262794 1.317993 0.813688 -0.02743697 1.317993 0.808961 -0.0367549 1.318126 0.802162 -0.0348789 1.318026 0.803107 -0.03262794 1.317993 0.799835 -0.02937597 1.318193 0.804089 -0.03712993 1.316058 0.749514 -0.03390896 1.243116 0.747042 -0.035254 1.238778 0.746969 -0.03318995 1.251892 0.75115 -0.03509789 1.237344 0.754823 -0.033378 1.234708 0.882006 0.05098098 1.320229 0.867026 0.05454593 1.31816 0.888406 0.06401997 1.242649 0.888006 0.0605809 1.234241 0.882515 0.0605809 1.234241 0.888515 0.05620288 1.316124 0.87099 -0.041664 1.318327 0.868517 -0.04897993 1.319962 0.862736 -0.05013698 1.317593 0.865172 -0.053514 1.319061 0.864627 -0.04938691 1.319528 0.863172 -0.04926192 1.31816 0.861027 -0.04713588 1.316091 0.861173 -0.05119997 1.314189 0.8611 -0.0531699 1.307783 0.864045 -0.05542099 1.314623 0.825795 0.039756 1.286094 0.888987 0.05420196 1.281622 0.888515 -0.029688 1.203542 0.888551 0.029657 1.203609 0.888478 -0.03959995 1.209282 0.888478 -0.05413997 1.223496 0.888515 -0.05066895 1.209215 0.888515 -0.05620288 1.211851 0.888042 -0.05054396 1.207914 0.888515 -0.06223791 1.238645 0.888006 -0.0605809 1.293735 0.888406 -0.06401997 1.28536 0.888006 -0.06398898 1.242549 0.786782 0.05463999 1.291766 0.779329 0.05485898 1.288896 0.781801 0.0540139 1.287395 0.776856 0.0540139 1.283991 0.786709 0.0540139 1.287729 0.882006 -0.029751 1.203409 0.882443 -0.021465 1.200005 0.800126 -0.02834397 1.316825 0.755986 -0.058079 1.241481 0.772748 -0.05804795 1.224797 0.881497 0.060799 1.232973 0.882006 0.06164389 1.237744 0.754386 -0.054515 1.266474 0.753732 -0.05776697 1.266774 0.888042 0.05054396 1.320095 0.818924 -0.05454593 1.228368 0.818487 -0.05814188 1.229402 0.818015 -0.0577979 1.225532 0.815542 -0.05798488 1.224831 0.814306 -0.05457699 1.225198 0.888515 0.05066895 1.318794 0.882043 -0.05442088 1.305814 0.882552 -0.05442088 1.308083 0.775693 -0.05457699 1.302811 0.774457 -0.05798488 1.303178 0.771984 -0.0577979 1.302477 0.776783 -0.05776697 1.301176 0.776747 -0.054515 1.299874 0.829359 -0.05804795 1.244918 0.882443 0.021465 1.200005 0.848483 0.01933896 1.279921 0.775765 -0.058079 1.297906 0.771511 -0.05814188 1.298606 0.774566 -0.054515 1.297439 0.771039 -0.05457699 1.299641 0.797763 -0.054515 1.306014 0.798017 -0.058079 1.306248 0.795654 -0.0577349 1.30885 0.834958 -0.05798488 1.261969 0.834158 -0.05448293 1.263771 0.80009 -0.02771896 1.293268 0.797944 -0.030595 1.283124 0.800562 -0.02731198 1.27555 0.80278 -0.02721798 1.272847 0.800889 -0.02903199 1.272747 0.83394 -0.058079 1.286794 0.82954 -0.05804795 1.287428 0.828668 -0.05798488 1.284158 0.762858 0.04844892 1.241014 0.766712 0.05148196 1.241048 0.777147 0.04844892 1.241014 0.773366 0.05151289 1.241014 0.767839 0.04751098 1.241014 0.774566 0.04078799 1.240981 0.765367 0.04516589 1.240981 0.766494 0.03669196 1.240947 0.768785 0.03800588 1.241014 0.765403 0.04078799 1.241014 0.772166 0.03850597 1.241014 0.745006 0.03334695 1.278252 0.744788 0.03169 1.276417 0.833285 -0.05454593 1.282724 0.830631 -0.05776697 1.282223 0.833285 -0.05801689 1.282757 0.882443 -0.06398898 1.285426 0.744933 0.05848598 1.278719 0.74486 0.05670297 1.276317 0.852083 0.05154395 1.306715 0.859864 0.05764091 1.306982 0.863136 0.05632793 1.307949 0.772239 -0.05798488 1.230303 0.771293 -0.05795395 1.227333 0.756459 -0.054515 1.244818 0.756532 -0.0577349 1.245052 0.772348 -0.054609 1.230103 0.771221 -0.054515 1.227133 0.75715 -0.05448293 1.253894 0.76504 -0.054515 1.246687 0.767294 -0.05448293 1.236309 0.77053 -0.054515 1.239546 0.76144 -0.05470198 1.255062 0.760386 -0.054515 1.264004 0.761585 -0.054515 1.272947 0.757186 -0.05448293 1.274115 0.76504 -0.054515 1.281289 0.77053 -0.054515 1.288463 0.76733 -0.05448293 1.291666 0.777692 -0.054515 1.23404 0.777692 -0.054515 1.293968 0.786055 -0.054515 1.297405 0.794999 -0.054515 1.298606 0.812306 -0.054515 1.293968 0.803944 -0.054515 1.297405 0.822705 -0.05448293 1.291666 0.819469 -0.054515 1.288463 0.824959 -0.054515 1.281289 0.828413 -0.054515 1.272947 0.829613 -0.054515 1.264004 0.828413 -0.054515 1.255028 0.824959 -0.054515 1.246687 0.823323 -0.0540139 1.306414 0.800417 -0.0540139 1.308683 0.841502 -0.0540139 1.223496 0.816124 -0.0540139 1.309384 0.77322 -0.0540139 1.309017 0.809107 -0.05407691 1.312254 0.783037 -0.0540139 1.312554 0.793363 -0.0540139 1.313956 0.756822 -0.0540139 1.296304 0.750932 -0.0540139 1.287662 0.747005 -0.0540139 1.277985 0.747005 -0.0540139 1.24999 0.816124 -0.0540139 1.218624 0.77322 -0.0540139 1.218992 0.764349 -0.0540139 1.224497 0.756822 -0.0540139 1.231705 0.750932 -0.0540139 1.240347 0.793363 -0.0540139 1.21402 0.80907 -0.05410796 1.215822 0.783037 -0.0540139 1.215455 0.794963 -0.05448293 1.226132 0.794999 -0.054515 1.229402 0.786055 -0.054515 1.23057 0.779547 -0.0366609 1.214587 0.831976 0.05107498 1.293868 0.828486 0.05026197 1.291966 0.838994 0.06117492 1.292534 0.839357 0.06251895 1.289464 0.789873 -0.02837491 1.21115 0.88197 0.04719793 1.319061 0.882006 0.05201292 1.319127 0.836776 0.06104993 1.231604 0.833649 0.06061196 1.228535 0.832958 0.05832892 1.227333 0.87997 0.05598396 1.210416 0.873098 -0.029688 1.324833 0.838521 -0.01049 1.221895 0.83274 -0.05454593 1.24048 0.88197 -0.05510896 1.311219 0.882006 -0.05510896 1.316024 0.831795 -0.05814188 1.23988 0.863063 -0.03193998 1.333642 0.864154 -0.03250193 1.328003 0.797363 -0.054515 1.304779 0.795399 -0.05435788 1.303178 0.792563 -0.05804795 1.304112 0.795836 -0.05798488 1.303244 0.821978 0.05301398 1.289597 0.823868 0.05157589 1.288896 0.820414 0.05426496 1.292734 0.866554 -0.03478497 1.328003 0.867281 -0.035317 1.333776 0.795036 0.05551499 1.293868 0.818778 -0.054515 1.300875 0.814161 -0.0284689 1.281722 0.745042 0.05485898 1.275483 0.744933 0.02784395 1.277151 0.74486 0.03231489 1.281589 0.882006 -0.05610895 1.301509 0.826668 0.06101799 1.234874 0.836958 0.02584296 1.243817 0.835758 0.03306496 1.243283 0.837685 0.03306496 1.240914 0.835321 0.04100698 1.242916 0.848411 -0.01940095 1.279921 0.819614 0.06023699 1.234674 0.819505 0.05854797 1.233974 0.808161 0.05961096 1.23404 0.823578 0.058236 1.23324 0.818124 0.05648493 1.234007 0.819723 0.06126797 1.235675 0.817978 0.05457699 1.235175 0.827322 0.05257588 1.234474 0.859682 0.05116891 1.310118 0.754132 -0.03778696 1.234341 0.870662 0.05848598 1.304145 0.824123 0.05645292 1.293935 0.794127 -0.02743697 1.217357 0.787728 0.05698496 1.293001 0.877062 0.045228 1.208047 0.878989 0.04341495 1.209115 0.876516 0.04744791 1.20768 0.876516 0.05195099 1.20768 0.882006 -0.05513989 1.317359 0.859827 -0.04150688 1.328003 0.856701 -0.03869295 1.333776 0.857428 -0.03922498 1.328003 0.761185 -0.05998688 1.254928 0.764712 -0.05576497 1.246586 0.764676 -0.05998688 1.246486 0.770275 -0.05576497 1.239346 0.770239 -0.05998688 1.239246 0.777474 -0.05573391 1.233807 0.777511 -0.05998688 1.233707 0.78591 -0.05576497 1.230303 0.785946 -0.05998688 1.230203 0.794927 -0.05576497 1.229102 0.794999 -0.05998688 1.229002 0.803944 -0.05573391 1.23027 0.804053 -0.05998688 1.230203 0.812415 -0.05576497 1.23374 0.812488 -0.05998688 1.233707 0.81976 -0.05998688 1.239246 0.825214 -0.05576497 1.246486 0.825323 -0.05998688 1.246486 0.828704 -0.05576497 1.254895 0.828813 -0.05998688 1.254928 0.829904 -0.05576497 1.263938 0.830013 -0.05998688 1.264004 0.759986 -0.05998688 1.264004 0.760095 -0.05576497 1.264071 0.761295 -0.05576497 1.273114 0.764785 -0.05576497 1.281522 0.770348 -0.05576497 1.28873 0.777583 -0.05576497 1.294269 0.786055 -0.05573391 1.297739 0.795072 -0.05576497 1.298907 0.804089 -0.05576497 1.297706 0.812524 -0.05573391 1.294202 0.819723 -0.05576497 1.28863 0.825323 -0.05998688 1.281489 0.81976 -0.05998688 1.288763 0.812488 -0.05998688 1.294302 0.804053 -0.05998688 1.297806 0.794999 -0.05998688 1.299007 0.785946 -0.05998688 1.297806 0.777511 -0.05998688 1.294302 0.770239 -0.05998688 1.288763 0.764676 -0.05998688 1.281489 0.761185 -0.05998688 1.273047 0.82874 -0.05576497 1.27298 0.825286 -0.05576497 1.281422 0.828813 -0.05998688 1.273047 0.882006 -0.0560159 1.313789 0.771075 0.03794288 1.235375 0.775293 0.0413199 1.235242 0.745006 0.02618592 1.278719 0.869026 -0.032534 1.328003 0.871171 -0.02302789 1.32797 0.764676 0.04469692 1.235242 0.766676 0.038975 1.235342 0.769912 0.04307097 1.234374 0.861936 -0.03706789 1.33461 0.839975 0.04116398 1.301676 0.803725 0.04935598 1.287128 0.792854 0.0496059 1.286661 0.822959 0.04872989 1.287328 0.790454 0.04976195 1.284525 0.825359 0.04879289 1.289564 0.888115 -0.05760991 1.229502 0.746969 0.02934396 1.282724 0.747005 0.03500396 1.283991 0.747005 0.02499788 1.281155 0.838921 0.02540493 1.281556 0.747005 0.02662396 1.28219 0.838194 0.02746796 1.282924 0.747005 0.02821898 1.283257 0.838012 0.02921897 1.283591 0.747005 0.03106397 1.283825 0.789436 -0.02493596 1.307716 0.830595 -0.02277797 1.253894 0.830086 -0.02462291 1.259133 0.867863 -0.056234 1.314389 0.831976 0.0421639 1.243183 0.81936 0.04391497 1.241548 0.831286 0.04591596 1.240814 0.827468 0.04604095 1.241014 0.822123 0.05210691 1.239846 0.818015 0.0540139 1.23661 0.823723 0.05320096 1.236543 0.832085 0.048105 1.238745 0.822305 0.04841792 1.241014 0.809907 0.0478549 1.241048 0.81227 0.05001199 1.240947 0.797981 0.04729199 1.241014 0.832485 0.03691095 1.244051 0.799217 0.04063189 1.24395 0.796417 0.04479098 1.241715 0.792636 0.04650998 1.242482 0.83074 0.04963696 1.236576 0.832994 0.03006392 1.244184 0.790091 0.04432195 1.243984 0.789873 0.05051189 1.24335 0.782456 0.05010592 1.244117 0.833104 0.02746796 1.245052 0.747005 0.02662396 1.245786 0.833613 0.026124 1.245952 0.816997 0.02499788 1.246853 0.83554 0.02412295 1.247754 0.824087 0.0238099 1.248522 0.839103 0.02243399 1.250958 0.842302 0.02215296 1.252226 0.841139 0.02234095 1.249156 0.844993 0.02174592 1.246386 0.841357 0.0211519 1.238745 0.846411 0.01849496 1.239446 0.84023 0.01911991 1.23067 0.838994 0.02377897 1.244017 0.838848 0.02284091 1.236476 0.838157 0.02130889 1.229302 0.838012 0.02546691 1.240947 0.838012 0.03600388 1.229669 0.837321 0.03931891 1.238578 0.836885 0.04231995 1.228969 0.834631 0.04519695 1.235275 0.833685 0.05094999 1.228101 0.834776 0.0560159 1.224764 0.836958 0.0496059 1.221928 0.837939 0.04722899 1.21709 0.838012 0.019526 1.219993 0.840084 0.0146799 1.225765 0.838412 0.002922952 1.220727 0.848992 0.00711292 1.23661 0.848374 -0.004017949 1.235375 0.853028 -9.85e-4 1.239012 0.853028 -0.007957994 1.240313 0.853028 -0.01430493 1.243483 0.838594 1.6e-5 1.213252 0.838557 -0.009020984 1.214053 0.839539 1.6e-5 1.210082 0.840884 0.00770694 1.20808 0.843139 0.01508688 1.206579 0.844229 0.005017936 1.203109 0.846993 0.02208989 1.204477 0.849101 0.009551942 1.200005 0.855573 0.02015197 1.199905 0.84223 0.01824498 1.20738 0.843902 0.02224689 1.206946 0.844157 0.04122591 1.207013 0.849465 0.03234595 1.206946 0.859209 0.03712993 1.207013 0.87648 0.03741097 1.20738 0.859537 0.03181499 1.204377 0.879425 0.05479598 1.209215 0.880007 0.05235689 1.208414 0.878443 0.04847997 1.208047 0.879134 0.04685389 1.208781 0.853537 -0.01852589 1.200005 0.848229 -0.004861891 1.199939 0.849283 -0.01877593 1.201974 0.844229 -0.01361691 1.204343 0.858191 -0.02130889 1.199972 0.854119 -0.03006392 1.20431 0.860445 -0.03475391 1.206112 0.866117 -0.04138195 1.209549 0.856082 -0.04441493 1.212852 0.841793 -0.048105 1.216689 0.843648 -0.04547792 1.214854 0.864445 -0.05442088 1.219058 0.867863 -0.05576497 1.215655 0.864954 -0.05498397 1.224531 0.84412 -0.05664098 1.2272 0.850847 -0.05970489 1.232372 0.849101 -0.06161195 1.237878 0.855173 -0.06261301 1.238912 0.853574 -0.06398898 1.24325 0.856482 -0.06398898 1.242549 0.851501 -0.06398898 1.283057 0.851501 -0.06398898 1.244951 0.849138 -0.06164389 1.290198 0.84412 -0.05660992 1.300775 0.854737 -0.06386399 1.28596 0.850847 -0.05967396 1.295603 0.865536 -0.054452 1.307983 0.853646 -0.04995 1.309451 0.857246 -0.05054396 1.309985 0.851901 -0.04638499 1.313021 0.845684 -0.04797995 1.311486 0.840484 -0.04847997 1.310952 0.85401 -0.04516589 1.314122 0.846811 -0.04597896 1.313021 0.840484 -0.04519695 1.313221 0.825032 -0.05004292 1.309417 0.853683 -0.041758 1.316191 0.85241 -0.03328388 1.321497 0.854774 -0.036098 1.322931 0.854992 -0.02943789 1.328003 0.854883 -0.02740591 1.328003 0.853465 -0.02637398 1.325834 0.846011 -0.03312796 1.317492 0.845466 -0.04219496 1.314389 0.840484 -0.0413199 1.313989 0.816706 -0.04535293 1.313188 0.810306 -0.04876196 1.312254 0.817615 -0.05104392 1.309751 0.851792 -0.01664996 1.328037 0.844411 -0.01608699 1.322898 0.852556 -0.02187198 1.327336 0.843866 -0.02568596 1.318627 0.847974 -1.41e-4 1.328003 0.844448 -0.004986882 1.324833 0.882443 -0.021465 1.328003 0.875571 -0.03744298 1.320095 0.860627 0.04350888 1.316959 0.870153 0.045322 1.318794 0.856664 0.048105 1.31152 0.847065 0.05123198 1.301776 0.847865 0.05001199 1.303778 0.848883 0.0513879 1.303812 0.835394 0.05864197 1.294068 0.845247 0.05851691 1.29607 0.845793 0.055453 1.297806 0.843939 0.05013698 1.300075 0.845793 0.04741698 1.304379 0.841975 0.04654192 1.300976 0.843866 0.04479098 1.304446 0.841321 0.04060089 1.304412 0.838885 0.03591096 1.302043 0.831467 0.06126797 1.2923 0.807398 0.059174 1.293968 0.798199 0.06217491 1.293968 0.778202 0.05698496 1.288763 0.782746 0.05698496 1.291399 0.834376 0.05304497 1.294669 0.837939 0.05332696 1.29527 0.838012 0.02674895 1.287729 0.841139 0.02327895 1.279053 0.838085 0.02365398 1.288363 0.838194 0.02205896 1.289364 0.838012 0.0184009 1.300875 0.838012 0.02080798 1.296971 0.838012 0.014961 1.303845 0.838557 0.02255892 1.309985 0.838048 -0.004330933 1.309451 0.838557 0.002797961 1.31519 0.840484 0.01730597 1.317426 0.837903 -0.009709 1.306047 0.836776 -0.0146799 1.307182 0.838194 -0.01408588 1.312454 0.834013 -0.01971393 1.307983 0.837576 -0.02312195 1.313522 0.829795 -0.02349698 1.308216 0.833976 -0.02712392 1.31202 0.825795 -0.02681189 1.310152 0.836667 -0.0138359 1.304479 0.833067 -0.01824498 1.301176 0.833576 -0.018839 1.30568 0.826377 -0.02290296 1.305213 0.829613 -0.020527 1.297605 0.815469 -0.02499788 1.308016 0.817069 -0.0265299 1.309718 0.818778 -0.02496695 1.307883 0.815688 -0.04200798 1.313922 0.783728 -0.03021997 1.311319 0.750823 -0.02490395 1.26307 0.754241 -0.02499788 1.247421 0.751005 -0.02831298 1.24682 0.756422 -0.02831298 1.236743 0.762822 -0.02493596 1.23374 0.773693 -0.02812492 1.222061 0.763876 -0.03021997 1.226666 0.773184 -0.03190791 1.220059 0.767039 -0.03706789 1.222428 0.775947 -0.03143888 1.217156 0.773766 -0.034316 1.218992 0.775656 -0.036942 1.21789 0.779765 -0.04003793 1.216389 0.787837 -0.04050689 1.214353 0.775838 -0.02499788 1.224397 0.775693 -0.02759289 1.220793 0.776529 -0.026968 1.218491 0.777656 -0.02499788 1.22096 0.777256 -0.02499788 1.222996 0.777038 -0.03540992 1.216522 0.800126 -0.03550398 1.213986 0.794999 -0.03137689 1.215088 0.818742 -0.02499788 1.220093 0.825759 -0.02674895 1.217857 0.753623 -0.02499788 1.278986 0.761585 -0.02493596 1.292901 0.774311 -0.02499788 1.302844 0.830995 -0.03165799 1.214887 0.835431 -0.03528493 1.21402 0.84143 -0.03956896 1.21382 0.81576 -0.04206997 1.214087 0.820414 -0.04510295 1.214754 0.810343 -0.04948097 1.216022 0.821832 -0.05029398 1.218424 0.817615 -0.05104392 1.218257 0.849174 -0.04044389 1.212285 0.842084 -0.03412795 1.213152 0.846411 -0.02990692 1.208714 0.842012 -0.02737498 1.211584 0.843866 -0.02568596 1.209382 0.834013 -0.01971393 1.220026 0.837612 -0.01614993 1.215955 0.841248 -0.02005797 1.210416 0.840666 -0.005799949 1.207947 0.85361 0.03009498 1.204377 0.841139 -0.03528493 1.31479 0.842012 -0.02737498 1.316425 0.841175 -0.01993298 1.317426 0.840448 -0.003141999 1.320095 0.844157 0.0118969 1.323899 0.849974 0.01252293 1.328037 0.856301 0.020527 1.328203 0.859282 0.03071999 1.324099 0.8635 0.03972488 1.318961 0.849283 0.02127695 1.325234 0.854119 0.03043889 1.323499 0.849283 0.04116398 1.314056 0.844411 0.03734892 1.312287 0.849356 0.04938691 1.306114 0.840666 0.03131389 1.310686 0.844448 0.02784395 1.31836 0.849283 0.03172093 1.320529 0.85521 0.04172599 1.316625 0.83314 -0.03369092 1.313922 0.818851 -0.03012597 1.312487 0.798017 -0.04697895 1.314122 0.790818 -0.03656697 1.313855 0.777038 -0.03700488 1.310652 0.768785 -0.03700488 1.306581 0.773693 -0.03243988 1.30845 0.764349 -0.03243988 1.302611 0.772966 -0.02831298 1.305747 0.763549 -0.02831298 1.29924 0.755623 -0.03447192 1.294803 0.756023 -0.02831298 1.290632 0.750205 -0.03444099 1.28616 0.75075 -0.02831298 1.280488 0.747005 -0.03172093 1.273981 0.748096 -0.02831298 1.269343 0.747005 -0.02959489 1.262269 0.748169 -0.02831298 1.257898 0.759695 -0.03700488 1.228601 0.79969 -0.04769796 1.214087 0.755332 -0.03706789 1.233506 0.755768 -0.03875595 1.233039 0.754677 -0.04475891 1.234441 0.761476 -0.03700488 1.301076 0.746896 -0.03584796 1.277752 0.837285 0.0560159 1.218992 0.848374 -0.01061499 1.23731 0.834013 -0.0202459 1.229035 0.846302 -0.01517999 1.23741 0.835212 -0.02168399 1.239346 0.830558 -0.0219649 1.248922 0.842848 -0.02199697 1.252126 0.848956 -0.0211839 1.250591 0.839285 -0.02199697 1.248622 0.852337 -0.01836997 1.246987 0.846375 -0.0192449 1.243583 0.853028 0.006081998 1.239746 0.853028 0.01261591 1.242416 0.849101 0.015899 1.24068 0.853028 0.01818192 1.246853 0.851538 0.02108997 1.250457 0.816997 0.02499788 1.264004 0.821105 0.02443498 1.259433 0.831576 -0.02215296 1.275283 0.850374 -0.01380497 1.284859 0.830086 -0.02446699 1.269276 0.828704 -0.02199697 1.283591 0.844157 0.02199697 1.276017 0.850374 0.007206976 1.287929 0.850374 1.6e-5 1.288997 0.847065 0.008488953 1.288062 0.846775 -6.41e-4 1.289764 0.840594 0.007738888 1.291666 0.840775 -0.003923952 1.2926 0.838085 -0.01020896 1.295069 0.850374 -0.007206976 1.287929 0.847065 -0.008488953 1.288062 0.840557 -0.01489889 1.288596 0.847029 -0.01480489 1.284792 0.848592 0.014117 1.284625 0.838485 0.01471096 1.2922 0.840521 0.01489889 1.288596 0.827322 0.02212196 1.275616 0.821105 0.02443498 1.268576 0.823977 0.02377897 1.279487 0.816997 0.02499788 1.281155 0.827322 0.02212196 1.252392 0.758168 0.05004292 1.243984 0.760713 0.04629099 1.243583 0.813979 -0.02849996 1.317025 0.8890165 -0.01055514 1.313316 0.8890159 -0.009106934 1.313603 0.8890163 -0.009852051 1.31353 0.8890163 -0.005886673 1.31392 0.8890158 -0.00738275 1.313773 0.888987 0.01861596 1.310871 0.888987 0.0181021 1.311027 0.888987 0.01701146 1.311358 0.888987 0.03212678 1.225351 0.888987 0.03170078 1.225002 0.8890069 0.01932549 1.217344 0.8890181 0.01178306 1.215056 0.8889931 0.02805626 1.222011 0.8890172 0.01147019 1.214961 0.8890165 0.01055389 1.214683 0.8890163 0.009852051 1.21447 0.8890159 0.009107351 1.214397 0.8890158 0.007391989 1.214228 0.8890163 0.005890548 1.21408 0.8889952 -0.009852051 1.21447 0.888987 -0.01549047 1.216181 0.8890087 0 1.2135 0.888987 -0.01701223 1.216642 0.888987 -0.01810151 1.216973 0.888987 -0.01861476 1.217128 0.888987 -0.01864331 1.217137 0.888987 -0.03230035 1.302506 0.888987 -0.03212553 1.30265 0.888987 -0.01882112 1.217191 0.888987 -0.03169906 1.303 0.8889931 -0.02805626 1.305989 0.8890181 -0.01178568 1.312943 0.8890069 -0.01932549 1.310656 0.8890172 -0.01147246 1.313038 0.8890087 0 1.3145 0.888987 0.01548796 1.31182 0.8889952 0.009852051 1.31353 0.8890197 -0.03985309 1.233341 0.8889909 -0.03426593 1.300893 0.8890138 -0.03570884 1.228291 0.8889878 -0.01932549 1.217344 0.889002 -0.02805626 1.222011 0.889024 -0.048877 1.276003 0.889024 -0.04295325 1.237747 0.889018 -0.04665589 1.283326 0.8889939 -0.03570884 1.299709 0.8890228 -0.0419892 1.235944 0.8890072 -0.0419892 1.292056 0.8888272 -0.04952961 1.254148 0.8888542 -0.05049997 1.264 0.8888958 -0.04665589 1.244675 0.8889759 -0.04952961 1.273852 0.889024 0.04295516 1.290249 0.889024 0.04887789 1.252 0.8890142 0.04665589 1.283326 0.889011 0.05049997 1.264 0.8890203 0.04952961 1.254148 0.8890089 0.04952961 1.273852 0.8889909 0.03426522 1.227106 0.8889939 0.03570884 1.228291 0.8890197 0.03985244 1.29466 0.889018 0.04665589 1.244675 0.8890072 0.0419892 1.235944 0.8890228 0.0419892 1.292056 0.888987 0.01882261 1.310809 0.8889878 0.01932549 1.310656 0.889002 0.02805626 1.305989 0.888987 0.03230148 1.225495 0.8890138 0.03570884 1.299709 0.888987 0.01864457 1.310863 0.8790001 -0.00586313 1.239879 0.8790001 -0.007799744 1.240241 0.8790001 -0.009562492 1.241121 0.8790001 -0.01457577 1.2437 0.8790001 -0.02065247 1.250105 0.8790001 -0.0205999 1.24993 0.8790001 -0.02045595 1.249639 0.8790001 -0.01971143 1.248686 0.8790001 -0.01568543 1.244657 0.8790001 -2.62009e-4 1.239012 0.8790001 0.001700699 1.239216 0.8790001 0.00727874 1.240083 0.8790001 0.009093403 1.240825 0.8790001 0.01410669 1.243404 0.8790001 0.02044755 1.249625 0.8790001 0.01964956 1.248637 0.8790001 0.02306181 1.254715 0.8790001 0.02499788 1.264004 0.8790001 0.02394807 1.270672 0.8790001 0.02491509 1.263332 0.8790001 0.02323925 1.272999 0.8790001 0.02075392 1.277837 0.8790001 0.01605302 1.282942 0.8790001 0.01991111 1.27908 0.8790001 0.02036565 1.278484 0.8790001 -0.02323925 1.272999 0.8790001 -0.02349609 1.272361 0.8790001 -0.02285104 1.273646 0.8790001 -0.02036565 1.278484 0.8790001 -0.01991111 1.27908 0.8790001 -0.01605302 1.282942 0.8790001 -0.01445364 1.284389 0.8790001 -0.009307861 1.287036 0.8790001 -0.02360773 1.255858 0.8790001 -0.02392202 1.25675 0.8790001 -0.02398616 1.257579 0.8790001 -0.02490788 1.264898 0.8790001 -0.02499788 1.264004 0.8790001 -0.02389562 1.271327 0.8790001 -0.00760132 1.28783 0.8790001 -0.005733191 1.288106 0.8790001 1.6e-5 1.288997 0.8790001 0.001875877 1.288721 0.8790001 0.00760132 1.28783 0.8790001 0.009315788 1.287011 0.8790001 0.01454073 1.284324 0.8790001 0.01582866 1.283164 0.8790001 0.02387547 1.27128 0.8790001 0.02338194 1.272697 0.8790001 0.02387547 1.256729 0.8790001 0.02351057 1.255636 0.8790001 0.02343112 1.255399 0.8790001 0.01565253 1.244636</float_array>
          <technique_common>
            <accessor source="#polygons_004-mesh-positions-array" count="1488" stride="3">
              <param name="X" type="float"/>
              <param name="Y" type="float"/>
              <param name="Z" type="float"/>
            </accessor>
          </technique_common>
        </source>
        <source id="polygons_004-mesh-normals">
          <float_array id="polygons_004-mesh-normals-array" count="12837">-0.7068893 0.7073243 -2.71598e-4 -0.7939137 0.6080275 0.001903653 -0.3999842 0.9165217 -6.96579e-4 -0.715377 0.6933618 0.08651745 -0.2436274 0.9698686 -7.97664e-4 -0.3010408 0.9458556 0.1213741 0.1164489 0.9713988 0.2069395 -0.01382589 0.8813763 0.4722127 0.1166973 0.9713214 0.2071632 -0.01356601 0.8812826 0.472395 0.03564745 0.6960171 0.7171399 -0.09466123 0.7414199 0.6643312 0.03575897 0.695747 0.7173964 -0.06604015 0.6310775 0.7729036 0.09688174 0.309574 0.945927 -0.9981432 0.06001746 0.0104047 -0.9813881 0.1920307 0.00128597 -0.9814891 -0.1915156 -0.001056253 -0.9981427 -0.0600326 -0.0103631 -0.7943706 -0.6074314 -0.001627385 -0.6058318 -0.7860202 -0.1230453 -0.5642442 -0.8254311 0.01708728 -0.794157 -0.6077108 -0.001604914 -0.5292587 -0.8415167 0.1083278 -0.9457746 -0.3213034 -0.047692 -0.8588889 -0.01347941 0.5119848 -0.9187482 0.005299031 0.3948084 -0.8870098 0.004246354 0.4617311 -0.9981431 0.06001698 0.01041167 -0.9660632 0.002779304 0.2582911 -0.9999904 -0.001412153 -0.004149794 -0.9999908 0.001373231 0.004058003 -0.9663233 -0.002788901 -0.257316 0.08997929 0.2913237 0.9523835 -0.4245639 0.1944982 -0.8842602 -0.4024196 0.3839228 -0.8310607 -0.4024316 0.3838344 -0.8310957 -0.3639465 0.9022721 -0.2311882 -0.3639104 0.9022928 -0.2311644 -0.3639105 0.9022928 -0.2311643 -0.246093 0.9200527 0.304863 -9.47297e-4 0.9928609 0.1192745 0.1277183 0.7400273 0.6603392 0.1141904 0.9934589 0 0.1141904 0.9934589 0 0.1140952 0.9934698 0 -0.9812406 0 0.1927874 -0.7031815 0.314816 0.637516 -0.4747909 0.4742195 0.7414105 -0.4141805 0.4148511 0.8101562 0.994641 0.03875648 -0.09585005 0.985904 -0.003471493 0.1672756 0.9320732 -0.03020697 -0.3610086 0.7744531 -0.05509412 -0.6302279 0.5669803 0.01269155 -0.8236336 0.9319515 -0.03002971 -0.3613373 -0.3146079 0.9195408 0.2355139 -0.4236549 0.8726441 0.2429174 -0.09691941 0.9848887 0.1435301 -0.8637401 0.3561857 0.3564899 0.6794469 -0.01695859 -0.7335287 0.6794317 -0.01697897 -0.7335423 0.7018344 0.011635 -0.7122451 0.6559877 -0.04556185 -0.7533951 -0.3224875 -0.1293719 -0.9376913 -0.05308121 -0.3922654 -0.9183194 0.02912771 -0.7645449 -0.6439121 0.8912732 0.02422535 0.4528194 0.7568222 -0.008463859 0.6535662 0.9795892 -0.03860104 0.1972689 -0.866725 0.3697806 -0.3347392 -0.8667115 0.3697798 -0.3347747 -0.8520404 0.3847025 -0.355009 0.9796528 -0.03841036 0.1969906 0.9796537 -0.03841531 0.1969851 0.9966244 0.08209705 0 0.4872291 -0.04595071 0.8720644 0.7566161 -0.008287906 0.653807 0.1743766 0.02181077 0.9844375 0.9858495 -0.003280639 0.1676011 0.985851 -0.003287613 0.1675922 0.8853422 0.1627079 0.4355403 -0.9078076 -0.4187926 0.02232116 -0.7733901 -0.6339148 -0.004459619 -0.9724953 -0.2173931 0.08362531 -0.8399717 -0.537532 -0.07420802 -0.4741199 -0.8804588 0.001661777 -0.8854264 -0.4635291 0.03407233 0.695324 -2.46719e-4 -0.7186965 0.6953164 -2.51279e-4 -0.7187038 0.643819 0.05376118 -0.7632868 0.6182837 -0.785793 -0.01596379 0.7843576 -0.6201458 0.01422321 0.4144492 -0.9098161 0.02160477 -0.9419009 -0.3179965 0.1081716 -0.8856044 -0.4631878 0.03408902 -0.9995198 -0.01351183 0.02788525 -0.9316687 0.06169265 0.358033 -0.9800566 -0.05230647 0.1917112 -0.9793774 -0.1419307 0.1437903 0.07418555 0.06260389 0.9952775 0.05807429 0.2166132 0.9745287 0.03841215 0.1846125 0.9820605 -0.04703325 0.01523524 0.9987772 -0.01801824 -0.07381576 0.9971092 0.2161192 -0.1215671 0.9687694 -0.1289087 -0.06284075 0.9896634 -0.1438248 -0.08509629 0.9859376 -0.3970505 0.345424 0.8503136 -0.2553328 0.1214681 0.9591928 -0.56831 0.3900496 0.7244896 0.212979 -0.9758022 0.04949831 -0.004523813 -0.9999044 0.01306891 0.4141428 -0.9099592 0.02145195 -0.2949792 0.0819627 0.9519819 -0.2596938 5.77517e-4 0.9656909 -0.328985 -0.307801 0.8927639 -0.3121498 0.05658107 -0.9483466 -0.004239678 0.007582306 -0.9999623 -0.5708947 0.007823228 -0.8209862 0.6843185 0.04493319 -0.7277975 0.8418287 -0.004682004 -0.5397246 0.5232878 0.01860225 -0.8519531 0.841989 -0.004482924 -0.5394761 0.8419638 -0.004492878 -0.5395156 0.9091711 0.08989471 -0.4066042 0.8435109 0.03757303 -0.5357965 0.9180807 0.02769476 -0.3954251 0.6953578 -3.04014e-4 -0.7186636 0.9941579 0.02524852 0.1049414 0.9855406 -0.001638948 -0.1694321 0.9182136 0.02784514 -0.3951059 -0.6463693 -0.751493 -0.1321552 -0.4626431 -0.8085891 -0.3635179 -0.4719708 -0.8697032 -0.1444302 -0.8466333 -0.08229345 0.5257754 0.0263729 0.968696 0.2468455 -0.0126844 0.9462569 0.3231673 -6.62718e-4 0.9844363 0.1757408 0.2760836 -0.03119403 -0.9606273 -0.003895521 0.00774914 -0.9999624 0.5230031 0.01875001 -0.8521246 -0.8424182 -0.05058193 0.5364447 -0.6151937 0.01103812 0.7882987 -0.9800326 -0.05204051 0.1919063 -0.04788488 0.9907757 -0.1267699 -0.08806014 0.9648972 -0.2474247 -0.08800369 0.9647837 -0.247887 -0.9358795 -0.04077947 -0.3499523 -0.9968639 0.009101331 -0.07861137 -0.7882393 -0.01584845 -0.6151649 0.2343183 0.1939609 -0.9526144 0.3729202 0.4799057 -0.7941165 0.3729203 0.4799057 -0.7941164 -0.01083123 0.003574371 -0.999935 -6.09239e-6 0 -1 -0.01984053 0.001373291 -0.9998023 0.008794009 0.003843903 -0.999954 -0.01043879 -0.001852333 -0.9999438 0.002078294 0.005428314 -0.9999831 -0.09694892 -0.002372801 -0.9952866 -0.00769186 0.00242418 -0.9999676 -0.01119792 -0.003642082 -0.9999307 -0.02391976 -0.01398754 -0.9996161 -0.004475891 -0.003906011 -0.9999824 0.006242692 0.003665745 -0.9999738 0.008702933 5.3795e-4 -0.999962 -0.002144217 0.003797769 -0.9999906 0 0 -1 -0.01554107 0.008568882 -0.9998426 -0.6512063 0.5985963 0.4664899 -0.6512036 0.5986413 0.4664361 -0.4101523 0.8514998 0.3266856 0.218073 0.7841309 -0.5810189 0.6176672 0.5918074 -0.5179299 0.7764207 0.5902386 -0.220883 0.6176175 0.5916336 -0.5181877 0.3597102 0.3490576 -0.8653135 0.9010055 0.3225203 -0.2901203 0.05278557 -0.03658741 -0.9979355 0.2954264 0.1488974 -0.9436911 0.1088461 0.1437531 -0.9836095 -0.123191 -0.01766467 0.9922258 -0.1232391 -0.01765495 0.9922199 -0.3422278 0.1117652 0.9329463 0.9288281 0.06880158 0.3640671 0.8215658 0.04347693 0.5684537 0.994125 0.02510607 0.105286 0.8971269 0.4388775 0.05049616 0.9727841 0.2313464 0.01303738 0.7806635 0.6245122 0.02343285 0.45125 -0.361733 -0.8157958 0.7437371 -0.3437786 -0.5732988 0.3194886 -0.03641605 -0.9468902 0.5940175 0.8043681 -0.01163446 0.1328421 0.9907155 0.02891093 0.7804489 0.624776 0.02354687 0.9885916 0.1382591 0.05975854 0.9546542 0.2733058 0.1180648 0.9913322 0.1192333 0.05517178 -0.6725939 -0.358177 0.6475544 -0.6725934 -0.358177 0.6475549 -0.6725934 -0.358177 0.6475549 -0.7417583 0.377281 0.5544852 -0.8001176 0.2605392 0.5403066 -0.8423507 0.3729981 0.3889958 0.1535074 -0.9707264 -0.1847316 0.1867325 -0.966845 -0.1741886 0.1708473 -0.961309 -0.2160934 -0.6660904 0.04853624 0.7442902 -0.3577212 -0.21047 0.9098011 -0.5919752 -0.2995943 0.7482036 0.2995517 -0.003447949 0.9540739 0.2995706 -0.003443956 0.954068 -0.03633254 0.1541129 0.987385 -0.9507391 0.1286152 0.282052 -0.9505906 0.1288226 0.2824578 -0.9506946 0.1286774 0.2821737 0.8829522 -0.01412659 -0.4692505 0.9575199 -0.1220783 -0.2612519 0.8829411 -0.0140624 -0.4692732 -0.2569698 0.8673055 0.4263188 -0.04876875 0.9438531 0.3267461 -0.0512517 0.9136306 0.403302 -0.8762667 0.04592198 0.4796332 -0.7398923 0.175996 0.6492957 -0.8762675 0.04593408 0.4796304 -0.9681168 0.2488042 -0.0290926 -0.9838703 0.1738346 0.04219895 -0.9712987 0.08786427 0.2210404 -0.9990963 0.03283679 -0.02698588 -0.8764269 0.04575359 0.4793564 -0.9680439 0.2490634 -0.02930074 -0.9418787 0.3206498 -0.1002414 0.8985833 0.2157816 0.3820819 0.8786391 0.2390587 0.4133335 0.8986195 0.2157366 0.3820219 0.9167707 0.1921108 0.3501784 0.991377 0.1189228 0.05503761 0.9992207 -0.03836113 -0.009308576 -0.7548174 0.03265285 -0.6551218 -0.5632941 -0.01017969 -0.8261939 -0.8960277 -0.02082729 -0.4435096 -0.3026527 -0.06686383 -0.9507526 -0.5629971 -0.01003396 -0.826398 -0.03339421 -0.01589852 -0.9993158 -0.8961652 -0.02066832 -0.4432391 -0.9741256 0.1088261 -0.1980816 -0.8961607 -0.02067112 -0.443248 0.00539416 0.9999011 -0.01299798 -0.06905734 0.9975227 0.01340323 0.9633487 0.2485586 0.1008856 0.7771087 0.5641728 0.2789466 0.9397076 0.3176528 0.126675 0.3431609 0.8581639 0.3818315 0.776881 0.5643972 0.2791269 0.7970547 0.5623299 0.2202021 0.9255538 7.17177e-4 -0.3786156 0.9255539 7.17206e-4 -0.3786151 0.9144969 -0.07836717 -0.3969308 -0.6597176 0.1200689 -0.74186 -0.3373161 0.19576 -0.9208126 -0.4223014 0.579601 -0.6969392 -0.3395468 -0.3101121 0.8879969 -0.290174 -0.305175 0.9070101 -0.1480047 -0.3673127 0.9182462 0.8784341 0.4443669 -0.1757602 0.8783426 0.4445276 -0.1758114 0.8784341 0.4443669 -0.1757602 -0.9490718 -0.3149335 0.008920788 -0.9926187 -0.1212431 0.002873837 0 1 6.06796e-5 -0.9997305 -0.02249968 -0.005735397 -0.9992998 -0.03741776 0 -0.9999019 -0.01291006 -0.00543785 -0.9997308 -0.0224834 -0.005740582 -0.9999018 -0.01292771 -0.005429625 -0.9997295 0.006775319 0.02225536 -0.9999682 0.006301999 -0.004911065 -0.998512 0.01418799 0.05265504 -0.9936403 0.02201968 0.1104273 0.7407214 0.005128443 0.6717928 0.5791564 -0.02111291 0.8149431 0.8701423 -0.04787909 0.4904692 0.9772704 0.1006773 -0.1865653 0.9998128 -0.004259288 0.01887547 -0.3967781 -0.9110721 0.1118698 -0.5190327 -0.8540861 0.03379708 -0.5022569 -0.7680569 0.3972738 0.2873786 -0.9525662 0.1001556 -0.4169768 -0.9085226 0.02677899 -0.0891965 -0.9688503 0.2310264 -0.3965611 -0.911175 0.1118008 -0.196038 -0.9450655 0.2615729 -0.481505 -0.762493 0.4321546 -0.576086 -0.626241 0.5253068 -0.5021995 -0.7679091 0.3976324 -0.3654615 -0.5888056 0.7209342 -0.5319606 -0.7711974 0.3496747 -0.5193093 -0.8539148 0.0338732 -0.7880432 -0.5471299 0.2822003 -0.84922 -0.2369475 0.4718909 -0.9720441 -0.0378074 -0.2317344 -0.9462471 -0.1103153 -0.3040511 -0.9984126 0.04800122 -0.02946478 -0.9922506 0.1142669 -0.04880535 -0.9989489 0.0412144 -0.02006179 -0.998416 0.04794061 -0.02945041 -0.9989494 0.04120612 -0.02005505 -0.9994401 -0.03196251 0.009890437 -0.9990454 -0.03880065 0.0200684 -0.9935693 -0.1053376 0.04152357 -0.8650615 0.01419174 -0.5014652 -0.9193919 -0.005327701 -0.3933069 -0.887937 -0.004199028 -0.4599459 0.0177347 -0.8722848 -0.4886764 0.04835891 -0.7314877 -0.6801376 0.04613906 -0.9547653 -0.2937595 -0.9981449 -0.05999106 -0.01038485 -0.06307649 -0.5315817 0.8446552 -0.06307691 -0.5315816 0.8446553 0.01378434 -0.4189249 0.9079163 -0.9960656 0.03820174 0.0799638 -0.9289294 0.01541131 -0.3699361 -0.9960484 0.03570777 -0.08131849 0.5046324 -0.0855785 -0.8590824 0.1317346 -0.01464009 -0.9911769 0.2071775 -0.1871284 -0.9602398 -0.2699599 0.3078581 0.9123294 0.04600137 -0.954874 -0.2934271 -0.04656708 -0.998377 -0.03278613 0.04601162 -0.9548748 -0.2934231 -0.5491077 -0.6907168 0.470522 -0.4850972 -0.8122565 0.3239139 -0.3141213 -0.9308607 0.1866176 -0.9659134 -0.2531523 0.05408656 -0.9975091 0.00141102 0.07052516 -0.9994589 -0.0262314 0.01984882 -0.9960265 0.0358774 -0.08151078 -0.9909902 0.03821098 -0.1283683 -0.9945665 0.1039007 0.006502151 -0.4065869 0.8859464 -0.2231281 -0.3397378 0.712583 -0.6138435 -0.2724961 0.9169863 -0.2913452 0.8702867 -0.04774224 0.4902263 0.9987536 0.02989596 -0.03996813 0.8702808 -0.04772758 0.4902384 -0.9975063 0.001422882 0.07056432 -0.9902573 0.03724497 0.1341767 -0.9975064 0.0014261 0.07056212 -0.1053655 -0.2140062 0.9711332 -0.1053498 -0.2141461 0.9711039 -0.1053498 -0.2141461 0.9711039 0.2747589 -0.8905776 -0.3624627 0.5877102 -0.2081781 -0.7818304 0.4326034 -0.6504424 -0.6243229 0.8781576 -0.3345104 0.3419679 0.7560251 -0.6496626 0.07977855 0.6941758 -0.4722219 0.5432555 -0.5829335 0.5195032 0.6247441 -0.1799707 0.5876528 0.7888441 -0.6285393 0.6578885 0.4148748 0.9785019 0.0334981 -0.2034991 0.9784961 0.0335431 -0.2035199 0.9771923 0.1008719 -0.1868692 -0.2275856 0.2512852 0.9407766 -0.4050619 0.3301768 0.8525891 -0.322446 0.1001618 0.9412737 -0.7592543 -0.06866973 -0.647161 -0.1110567 -0.5585226 0.8220213 0.002641022 -0.5520005 0.8338395 -0.006363034 -0.8728328 0.487978 -0.2126299 -0.3422963 -0.9152169 -0.212631 -0.3423861 -0.9151831 -0.212631 -0.342386 -0.9151831 -0.07443171 0.3198784 -0.9445305 -0.07443171 0.3198781 -0.9445306 -0.07442355 0.3198336 -0.9445463 0.04933613 -0.9987785 -0.002742588 0.2462023 -0.9684376 -0.03889948 0.4259917 -0.9045228 -0.01922374 0.07802695 -0.9467965 0.312231 0.4701708 -0.6131093 0.6348515 0.4404752 -0.8630253 0.247324 0.5191322 -0.4317798 0.7376096 0.3725348 -0.6876988 0.6231278 0.1102478 -0.3277713 0.9383025 0.004384696 0.003758549 0.9999833 0.002426505 -0.02320581 0.9997278 -0.01658546 0.002738654 0.9998588 -0.7880759 -0.5470972 0.2821724 -0.7122365 -0.7016252 0.02100712 -0.9656468 -0.2583153 0.02827876 0.1456089 0.06555843 0.9871677 0.0303176 0.2956489 0.9548155 0.2295466 0.4852351 0.8437152 0.9902021 -0.05077475 0.130083 0.9609538 -0.1006774 0.257744 -0.5286434 -0.8328667 0.1639183 -0.3602559 -0.9328159 -0.008394062 -0.4647496 -0.8840422 0.04977208 -0.9998998 -0.009273052 -0.01070106 -0.9660754 -0.04348164 -0.2545734 -0.9999164 -0.004851996 -0.01198416 0.04154789 -0.9546691 -0.2947556 0.1556243 -0.9854934 -0.06770396 0.081101 -0.9915446 -0.1013022 -0.1430933 0.9889163 0.03960901 -0.06912326 0.9975177 0.01343625 -0.7201352 -0.03766822 -0.6928105 -0.8181807 0.07775098 -0.5696798 -0.7201343 -0.03766793 -0.6928115 0.05118286 0.9914557 0.1199828 0.08846527 0.9688203 0.2314332 -0.03944098 -0.0642085 -0.9971568 -0.03943932 -0.0642057 -0.9971571 -0.03944092 -0.06420665 -0.9971569 -0.2351295 0.1870366 0.9537985 -0.3765788 0.4617889 0.8030813 -0.0335623 0.1027822 -0.9941375 -0.006378114 0.3028779 -0.9530081 -0.1571607 -0.3189771 -0.9346413 -0.009017229 -0.1745387 -0.9846091 -0.2943421 -0.373641 -0.8796335 -0.08050334 -0.280766 -0.9563942 -0.007201492 -0.9667746 0.2555291 0.02660346 -0.9979079 0.05892491 -0.0140798 -0.7280905 0.6853364 -0.08821415 -0.7279607 0.6799203 -0.5209425 -0.1243736 0.8444822 -0.1332819 -0.6849526 0.7162932 0.005570888 0.03193962 -0.9994743 -0.06805282 0.3908158 -0.9179498 0.03601741 -0.01115483 -0.999289 -0.7964636 0.5783651 -0.1764647 -0.2880271 0.9573709 0.02194607 -0.1451026 0.9894152 0.001685023 0.02931588 0.9995703 1.02812e-4 0.01767557 0.9998391 -0.003049015 -0.01141583 0.9998503 0.01300537 0.9944773 -0.06457895 0.08273226 0.9983902 -0.04521012 0.03425246 0.9995502 -0.02425682 0.01763415 -0.7532238 0.06739246 0.6543029 -0.549765 0.8343821 0.03956216 -0.5844612 0.8106572 0.0352168 -0.5497652 0.8343819 0.03956198 -0.9408534 -0.221039 0.2567816 -0.6060121 -0.7693109 0.2022623 -0.771575 -0.4938424 0.4009885 0.9520016 -0.2551917 0.1690273 0.8856928 -0.4502571 0.113212 0.7560308 -0.6496716 0.07965201 0.0605176 -0.002616107 -0.9981638 0.06052118 -0.002627432 -0.9981635 0.06020009 -0.002722978 -0.9981827 -0.8105013 0.5857291 0.003017604 -0.6466905 0.7623013 0.02623355 -0.2461249 0.9683696 -0.04102647 -0.9773179 -0.0609948 0.2028041 -0.9134844 0.001462519 0.406871 -0.8276074 0.07107776 0.556789 -0.505593 -0.8624434 0.02381992 -0.5874544 -0.7609421 -0.2754352 -0.8274132 0.07119631 0.5570626 -0.6831126 0.02511614 0.7298811 -0.4874 0.02935987 0.8726851 -0.02889955 0.004373848 0.9995728 -0.2726255 -0.1340385 0.9527377 -0.02887827 0.004422307 0.9995732 0.8101056 -0.5862306 0.007930278 0.6462864 -0.762497 0.03020572 0.2464099 -0.9683769 -0.03909522 -0.3092612 -0.1458419 -0.9397274 -0.3673062 -0.1704692 -0.9143448 -0.2918353 -0.5543354 -0.7794515 0.4559721 -0.1296876 -0.8804946 0.1148431 -0.2033259 -0.9723527 0.1562092 -0.0660234 -0.9855149 -0.05713206 0.004893779 0.9983547 -0.2911445 -0.009159743 0.9566353 -0.006380975 0.04313355 0.999049 -0.06276041 0.9966601 -0.05224829 -0.2429649 0.9589152 -0.1464572 -1 0 0 -1 -1.43085e-4 0 -1 1.08692e-4 0 -1 7.4549e-5 0 -1 -5.32209e-5 0 -1 -1.53846e-4 0 -1 -1.08573e-5 0 -1 -7.4549e-5 0 -0.8987131 -0.1217075 -0.42131 -0.8987118 -0.1217275 -0.4213069 -0.9026119 -7.87981e-4 -0.4304547 -0.8814478 -0.2408586 -0.4062473 0.9842598 -0.1572213 -0.08071005 0.9376861 -0.3091162 -0.1587201 -0.9479885 -0.313079 0.05743944 -0.6933012 0.7121446 0.1103792 -0.9345987 0.3488771 -0.06935495 -0.712476 0.6529667 -0.256929 -0.1333786 -0.006289005 -0.9910453 -0.1333816 -0.006277143 -0.9910449 -0.01254832 0.06960016 -0.9974961 -0.9542698 0.2988149 -0.00887829 -0.9932896 0.1156186 -0.002866923 -0.9999191 0 -0.01272147 -0.9290273 0.3315047 -0.1643562 -0.9890949 0.1305745 -0.06812977 0.9999565 -0.009150326 0.001806557 0.9957745 -0.02985173 0.08684474 0.9992554 -0.01373231 0.03605782 0.9969757 -0.01142239 0.07686984 0.9935138 7.78257e-4 0.1137096 0.9997836 0.007662177 0.01934063 0.9955311 -0.002522945 0.09440076 0.9967951 0.02176046 0.07698172 0.971614 0.04013442 0.233143 0.9961823 -6.12862e-4 0.08729529 0.9955731 0.05344945 0.077313 0.9979755 0.01652342 0.06141585 0.9974591 0.0572369 0.04242044 0.9699919 -0.04090899 0.2396709 -0.7616204 0.5769911 -0.2949844 -0.9960446 0.03880357 0.07993358 -0.9945755 0.1037949 0.006807386 -0.9902592 0.03723508 0.1341652 0.1374371 -0.9905012 0.004285931 0.07140654 -0.945742 0.3169751 0.01695132 -0.9823846 0.1860998 -0.9728997 -0.06048029 0.2231775 -0.5642563 -0.8254204 0.01720005 -0.7050602 -0.6999127 0.1140721 -0.7171825 -0.6748463 0.1738728 -0.2720115 0.004173576 -0.9622851 -0.6046625 5.6361e-4 -0.7964816 -0.301204 0.3398744 -0.890933 0.7037573 -0.3965273 0.5894845 0.9030773 -0.4286239 0.02707767 0.7889434 -0.6144504 0.004382252 0.9761241 -0.2167819 -0.01369613 -0.04668575 -0.9317063 0.3601998 -0.03420001 -0.9841397 0.1740676 -0.04699683 -0.9555077 0.2911982 -0.2007665 0.3687204 -0.9076003 0.07198643 0.1760337 -0.9817485 -0.1744382 -0.008117198 -0.9846347 0.1006684 -0.06664431 -0.9926855 0.02761435 -0.008229017 -0.9995848 0.07223355 0.1759498 -0.9817454 0.09145963 -0.943472 -0.3185842 0.09145963 -0.943472 -0.3185841 0.09152305 -0.9434086 -0.3187536 -0.9812251 0 -0.1928665 -0.04183661 0.9985172 -0.03482979 -0.3883483 0.03883141 0.9206942 -0.5656547 0.01221352 0.8245519 -0.1309933 -0.002049326 0.9913812 0.09977942 0.995009 -0.001060962 0.1167724 0.9713744 0.2068721 0.0756126 0.9683173 -0.2380012 0.02582573 -0.9996641 -0.002210199 -0.002056241 -0.9880124 -0.1543608 -0.03395336 -0.9983602 -0.04608815 0.9982244 -0.01852339 -0.05661243 0.9955732 -0.05345106 -0.07731115 0.9992352 -0.02028089 -0.03343158 -0.9990127 -0.03963148 0.02007853 -0.9933485 -0.1074198 0.04147177 -0.9994215 -0.03253519 0.009912192 -0.9989468 0.04133278 -0.01992517 -0.9984137 0.04798108 -0.02946215 -0.9922534 0.1142457 -0.04879629 -0.8637086 -0.3562747 -0.3564769 -0.2774789 0.7069356 -0.6505748 0.002360105 0.4751561 -0.8798984 -0.4359161 0.6291527 -0.6435402 -0.01788145 0.868181 0.4959255 0.01574587 0.7383784 0.6742028 0.01056838 0.9512934 0.308106 -0.2789942 0.02721673 0.959907 -0.6156336 9.01898e-4 0.788032 -0.1944189 -0.228242 0.9539953 0.8552489 -0.2296774 -0.4645403 0.7320669 -0.1980007 -0.6518234 0.6748034 -0.06824177 -0.7348357 -0.1307359 -0.001847267 0.9914156 0.1918056 0.2761036 0.9417948 -0.1307222 -0.001859188 0.9914173 0.5321291 0.7696156 0.3528891 0.4189262 0.2206542 0.8808022 0.3816581 0.445403 0.8099095 0.02151447 -0.9985169 0.05001085 0.1147804 -0.9921002 0.05062389 0.06401133 -0.9968627 0.04655647 -0.01510918 -0.4180651 0.9082914 -0.01507866 -0.4180746 0.9082876 -0.1521896 -0.6304003 0.7612056 -0.4590343 0.8553566 0.2401102 -0.6445418 0.7278816 0.2339964 -0.3476752 0.9328116 0.094787 -0.9984138 0.04798144 -0.02946031 -0.9989464 0.04132062 -0.0199694 -0.9991772 -0.03876173 0.01193648 -0.998534 -0.04899138 0.02301681 -0.9909334 -0.1257752 0.04724085 0.4156639 -0.245573 -0.8757382 0.2983483 -0.4977746 -0.8143763 0.4118441 -0.06794458 -0.9087178 0.8464463 -0.02660679 0.5318089 0.9073161 0.06821054 0.4148796 0.8464651 -0.02657055 0.5317808 1 -2.48489e-6 0 -0.999023 -0.03929364 0.0202288 -0.993443 -0.1063972 0.04184311 -0.999428 -0.03230589 0.01000869 -0.9989508 0.04119753 -0.02000349 -0.9984137 0.04798239 -0.02946239 -0.992253 0.1142488 -0.0487976 0.3814383 -0.6411508 -0.6659058 0.5693932 -0.5746676 -0.5878338 0.1548 -0.7535278 -0.6389312 -0.7657617 -0.5728579 0.292306 -0.9528527 -0.1254808 -0.2762725 -0.9527072 -0.1256487 -0.2766973 -0.9528527 -0.1254807 -0.2762725 -0.1262694 -0.5379832 0.8334447 -0.03639197 -0.3850632 0.9221724 -0.181212 -0.6288064 0.7561513 -0.09044551 -0.9955582 0.02614355 0.1081838 -0.94968 -0.293946 0.01698327 -0.9978685 -0.06300884 0.8103422 0.5859002 -0.008161902 0.6464941 0.762316 -0.03032612 0.2466147 0.9683188 0.0392419 0.04935407 0.9987778 0.002723217 0.2464504 0.9683672 0.03908246 0.4263063 0.904371 0.01939344 0.1600177 0.4600794 -0.8733392 -0.03944474 0.335 -0.9413921 0.3881819 0.4686712 -0.7935125 0.1667048 -0.9319568 -0.3219723 0.1829211 -0.9035546 -0.3874647 0.1187803 -0.8857132 -0.4487799 0.04353713 -0.5302166 0.8467437 -0.006932139 -0.208908 0.9779108 0.03507339 -0.7251913 0.6876537 -0.07822304 -0.3210803 0.943816 -0.2311847 -0.6591139 0.7156274 -0.08196431 -0.8480389 0.523557 -0.2820937 -0.8067604 0.5191926 -0.4462679 -0.8352648 0.321213 -0.0820952 -0.8482155 0.5232504 -0.08205044 -0.8482604 0.5231847 -0.3013862 -0.8786319 0.3703681 -0.05922973 -0.8085868 0.5853883 -0.08191138 -0.8480897 0.5234832 -0.04513329 -0.5844485 0.8101747 -0.1806181 -0.7478703 0.6388013 -0.06613481 -0.2826032 0.9569544 -0.05555325 -0.4896615 0.870141 -0.3843576 -0.4129498 0.8256766 0 -1 0 -0.9849601 -1.57967e-4 -0.1727824 -0.9849574 -1.88783e-4 -0.1727973 -0.8795033 0.1685432 -0.4450475 -0.2334866 -0.5290557 0.8158333 -0.2519332 -0.450153 0.8566749 -0.3161334 -0.5472857 0.7749439 -0.4370781 -0.7774379 0.4522755 -0.2335401 -0.5292617 0.8156844 -0.3652744 -0.5889156 0.720939 0.01997083 0.01759254 -0.9996458 0.01969146 0.01740688 -0.9996546 0.01349532 0.01338416 0.9998194 0.02669256 0.02365696 0.9993638 -0.9720936 -0.03763693 -0.2315547 -0.987134 0.03519517 -0.1559735 0.9252243 -0.3223344 0.2001518 0.6696863 -0.666548 0.3274663 0.9244685 -0.318799 0.2091059 -0.3865678 0.2125032 -0.8974451 -0.6064202 -0.1542149 -0.7800464 -0.2040854 -0.1678115 -0.9644628 0.9992534 0.01372247 -0.03611677 0.995772 0.02986925 -0.08686745 0.9990772 0.01387101 -0.04065001 0.3075523 0.9514402 -0.01316046 0.3531373 0.9355626 -0.004077255 0.6130905 0.7889291 0.04136455 0.4182056 -0.07509571 0.905243 0.1233068 -0.4187168 0.8997065 0.1679384 -0.05709463 0.9841427 0.5974946 -0.8015353 -0.02326917 0.5973082 -0.8016758 -0.02321481 0.5974946 -0.8015353 -0.02326935 -0.0563212 -0.9983533 -0.01089489 -0.2210413 -0.9746693 -0.03406596 0.3795635 -0.9250956 -0.01139253 0.2022807 -0.9793275 5.26976e-4 0.379901 -0.9249575 -0.01134818 0.6271265 -0.7786264 0.02129572 0.8888735 -0.4581239 -0.005155444 0.9838916 -0.1779278 0.01730012 0.9999082 0.01223677 -0.005839645 0.9839586 -0.1775537 0.01732599 0.9601688 0.27941 -0.002448618 0.8956454 0.4443561 0.019158 0.8021951 0.5956618 0.04086661 0.8954973 0.444657 0.01910203 0.3075509 0.9514406 -0.01316434 0.04001939 -0.02817362 0.9988017 0.3031692 0.01346153 0.9528416 0.227452 0.03560012 0.9731383 0.05720955 0.0308389 0.9978858 -0.06976157 -0.03752583 0.9968577 -0.1101924 -0.1067239 0.9881638 -0.1170183 -0.1346206 0.9839634 0.3072295 0.9515435 -0.01323223 0 0.9976311 -0.06879055 0.004608809 0.9981166 -0.06117302 0.1141904 -0.9934589 0 0.1141904 -0.9934589 0 0.1140952 -0.9934698 0 -0.2708639 -0.05432319 0.9610837 -0.4695899 -0.00998491 0.8828283 -0.003177404 -0.003781318 0.9999879 -0.8462548 0.08253216 -0.5263472 -0.8460763 0.08255583 -0.5266304 -0.8459487 0.08257263 -0.5268326 0.7243615 0.6846279 0.08114862 0.5700966 0.6877737 0.4493967 0.4884034 0.7772715 0.396625 7.57332e-5 0.7422004 -0.6701781 0.01045215 0.9513975 0.3077883 -0.08133065 0.9940033 0.07309514 0.01044136 0.9513966 0.3077915 0.03520625 -0.6550917 0.7547289 -0.03574895 -0.4011707 0.9153056 -3.2486e-4 -0.8477866 0.5303376 0.9934855 -8.16424e-4 -0.1139563 -0.4823997 0.6191627 0.6196195 -0.2291547 0.394802 0.88973 -0.7944337 0.350932 0.4957035 0.9988669 -0.04751044 0.002815902 0.9988668 -0.04751074 0.002815663 0.9988646 -0.04755568 0.002832412 -0.05301952 0.09654581 0.9939154 -0.07183384 0.4037616 0.9120397 -0.1951348 0.3146616 0.9289299 -0.9975745 -0.03070104 -0.06247037 -0.8589861 -0.01345717 0.5118221 -0.9992392 -0.03092229 0.02376592 -0.2007505 -0.1972628 -0.9595764 -0.2007505 -0.1972628 -0.9595764 -0.0965287 -0.1648631 0.9815816 -0.03554892 -0.4008627 0.9154483 -0.04084509 0.2599712 0.9647522 -0.9990764 -0.03278607 0.02777498 -0.9992368 -0.03095328 0.02382999 -0.9999359 0.01128351 0.00107789 -0.4416117 0.02222454 0.896931 -0.1432882 0.02877438 0.9892627 -0.2596809 0.1010405 0.960394 -0.2521312 -0.3392414 -0.906281 -0.1554741 -0.4270352 -0.8907688 -0.3436538 -0.07590442 -0.9360239 -0.009706676 0.9999499 0.002489089 -0.006397962 0.9999778 0.001895666 -0.0120635 0.9999223 0.003138661 -0.00319153 0.9999906 0.002959907 -0.005036294 0.9999795 0.003962874 -0.003989577 0.9999912 0.001353204 -0.004008948 0.9999911 0.001383066 -0.005028903 0.9999796 0.003953576 0.001431882 0.9999921 -0.003715813 0.07453316 0.9778027 0.1958233 0.05352699 0.9491212 0.3103286 0 1 0 0.2444498 0.9365506 0.2512314 0.3464378 0.795746 0.4967587 0.05364573 0.9490056 0.3106616 0.05355554 0.9490052 0.3106786 0.2718597 0.8449637 0.4605742 0.02563536 0.8961084 0.4430943 0.03569054 0.9155394 0.4006419 0.008760452 0.9777596 0.209546 0.006513595 0.9650242 0.2620798 0.2332828 0.9708094 0.05575382 0.006382286 0.965115 0.2617486 0.1439874 0.9891808 -0.02809065 -0.02566564 0.9993833 -0.02396935 0.03189104 0.9851117 -0.1689321 0.008366525 0.9865764 0.1630864 -0.102321 0.9640739 -0.2451369 1.73331e-4 0.9300878 -0.3673371 0.08787584 0.7707561 -0.6310412 0.09730303 0.9603334 -0.2613272 -0.007873177 0.991567 0.129356 -6.36778e-4 0.984502 0.1753726 0.0136069 0.9443181 0.3287526 0.01057314 0.9347673 0.3551033 0.06587153 0.7370248 -0.6726481 0.07349222 0.9595452 -0.271794 0.04336518 0.9909101 -0.1273457 2.57479e-4 1 2.76016e-4 -0.003661453 0.9999915 0.001878738 -0.001382291 0.9999991 2.55938e-4 -8.42322e-4 0.9999997 2.36875e-4 -8.52052e-4 0.9999997 2.41456e-4 -0.001357674 0.9999991 2.42512e-4 0.001350343 0.9999988 -7.88485e-4 -6.12519e-4 0.9999998 4.34087e-4 0.001260697 0.9999989 -7.29368e-4 0.04338943 0.9909067 -0.1273632 0.001191437 0.9999991 -6.4022e-4 6.57116e-5 1 5.17447e-4 -7.39188e-4 0.9999997 2.04721e-4 -0.00362575 0.9999917 0.001859366 0.009120643 0.9997951 -0.01807248 -0.006347656 0.9999781 0.00187844 -0.004032909 0.999991 0.001383244 -0.009610533 0.9999508 0.002468764 -0.004022657 0.999991 0.001389682 -0.009547591 0.9999515 0.002439379 -0.003196418 0.9999906 0.00296688 0.007229983 0.9996625 -0.02495729 7.75717e-4 0.959391 0.2820788 -0.09315448 -0.6749109 -0.7319956 -0.04633283 -0.7869625 -0.6152588 -0.01249206 -0.3136057 -0.9494712 -0.0124641 -0.3135907 -0.9494765 -0.1861553 -0.1736983 -0.9670446 -0.09609341 -0.5686764 -0.8169293 -0.09615713 -0.5686168 -0.8169631 -0.2471529 -0.1292167 -0.9603222 -0.4037374 -0.5036855 -0.7637388 -0.09331458 -0.6751353 -0.7317682 -0.2789129 -0.7255291 -0.6291384 -0.2039277 -0.9435448 -0.2610306 -0.2471174 -0.1289473 -0.9603675 -0.01252406 -0.3132859 -0.9495764 -0.01385289 0.09928673 -0.9949625 -0.2082196 -0.9129241 -0.351019 -0.1662069 -0.9750577 -0.1470986 -0.2039123 -0.943627 -0.2607448 -0.2376179 -0.9612473 -0.1397912 -0.2088892 -0.9480814 -0.2398062 -0.2036847 -0.9436439 -0.2608616 -0.1571691 -0.8596636 -0.4860826 -0.1277652 -0.8127467 -0.5684354 -0.1802512 -0.9789528 -0.09571236 0.02752363 -0.01675379 -0.9994807 0.1065637 0.1425568 -0.9840335 0.1792375 9.33053e-4 -0.9838055 -0.03372561 -0.1871576 -0.9817509 0.1127517 -0.1487033 -0.982433 -0.1382464 -0.04395359 -0.9894221 -0.06418687 0.1372678 -0.9884521 0.9730862 -0.02529168 -0.2290493 0.899714 -0.1299076 -0.4167 0.7257289 -0.5594004 -0.4004855 0.8296847 -0.2263147 -0.5102991 0.6529121 -0.5079992 -0.5618208 0.7256388 -0.559547 -0.4004442 0.5650402 -0.7479234 -0.348339 0.3131628 -0.9220131 -0.2276427 0.8465266 0.5088926 0.1562726 0.730786 0.6069513 0.3123491 0.3582124 0.9229326 0.1409941 0.8992345 0.3760507 0.2235249 0.8262153 0.4310939 0.3626657 0.8466368 0.5086774 0.1563764 0.5813612 0.6786109 0.4488945 0.6141606 0.7819274 0.1067538 0.2501379 0.9403294 0.2306767 0.1933108 0.9800459 0.04627203 0.1931225 0.9800831 0.04627013 0.242568 0.9601088 0.139111 -0.04199916 0.9959669 0.07928496 0.142408 0.9429461 0.3009528 0.8151549 0.5789387 0.01878106 -0.2532454 0.7082064 0.6590225 -0.1331046 0.9314752 0.3385811 0.1418601 0.8025469 0.5794776 0.04068279 0.9838806 0.1741377 0.2501546 0.9402993 0.2307808 0.04069125 0.9839431 0.1737824 -0.0421341 0.9991014 0.004610955 -0.3060127 0.9448493 0.1166878 -0.2329652 0.9248457 0.3006454 -0.5740751 0.7001111 0.4245968 -0.3780832 0.6970441 0.6092476 -0.4952101 0.5851679 0.6421414 -0.275202 0.594144 0.7558153 0.06676006 0.9865733 0.1490512 0.3262418 0.9437204 0.05439114 0.03322911 0.9993978 -0.01000177 0.3341269 0.9316874 -0.1425411 0.1552962 0.9500665 -0.2706598 0.4580407 0.7797104 -0.4269081 0.3955257 0.6725341 -0.6255057 -0.1898685 0.937845 0.2905113 0.06641399 0.9866095 0.1489663 -0.6137297 0.7731786 0.1597827 -0.1333341 0.9315393 0.3383142 -0.1249059 0.94925 0.2886572 0.129301 0.9618752 0.2409926 0.3297426 0.8251401 0.458709 0.3300727 0.8250355 0.4586595 0.3361739 0.7179184 0.6095739 0.6906242 0.56406 0.4526306 0.6067459 0.7527542 0.2553835 0.8032623 0.5601883 0.2023826 0.6704581 0.7418313 -0.01312649 0.8189942 0.5555957 -0.1433943 0.673531 0.655207 -0.3421401 -0.6747924 0.7141103 0.186284 -0.2640514 0.928426 0.2613466 -0.3269759 0.9012771 0.2842298 -0.189666 0.9377929 0.2908117 0.5990788 0.5261881 -0.6035153 0.76346 0.4995278 -0.4093911 0.002648651 0.4753232 -0.8798073 0.1673536 0.6870953 -0.707031 0.3459982 0.4533761 -0.8214229 -0.05133128 0.9472669 0.3163079 -0.03642147 0.608295 -0.792875 -0.2772619 0.707118 -0.6504691 -0.1295146 0.9287282 -0.3474044 -0.2121671 0.9264028 -0.3110676 -0.07732611 0.9964148 -0.03432667 -0.2367729 0.9417261 -0.2389363 -0.02981233 0.9844856 -0.1729148 -0.1123251 0.8249936 -0.5538669 0.2463721 0.9564462 -0.1565616 0.110408 0.980936 -0.1599209 0.270784 0.95572 -0.1152186 0.2466605 0.9563354 -0.1567847 0.6748085 0.6747077 -0.2990037 0.403085 0.7037729 -0.5850011 0.7060717 0.6191965 -0.3435963 0.3768365 0.5680508 -0.7316507 0.5242604 0.5042332 -0.6862215 -0.7123733 0.6955123 -0.09373921 -0.3838505 0.9225547 -0.03939253 -0.5491759 0.771938 -0.3201841 -0.06485074 0.985529 -0.1566109 -0.01831084 0.8918935 -0.4518747 0.2030566 0.9280987 -0.3120912 -0.0484488 0.987316 -0.1511946 -0.01803058 0.8918033 -0.4520642 -0.2293471 0.8285114 -0.5108513 -0.1264382 0.9623967 -0.2404291 -0.5764914 0.5814689 -0.5740658 -0.7462187 0.2627792 -0.6116411 -0.8226789 0.4765221 -0.3100421 -0.7552152 0.4627869 -0.4641965 -0.6990003 0.6700491 0.2498656 -0.6749088 0.7269558 0.1266233 -0.8367354 0.5474584 0.01277756 -0.7106815 0.7027993 0.03170537 -0.674651 0.7271978 0.1266071 -0.8367311 0.5474728 0.0124368 -0.6822311 0.6781859 -0.2731751 -0.7551339 0.4630861 -0.4640302 -0.6333594 0.6666847 -0.3929217 -0.7460609 0.2628093 -0.6118206 -0.5765914 0.5813251 -0.5741111 -0.5366119 0.4727405 -0.6989737 -0.6447643 0.7276754 0.2340245 -0.5896261 0.7280027 0.3497903 -0.6989477 0.6700298 0.2500647 0.1374857 0.8807711 0.4531446 -0.1437218 0.8300747 0.5388137 0.05485194 0.6792578 0.7318472 0.1603162 0.9096758 0.3831304 0.200283 0.9326749 0.3000072 0.4926394 0.8632985 0.1096454 0.1606199 0.9095763 0.3832392 0.5732905 0.6741959 0.4656155 0.6136894 0.7830899 0.1007755 0.8063927 0.5748675 0.138774 0.7673676 0.6210104 0.1596658 0.8466979 0.508605 0.1562809 0.6138857 0.7829669 0.1005353 0.01072472 -0.8059868 -0.5918363 -0.1041514 -0.4718263 -0.8755185 -0.00539875 -0.3287007 -0.9444187 -0.6851574 -0.4669227 -0.5590551 -0.124405 -0.7024236 -0.7008028 -0.3865388 -0.8264493 -0.4093523 -0.1426345 -0.9422456 -0.3030329 -0.12409 -0.70256 -0.7007219 0.01075136 -0.8060975 -0.5916852 -0.239068 -0.9377536 -0.2519219 0.01073223 -0.806205 -0.5915391 0.01675993 -0.9978549 -0.06328266 -0.6853525 -0.4668979 -0.5588365 -0.6175048 -0.707094 -0.3445374 -0.6745811 -0.6701464 -0.3095873 -0.4124352 -0.04625791 -0.9098117 -0.5495917 -0.3207014 -0.771427 -0.6347157 -0.4705277 -0.6129762 -0.6348057 -0.4705723 -0.6128485 -0.4190472 -0.7936757 -0.4409972 7.27564e-4 -0.4179772 -0.9084573 0.04816132 -0.7312744 -0.680381 -0.0149455 -0.3172098 -0.9482377 -0.104483 -0.08973795 -0.9904698 -0.04612642 -0.2400895 -0.9696543 -0.04599905 -0.04775083 -0.9977996 -0.0149042 -0.316866 -0.9483533 -0.09456914 0.09781199 -0.9907015 0.007554233 -0.1238235 -0.9922755 -0.02677291 -0.2391944 -0.9706026 -0.4019796 0.1017547 -0.9099772 -0.355663 0.02202993 -0.9343546 0.002881765 0.9963253 0.08560234 -0.002466917 0.9999942 0.002380609 0.001615285 0.9999976 -0.00155884 0.004451513 0.9999877 -0.002250373 0.002679467 0.9718863 0.2354357 0.001819074 0.9159497 0.4012892 -0.01941061 0.8613315 0.5076726 -0.02991902 0.6669134 0.7445344 -0.05865335 0.6663561 0.7433233 -0.02012288 0.344551 0.9385519 -1.20205e-5 0.162915 0.9866402 -6.03542e-6 0.1625202 0.9867053 -0.0200603 0.3441953 0.9386838 -9.06951e-6 -0.01832151 0.9998322 -0.01808035 -0.0431894 0.9989034 -0.03652346 -0.1927225 0.9805734 -0.05508267 -0.2858196 0.9566991 -0.05583977 -0.5415323 0.8388235 -0.03454947 -0.706676 0.7066932 -0.01003634 -0.912106 0.4098318 -0.01088869 -0.9996405 0.02450329 0.003702402 -0.9870132 0.1605969 -0.01002621 -0.9122664 0.4094747 0.01791745 -0.9047953 0.4254697 -0.03448843 -0.7069477 0.7064245 -0.02808248 -0.9992255 -0.02756649 -0.01405686 -0.9997559 -0.01705044 0.002388715 -0.9999951 -0.002058565 0.9820322 0.185312 0.03566926 0.996867 0.05568104 -0.05617648 0.9530566 0.3020576 0.02108049 0.9529488 0.3023898 0.02119028 0.8470874 0.5281497 0.0591678 0.9239307 0.3819649 0.02133733 0.8490846 0.5278256 0.02134615 0.980637 -0.1957288 0.006443679 0.9237898 -0.3631016 0.1215301 0.9803397 -0.1924932 -0.04336482 0.9864534 -0.09175628 -0.1359805 0.9238327 -0.3629614 0.1216239 0.9785264 0.03338557 -0.2034004 0.9864374 -0.09151256 -0.1362597 0.9784922 0.03350192 -0.2035458 0.9132274 0.1828252 -0.36413 -0.999998 -0.001336216 -0.00150603 -0.9999945 0.002946794 -0.001507222 -0.9999872 0.005010068 8.47732e-4 -0.9999998 6.50546e-4 -3.36933e-4 -1 2.98017e-4 -1.54248e-4 -0.9999872 0.005010187 8.47993e-4 -0.9999964 0.002518653 -9.29023e-4 -1 2.70392e-4 -1.48753e-4 -0.9999965 0.002491831 -9.19222e-4 -0.9999948 0.001679182 0.00277549 -0.9999945 0.00172466 0.002852797 -0.9999966 0.002502858 -9.23219e-4 -0.9999778 0.003446638 0.005713582 -0.9999945 0.001726865 0.002850115 -0.9999778 0.003445506 0.00571531 -0.9999749 -3.33914e-4 0.007078588 -0.9999997 7.66273e-4 -3.96745e-4 -0.9999997 7.85117e-4 -4.09268e-4 -1 2.54466e-5 0 -0.9999978 -0.001420617 -0.001600742 -0.9999998 6.67908e-4 -3.20853e-4 -0.9999977 -0.001429259 -0.001610636 -0.9999947 0.002874016 -0.001540243 -1 2.98018e-4 -1.54245e-4 -1 2.98013e-4 -1.54255e-4 -0.9999998 5.95998e-4 -3.08563e-4 0.003200113 0.001293182 0.999994 0 0 1 -0.009514689 0.09689337 0.9952493 -0.006225466 0.04319322 0.9990474 -0.002568423 0.03571879 0.9993586 0.01077055 -0.01054602 0.9998864 0.003587186 -0.001315832 0.9999927 0.03856188 0.02170455 0.9990205 0.06307739 0.03634387 0.9973467 0.003552198 -0.001312911 0.9999929 0.00350815 -0.001293897 0.999993 0.00311172 0.001256048 0.9999944 0.003192126 0.001290082 0.9999942 0.003528833 -0.001303076 0.999993 1.26608e-4 0 1 0.002221882 0.001506567 0.9999964 0.002444446 0.001660227 0.9999957 -1.78426e-5 0 1 -0.002679586 0.007288217 0.9999699 -0.01172804 0.008677959 0.9998937 -0.05701082 0.004919171 0.9983615 0.03846514 0.02166622 0.9990251 -0.6644113 -0.6349168 0.3942568 -0.5289176 -0.8327122 0.1638189 -0.7415335 -0.6317027 0.2260085 -0.7803943 -0.5966175 0.1871693 -0.7745773 -0.5474439 0.3167576 -0.7414185 -0.6318304 0.2260287 -0.9446213 -0.2911153 0.1514682 -0.7716459 -0.4937634 0.4009494 0.02527803 0.7312015 0.6816931 0.06298565 0.8483232 0.525719 0.1796908 0.6769267 0.7137796 0.1383613 0.2072111 0.9684626 0.1857587 0.5664563 0.8028829 0.2219688 0.5858355 0.77944 0.06296861 0.8481854 0.5259435 0.05216723 0.8713511 0.4878789 0.07592916 -0.8826976 -0.4637669 0.2154966 -0.9225734 -0.3200305 0.4515634 -0.7062792 -0.5452159 0.04682511 -0.6065133 -0.7936934 -0.06742006 -0.5581791 -0.8269768 -0.07377445 -0.8135204 -0.5768378 -0.02245843 -0.4074391 -0.9129562 -0.001981794 -0.4781028 -0.8783017 -6.82973e-4 -0.6479391 -0.7616919 -0.002046704 -0.4781948 -0.8782514 0.04691827 -0.6063328 -0.7938256 0.1111477 -0.3755827 -0.9200999 0.2998634 -0.6871141 -0.6617826 0.1111976 -0.3755311 -0.920115 0.1641872 -0.5250816 -0.835064 0.1681632 -0.3126515 -0.9348638 0.01158356 -0.5291694 -0.8484372 5.8367e-4 -0.9241309 -0.3820759 -0.1447024 -0.8111881 -0.5665996 -0.2178702 -0.9213316 -0.3219949 -0.1833596 -0.8854187 -0.4270984 -0.2181662 -0.9212364 -0.3220666 -0.6457868 -0.7045921 -0.2941251 -0.5371538 -0.6613762 -0.5234953 -0.2181099 -0.9211851 -0.3222517 -0.2813875 -0.685961 -0.6710281 0.004487216 -0.9835327 -0.1806752 -0.1088868 -0.866162 -0.4877573 -0.1446862 -0.368683 -0.9182258 0.004445552 -0.9834901 -0.1809079 -6.13142e-4 -0.7583306 -0.6518699 -0.07357692 -0.81371 -0.5765957 -0.08492207 -0.754454 -0.6508361 -6.09877e-4 -0.75812 -0.6521149 0.08759063 -0.8500838 -0.5193125 0.04686677 -0.6065013 -0.7937 0.07583999 -0.8826103 -0.4639477 -0.01378095 -0.9994913 0.02876108 0.0297622 -0.9995569 6.02698e-4 0.03317737 -0.9994186 -0.007854938 -0.1071926 -0.9890606 0.1013362 -0.03551977 -0.9984552 0.04272776 -0.005548655 -0.143707 0.9896047 0.002314746 0.003581225 0.999991 -0.008808076 -0.3611617 0.9324616 -0.2709032 -0.05437248 0.9610698 -0.00312215 -0.003725051 0.9999882 -0.06389433 0.0231623 0.9976879 -5.06604e-4 -0.04605358 0.9989389 0.005465865 0.001932442 0.9999832 -0.1913171 0.9813919 -0.01636141 -0.6459997 0.7630469 -0.02107387 -0.2142477 0.9767792 -6.5019e-4 0.2030201 0.9282087 -0.3117878 0.005396008 0.9999667 0.006132781 -0.07307738 0.9973208 -0.003323376 0.01668298 0.9997718 0.01334518 -0.19091 0.9814721 -0.01631021 -0.991469 0.0093019 0.13001 -0.9147191 0.3960579 0.08017134 -0.9980319 0.04065519 0.04774689 -0.9887583 0.02217125 0.1478697 -0.9914359 0.009268522 0.1302654 -0.9971948 -0.02774435 0.0695182 -0.997995 -0.04717046 0.04220414 -0.9982842 -0.05654668 -0.01520276 -0.9933751 -0.102814 -0.05133563 -0.997757 -0.05988055 -0.02992486 -0.9828366 -0.02298724 -0.1830412 -0.9998204 -0.01799345 0.005962967 0.009574115 0.9999496 0.003027021 0.001675546 0.9999977 0.001352727 0.00501585 0.999987 0.00107789 0.009960711 0.9999417 0.004174411 0.01536244 0.9998682 0.00527817 0.006908059 0.9999663 0.00443989 0 1 -1.63496e-6 -0.1049636 0.9944751 -0.001442313 2.06335e-4 0.9999997 8.38539e-4 0.001573443 0.9999979 0.001316606 0.001170516 0.9999985 0.001318156 2.17983e-4 0.9999996 8.65528e-4 0.002127647 0.999997 0.001262247 0.001974105 0.9999972 0.001316547 0.002499639 0.9999961 0.001247882 0.004410386 0.9999897 0.00113666 0.02933382 0.9995698 1.11816e-4 -0.8382913 0.5445733 0.02660065 -0.792836 0.6089852 -0.02341264 -0.9994596 -0.009235858 -0.03154999 -0.7926247 0.6092644 -0.02330583 -0.7135295 0.7005021 0.01313549 -0.2056766 0.977439 -0.04806584 -0.2173693 0.9760876 -0.001937627 -0.2053476 0.9775057 -0.04811537 0.05762308 0.997955 0.02766954 0.3072106 0.9515496 -0.01322972 0.2199817 0.9752875 0.02055078 0.9769151 -0.2084152 0.04690432 0.9947292 -0.1024779 0.0034976 0.9954133 -0.09349966 0.02025532 0.9924072 -0.1086694 0.05761128 0.9984018 -0.0450679 0.03410089 0.9944348 -0.06767976 0.08073997 0.9966152 -0.08071964 -0.01557826 0.9760954 -0.2172468 -0.006449401 -0.2840508 0.9468389 0.1510342 0.05769395 0.9780536 0.2002068 -0.1235607 0.972055 0.1996044 0.004648625 0.9981297 -0.06095379 0.004623949 0.9981168 -0.06116801 -0.001378357 0.9993343 0.03645825 -0.0511434 0.9840393 -0.1704436 -0.2054687 0.9774729 -0.04826539 0.01976668 0.003237843 0.9997994 -6.0542e-5 0 1 0.01283556 0.006594598 0.9998959 -0.03137499 0.05092525 0.9982095 -0.01107174 0.03721261 0.9992461 -0.008362412 0.02027851 0.9997594 0.01887786 0.006294965 0.999802 0 0.01421684 0.999899 0.07102972 0.01719623 0.997326 -0.001005053 0.0344237 0.9994068 0.00867778 0.01117277 0.9999 0.09033924 0.007763504 0.9958809 0.08368241 0.004149675 0.9964839 -0.003462016 -0.003556728 0.9999878 -0.007374584 -0.007576227 0.9999442 0.09039646 0.007967948 0.995874 -0.806658 -0.3554207 0.4722064 -0.7902178 -0.2051851 0.5774556 -0.6053442 -0.5666551 0.5589816 -0.5738074 -0.4675961 0.6723831 -0.2428475 -0.7604873 0.6022327 -0.1361841 -0.8677022 0.4780659 -0.4415849 -0.3189197 0.8386257 -0.7069447 -0.3057439 0.6377695 -0.2549906 0.07735985 0.963844 -0.4854152 -0.4236593 0.7647777 -0.1553679 -0.4966048 0.8539582 -0.2859531 -0.6893368 0.6656168 -0.2427033 -0.7604218 0.6023734 -0.1550875 -0.4967135 0.853946 0.1868254 -0.598589 0.7789657 -0.4580236 0.8378238 -0.2970955 -0.1924389 0.9374628 -0.2900533 -0.2534511 0.9553679 -0.1517722 -0.09741681 0.8115288 -0.5761347 -0.1923086 0.9374197 -0.2902788 -0.2322899 0.8668335 -0.4411816 -0.325428 0.9144628 -0.24053 -0.4032493 0.6857892 -0.605874 -0.6059103 0.7210537 -0.336087 -0.7080084 0.3693583 -0.6019124 -0.09677195 0.9848915 0.1436105 0.006092905 0.8621698 0.5065829 -0.02552473 0.9993947 -0.0236423 -0.008064329 0.4763268 0.8792315 -0.1488324 0.6737417 0.7238239 -0.1697728 0.7249145 0.6675899 -0.09691876 0.9848601 0.1437267 -0.5920931 0.7460281 0.3047423 -0.006620883 0.9679989 0.2508671 -0.1364438 0.9886472 -0.06292778 0.06797873 0.907254 0.415053 -0.04852503 0.9439423 0.3265249 -0.001268565 0.9917542 -0.1281485 4.99347e-4 0.9083853 -0.4181339 -0.1492602 0.91281 -0.3801308 -0.01738435 0.9559422 -0.29304 -0.680637 0.6475835 -0.3425915 -0.2408186 0.8695848 -0.4310786 -0.6604552 0.6935324 -0.2877705 -0.2141168 0.8879269 -0.4071115 -0.2149519 0.9001463 -0.3788568 -0.01747852 0.9559468 -0.2930195 -0.07501429 0.9045598 0.4196956 0.004924178 0.9932439 -0.1159405 -0.2535292 0.9481924 -0.1914529 -0.1367514 0.9886046 -0.06292974 -0.2509373 0.966313 0.05718284 -0.5118601 0.8460952 -0.148735 0.294637 -0.2752897 0.9150981 0.4113629 -0.2987912 0.8611065 0.03929632 -0.06129509 0.9973459 -0.7262898 -0.1835076 0.662441 -0.5241824 -0.2976489 0.797896 -0.4693347 -0.1612989 0.8681634 -0.4690234 -0.1613379 0.8683244 -0.203843 -0.298027 0.9325385 0.03916776 -0.06142628 0.9973428 -0.2274021 -0.2734705 0.9346134 0.3169367 -0.240337 0.9174907 -0.7079586 -0.1420212 0.6918271 -0.6580895 -0.3107565 0.6858198 -0.3806328 -0.1775976 0.907512 -0.6031519 -0.4020567 0.6888819 -0.5945262 -0.4992831 0.6302817 -0.6578367 -0.3109868 0.6859578 -0.657459 -0.4005384 0.6382138 -0.4410749 -0.6505445 0.6182596 -0.4286317 -0.5818293 0.6911944 -0.7433505 -0.523523 0.4163576 -0.7263725 -0.183672 0.6623048 -0.4625789 -0.5108498 0.7246057 -0.4531367 -0.3374226 0.8251141 -0.7262443 -0.183416 0.6625164 -0.6678006 -0.1966513 0.7178933 -0.5215871 -0.8215099 0.2303658 -0.8042948 -0.5172319 0.2925425 -0.7434674 -0.5235269 0.4161441 -0.7433894 -0.5235235 0.4162877 -0.6309989 -0.6869987 0.3603792 -0.6532128 -0.5190255 0.5512945 -0.76222 -0.3473145 0.5462538 -0.8055555 -0.5896703 0.05804514 -0.6172578 -0.7867487 -0.004406988 -0.6412272 -0.7295569 0.2378541 -0.7182012 -0.6935323 0.0565682 -0.7564738 -0.6320851 0.1679756 -0.7181012 -0.6936089 0.05689758 -0.5423699 -0.7977034 0.2636367 -0.2822726 -0.8066541 0.5192603 -0.3604699 -0.9327306 -0.008664131 -0.6171314 -0.7868486 -0.004272043 -0.3601537 -0.9328537 -0.008558034 -0.4654846 -0.8803513 0.09113562 0.9999994 4.10958e-4 -0.001100897 0.9999989 9.29412e-4 -0.001139938 -0.9999989 -0.001085758 0.001102447 0.9999994 -4.18453e-5 -0.001175463 0.9999995 7.30213e-4 -7.29917e-4 1 -7.19785e-5 0 0.9999998 -5.88685e-4 0 1 0 0 1 -1.28184e-5 0 1 4.92916e-4 1.26065e-4 0.999999 0.001381158 3.49685e-4 0.9999947 -0.00288105 0.001555204 0.9999997 -2.38434e-4 7.93975e-4 0.999999 -9.05442e-4 0.001141309 0.9999994 -3.77193e-4 0.001102209 -0.9999992 8.13448e-4 -0.001097917 0.9999994 5.17484e-6 0.001176297 0.9999995 -7.41872e-4 7.31129e-4 0.9999991 -0.001324415 4.30057e-4 0.9999991 -0.001321256 4.24784e-4 1 -5.15488e-6 0 0.9999998 -6.26774e-4 2.16683e-4 1 1.25506e-4 0 1 9.12646e-5 0 1 -2.15864e-5 0 0.9999994 0.001153826 1.87238e-4 1 -4.04018e-5 0 0.9999994 0.001110672 1.76724e-4 1 -4.77731e-4 -1.26124e-4 0.999999 -0.001381993 -3.49119e-4 0.9999997 9.39702e-5 -7.92559e-4 0.9999955 0.002596139 -0.001553416 0.9999991 0.001330375 -4.29199e-4 0.9999991 0.001319527 -4.24374e-4 0.9999998 6.68044e-4 -2.16778e-4 0.9999985 0.001791715 2.78407e-4 0.9999985 0.001772344 2.82124e-4 0.9999985 0.001773416 2.79667e-4 0.9999985 0.00178796 2.77623e-4 0.9999985 0.001779854 2.73454e-4 0.9988914 -0.04652082 -0.007203161 0.9999985 0.001789808 2.80376e-4 -0.9999985 -0.001733064 -2.33964e-4 0.9987863 -0.04867428 -0.007542073 0.9987838 -0.04872328 -0.007542908 0.9980788 -0.05483132 -0.02885067 0.9885563 0.1476929 0.03071361 0.9649965 0.2622628 -4.24553e-4 0.9943832 0.1057332 -0.004775226 0.9999929 0.003720223 5.79074e-4 0.9999928 0.003752291 5.78261e-4 0.9999951 0.003114163 4.84127e-4 0.9999984 -0.00179553 -2.80052e-4 -0.9999991 0.001382589 2.37178e-4 0.9999985 -0.001788318 -2.77602e-4 0.9999983 -0.001805067 -2.73678e-4 0.9999985 -0.001774966 -2.81756e-4 0.9999985 -0.001765429 -2.79372e-4 0.9999984 -0.001800179 -2.78859e-4 0.9999994 -0.001206398 -1.87389e-4 1 -2.91239e-4 0 0.9999994 -0.001071453 -1.77222e-4 0.9770394 0.2078701 -0.04673361 0.9928323 0.1058806 -0.05543953 0.9954636 0.09299832 -0.0200954 0.994333 0.06859117 -0.08122354 0.9984012 0.0450766 -0.03410422 0.9955328 0.00252074 -0.09438383 0.9967938 -0.02175593 -0.07700008 0.971621 -0.04012209 -0.2331154 0.9700002 0.04087448 -0.2396435 0.9969759 0.01142108 -0.07686853 0.9995477 0.02437728 -0.01761513 0.9983904 0.04521191 -0.03424525 0.9961802 3.54342e-4 -0.08732008 0.9792978 -0.1980079 -0.04205501 0.9793653 -0.1976934 -0.04196465 0.9973171 -0.06851238 -0.02578228 0.9926655 -0.02986735 -0.1171463 0.9805221 -0.08445686 -0.1773235 0.9342895 -0.08123487 -0.3471368 0.9923601 -0.1090049 0.0577889 0.994712 -0.1026762 -0.002404391 0.9973163 -0.06851977 -0.02579361 0.9001842 -0.3797881 0.2131422 0.91053 -0.3622141 0.1993389 0.9733261 -0.2213777 0.0602343 0.9504366 -0.2898935 -0.1123927 0.9732639 -0.22167 0.06016665 0.9545768 -0.2978253 -0.009134829 -0.06713885 -0.9090095 0.4113321 -0.2281487 -0.8715507 0.4339904 -0.07094854 -0.9881707 0.13596 -0.07943528 -0.9962332 0.03477746 -0.1599577 -0.9688592 0.1890116 -0.2988598 -0.9037784 0.3063779 -0.1035163 -0.9776733 0.1828641 -0.1543002 -0.9839861 0.08923536 -0.03470683 -0.9153245 0.4012189 -0.09088164 -0.9602428 0.2639589 0.8986266 -0.2157276 -0.3820104 0.9168086 -0.1920843 -0.3500939 0.8985942 -0.2157706 -0.3820625 0.8785776 -0.2391351 -0.4134197 -0.2540279 0.883193 0.3942588 -0.5450944 0.6303383 0.552762 -0.4982967 0.849418 0.1737514 -0.9101713 0.387467 0.1464838 -0.9102366 0.3872822 0.1465677 -0.7398427 0.5398005 0.4015573 -0.89791 0.06741702 0.4349859 -0.9102352 0.387393 0.1462832 -0.9688869 0.1881439 0.1608108 -0.9461835 0.3210287 0.04095727 -0.7600675 0.6168909 0.2043117 -0.9152079 0.3996273 0.05189007 -0.3339493 -0.09826368 -0.9374551 -0.4222097 -0.007427692 -0.9064677 -0.4221787 -0.007461249 -0.9064821 -0.5031747 0.08361303 -0.8601303 -0.2017738 0.2431344 -0.9487745 0.1320146 -0.001466572 -0.9912468 0.1319983 -0.001493453 -0.9912488 0.1322777 -0.001677274 -0.9912113 0.3891788 0.03908407 -0.9203328 0.5666925 0.01256841 -0.8238335 0.9099202 0.3632895 -0.2001651 0.9157437 0.3528856 -0.1920551 0.9927881 0.1061965 -0.05562412 0.9735197 0.220662 -0.05973017 0.9906967 0.1317791 0.03397697 0.9947178 0.1026189 0.002399384 0.9512244 0.2877855 0.1111379 0.9734548 0.2209662 -0.05966371 0.9546056 0.2977327 0.009134888 0.7734508 0.2662633 -0.5752198 0.8537023 -0.450726 0.2608422 0.9999895 -0.003518164 0.002925932 0.9666491 -0.2309455 0.1106969 0.9999909 -0.00328046 0.002702534 0.9999909 -0.003236114 0.002761781 0.9427067 0.2579915 -0.2115288 -0.773175 -0.6341758 -0.004643201 -0.4498791 -0.8930896 -2.19487e-4 -0.6135241 -0.7890536 0.03134793 -0.4495627 -0.8932488 -7.24867e-5 -0.2405833 -0.9702844 -0.02584451 -0.004839181 -0.9999014 0.01319193 0.8357903 0.005001544 0.5490262 0.8020835 -0.04511511 0.5955055 0.8021287 -0.04504811 0.5954498 0.7639625 -0.09475159 0.638266 -0.614983 0.01092046 0.7884648 -0.1388872 -0.01738101 0.9901558 -0.4131869 0.03962844 0.9097837 -0.1385556 -0.01720494 0.9902052 -0.1385664 -0.01718294 0.9902041 0.02405548 0.08701497 0.9959166 0.7845871 -0.6198596 0.01405233 0.9791083 -0.2032787 0.004966855 0.903891 -0.4254631 0.04429548 0.9791805 -0.2029263 0.005143225 0.9996678 0.01412522 -0.02156293 0.9728648 0.230998 0.01319473 0.178025 0.5552186 0.8124282 -0.01129829 0.7186189 0.6953123 -0.01132059 0.7186064 0.6953249 -0.01158678 0.7188057 0.6951144 -0.2069572 0.8632379 0.4604228 -0.07702457 0.9878358 0.1350836 0.5218086 0.1765645 0.8345903 0.351266 0.002896726 0.9362713 0.3512744 0.002907633 0.936268 0.1563616 -0.1711519 0.972758 0.2998757 -0.003632009 0.9539714 0.7517862 -0.01075869 0.6593192 0.5306029 0.04966509 0.8461644 0.7519795 -0.01051747 0.6591027 0.7519881 -0.01053899 0.6590927 0.8614059 0.1401152 0.4882087 0.9213929 0.07502186 -0.3813226 0.9643716 -0.04171544 -0.2612421 0.9643735 -0.0417208 -0.261234 0.9785154 -0.1572614 -0.1333288 0.2751711 -0.03796851 -0.9606452 0.1529904 0.03995615 -0.9874196 0.2341316 0.1936632 -0.9527209 0.02755361 0.1169016 -0.9927613 0.9918415 0.03677707 0.1220571 0.9342133 0.08185148 0.3471972 0.9383407 0.3420453 0.05021649 0.938462 0.3417236 0.0501424 0.9906747 0.131933 0.03402173 0.980415 0.08556228 0.1773859 -0.6525257 -0.1567999 -0.7413664 -0.828326 -0.003873527 -0.5602331 -0.8283233 -0.003957211 -0.5602365 -0.8284991 -0.003769159 -0.5599777 -0.9540338 -0.03538399 -0.2976029 -0.9990831 0.03299933 -0.02728152 -0.1465721 -0.9821946 0.1175181 -0.8151307 -0.5656009 0.1251302 -0.3711932 -0.9255091 -0.07515668 -0.8153273 -0.5653193 0.1251223 -0.8153262 -0.5653179 0.125136 -0.9707806 -0.2127425 0.1110212 -0.02755326 0.1168698 0.9927651 -0.2349613 0.1867706 0.953892 -0.1529971 0.03995192 0.9874187 -0.2751714 -0.03797197 0.960645 0.6526727 -0.1569029 0.7412151 0.8263042 -0.006130456 0.5631909 0.8263076 -0.006138145 0.5631857 0.8264759 -0.005951046 0.5629407 0.9536141 -0.04331022 0.2979003 0.9993932 0.02200096 0.02700728 -0.0632466 -0.5318356 0.8444826 -0.0295487 -0.8355031 0.5486907 -0.01524502 -0.7169815 0.6969255 -0.02948206 -0.8356809 0.5484235 -0.001991629 -0.9643452 0.2646405 -0.09425848 -0.9937858 -0.05920553 -0.2523685 -0.2905597 0.9229763 0.06522947 -0.09843701 0.9930032 0.06526726 -0.09842872 0.9930016 0.06557005 -0.09822762 0.9930015 0.3249852 -0.1242112 0.9375267 0.5788699 -0.0209183 0.8151515 0.03601247 -0.01154613 -0.9992847 0.0286746 -0.1236932 -0.9919062 0.02869242 -0.03697937 -0.9989041 0.05447465 0.1873242 -0.9807865 0.06426 0.3325581 -0.940891 0.05451369 0.1876946 -0.9807135 0.06437677 0.3328777 -0.94077 0.03483307 0.4413722 -0.8966478 0.004553139 0.4310711 -0.9023066 0.001342475 -0.08122569 -0.9966949 -0.05385529 0.01651716 -0.9984121 0.01133209 -0.2567262 -0.9664178 0.03487801 -0.4335361 -0.900461 0.01130008 -0.2570236 -0.9663391 0.03470444 -0.4336126 -0.9004309 -0.02488714 -0.4423388 -0.8965027 -0.006081283 -0.1355256 -0.9907552 2.51597e-6 -0.134162 -0.9909595 -8.19389e-4 0.19752 -0.9802985 1.59517e-5 -0.1339672 -0.9909859 0.002031505 0.2724754 -0.9621607 0.02904915 0.4469267 -0.8940989 -0.006465852 0.3031754 -0.9529129 -0.02252727 0.6780396 -0.7346802 0.006326436 0.4634771 -0.8860864 -0.0224983 0.6780662 -0.7346565 -0.02249789 0.678061 -0.7346612 0.02948057 0.7234094 -0.6897897 0.001864492 -0.3801643 -0.9249171 -0.01518368 -0.2982001 -0.9543826 -0.02564793 0.1563245 -0.9873727 -0.02572321 0.1566873 -0.9873133 -0.02574199 0.1566809 -0.9873138 -0.05961334 0.3084712 -0.9493639 -0.1571058 -0.1801049 -0.9710202 -0.3530822 -0.00391066 -0.9355841 -0.3530694 -0.003927826 -0.935589 -0.523862 0.1727869 -0.8340944 0.02751952 0.9979124 -0.05842673 -0.01332181 0.7287499 -0.6846504 0.04533439 0.9215424 -0.385622 0.1027361 0.7269484 -0.6789634 0.005056262 0.5748305 -0.8182569 -0.03417044 0.1838177 -0.9823663 -0.9765534 -0.1682616 0.1342816 -0.9626927 -0.04806405 0.2662947 -0.9626871 -0.04803961 0.2663192 -0.9178876 0.07398217 0.3898833 -0.01018643 0.00996381 0.9998986 -0.006865262 -0.2085464 0.9779884 0.02098345 -0.02051573 0.9995694 -0.004952251 -0.3183703 0.9479535 0.9951556 0.07522088 0.06330221 0.8290168 0.001602172 0.5592216 0.9556811 0.01882648 0.2938015 0.8288565 0.001431643 0.5594596 0.6775166 0.05486238 0.7334585 0.5217524 0.03232222 0.8524845 0.7351566 0.1610472 -0.6584897 0.8720631 0.02964782 -0.4884947 0.8720615 0.02964681 -0.4884976 0.8722184 0.02944368 -0.4882297 0.9713283 0.07496011 -0.2256155 0.9994055 0.02184385 0.02667939 -0.8676369 0.4967293 0.02159261 -0.9580677 0.2590693 -0.1224315 -0.8841213 0.445899 -0.1396555 -0.9684492 -0.2482162 0.02224469 -0.8824203 0.4699211 0.02255684 -0.9975037 0.06944811 -0.01278442 -0.9605772 0.2780038 -0.002326488 -0.8823669 0.4700262 0.02245366 -0.7843113 0.6203674 -3.23817e-4 -0.9398313 -0.04014259 -0.3392726 -0.9781275 0.01807427 0.2072199 -0.9973639 0.0445851 -0.05724799 -0.9780509 0.01825356 0.207565 -0.9780584 0.01824384 0.2075311 -0.8409935 0.1966997 0.5040229 -0.9397358 -0.03991609 -0.3395636 -0.5873621 0.001823961 -0.8093222 -0.7859555 -0.06051027 -0.615315 -0.5870768 0.001739382 -0.8095294 -0.4032082 0.02659004 -0.9147219 -0.1336566 -0.006446659 -0.9910067 0.01034581 -0.9754934 -0.2197852 -0.004611551 -0.7026875 -0.7114837 -0.004642784 -0.7027062 -0.7114651 0.02240103 -0.2301761 -0.9728912 -0.8822602 0.4702214 0.02255982 -0.4201662 0.9071798 -0.02202796 -0.6203113 0.7833279 -0.04014229 -0.4198607 0.9073177 -0.02217328 -0.210009 0.9776583 0.008975744 0.2015583 0.9786906 -0.03922963 -0.02038037 -0.9996983 -0.01371008 0.426865 -0.9042853 0.007382094 0.2093152 -0.9774694 0.02721965 0.4272009 -0.9041256 0.007512986 0.6245508 -0.7804628 -0.02853459 0.7887538 -0.6146926 0.004543066 -0.7938091 0.5666379 -0.2208819 -0.8912965 0.4518689 -0.03748804 -0.7832375 0.6077916 -0.1308763 -0.7831821 0.6078739 -0.1308255 -0.7671302 0.6399091 -0.0450282 -0.7956475 0.5380304 -0.2783315 -0.5974951 0.7966925 -0.09099882 -0.7830245 0.6080595 -0.1309064 -0.8551633 0.4348349 -0.2821604 -0.8546304 0.4071652 -0.3222164 -0.5425617 0.418166 -0.7285356 -0.4659352 0.4834282 -0.7410814 -0.8544958 0.4072867 -0.32242 -0.4365229 0.3024598 -0.8473287 -0.4299274 0.4402219 -0.7882685 -0.2734622 0.3815079 -0.8829894 0.01854884 0.4540838 -0.890766 -0.2369664 0.9416464 -0.2390587 -0.5973417 0.7968068 -0.09100496 -0.6617678 0.6432583 -0.3850744 -0.7657435 0.5837395 -0.2699727 -0.7655428 0.6344053 -0.1071189 -0.8552263 0.4347497 -0.2821003 -0.6202956 0.6186397 -0.4822018 -0.855057 0.4349901 -0.2822436 -0.5198866 0.5350429 -0.6659184 -0.3561963 0.9224743 -0.148881 -0.7830231 0.6080186 -0.1311049 -0.2123264 0.926286 -0.3113065 -0.3633071 0.715933 -0.5961946 -0.3482964 0.9003551 -0.2608648 0.5044816 0.1582667 0.8487933 0.3331125 -0.01818692 0.9427118 0.3331166 -0.01818233 0.9427104 0.1386217 -0.1936197 0.971234 -0.5659372 0.01236552 0.8243556 -0.9319453 -0.03003358 0.361353 -0.7739472 -0.05537945 0.630824 -0.9320814 -0.03020584 0.3609877 -0.9948509 0.0410844 0.09264862 -0.985009 -3.51146e-4 -0.1725029 -0.7428442 0.201879 0.6383004 -0.8848006 0.04714924 0.4635782 -0.8848326 0.04710042 0.4635222 -0.96077 -0.1112721 0.2540465 -0.005621075 0.00197643 -0.9999822 -0.002500474 0.002403438 -0.999994 2.33857e-4 0.004219412 -0.9999911 -0.005068361 -0.006264686 -0.9999676 0.001093327 0.005811274 -0.9999826 -0.005635261 0.001955807 -0.9999822 -3.1079e-4 0.003727912 -0.999993 -3.10488e-4 0.003726243 -0.999993 -3.13917e-4 0.003760933 -0.9999929 2.24414e-4 0.004215717 -0.9999911 0.002046465 0.005380034 -0.9999834 0.002074718 0.005377948 -0.9999834 2.18883e-4 0.004208981 -0.9999912 0.1456918 -0.08269643 -0.9858677 -0.02920579 0.03384089 -0.9990004 -0.1022762 -0.1119659 -0.9884348 -0.1273995 -0.02091562 -0.9916309 -0.02350825 -0.003076136 -0.999719 -0.02343076 -0.003018498 -0.999721 -0.02955037 0.06830662 -0.9972267 -0.008459389 0.06547325 -0.9978185 -0.0155096 0.0460326 -0.9988196 -0.03695571 -0.02313536 -0.9990491 -0.04083895 0.07442927 -0.9963898 -0.0292471 0.03384786 -0.998999 0.09399497 -0.01887744 -0.9953937 0.4397437 -0.6928097 -0.5715246 0.612911 -0.7058985 -0.3550317 0.7686803 -0.4619501 -0.4424167 0.8552654 -0.2299758 -0.4643623 0.0533325 0.737968 -0.672725 -0.005513846 0.6862036 -0.7273886 -0.005535781 0.6861832 -0.7274078 -0.06464534 0.6280452 -0.7754872 0.07029306 0.09657162 -0.9928408 0.1336911 0.04370218 -0.990059 0.1337611 0.04364639 -0.9900521 0.1964686 -0.009326756 -0.9804658 0.9261729 -0.3292803 0.1837888 0.8345119 -0.4680886 0.2906599 0.9252822 -0.3222103 0.2000836 0.100852 0.7973864 -0.5949825 0.004827082 0.7216657 -0.692225 0.004807114 0.7216508 -0.6922406 -0.09123039 0.6279588 -0.7728808 -0.3388251 0.317322 0.8857225 -0.07878589 0.1098814 0.9908173 -0.216322 0.002924084 0.9763177 -0.01821744 0.0106256 0.9997776 -0.4110355 0.3744595 0.8311618 -0.2855246 0.4225048 0.8602125 -0.07894772 0.110135 0.9907763 0.03573101 0.3218777 0.9461069 -0.01824325 0.01066058 0.9997768 0.1094856 0.6019429 0.7909979 0.03588241 0.3219438 0.9460787 0.4469841 0.5311004 0.7198178 0.7671416 0.2378919 0.5957357 -0.02959269 -0.9995616 -0.001005113 -0.03306144 -0.9994247 0.007573664 0.01424509 -0.9994767 -0.02904397 0.03622865 -0.9984169 -0.04302561 0.1085824 -0.9888659 -0.1017556 -0.9808368 -0.008096873 0.1946636 -0.9841564 -0.02861374 0.1749788 -0.9841586 -0.02862727 0.1749641 -0.9866096 -0.0489574 0.1555784 -0.9331755 0.05123996 0.3557501 -0.9436994 0.0244953 0.329896 -0.9437696 0.02430391 0.3297094 -0.9528533 -0.002336025 0.3034224 -0.03751415 -0.9992314 -0.0113765 -0.03779113 -0.9979144 0.05233407 -0.06516921 -0.9978736 -0.001170337 -0.02564287 -0.9994598 0.0205608 -0.01561236 -0.9998639 -0.005345165 -0.01391667 -0.999827 -0.01234471 0.03354012 -0.9994264 -0.004689514 0.144672 -0.9893952 -0.01293706 -0.03426533 -0.9966036 -0.07488214 0.01264673 -0.9989085 -0.044968 -0.03749352 -0.9992313 -0.01144725 -0.1497991 -0.9702801 -0.190044 -0.05087858 -0.9983224 -0.02763754 -0.01248228 -0.9999174 -0.003091156 -0.002421617 -0.9999898 -0.003847241 -0.103236 -0.9866739 -0.1257656 -0.1961422 -0.980574 0.001781284 -0.09089487 -0.995597 -0.02290803 0.01826232 -0.9998326 0.001208424 0.004321932 -0.9999907 3.47779e-4 -0.04757547 -0.9987892 -0.01252049 -0.02291768 -0.9997256 0.004847049 -0.006796181 -0.9999753 0.001826167 0.01488852 -0.9998656 -0.006878852 -0.005989074 -0.9999768 0.003270864 0.02241241 -0.9997021 -0.009674251 -0.004878818 -0.9999756 0.005013823 -0.007839322 -0.9998337 0.01647573 -9.61096e-4 -0.999812 0.01937001 0.02984893 -0.9994442 0.01484864 -0.003507614 -0.9999759 -0.006015241 -0.1067329 -0.9939554 0.02570635 -0.0770772 -0.9970192 0.003449022 0.008774816 -0.9999612 8.76512e-4 0.02992182 -0.9994242 -0.01599633 -0.005414724 -0.9999272 0.0107885 -0.002160906 -0.9999917 0.003466486 -0.006569206 -0.999978 -9.26915e-4 7.77062e-4 -0.9999088 0.01348608 -0.006407558 -0.9997597 0.02096509 -0.03394824 -0.9983685 -0.04591369 -0.0200231 -0.9969601 0.07529771 -0.1401132 -0.9877665 -0.06845206 -0.006078779 -0.9994952 0.03118669 0.003495037 -0.999976 0.005999565 0.002315044 -0.9999385 0.01085585 0.01080101 -0.9996887 0.02249467 0.002486228 -0.9999869 0.00447601 -0.001785278 -0.9999982 8.50541e-4 0 -1 1.2484e-6 -0.001575648 -0.9999983 9.14168e-4 0.04870599 -0.9987264 0.01316881 0 -1 2.7604e-7 0.004803478 -0.9999869 -0.001779437 -0.008736789 -0.9999617 4.31961e-4 0.01071178 -0.9999359 -0.003661334 0.01365917 -0.999906 0.001266241 0.0136922 -0.9998189 0.01321911 0.01545858 -0.9993936 0.03120356 0.03771942 -0.9989492 -0.02603149 0.05016046 -0.9982485 -0.03136891 0.0533269 -0.9969296 -0.05733972 0.05013471 -0.9982502 -0.03135484 -0.008718907 -0.9999616 -8.7081e-4 0.1556711 -0.9854865 -0.06769841 0.03783166 -0.998946 -0.02599298 0.1175926 -0.992829 -0.02150535 0.01365524 -0.999906 0.001252412 0.06433445 -0.99792 0.004095852 -0.02062916 -0.9997683 0.006149649 0.005570054 -0.9999837 0.001208901 0.06436717 -0.997918 0.004099309 0.1202365 -0.9919571 0.03955417 0.1148521 -0.9920939 0.05058413 0.003248155 -0.9999915 -0.002526283 2.77703e-4 -0.9999923 -0.003926217 0.1535798 -0.9708941 0.1837876 0.07550197 -0.9445102 0.3196874 0.01722049 -0.9634407 0.2673678 0.02258628 -0.9400246 0.3403584 -0.02000898 -0.9969829 0.07499873 0.07816678 -0.992807 0.0906881 0.01456797 -0.9973272 0.07159805 -8.81404e-6 -0.9745114 0.2243381 -1.56462e-5 -0.9745132 0.2243303 0.07814764 -0.9928033 0.09074491 -0.0798633 -0.9924021 0.09359431 0.06402254 -0.9968631 0.04653233 0.03111356 -0.9939649 0.1051936 0.06403863 -0.9968619 0.04653477 0.1200713 -0.9919789 0.03950679 -0.3902098 -0.9028458 -0.1805707 0.06451272 -0.9979085 0.004101276 0.0244022 -0.9397063 -0.3411107 0.03136223 -0.9939457 0.1053019 -0.08000028 -0.9923841 0.09366846 -0.3068528 -0.9262992 -0.2186581 0.03777849 -0.9989477 -0.02600848 0.02659356 -0.9722232 -0.2325402 0.01718497 -0.9635306 0.2670462 0.01455718 -0.9973289 0.07157778 4.57247e-5 -0.9999859 -0.005318701 -0.01630502 -0.9727498 0.2312838 -5.38483e-4 -0.9999929 -0.003749251 -0.005345344 -0.999926 -0.01094061 -0.04663234 -0.9316861 0.3602591 -5.3297e-4 -0.9999929 -0.003728926 4.63119e-5 -0.9999858 -0.005344927 -0.001448631 -0.9999989 4.43423e-4 -5.40428e-4 -0.9999931 -0.003695726 -0.001452863 -0.9999989 4.78119e-4 -0.002266824 -0.9999326 0.01138997 -0.002268373 -0.9999328 0.01137208 -0.001450955 -0.9999989 4.61131e-4 -0.002227485 -0.999863 0.01640492 -0.01189076 -0.9998807 -0.009861826 -0.01403456 -0.997005 0.07605355 0.01501429 -0.9998848 0.002254247 -0.04693979 -0.9556099 0.2908719 -0.01198256 -0.9994713 0.03022617 0.009393453 -0.999354 0.03468954 -0.172364 -0.9614625 0.2141975 -0.039186 -0.999232 2.27283e-4 -0.07791531 -0.9934317 0.0838021 -0.1170193 -0.9838292 0.1355979 -0.1724987 -0.9614256 0.2142551 -0.01404798 -0.9970136 0.07593804 -0.005336284 -0.9999262 -0.01092153 -0.01887422 -0.9994341 0.02784579 -0.01692008 -0.9998364 0.006409287 -0.1308938 -0.9906567 0.03828853 -0.08284807 -0.9965414 0.006446599 -0.01594597 -0.9988139 0.04600667 7.39633e-4 -0.9999017 0.01400053 -0.01288884 -0.999889 0.007477641 -0.1312388 -0.9906075 0.03838622 -0.1932885 -0.9782691 0.07502907 -0.1961714 -0.980568 0.001793563 -8.22613e-4 -0.9998683 0.0162096 0.02843111 -0.9753752 -0.2187124 -0.00475502 -0.9985206 -0.05416864 0.01810014 -0.9995867 -0.02233618 -0.01018571 -0.9999361 -0.004917979 -0.01877528 -0.9994384 -0.0277577 -0.0359866 -0.9991496 -0.02013254 -0.00327742 -0.9997166 -0.02358347 -0.003748238 -0.9999402 0.01027649 -0.002497911 -0.9999735 0.006841421 0.02662014 -0.9722192 -0.2325537 -0.01019638 -0.999527 -0.02901715 1.90185e-4 -0.9999052 -0.01377129 -0.002342104 -0.9999356 -0.01110458 0.1009046 -0.9939154 0.0441634 0.008956193 -0.9991827 -0.03942078 0.01809811 -0.9995909 -0.02214735 -0.1496459 -0.9703322 -0.1898985 -0.02330988 -0.9996628 0.01145303 0.1243703 -0.9890291 -0.07971024 -0.03973031 -0.9915039 -0.1238612 -0.05749875 -0.9972468 -0.04682642 0.02102172 -0.9928607 -0.1174126 0.01487433 -0.999397 -0.03137689 0.04873836 -0.9567233 -0.2868888 0.01557129 -0.93286 -0.3599025 0.04154378 -0.9545682 -0.2950826 0.1706906 -0.9613701 -0.2159454 -0.01161992 -0.9991542 -0.03944486 -0.01566916 -0.9998771 -5.26212e-4 -0.001311361 -0.9999991 -5.63632e-4 0.002690196 -0.9999416 -0.01047277 0.01367384 -0.9999058 0.00123775 0.027763 -0.9995188 -0.01383769 0.08107894 -0.9915511 -0.1012557 0.1707639 -0.9613754 -0.2158638 -1 -1.09996e-5 0 -1 -1.11024e-5 0 -1 -1.0871e-5 0 -0.006832957 -0.9932036 -0.1161895 0.1308528 -0.9459128 -0.296861 -0.1178656 -0.9582704 -0.2604334 -0.409557 -0.7661567 -0.4952445 -0.1181042 -0.9581549 -0.2607501 -0.2536822 -0.649792 -0.7165303 -0.9995929 0.02853429 0 -0.993333 0.1152451 -0.002847731 -0.9997556 0.02210873 1.90723e-4 -0.9998651 0.01643085 3.81008e-4 -0.09955477 0.9933434 0.05794703 -0.0531665 0.9982071 0.02749502 -0.05319529 0.9982051 0.02751368 -0.04779064 0.9908232 -0.1264334 -0.4668442 -0.8646301 0.1856647 -0.3359192 -0.5541408 0.761634 -0.3190894 -0.8578176 0.4029031 -0.3928505 -0.5685461 0.7227889 -0.3395919 -0.4725549 0.8132461 -0.5183605 -0.2771506 0.8090056 -0.9200263 0.02310466 0.3911753 -0.9449206 -0.02748596 0.3261438 -0.9449178 -0.02749603 0.3261511 -0.9449378 -0.02752578 0.3260904 -0.9960911 0.01422077 0.08718055 -0.9968914 0.009019196 -0.07827067 0.9874732 0.1283683 0.09175199 0.9912034 0.07466948 0.1092724 0.9912026 0.0746721 0.1092779 0.9912042 0.07463729 0.1092875 0.942571 -0.02765202 0.3328593 0.8858664 -0.1104049 0.4506124 0.9285168 0.05321049 -0.3674579 0.9137738 0.3885658 -0.1184651 0.7666081 0.51284 -0.3864028 0.9137046 0.3887619 -0.1183565 0.9233833 0.1648567 -0.3466781 0.9760797 0.123173 -0.1791567 0.9137789 0.3886218 -0.1182435 0.9448152 0.3267014 -0.02429604 0.9156776 0.399593 -0.0431261 0.8213749 0.04361474 0.5687189 0.3668626 -0.003317892 0.9302693 0.6269036 -0.02394247 0.778729 0.3665763 -0.003503203 0.9303814 0.1307585 0.03832948 0.9906731 -0.1228837 -0.01782482 0.9922611 -0.8889904 0.3534151 0.2911942 -0.7698156 0.4714608 0.4302427 -0.8083394 0.5549791 0.1964319 -0.6750507 0.7138955 0.1861715 -0.7698054 0.4715679 0.4301437 -0.7609854 0.5452358 0.3515954 -0.7155441 0.6879848 0.1211344 0.02100569 -0.9928972 -0.1171066 0.02660268 -0.9722185 -0.2325585 0.1533842 -0.9707873 -0.1845139 0.08097243 -0.9915626 -0.1012281 -0.9027801 8.60005e-4 0.4301017 -0.9031696 0.1140028 0.4138699 -0.9031699 0.1140066 0.4138678 -0.8919469 0.2254593 0.3919171 0.999949 -0.007363021 -0.006911337 0.9999871 -0.003699004 -0.003465771 0.9999869 -0.003735125 -0.003499925 0.9886419 0.1379714 0.05959117 0.004899919 0.9932374 -0.1159978 0.1441341 0.989155 -0.02824676 0.1411037 0.9793764 -0.144608 0.1413588 0.979356 -0.1444973 0.2335232 0.9707661 0.05549889 0.5404626 0.8274876 0.1521993 -0.8030945 0.08138096 0.5902682 -0.7792825 -0.1017368 0.6183596 -0.7792626 -0.101705 0.6183897 -0.7793098 -0.101783 0.6183175 -0.77929 -0.1017514 0.6183477 -0.7802926 -0.1033691 0.616813 0.1384912 -0.04606384 -0.9892919 0.003319382 -0.02821338 -0.9995964 0.1390793 -0.01158988 -0.9902135 0.001741528 -0.01137501 -0.9999338 0.1388744 -0.0115745 -0.9902424 0.001740694 -0.01136952 -0.9999338 7.92008e-4 0 -0.9999997 0.471318 -0.01733195 -0.8817931 0.6503327 0.01521104 -0.7594973 0.7922129 -0.002437651 -0.6102401 0.8308331 0.02149236 -0.5561065 0.8626956 0.005128324 -0.5056976 0.02931517 0.9995703 1.1337e-4 -0.1922425 0.9812722 0.01216298 -0.06192189 0.9976959 0.02772605 -0.1827324 0.9829011 -0.02268171 0.9477487 -0.2018275 0.2470588 0.9944459 -0.06464695 0.08305561 0.609578 -0.4667004 0.640785 0.4017005 -0.376405 0.8348389 0.7814393 -0.3347019 0.526619 0.2006649 -0.448526 0.8709524 0.9469171 0.2042342 -0.2482669 0.994355 0.06540352 -0.08354949 0.9943825 0.06545537 -0.08318227 -0.9862975 -0.01408123 0.164375 -0.9993221 0.03681516 -3.31908e-4 -0.9108981 0.2261592 0.3451328 -0.9510579 0.3082879 -0.02115172 -0.9767164 0.172811 0.127128 -0.9346143 0.348799 -0.06953769 -0.7102835 0.7019575 -0.05247032 -0.02166706 -0.9993873 -0.02749174 0.08096456 -0.991562 -0.1012402 -0.01624041 -0.999436 -0.02939522 -0.01120632 -0.9994529 -0.03111988 -0.906812 -0.4214808 0.00679481 -0.8999887 -0.4095043 0.1494204 -0.8999938 -0.4095054 0.149388 -0.874743 -0.3891382 0.2887841 -0.9038209 5.01208e-4 0.4279106 -0.9367654 -0.05532228 0.3455575 -0.9367529 -0.05530536 0.3455942 -0.9593312 -0.1106959 0.2596731 0.7842532 -0.08691877 -0.6143224 0.7916522 -0.09915667 -0.6028723 0.8333714 -0.1059873 -0.5424566 0.7977513 -0.1671356 -0.5793607 0.6419196 -0.5177817 -0.5655452 0.1002027 -0.9799612 0.17215 0.6844342 -0.7077918 0.1748732 0.2875891 -0.9525008 0.1001737 0.7864124 -0.6169695 0.03006702 -0.8128144 -0.5820276 -0.02401894 -0.4035116 -0.9149674 -0.003638863 -0.5854584 -0.8106565 0.008639097 -0.4032228 -0.9150952 -0.003518998 -0.207446 -0.9776738 -0.03346979 -0.02073407 -0.9996928 -0.01358437 -0.7284334 -0.6848513 -0.01907014 -0.9683569 -0.2485767 0.02223753 -0.813009 -0.5817562 -0.02400505 -0.9935038 -0.1125689 0.01669412 -0.4262661 0.9043281 -0.02209454 -0.04866904 0.9988094 -0.003329157 -0.2459434 0.9684249 -0.04080432 -0.2458282 0.9684481 -0.04094833 0.1892625 0.9818435 0.01277065 0.501144 0.8651856 -0.01757067 -0.6699218 0.739894 0.06133407 -0.666978 0.7449953 0.01106792 -0.8584999 0.5127899 -0.004966735 0.06335824 -0.2880185 -0.9555266 0.06887441 -0.2823455 -0.9568371 0.06910848 -0.2821525 -0.9568772 0.07440131 -0.2769718 -0.9579933 0.04453676 0.9989036 -0.01442903 -0.06245917 0.9966872 -0.05209213 0.02871388 0.9995796 -0.004035115 0.05109703 0.9914965 0.1196829 0.8091633 0.5870662 -0.02465766 0.2019025 0.9786208 -0.03920388 0.5753402 0.8178675 0.008760035 0.3946539 0.91883 1.65433e-4 0.201767 0.9786568 -0.03900182 0.01318752 0.9996695 -0.02206909 -0.6663083 0.09718745 -0.7393159 -0.3016694 -0.009522736 -0.9533651 -0.5371372 0.0475279 -0.8421548 -0.3016254 -0.009558141 -0.9533786 -0.3016316 -0.009566962 -0.9533767 -0.2551789 -0.04832023 -0.9656857 -0.498574 0.6933542 -0.520273 -0.1168651 0.7193868 -0.6847082 0.9999426 0.007472336 0.007676124 0.9999855 0.003769636 0.003873646 0.9999853 0.003776252 0.003880679 0.9843263 -0.1569131 -0.08049952 -0.3279155 -0.8701496 0.3678469 -0.3917892 -0.8370164 0.3819751 -0.2279319 -0.9224011 0.3118063 -0.1783588 -0.8118198 0.5560007 -0.4592427 -0.6726222 0.5802375 -0.3358627 -0.5540041 0.7617583 0.689081 0.7244079 -0.02001589 0.501469 0.864999 -0.01748305 0.6572761 0.753565 0.01132351 0.3930274 0.9193924 -0.01572793 -0.006374716 -0.8727454 0.4881342 -0.1453636 -0.5076671 0.8492017 -0.1057345 -0.8196753 0.5629856 -0.2447705 -0.8596859 0.4483612 -0.1455378 -0.5076147 0.8492032 -0.5274382 -0.5330368 0.6615744 -0.2445402 -0.8598769 0.4481202 -0.1862151 -0.8748914 0.4470896 -0.006409227 -0.8729103 0.4878389 -0.056836 -0.722862 0.688651 -0.0907064 -0.8534436 0.5132314 0.935183 0.03756046 -0.3521679 0.9426873 0.01792997 -0.3331954 0.9427185 0.01784235 -0.333112 0.9495254 -0.001900911 -0.3136847 0.9693515 -0.00232315 -0.2456669 0.9781059 -0.04404723 -0.2033928 0.9781314 -0.04427564 -0.2032212 0.983257 -0.08563154 -0.1608513 0.7157467 0.6749967 -0.1791262 0.6580768 0.7380958 -0.148827 0.8704124 0.4589851 -0.1780868 0.8703302 0.4590528 -0.1783141 0.725021 0.6780939 -0.1205549 0.6751233 0.6744079 -0.298969 0.7105575 0.4621238 -0.5306125 0.2144572 0.07497912 0.9738512 -0.01820093 0.01312243 0.9997483 0.09699869 0.3092142 0.9460328 0.09687209 0.3091955 0.9460518 -0.1126712 0.03336489 0.993072 -0.1342082 0.2478774 0.9594504 -0.01125329 -0.2862873 -0.9580778 0.02803987 -0.2513771 -0.9674831 0.02802056 -0.2513933 -0.9674794 0.06719297 -0.2155622 -0.9741756 0.01560145 0.7381386 0.6744688 -0.01439392 0.3083794 0.9511547 -0.008257687 0.4170573 0.9088428 -0.04579061 0.2338784 0.9711871 -0.01423382 0.3080672 0.9512581 -0.0303533 0.03652262 0.9988718 -0.1048128 0.08973485 0.9904353 -0.3875774 -0.919437 -0.06648015 -0.7229372 -0.6905634 0.02200126 -0.7942461 -0.6068167 0.03077048 -0.9001769 -0.3943549 0.1848402 0.3809677 -0.9215824 -0.07449591 -0.00971049 -0.9709103 -0.2392471 -0.3873147 -0.9195348 -0.06665676 -0.01229244 -0.9996264 -0.02441406 -0.4371616 -0.8985077 0.0396713 0.6150807 -0.780417 -0.1123618 0.5978562 -0.7984868 -0.07061916 0.3812709 -0.9214698 -0.07433551 0.4288085 -0.9032233 0.01763659 -0.01195961 -0.9996297 -0.02444332 0.521473 0.03248947 0.852649 -0.01838064 0.04365456 0.9988776 0.2605221 -0.002144575 0.9654656 -0.01873403 0.04351717 0.9988771 -0.2492769 0.07554477 0.9654812 -0.4871146 0.02917891 0.8728505 -0.07465922 0.6282303 -0.774437 -0.08164483 0.6217857 -0.7789201 -0.1478257 0.6175233 -0.7725365 -0.1410923 0.7474601 -0.6491505 -0.2008579 0.369049 -0.9074465 0.07221752 0.1762937 -0.9816849 -0.1201215 0.4475242 -0.8861676 -0.02170622 0.683968 -0.729189 -0.02196037 0.6841719 -0.7289901 0.07538676 0.9682766 -0.2382379 -0.05346691 0.9692589 -0.2401633 0.07539206 0.96835 -0.2379378 -0.4111341 0.9026145 -0.1274982 -0.2435964 0.9698763 -8.64347e-4 -0.1767773 0.3160458 0.9321293 -0.02791392 0.07663953 0.9966681 -0.02790206 0.07661145 0.9966706 -0.02772152 0.07633548 0.9966968 -0.0752511 -0.1777362 0.9811968 -0.01491791 -0.4177443 0.9084422 -0.4876052 0.8713414 -0.05482071 -0.007133841 -0.2832629 -0.9590159 0.04159194 -0.233961 -0.971356 0.04158705 -0.2339664 -0.971355 0.09011542 -0.183412 -0.978897 -0.1626687 0.3170116 0.9343674 -0.02609443 0.1124637 0.9933132 -0.02609497 0.1124665 0.9933129 -0.0258637 0.112141 0.9933557 -0.08491557 -0.151116 0.9848621 -0.1272406 -0.4529542 0.8824071 -0.8708087 0.0977869 -0.4817987 -0.7947848 0.008072853 -0.6068378 -0.7947763 0.008098542 -0.6068485 -0.7946016 0.007918059 -0.6070797 -0.7946098 0.007888615 -0.6070694 -0.6950345 -0.08192437 -0.7142938 0.9253494 -0.3220624 0.2000109 0.9690468 -0.2074412 0.1338527 0.9999728 0.004387021 -0.005940616 0.9999728 0.004388511 -0.005938827 0.9999728 0.00438708 -0.005940318 0.9998874 0.008869528 -0.01210439 -0.171854 0.9516928 -0.2544546 -0.02075314 0.9987843 -0.0447151 -0.01694226 0.9995613 -0.024293 0.001289427 0.9983022 -0.05823242 0.0160433 0.9915245 0.128926 -0.08728373 0.9828802 -0.1622596 -0.7441095 -0.4278209 -0.5130988 -0.5118582 -0.09811824 -0.8534483 -0.9337654 -0.0853393 -0.3475623 -0.5704492 -0.3415734 -0.7469374 0.01032316 -0.06275987 -0.9979752 0.00516057 -0.03138822 -0.999494 0.005162596 -0.03138899 -0.999494 0.005159199 -0.03135615 -0.999495 9.36768e-4 0.3424443 -0.9395378 -0.999579 -0.0290175 0 -0.9926607 -0.1208995 0.002860426 -0.9997549 -0.02213805 -1.89768e-4 -0.9998662 -0.01635861 -3.81114e-4 -0.1490961 0.4665027 -0.8718634 -0.08346086 0.2454003 -0.9658225 0.07358163 0.7036064 -0.70677 0.06571477 0.7368559 -0.6728485 -0.06181871 0.3063095 -0.9499226 0.05085068 0.2375172 -0.9700515 0.1077241 0.3316986 -0.9372148 0.0660538 0.1612011 -0.9847087 0.05075848 0.2371734 -0.9701404 0.001367449 -0.2099679 -0.9777074 0.0013206 0 -0.9999992 -0.2266263 0.09306448 -0.9695254 -0.1098254 0.1530556 -0.9820959 -0.2265884 0.09286427 -0.9695535 -0.2039974 -0.167813 -0.9644812 -0.08338236 0.2450492 -0.9659184 -0.2039101 -0.1678041 -0.9645012 -0.0512312 -0.2045198 -0.977521 1.70952e-4 0.9300773 -0.3673641 -0.1492226 0.9128145 -0.3801348 0.0656231 0.7370175 -0.6726803 -0.0399121 0.8184979 -0.5731216 -0.1490804 0.4668207 -0.8716958 -0.3102325 0.5313029 -0.7883356 -0.3865268 0.2125237 -0.897458 -0.4205451 0.1030811 -0.9013968 -0.2646411 0.8820202 -0.3898789 -0.2771028 0.723448 -0.6323266 -0.1024022 0.9484038 -0.3000733 0.07574683 -0.8826671 -0.4638546 -6.24295e-4 -0.7583389 -0.6518602 -0.08757239 -0.7640643 -0.6391688 -0.06573557 -0.7078753 -0.7032719 -6.15981e-4 -0.7580714 -0.6521715 -0.6285573 -0.3094199 -0.7135651 -0.4433128 -0.7177456 -0.5369498 -0.2437631 -0.5670276 -0.7868032 -0.2412979 -0.2532144 -0.9368339 -0.4729074 -0.6353728 -0.610459 -0.9999355 0.01131612 0.001064777 -0.9984239 0.05528515 -0.009657979 -0.9986461 0.05150687 -0.007275223 -0.9747004 0.2152668 -0.06016242 -0.99239 0.005277991 -0.123021 -0.9975706 -0.03069895 -0.06253319 -0.992363 0.005229532 -0.1232415 -0.9830276 -0.01417046 -0.1829099 -0.9967396 0.03445804 -0.07295817 0.02705198 -0.9881765 -0.1509156 0.01692765 -0.9967423 -0.07885676 -0.02907562 -0.9994684 -0.01474964 -0.05703324 -0.9969237 0.05376362 -0.1203424 -0.9862323 0.1134184 -0.0143339 0 0.9998974 0.004392623 0.01177251 0.9999211 -0.001273632 -0.02740681 0.9996236 0.004747092 -0.05492907 0.9984791 0.2771241 -0.06294995 0.9587699 0.8856871 -0.1105567 0.4509276 0.7601737 -0.0315091 0.6489555 0.2772138 -0.06315445 0.9587305 0.5453508 -0.05391764 0.8364721 0.2035576 0.06228584 0.9770798 -0.8671373 -0.0469703 -0.4958496 -0.8294408 0.01072657 -0.5584917 -0.8294553 0.01071131 -0.5584704 -0.6163991 0.2349272 -0.7515727 -0.3740917 0.9135269 0.1597629 -0.6700773 0.6707566 0.317934 -0.5922476 0.7459999 0.304511 -0.6404606 0.681227 0.3545984 -0.5668804 0.6652804 0.4858484 -0.7326301 0.4104728 0.5429229 -0.1490737 0.6736032 0.7239031 -0.5921432 0.7459558 0.3048217 -0.4929124 0.5181875 0.6989415 -0.655687 0.5437174 0.523876 0.1740392 0.02174323 0.9844987 -0.02836978 0.03553748 0.9989657 -0.2981193 -0.02208846 0.9542731 -0.2983677 -0.02191615 0.9541994 -0.2983606 -0.02192229 0.9542015 -0.3997786 0.05742484 0.9148113 -0.2471452 -0.1288995 -0.9603667 -0.007534205 0.3360655 -0.9418086 -0.3877258 0.2752611 -0.879716 0.006185412 0.477187 -0.87878 -0.06764429 0.634556 -0.769911 -0.2322466 0.8667282 -0.4414111 0.2033938 -0.09949737 0.9740284 0.1221532 -0.02086377 0.992292 0.1221325 -0.02084171 0.992295 0.0391668 0.05784308 0.9975572 0.3993086 0.8886422 0.2255387 0.3467292 0.7957205 0.4965964 0.482716 0.73233 0.4802896 0.6604996 0.4361606 0.61115 0.5588631 0.6675198 0.4920259 0.813373 0.2955911 0.5010493 0.346745 0.7956486 0.4967005 0.6670841 0.5828117 0.464036 0.8134465 0.2957117 0.5008588 0.8135691 0.2953401 0.5008788 0.8344722 0.4084448 0.3699042 0.767274 0.2377792 0.5956103 0.6756135 0.3046628 0.6713621 -0.5667148 0.6653684 0.4859212 -0.374529 0.8768622 0.3013982 -0.2919913 0.5177454 0.8041647 -0.4046657 0.7023884 0.5855734 -0.3145533 0.9194684 0.2358694 -0.135738 0.8666433 0.4801089 -0.1626085 -0.9843654 -0.0677011 -0.07063007 -0.9969701 -0.03258836 -0.01693558 -0.9997269 0.01610475 0.05625569 -0.9967338 0.05794018 0.08999842 -0.9895388 0.1127535 -0.7880132 -0.01603138 -0.6154497 -0.5101817 -0.07594096 -0.8567075 -0.4439512 0.01348692 -0.8959494 -0.443684 0.0136646 -0.8960792 -0.3225795 -0.1290754 -0.9377005 -0.2492538 0.151772 -0.9564716 -0.05596613 -0.3884633 0.9197631 -0.07701838 -0.7659152 0.638312 -0.09004592 -0.2202627 0.9712756 -0.09015613 -0.2202293 0.9712728 -0.10914 -0.6089584 0.7856578 -0.3393185 -0.4726025 0.8133326 -0.2657969 -0.1140943 0.9572537 -0.9762921 -0.003814578 0.2164236 -0.999976 -0.004315853 -0.005428373 -0.9353403 -0.007472813 -0.3536703 -0.7794858 -0.0507735 -0.6243588 -0.9352231 -0.007316768 -0.3539838 -0.5711637 0.007921874 -0.820798 -0.1024568 0.9640358 -0.2452302 -0.2409228 0.8695791 -0.431032 -0.6605614 0.6863657 -0.3042384 -0.6607874 0.6861619 -0.3042072 -0.5308444 0.749055 -0.3963847 -0.8489441 0.4652628 -0.2506482 -0.2236239 0.974084 0.03395372 -0.6258667 0.779866 0.01000094 -0.9088255 0.4169258 0.01447057 -0.9089013 0.4167672 0.01427221 -0.8237364 0.5667726 -0.01507467 -0.9699538 0.2416531 -0.02816945 -0.9089674 0.416616 0.01447528 -0.9998793 -0.009486079 0.01231282 -0.9725717 -0.2170561 0.08361202 0.05944597 -0.9875512 0.1456325 0.02868247 -0.9982163 0.05236238 0.01658749 -0.9995445 0.02521592 -0.0050022 -0.9993681 -0.03519016 -0.007514655 -0.9995611 -0.02865475 0.3194609 0.2940494 -0.9008218 0.5163793 0.6568666 -0.549435 0.1010984 0.6070163 -0.7882325 0.1490203 0.8875663 -0.4359117 0.1915293 0.8739544 0.4466769 0.05521011 0.6793006 0.7317805 0.3760542 0.6779955 0.6315897 0.1275046 0.9604231 0.2476492 0.4619511 0.7115455 0.5294377 0.3541148 0.6292284 0.6918631 0.6604074 0.637687 0.3965064 0.8828065 -0.01395368 -0.4695296 0.7284027 -0.06817811 -0.6817486 0.541023 -0.03383046 -0.8403272 0.2636586 0.02446883 -0.9643057 0.5407513 -0.03398346 -0.8404958 -0.03309231 -0.01607829 -0.999323 0.009849607 0.09606426 0.9953264 -0.123179 0.614329 0.7793759 -0.2052197 0.186364 0.9608088 -0.2052137 0.1863824 0.9608064 -0.1489146 0.6734439 0.7240841 -0.284826 0.5380299 0.7933462 0.1176497 0.9930549 -7.82341e-4 -0.2465716 0.9550422 0.1646119 0.1581805 -0.9856768 0.05848217 0.0753659 -0.9969935 0.01799964 0.03192526 -0.9987214 -0.03919553 -0.03175586 -0.9956321 -0.08779662 0.0318098 -0.9987198 -0.03933423 -0.03179121 -0.9956228 -0.08788955 -0.05505746 -0.9868049 -0.1522662 0.1033194 -0.9895527 -0.1005517 0.04278182 -0.9971798 -0.06166261 -0.01781898 -0.9981005 -0.05897474 -0.07855582 -0.9961941 -0.0377686 -0.1381314 -0.9890012 -0.0528829 -0.2630751 -0.9604025 0.09175384 -0.1501486 -0.9638664 0.2200388 -0.2004233 -0.9197309 0.337529 -0.03466361 -0.9153261 0.401219 -0.006332457 -0.8729423 0.4877824 -0.03462964 -0.9152393 0.4014199 -0.04446476 -0.8122197 0.5816546 -0.1336333 -0.7985463 0.5869125 0.1189032 -0.9929059 -7.56513e-6 0.1376231 -0.9904757 0.004247069 0.07456099 -0.9958699 -0.05180478 0.07442307 -0.9958795 -0.05181837 -0.3150293 -0.9487847 0.02375686 -0.2524832 -0.9525887 -0.1697856 0.07456028 -0.9958594 -0.05200749 -0.08210235 -0.9720733 -0.219847 -0.05007123 -0.8975372 -0.4380866 -0.05037939 -0.8974808 -0.438167 -0.2526436 -0.9525024 -0.1700307 -0.2579124 -0.8009862 -0.5402798 -0.3037675 -0.6881806 -0.6588875 -0.2025265 -0.799915 -0.5649064 -0.2357587 -0.5255246 -0.8174607 -0.2023369 -0.8000964 -0.5647174 -0.1142026 -0.9471715 -0.2997065 0.05089414 -0.9353151 -0.3501365 -0.4353829 -0.3412134 0.8330759 -0.1789579 -0.4714478 0.8635457 -0.2680729 -0.213038 0.9395487 -0.2679056 -0.2131131 0.9395794 -0.1423207 -0.6046761 0.7836529 -0.05622172 -0.3883773 0.9197838 -0.4601612 0.03348797 0.8872036 -0.4813097 0.01672226 0.8763911 -0.4811279 0.01687407 0.8764882 -0.5019806 0 0.8648789 -0.3037884 -0.6882619 -0.658793 -0.6125184 -0.4012716 -0.6810303 -0.6856214 -0.4517115 -0.570859 -0.9690818 -0.09932637 -0.2258646 -0.8729974 -0.2997968 -0.3847047 -0.9910038 0.03788828 -0.1283593 -0.174392 -0.008163988 -0.9846425 0.08225554 -0.1055023 -0.9910113 0.1167927 -0.3094586 -0.9437134 0.0281977 -0.5993478 -0.7999919 -0.193769 -0.4203866 -0.8864134 0.02787035 -0.5995545 -0.7998486 -0.3034283 -0.688323 -0.6588951 -0.05012249 -0.8973922 -0.438378 -0.02054846 -0.0460906 0.9987259 -0.00755769 -0.3685316 0.9295845 -0.00751549 -0.3688503 0.9294584 -0.0628789 -0.5926686 0.8029884 0.002974689 -0.8537979 0.5205962 -0.04698485 0.8897677 0.4539892 0.02184975 0.9136352 0.4059476 0.02181458 0.9136216 0.4059802 0.02185964 0.9136393 0.4059379 0.02186286 0.9136381 0.4059404 0.09034049 0.930455 0.3550947 0.2461099 -0.9684537 -0.03908336 -0.1887681 -0.9819334 0.0131796 -0.5007718 -0.8653998 -0.01763272 -0.5010608 -0.8652331 -0.01760154 -0.3923253 -0.9196902 -0.01584321 -0.657274 -0.7535668 0.0113241 -0.6890755 -0.7244132 -0.02001613 -0.9546331 0.04096257 -0.2949537 -0.8579965 0.1444267 -0.4929332 -0.8429983 0.02000212 -0.5375445 -0.7012202 0.1373971 -0.6995801 -0.6746151 0.01977574 -0.7379048 -0.4964674 0.1322427 -0.8579232 -0.4610369 0.01699739 -0.8872183 -0.2579926 0.1273621 -0.9577154 -0.2173462 0.0208956 -0.9758709 -0.002299785 0.1300879 -0.9914999 0.0431208 0.0221374 -0.9988246 0.2543028 0.1309795 -0.9582143 0.3002446 0.01917076 -0.9536696 0.4734705 0.1095286 -0.8739733 0.5402535 0.02584832 -0.8411053 0.6719334 -0.008747398 -0.7405599 0.7326826 0.03890973 -0.6794574 0.7328243 0.0389018 -0.679305 0.681937 0.1215752 -0.7212361 0.8563553 0.1409618 -0.496775 0.8867838 0.02189838 -0.4616655 0.9569855 0.1329021 -0.2579067 0.9760179 0.02315938 -0.2164548 0.9912875 0.1317057 -0.001642465 0.9987956 0.02362209 0.04300397 -0.9652014 0.1244041 -0.2300215 -0.998239 0.03440284 -0.04832684 -0.9939857 0.1064099 0.02587687 -0.9716306 0.231907 0.04640221 -0.9568299 0.1339078 0.2579637 -0.9227679 0.2514497 0.2920145 -0.8565285 0.1413911 0.4963543 -0.8155251 0.2533484 0.5203207 -0.6986051 0.1382732 0.7020196 -0.6554297 0.243205 0.7150268 -0.4938809 0.1332479 0.8592593 -0.4462194 0.2448866 0.8607665 -0.2533695 0.1393294 0.9572833 -0.2086076 0.2456613 0.9466432 0.001799762 0.1343505 0.9909324 0.04280501 0.2380386 0.970312 0.2583005 0.1356098 0.9564992 0.2913748 0.2487973 0.9236887 0.4964641 0.1370774 0.8571659 0.5226099 0.2400385 0.8180834 0.7020427 0.132676 0.6996665 0.7149641 0.2426236 0.6557135 0.8430228 0.01899003 0.5375426 0.6758261 0.02346158 0.7366877 0.4610229 0.01698005 0.8872258 0.2173454 0.02088963 0.9758713 -0.04309976 0.02211821 0.9988259 -0.3002377 0.01917296 0.9536718 -0.5363203 0.01766407 0.8438297 -0.736176 0.02114641 0.6764597 -0.8871794 0.01826709 0.4610632 -0.9760097 0.02179944 0.2166332 0.9569072 0.1420372 0.2532867 0.9477103 0.2406342 0.2096195 0.8570762 0.2616304 0.4438132 -0.8346471 0.2573645 -0.4869579 -0.7139531 0.2491453 -0.6543682 -0.5217753 0.246499 -0.8166939 -0.2923083 0.2331465 -0.9274689 -0.04310667 0.2297492 -0.9722948 0.2095445 0.2295999 -0.9504604 0.444719 0.2370872 -0.8637215 0.6817187 0.1217926 -0.7214058 0.8582683 0.1395425 0.4938659 0.9538916 0.01849752 0.299581 0.9721016 0.230658 -0.04261034 0.924578 0.2441418 -0.2924904 0.8409123 0.248098 -0.480951 -0.05159735 0.5844001 0.8098236 0.1419141 0.8024088 0.5796557 0.5389649 0.6099168 0.5809634 0.4253142 0.8135805 0.3964781 0.9902485 -0.0506193 0.1297916 1 6.04196e-5 0 0.9999779 0.006164491 -0.002499938 0.9999492 0.009345412 -0.003790616 0.9998012 0.01848214 -0.00749135 -0.9922217 -0.01526218 -0.1235449 -0.9874544 0.1578483 -0.00423038 -0.9874538 0.1578516 -0.004234611 -0.9166724 0.3973832 -0.04240727 -0.9874085 0.1581394 -0.004050254 -0.8107162 0.585431 0.003134369 -0.1033111 -0.9895535 0.1005533 -0.04273104 -0.9971837 0.06163364 0.01752054 -0.9981316 0.05853664 0.07808101 -0.9962559 0.0371136 0.1371847 -0.9891961 0.05168604 -0.719938 -0.037858 -0.6930052 -0.5081638 0.03051948 -0.8607197 -0.304086 0.00301522 -0.9526398 -0.3038639 0.003169655 -0.9527103 -0.3038496 0.003167271 -0.9527148 0.02716737 0.157584 -0.9871318 0.05590915 -0.9975506 0.04203498 -0.2464864 -0.9500113 0.1916323 -0.09079587 -0.9955231 0.02626752 -0.5107488 -0.8468279 0.1483849 -0.1577404 -0.9857829 -0.05788028 -0.0752151 -0.9970084 -0.01780736 -0.03182703 -0.9987214 0.03927588 0.03172791 -0.9956401 0.08771616 0.05510479 -0.9867929 0.152327 -0.04118925 -0.9991354 -0.005657613 0.1943047 -0.9807541 -0.01916658 0.5050588 -0.8629258 0.01657295 0.5053365 -0.8627642 0.01652264 0.399371 -0.9166789 0.01424163 0.6573485 -0.7535028 -0.01125222 0.6890693 -0.7244156 0.02014154 -0.9980905 0.01240015 -0.06051284 -0.9783238 -0.1993958 -0.05589312 -0.9991455 -0.04110306 0.004374146 -0.9990327 -0.0439735 -1.45179e-4 -0.999508 -0.02902787 0.01188409 -0.4332865 0.6230856 -0.6511737 -0.4657104 0.4834751 -0.7411921 -0.1625877 0.6365621 -0.7538926 -0.1166297 0.7193346 -0.6848032 -0.3979684 0.5155985 -0.7588014 0.1186004 0.5652238 -0.8163676 -0.1624327 0.6366787 -0.7538275 0.1601915 0.4599647 -0.8733677 0.1845148 0.3790076 -0.9068118 0 -1 -1.2018e-6 0 -1 8.07953e-7 0 -1 -3.80716e-7 0 -1 3.66336e-7 0 -1 -9.09523e-7 0 -1 3.97702e-7 0 -1 -1.29881e-6 0 -1 8.48819e-7 0 -1 -5.35318e-6 0.9951822 0.07517212 0.06294041 0.9845312 0.01698046 -0.1743846 0.8202632 0.005399644 -0.5719608 0.8200777 0.005324423 -0.5722275 0.8904892 -0.02367824 -0.4543879 0.7269312 -0.01622563 -0.6865187 0.633673 0.0622881 -0.7710893 0.9729943 -0.2196878 0.07084733 0.8781831 -0.3343009 0.3421072 0.9449888 -0.1443269 0.2935403 0.9215139 -0.2068097 0.3286972 0.8549496 0.09841597 -0.5092893 0.8030176 0.01369142 -0.5957981 0.8030132 0.01368337 -0.5958043 0.7369662 -0.07146674 -0.6721409 -0.9927336 -0.007244348 0.120115 -0.9851016 -0.1717969 0.007789969 -0.9851034 -0.1717868 0.007780432 -0.9174812 -0.3955194 0.04234224 -0.9850484 -0.1721111 0.007581055 -0.8196918 -0.5728044 -7.60257e-4 0.1449673 -0.04419457 -0.988449 0.03196513 -0.1845017 -0.9823123 -0.001215398 0.001293897 -0.9999985 -0.1141603 -0.1420896 -0.9832488 -0.1492223 0.04647457 -0.987711 -0.03390079 0.1896865 -0.9812594 0.1126829 0.1426323 -0.9833406 0.01460218 0.9240512 -0.3819899 -0.01719397 0.956021 -0.292794 0.01964497 0.9989507 0.04137128 -0.1747666 0.9815592 0.07744926 -0.01739352 0.9560493 -0.29269 0.02741432 0.9979246 -0.05826765 -0.1435365 -0.04503566 0.9886199 -0.03252232 -0.1834177 0.9824969 -0.001244664 -0.001835346 0.9999976 0.1091643 -0.13862 0.9843108 0.1403611 0.04282885 0.9891737 0.03053826 0.178919 0.9833897 -0.1098024 0.1368262 0.9844907 0.178469 -0.9763498 0.1220244 0.02283263 -0.9946445 -0.1008016 0.0228483 -0.9946469 -0.1007758 -0.1343339 -0.9391053 -0.3162842 0.02749621 0.9979235 -0.05824774 0.01771777 0.9960975 -0.08646321 0.01952755 0.9989373 0.04174786 0.03565436 -0.9860213 0.1627599 0.0116477 -0.9958513 0.09024816 0.01081502 -0.9988089 0.04757899 -0.001699388 -0.9999456 -0.01029998 0.00917226 -0.9992375 -0.03795158 -0.0143308 -0.7279179 0.6855146 0.005827963 -0.5719256 0.8202848 -0.05483245 -0.3461708 0.9365679 -0.02045953 -0.04605478 0.9987295 -0.06660205 -0.3857911 0.920179 0.04097402 0.01328146 0.999072 0.9921477 0.02416467 -0.1227154 0.9881755 -0.1533231 -0.00115633 0.9881758 -0.1533213 -0.001150131 0.9178282 -0.3950788 -0.0387845 0.9881296 -0.1536204 -9.46105e-4 0.8103299 -0.5859186 0.008061051 0.06977206 -0.9860147 0.1513502 0.0363534 -0.9977769 0.05585408 0.02464878 -0.9993932 0.02461433 0.002046525 -0.9992278 -0.03923821 0.001292467 -0.9993044 -0.03727394 0.9762033 -0.2164341 -0.01355183 0.9994807 -0.02593642 -0.01912289 0.9559357 0.2927452 0.02207499 0.9558355 0.293075 0.02203649 0.9846663 0.1732857 0.02011328 0.8093574 0.5868001 -0.02462774 0.7209879 0.6925907 -0.02224147 -0.01264166 0.9890784 0.1468479 0.02876675 0.9357328 0.3515347 0.0160675 0.9914909 0.1291816 0.01611214 0.9914969 0.1291298 -0.005527496 0.9640856 -0.2655342 0.02462917 0.9994802 -0.02080398 0.0160833 0.9915242 0.1289229 0.02459144 0.9994738 -0.02115023 0.001309216 0.9982848 -0.05852967 0.03702217 0.7281605 -0.6844061 0.04508912 0.5328199 -0.8450266 -0.007359921 0.2105787 -0.9775493 -0.007319509 0.2102263 -0.9776254 -0.003799378 0.3225174 -0.9465559 0.01938807 0.01883625 -0.9996347 -0.01376241 -0.01334834 -0.9998162 -0.9069379 -0.4037812 0.1201019 -0.7416583 -0.6315652 0.2259834 -0.8139678 -0.5809013 0.003163218 -0.6667594 -0.7430927 0.05696606 0.1129861 -0.9929404 0.03610444 -0.006373345 -0.9997584 0.0210368 -0.03249096 -0.9962853 0.07974892 -0.1775863 -0.9765095 0.122035 -0.6665526 0.09727025 -0.7390847 -0.8642871 0.01851218 -0.502658 -0.9823899 0.009477317 -0.1866022 -0.9998814 0.01048624 -0.01128298 -0.9824579 0.009283661 -0.1862534 -0.9773731 -0.06114983 0.2024911 -0.04153901 -0.9991202 -0.005787312 -0.2529653 -0.9669235 0.03267097 -0.4428178 -0.8965389 0.01141679 -0.6556311 -0.7544839 -0.03003412 -0.4431089 -0.896393 0.01158344 -0.8195008 -0.5730778 -6.35184e-4 -0.03070235 0.9992455 -0.02378422 0.05244809 0.9592198 -0.2777526 0.05246877 0.9592208 -0.2777459 0.01510834 0.8720111 -0.489253 0.05261993 0.9591119 -0.2780926 0.03718262 0.7283813 -0.6841624 -0.9712136 -0.1901131 0.143531 -0.9995388 -0.01313269 0.02737987 -0.9487085 0.247641 0.1965351 -0.8351621 0.5499171 0.009779393 -0.9486241 0.2478829 0.1966382 -0.8350581 0.5500753 0.009752273 -0.935158 0.346846 0.07195371 -0.834057 0.5473679 0.06882899 -0.8349542 0.5502327 0.009779632 -0.5844537 0.8106625 0.03521871 0.7404487 -0.6555154 -0.1484429 0.5812593 -0.8132417 -0.02785462 0.4708404 -0.881905 -0.02351653 0.4705266 -0.8820739 -0.02346062 0.5809811 -0.8134452 -0.02770966 0.1617241 -0.9859327 0.04221373 -0.04762655 -0.9988517 0.005187809 -0.1458579 -0.9766832 0.1575292 0.1613652 -0.9860503 0.04081952 -0.473818 -0.8806214 0.001631975 -0.4801942 -0.8761463 0.04220753 -0.7570326 -0.6472516 -0.0892592 -0.01958411 -0.2433674 0.9697365 -0.2486763 -0.4162762 0.8745709 -0.3752853 -0.243541 0.8943428 -0.2913127 -0.00915122 0.9565842 -0.3765853 -0.1489934 0.9143219 -0.04941809 -0.2297469 0.9719951 -0.04412031 -0.3611952 0.931446 -0.3765038 -0.1491463 0.9143306 -0.2076906 -0.2990506 0.9313611 -0.384637 -0.4127591 0.8256418 -0.3755772 -0.2434524 0.8942442 -0.658545 -0.3585095 0.6616566 -0.290218 -0.3053444 0.906939 -0.6584175 -0.3588004 0.6616258 -0.2489296 -0.4164288 0.8744261 -0.3330326 -0.7486067 0.5733039 -0.4881905 -0.4586773 0.7424859 -0.5184171 -0.2768471 0.8090732 -0.5221509 -0.3513304 0.7771264 -0.6124979 -0.1629231 0.7735002 -0.6104643 -0.1331152 0.7807776 -0.3768213 -0.149096 0.9142079 -0.6104701 -0.1330609 0.7807824 -0.4879679 -0.4586876 0.7426258 -0.1453939 -0.5073825 0.8493667 0.002651572 -0.5518389 0.8339466 -0.9365653 -0.01405268 -0.3502113 -0.4468963 0.002644717 -0.8945819 -0.8241866 -0.005716562 -0.5662896 -0.7081919 0.004426717 -0.7060061 0.8725854 -0.04679542 0.4862148 0.8324263 0.01498883 0.553933 0.8324358 0.0149796 0.553919 0.6089786 0.2725772 0.7448804 0.9396924 -0.3176711 -0.1267414 0.9760414 -0.1956634 -0.09517937 0.7732536 -0.5681661 -0.2815425 0.4012842 -0.8384923 -0.3686482 0.7730303 -0.5684033 -0.2816773 0.7933483 -0.5665749 -0.2226915 -0.2048994 -0.09678626 -0.973986 -0.128688 -0.02445298 -0.9913837 -0.1286699 -0.02443486 -0.9913865 -0.05084133 0.04793775 -0.9975556 -0.1264047 -0.5379056 0.8334743 -0.01765531 -0.623449 0.7816647 0.06397682 -0.06387352 0.9959053 -6.53533e-4 -0.6226334 0.7825134 -0.001000642 -0.6782791 0.7348037 -0.00147289 -0.5485957 0.8360865 -8.82806e-4 -0.4911766 0.8710596 -8.42158e-4 -0.3741626 0.9273627 -9.1564e-4 -0.2552913 0.9668638 -0.001645624 -0.1504237 0.9886202 0.06411182 -0.06383937 0.9958988 0.06428456 -0.06382238 0.9958887 0.06136804 -0.003650963 0.9981086 -0.01818186 0.01308798 0.9997491 -0.9995084 -0.02899819 0.01191931 -0.9992874 0.003225207 0.03760832 -0.9997867 0.01480168 0.01440751 -0.9888652 0.01869177 0.1476359 -0.999787 0.01482152 0.0143674 -0.9998632 0.01653641 4.87369e-4 -0.9992765 0.03748804 0.006432771 -0.07309216 0.9973196 -0.003322541 -0.1549013 0.983479 -0.09367287 -0.04852366 0.9873395 -0.1510174 -0.006040334 0.9901794 0.1396721 -0.2459557 -0.9196919 -0.3060598 -0.04529422 -0.9983444 -0.03545331 -0.04532116 -0.998344 -0.03543072 -0.09398406 -0.9600736 0.2634876 -0.04512298 -0.9983614 -0.03519368 -1.61842e-4 -0.8479567 0.5300655 0.421725 0.8674173 -0.2640744 0.1781925 0.9037279 -0.3892599 0.6578628 0.7382646 -0.1489365 0.5704373 0.803733 -0.1691585 0.1781991 0.9037334 -0.3892443 0.1107098 0.9808747 -0.1600883 0.6578459 0.7383044 -0.1488138 0.2708227 0.9557183 -0.1151421 0.6588349 0.7184214 -0.2231754 0.07828986 -0.9927797 0.09088021 0.1537936 -0.9708167 0.1840177 0.07839572 -0.9926532 0.09216123 0.06402748 -0.9968636 0.04651468 0.1536099 -0.9708858 0.1838064 0.07000309 -0.996684 0.04148048 -0.001953363 -0.9880647 -0.1540275 -0.02857583 0.004580497 0.9995812 0.2668389 -0.04225009 0.9628146 0.5220522 0.01161682 0.8528345 0.683323 0.03241413 0.7293964 0.5222713 0.01137721 0.8527035 0.8462967 -0.02681499 0.5320367 0.007055044 0.9367994 0.3497959 -0.02892947 0.9252728 0.3781975 -0.02890592 0.9252825 0.3781757 -0.06453263 0.9116946 0.4057691 -0.2331566 -0.9638038 0.1293064 -0.1365268 -0.9487463 0.2850281 -0.006195545 -0.8570865 0.5151354 -0.006001234 -0.8569485 0.5153673 0.0714873 -0.9456339 0.3172795 -0.01753401 -0.6237391 0.7814359 -0.1089549 -0.7804957 0.6155936 -1 1.54991e-5 0 -0.9999527 -0.008902847 0.003923177 -0.9997289 -0.01209378 0.01990097 -0.9807879 -0.1922149 0.03329432 -0.9997286 -0.01211255 0.0198996 -0.9994169 -0.01264971 0.03171652 -0.9991193 -0.005512535 0.04159635 -0.9993871 -0.001485466 0.03497493 -0.1556178 -0.9349939 -0.3186996 0.0149402 -0.9947348 -0.1013884 0.01495003 -0.9947354 -0.1013801 0.03605949 -0.9120035 0.4085944 0.03486478 0.9543459 0.296662 0.004928886 0.9465668 0.3224702 0.005435109 0.9466895 0.3221017 -0.02417838 0.9375327 0.3470559 0.2463271 0.9683926 0.03922748 -0.1874648 0.9821873 -0.01284897 -0.499131 0.8663154 0.01913106 -0.4994816 0.8661138 0.01910817 -0.3904548 0.9204776 0.01631402 -0.6552736 0.7553364 -0.009146213 -0.6882054 0.7251319 0.02360457 -0.9992763 0.03749388 0.006424188 -0.9984807 0.02272915 -0.05019891 -0.9998206 0.01794737 -0.006052553 -0.9888713 0.01867955 0.1475966 -0.8588817 -0.01353222 0.5119953 -0.8227211 0.005768835 0.5684162 -0.5307154 0.01237511 0.8474597 -0.9352679 0.006692886 0.3538774 -0.526708 0.8352316 0.1580095 -0.644802 0.7277014 0.2338401 -0.4672287 0.8746296 0.1293076 -0.2365899 0.9559343 0.1738239 -0.5682517 0.7968359 0.205287 -0.154016 0.9877362 0.02561819 -0.03549408 -0.9989587 0.02866929 0.04903471 -0.9586975 0.2801692 0.04899853 -0.958696 0.2801807 0.01203525 -0.8699061 0.4930707 0.04917579 -0.9585964 0.2804903 0.03520011 -0.7254472 0.6873772 0.9920579 -0.02419298 0.1234338 0.9881736 0.1533355 0.001173019 0.9881755 0.153323 0.001155555 0.9179174 0.39486 0.03890258 0.988128 0.1536298 9.64664e-4 0.8105493 0.5856124 -0.00824809 0.01335293 -0.9986977 -0.04924225 0.002965033 -0.8539809 0.520296 -0.06630736 -0.9957769 0.06349563 -0.1014089 -0.9626594 0.2510048 0.002936661 -0.8538793 0.520463 -0.06145852 -0.8147286 0.5765763 -0.07920795 -0.9860913 0.1461167 -0.2591482 -0.7803992 0.5690512 -0.3937987 -0.9108477 0.1236087 -0.05842536 -0.9836969 -0.1700792 -0.03477263 -0.995115 -0.09239673 -0.02635645 -0.9973958 -0.06713449 -0.01043283 -0.9998359 -0.01481479 -0.009468913 -0.999815 -0.01674497 -0.1807751 -0.7477779 0.6388652 -0.5367426 -0.5313209 0.655443 -0.6865509 -0.4969611 0.5307329 -0.6586586 -0.358677 0.6614527 -0.7491796 -0.3855381 0.5386005 -0.5899419 -0.5094438 0.6264468 0.01347827 0.0133717 0.9998198 0.02383214 0.04419904 0.9987385 -0.005557358 -0.1436603 0.9896115 -0.003573417 -0.07040154 0.9975124 0.02386599 0.04425942 0.998735 0.01296514 0.02476602 0.9996092 -0.07405626 -0.4234765 -0.9028751 -0.009642302 -0.3705488 -0.928763 -0.168017 -0.4386737 -0.8827999 -0.04425442 -0.1302707 -0.9904904 -0.09939157 -0.4531137 -0.8858947 -0.05897456 -0.9344925 -0.3510637 -0.2862141 -0.893047 -0.3472014 -0.1521454 -0.7656235 -0.6250382 -0.1536684 -0.7113863 -0.6857956 -0.286498 -0.8929074 -0.347326 -0.5972167 -0.6895661 -0.4096715 -0.133088 -0.6248202 -0.7693422 -0.4833668 -0.7025855 -0.5222358 -0.1682797 -0.4387583 -0.8827078 -0.1683222 -0.4387169 -0.8827204 -0.5576458 -0.680928 -0.4747298 -0.4870945 -0.3597357 -0.7958199 -0.3797008 -0.3066933 -0.8727924 -0.04691261 -0.1668553 -0.9848647 8.82178e-4 -0.01797497 -0.9998381 -0.004702448 -0.1983938 -0.9801111 -0.0905354 -0.5266425 -0.8452521 -0.130163 -0.5740603 -0.8084012 -0.06385391 -0.1614511 -0.9848129 -0.2201179 -0.4123983 -0.8840113 -0.1328083 -0.6247033 -0.7694855 -0.1327967 -0.6249897 -0.7692549 -0.1048112 -0.4988304 -0.8603388 -0.01725363 -0.944707 -0.3274618 -0.140802 -0.6673849 -0.7312812 -0.01714891 -0.9448253 -0.3271255 -0.1203272 -0.07855993 -0.989621 -0.09334391 -0.3528954 -0.9309951 -0.1853085 -0.3902483 -0.9018687 -0.3579551 -0.3240011 -0.8757234 -0.4284191 -0.1391283 -0.8928048 -0.6021202 -0.7832825 -0.1546608 0.09458494 -0.9336788 -0.345395 -0.01715034 -0.9448302 -0.3271113 0.2151533 -0.9227128 -0.3198599 -0.009520053 -0.7847559 -0.6197319 0.2152267 -0.9225874 -0.3201718 -0.02452528 -0.7087841 -0.7049991 0.2656737 -0.754984 -0.5995138 -0.1285281 -0.4839005 -0.8656333 -0.04092496 -0.2239423 -0.9737429 0.03181767 -0.140423 -0.9895803 -0.03452336 -0.2948938 -0.9549062 -0.1089547 -0.1161645 -0.9872359 -0.09350013 -0.3528512 -0.9309962 -0.3580958 -0.3238995 -0.8757035 -0.3202509 -0.3093538 -0.8953992 -0.2521988 -0.339394 -0.906205 -0.2203229 -0.4126736 -0.8838317 -0.3202541 -0.3095277 -0.8953379 -0.0846492 -0.6227136 -0.7778576 0.1229711 -0.1975466 -0.97255 0.2580379 -0.157424 -0.9532231 0.3728254 -0.1434479 -0.9167464 0.03195494 -0.1403694 -0.9895834 0.02731305 -0.5019596 -0.8644597 -0.2916049 -0.5542592 -0.7795919 0.1381465 -0.5788488 -0.8036478 -0.2915499 -0.5544946 -0.779445 -0.2432164 -0.6871085 -0.684637 -0.2434659 -0.6870977 -0.6845591 -0.3607296 -0.6631631 -0.6558117 -0.6653267 -0.3190292 -0.6749524 0.3811879 -0.6410758 -0.6661213 0.310445 -0.6198955 -0.7206619 -0.08429712 -0.622642 -0.7779532 0.1231142 -0.1978326 -0.9724738 -0.09023106 -0.51972 -0.8495585 0.6745665 -0.06824141 -0.7350532 0.4904509 -0.262133 -0.8311102 0.1232872 -0.1975367 -0.972512 0.3729177 -0.1433615 -0.9167224 0.6748003 -0.06817603 -0.7348446 0.5305947 -0.1960931 -0.8246315 0.7575094 -0.140707 -0.6374803 0.8080504 -0.006016492 -0.5890828 -0.1670562 -0.157433 -0.973297 0.009042322 -0.1450251 -0.9893867 -0.00120759 -0.3564907 -0.9342981 -0.1359444 -0.4288548 -0.8930861 -0.001201629 -0.356855 -0.9341591 -0.1361293 -0.4290918 -0.8929441 -0.001353085 -0.5645526 -0.825396 -0.1728699 -0.6684576 -0.7233813 -0.002683818 -0.6740743 -0.7386587 -0.09098261 -0.8364753 -0.5403991 -0.02148455 -0.9340581 -0.3564745 -0.09076631 -0.8366498 -0.5401654 -0.1175559 -0.9705285 -0.210369 -0.1149751 -0.9612725 -0.2504713 -0.06534934 -0.9961568 0.05831974 -0.4018637 -0.9156854 0.005086481 -0.2297551 -0.9603607 0.1578605 -0.480019 -0.8514041 0.2114062 -0.587646 -0.7033455 0.3999717 -0.7020934 -0.626457 0.3385508 -0.2244409 -0.1379503 -0.9646741 -0.5519574 -0.6325102 -0.5433912 -0.5533113 -0.3181512 -0.7698224 -0.1361821 -0.4287796 -0.893086 -0.4285426 -0.1391652 -0.8927399 -0.4667313 -0.8154404 -0.3423723 -0.3993845 -0.8129726 -0.4237543 -0.5940936 -0.7019102 -0.3929059 -0.6442317 -0.7237845 -0.2471875 -0.7709592 -0.6362829 0.02767729 -0.7555935 -0.6364339 0.1550175 -0.9273782 -0.3207001 0.192669 -0.9388422 -0.3442525 -0.008088469 -0.9942227 -0.08605188 -0.06415891 -0.9332787 -0.3237724 -0.1554423 -0.9456333 -0.2818123 -0.1623564 -0.8123064 -0.5701308 -0.12292 -0.8096524 -0.311106 -0.4976708 -0.5036505 -0.7415672 -0.4431865 -0.4730848 -0.6353069 -0.6103901 -0.588651 -0.253722 -0.7675384 -0.9039777 -0.425596 -0.04114091 -0.7897869 -0.5117053 -0.3382223 -0.9942014 -0.08617699 -0.06432175 -0.9369329 -0.1356276 -0.3221211 -0.9339038 -0.08525168 -0.3472117 -0.875912 -0.2608172 -0.4058973 -0.9331679 -0.3240731 -0.1554812 -0.773823 -0.3627972 -0.5192074 -0.6347376 -0.6931503 -0.3415421 -0.5974939 -0.6893368 -0.4096533 -0.8122125 -0.5703255 -0.1226374 -0.6782517 -0.6925263 -0.2457275 -0.6023186 -0.7831882 -0.1543656 -0.5176643 -0.8297554 -0.2086375 -0.5033197 -0.7417714 -0.4432206 -0.5022024 -0.8135475 -0.2931436 -0.2863766 -0.8930575 -0.3470399 -0.08877456 -0.937757 -0.3357543 -0.8285202 -0.1725178 -0.5327212 -0.9040387 -0.09743028 -0.4161989 -0.9526668 -0.1142467 -0.2817336 -0.9927661 -0.05592697 -0.1062434 -0.9999463 -0.001829922 0.01020294 -0.9698741 -0.1142868 0.2151342 -0.8060244 -0.3410904 0.4837169 -0.9041363 -0.0343905 0.4258579 -0.7142882 -0.1652795 0.6800552 -0.7367338 0.08248394 0.6711332 -0.3416693 0.01832783 0.9396415 -0.3814715 0.3171343 0.8682773 -9.67838e-4 0.1700729 0.985431 -0.001293659 0.4514657 0.8922875 -0.3424671 0.5644381 0.7510833 -0.001099169 0.5598993 0.8285601 -0.7122802 -0.1385837 -0.6880781 -0.6209321 0.1248417 -0.7738592 -0.4208006 0.1030627 -0.9012796 -0.6208285 0.1251601 -0.7738909 -0.3642309 0.3884106 -0.8464475 -0.4543836 0.6452828 -0.614122 -0.9839923 -0.01690161 -0.1774075 -0.9717541 -0.01710081 -0.2353754 -0.9993225 0.03679627 -6.93664e-4 -0.9560867 -0.001241028 -0.2930815 -0.934712 0.3485586 -0.06943011 -0.9692277 -0.001463472 -0.2461614 -0.8701491 1.7415e-4 -0.4927887 -0.9095277 -0.01621317 -0.4153273 -0.7326201 0.0267446 -0.6801121 -0.640404 0.1038792 -0.760981 -0.7145953 0.06024795 -0.6969389 -0.5359249 0.2336761 -0.8112829 -0.3379029 0.09300887 -0.9365742 -0.1603548 0.2236891 -0.961379 -0.3958977 0.001555621 -0.9182934 -0.3955639 0.001559674 -0.9184371 -0.4461501 0.02952045 -0.8944712 -0.2780585 0.07954084 -0.9572653 0.02362203 0.001119792 -0.9997203 -0.1319531 0.02064681 -0.991041 0.02379184 0.001126825 -0.9997164 0.06151646 0.002384006 -0.9981033 -0.2778646 0.07953178 -0.9573224 -0.2003455 0.2461339 -0.9483037 0.147413 -0.02068287 -0.9888588 -0.04070806 0.2174198 -0.9752289 0.1581398 0.2755821 -0.9481806 -0.06888091 0.4419263 -0.8944031 0.169844 -0.06170088 -0.9835375 0.2414194 0.04567754 -0.9693453 0.5049111 0.1827776 -0.8435978 0.3471027 0.3775683 -0.8584648 0.1569656 0.2554206 -0.9540032 0.2732084 0.5318413 -0.8015623 -0.01270288 0.08243346 -0.9965156 0.1030527 0.7269884 -0.6788725 0.3883676 0.59735 -0.7016721 0.1576644 -0.1007459 -0.9823403 0.005454778 0.0318799 -0.9994769 0.1136279 0.1763209 -0.9777524 0.005456566 0.0316379 -0.9994845 0.2202585 -0.1821686 -0.9582802 5.40525e-4 -0.1015437 -0.994831 0.2970727 -0.1126972 -0.948181 -0.2062543 -0.1740012 -0.9629033 -0.385369 -0.05850082 -0.9209064 -0.490266 -0.2645257 -0.830461 -0.7006953 -0.1694309 -0.6930508 -0.05874586 -0.3168476 -0.9466555 -0.2838706 -0.4221513 -0.8609331 -0.003496527 -0.4334555 -0.9011683 0.001570999 -0.3892256 -0.9211412 -0.05106532 -0.4748779 -0.8785689 -0.1027727 -0.08500844 -0.9910658 -0.2220066 -0.4959823 -0.8394728 -0.18408 -0.392532 -0.9011288 -0.1029175 -0.08468025 -0.9910789 -0.4020723 0.1018245 -0.9099284 -0.05392307 0.016626 -0.9984067 -0.08221149 0.1635486 -0.9831038 -0.1820037 0.1923716 -0.9642965 -0.05934858 0.2088699 -0.976141 -0.4121289 -0.04614549 -0.9099562 -0.09447693 0.09798061 -0.9906938 -0.01009339 0.1125068 -0.9935998 -0.01059746 -0.669937 -0.7423424 -0.08773177 -0.3780333 -0.9216257 -0.4785138 -0.1908792 -0.8570821 -0.6345943 -0.4706658 -0.6129958 -0.1973543 -0.5655589 -0.8007463 -0.2633491 -0.8074935 -0.5278273 -0.1970795 -0.5656217 -0.8007695 -0.1887506 -0.8370224 -0.5135822 -0.01058715 -0.6699661 -0.7423162 -0.2630896 -0.8075723 -0.5278361 0.02435821 -0.9396255 -0.3413366 0.07860243 -0.9242366 -0.3736421 -0.3706107 -0.9035969 -0.21485 -0.2504212 -0.9680346 -0.01408696 -0.6744346 -0.6704062 -0.3093439 -0.263276 -0.8076652 -0.5276011 0.006685614 -0.9905736 0.1368188 -0.06705975 -0.9800504 0.1870946 0.05589044 -0.9975513 0.04204422 -0.2501956 -0.9680968 -0.01381325 -0.2002313 -0.9665421 -0.1603243 0.01679748 -0.997867 -0.06308287 0.107955 -0.9496912 -0.2939942 0.01922118 -0.9591854 -0.2821241 -0.08791065 -0.9280021 -0.3620554 -0.1887046 -0.8370604 -0.5135373 -0.08775669 -0.9278898 -0.3623803 -0.02769392 -0.8555592 -0.5169638 0.02436107 -0.9396168 -0.3413603 0.1079927 -0.9496206 -0.2942078 0.1187547 -0.8857434 -0.4487271 -0.05725789 -0.9097306 -0.4112321 -0.1505229 -0.8780449 -0.4542907 -0.3468179 -0.9098483 -0.2278013 -0.04452538 -0.9322481 -0.3590697 -0.07733225 -0.9797438 -0.1847206 -0.01993638 -0.9846962 -0.173136 -5.25738e-4 -0.9802768 -0.1976286 -0.01113843 -0.9900868 0.1400147 -0.3438409 -0.9368694 0.06363457 -0.2410302 -0.9682813 -0.06584841 0.1036995 -0.9695714 -0.2217611 -0.3486754 -0.9357886 -0.05220288 -0.3488144 -0.9357447 -0.05206298 -0.577881 -0.8161199 -0.001451909 -0.3879439 -0.8971484 0.2112446 -0.5462962 -0.8269659 0.1329956 -0.05688196 -0.9548839 0.2914813 -0.04344475 -0.9011127 0.4314031 -0.2821851 -0.8890315 0.3605474 0.001654386 -0.9047285 0.4259855 -0.003242492 -0.8797608 0.4754056 -0.03391933 -0.8676297 0.4960528 -0.1134594 -0.898652 0.4237353 0.03113394 -0.9939451 0.1053749 -0.127334 -0.9892266 -0.07222777 -0.0194115 -0.997068 0.07401835 -0.06649494 -0.9957849 0.06317305 -0.2244082 -0.9744032 0.01340359 -0.1275561 -0.9891799 -0.07247632 -0.3740242 -0.9178758 0.132703 -0.4790406 -0.8656022 0.1457838 0.09254473 -0.972038 -0.2158188 0.09283834 -0.9719926 -0.2158969 0.1171419 -0.9914118 0.05814313 0.1233834 -0.989979 -0.06868839 0.09250837 -0.9720238 -0.2158982 0.009152948 -0.9992535 -0.0375337 0.0531193 -0.9982757 0.02497786 -0.09064596 -0.9955431 0.02602684 0.0445351 -0.9089155 -0.4145954 0.01910585 -0.9591316 -0.2823147 0.108033 -0.9496071 -0.2942368 0.04467111 -0.9088733 -0.4146735 -0.06501948 -0.9409159 -0.33234 0.103718 -0.9695603 -0.2218006 -0.06508392 -0.9410253 -0.3320174 -0.001980423 -0.9917008 0.1285523 -0.04994308 -0.8987646 0.4355778 0.02037328 -0.9055294 0.4237942 0.02132576 -0.9689692 0.24626 0.205769 -0.8747524 0.438711 0.0214743 -0.9689972 0.2461365 0.1232478 -0.9900012 -0.06861364 0.02122712 -0.9690629 0.2458994 0.02646321 -0.9979204 0.0587756 -0.2848474 -0.8602135 -0.4229595 -0.06530576 -0.9409195 -0.3322739 -0.1175495 -0.9109767 -0.3953526 0.01334863 -0.9986802 -0.04959541 -0.0449897 -0.9886136 -0.143594 0.09257084 -0.9719836 -0.2160521 -0.07133311 -0.9970595 -0.02800011 -0.08532989 -0.7551869 0.649932 -0.4330671 -0.7795087 0.4525694 -0.3796599 -0.5473366 0.7458426 -0.09651482 -0.6244709 0.775062 -0.02404999 -0.6380843 0.7695909 -0.01357203 -0.6446467 0.7643603 -0.4142894 -0.4860064 0.7695209 -0.1542871 -0.5218518 0.8389675 -0.07623493 -0.4768746 0.8756591 -0.01557034 -0.4664378 0.8844169 0.06498992 -0.646174 0.7604179 -0.502174 -0.7679268 0.3976303 -0.3232015 -0.5293071 0.7844583 -0.2335399 -0.5291169 0.8157786 -0.7227741 -0.6016817 0.3399658 -0.6327035 -0.4454157 0.6334754 -0.7880506 -0.5469795 0.2824705 -0.9345762 -0.2254801 0.2751839 -0.9347276 -0.225234 0.2748711 -0.8757618 -0.4712435 0.1047424 -0.9657419 -0.2579634 0.02824485 -0.9957819 -0.0326749 0.08573657 -0.9957804 -0.03268426 0.08575165 -0.8747567 -0.2088568 0.4372409 -0.7104797 -0.3315692 0.6207098 -0.4872726 -0.3260105 0.8101127 -0.1965747 -0.2988048 0.933849 -0.05235815 -0.1747201 0.9832251 0.02204215 -0.3525412 0.9355366 0.1583338 -0.2806251 0.9466679 0.2152019 -0.4377579 0.8729583 0.3316536 -0.2070263 0.9204055 0.2471253 -0.5353258 0.8076852 -0.3576875 -0.09878498 0.9286018 -0.6824482 -0.1978318 0.7036527 -0.6590188 -0.2749202 0.7000808 -0.6715204 -0.2456858 0.69907 -0.3882293 -0.002286016 0.9215601 -0.6793066 -0.06484669 0.7309839 -0.005990028 0.1330105 0.9910966 0.01164638 0.2574349 0.9662256 -0.08498907 -0.1657485 0.9824991 -0.03137409 -0.01768136 0.9993514 -0.1447285 -0.195909 0.9698832 -0.07290202 -0.2209585 0.9725548 0.03796881 -0.4484156 0.8930184 -0.004651904 -0.2762085 0.9610865 0.01735347 -0.2097459 0.9776019 1.59517e-5 0.1339672 0.9909859 2.47639e-6 0.1341663 0.9909589 -0.02448225 0.4430834 0.8961461 0.03555476 0.4351357 0.8996627 0.01154512 0.2577555 0.9661412 0.03577113 0.4350345 0.899703 0.01195162 0.06038463 0.9981037 9.55091e-4 0.1465092 0.9892089 0.03007262 0.01482564 0.9994378 0.06564909 -0.319144 0.9454298 0.03013026 0.01470881 0.9994378 0.06579667 -0.3194739 0.945308 0.009578347 -0.4476322 0.8941665 0.05652892 -0.1075292 0.9925936 0.2006829 -0.4484068 0.8710097 0.03814494 -0.4826862 0.8749623 -0.004143595 -0.3779739 0.925807 0.2944245 -0.2755783 0.9150797 -0.004186689 -0.3776304 0.9259471 0.135734 -0.1843324 0.9734464 0.03924858 -0.06109052 0.9973603 -0.2361413 -0.06993073 0.9691992 -0.001627385 0.00221306 0.9999963 -0.001454651 0.002496242 0.9999958 -0.008681833 0.02245485 0.9997103 0.006094634 0.01456195 0.9998754 0.004389405 0.003819704 0.9999831 0.003423035 0.003967523 0.9999864 -0.004652202 5.08477e-4 0.9999892 -0.004653155 5.0012e-4 0.9999891 0.00341928 0.003961622 0.9999864 -0.004480779 5.029e-5 0.9999901 -0.004646003 5.08725e-4 0.9999892 -0.00448215 4.98444e-5 0.9999901 -0.00167483 0.00221908 0.9999962 -0.001646578 0.002227067 0.9999963 -0.0044564 7.62364e-5 0.9999901 0.001176834 0.002638936 0.9999959 -0.001600384 0.002150654 0.9999964 0.00117284 0.002629041 0.9999959 -0.001488089 0.002457618 0.9999959 -0.001489579 0.002460479 0.9999959 0.00117129 0.002626955 0.9999959 -0.001552402 0.002518236 0.9999957 -0.01627796 0.00269109 0.999864 -0.01662862 0.002807378 0.9998579 -0.03025639 0.0125699 0.9994632 -0.008765161 0.02248024 0.9997089 0.5357635 -0.4146307 0.7355535 0.04095017 0.01366329 0.9990678 -0.1809724 0.09324133 0.9790583 -0.04249566 -0.1496127 0.9878311 -0.2307914 -0.3476806 0.908765 -0.1754886 -0.05393624 0.9830029 -0.04248416 -0.1494263 0.9878598 0.00488007 -0.07710248 0.9970113 -0.2918717 0.5176939 0.8042413 -0.4110674 0.3747448 0.8310175 -0.5348007 0.6064949 0.588347 -0.4415363 0.5717916 0.6914479 -0.4417576 0.5718441 0.691263 -0.4786536 0.326925 0.8148686 -0.2166681 0.002952873 0.9762409 -0.8446524 0.01962953 0.5349552 -0.6139343 0.4947279 0.6150845 -0.6460383 0.504522 0.5727934 -0.741841 0.297557 0.6009425 -0.6218994 0.4912675 0.609834 -0.07858908 0.4987018 0.8632035 -0.0868991 0.3049027 0.9484108 -0.4138128 0.4159876 0.8097612 -0.2644992 0.4904786 0.830344 -0.08700591 0.3052255 0.9482972 -0.3512623 0.3785409 0.856342 -0.4957306 0.3588134 0.7908883 -0.48726 0.2924313 0.8228376 -0.7419802 0.2972899 0.6009027 -0.4356433 0.3415521 0.8328008 -0.5451252 0.407501 0.7326537 -0.4803741 0.4671001 0.742333 -0.6094992 0.5463988 0.5744208 -0.6206945 0.4235176 0.6598266 -0.6797147 0.4699397 0.563156 -0.6366615 0.3612054 0.6813169 -0.8148756 0.3303382 0.4762926 -0.8767516 0.1865491 0.4432902 -0.9486082 0.2477607 0.196868 -0.9452117 0.1847405 0.2691582 -0.9615491 0.2384591 0.1362371 -0.9780243 -0.008841276 0.2083036 -0.9997215 0.003212451 0.02338349 -0.978767 -0.1705687 0.1136734 -0.9995408 -0.02025073 -0.02254503 -0.9874836 -0.1566794 0.01810383 -0.01827847 0.7602418 0.6493833 0.02034455 0.6118937 0.7906784 -0.01279175 0.8252956 0.5645561 0.002522587 0.9307408 0.3656708 0.06285238 0.8482683 0.5258239 -0.06153309 -0.1635981 0.9846062 -0.09007769 -0.2198936 0.9713562 0.009441673 0.1441906 0.9895049 -0.08696162 0.3048922 0.9484084 0.02038854 0.6117863 0.7907604 0.002391695 0.5575954 0.8301094 0.01604372 0.6681892 0.7438184 -0.05470967 0.7075107 0.7045817 -0.01279884 0.8252038 0.5646901 0.03468757 0.1465561 0.988594 0.008893489 0.5061741 0.8623855 0.03468471 0.1467038 0.9885722 0.02044212 0.6117637 0.7907764 0.1854578 0.5666155 0.8028401 -0.2679146 -0.2127324 0.9396631 -0.1405068 0.01722049 0.9899299 0.1382555 0.2068567 0.9685534 0.1903517 0.4580419 0.8683111 -0.4515526 0.00430721 0.8922342 -0.4697224 -0.00997889 0.8827579 -0.592544 -0.1145907 0.7973461 -0.4020114 -0.1917058 0.8953412 -0.3693972 -0.6581823 0.6560045 -0.3512835 -0.09087175 0.9318488 -0.4356484 -0.3411141 0.8329777 -0.2596487 3.60459e-4 0.9657031 -0.2124916 0.03074133 0.9766793 -0.3972444 0.3453326 0.8502603 -0.2545531 0.2166932 0.9424685 -0.9591019 -0.132233 0.250276 -0.9941181 -0.09219861 -0.05682307 -0.9805371 -0.1853199 -0.06483441 -0.9399669 -0.3038548 -0.1553531 -0.7961527 -0.5400943 -0.2728355 -0.9701464 -0.1960901 -0.1427049 -0.9450793 -0.2862831 -0.157693 -0.9888986 -0.09959554 -0.1102736 -0.9999009 -0.01060414 -0.009258925 -0.9998729 0.009021461 -0.0131486 -0.9999157 -0.004856169 -0.01204222 -0.9998139 -0.009448766 -0.01682567 -0.9645028 0.1172426 0.2366188 -0.9997785 0.00263071 0.02088439 -0.9983589 0.04316639 0.0376324 -0.9755268 0.02529877 0.2184207 -0.872255 0.1492677 0.465715 -0.9895617 0.141762 -0.02590739 -0.91357 0.377586 0.1510589 -0.9260233 0.100889 0.3637338 -0.7404091 0.4998968 0.4493303 -0.633836 0.1111992 0.7654324 -0.6255811 0.1596938 0.7636401 -0.4451994 0.6112785 0.6543211 -0.6335935 0.1111243 0.765644 -0.2778124 0.290982 0.9155052 -0.1013559 0.6399282 0.761721 -0.9066967 0.3908041 0.1586613 -0.7115681 0.6865167 0.1495525 -0.6396061 0.7078108 0.2998465 -0.5785309 0.8125162 0.07155007 -0.3723669 0.8839395 0.282832 -0.4282329 0.877533 0.2157607 -0.5785292 0.8125218 0.07150083 -0.4115928 0.9053501 -0.1045596 -0.3375301 0.941285 0.007483005 -0.5786896 0.8124072 0.07150465 -0.6368244 0.7691114 0.05405926 -0.3441604 0.9282631 -0.1410013 0.07071727 0.9443058 0.321381 0.09983897 0.7304669 0.6756112 -0.06921744 0.9374247 0.3412387 -0.3379694 0.8820574 0.3282553 -0.3722519 0.8840949 0.2824975 -0.4090432 0.8988081 -0.1575679 -0.06937253 0.9375153 0.3409582 -0.3236206 0.9436661 -0.06902134 -0.006743371 0.9856724 0.1685366 0.05770719 0.9780619 0.2001619 0.4094389 0.7282342 0.5495769 0.1979944 0.9582206 0.2064259 0.03326308 -0.1627936 0.9860994 0.01831233 -0.1175643 0.9928964 0.167698 -0.05691307 0.9841942 -0.1236397 0.972031 0.1996725 -0.07827603 0.9207832 0.3821403 -0.3732609 0.6748193 0.636628 -0.3732499 0.6747869 0.6366688 -0.1452699 0.6902061 0.7088809 -0.2043753 0.4224237 0.8830566 -0.7007929 0.711474 -0.05190628 -0.6345843 0.7187327 -0.2841234 -0.756481 0.5964875 -0.268215 -0.6771724 0.5771509 -0.4564368 -0.685567 0.6410663 -0.3450102 -0.7606379 0.5286766 -0.3767374 -0.6772004 0.5770313 -0.4565463 -0.7080098 0.369348 -0.6019171 -0.6771138 0.5772787 -0.4563619 -0.3364907 0.9290275 -0.1538893 -0.2665625 0.9234262 -0.2760956 -0.4962155 0.6980293 -0.5162609 -0.5122542 0.5998905 -0.614595 -0.5842287 0.4226574 -0.6928475 -0.5947737 0.3032495 -0.7445026 -0.5453048 0.1015726 -0.8320611 -0.8374036 0.1874725 -0.513429 -0.5981639 0.04665482 -0.8000146 -0.5302324 -0.1038025 -0.8414742 -0.422235 -0.009404718 -0.9064376 -0.3481737 -0.2450313 -0.9048396 -0.1827773 -0.02339029 -0.9828761 -0.04002523 -0.2282963 -0.9727687 0.2778509 -0.2190366 -0.9353192 0.3533771 0.206443 -0.9124176 -0.4165862 0.7983282 -0.4348887 -0.2521094 0.9255294 -0.2825531 -0.5121912 0.6001237 -0.6144199 -0.7078557 0.5948401 -0.3809275 -0.724442 0.2111114 -0.6562133 -0.8375926 0.1874486 -0.5131295 -0.7081472 0.5946663 -0.3806569 -0.9234164 0.3701846 -0.1013199 -0.8318813 0.5504261 -0.07074356 -0.8756642 0.4829207 0 -0.9555376 0.2948491 -0.00344634 -0.7523671 -0.6435356 -0.1407326 -0.6456156 -0.684055 -0.3394839 -0.9091625 -0.4120375 -0.06040406 -0.9091545 -0.4120728 -0.06028372 -0.7604272 -0.5751398 -0.3016037 -0.9900628 -0.1405664 -0.004075467 -0.9092336 -0.4118943 -0.06031012 -0.9554359 0.06233948 -0.2885412 -0.6548331 0.6779478 -0.3340368 -0.3524915 0.9183388 -0.1800097 -0.150957 -0.5714009 -0.806668 -0.50441 -0.4168013 -0.7562058 -0.6312346 -0.5063909 -0.5874617 -0.5420946 -0.2660098 -0.7971025 -0.6251789 -0.07958668 -0.7764133 -0.1157401 -0.4265425 -0.8970316 -1.53589e-5 0.08534425 -0.9963515 -0.003681182 -0.02866625 -0.9995824 0.08204007 0.3342708 -0.9388996 0.353422 0.2066337 -0.912357 -0.3060393 0.9495185 0.06895589 -0.2724742 0.9170158 -0.2912729 -0.03040838 0.9892361 -0.1431336 -0.09107315 0.665086 -0.7411925 0.0358684 0.990356 0.1338232 0.001045405 0.9999988 0.001250445 -0.03036201 0.98929 -0.1427709 0.001123368 0.9999985 0.001343607 -0.03221815 0.9994718 -0.004280328 0.007736504 0.9998146 -0.01763457 -0.1747229 0.9686157 -0.1767928 -0.2519183 0.9256635 -0.2822844 -0.1696873 0.9724569 -0.1597935 0.03581643 0.9903592 0.133813 -0.1135221 0.9912419 -0.06747066 0.1263909 0.9917225 0.02262765 0.01995533 0.9874619 0.1565909 -0.1248648 0.9493577 0.2883207 0.03440988 0.9993908 0.005844593 0.03347468 0.9019842 -0.4304696 0.06505614 0.9958562 0.06354707 0.1326573 0.9907388 0.02896338 -0.2234795 0.9741196 0.03388094 -0.2367674 0.9711977 0.02676409 0.132819 0.9907228 0.02876967 0.3807734 0.9244517 0.02002131 0.01601606 0.9998095 -0.01116335 -0.1019434 0.9930366 -0.0590415 0.02000099 0.9874481 0.1566721 0.01796764 0.999706 0.01628345 0.02793151 0.9991561 0.03011554 0.02792119 0.9991573 0.03008711 -0.101944 0.9930351 -0.05906599 0.01358062 0.999905 -0.002372622 -0.2681975 0.9633258 -0.008574664 0.01292192 0.9999165 2.05709e-4 -0.1666384 0.9856011 0.0286718 0.0033921 0.9999792 -0.005493581 -0.1709156 0.9748267 0.1431807 0.007921636 0.9999459 -0.00674504 0.003423511 0.9999809 -0.005149483 -0.1060079 0.9853095 0.1338936 0.001398205 0.9999829 -0.005696773 -0.03921705 0.9925704 0.1151785 0.004190742 0.999799 0.01960593 -0.1248861 0.9493609 0.2883011 -0.1174898 0.7213131 0.6825713 -0.06933361 0.9673718 0.2436898 -0.1338455 0.9583683 0.2522218 -0.03915554 0.9925673 0.1152265 -0.06927096 0.9674707 0.2433149 0.004490315 0.9997109 -0.02362346 0.126392 0.9917232 0.02259093 -0.3877992 0.642504 -0.6609088 -0.30364 0.2676619 -0.9144178 -0.3369877 0.1957125 -0.9209429 -0.05987167 0.3491517 -0.9351516 -0.04947954 0.1007705 -0.9936786 -0.0893374 -0.1334373 -0.9870225 0.01645797 -0.1285938 -0.9915608 0.01943498 -0.3933155 -0.9191981 0.142289 -0.2954173 -0.944713 0.0869283 -0.6261408 -0.7748492 0.2658221 -0.3827124 -0.8847993 0.125714 -0.7850259 -0.6065726 -0.2856943 -0.3376818 -0.8968556 -0.2937101 -0.1597392 -0.942453 -0.5404745 -0.2670269 -0.7978622 -0.3591014 0.1247842 -0.924919 -0.5660984 -0.03336095 -0.8236624 -0.6725385 0.04044693 -0.738956 -0.6731675 -0.2312539 -0.7024011 -0.6695128 0.5312677 -0.519141 -0.8702433 0.223525 -0.4389913 -0.6599837 0.1200377 -0.7416283 -0.812084 -0.09049177 -0.5764816 -0.3881326 0.6424887 -0.6607279 -0.6692493 0.5313906 -0.5193548 -0.6388922 0.2443062 -0.7294733 -0.6693724 0.7425657 0.02317082 -0.7122797 0.6530743 -0.2571994 -0.4206603 0.8936556 -0.1562842 -0.9164187 0.3618957 -0.1709043 -0.4645041 0.8161779 -0.3436418 -0.8803138 -0.0494678 -0.4718058 -0.2672578 0.40397 -0.8748609 -0.3621265 0.09106647 -0.9276698 -0.4561564 -0.8689854 -0.1917965 -0.3470156 -0.9098047 -0.2276747 -0.6442568 -0.7648085 -0.001074969 -0.5655968 -0.8203579 -0.08433979 -0.2125754 -0.9770628 0.01264601 0.0652374 -0.9273331 0.3685073 0.1208741 -0.7214784 0.6818053 0.2011945 -0.6732576 0.7115089 -0.3045887 -0.07086247 0.9498443 -0.6023293 -0.1744921 0.7789428 -0.7766416 -0.1147504 0.6194032 -0.8593189 -0.03149461 0.5104696 -0.7034511 0.1308833 0.6985887 -0.3162087 0.1101996 0.9422676 -0.1395188 0.2956535 0.9450522 -0.00290209 0.4192197 0.9078803 -0.05030667 0.4634013 0.8847196 -0.001324892 0.4076074 0.9131563 -0.09099513 0.3546261 0.9305698 -0.644376 0.02881747 0.7641657 -0.4945485 0.2989841 0.8161069 -0.2457789 0.4538533 0.8565104 -0.4937247 0.5645823 0.6614249 -0.6984539 0.4430608 0.5620138 -0.556257 0.5486601 0.6241396 -0.441671 0.5717088 0.6914303 -0.4785677 0.3271918 0.8148121 -0.527121 0.3651903 0.7673198 -0.7419318 0.2973931 0.6009115 -0.6607133 0.286868 0.6936604 -0.8447579 0.0194239 0.5347961 -0.7699846 0.2718884 0.5772352 -0.8448213 0.01964938 0.5346879 -0.959524 0.1300922 0.2497795 -0.8613748 0.2780122 0.4251387 -0.7095317 0.3081246 0.6337382 -0.4983705 0.4400471 0.7469842 -0.2741841 0.5375967 0.7973788 -0.4195333 0.3642979 0.8314319 -0.7387654 0.3006698 0.6031779 -0.3754534 0.1866895 0.9078447 -0.3834676 0.2445141 0.8905984 -0.05271703 0.1817682 0.9819273 0.1723821 0.4620144 0.8699581 0.1452567 0.0251249 0.989075 0.05454438 -0.0765565 0.9955722 -0.1189404 0.06145721 0.9909976 -0.2984176 -0.1817707 0.9369666 -0.2340918 -0.07323402 0.9694524 -0.2951412 0.2668496 0.9174329 -0.4377781 -0.005771279 0.8990646 -0.2344663 1.30394e-4 0.9721243 -0.3340362 0.08111828 0.9390632 -0.2042106 0.4224539 0.8830803 -0.2289273 0.3949383 0.8897282 -0.1987779 0.6124856 0.7650809 -0.5242837 0.07458978 0.8482706 -0.4236491 0.2911803 0.8577502 -0.5807892 0.3073653 0.7537975 -0.3682596 0.5869888 0.7209917 -0.5492707 0.5742342 0.6070888 -0.3494876 0.7144436 0.6061591 -0.5491307 0.5744237 0.6070362 -0.1880502 0.9271529 0.3240752 -0.2958337 0.9276331 0.2279902 -0.7605849 0.2073225 0.6152465 -0.6966364 0.5414412 0.4706796 -0.8742227 0.2567768 0.4120685 -0.7483168 0.5934668 0.296343 -0.9509113 0.272814 0.1460832 -0.7837028 0.614266 0.0921263 -0.9538633 0.2999696 -0.01277357 -0.8013983 0.5886242 -0.106219 -0.9774808 0.1881639 -0.0955286 -0.7607333 0.528692 -0.3765231 -0.7566125 0.5963295 -0.2681953 -0.4247433 0.9047729 -0.0312919 -0.7008931 0.711391 -0.05168879 -0.4247428 0.9047797 -0.03110039 -0.7834706 0.6145579 0.09215432 -0.3549063 0.9279317 0.1139487 -0.6652854 0.7149994 0.2148752 -0.5550678 0.713489 0.42759 -0.2959595 0.9276195 0.227882 -0.5550171 0.7134034 0.4277987 -0.7244547 0.2107961 -0.6563005 -0.623077 -0.008809506 -0.7821111 -0.7040257 0.07285219 -0.706428 0.0865091 -0.09195655 -0.9919981 0.2360898 -0.1099711 -0.9654886 0.1456645 -0.6379527 -0.7561735 0.3587158 -0.2896872 -0.8873581 -0.4639516 0.133432 -0.8757538 -0.6509677 0.3807584 -0.656707 -0.6712872 0.09888041 -0.7345721 -0.6447563 0.007776439 -0.7643488 -0.7662268 -0.008664309 -0.6425119 -0.6750217 -0.1536462 -0.7216222 -0.8578994 -0.01580709 -0.5135746 -0.8248326 -0.2596867 -0.5022092 -0.8523376 -0.1453467 -0.5023893 -0.8579993 -0.01575124 -0.5134093 -0.9564834 -0.01802676 -0.2912297 -0.8249537 -0.2596723 -0.5020177 -0.9564857 -0.0181728 -0.2912128 -0.9214618 -0.05026513 -0.3852034 -0.2474099 -0.1291025 -0.9602712 -0.5332595 -0.3388304 -0.7751312 -0.4966116 -0.4591223 -0.7366028 -0.2894346 -0.06787562 -0.9547883 -0.5210803 -0.124274 0.8444119 -0.6635074 0.06136268 0.7456492 -0.7521344 -0.004383206 0.6589953 -0.8870418 -0.001336216 0.4616873 -0.9629916 0.0739836 0.2591788 -0.998323 -0.00130099 0.05787599 -0.9999967 -0.002600908 1.7084e-4 -0.9999825 0.004371523 0.003971397 -0.9999885 7.42382e-4 0.004739105 -0.9694302 -0.1911983 -0.1537806 -0.9840006 -0.1073897 -0.1421635 -0.9565889 -0.01808708 -0.290879 -0.9998016 -0.009925782 -0.01726603 -0.9999833 -0.005789458 -1.28473e-4 -0.8248523 -0.2598267 -0.5021045 -0.817134 -0.3255988 -0.4756863 -0.6573369 -0.3055776 -0.6888619 -0.9565226 -0.01810836 -0.2910956 -0.9837145 0.03138607 -0.1769766 -0.9007334 0.2116887 -0.3792985 0.3317188 -0.2068309 0.9204258 0.2117196 -0.07128357 0.9747275 -0.02155333 -0.03620922 0.9991118 -0.6661577 -0.1596951 0.7285133 0.3900421 -0.0831232 -0.9170375 -0.9839917 -0.01691162 -0.1774103 -0.9660384 -0.06524586 -0.2500258 -0.8860428 0.1895086 0.4231014 -0.7137997 0.2836865 0.6403217 -0.4201741 0.9065937 -0.03926384 -0.4503449 0.8476608 0.2804654 -0.6336768 0.7509567 0.1857897 -0.6930472 0.7123739 0.1104947 -0.4503229 0.8476905 0.2804105 -0.6258749 0.5858466 0.514844 -0.6352111 0.707771 0.3091393 -0.195733 0.9695791 0.1469869 -0.2385633 0.965716 0.1023732 -0.3605252 0.9212269 0.14616 -0.6447542 0.727762 0.233783 -0.4050243 0.8926492 0.1978207 -0.2692605 0.9234324 0.2734437 -0.03406244 0.9787666 0.2021282 -0.2382124 0.9658107 0.1022969 -0.04697346 0.976413 0.2107399 -0.01950114 0.9575647 0.2875581 -0.01335376 0.9286473 0.3707234 -0.05983978 0.9083705 0.4138627 -0.00353533 0.8449442 0.5348428 -0.04904299 0.9973881 0.05302691 -0.1616358 0.7914181 0.589518 -0.00428009 0.751183 0.6600803 -0.1321741 0.9866572 0.09506642 -0.004078626 0.6783105 0.7347641 -0.4027725 0.8364473 0.3716589 -0.3904327 0.915381 -0.0981841 -0.4206345 0.8937338 -0.1559059 -0.2726941 0.9170203 -0.2910532 -6.42261e-4 0.02281254 0.9997397 -0.3128604 -0.2294009 0.9216797 -9.74992e-4 -0.1258301 0.9920514 0 -0.2711967 0.9625239 -4.72701e-4 -0.4145342 0.9100337 -0.333499 -0.4714593 0.8163973 -0.6616483 -0.4940187 0.564063 -4.72796e-4 -0.5466852 0.8373381 -0.2035942 -0.750219 0.6290636 -0.002994298 -0.8368297 0.5474552 -0.006969332 -0.8538517 0.5204699 -0.008861958 -0.8843454 0.4667491 -0.04464852 -0.9989364 0.01152598 -1.77841e-7 -0.9998588 -0.01680952 -0.002167284 -0.9907312 -0.1358203 -0.06880205 -0.9918122 0.1075869 -0.004370391 -0.8895598 -0.4567978 -0.00685209 -0.8974079 -0.4411486 -0.005727231 -0.8728926 -0.4878787 -6.99249e-4 -0.7841904 -0.6205199 -0.003024876 -0.7543398 -0.6564774 -0.006434082 -0.7074121 -0.706772 -0.001239299 -0.8280501 -0.5606527 9.78034e-4 0.9451393 -0.3266662 0.003754973 0.9303209 -0.3667272 -0.2205068 0.9551343 -0.1977249 -0.01218789 0.871735 -0.489826 -0.006587147 0.8982711 -0.4393925 -0.008143723 0.83076 -0.5565713 -0.002013266 0.8448745 -0.534961 1.89083e-4 0.7951439 -0.6064208 -0.006434082 0.7074121 -0.706772 -0.03324592 0.643859 -0.7644215 -5.40141e-4 0.5708968 -0.8210217 0.00304234 0.6709678 -0.7414802 -0.07229745 0.5501345 -0.8319407 -4.08363e-4 0.4377604 -0.8990916 0.002229273 0.9396613 0.342099 -2.22361e-4 0.9191829 0.3938311 -0.003288626 0.8894987 0.4569259 -0.00374782 0.9775624 0.2106125 -0.00431478 0.9798709 0.1995861 -0.005713939 0.993568 0.1130935 -0.4021506 0.8928022 -0.2029269 0.03700637 0.9852643 -0.1669877 -0.005059719 0.9999868 -8.611e-4 -0.002365946 0.9919847 -0.1263363 0 0.9996106 0.02790552 -0.5600305 0.7998006 -0.216067 -2.77566e-4 0.9649953 -0.2622669 -0.4114723 0.9053924 -0.1046671 -0.2470844 0.9635136 -0.1029118 -3.16678e-4 0.9914224 -0.1306973 -0.2535743 0.9647938 -0.06980669 -0.2534073 0.9648401 -0.06977343 5.01888e-4 0.4790704 -0.8777763 -0.00276494 0.5402804 -0.8414805 0.003113269 0.740637 -0.6718983 -0.005059719 0.8569779 -0.5153282 9.61252e-4 0.9193564 -0.3934246 -0.1555064 0.9421389 -0.2969717 -0.005975365 0.8571643 -0.5150086 -3.24902e-4 0.9913743 -0.1310605 -0.09348654 0.9897422 -0.1080308 -0.004458785 -0.015827 -0.9998649 -0.007750511 0.2687267 -0.9631853 -0.00604391 0.2462314 -0.9691922 -0.006078064 0.2465486 -0.9691114 -0.007733941 0.26908 -0.9630869 -0.3434465 -0.9247176 -0.1641398 -0.7960461 -0.540243 -0.2728519 -0.1220016 -0.9533427 -0.2761402 -0.06880295 -0.2843515 -0.9562481 -0.09610813 -0.007341206 -0.9953439 -0.3087195 -0.2851028 -0.9074187 -0.3207058 0.01929748 -0.9469823 -0.6672347 -0.1875771 -0.7208417 -0.6504012 0.1010427 -0.7528405 -0.9659774 -0.04358214 -0.254928 -0.9541624 -0.04744452 -0.2955053 -0.9723604 0.06604343 -0.2239496 -0.0721361 0.2725141 -0.9594439 -0.3034897 0.3358992 -0.8916646 -0.6702905 0.3615487 -0.6480689 -0.9594112 0.1498391 -0.2389111 -0.9998942 0.01110118 -0.009412705 -0.9998184 0.01482808 -0.0119763 -0.5460752 0.5864442 -0.5982351 -0.3283544 0.5584672 -0.7617728 -7.96842e-4 0.1492834 -0.9887942 6.49558e-4 0.2882958 -0.9575413 0 0.003179669 -0.9999949 -5.76986e-4 -0.1499447 -0.9886943 7.76742e-4 -0.2966598 -0.9549829 4.82491e-4 -0.442647 -0.8966959 -0.2093325 -0.5455878 -0.8114888 -2.07184e-4 -0.5692091 -0.8221928 -0.001390457 -0.6849866 -0.7285543 -0.005443572 -0.7037776 -0.7103996 0.001309871 -0.6724162 -0.7401722 -0.2568016 0.6901724 -0.6765465 -0.3857141 0.7609577 -0.5216974 -0.9999578 0.005407929 -0.007429361 -0.9999759 3.04149e-4 -0.0069319 -0.9048283 -0.1944839 -0.3787634 -0.6185932 -0.4064849 -0.6723932 -0.9999114 -0.01075834 0.007837235 -0.9814016 -0.05405348 -0.1841994 -0.9999114 -0.01075881 0.007851302 -0.9912746 -0.05508911 -0.1197493 -0.9912471 -0.05515938 -0.1199449 -0.8547618 -0.2911044 -0.4296981 -0.4884075 -0.5598751 -0.6693265 -0.1243805 -0.6772673 -0.7251473 -0.0823571 -0.9553765 -0.2836781 -0.1138426 -0.9848748 0.1306201 -0.1246177 -0.9893912 -0.07467025 -0.1250125 -0.9278806 0.3512971 -0.01318883 -0.8814914 0.4720162 -0.001044154 -0.6785041 0.734596 -0.002414345 -0.9976711 -0.06816577 -0.001016855 -0.6783807 0.7347099 -6.51289e-4 -0.6228941 0.7823061 0.001932442 -0.7527467 0.6583076 -0.08008939 -0.9849597 0.1531021 0.001248598 -0.9736218 -0.2281644 -0.004827797 -0.9038677 -0.4277849 -0.004836559 -0.9038223 -0.427881 -0.1069466 -0.979839 -0.1687542 -0.004432439 -0.9578014 -0.2873969 -0.1469482 -0.9831089 -0.1091017 0.004076242 -0.9855409 -0.1693883 0.009028732 -0.938007 -0.3464987 -0.004904627 -0.861353 -0.5079832 0.005557537 -0.7627642 -0.646653 -3.81287e-4 -0.6193274 -0.7851327 0.00468707 -0.7625476 -0.6469153 -0.002191245 -0.6190576 -0.7853426 0.003733873 -0.4869832 -0.8734034 -0.001824617 -0.3100883 -0.950706 0.1145794 -0.2035617 -0.9723345 0 -0.3097623 -0.9508141 -0.03058654 -0.9952531 -0.0923891 -0.1177678 -0.9705727 -0.2100465 -0.08037197 -0.9966695 -0.01379907 0.001792907 -0.9709396 0.239318 -0.001092314 -0.9904043 0.1381965 -0.07347506 -0.9971987 -0.0140081 -0.06568986 -0.9582139 0.2784082 -0.1318925 -0.8984821 0.4187296 -0.01038539 -0.8801246 0.4746293 -0.01038652 -0.8801234 0.4746313 0.00548911 -0.9479649 0.3183277 0.005543649 -0.9482618 0.3174412 -0.2247834 -0.8704644 0.437909 -6.69631e-4 -0.6629885 0.7486294 -0.003610849 -0.7457932 0.6661677 -0.2247992 -0.8703544 0.4381193 -0.4670585 -0.7595718 0.4526665 -0.9039622 -0.4256646 -0.04076749 -0.8522393 -0.5209404 -0.04805582 -0.7709246 -0.6363328 0.02749514 -0.5943166 -0.7018576 -0.3926625 0 -0.5486451 -0.8360553 0.08240503 -0.1053967 -0.9910101 -0.08416855 -0.1541512 -0.9844557 0.00871849 -0.5289128 -0.8486314 -0.2388945 -0.5728536 -0.7840716 -0.08440315 -0.1541142 -0.9844414 -0.3679575 -0.3029618 -0.8791027 -0.6035566 -0.1168961 -0.7887045 -0.7746893 -0.3399557 -0.5331854 -0.6038182 -0.1169727 -0.788493 -0.8336745 -0.1981714 -0.5154756 -0.6584988 -0.07269585 -0.7490625 -0.8042741 -0.08548736 -0.5880776 -0.8338757 -0.1981048 -0.5151757 -0.9419285 -0.2143421 -0.2585118 -0.8063854 -0.3478467 -0.4782732 -0.9331681 -0.3364643 -0.1264477 -0.9419411 -0.2146024 -0.2582498 -0.8040786 -0.08541035 -0.5883559 -0.6654824 -0.3186714 -0.674968 -0.6038794 -0.116867 -0.7884618 -0.4992406 -0.2306102 -0.8352113 -0.3092263 -0.1456348 -0.9397711 -0.9864165 0.1638242 -0.01200646 -0.9994591 -0.009398937 -0.0315153 -0.9814774 -0.1915432 -0.003671586 -0.9161894 -0.4005718 0.01179534 -0.9994563 -0.009540975 -0.03156101 -0.7444801 -0.6673511 -0.01979899 -0.1817492 -0.8167163 0.5476695 0.2080393 -0.8210269 0.5316338 0.2517672 -0.8192015 0.5152885 0.4033443 -0.8007499 0.4428467 0.2272743 -0.7402132 0.6327962 0.7284846 -0.4625279 0.5053496 0.4033482 -0.8007133 0.4429091 0.6261506 -0.4239792 0.6543526 0.84977 -0.2420605 0.4682925 -0.2213758 -0.9745934 -0.03406643 -0.3837463 -0.923403 -0.008099675 -0.744266 -0.6675899 -0.01979851 -0.7442703 -0.6675875 -0.01971656 -0.6097674 -0.7925658 0.004827082 -0.8217586 -0.5696793 -0.01335167 0.8498771 -0.2419103 0.4681754 0.9639049 0.09576517 0.2484282 0.9603281 0.262594 0.09388548 0.9602796 0.2628499 0.09366464 0.940804 0.2214299 0.2566258 0.8259073 0.5560023 0.0934807 0.8756777 0.4828929 0.00179708 0.8498398 -0.2418299 0.4682849 0.7898724 -0.2421206 0.5634528 0.9407563 0.2212889 0.2569218 0.9408235 0.2212299 0.2567265 0.935104 0.05046826 0.3507615 0.8277151 0.5134686 0.2263578 0.9283007 0.2912957 0.2310946 0.231255 0.6981639 0.6775606 0.3087384 0.1265591 0.9426895 0.1725649 0.4619807 0.8699398 0.1725757 0.4619427 0.8699579 0.4831839 0.09598153 0.8702419 0.1680493 -0.05682319 0.9841396 -0.06458687 0.922282 0.3810833 -0.0426582 0.9303606 0.3641559 -0.06460535 0.8206556 0.5677594 -0.0210359 0.9375061 0.3473327 -0.155118 -0.4964796 0.8540763 0.03323972 -0.1631398 0.9860429 0.1230667 -0.4187778 0.899711 0.2279836 -0.4912047 0.8406792 0.03344899 -0.16311 0.9860407 0.2056001 -0.1247427 0.9706534 0 -0.9951846 0.09801864 0 -0.9569413 0.290282 0 -0.881919 0.471401 0 -0.7730153 0.6343875 0 -0.6342628 0.7731175 0 -0.4713872 0.8819264 -1.42249e-4 -0.2902601 0.9569478 6.74337e-6 -0.09807211 0.9951794 0 0.09801846 0.9951846 8.69371e-5 0.2902722 0.9569442 0 0.4713979 0.8819206 0 0.6343942 0.7730098 0 0.7730117 0.6343918 0 0.881922 0.4713953 0 0.9569392 0.2902887 0 0.9951847 0.0980181 0 0.9951847 -0.09801769 0 0.9569403 -0.2902849 0 0.881919 -0.471401 0 0.7730153 -0.6343875 -9.0187e-5 0.6345559 -0.772877 0 0.4714017 -0.8819186 0 0.290253 -0.95695 0 0.09798389 -0.9951881 0 -0.09801846 -0.9951846 0 -0.2902247 -0.9569586 0 -0.4713965 -0.8819214 0 -0.634392 -0.7730115 0 -0.7730199 -0.6343818 0 -0.8819245 -0.4713908 0 -0.9569404 -0.2902846 0 -0.9951848 -0.09801656 1 3.24494e-6 0 1 3.73944e-5 0 0.999999 0.001374959 3.54131e-4 0.999999 -0.001379787 -3.53973e-4 0.9999985 0.00175476 2.79137e-4 0.9999983 0.001813352 2.78225e-4 0.9991142 -0.04158824 -0.006431579 0.9987941 -0.04851359 -0.007543265 0.9987846 -0.04871046 -0.007543027 0.9999929 0.00372672 5.75414e-4 0.9999929 0.003718078 5.78159e-4 0.9999955 0.00294739 4.58749e-4 0.9999984 -0.001799404 -2.78554e-4 0.9999986 -0.001723289 -2.79145e-4 7.14162e-4 0.3176327 0.9482136 -0.01952069 0.9575397 0.28764 -0.001191973 -0.8270493 -0.5621282 1.88218e-4 0.7951254 -0.606445 -0.005484342 -0.7037025 -0.7104737 0.006227195 -0.9444047 -0.3287264 0.005462884 -0.9479443 0.3183896 0 -0.9951848 0.09801656 0 -0.9569402 0.2902853 4.69258e-6 -0.9569396 0.2902873 0 -0.8819212 0.471397 0 -0.7730099 0.634394 0 -0.6343757 0.7730249 0 -0.6343914 0.7730121 0 -0.6344184 0.7729899 0 -0.6343948 0.7730093 0 -0.6343556 0.7730416 0 -0.4714017 0.8819186 0 -0.2902904 0.9569387 2.8172e-5 -0.2902863 0.9569399 0 -0.290279 0.9569422 2.42771e-5 -0.2903239 0.9569286 0 -0.09797114 0.9951893 -9.39233e-6 -0.0980184 0.9951846 0 -0.09801983 0.9951845 4.6229e-5 -0.09798043 0.9951884 0 0.09802001 0.9951845 0 0.2902857 0.9569401 1.88397e-5 0.2902869 0.9569398 0 0.2901979 0.9569667 -7.84162e-5 0.2906339 0.9568343 0 0.2902979 0.9569364 0 0.2902676 0.9569456 -6.10074e-4 0.2914143 0.9565967 0 0.4713965 0.8819214 0 0.634392 0.7730115 0 0.7730172 0.6343852 -9.38919e-6 0.7730076 0.6343967 0 0.8819237 0.4713922 9.38512e-6 0.8819199 0.4713994 0 0.9569409 0.2902829 0 0.9951847 0.09801805 0 0.9951846 -0.09801834 0 0.9569392 -0.2902886 4.69254e-6 0.9569404 -0.2902846 0 0.8819212 -0.471397 0 0.7730099 -0.634394 0 0.6344102 -0.7729967 1.88398e-5 0.6343911 -0.7730123 0 0.6343875 -0.7730153 -9.16253e-6 0.6343767 -0.7730241 -1.479e-4 0.6344296 -0.7729806 0 0.4713872 -0.8819264 0 0.2902944 -0.9569375 1.4086e-5 0.2902894 -0.9569389 0 0.290263 -0.9569469 0 0.2902688 -0.9569452 0 0.09807485 -0.9951791 0 0.09801954 -0.9951845 0 0.09802383 -0.9951841 3.09291e-5 0.09801244 -0.9951853 0 -0.09802001 -0.9951845 0 -0.2902929 -0.9569379 1.88397e-5 -0.2902868 -0.9569398 0 -0.2903417 -0.9569231 -3.13298e-5 -0.2902941 -0.9569376 -5.85732e-5 -0.2903035 -0.9569346 0 -0.2902556 -0.9569492 0 -0.4713979 -0.8819206 0 -0.6343941 -0.7730098 0 -0.7730149 -0.6343879 4.6946e-6 -0.7730082 -0.6343961 0 -0.8819157 -0.4714074 9.38505e-6 -0.8819223 -0.471395 0 -0.9569398 -0.2902865 0 -0.9951847 -0.09801876 1 -1.48422e-5 0 1 -1.48995e-5 0 1 1.48364e-5 0 1 -1.6046e-6 0 1 3.44774e-6 0 1 5.62227e-6 0 1 2.99619e-5 0 1 1.86195e-6 0 1 -3.24314e-6 0 1 -1.73588e-6 0 1 7.39864e-6 0 1 -8.58575e-6 0 1 -1.47737e-5 0 1 -1.47158e-5 0 1 -1.4905e-5 0 1 6.70205e-6 0 1 -7.43793e-6 0 1 2.77827e-6 0 1 -2.67746e-6 0 1 7.4195e-6 0 1 -5.09594e-5 0 1 -1.4899e-5 0 1 -5.41293e-6 0 1 -2.72989e-5 0 1 1.28862e-5 0 1 -1.25673e-5 0 1 -1.92972e-5 0 1 1.11291e-5 0 1 3.10779e-6 0 1 -1.23267e-5 0 1 2.64863e-5 0 1 -6.36489e-6 0 1 5.78235e-5 0 1 -1.8232e-5 0 1 -6.10885e-6 0 1 -1.32485e-5 0 1 2.95229e-5 0 1 2.18542e-5 0 1 3.58358e-5 0 1 1.32485e-5 0 1 -2.29148e-4 0 1 3.11435e-6 0</float_array>
          <technique_common>
            <accessor source="#polygons_004-mesh-normals-array" count="4279" stride="3">
              <param name="X" type="float"/>
              <param name="Y" type="float"/>
              <param name="Z" type="float"/>
            </accessor>
          </technique_common>
        </source>
        <source id="polygons_004-mesh-map-0">
          <float_array id="polygons_004-mesh-map-0-array" count="17850">0 0 0 0 0 0 0 0 0 0 0 0 0 0 0 0 0 0 0 0 0 0 0 0 0 0 0 0 0 0 0 0 0 0 0 0 0 0 0 0 0 0 0 0 0 0 0 0 0 0 0 0 0 0 0 0 0 0 0 0 0 0 0 0 0 0 0 0 0 0 0 0 0 0 0 0 0 0 0 0 0 0 0 0 0 0 0 0 0 0 0 0 0 0 0 0 0 0 0 0 0 0 0 0 0 0 0 0 0 0 0 0 0 0 0 0 0 0 0 0 0 0 0 0 0 0 0 0 0 0 0 0 0 0 0 0 0 0 0 0 0 0 0 0 0 0 0 0 0 0 0 0 0 0 0 0 0 0 0 0 0 0 0 0 0 0 0 0 0 0 0 0 0 0 0 0 0 0 0 0 0 0 0 0 0 0 0 0 0 0 0 0 0 0 0 0 0 0 0 0 0 0 0 0 0 0 0 0 0 0 0 0 0 0 0 0 0 0 0 0 0 0 0 0 0 0 0 0 0 0 0 0 0 0 0 0 0 0 0 0 0 0 0 0 0 0 0 0 0 0 0 0 0 0 0 0 0 0 0 0 0 0 0 0 0 0 0 0 0 0 0 0 0 0 0 0 0 0 0 0 0 0 0 0 0 0 0 0 0 0 0 0 0 0 0 0 0 0 0 0 0 0 0 0 0 0 0 0 0 0 0 0 0 0 0 0 0 0 0 0 0 0 0 0 0 0 0 0 0 0 0 0 0 0 0 0 0 0 0 0 0 0 0 0 0 0 0 0 0 0 0 0 0 0 0 0 0 0 0 0 0 0 0 0 0 0 0 0 0 0 0 0 0 0 0 0 0 0 0 0 0 0 0 0 0 0 0 0 0 0 0 0 0 0 0 0 0 0 0 0 0 0 0 0 0 0 0 0 0 0 0 0 0 0 0 0 0 0 0 0 0 0 0 0 0 0 0 0 0 0 0 0 0 0 0 0 0 0 0 0 0 0 0 0 0 0 0 0 0 0 0 0 0 0 0 0 0 0 0 0 0 0 0 0 0 0 0 0 0 0 0 0 0 0 0 0 0 0 0 0 0 0 0 0 0 0 0 0 0 0 0 0 0 0 0 0 0 0 0 0 0 0 0 0 0 0 0 0 0 0 0 0 0 0 0 0 0 0 0 0 0 0 0 0 0 0 0 0 0 0 0 0 0 0 0 0 0 0 0 0 0 0 0 0 0 0 0 0 0 0 0 0 0 0 0 0 0 0 0 0 0 0 0 0 0 0 0 0 0 0 0 0 0 0 0 0 0 0 0 0 0 0 0 0 0 0 0 0 0 0 0 0 0 0 0 0 0 0 0 0 0 0 0 0 0 0 0 0 0 0 0 0 0 0 0 0 0 0 0 0 0 0 0 0 0 0 0 0 0 0 0 0 0 0 0 0 0 0 0 0 0 0 0 0 0 0 0 0 0 0 0 0 0 0 0 0 0 0 0 0 0 0 0 0 0 0 0 0 0 0 0 0 0 0 0 0 0 0 0 0 0 0 0 0 0 0 0 0 0 0 0 0 0 0 0 0 0 0 0 0 0 0 0 0 0 0 0 0 0 0 0 0 0 0 0 0 0 0 0 0 0 0 0 0 0 0 0 0 0 0 0 0 0 0 0 0 0 0 0 0 0 0 0 0 0 0 0 0 0 0 0 0 0 0 0 0 0 0 0 0 0 0 0 0 0 0 0 0 0 0 0 0 0 0 0 0 0 0 0 0 0 0 0 0 0 0 0 0 0 0 0 0 0 0 0 0 0 0 0 0 0 0 0 0 0 0 0 0 0 0 0 0 0 0 0 0 0 0 0 0 0 0 0 0 0 0 0 0 0 0 0 0 0 0 0 0 0 0 0 0 0 0 0 0 0 0 0 0 0 0 0 0 0 0 0 0 0 0 0 0 0 0 0 0 0 0 0 0 0 0 0 0 0 0 0 0 0 0 0 0 0 0 0 0 0 0 0 0 0 0 0 0 0 0 0 0 0 0 0 0 0 0 0 0 0 0 0 0 0 0 0 0 0 0 0 0 0 0 0 0 0 0 0 0 0 0 0 0 0 0 0 0 0 0 0 0 0 0 0 0 0 0 0 0 0 0 0 0 0 0 0 0 0 0 0 0 0 0 0 0 0 0 0 0 0 0 0 0 0 0 0 0 0 0 0 0 0 0 0 0 0 0 0 0 0 0 0 0 0 0 0 0 0 0 0 0 0 0 0 0 0 0 0 0 0 0 0 0 0 0 0 0 0 0 0 0 0 0 0 0 0 0 0 0 0 0 0 0 0 0 0 0 0 0 0 0 0 0 0 0 0 0 0 0 0 0 0 0 0 0 0 0 0 0 0 0 0 0 0 0 0 0 0 0 0 0 0 0 0 0 0 0 0 0 0 0 0 0 0 0 0 0 0 0 0 0 0 0 0 0 0 0 0 0 0 0 0 0 0 0 0 0 0 0 0 0 0 0 0 0 0 0 0 0 0 0 0 0 0 0 0 0 0 0 0 0 0 0 0 0 0 0 0 0 0 0 0 0 0 0 0 0 0 0 0 0 0 0 0 0 0 0 0 0 0 0 0 0 0 0 0 0 0 0 0 0 0 0 0 0 0 0 0 0 0 0 0 0 0 0 0 0 0 0 0 0 0 0 0 0 0 0 0 0 0 0 0 0 0 0 0 0 0 0 0 0 0 0 0 0 0 0 0 0 0 0 0 0 0 0 0 0 0 0 0 0 0 0 0 0 0 0 0 0 0 0 0 0 0 0 0 0 0 0 0 0 0 0 0 0 0 0 0 0 0 0 0 0 0 0 0 0 0 0 0 0 0 0 0 0 0 0 0 0 0 0 0 0 0 0 0 0 0 0 0 0 0 0 0 0 0 0 0 0 0 0 0 0 0 0 0 0 0 0 0 0 0 0 0 0 0 0 0 0 0 0 0 0 0 0 0 0 0 0 0 0 0 0 0 0 0 0 0 0 0 0 0 0 0 0 0 0 0 0 0 0 0 0 0 0 0 0 0 0 0 0 0 0 0 0 0 0 0 0 0 0 0 0 0 0 0 0 0 0 0 0 0 0 0 0 0 0 0 0 0 0 0 0 0 0 0 0 0 0 0 0 0 0 0 0 0 0 0 0 0 0 0 0 0 0 0 0 0 0 0 0 0 0 0 0 0 0 0 0 0 0 0 0 0 0 0 0 0 0 0 0 0 0 0 0 0 0 0 0 0 0 0 0 0 0 0 0 0 0 0 0 0 0 0 0 0 0 0 0 0 0 0 0 0 0 0 0 0 0 0 0 0 0 0 0 0 0 0 0 0 0 0 0 0 0 0 0 0 0 0 0 0 0 0 0 0 0 0 0 0 0 0 0 0 0 0 0 0 0 0 0 0 0 0 0 0 0 0 0 0 0 0 0 0 0 0 0 0 0 0 0 0 0 0 0 0 0 0 0 0 0 0 0 0 0 0 0 0 0 0 0 0 0 0 0 0 0 0 0 0 0 0 0 0 0 0 0 0 0 0 0 0 0 0 0 0 0 0 0 0 0 0 0 0 0 0 0 0 0 0 0 0 0 0 0 0 0 0 0 0 0 0 0 0 0 0 0 0 0 0 0 0 0 0 0 0 0 0 0 0 0 0 0 0 0 0 0 0 0 0 0 0 0 0 0 0 0 0 0 0 0 0 0 0 0 0 0 0 0 0 0 0 0 0 0 0 0 0 0 0 0 0 0 0 0 0 0 0 0 0 0 0 0 0 0 0 0 0 0 0 0 0 0 0 0 0 0 0 0 0 0 0 0 0 0 0 0 0 0 0 0 0 0 0 0 0 0 0 0 0 0 0 0 0 0 0 0 0 0 0 0 0 0 0 0 0 0 0 0 0 0 0 0 0 0 0 0 0 0 0 0 0 0 0 0 0 0 0 0 0 0 0 0 0 0 0 0 0 0 0 0 0 0 0 0 0 0 0 0 0 0 0 0 0 0 0 0 0 0 0 0 0 0 0 0 0 0 0 0 0 0 0 0 0 0 0 0 0 0 0 0 0 0 0 0 0 0 0 0 0 0 0 0 0 0 0 0 0 0 0 0 0 0 0 0 0 0 0 0 0 0 0 0 0 0 0 0 0 0 0 0 0 0 0 0 0 0 0 0 0 0 0 0 0 0 0 0 0 0 0 0 0 0 0 0 0 0 0 0 0 0 0 0 0 0 0 0 0 0 0 0 0 0 0 0 0 0 0 0 0 0 0 0 0 0 0 0 0 0 0 0 0 0 0 0 0 0 0 0 0 0 0 0 0 0 0 0 0 0 0 0 0 0 0 0 0 0 0 0 0 0 0 0 0 0 0 0 0 0 0 0 0 0 0 0 0 0 0 0 0 0 0 0 0 0 0 0 0 0 0 0 0 0 0 0 0 0 0 0 0 0 0 0 0 0 0 0 0 0 0 0 0 0 0 0 0 0 0 0 0 0 0 0 0 0 0 0 0 0 0 0 0 0 0 0 0 0 0 0 0 0 0 0 0 0 0 0 0 0 0 0 0 0 0 0 0 0 0 0 0 0 0 0 0 0 0 0 0 0 0 0 0 0 0 0 0 0 0 0 0 0 0 0 0 0 0 0 0 0 0 0 0 0 0 0 0 0 0 0 0 0 0 0 0 0 0 0 0 0 0 0 0 0 0 0 0 0 0 0 0 0 0 0 0 0 0 0 0 0 0 0 0 0 0 0 0 0 0 0 0 0 0 0 0 0 0 0 0 0 0 0 0 0 0 0 0 0 0 0 0 0 0 0 0 0 0 0 0 0 0 0 0 0 0 0 0 0 0 0 0 0 0 0 0 0 0 0 0 0 0 0 0 0 0 0 0 0 0 0 0 0 0 0 0 0 0 0 0 0 0 0 0 0 0 0 0 0 0 0 0 0 0 0 0 0 0 0 0 0 0 0 0 0 0 0 0 0 0 0 0 0 0 0 0 0 0 0 0 0 0 0 0 0 0 0 0 0 0 0 0 0 0 0 0 0 0 0 0 0 0 0 0 0 0 0 0 0 0 0 0 0 0 0 0 0 0 0 0 0 0 0 0 0 0 0 0 0 0 0 0 0 0 0 0 0 0 0 0 0 0 0 0 0 0 0 0 0 0 0 0 0 0 0 0 0 0 0 0 0 0 0 0 0 0 0 0 0 0 0 0 0 0 0 0 0 0 0 0 0 0 0 0 0 0 0 0 0 0 0 0 0 0 0 0 0 0 0 0 0 0 0 0 0 0 0 0 0 0 0 0 0 0 0 0 0 0 0 0 0 0 0 0 0 0 0 0 0 0 0 0 0 0 0 0 0 0 0 0 0 0 0 0 0 0 0 0 0 0 0 0 0 0 0 0 0 0 0 0 0 0 0 0 0 0 0 0 0 0 0 0 0 0 0 0 0 0 0 0 0 0 0 0 0 0 0 0 0 0 0 0 0 0 0 0 0 0 0 0 0 0 0 0 0 0 0 0 0 0 0 0 0 0 0 0 0 0 0 0 0 0 0 0 0 0 0 0 0 0 0 0 0 0 0 0 0 0 0 0 0 0 0 0 0 0 0 0 0 0 0 0 0 0 0 0 0 0 0 0 0 0 0 0 0 0 0 0 0 0 0 0 0 0 0 0 0 0 0 0 0 0 0 0 0 0 0 0 0 0 0 0 0 0 0 0 0 0 0 0 0 0 0 0 0 0 0 0 0 0 0 0 0 0 0 0 0 0 0 0 0 0 0 0 0 0 0 0 0 0 0 0 0 0 0 0 0 0 0 0 0 0 0 0 0 0 0 0 0 0 0 0 0 0 0 0 0 0 0 0 0 0 0 0 0 0 0 0 0 0 0 0 0 0 0 0 0 0 0 0 0 0 0 0 0 0 0 0 0 0 0 0 0 0 0 0 0 0 0 0 0 0 0 0 0 0 0 0 0 0 0 0 0 0 0 0 0 0 0 0 0 0 0 0 0 0 0 0 0 0 0 0 0 0 0 0 0 0 0 0 0 0 0 0 0 0 0 0 0 0 0 0 0 0 0 0 0 0 0 0 0 0 0 0 0 0 0 0 0 0 0 0 0 0 0 0 0 0 0 0 0 0 0 0 0 0 0 0 0 0 0 0 0 0 0 0 0 0 0 0 0 0 0 0 0 0 0 0 0 0 0 0 0 0 0 0 0 0 0 0 0 0 0 0 0 0 0 0 0 0 0 0 0 0 0 0 0 0 0 0 0 0 0 0 0 0 0 0 0 0 0 0 0 0 0 0 0 0 0 0 0 0 0 0 0 0 0 0 0 0 0 0 0 0 0 0 0 0 0 0 0 0 0 0 0 0 0 0 0 0 0 0 0 0 0 0 0 0 0 0 0 0 0 0 0 0 0 0 0 0 0 0 0 0 0 0 0 0 0 0 0 0 0 0 0 0 0 0 0 0 0 0 0 0 0 0 0 0 0 0 0 0 0 0 0 0 0 0 0 0 0 0 0 0 0 0 0 0 0 0 0 0 0 0 0 0 0 0 0 0 0 0 0 0 0 0 0 0 0 0 0 0 0 0 0 0 0 0 0 0 0 0 0 0 0 0 0 0 0 0 0 0 0 0 0 0 0 0 0 0 0 0 0 0 0 0 0 0 0 0 0 0 0 0 0 0 0 0 0 0 0 0 0 0 0 0 0 0 0 0 0 0 0 0 0 0 0 0 0 0 0 0 0 0 0 0 0 0 0 0 0 0 0 0 0 0 0 0 0 0 0 0 0 0 0 0 0 0 0 0 0 0 0 0 0 0 0 0 0 0 0 0 0 0 0 0 0 0 0 0 0 0 0 0 0 0 0 0 0 0 0 0 0 0 0 0 0 0 0 0 0 0 0 0 0 0 0 0 0 0 0 0 0 0 0 0 0 0 0 0 0 0 0 0 0 0 0 0 0 0 0 0 0 0 0 0 0 0 0 0 0 0 0 0 0 0 0 0 0 0 0 0 0 0 0 0 0 0 0 0 0 0 0 0 0 0 0 0 0 0 0 0 0 0 0 0 0 0 0 0 0 0 0 0 0 0 0 0 0 0 0 0 0 0 0 0 0 0 0 0 0 0 0 0 0 0 0 0 0 0 0 0 0 0 0 0 0 0 0 0 0 0 0 0 0 0 0 0 0 0 0 0 0 0 0 0 0 0 0 0 0 0 0 0 0 0 0 0 0 0 0 0 0 0 0 0 0 0 0 0 0 0 0 0 0 0 0 0 0 0 0 0 0 0 0 0 0 0 0 0 0 0 0 0 0 0 0 0 0 0 0 0 0 0 0 0 0 0 0 0 0 0 0 0 0 0 0 0 0 0 0 0 0 0 0 0 0 0 0 0 0 0 0 0 0 0 0 0 0 0 0 0 0 0 0 0 0 0 0 0 0 0 0 0 0 0 0 0 0 0 0 0 0 0 0 0 0 0 0 0 0 0 0 0 0 0 0 0 0 0 0 0 0 0 0 0 0 0 0 0 0 0 0 0 0 0 0 0 0 0 0 0 0 0 0 0 0 0 0 0 0 0 0 0 0 0 0 0 0 0 0 0 0 0 0 0 0 0 0 0 0 0 0 0 0 0 0 0 0 0 0 0 0 0 0 0 0 0 0 0 0 0 0 0 0 0 0 0 0 0 0 0 0 0 0 0 0 0 0 0 0 0 0 0 0 0 0 0 0 0 0 0 0 0 0 0 0 0 0 0 0 0 0 0 0 0 0 0 0 0 0 0 0 0 0 0 0 0 0 0 0 0 0 0 0 0 0 0 0 0 0 0 0 0 0 0 0 0 0 0 0 0 0 0 0 0 0 0 0 0 0 0 0 0 0 0 0 0 0 0 0 0 0 0 0 0 0 0 0 0 0 0 0 0 0 0 0 0 0 0 0 0 0 0 0 0 0 0 0 0 0 0 0 0 0 0 0 0 0 0 0 0 0 0 0 0 0 0 0 0 0 0 0 0 0 0 0 0 0 0 0 0 0 0 0 0 0 0 0 0 0 0 0 0 0 0 0 0 0 0 0 0 0 0 0 0 0 0 0 0 0 0 0 0 0 0 0 0 0 0 0 0 0 0 0 0 0 0 0 0 0 0 0 0 0 0 0 0 0 0 0 0 0 0 0 0 0 0 0 0 0 0 0 0 0 0 0 0 0 0 0 0 0 0 0 0 0 0 0 0 0 0 0 0 0 0 0 0 0 0 0 0 0 0 0 0 0 0 0 0 0 0 0 0 0 0 0 0 0 0 0 0 0 0 0 0 0 0 0 0 0 0 0 0 0 0 0 0 0 0 0 0 0 0 0 0 0 0 0 0 0 0 0 0 0 0 0 0 0 0 0 0 0 0 0 0 0 0 0 0 0 0 0 0 0 0 0 0 0 0 0 0 0 0 0 0 0 0 0 0 0 0 0 0 0 0 0 0 0 0 0 0 0 0 0 0 0 0 0 0 0 0 0 0 0 0 0 0 0 0 0 0 0 0 0 0 0 0 0 0 0 0 0 0 0 0 0 0 0 0 0 0 0 0 0 0 0 0 0 0 0 0 0 0 0 0 0 0 0 0 0 0 0 0 0 0 0 0 0 0 0 0 0 0 0 0 0 0 0 0 0 0 0 0 0 0 0 0 0 0 0 0 0 0 0 0 0 0 0 0 0 0 0 0 0 0 0 0 0 0 0 0 0 0 0 0 0 0 0 0 0 0 0 0 0 0 0 0 0 0 0 0 0 0 0 0 0 0 0 0 0 0 0 0 0 0 0 0 0 0 0 0 0 0 0 0 0 0 0 0 0 0 0 0 0 0 0 0 0 0 0 0 0 0 0 0 0 0 0 0 0 0 0 0 0 0 0 0 0 0 0 0 0 0 0 0 0 0 0 0 0 0 0 0 0 0 0 0 0 0 0 0 0 0 0 0 0 0 0 0 0 0 0 0 0 0 0 0 0 0 0 0 0 0 0 0 0 0 0 0 0 0 0 0 0 0 0 0 0 0 0 0 0 0 0 0 0 0 0 0 0 0 0 0 0 0 0 0 0 0 0 0 0 0 0 0 0 0 0 0 0 0 0 0 0 0 0 0 0 0 0 0 0 0 0 0 0 0 0 0 0 0 0 0 0 0 0 0 0 0 0 0 0 0 0 0 0 0 0 0 0 0 0 0 0 0 0 0 0 0 0 0 0 0 0 0 0 0 0 0 0 0 0 0 0 0 0 0 0 0 0 0 0 0 0 0 0 0 0 0 0 0 0 0 0 0 0 0 0 0 0 0 0 0 0 0 0 0 0 0 0 0 0 0 0 0 0 0 0 0 0 0 0 0 0 0 0 0 0 0 0 0 0 0 0 0 0 0 0 0 0 0 0 0 0 0 0 0 0 0 0 0 0 0 0 0 0 0 0 0 0 0 0 0 0 0 0 0 0 0 0 0 0 0 0 0 0 0 0 0 0 0 0 0 0 0 0 0 0 0 0 0 0 0 0 0 0 0 0 0 0 0 0 0 0 0 0 0 0 0 0 0 0 0 0 0 0 0 0 0 0 0 0 0 0 0 0 0 0 0 0 0 0 0 0 0 0 0 0 0 0 0 0 0 0 0 0 0 0 0 0 0 0 0 0 0 0 0 0 0 0 0 0 0 0 0 0 0 0 0 0 0 0 0 0 0 0 0 0 0 0 0 0 0 0 0 0 0 0 0 0 0 0 0 0 0 0 0 0 0 0 0 0 0 0 0 0 0 0 0 0 0 0 0 0 0 0 0 0 0 0 0 0 0 0 0 0 0 0 0 0 0 0 0 0 0 0 0 0 0 0 0 0 0 0 0 0 0 0 0 0 0 0 0 0 0 0 0 0 0 0 0 0 0 0 0 0 0 0 0 0 0 0 0 0 0 0 0 0 0 0 0 0 0 0 0 0 0 0 0 0 0 0 0 0 0 0 0 0 0 0 0 0 0 0 0 0 0 0 0 0 0 0 0 0 0 0 0 0 0 0 0 0 0 0 0 0 0 0 0 0 0 0 0 0 0 0 0 0 0 0 0 0 0 0 0 0 0 0 0 0 0 0 0 0 0 0 0 0 0 0 0 0 0 0 0 0 0 0 0 0 0 0 0 0 0 0 0 0 0 0 0 0 0 0 0 0 0 0 0 0 0 0 0 0 0 0 0 0 0 0 0 0 0 0 0 0 0 0 0 0 0 0 0 0 0 0 0 0 0 0 0 0 0 0 0 0 0 0 0 0 0 0 0 0 0 0 0 0 0 0 0 0 0 0 0 0 0 0 0 0 0 0 0 0 0 0 0 0 0 0 0 0 0 0 0 0 0 0 0 0 0 0 0 0 0 0 0 0 0 0 0 0 0 0 0 0 0 0 0 0 0 0 0 0 0 0 0 0 0 0 0 0 0 0 0 0 0 0 0 0 0 0 0 0 0 0 0 0 0 0 0 0 0 0 0 0 0 0 0 0 0 0 0 0 0 0 0 0 0 0 0 0 0 0 0 0 0 0 0 0 0 0 0 0 0 0 0 0 0 0 0 0 0 0 0 0 0 0 0 0 0 0 0 0 0 0 0 0 0 0 0 0 0 0 0 0 0 0 0 0 0 0 0 0 0 0 0 0 0 0 0 0 0 0 0 0 0 0 0 0 0 0 0 0 0 0 0 0 0 0 0 0 0 0 0 0 0 0 0 0 0 0 0 0 0 0 0 0 0 0 0 0 0 0 0 0 0 0 0 0 0 0 0 0 0 0 0 0 0 0 0 0 0 0 0 0 0 0 0 0 0 0 0 0 0 0 0 0 0 0 0 0 0 0 0 0 0 0 0 0 0 0 0 0 0 0 0 0 0 0 0 0 0 0 0 0 0 0 0 0 0 0 0 0 0 0 0 0 0 0 0 0 0 0 0 0 0 0 0 0 0 0 0 0 0 0 0 0 0 0 0 0 0 0 0 0 0 0 0 0 0 0 0 0 0 0 0 0 0 0 0 0 0 0 0 0 0 0 0 0 0 0 0 0 0 0 0 0 0 0 0 0 0 0 0 0 0 0 0 0 0 0 0 0 0 0 0 0 0 0 0 0 0 0 0 0 0 0 0 0 0 0 0 0 0 0 0 0 0 0 0 0 0 0 0 0 0 0 0 0 0 0 0 0 0 0 0 0 0 0 0 0 0 0 0 0 0 0 0 0 0 0 0 0 0 0 0 0 0 0 0 0 0 0 0 0 0 0 0 0 0 0 0 0 0 0 0 0 0 0 0 0 0 0 0 0 0 0 0 0 0 0 0 0 0 0 0 0 0 0 0 0 0 0 0 0 0 0 0 0 0 0 0 0 0 0 0 0 0 0 0 0 0 0 0 0 0 0 0 0 0 0 0 0 0 0 0 0 0 0 0 0 0 0 0 0 0 0 0 0 0 0 0 0 0 0 0 0 0 0 0 0 0 0 0 0 0 0 0 0 0 0 0 0 0 0 0 0 0 0 0 0 0 0 0 0 0 0 0 0 0 0 0 0 0 0 0 0 0 0 0 0 0 0 0 0 0 0 0 0 0 0 0 0 0 0 0 0 0 0 0 0 0 0 0 0 0 0 0 0 0 0 0 0 0 0 0 0 0 0 0 0 0 0 0 0 0 0 0 0 0 0 0 0 0 0 0 0 0 0 0 0 0 0 0 0 0 0 0 0 0 0 0 0 0 0 0 0 0 0 0 0 0 0 0 0 0 0 0 0 0 0 0 0 0 0 0 0 0 0 0 0 0 0 0 0 0 0 0 0 0 0 0 0 0 0 0 0 0 0 0 0 0 0 0 0 0 0 0 0 0 0 0 0 0 0 0 0 0 0 0 0 0 0 0 0 0 0 0 0 0 0 0 0 0 0 0 0 0 0 0 0 0 0 0 0 0 0 0 0 0 0 0 0 0 0 0 0 0 0 0 0 0 0 0 0 0 0 0 0 0 0 0 0 0 0 0 0 0 0 0 0 0 0 0 0 0 0 0 0 0 0 0 0 0 0 0 0 0 0 0 0 0 0 0 0 0 0 0 0 0 0 0 0 0 0 0 0 0 0 0 0 0 0 0 0 0 0 0 0 0 0 0 0 0 0 0 0 0 0 0 0 0 0 0 0 0 0 0 0 0 0 0 0 0 0 0 0 0 0 0 0 0 0 0 0 0 0 0 0 0 0 0 0 0 0 0 0 0 0 0 0 0 0 0 0 0 0 0 0 0 0 0 0 0 0 0 0 0 0 0 0 0 0 0 0 0 0 0 0 0 0 0 0 0 0 0 0 0 0 0 0 0 0 0 0 0 0 0 0 0 0 0 0 0 0 0 0 0 0 0 0 0 0 0 0 0 0 0 0 0 0 0 0 0 0 0 0 0 0 0 0 0 0 0 0 0 0 0 0 0 0 0 0 0 0 0 0 0 0 0 0 0 0 0 0 0 0 0 0 0 0 0 0 0 0 0 0 0 0 0 0 0 0 0 0 0 0 0 0 0 0 0 0 0 0 0 0 0 0 0 0 0 0 0 0 0 0 0 0 0 0 0 0 0 0 0 0 0 0 0 0 0 0 0 0 0 0 0 0 0 0 0 0 0 0 0 0 0 0 0 0 0 0 0 0 0 0 0 0 0 0 0 0 0 0 0 0 0 0 0 0 0 0 0 0 0 0 0 0 0 0 0 0 0 0 0 0 0 0 0 0 0 0 0 0 0 0 0 0 0 0 0 0 0 0 0 0 0 0 0 0 0 0 0 0 0 0 0 0 0 0 0 0 0 0 0 0 0 0 0 0 0 0 0 0 0 0 0 0 0 0 0 0 0 0 0 0 0 0 0 0 0 0 0 0 0 0 0 0 0 0 0 0 0 0 0 0 0 0 0 0 0 0 0 0 0 0 0 0 0 0 0 0 0 0 0 0 0 0 0 0 0 0 0 0 0 0 0 0 0 0 0 0 0 0 0 0 0 0 0 0 0 0 0 0 0 0 0 0 0 0 0 0 0 0 0 0 0 0 0 0 0 0 0 0 0 0 0 0 0 0 0 0 0 0 0 0 0 0 0 0 0 0 0 0 0 0 0 0 0 0 0 0 0 0 0 0 0 0 0 0 0 0 0 0 0 0 0 0 0 0 0 0 0 0 0 0 0 0 0 0 0 0 0 0 0 0 0 0 0 0 0 0 0 0 0 0 0 0 0 0 0 0 0 0 0 0 0 0 0 0 0 0 0 0 0 0 0 0 0 0 0 0 0 0 0 0 0 0 0 0 0 0 0 0 0 0 0 0 0 0 0 0 0 0 0 0 0 0 0 0 0 0 0 0 0 0 0 0 0 0 0 0 0 0 0 0 0 0 0 0 0 0 0 0 0 0 0 0 0 0 0 0 0 0 0 0 0 0 0 0 0 0 0 0 0 0 0 0 0 0 0 0 0 0 0 0 0 0 0 0 0 0 0 0 0 0 0 0 0 0 0 0 0 0 0 0 0 0 0 0 0 0 0 0 0 0 0 0 0 0 0 0 0 0 0 0 0 0 0 0 0 0 0 0 0 0 0 0 0 0 0 0 0 0 0 0 0 0 0 0 0 0 0 0 0 0 0 0 0 0 0 0 0 0 0 0 0 0 0 0 0 0 0 0 0 0 0 0 0 0 0 0 0 0 0 0 0 0 0 0 0 0 0 0 0 0 0 0 0 0 0 0 0 0 0 0 0 0 0 0 0 0 0 0 0 0 0 0 0 0 0 0 0 0 0 0 0 0 0 0 0 0 0 0 0 0 0 0 0 0 0 0 0 0 0 0 0 0 0 0 0 0 0 0 0 0 0 0 0 0 0 0 0 0 0 0 0 0 0 0 0 0 0 0 0 0 0 0 0 0 0 0 0 0 0 0 0 0 0 0 0 0 0 0 0 0 0 0 0 0 0 0 0 0 0 0 0 0 0 0 0 0 0 0 0 0 0 0 0 0 0 0 0 0 0 0 0 0 0 0 0 0 0 0 0 0 0 0 0 0 0 0 0 0 0 0 0 0 0 0 0 0 0 0 0 0 0 0 0 0 0 0 0 0 0 0 0 0 0 0 0 0 0 0 0 0 0 0 0 0 0 0 0 0 0 0 0 0 0 0 0 0 0 0 0 0 0 0 0 0 0 0 0 0 0 0 0 0 0 0 0 0 0 0 0 0 0 0 0 0 0 0 0 0 0 0 0 0 0 0 0 0 0 0 0 0 0 0 0 0 0 0 0 0 0 0 0 0 0 0 0 0 0 0 0 0 0 0 0 0 0 0 0 0 0 0 0 0 0 0 0 0 0 0 0 0 0 0 0 0 0 0 0 0 0 0 0 0 0 0 0 0 0 0 0 0 0 0 0 0 0 0 0 0 0 0 0 0 0 0 0 0 0 0 0 0 0 0 0 0 0 0 0 0 0 0 0 0 0 0 0 0 0 0 0 0 0 0 0 0 0 0 0 0 0 0 0 0 0 0 0 0 0 0 0 0 0 0 0 0 0 0 0 0 0 0 0 0 0 0 0 0 0 0 0 0 0 0 0 0 0 0 0 0 0 0 0 0 0 0 0 0 0 0 0 0 0 0 0 0 0 0 0 0 0 0 0 0 0 0 0 0 0 0 0 0 0 0 0 0 0 0 0 0 0 0 0 0 0 0 0 0 0 0 0 0 0 0 0 0 0 0 0 0 0 0 0 0 0 0 0 0 0 0 0 0 0 0 0 0 0 0 0 0 0 0 0 0 0 0 0 0 0 0 0 0 0 0 0 0 0 0 0 0 0 0 0 0 0 0 0 0 0 0 0 0 0 0 0 0 0 0 0 0 0 0 0 0 0 0 0 0 0 0 0 0 0 0 0 0 0 0 0 0 0 0 0 0 0 0 0 0 0 0 0 0 0 0 0 0 0 0 0 0 0 0 0 0 0 0 0 0 0 0 0 0 0 0 0 0 0 0 0 0 0 0 0 0 0 0 0 0 0 0 0 0 0 0 0 0 0 0 0 0 0 0 0 0 0 0 0 0 0 0 0 0 0 0 0 0 0 0 0 0 0 0 0 0 0 0 0 0 0 0 0 0 0 0 0 0 0 0 0 0 0 0 0 0 0 0 0 0 0 0 0 0 0 0 0 0 0 0 0 0 0 0 0 0 0 0 0 0 0 0 0 0 0 0 0 0 0 0 0 0 0 0 0 0 0 0 0 0 0 0 0 0 0 0 0 0 0 0 0 0 0 0 0 0 0 0 0 0 0 0 0 0 0 0 0 0 0 0 0 0 0 0 0 0 0 0 0 0 0 0 0 0 0 0 0 0 0 0 0 0 0 0 0 0 0 0 0 0 0 0 0 0 0 0 0 0 0 0 0 0 0 0 0 0 0 0 0 0 0 0 0 0 0 0 0 0 0 0 0 0 0 0 0 0 0 0 0 0 0 0 0 0 0 0 0 0 0 0 0 0 0 0 0 0 0 0 0 0 0 0 0 0 0 0 0 0 0 0 0 0 0 0 0 0 0 0 0 0 0 0 0 0 0 0 0 0 0 0 0 0 0 0 0 0 0 0 0 0 0 0 0 0 0 0 0 0 0 0 0 0 0 0 0 0 0 0 0 0 0 0 0 0 0 0 0 0 0 0 0 0 0 0 0 0 0 0 0 0 0 0 0 0 0 0 0 0 0 0 0 0 0 0 0 0 0 0 0 0 0 0 0 0 0 0 0 0 0 0 0 0 0 0 0 0 0 0 0 0 0 0 0 0 0 0 0 0 0 0 0 0 0 0 0 0 0 0 0 0 0 0 0 0 0 0 0 0 0 0 0 0 0 0 0 0 0 0 0 0 0 0 0 0 0 0 0 0 0 0 0 0 0 0 0 0 0 0 0 0 0 0 0 0 0 0 0 0 0 0 0 0 0 0 0 0 0 0 0 0 0 0 0 0 0 0 0 0 0 0 0 0 0 0 0 0 0 0 0 0 0 0 0 0 0 0 0 0 0 0 0 0 0 0 0 0 0 0 0 0 0 0 0 0 0 0 0 0 0 0 0 0 0 0 0 0 0 0 0 0 0 0 0 0 0 0 0 0 0 0 0 0 0 0 0 0 0 0 0 0 0 0 0 0 0 0 0 0 0 0 0 0 0 0 0 0 0 0 0 0 0 0 0 0 0 0 0 0 0 0 0 0 0 0 0 0 0 0 0 0 0 0 0 0 0 0 0 0 0 0 0 0 0 0 0 0 0 0 0 0 0 0 0 0 0 0 0 0 0 0 0 0 0 0 0 0 0 0 0 0 0 0 0 0 0 0 0 0 0 0 0 0 0 0 0 0 0 0 0 0 0 0 0 0 0 0 0 0 0 0 0 0 0 0 0 0 0 0 0 0 0 0 0 0 0 0 0 0 0 0 0 0 0 0 0 0 0 0 0 0 0 0 0 0 0 0 0 0 0 0 0 0 0 0 0 0 0 0 0 0 0 0 0 0 0 0 0 0 0 0 0 0 0 0 0 0 0 0 0 0 0 0 0 0 0 0 0 0 0 0 0 0 0 0 0 0 0 0 0 0 0 0 0 0 0 0 0 0 0 0 0 0 0 0 0 0 0 0 0 0 0 0 0 0 0 0 0 0 0 0 0 0 0 0 0 0 0 0 0 0 0 0 0 0 0 0 0 0 0 0 0 0 0 0 0 0 0 0 0 0 0 0 0 0 0 0 0 0 0 0 0 0 0 0 0 0 0 0 0 0 0 0 0 0 0 0 0 0 0 0 0 0 0 0 0 0 0 0 0 0 0 0 0 0 0 0 0 0 0 0 0 0 0 0 0 0 0 0 0 0 0 0 0 0 0 0 0 0 0 0 0 0 0 0 0 0 0 0 0 0 0 0 0 0 0 0 0 0 0 0 0 0 0 0 0 0 0 0 0 0 0 0 0 0 0 0 0 0 0 0 0 0 0 0 0 0 0 0 0 0 0 0 0 0 0 0 0 0 0 0 0 0 0 0 0 0 0 0 0 0 0 0 0 0 0 0 0 0 0 0 0 0 0 0 0 0 0 0 0 0 0 0 0 0 0 0 0 0 0 0 0 0 0 0 0 0 0 0 0 0 0 0 0 0 0 0 0 0 0 0 0 0 0 0 0 0 0 0 0 0 0 0 0 0 0 0 0 0 0 0 0 0 0 0 0 0 0 0 0 0 0 0 0 0 0 0 0 0 0 0 0 0 0 0 0 0 0 0 0 0 0 0 0 0 0 0 0 0 0 0 0 0 0 0 0 0 0 0 0 0 0 0 0 0 0 0 0 0 0 0 0 0 0 0 0 0 0 0 0 0 0 0 0 0 0 0 0 0 0 0 0 0 0 0 0 0 0 0 0 0 0 0 0 0 0 0 0 0 0 0 0 0 0 0 0 0 0 0 0 0 0 0 0 0 0 0 0 0 0 0 0 0 0 0 0 0 0 0 0 0 0 0 0 0 0 0 0 0 0 0 0 0 0 0 0 0 0 0 0 0 0 0 0 0 0 0 0 0 0 0 0 0 0 0 0 0 0 0 0 0 0 0 0 0 0 0 0 0 0 0 0 0 0 0 0 0 0 0 0 0 0 0 0 0 0 0 0 0 0 0 0 0 0 0 0 0 0 0 0 0 0 0 0 0 0 0 0 0 0 0 0 0 0 0 0 0 0 0 0 0 0 0 0 0 0 0 0 0 0 0 0 0 0 0 0 0 0 0 0 0 0 0 0 0 0 0 0 0 0 0 0 0 0 0 0 0 0 0 0 0 0 0 0 0 0 0 0 0 0 0 0 0 0 0 0 0 0 0 0 0 0 0 0 0 0 0 0 0 0 0 0 0 0 0 0 0 0 0 0 0 0 0 0 0 0 0 0 0 0 0 0 0 0 0 0 0 0 0 0 0 0 0 0 0 0 0 0 0 0 0 0 0 0 0 0 0 0 0 0 0 0 0 0 0 0 0 0 0 0 0 0 0 0 0 0 0 0 0 0 0 0 0 0 0 0 0 0 0 0 0 0 0 0 0 0 0 0 0 0 0 0 0 0 0 0 0 0 0 0 0 0 0 0 0 0 0 0 0 0 0 0 0 0 0 0 0 0 0 0 0 0 0 0 0 0 0 0 0 0 0 0 0 0 0 0 0 0 0 0 0 0 0 0 0 0 0 0 0 0 0 0 0 0 0 0 0 0 0 0 0 0 0 0 0 0 0 0 0 0 0 0 0 0 0 0 0 0 0 0 0 0 0 0 0 0 0 0 0 0 0 0 0 0 0 0 0 0 0 0 0 0 0 0 0 0 0 0 0 0 0 0 0 0 0 0 0 0 0 0 0 0 0 0 0 0 0 0 0 0 0 0 0 0 0 0 0 0 0 0 0 0 0 0 0 0 0 0 0 0 0 0 0 0 0 0 0 0 0 0 0 0 0 0 0 0 0 0 0 0 0 0 0 0 0 0 0 0 0 0 0 0 0 0 0 0 0 0 0 0 0 0 0 0 0 0 0 0 0 0 0 0 0 0 0 0 0 0 0 0 0 0 0 0 0 0 0 0 0 0 0 0 0 0 0 0 0 0 0 0 0 0 0 0 0 0 0 0 0 0 0 0 0 0 0 0 0 0 0 0 0 0 0 0 0 0 0 0 0 0 0 0 0 0 0 0 0 0 0 0 0 0 0 0 0 0 0 0 0 0 0 0 0 0 0 0 0 0 0 0 0 0 0 0 0 0 0 0 0 0 0 0 0 0 0 0 0 0 0 0 0 0 0 0 0 0 0 0 0 0 0 0 0 0 0 0 0 0 0 0 0 0 0 0 0 0 0 0 0 0 0 0 0 0 0 0 0 0 0 0 0 0 0 0 0 0 0 0 0 0 0 0 0 0 0 0 0 0 0 0 0 0 0 0 0 0 0 0 0 0 0 0 0 0 0 0 0 0 0 0 0 0 0 0 0 0 0 0 0 0 0 0 0 0 0 0 0 0 0 0 0 0 0 0 0 0 0 0 0 0 0 0 0 0 0 0 0 0 0 0 0 0 0 0 0 0 0 0 0 0 0 0 0 0 0 0 0 0 0 0 0 0 0 0 0 0 0 0 0 0 0 0 0 0 0 0 0 0 0 0 0 0 0 0 0 0 0 0 0 0 0 0 0 0 0 0 0 0 0 0 0 0 0 0 0 0 0 0 0 0 0 0 0 0 0 0 0 0 0 0 0 0 0 0 0 0 0 0 0 0 0 0 0 0 0 0 0 0 0 0 0 0 0 0 0 0 0 0 0 0 0 0 0 0 0 0 0 0 0 0 0 0 0 0 0 0 0 0 0 0 0 0 0 0 0 0 0 0 0 0 0 0 0 0 0 0 0 0 0 0 0 0 0 0 0 0 0 0 0 0 0 0 0 0 0 0 0 0 0 0 0 0 0 0 0 0 0 0 0 0 0 0 0 0 0 0 0 0 0 0 0 0 0 0 0 0 0 0 0 0 0 0 0 0 0 0 0 0 0 0 0 0 0 0 0 0 0 0 0 0 0 0 0 0 0 0 0 0 0 0 0 0 0 0 0 0 0 0 0 0 0 0 0 0 0 0 0 0 0 0 0 0 0 0 0 0 0 0 0 0 0 0 0 0 0 0 0 0 0 0 0 0 0 0 0 0 0 0 0 0 0 0 0 0 0 0 0 0 0 0 0 0 0 0 0 0 0 0 0 0 0 0 0 0 0 0 0 0 0 0 0 0 0 0 0 0 0 0 0 0 0 0 0 0 0 0 0 0 0 0 0 0 0 0 0 0 0 0 0 0 0 0 0 0 0 0 0 0 0 0 0 0 0 0 0 0 0 0 0 0 0 0 0 0 0 0 0 0 0 0 0 0 0 0 0 0 0 0 0 0 0 0 0 0 0 0 0 0 0 0 0 0 0 0 0 0 0 0 0 0 0 0 0 0 0 0 0 0 0 0 0 0 0 0 0 0 0 0 0 0 0 0 0 0 0 0 0 0 0 0 0 0 0 0 0 0 0 0 0 0 0 0 0 0 0 0 0 0 0 0 0 0 0 0 0 0 0 0 0 0 0 0 0 0 0 0 0 0 0 0 0 0 0 0 0 0 0 0 0 0 0 0 0 0 0 0 0 0 0 0 0 0 0 0 0 0 0 0 0 0 0 0 0 0 0 0 0 0 0 0 0 0 0 0 0 0 0 0 0 0 0 0 0 0 0 0 0 0 0 0 0 0 0 0 0 0 0 0 0 0 0 0 0 0 0 0 0 0 0 0 0 0 0 0 0 0 0 0 0 0 0 0 0 0 0 0 0 0 0 0 0 0 0 0 0 0 0 0 0 0 0 0 0 0 0 0 0 0 0 0 0 0 0 0 0 0 0 0 0 0 0 0 0 0 0 0 0 0 0 0 0 0 0 0 0 0 0 0 0 0 0 0 0 0 0 0 0 0 0 0 0 0 0 0 0 0 0 0 0 0 0 0 0 0 0 0 0 0 0 0 0 0 0 0 0 0 0 0 0 0 0 0 0 0 0 0 0 0 0 0 0 0 0 0 0 0 0 0 0 0 0 0 0 0 0 0 0 0 0 0 0 0 0 0 0 0 0 0 0 0 0 0 0 0 0 0 0 0 0 0 0 0 0 0 0 0 0 0 0 0 0 0 0 0 0 0 0 0 0 0 0 0 0 0 0 0 0 0 0 0 0 0 0 0 0 0 0 0 0 0 0 0 0 0 0 0 0 0 0 0 0 0 0 0 0 0 0 0 0 0 0 0 0 0 0 0 0 0 0 0 0 0 0 0 0 0 0 0 0 0 0 0 0 0 0 0 0 0 0 0 0 0 0 0 0 0 0 0 0 0 0 0 0 0 0 0 0 0 0 0 0 0 0 0 0 0 0 0 0 0 0 0 0 0 0 0 0 0 0 0 0 0 0 0 0 0 0 0 0 0 0 0 0 0 0 0 0 0 0 0 0 0 0 0 0 0 0 0 0 0 0 0 0 0 0 0 0 0 0 0 0 0 0 0 0 0 0 0 0 0 0 0 0 0 0 0 0 0 0 0 0 0 0 0 0 0 0 0 0 0 0 0 0 0 0 0 0 0 0 0 0 0 0 0 0 0 0 0 0 0 0 0 0 0 0 0 0 0 0 0 0 0 0 0 0 0 0 0 0 0 0 0 0 0 0 0 0 0 0 0 0 0 0 0 0 0 0 0 0 0 0 0 0 0 0 0 0 0 0 0 0 0 0 0 0 0 0 0 0 0 0 0 0 0 0 0 0 0 0 0 0 0 0 0 0 0 0 0 0 0 0 0 0 0 0 0 0 0 0 0 0 0 0 0 0 0 0 0 0 0 0 0 0 0 0 0 0 0 0 0 0 0 0 0 0 0 0 0 0 0 0 0 0 0 0 0 0 0 0 0 0 0 0 0 0 0 0 0 0 0 0 0 0 0 0 0 0 0 0 0 0 0 0 0 0 0 0 0 0 0 0 0 0 0 0 0 0 0 0 0 0 0 0 0 0 0 0 0 0 0 0 0 0 0 0 0 0 0 0 0 0 0 0 0 0 0 0 0 0 0 0 0 0 0 0 0 0 0 0 0 0 0 0 0 0 0 0 0 0 0 0 0 0 0 0 0 0 0 0 0 0 0 0 0 0 0 0 0 0 0 0 0 0 0 0 0 0 0 0 0 0 0 0 0 0 0 0 0 0 0 0 0 0 0 0 0 0 0 0 0 0 0 0 0 0 0 0 0 0 0 0 0 0 0 0 0 0 0 0 0 0 0 0 0 0 0 0 0 0 0 0 0 0 0 0 0 0 0 0 0 0 0 0 0 0 0 0 0 0 0 0 0 0 0 0 0 0 0 0 0 0 0 0 0 0 0 0 0 0 0 0 0 0 0 0 0 0 0 0 0 0 0 0 0 0 0 0 0 0 0 0 0 0 0 0 0 0 0 0 0 0 0 0 0 0 0 0 0 0 0 0 0 0 0 0 0 0 0 0 0 0 0 0 0 0 0 0 0 0 0 0 0 0 0 0 0 0 0 0 0 0 0 0 0 0 0 0 0 0 0 0 0 0 0 0 0 0 0 0 0 0 0 0 0 0 0 0 0 0 0 0 0 0 0 0 0 0 0 0 0 0 0 0 0 0 0 0 0 0 0 0 0 0 0 0 0 0 0 0 0 0 0 0 0 0 0 0 0 0 0 0 0 0 0 0 0 0 0 0 0 0 0 0 0 0 0 0 0 0 0 0 0 0 0 0 0 0 0 0 0 0 0 0 0 0 0 0 0 0 0 0 0 0 0 0 0 0 0 0 0 0 0 0 0 0 0 0 0 0 0 0 0 0 0 0 0 0 0 0 0 0 0 0 0 0 0 0 0 0 0 0 0 0 0 0 0 0 0 0 0 0 0 0 0 0 0 0 0 0 0 0 0 0 0 0 0 0 0 0 0 0 0 0 0 0 0 0 0 0 0 0 0 0 0 0 0 0 0 0 0 0 0 0 0 0 0 0 0 0 0 0 0 0 0 0 0 0 0 0 0 0 0 0 0 0 0 0 0 0 0 0 0 0 0 0 0 0 0 0 0 0 0 0 0 0 0 0 0 0 0 0 0 0 0 0 0 0 0 0 0 0 0 0 0 0 0 0 0 0 0 0 0 0 0 0 0 0 0 0 0 0 0 0 0 0 0 0 0 0 0 0 0 0 0 0 0 0 0 0 0 0 0 0 0 0 0 0 0 0 0 0 0 0 0 0 0 0 0 0 0 0 0 0 0 0 0 0 0 0 0 0 0 0 0 0 0 0 0 0 0 0 0 0 0 0 0 0 0 0 0 0 0 0 0 0 0 0 0 0 0 0 0 0 0 0 0 0 0 0 0 0 0 0 0 0 0 0 0 0 0 0 0 0 0 0 0 0 0 0 0 0 0 0 0 0 0 0 0 0 0 0 0 0 0 0 0 0 0 0 0 0 0 0 0 0 0 0 0 0 0 0 0 0 0 0 0 0 0 0 0 0 0 0 0 0 0 0 0 0 0 0 0 0 0 0 0 0 0 0 0 0 0 0 0 0 0 0 0 0 0 0 0 0 0 0 0 0 0 0 0 0 0 0 0 0 0 0 0 0 0 0 0 0 0 0 0 0 0 0 0 0 0 0 0 0 0 0 0 0 0 0 0 0 0 0 0 0 0 0 0 0 0 0 0 0 0 0 0 0 0 0 0 0 0 0 0 0 0 0 0 0 0 0 0 0 0 0 0 0 0 0 0 0 0 0 0 0 0 0 0 0 0 0 0 0 0 0 0 0 0 0 0 0 0 0 0 0 0 0 0 0 0 0 0 0 0 0 0 0 0 0 0 0 0 0 0 0 0 0 0 0 0 0 0 0 0 0 0 0 0 0 0 0 0 0 0 0 0 0 0 0 0 0 0 0 0 0 0 0 0 0 0 0 0 0 0 0 0 0 0 0 0 0 0 0 0 0 0 0 0 0 0 0 0 0 0 0 0 0 0 0 0 0 0 0 0 0 0 0 0 0 0 0 0 0 0 0 0 0 0 0 0 0 0 0 0 0 0 0 0 0 0 0 0 0 0 0 0 0 0 0 0 0 0 0 0 0 0 0 0 0 0 0 0 0 0 0 0 0 0 0 0 0 0 0 0 0 0 0 0 0 0 0 0 0 0 0 0 0 0 0 0 0 0 0 0 0 0 0 0 0 0 0 0 0 0 0 0 0 0 0 0 0 0 0 0 0 0 0 0 0 0 0 0 0 0 0 0 0 0 0 0 0 0 0 0 0 0 0 0 0 0 0 0 0 0 0 0 0 0 0 0 0 0 0 0 0 0 0 0 0 0 0 0 0 0 0 0 0 0 0 0 0 0 0 0 0 0 0 0 0 0 0 0 0 0 0 0 0 0 0 0 0 0 0 0 0 0 0 0 0 0 0 0 0 0 0 0 0 0 0 0 0 0 0 0 0 0 0 0 0 0 0 0 0 0 0 0 0 0 0 0 0 0 0 0 0 0 0 0 0 0 0 0 0 0 0 0 0 0 0 0 0 0 0 0 0 0 0 0 0 0 0 0 0 0 0 0 0 0 0 0 0 0 0 0 0 0 0 0 0 0 0 0 0 0 0 0 0 0 0 0 0 0 0 0 0 0 0 0 0 0 0 0 0 0 0 0 0 0 0 0 0 0 0 0 0 0 0 0 0 0 0 0 0 0 0 0 0 0 0 0 0 0 0 0 0 0 0 0 0 0 0 0 0 0 0 0 0 0 0 0 0 0 0 0 0 0 0 0 0 0 0 0 0 0 0 0 0 0 0 0 0 0 0 0 0 0 0 0 0 0 0 0 0 0 0 0 0 0 0 0 0 0 0 0 0 0 0 0 0 0 0 0 0 0 0 0 0 0 0 0 0 0 0 0 0 0 0 0 0 0 0 0 0 0 0 0 0 0 0 0 0 0 0 0 0 0 0 0 0 0 0 0 0 0 0 0 0 0 0 0 0 0 0 0 0 0 0 0 0 0 0 0 0 0 0 0 0 0 0 0 0 0 0 0 0 0 0 0 0 0 0 0 0 0 0 0 0 0 0 0 0 0 0 0 0 0 0 0 0 0 0 0 0 0 0 0 0 0 0 0 0 0 0 0 0 0 0 0 0 0 0 0 0 0 0 0 0 0 0 0 0 0 0 0 0 0 0 0 0 0 0 0 0 0 0 0 0 0 0 0 0 0 0 0 0 0 0 0 0 0 0 0 0 0 0 0 0 0 0 0 0 0 0 0 0 0 0 0 0 0 0 0 0 0 0 0 0 0 0 0 0 0 0 0 0 0 0 0 0 0 0 0 0 0 0 0 0 0 0 0 0 0 0 0 0 0 0 0 0 0 0 0 0 0 0 0 0 0 0 0 0 0 0 0 0 0 0 0 0 0 0 0 0 0 0 0 0 0 0 0 0 0 0 0 0 0 0 0 0 0 0 0 0 0 0 0 0 0 0 0 0 0 0 0 0 0 0 0 0 0 0 0 0 0 0 0 0 0 0 0 0 0 0 0 0 0 0 0 0 0 0 0 0 0 0 0 0 0 0 0 0 0 0 0 0 0 0 0 0 0 0 0 0 0 0 0 0 0 0 0 0 0 0 0 0 0 0 0 0 0 0 0 0 0 0 0 0 0 0 0 0 0 0 0 0 0 0 0 0 0 0 0 0 0 0 0 0 0 0 0 0 0 0 0 0 0 0 0 0 0 0 0 0 0 0 0 0 0 0 0 0 0 0 0 0 0 0 0 0 0 0 0 0 0 0 0 0 0 0 0 0 0 0 0 0 0 0 0 0 0 0 0 0 0 0 0 0 0 0 0 0 0 0 0 0 0 0 0 0 0 0 0 0 0 0 0 0 0 0 0 0 0 0 0 0 0 0 0 0 0 0 0 0 0 0 0 0 0 0 0 0 0 0 0 0 0 0 0 0 0 0 0 0 0 0 0 0 0 0 0 0 0 0 0 0 0 0 0 0 0 0 0 0 0 0 0 0 0 0 0 0 0 0 0 0 0 0 0 0 0 0 0 0 0 0 0 0 0 0 0 0 0 0 0 0 0 0 0 0 0 0 0 0 0 0 0 0 0 0 0 0 0 0 0 0 0 0 0 0 0 0 0 0 0 0 0 0 0 0 0 0 0 0 0 0 0 0 0 0 0 0 0 0 0 0 0 0 0 0 0 0 0 0 0 0 0 0 0 0 0 0 0 0 0 0 0 0 0 0 0 0 0 0 0 0 0 0 0 0 0 0 0 0 0 0 0 0 0 0 0 0 0 0 0 0 0 0 0 0 0 0 0 0 0 0 0 0 0 0 0 0 0 0 0 0 0 0 0 0 0 0 0 0 0 0 0 0 0 0 0 0 0 0 0 0 0 0 0 0 0 0 0 0 0 0 0 0 0 0 0 0 0 0 0 0 0 0 0 0 0 0 0 0 0 0 0 0 0 0 0 0 0 0 0 0 0 0 0 0 0 0 0 0 0 0 0 0 0 0 0 0 0 0 0 0 0 0 0 0 0 0 0 0 0 0 0 0 0 0 0 0 0 0 0 0 0 0 0 0 0 0 0 0 0 0 0 0 0 0 0 0 0 0 0 0 0 0 0 0 0 0 0 0 0 0 0 0 0 0 0 0 0 0 0 0 0 0 0 0 0 0 0 0 0 0 0 0 0 0 0 0 0 0 0 0 0 0 0 0 0 0 0 0 0 0 0 0 0 0 0 0 0 0 0 0 0 0 0 0 0 0 0 0 0 0 0 0 0 0 0 0 0 0 0 0 0 0 0 0 0 0 0 0 0 0 0 0 0 0 0 0 0 0 0 0 0 0 0 0 0 0 0 0 0 0 0 0 0 0 0 0 0 0 0 0 0 0 0 0 0 0 0 0 0 0 0 0 0 0 0 0 0 0 0 0 0 0 0 0 0 0 0 0 0 0 0 0 0 0 0 0 0 0 0 0 0 0 0 0 0 0 0 0 0 0 0 0 0 0 0 0 0 0 0 0 0 0 0 0 0 0 0 0 0 0 0 0 0 0 0 0 0 0 0 0 0 0 0 0 0 0 0 0 0 0 0 0 0 0 0 0 0 0 0 0 0 0 0 0 0 0 0 0 0 0 0 0 0 0 0 0 0 0 0 0 0 0 0 0 0 0 0 0 0 0 0 0 0 0 0 0 0 0 0 0 0 0 0 0 0 0 0 0 0 0 0 0 0 0 0 0 0 0 0 0 0 0 0 0 0 0 0 0 0 0 0 0 0 0 0 0 0 0 0 0 0 0 0 0 0 0 0 0 0 0 0 0 0 0 0 0 0 0 0 0 0 0 0 0 0 0 0 0 0 0 0 0 0 0 0 0 0 0 0 0 0 0 0 0 0 0 0 0 0 0 0 0 0 0 0 0 0 0 0 0 0 0 0 0 0 0 0 0 0 0 0 0 0 0 0 0 0 0 0 0 0 0 0 0 0 0 0 0 0 0 0 0 0 0 0 0 0 0 0 0 0 0 0 0 0 0 0 0 0 0 0 0 0 0 0 0 0 0 0 0 0 0 0 0 0 0 0 0 0 0 0 0 0 0 0 0 0 0 0 0 0 0 0 0 0 0 0 0 0 0 0 0 0 0 0 0 0 0 0 0 0 0 0 0 0 0 0 0 0 0 0 0 0 0 0 0 0 0 0 0 0 0 0 0 0 0 0 0 0 0 0 0 0 0 0 0 0 0 0 0 0 0 0 0 0 0 0 0 0 0 0 0 0 0 0 0 0 0 0 0 0 0 0 0 0 0 0 0 0 0 0 0 0 0 0 0 0 0 0 0 0 0 0 0 0 0 0 0 0 0 0 0 0 0 0 0 0 0 0 0 0 0 0 0 0 0 0 0 0 0 0 0 0 0 0 0 0 0 0 0 0 0 0 0 0 0 0 0 0 0 0 0 0 0 0 0 0 0 0 0 0 0 0 0 0 0 0 0 0 0 0 0 0 0 0 0 0 0 0 0 0 0 0 0 0 0 0 0 0 0 0 0 0 0 0 0 0 0 0 0 0 0 0 0 0 0 0 0 0 0 0 0 0 0 0 0 0 0 0 0 0 0 0 0 0 0 0 0 0 0 0 0 0 0 0 0 0 0 0 0 0 0 0 0 0 0 0 0 0 0 0 0 0 0 0 0 0 0 0 0 0 0 0 0 0 0 0 0 0 0 0 0 0 0 0 0 0 0 0 0 0 0 0 0 0 0 0 0 0 0 0 0 0 0 0 0 0 0 0 0 0 0 0 0 0 0 0 0 0 0 0 0 0 0 0 0 0 0 0 0 0 0 0 0 0 0 0 0 0 0 0 0 0 0 0 0 0 0 0 0 0 0 0 0 0 0 0 0 0 0 0 0 0 0 0 0 0 0 0 0 0 0 0 0 0 0 0 0 0 0 0 0 0 0 0 0 0 0 0 0 0 0 0 0 0 0 0 0 0 0 0 0 0 0 0 0 0 0 0 0 0 0 0 0 0 0 0 0 0 0 0 0 0 0 0 0 0 0 0 0 0 0 0 0 0 0 0 0 0 0 0 0 0 0 0 0 0 0 0 0 0 0 0 0 0 0 0 0 0 0 0 0 0 0 0 0 0 0 0 0 0 0 0 0 0 0 0 0 0 0 0 0 0 0 0 0 0 0 0 0 0 0 0 0 0 0 0 0 0 0 0 0 0 0 0 0 0 0 0 0 0 0 0 0 0 0 0 0 0 0 0 0 0 0 0 0 0 0 0 0 0 0 0 0 0 0 0 0 0 0 0 0 0 0 0 0 0 0 0 0 0 0 0 0 0 0 0 0 0 0 0 0 0 0 0 0 0 0 0 0 0 0 0 0 0 0 0 0 0 0 0 0 0 0 0 0 0 0 0 0 0 0 0 0 0 0 0 0 0 0 0 0 0 0 0 0 0 0 0 0 0 0 0 0 0 0 0 0 0 0 0 0 0 0 0 0 0 0 0 0 0 0 0 0 0 0 0 0 0 0 0 0 0 0 0 0 0 0 0 0 0 0 0 0 0 0 0 0 0 0 0 0 0 0 0 0 0 0 0 0 0 0 0 0 0 0 0 0 0 0 0 0 0 0 0 0 0 0 0 0 0 0 0 0 0 0 0 0 0 0 0 0 0 0 0 0 0 0 0 0 0 0 0 0 0 0 0 0 0 0 0 0 0 0 0 0 0 0 0 0 0 0 0 0 0 0 0 0 0 0 0 0 0 0 0 0 0 0 0 0 0 0 0 0 0 0 0 0 0 0 0 0 0 0 0 0 0 0 0 0 0 0 0 0 0 0 0 0 0 0 0 0 0 0 0 0 0 0 0 0 0 0 0 0 0 0 0 0 0 0 0 0 0 0 0 0 0 0 0 0 0 0 0 0 0 0 0 0 0 0 0 0 0 0 0 0 0 0 0 0 0 0 0 0 0 0 0 0 0 0 0 0 0 0 0 0 0 0 0 0 0 0 0 0 0 0 0 0 0 0 0 0 0 0 0 0 0 0 0 0 0 0 0 0 0 0 0 0 0 0 0 0 0 0 0 0 0 0 0 0 0 0 0 0 0 0 0 0 0 0 0 0 0 0 0 0 0 0 0 0 0 0 0 0 0 0 0 0 0 0 0 0 0 0 0 0 0 0 0 0 0 0 0 0 0 0 0 0 0 0 0 0 0 0 0 0 0 0 0 0 0 0 0 0 0 0 0 0 0 0 0 0 0 0 0 0 0 0 0 0 0 0 0 0 0 0 0 0 0 0 0 0 0 0 0 0 0 0 0 0 0 0 0 0 0 0 0 0 0 0 0 0 0 0 0 0 0 0 0 0 0 0 0 0 0 0 0 0 0 0 0 0 0 0 0 0 0 0 0 0 0 0 0 0 0 0 0 0 0 0 0 0 0 0 0 0 0 0 0 0 0 0 0 0 0 0 0 0 0 0 0 0 0 0 0 0 0 0 0 0 0 0 0 0 0 0 0 0 0 0 0 0 0 0 0 0 0 0 0 0 0 0 0 0 0 0 0 0 0 0 0 0 0 0 0 0 0 0 0 0 0 0 0 0 0 0 0 0 0 0 0 0 0 0 0 0 0 0 0 0 0 0 0 0 0 0 0 0 0 0 0 0 0 0 0 0 0 0 0 0 0 0 0 0 0 0 0 0 0 0 0 0 0 0 0 0 0 0 0 0 0 0 0 0 0 0 0 0 0 0 0 0 0 0 0 0 0 0 0 0 0 0 0 0 0 0 0 0 0 0 0 0 0 0 0 0 0 0 0 0 0 0 0 0 0 0 0 0 0 0 0 0 0 0 0 0 0 0 0 0 0 0 0 0 0 0 0 0 0 0 0 0 0 0 0 0 0 0 0 0 0 0 0 0 0 0 0 0 0 0 0 0 0 0 0 0 0 0 0 0 0 0 0 0 0 0 0 0 0 0 0 0 0 0 0 0 0 0 0 0 0 0 0 0 0 0 0 0 0 0 0 0 0 0 0 0 0 0 0 0 0 0 0 0 0 0 0 0 0 0 0 0 0 0 0 0 0 0 0 0 0 0 0 0 0 0 0 0 0 0 0 0 0 0 0 0 0 0 0 0 0 0 0 0 0 0 0 0 0 0 0 0 0 0 0 0 0 0 0 0 0 0 0 0 0 0 0 0 0 0 0 0 0 0 0 0 0 0 0 0 0 0 0 0 0 0 0 0 0 0 0 0 0 0 0 0 0 0 0 0 0 0 0 0 0 0 0 0 0 0 0 0 0 0 0 0 0 0 0 0 0 0 0 0 0 0 0 0 0 0 0 0 0 0 0 0 0 0 0 0 0 0 0 0 0 0 0 0 0 0 0 0 0 0 0 0 0 0 0 0 0 0 0 0 0 0 0 0 0 0 0 0 0 0 0 0 0 0 0 0 0 0 0 0 0 0 0 0 0 0 0 0 0 0 0 0 0 0 0 0 0 0 0 0 0 0 0 0 0 0 0 0 0 0 0 0 0 0 0 0 0 0 0 0 0 0 0 0 0 0 0 0 0 0 0 0 0 0 0 0 0 0 0 0 0 0 0 0 0 0 0 0 0 0 0 0 0 0 0 0 0 0 0 0 0 0 0 0 0 0 0 0 0 0 0 0 0 0 0 0 0 0 0 0 0 0 0 0 0 0 0 0 0 0 0 0 0 0 0 0 0 0 0 0 0 0 0 0 0 0 0 0 0 0 0 0 0 0 0 0 0 0 0 0 0 0 0 0 0 0 0 0 0 0 0 0 0 0 0 0 0 0 0 0 0 0 0 0 0 0 0 0 0 0 0 0 0 0 0 0 0 0 0 0 0 0 0 0 0 0 0 0 0 0 0 0 0 0 0 0 0 0 0 0 0 0 0 0 0 0 0 0 0 0 0 0 0 0 0 0 0 0 0 0 0 0 0 0 0 0 0 0 0 0 0 0 0 0 0 0 0 0 0 0 0 0 0 0 0 0 0 0 0 0 0 0 0 0 0 0 0 0 0 0 0 0 0 0 0 0 0 0 0 0 0 0 0 0 0 0 0 0 0 0 0 0 0 0 0 0 0 0 0 0 0 0 0 0 0 0 0 0 0 0 0 0 0 0 0 0 0 0 0 0 0 0 0 0 0 0 0 0 0 0 0 0 0 0 0 0 0 0 0 0 0 0 0 0 0 0 0 0 0 0 0 0 0 0 0 0 0 0 0 0 0 0 0 0 0 0 0 0 0 0 0 0 0 0 0 0 0 0 0 0 0 0 0 0 0 0 0 0 0 0 0 0 0 0 0 0 0 0 0 0 0 0 0 0 0 0 0 0 0 0 0 0 0 0 0 0 0 0 0 0 0 0 0 0 0 0 0 0 0 0 0 0 0 0 0 0 0 0 0 0 0 0 0 0 0 0 0 0 0 0 0 0 0 0 0 0 0 0 0 0 0 0 0 0 0 0 0 0 0 0 0 0 0 0 0 0 0 0 0 0 0 0 0 0 0 0 0 0 0 0 0 0 0 0 0 0 0 0 0 0 0 0 0 0 0 0 0 0 0 0 0 0 0 0 0 0 0 0 0 0 0 0 0 0 0 0 0 0 0 0 0 0 0 0 0 0 0 0 0 0 0 0 0 0 0 0 0 0 0 0 0 0 0 0 0 0 0 0 0 0 0 0 0 0 0 0 0 0 0 0 0 0 0 0 0 0 0 0 0 0 0 0 0 0 0 0 0 0 0 0 0 0 0 0 0 0 0 0 0 0 0 0 0 0 0 0 0 0 0 0 0 0 0 0 0 0 0 0 0 0 0 0 0 0 0 0 0 0 0 0 0 0 0 0 0 0 0 0 0 0 0 0 0 0 0 0 0 0 0 0 0 0 0 0 0 0 0 0 0 0 0 0 0 0 0 0 0 0 0 0 0 0 0 0 0 0 0 0 0 0 0 0 0 0 0 0 0 0 0 0 0 0 0 0 0 0 0 0 0 0 0 0 0 0 0 0 0 0 0 0 0 0 0 0 0 0 0 0 0 0 0 0 0 0 0 0 0 0 0 0 0 0 0 0 0 0 0 0 0 0 0 0 0 0 0 0 0 0 0 0 0 0 0 0 0 0 0 0 0 0 0 0 0 0 0 0 0 0 0 0 0 0 0 0 0 0 0 0 0 0 0 0 0 0 0 0 0 0 0 0 0 0 0 0 0 0 0 0 0 0 0 0 0 0 0 0 0 0 0 0 0 0 0 0 0 0 0 0 0 0 0 0 0 0 0 0 0 0 0 0 0 0 0 0 0 0 0 0 0 0 0 0 0 0 0 0 0 0 0 0 0 0 0 0 0 0 0 0 0 0 0 0 0 0 0 0 0 0 0 0 0 0 0 0 0 0 0 0 0 0 0 0 0 0 0 0 0 0 0 0 0 0 0 0 0 0 0 0 0 0 0 0 0 0 0 0 0 0 0 0 0 0 0 0 0 0 0 0 0 0 0 0 0 0 0 0 0 0 0 0 0 0 0 0 0 0 0 0 0 0 0 0 0 0 0 0 0 0 0 0 0 0 0 0 0 0 0 0 0 0 0 0 0 0 0 0 0 0 0 0 0 0 0 0 0 0 0 0 0 0 0 0 0 0 0 0 0 0 0 0 0 0 0 0 0 0 0 0 0 0 0 0 0 0 0 0 0 0 0 0 0 0 0 0 0 0 0 0 0 0 0 0 0 0 0 0 0 0 0 0 0 0 0 0 0 0 0 0 0 0 0 0 0 0 0 0 0 0 0 0 0 0 0 0 0 0 0 0 0 0 0 0 0 0 0 0 0 0 0 0 0 0 0 0 0 0 0 0 0 0 0 0 0 0 0 0 0 0 0 0 0 0 0 0 0 0 0 0 0 0 0 0 0 0 0 0 0 0 0 0 0 0 0 0 0 0 0 0 0 0 0 0 0 0 0 0 0 0 0 0 0 0 0 0 0 0 0 0 0 0 0 0 0 0 0 0 0 0 0 0 0 0 0 0 0 0 0 0 0 0 0 0 0 0 0 0 0 0 0 0 0 0 0 0 0 0 0 0 0 0 0 0 0 0 0 0 0 0 0 0 0 0 0 0 0 0 0 0 0 0 0 0 0 0 0 0 0 0 0 0 0 0 0 0 0 0 0 0 0 0 0 0 0 0 0 0 0 0 0 0 0 0 0 0 0 0 0 0 0 0 0 0 0 0 0 0 0 0 0 0 0 0 0 0 0 0 0 0 0 0 0 0 0 0 0 0 0 0 0 0 0 0 0 0 0 0 0 0 0 0 0 0 0 0 0 0 0 0 0 0 0 0 0 0 0 0 0 0 0 0 0 0 0 0 0 0 0 0 0 0 0 0 0 0 0 0 0 0 0 0 0 0 0 0 0 0 0 0 0 0 0 0 0 0 0 0 0 0 0 0 0 0 0 0 0 0 0 0 0 0 0 0 0 0 0 0 0 0 0 0 0 0 0 0 0 0 0 0 0 0 0 0 0 0 0 0 0 0 0 0 0 0 0 0 0 0 0 0 0 0 0 0 0 0 0 0 0 0 0 0 0 0 0 0 0 0 0 0 0 0 0 0 0 0 0 0 0 0 0 0 0 0 0 0 0 0 0 0 0 0 0 0 0 0 0 0 0 0 0 0 0 0 0 0 0 0 0 0 0 0 0 0 0 0 0 0 0 0 0 0 0 0 0 0 0 0 0 0 0 0 0 0 0 0 0 0 0 0 0 0 0 0 0 0 0 0 0 0 0 0 0 0 0 0 0 0 0 0 0 0 0 0 0 0 0 0 0 0 0 0 0 0 0 0 0 0 0 0 0 0 0 0 0 0 0 0 0 0 0 0 0 0 0 0 0 0 0 0 0 0 0 0 0 0 0 0 0 0 0 0 0 0 0 0 0 0 0 0 0 0 0 0 0 0 0 0 0 0 0 0 0 0 0 0 0 0 0 0 0 0 0 0 0 0 0 0 0 0 0 0 0 0 0 0 0 0 0 0 0 0 0 0 0 0 0 0 0 0 0 0 0 0 0 0 0 0 0 0 0 0 0 0 0 0 0 0 0 0 0 0 0 0 0 0 0 0 0 0 0 0 0 0 0 0 0 0 0 0 0 0 0 0 0 0 0 0 0 0 0 0 0 0 0 0 0 0 0 0 0 0 0 0 0 0 0 0 0 0 0 0 0 0 0 0 0 0 0 0 0 0 0 0 0 0 0 0 0 0 0 0 0 0 0 0 0 0 0 0 0 0 0 0 0 0 0 0 0 0 0 0 0 0 0 0 0 0 0 0 0 0 0 0 0 0 0 0 0 0 0 0 0 0 0 0 0 0 0 0 0 0 0 0 0 0 0 0 0 0 0 0 0 0 0 0 0 0 0 0 0 0 0 0 0 0 0 0 0 0 0 0 0 0 0 0 0 0 0 0 0 0 0 0 0 0 0 0 0 0 0 0 0 0 0 0 0 0 0 0 0 0 0 0 0 0 0 0 0 0 0 0 0 0 0 0 0 0 0 0 0 0 0 0 0 0 0 0 0 0 0 0 0 0 0 0 0 0 0 0 0 0 0 0 0 0 0 0 0 0 0 0 0 0 0 0 0 0 0 0 0 0 0 0 0 0 0 0 0 0 0 0 0 0 0 0 0 0 0 0 0 0 0 0 0 0 0 0 0 0 0 0 0 0 0 0 0 0 0 0 0 0 0 0 0 0 0 0 0 0 0 0 0 0 0 0 0 0 0 0 0 0 0 0 0 0 0 0 0 0 0 0 0 0 0 0 0 0 0 0 0 0 0 0 0 0 0 0 0 0 0 0 0 0 0 0 0 0 0 0 0 0 0 0 0 0 0 0 0 0 0 0 0 0 0 0 0 0 0 0 0 0 0 0 0 0 0 0 0 0 0 0 0 0 0 0 0 0 0 0 0 0 0 0 0 0 0 0 0 0 0 0 0 0 0 0 0 0 0 0 0 0 0 0 0 0 0 0 0 0 0 0 0 0 0 0 0 0 0 0 0 0 0 0 0 0 0 0 0 0 0 0 0 0 0 0 0 0 0 0 0 0 0 0 0 0 0 0 0 0 0 0 0 0 0 0 0 0 0 0 0 0 0 0 0 0 0 0 0 0 0 0 0 0 0 0 0 0 0 0 0 0 0 0 0 0 0 0 0 0 0 0 0 0 0 0 0 0 0 0 0 0 0 0 0 0 0 0 0 0 0 0 0 0 0 0 0 0 0 0 0 0 0 0 0 0 0 0 0 0 0 0 0 0 0 0 0 0 0 0 0 0 0 0 0 0 0 0 0 0 0 0 0 0 0 0 0 0 0 0 0 0 0 0 0 0 0 0 0 0 0 0 0 0 0 0 0 0 0 0 0 0 0 0 0 0 0 0 0 0 0 0 0 0 0 0 0 0 0 0 0 0 0 0 0 0 0 0 0 0 0 0 0 0 0 0 0 0 0 0 0 0 0 0 0 0 0 0 0 0 0 0 0 0 0 0 0 0 0 0 0 0 0 0 0 0 0 0 0 0 0 0 0 0 0 0 0 0 0 0 0 0 0 0 0 0 0 0 0 0 0 0 0 0 0 0 0 0 0 0 0 0 0 0 0 0 0 0 0 0 0 0 0 0 0 0 0 0 0 0 0 0 0 0 0 0 0 0 0 0 0 0 0 0 0 0 0 0 0 0 0 0 0 0 0 0 0 0 0 0 0 0 0 0 0 0 0 0 0 0 0 0 0 0 0 0 0 0 0 0 0 0 0 0 0 0 0 0 0 0 0 0 0 0 0 0 0 0 0 0 0 0 0 0 0 0 0 0 0 0 0 0 0 0 0 0 0 0 0 0 0 0 0 0 0 0 0 0 0 0 0 0 0 0 0 0 0 0 0 0 0 0 0 0 0 0 0 0 0 0 0 0 0 0 0 0 0 0 0 0 0 0 0 0 0 0 0 0 0 0 0 0 0 0 0 0 0 0 0 0 0 0 0 0 0 0 0 0 0 0 0 0 0 0 0 0 0 0 0 0 0 0 0 0 0 0 0 0 0 0 0 0 0 0 0 0 0 0 0 0 0 0 0 0 0 0 0 0 0 0 0 0 0 0 0 0 0 0 0 0 0 0 0 0 0 0 0 0 0 0 0 0 0 0 0 0 0 0 0 0 0 0 0 0 0 0 0 0 0 0 0 0 0 0 0 0 0 0 0 0 0 0 0 0 0 0 0 0 0 0 0 0 0 0 0 0 0 0 0 0 0 0 0 0 0 0 0 0 0 0 0 0 0 0 0 0 0 0 0 0 0 0 0 0 0 0 0 0 0 0 0 0 0 0 0 0 0 0 0 0 0 0 0 0 0 0 0 0 0 0 0 0 0 0 0 0 0 0 0 0 0 0 0 0 0 0 0 0 0 0 0 0 0 0 0 0 0 0 0 0 0 0 0 0 0 0 0 0 0 0 0 0 0 0 0 0 0 0 0 0 0 0 0 0 0 0 0 0 0 0 0 0 0 0 0 0 0 0 0 0 0 0 0 0 0 0 0 0 0 0 1 0.6251369 0.96875 0.5 0.96875 0.6252532 0.9375 0.5 0.9375 0.6252241 0.9616631 0.6252992 0.9375 0.5 0.90625 0.6250889 0.9375 0.6252241 0.90625 0.5 0.875 0.6249219 0.90625 0.6250901 0.8610853 0.624835 0.875 0.5 0.8603725 0.6248358 0.84375 0.6249129 0.8125 0.5 0.8125 0.6250844 0.7865883 0.6252174 0.7876201 0.6252266 0.78125 0.5 0.7734451 0.6251257 0.778889 0.6252437 0.78125 0.5 0.75 0.5 0.71875 0.6249396 0.75 0.6251078 0.689845 0.6248297 0.691538 0.6248297 0.6875 0.5 0.6875 0.6248473 0.65625 0.5 0.65625 0.6250241 0.65625 0.6250241 0.625 0.5 0.625 0.6251709 0.59375 0.5 0.59375 0.6252833 0.6043788 0.6252453 0.5625 0.5 0.5625 0.6236961 0.5872943 0.625299 0.5625 0.5 0.53125 0.6228384 0.5625 0.6236961 0.5 0.5 0.53125 0.6228384 0.53125 0.5 0.46875 0.5 0.5 0.6231768 0.5 0.5 0.4375 0.5 0.4375 0.6252241 0.4616532 0.6252987 0.4375 0.5 0.40625 0.6250889 0.4375 0.6252241 0.40625 0.5 0.375 0.6249219 0.40625 0.6250901 0.375 0.5 0.3603671 0.6248365 0.3610813 0.6248363 0.3125 0.5 0.34375 0.6249129 0.34375 0.5 0.28125 0.5 0.2835691 0.6252062 0.2865947 0.6252204 0.2734183 0.6251723 0.2788851 0.6252539 0.28125 0.5 0.25 0.5 0.21875 0.6249393 0.25 0.6251078 0.1875 0.5 0.1897464 0.6248411 0.1915354 0.6248362 0.15625 0.5 0.1875 0.6248473 0.1875 0.5 0.125 0.5 0.15625 0.6250241 0.15625 0.5 0.09375 0.5 0.09375 0.6252833 0.1043821 0.6252456 0.0625 0.5 0.0625 0.6251762 0.08728146 0.6252996 0.0625 0.5 0.03125 0.6251114 0.0625 0.6251762 0.03125 0.6251114 0 0.5 0 0.6251369 0.9495527 0.1166631 0.985524 0.2045542 0.9785785 0.1807287 0.9495527 0.3833369 0.978629 0.3191047 0.9767722 0.3252255 0 0 0 0 0 0 0 0 0 0 0 0 0 0 0 0 0 0 0 0 0 0 0 0 0 0 0 0 0 0 0 0 0 0 0 0 0 0 0 0 0 0 0 0 0 0 0 0 0 0 0 0 0 0 0 0 0 0 0 0 0 0 0 0 0 0 0 0 0 0 0 0 0 0 0 0 0 0 0 0 0 0 0 0 0 0 0 0 0 0 0 0 0 0 0 0 0 0 0 0 0 0 0 0 0 0 0 0 0 0 0 0 0 0 0 0 0 0 0 0 0 0 0 0 0 0 0 0 0 0 0 0 0 0 0 0 0 0 0 0 0 0 0 0 0 0 0 0 0 0 0 0 0 0 0 0 0 0 0 0 0 0 0 0 0 0 0 0 0 0 0 0 0 0 0 0 0 0 0 0 0 0 0 0 0 0 0 0 0 0 0 0 0 0 0 0 0 0 0 0 0 0 0 0 0 0 0 0 0 0 0 0 0 0 0 0 0 0 0 0 0 0 0 0 0 0 0 0 0 0 0 0 0 0 0 0 0 0 0 0 0 0 0 0 0 0 0 0 0 0 0 0 0 0 0 0 0 0 0 0 0 0 0 0 0 0 0 0 0 0 0 0 0 0 0 0 0 0 0 0 0 0 0 0 0 0 0 0 0 0 0 0 0 0 0 0 0 0 0 0 0 0 0 0 0 0 0 0 0 0 0 0 0 0 0 0 0 0 0 0 0 0 0 0 0 0 0 0 0 0 0 0 0 0 0 0 0 0 0 0 0 0 0 0 0 0 0 0 0 0 0 0 0 0 0 0 0 0 0 0 0 0 0 0 0 0 0 0 0 0 0 0 0 0 0 0 0 0 0 0 0 0 0 0 0 0 0 0 0 0 0 0 0 0 0 0 0 0 0 0 0 0 0 0 0 0 0 0 0 0 0 0 0 0 0 0 0 0 0 0 0 0 0 0 0 0 0 0 0 0 0 0 0 0 0 0 0 0 0 0 0 0 0 0 0 0 0 0 0 0 0 0 0 0 0 0 0 0 0 0 0 0 1 0.6251369 1 0.5 0.96875 0.5 0.9616631 0.6252992 0.96875 0.6252532 0.96875 0.5 0.96875 0.5 0.9375 0.5 0.9616631 0.6252992 0.9375 0.5 0.90625 0.5 0.90625 0.6250889 0.90625 0.5 0.875 0.5 0.875 0.6249219 0.875 0.6249219 0.875 0.5 0.8691051 0.624886 0.875 0.5 0.84375 0.5 0.8586326 0.6248354 0.8691051 0.624886 0.875 0.5 0.8610853 0.624835 0.84375 0.5 0.84375 0.6249129 0.8586326 0.6248354 0.8586326 0.6248354 0.8603725 0.6248358 0.875 0.5 0.84375 0.6249129 0.84375 0.5 0.8125 0.5 0.7876201 0.6252266 0.8125 0.6250844 0.8125 0.5 0.8125 0.5 0.78125 0.5 0.7876201 0.6252266 0.78125 0.5 0.78125 0.6252029 0.7835652 0.6252035 0.78125 0.5 0.7835652 0.6252035 0.7865883 0.6252174 0.778889 0.6252437 0.78125 0.6252029 0.78125 0.5 0.78125 0.5 0.75 0.5 0.7686847 0.6252096 0.75 0.5 0.75 0.6251078 0.7686847 0.6252096 0.78125 0.5 0.7686847 0.6252096 0.7734451 0.6251257 0.75 0.5 0.71875 0.5 0.71875 0.6249396 0.71875 0.6249396 0.71875 0.5 0.7001506 0.624835 0.71875 0.5 0.6875 0.5 0.7001506 0.624835 0.6875 0.5 0.6875 0.6248473 0.6891632 0.6248441 0.6875 0.5 0.6891632 0.6248441 0.6897503 0.6248349 0.691538 0.6248297 0.6951313 0.6248298 0.6875 0.5 0.6951313 0.6248298 0.7001506 0.624835 0.6875 0.5 0.6875 0.5 0.6897503 0.6248349 0.689845 0.6248297 0.6875 0.6248473 0.6875 0.5 0.65625 0.5 0.65625 0.6250241 0.65625 0.5 0.625 0.5 0.625 0.625172 0.625 0.5 0.6043788 0.6252453 0.625 0.5 0.59375 0.5 0.6043788 0.6252453 0.59375 0.6252833 0.59375 0.5 0.5872943 0.625299 0.59375 0.5 0.5625 0.5 0.5872943 0.625299 0.5625 0.5 0.53125 0.5 0.53125 0.6228384 0.5 0.5 0.5 0.6231768 0.53125 0.6228384 0.46875 0.5 0.46875 0.6246981 0.5 0.6231768 0.46875 0.6246981 0.46875 0.5 0.4616532 0.6252987 0.46875 0.5 0.4375 0.5 0.4616532 0.6252987 0.4375 0.5 0.40625 0.5 0.40625 0.6250889 0.40625 0.5 0.375 0.5 0.375 0.6249219 0.3691074 0.6248866 0.375 0.6249219 0.375 0.5 0.375 0.5 0.34375 0.5 0.3586255 0.6248376 0.34375 0.5 0.34375 0.6249129 0.3586255 0.6248376 0.3610813 0.6248363 0.3691074 0.6248866 0.375 0.5 0.375 0.5 0.3586255 0.6248376 0.3603671 0.6248365 0.3125 0.5 0.3125 0.6250844 0.34375 0.6249129 0.3125 0.6250844 0.3125 0.5 0.2876278 0.6252323 0.3125 0.5 0.28125 0.5 0.2876278 0.6252323 0.2876278 0.6252323 0.28125 0.5 0.2865947 0.6252204 0.28125 0.5 0.28125 0.6252029 0.2835691 0.6252062 0.2788851 0.6252539 0.28125 0.6252029 0.28125 0.5 0.28125 0.5 0.25 0.5 0.2686732 0.6251619 0.25 0.5 0.25 0.6251078 0.2686732 0.6251619 0.28125 0.5 0.2686732 0.6251619 0.2734183 0.6251723 0.25 0.5 0.21875 0.5 0.21875 0.6249393 0.2001584 0.6248305 0.21875 0.6249393 0.21875 0.5 0.21875 0.5 0.1875 0.5 0.2001584 0.6248305 0.1875 0.5 0.1875 0.6248473 0.1891592 0.624841 0.1875 0.5 0.1891592 0.624841 0.1897464 0.6248411 0.1951326 0.6248293 0.2001584 0.6248305 0.1875 0.5 0.1897464 0.6248411 0.1898398 0.6248303 0.1915354 0.6248362 0.1915354 0.6248362 0.1951326 0.6248293 0.1875 0.5 0.15625 0.5 0.15625 0.6250241 0.1875 0.6248473 0.125 0.5 0.125 0.6251709 0.15625 0.6250241 0.1043821 0.6252456 0.125 0.625172 0.125 0.5 0.125 0.5 0.09375 0.5 0.1043821 0.6252456 0.08728146 0.6252996 0.09375 0.6252833 0.09375 0.5 0.09375 0.5 0.0625 0.5 0.08728146 0.6252996 0.0625 0.5 0.03125 0.5 0.03125 0.6251114 0.03125 0.6251114 0.03125 0.5 0 0.5 0.841844 0.02826887 0.8833369 0.05044728 0.9684938 0.1520995 0.8833369 0.05044728 0.9197056 0.08029437 0.9707506 0.1563217 0.9197056 0.08029437 0.9495527 0.1166631 0.9769787 0.1754552 0.9495527 0.1166631 0.9717311 0.1581559 0.985524 0.2045542 0.9872556 0.2221354 0.9853885 0.2031783 0.9898774 0.2487547 0.9717311 0.1581559 0.9853885 0.2031783 0.9863491 0.2129317 0.9853885 0.2031783 0.99 0.25 0.9898774 0.2487547 0.9898774 0.2487547 0.99 0.25 0.9892039 0.2580826 0.99 0.25 0.9853885 0.2968217 0.9892039 0.2580826 0.9853885 0.2968217 0.986593 0.2845922 0.9892039 0.2580826 0.9853885 0.2031783 0.9872556 0.2221354 0.9863491 0.2129317 0.7968217 0.01461154 0.841844 0.02826887 0.9600546 0.1363109 0.9684938 0.1520995 0.8833369 0.05044728 0.9688595 0.1527836 0.9608531 0.1378046 0.841844 0.02826887 0.9683603 0.1518495 0.9608531 0.1378046 0.9600546 0.1363109 0.841844 0.02826887 0.9684938 0.1520995 0.9683603 0.1518495 0.841844 0.02826887 0.9688595 0.1527836 0.8833369 0.05044728 0.9707506 0.1563217 0.9717311 0.1581559 0.9863491 0.2129317 0.985524 0.2045542 0.9769787 0.1754552 0.9707506 0.1563217 0.9197056 0.08029437 0.9785785 0.1807287 0.9769787 0.1754552 0.9495527 0.1166631 0.841844 0.02826887 0.7968217 0.01461154 0.9601219 0.1364366 0.7968217 0.01461154 0.75 0.00999999 0.9575504 0.1316257 0.9575504 0.1316257 0.75 0.00999999 0.9573217 0.1311979 0.75 0.00999999 0.7968217 0.01461154 0.9573217 0.1311979 0.7968217 0.01461154 0.9600546 0.1363109 0.9598919 0.1360064 0.9573217 0.1311979 0.7968217 0.01461154 0.9598919 0.1360064 0.8833369 0.05044728 0.841844 0.02826887 0.9627754 0.1414009 0.9495527 0.1166631 0.9197056 0.08029437 0.9764488 0.1737082 0.9197056 0.08029437 0.8833369 0.05044728 0.9702435 0.1553729 0.9495527 0.1166631 0.9764488 0.1737082 0.9787546 0.1813094 0.9853885 0.2031783 0.9717311 0.1581559 0.986442 0.2138747 0.9717311 0.1581559 0.9495527 0.1166631 0.9856432 0.2057645 0.9853885 0.2968217 0.99 0.25 0.989122 0.2589151 0.99 0.25 0.9853885 0.2031783 0.9899925 0.2500761 0.9495527 0.3833369 0.9717311 0.341844 0.9856395 0.2942731 0.9717311 0.341844 0.9853885 0.2968217 0.986442 0.2861253 0.8833369 0.4495527 0.9197056 0.4197056 0.9702435 0.3446271 0.9197056 0.4197056 0.9495527 0.3833369 0.9767722 0.3252255 0.9617891 0.3604442 0.841844 0.4717311 0.9681026 0.3486325 0.7031784 0.4853885 0.841844 0.4717311 0.960173 0.3634676 0.841844 0.4717311 0.8833369 0.4495527 0.9681026 0.3486325 0.960173 0.3634676 0.841844 0.4717311 0.9614266 0.3611223 0.7031784 0.4853885 0.75 0.49 0.9575321 0.3684085 0.75 0.49 0.7031784 0.4853885 0.9573217 0.3688021 0.9573217 0.3688021 0.7031784 0.4853885 0.9599886 0.3638126 0.8833369 0.4495527 0.841844 0.4717311 0.9688808 0.3471766 0.841844 0.4717311 0.7031784 0.4853885 0.960173 0.3634676 0.9495527 0.3833369 0.9197056 0.4197056 0.9770262 0.3243885 0.9197056 0.4197056 0.8833369 0.4495527 0.9709078 0.3433843 0.9495527 0.3833369 0.9770262 0.3243885 0.9792547 0.3170419 0.9853885 0.2968217 0.9717311 0.341844 0.986593 0.2845922 0.9717311 0.341844 0.9495527 0.3833369 0.9792547 0.3170419 0.9857435 0.2932164 0.986593 0.2845922 0.9717311 0.341844 0.9792547 0.3170419 0.9857435 0.2932164 0.9717311 0.341844 0.7031784 0.4853885 0.9575321 0.3684085 0.960173 0.3634676 0.841844 0.4717311 0.9617891 0.3604442 0.9614266 0.3611223 0.99 0.25 0.9899925 0.2500761 0.989122 0.2589151 0.9853885 0.2031783 0.986442 0.2138747 0.9873164 0.2227531 0.9717311 0.1581559 0.9856432 0.2057645 0.986442 0.2138747 0.9856432 0.2057645 0.9495527 0.1166631 0.9787546 0.1813094 0.7968217 0.01461154 0.9575504 0.1316257 0.9601219 0.1364366 0.9853885 0.2031783 0.9873164 0.2227531 0.9899925 0.2500761 0.75 0.49 0.9573217 0.3688021 0.9575321 0.3684085 0.9770262 0.3243885 0.9197056 0.4197056 0.9709078 0.3433843 0.841844 0.02826887 0.9601219 0.1364366 0.9611367 0.1383352 0.841844 0.02826887 0.9611367 0.1383352 0.9617891 0.1395558 0.9613018 0.3613559 0.9622398 0.3596009 0.841844 0.4717311 0.9622398 0.3596009 0.9688808 0.3471766 0.841844 0.4717311 0.9688808 0.3471766 0.9709078 0.3433843 0.8833369 0.4495527 0.841844 0.02826887 0.9617891 0.1395558 0.9627754 0.1414009 0.9627754 0.1414009 0.9690887 0.1532125 0.8833369 0.05044728 0.9610999 0.3617336 0.9613018 0.3613559 0.841844 0.4717311 0.8833369 0.05044728 0.9690887 0.1532125 0.9702435 0.1553729 0.9702435 0.1553729 0.9764488 0.1737082 0.9197056 0.08029437 0.960173 0.3634676 0.9610999 0.3617336 0.841844 0.4717311 0.960173 0.3634676 0.9599886 0.3638126 0.7031784 0.4853885 0.9853885 0.2968217 0.989122 0.2589151 0.986442 0.2861253 0.9681026 0.3486325 0.8833369 0.4495527 0.9690888 0.3467875 0.9690888 0.3467875 0.8833369 0.4495527 0.9702435 0.3446271 0.9717311 0.341844 0.986442 0.2861253 0.9856395 0.2942731 0.9702435 0.3446271 0.9197056 0.4197056 0.9764488 0.3262918 0.9764488 0.3262918 0.9197056 0.4197056 0.9767722 0.3252255 0.9495527 0.3833369 0.9856395 0.2942731 0.978629 0.3191047</float_array>
          <technique_common>
            <accessor source="#polygons_004-mesh-map-0-array" count="8925" stride="2">
              <param name="S" type="float"/>
              <param name="T" type="float"/>
            </accessor>
          </technique_common>
        </source>
        <vertices id="polygons_004-mesh-vertices">
          <input semantic="POSITION" source="#polygons_004-mesh-positions"/>
        </vertices>
        <triangles material="Surface_1_001-material" count="2975">
          <input semantic="VERTEX" source="#polygons_004-mesh-vertices" offset="0"/>
          <input semantic="NORMAL" source="#polygons_004-mesh-normals" offset="1"/>
          <input semantic="TEXCOORD" source="#polygons_004-mesh-map-0" offset="2" set="0"/>
          <p>1 0 0 2 1 1 3 2 2 3 2 3 2 1 4 5 3 5 3 4 6 5 5 7 6 6 8 6 6 9 5 5 10 8 7 11 6 8 12 8 9 13 9 10 14 9 10 15 8 9 16 11 11 17 9 12 18 11 13 19 12 14 20 14 15 21 2 1 22 15 16 23 15 16 24 2 1 25 1 0 26 17 17 27 18 18 28 20 19 29 21 20 30 23 21 31 20 22 32 20 22 33 23 21 34 24 23 35 20 19 36 24 24 37 17 17 38 26 25 39 27 26 40 29 27 41 29 27 42 27 26 43 14 28 44 29 29 45 14 15 46 30 30 47 30 30 48 14 15 49 15 16 50 30 30 51 15 16 52 17 17 53 17 17 54 15 16 55 32 31 56 17 17 57 32 31 58 18 18 59 18 18 60 32 31 61 34 32 62 12 14 63 35 33 64 9 12 65 37 34 66 38 35 67 40 36 68 41 37 69 42 38 70 44 39 71 45 40 72 47 41 73 48 42 74 50 43 75 51 44 76 53 45 77 55 46 78 56 46 79 58 46 80 59 47 81 61 48 82 62 49 83 64 50 84 65 51 85 67 52 86 67 53 87 68 54 88 64 55 89 45 56 90 70 57 91 71 58 92 73 59 93 74 59 94 76 59 95 77 60 96 78 61 97 80 62 98 78 61 99 77 60 100 81 63 101 83 64 102 40 65 103 84 66 104 86 67 105 88 68 106 78 69 107 89 70 108 91 71 109 92 72 110 86 73 111 78 74 112 81 75 113 88 76 114 86 77 115 94 78 116 65 79 117 64 80 118 95 81 119 96 82 120 97 83 121 98 84 122 99 85 123 100 86 124 101 87 125 102 88 126 103 89 127 104 90 128 105 91 129 106 92 130 107 93 131 99 94 132 101 95 133 108 96 134 109 97 135 110 98 136 111 99 137 112 100 138 113 101 139 114 102 140 114 102 141 115 103 142 112 100 143 112 100 144 115 103 145 116 104 146 112 100 147 116 104 148 117 105 149 118 106 150 116 104 151 119 107 152 119 107 153 116 104 154 115 103 155 120 108 156 121 109 157 99 110 158 107 111 159 122 112 160 105 113 161 123 114 162 121 115 163 124 116 164 125 117 165 126 118 166 127 119 167 128 120 168 129 121 169 126 122 170 129 123 171 128 124 172 130 125 173 102 126 174 131 127 175 103 128 176 132 129 177 131 130 178 102 131 179 99 132 180 121 133 181 123 134 182 133 135 183 134 135 184 135 135 185 136 136 186 137 137 187 138 138 188 126 139 189 125 140 190 128 141 191 139 142 192 140 143 193 110 144 194 83 145 195 84 146 196 104 147 197 141 148 198 142 149 199 83 150 200 143 151 201 144 152 202 145 153 203 146 154 204 147 155 205 148 156 206 146 154 207 148 156 208 106 157 209 106 157 210 148 156 211 149 158 212 106 157 213 149 158 214 150 159 215 149 158 216 148 156 217 151 160 218 106 157 219 150 159 220 107 161 221 107 161 222 150 159 223 152 162 224 107 161 225 152 162 226 97 163 227 97 163 228 152 162 229 98 164 230 98 164 231 152 162 232 153 165 233 98 164 234 153 165 235 154 166 236 154 166 237 153 165 238 155 167 239 154 166 240 155 167 241 156 168 242 153 165 243 157 169 244 155 167 245 158 170 246 109 171 247 159 172 248 160 173 249 161 174 250 162 175 251 161 176 252 163 177 253 164 178 254 165 179 255 163 180 256 166 181 257 167 182 258 168 183 259 169 184 260 132 185 261 170 186 262 131 187 263 146 188 264 171 189 265 172 190 266 173 191 267 164 192 268 163 193 269 172 194 270 147 195 271 146 196 272 174 197 273 175 198 274 176 199 275 177 200 276 178 201 277 179 202 278 158 203 279 180 204 280 109 205 281 145 206 282 181 207 283 143 208 284 182 209 285 183 210 286 184 211 287 185 212 288 186 213 289 158 214 290 187 215 291 188 216 292 189 217 293 190 218 294 191 219 295 192 220 296 193 221 297 194 222 298 195 223 299 196 224 300 197 225 301 198 226 302 199 227 303 200 228 304 201 228 305 198 229 306 202 230 307 196 231 308 199 232 309 176 233 310 203 233 311 188 234 312 187 235 313 204 236 314 188 234 315 204 236 316 205 237 317 176 238 318 199 239 319 201 239 320 206 240 321 207 241 322 208 242 323 207 243 324 206 244 325 209 245 326 208 246 327 159 247 328 206 248 329 210 249 330 211 250 331 212 249 332 213 251 333 195 252 334 214 253 335 195 254 336 213 255 337 193 256 338 215 257 339 216 258 340 217 259 341 218 260 342 219 261 343 220 262 344 221 263 345 222 264 346 223 265 347 224 266 348 225 267 349 226 268 350 227 269 351 228 270 352 229 269 353 230 271 354 231 271 355 232 271 356 233 272 357 234 273 358 235 274 359 233 275 360 235 276 361 236 277 362 236 277 363 235 276 364 237 278 365 236 277 366 237 278 367 238 279 368 238 279 369 239 280 370 236 277 371 240 281 372 241 282 373 242 283 374 243 284 375 244 285 376 245 285 377 246 286 378 247 287 379 248 288 380 249 289 381 247 290 382 250 291 383 250 291 384 247 290 385 246 292 386 250 293 387 246 286 388 251 294 389 251 294 390 246 286 391 248 288 392 251 295 393 248 296 394 252 297 395 248 298 396 247 299 397 253 300 398 254 301 399 243 301 400 255 301 401 244 302 402 243 303 403 256 303 404 257 304 405 258 305 406 259 306 407 257 307 408 259 308 409 260 309 410 260 309 411 259 308 412 261 310 413 260 309 414 261 310 415 262 311 416 263 312 417 264 313 418 34 314 419 224 315 420 18 316 421 264 317 422 34 314 423 264 313 424 18 318 425 260 319 426 265 320 427 266 321 428 224 322 429 263 323 430 225 324 431 263 325 432 267 326 433 225 327 434 260 328 435 266 328 436 257 328 437 264 329 438 263 330 439 224 331 440 251 332 441 268 333 442 250 334 443 21 335 444 265 336 445 269 337 446 225 338 447 270 339 448 226 340 449 271 341 450 220 342 451 272 343 452 242 344 453 217 345 454 240 346 455 21 347 456 266 348 457 265 349 458 273 350 459 274 351 460 275 352 461 211 353 462 276 354 463 212 355 464 277 356 465 278 357 466 279 358 467 280 359 468 281 360 469 282 361 470 254 362 471 283 363 472 243 364 473 281 365 474 280 366 475 284 367 476 285 368 477 286 368 478 287 368 479 222 369 480 288 370 481 223 371 482 289 372 483 223 373 484 288 374 485 247 375 486 290 376 487 291 377 488 292 378 489 291 379 490 293 380 491 250 381 492 279 382 493 278 383 494 279 384 495 250 385 496 268 386 497 247 387 498 249 388 499 290 389 500 253 390 501 247 391 502 294 392 503 295 393 504 281 394 505 296 395 506 297 396 507 298 397 508 299 397 509 300 398 510 301 399 511 302 400 512 303 401 513 304 402 514 305 403 515 215 404 516 217 405 517 181 406 518 306 407 519 211 408 520 181 407 521 307 409 522 306 410 523 308 411 524 309 412 525 310 413 526 311 413 527 312 414 528 301 415 529 313 416 530 314 417 531 315 418 532 316 418 533 259 419 534 270 420 535 317 421 536 259 422 537 317 423 538 261 424 539 298 425 540 229 426 541 318 427 542 310 428 543 319 429 544 315 430 545 243 431 546 320 432 547 286 433 548 321 434 549 322 435 550 323 436 551 324 437 552 323 438 553 322 439 554 327 440 555 325 441 556 326 442 557 328 443 558 327 443 559 326 443 560 329 444 561 300 445 562 330 446 563 331 447 564 300 448 565 329 449 566 277 450 567 290 451 568 278 452 569 332 453 570 333 454 571 334 455 572 335 456 573 336 457 574 337 458 575 338 459 576 339 460 577 340 461 578 341 462 579 342 462 580 343 463 581 340 464 582 339 465 583 311 466 584 344 467 585 345 468 586 346 469 587 347 470 588 293 471 589 291 472 590 342 473 591 348 474 592 343 475 593 349 476 594 305 477 595 350 478 596 333 479 597 351 480 598 334 481 599 352 482 600 353 483 601 338 483 602 354 484 603 355 484 604 356 484 605 357 484 606 358 484 607 359 484 608 360 484 609 361 484 610 362 484 611 360 484 612 362 484 613 363 484 614 363 484 615 362 484 616 364 484 617 363 485 618 364 485 619 356 485 620 356 486 621 364 486 622 365 486 623 356 487 624 365 487 625 354 487 626 366 488 627 367 488 628 368 488 629 368 489 630 367 489 631 369 489 632 370 490 633 358 490 634 357 490 635 371 484 636 372 484 637 373 484 638 373 491 639 372 491 640 374 491 641 373 484 642 374 484 643 366 484 644 366 484 645 374 484 646 375 484 647 366 484 648 375 484 649 367 484 650 376 492 651 377 493 652 378 494 653 376 492 654 379 495 655 377 493 656 379 496 657 376 497 658 380 497 659 381 498 660 380 498 661 382 498 662 383 499 663 384 500 664 385 501 665 386 502 666 387 503 667 388 504 668 389 505 669 390 506 670 391 505 671 323 507 672 392 508 673 321 509 674 326 442 675 325 441 676 393 510 677 135 511 678 393 510 679 133 512 680 394 513 681 393 510 682 135 511 683 393 510 684 394 513 685 326 442 686 134 514 687 395 515 688 55 516 689 55 516 690 395 515 691 396 517 692 55 516 693 396 517 694 56 518 695 397 519 696 396 517 697 76 520 698 396 517 699 395 515 700 76 520 701 76 520 702 395 515 703 73 521 704 397 519 705 76 520 706 74 522 707 58 523 708 394 513 709 55 516 710 55 516 711 394 513 712 135 511 713 55 516 714 135 511 715 134 514 716 399 524 717 400 524 718 398 524 719 224 525 720 226 526 721 266 527 722 23 528 723 401 529 724 24 530 725 402 531 726 403 531 727 404 531 728 23 532 729 405 533 730 401 534 731 267 535 732 406 536 733 407 537 734 351 538 735 333 538 736 408 538 737 117 539 738 409 540 739 410 541 740 310 542 741 315 543 742 311 544 743 407 545 744 411 546 745 267 547 746 412 548 747 267 549 748 411 550 749 413 551 750 414 552 751 415 553 752 416 554 753 417 554 754 418 554 755 419 555 756 420 555 757 421 555 758 422 556 759 423 557 760 424 558 761 3 559 762 6 560 763 425 561 764 426 562 765 427 563 766 428 564 767 429 565 768 430 566 769 431 567 770 432 568 771 433 569 772 434 570 773 432 568 774 434 570 775 435 571 776 435 571 777 434 570 778 436 572 779 435 571 780 436 572 781 437 573 782 438 574 783 430 574 784 429 574 785 439 575 786 440 576 787 441 577 788 442 578 789 14 579 790 27 580 791 443 581 792 444 582 793 445 583 794 446 584 795 447 585 796 448 586 797 424 587 798 449 588 799 422 589 800 450 590 801 451 590 802 426 590 803 449 591 804 452 592 805 453 592 806 454 593 807 450 594 808 426 595 809 455 596 810 456 597 811 457 598 812 458 599 813 459 600 814 460 601 815 461 602 816 462 305 817 463 603 818 461 602 819 463 603 820 456 604 821 456 604 822 463 603 823 464 605 824 456 604 825 464 605 826 457 606 827 465 607 828 466 608 829 467 609 830 468 610 831 469 611 832 470 612 833 471 613 834 472 613 835 473 613 836 474 614 837 475 615 838 476 616 839 474 614 840 476 616 841 477 617 842 477 617 843 476 616 844 478 618 845 477 617 846 478 618 847 479 619 848 466 620 849 465 621 850 480 622 851 481 623 852 325 623 853 482 623 854 483 624 855 484 625 856 485 626 857 486 627 858 476 628 859 475 629 860 487 630 861 382 631 862 380 632 863 488 633 864 489 634 865 490 635 866 491 636 867 490 637 868 489 638 869 492 639 870 493 640 871 494 641 872 382 642 873 495 643 874 496 644 875 30 645 876 497 646 877 498 647 878 499 648 879 312 649 880 500 650 881 312 651 882 351 652 883 500 653 884 500 654 885 351 655 886 501 656 887 500 657 888 501 658 889 499 659 890 499 660 891 501 661 892 502 662 893 503 663 894 504 663 895 505 663 896 506 664 897 507 665 898 428 666 899 508 667 900 509 668 901 252 669 902 248 670 903 508 671 904 252 672 905 510 673 906 499 673 907 511 674 908 510 675 909 511 676 910 512 676 911 244 677 912 513 678 913 245 678 914 514 679 915 515 680 916 516 681 917 517 682 918 518 683 919 519 684 920 520 685 921 521 686 922 522 687 923 523 688 924 524 689 925 525 690 926 526 691 927 527 692 928 528 693 929 529 694 930 530 695 931 531 696 932 532 697 933 533 698 934 534 699 935 532 700 936 534 701 937 535 702 938 535 702 939 534 701 940 536 703 941 535 702 942 536 703 943 537 704 944 537 704 945 536 703 946 538 705 947 537 706 948 538 707 949 525 708 950 525 709 951 538 710 952 523 711 953 535 712 954 537 713 955 525 714 956 525 714 957 524 715 958 535 712 959 535 712 960 524 715 961 539 716 962 535 712 963 539 716 964 540 717 965 532 718 966 535 712 967 540 717 968 523 719 969 541 720 970 542 721 971 543 722 972 544 723 973 545 724 974 546 725 975 547 726 976 548 727 977 520 728 978 549 729 979 521 730 980 542 731 981 550 732 982 551 733 983 552 734 984 553 734 985 554 734 986 27 735 987 26 736 988 442 737 989 555 738 990 434 739 991 433 740 992 549 741 993 520 685 994 431 567 995 556 742 996 557 743 997 558 744 998 12 745 999 555 746 1000 442 747 1001 434 748 1002 11 749 1003 436 750 1004 442 751 1005 26 752 1006 12 753 1007 559 754 1008 560 755 1009 561 755 1010 434 756 1011 555 757 1012 11 758 1013 555 759 1014 12 760 1015 11 761 1016 443 762 1017 562 763 1018 35 764 1019 563 765 1020 564 766 1021 565 767 1022 566 768 1023 61 769 1024 567 770 1025 568 771 1026 569 772 1027 570 773 1028 570 774 1029 569 775 1030 571 776 1031 570 774 1032 571 776 1033 572 777 1034 572 777 1035 573 778 1036 570 774 1037 570 774 1038 573 778 1039 574 779 1040 572 780 1041 575 781 1042 573 782 1043 573 783 1044 575 784 1045 200 785 1046 573 783 1047 200 785 1048 576 786 1049 576 786 1050 200 785 1051 577 787 1052 200 785 1053 575 784 1054 201 788 1055 201 788 1056 575 784 1057 578 789 1058 201 790 1059 578 791 1060 176 792 1061 577 787 1062 579 793 1063 580 794 1064 577 787 1065 581 795 1066 579 793 1067 579 793 1068 581 795 1069 582 796 1070 579 793 1071 582 796 1072 583 797 1073 584 798 1074 136 799 1075 579 793 1076 579 793 1077 136 799 1078 138 800 1079 579 793 1080 138 800 1081 580 794 1082 580 794 1083 138 800 1084 585 801 1085 580 794 1086 585 801 1087 577 787 1088 577 787 1089 585 801 1090 586 802 1091 577 787 1092 586 802 1093 576 786 1094 579 793 1095 583 803 1096 584 798 1097 584 798 1098 583 803 1099 587 804 1100 584 798 1101 587 805 1102 588 806 1103 547 807 1104 589 808 1105 590 809 1106 590 810 1107 589 811 1108 591 812 1109 590 813 1110 591 814 1111 587 815 1112 587 805 1113 591 816 1114 592 817 1115 587 805 1116 592 817 1117 588 806 1118 590 818 1119 548 779 1120 547 819 1121 584 798 1122 588 806 1123 136 799 1124 62 820 1125 61 821 1126 570 822 1127 570 822 1128 61 821 1129 566 823 1130 570 824 1131 566 825 1132 568 826 1133 570 822 1134 593 827 1135 62 820 1136 62 820 1137 593 827 1138 594 828 1139 595 829 1140 596 830 1141 597 831 1142 597 832 1143 598 833 1144 595 834 1145 595 835 1146 598 836 1147 599 837 1148 595 838 1149 599 839 1150 600 840 1151 598 841 1152 597 842 1153 601 843 1154 599 844 1155 602 845 1156 600 846 1157 600 846 1158 602 845 1159 603 847 1160 600 846 1161 603 847 1162 596 848 1163 600 849 1164 596 850 1165 595 851 1166 603 847 1167 602 845 1168 604 852 1169 605 853 1170 172 854 1171 171 855 1172 122 856 1173 605 853 1174 105 857 1175 105 857 1176 605 853 1177 171 855 1178 122 856 1179 96 858 1180 605 853 1181 605 853 1182 96 858 1183 606 859 1184 605 853 1185 606 859 1186 172 854 1187 151 860 1188 164 861 1189 149 862 1190 164 863 1191 173 864 1192 149 865 1193 149 865 1194 173 864 1195 607 866 1196 149 865 1197 607 866 1198 150 867 1199 608 868 1200 609 869 1201 610 870 1202 611 871 1203 295 872 1204 608 873 1205 608 873 1206 295 872 1207 296 874 1208 608 873 1209 296 874 1210 612 875 1211 612 875 1212 296 874 1213 613 876 1214 612 875 1215 613 876 1216 614 877 1217 614 878 1218 613 879 1219 615 880 1220 614 878 1221 615 880 1222 616 881 1223 610 882 1224 611 871 1225 608 873 1226 280 883 1227 177 884 1228 284 885 1229 284 885 1230 177 884 1231 179 886 1232 284 885 1233 179 886 1234 613 887 1235 613 879 1236 179 888 1237 617 889 1238 613 879 1239 617 889 1240 615 880 1241 615 880 1242 617 889 1243 618 890 1244 615 880 1245 618 890 1246 619 891 1247 619 891 1248 618 890 1249 620 892 1250 619 891 1251 620 892 1252 621 893 1253 621 893 1254 620 892 1255 622 894 1256 621 893 1257 622 894 1258 275 895 1259 178 896 1260 623 897 1261 624 898 1262 624 898 1263 623 897 1264 625 899 1265 624 898 1266 625 899 1267 626 900 1268 626 900 1269 625 899 1270 627 901 1271 626 900 1272 627 901 1273 628 902 1274 629 903 1275 178 904 1276 630 905 1277 630 905 1278 178 904 1279 177 906 1280 631 907 1281 632 908 1282 633 909 1283 633 910 1284 632 911 1285 634 912 1286 633 910 1287 634 912 1288 635 913 1289 635 913 1290 634 912 1291 636 914 1292 635 913 1293 636 914 1294 637 915 1295 637 915 1296 636 914 1297 638 916 1298 637 915 1299 638 916 1300 639 917 1301 630 918 1302 631 919 1303 629 920 1304 629 921 1305 631 907 1306 633 909 1307 640 922 1308 639 917 1309 641 923 1310 641 923 1311 639 917 1312 638 916 1313 440 924 1314 642 925 1315 643 926 1316 643 926 1317 642 925 1318 628 902 1319 643 926 1320 628 902 1321 640 922 1322 640 922 1323 628 902 1324 627 901 1325 640 922 1326 627 901 1327 639 917 1328 639 917 1329 627 901 1330 625 899 1331 639 917 1332 625 899 1333 637 915 1334 637 915 1335 625 899 1336 623 897 1337 637 915 1338 623 897 1339 635 913 1340 635 913 1341 623 897 1342 178 896 1343 635 913 1344 178 896 1345 633 910 1346 633 910 1347 178 896 1348 629 927 1349 440 924 1350 439 928 1351 642 925 1352 642 925 1353 439 929 1354 644 930 1355 642 925 1356 644 930 1357 626 900 1358 626 900 1359 644 931 1360 645 932 1361 626 900 1362 645 932 1363 624 898 1364 624 898 1365 645 932 1366 646 933 1367 624 898 1368 646 933 1369 647 934 1370 648 935 1371 649 936 1372 647 934 1373 647 934 1374 649 936 1375 617 889 1376 647 934 1377 617 889 1378 624 898 1379 624 898 1380 617 889 1381 179 888 1382 624 898 1383 179 888 1384 178 896 1385 649 936 1386 650 937 1387 617 889 1388 650 938 1389 649 939 1390 651 940 1391 651 940 1392 649 939 1393 492 941 1394 651 942 1395 492 943 1396 494 944 1397 626 900 1398 628 902 1399 642 925 1400 652 945 1401 653 946 1402 654 947 1403 654 947 1404 653 946 1405 650 948 1406 654 947 1407 650 948 1408 655 949 1409 413 950 1410 415 951 1411 655 952 1412 655 953 1413 415 954 1414 656 955 1415 655 953 1416 656 955 1417 654 947 1418 657 956 1419 658 957 1420 659 958 1421 459 959 1422 660 960 1423 661 961 1424 661 962 1425 660 963 1426 652 945 1427 661 964 1428 652 945 1429 658 965 1430 658 965 1431 652 945 1432 654 947 1433 658 965 1434 654 947 1435 659 966 1436 659 966 1437 654 947 1438 656 955 1439 659 966 1440 656 955 1441 657 967 1442 657 968 1443 656 969 1444 415 970 1445 653 946 1446 652 945 1447 660 963 1448 459 971 1449 620 892 1450 660 963 1451 660 963 1452 620 892 1453 618 890 1454 660 963 1455 618 890 1456 653 946 1457 653 946 1458 618 890 1459 617 889 1460 653 946 1461 617 889 1462 650 937 1463 622 894 1464 620 892 1465 458 972 1466 458 972 1467 620 892 1468 459 973 1469 616 974 1470 662 975 1471 274 976 1472 274 976 1473 662 975 1474 275 895 1475 615 880 1476 619 891 1477 662 975 1478 662 975 1479 619 891 1480 621 893 1481 662 975 1482 621 893 1483 275 895 1484 615 880 1485 662 975 1486 616 977 1487 616 978 1488 663 979 1489 614 877 1490 614 877 1491 663 979 1492 612 875 1493 616 980 1494 609 981 1495 663 982 1496 663 983 1497 609 984 1498 608 985 1499 663 986 1500 608 873 1501 612 875 1502 379 987 1503 664 988 1504 665 989 1505 666 990 1506 664 991 1507 667 992 1508 667 993 1509 664 994 1510 379 995 1511 667 996 1512 379 997 1513 380 998 1514 666 999 1515 667 1000 1516 668 1001 1517 669 1002 1518 666 1003 1519 670 1004 1520 670 1005 1521 666 999 1522 668 1001 1523 670 1005 1524 668 1001 1525 671 1006 1526 18 1007 1527 224 1008 1528 266 1009 1529 20 1010 1530 18 1011 1531 21 1012 1532 21 1012 1533 18 1011 1534 266 1013 1535 672 1014 1536 665 1015 1537 664 1016 1538 669 1017 1539 672 1014 1540 666 1018 1541 666 1018 1542 672 1014 1543 664 1016 1544 363 1019 1545 356 1020 1546 673 1021 1547 673 1021 1548 674 1022 1549 363 1019 1550 363 1019 1551 674 1022 1552 675 1023 1553 363 1019 1554 675 1023 1555 360 1024 1556 360 1024 1557 675 1023 1558 676 1025 1559 360 1024 1560 676 1025 1561 361 1026 1562 676 1025 1563 303 1027 1564 361 1026 1565 361 1026 1566 303 1027 1567 305 1028 1568 361 1026 1569 305 1028 1570 359 1029 1571 359 1030 1572 305 1031 1573 677 1032 1574 359 1030 1575 677 1032 1576 357 1033 1577 357 1033 1578 677 1032 1579 678 1034 1580 357 1033 1581 678 1034 1582 370 1035 1583 370 1035 1584 678 1034 1585 679 1036 1586 370 1035 1587 679 1036 1588 369 1037 1589 369 1037 1590 679 1036 1591 680 1038 1592 681 1039 1593 366 1040 1594 680 1041 1595 680 1041 1596 366 1040 1597 368 1042 1598 680 1041 1599 368 1042 1600 369 1043 1601 682 1044 1602 683 1045 1603 681 1039 1604 681 1039 1605 683 1045 1606 373 1046 1607 681 1039 1608 373 1046 1609 366 1040 1610 322 1047 1611 321 1048 1612 684 1049 1613 684 1050 1614 685 1051 1615 322 1052 1616 322 1052 1617 685 1051 1618 686 1053 1619 322 1054 1620 686 1055 1621 283 1056 1622 283 1057 1623 686 1058 1624 254 1059 1625 283 1060 1626 254 1061 1627 255 1062 1628 411 1063 1629 687 484 1630 412 484 1631 688 1064 1632 425 1065 1633 590 1066 1634 590 1067 1635 425 1068 1636 6 1069 1637 590 1070 1638 6 1071 1639 548 1072 1640 548 1073 1641 6 1074 1642 9 1075 1643 548 1076 1644 9 1077 1645 35 1078 1646 548 1076 1647 35 1078 1648 562 484 1649 689 484 1650 687 484 1651 590 1079 1652 590 1080 1653 687 1081 1654 411 1082 1655 590 1083 1656 411 1084 1657 688 1085 1658 690 484 1659 691 484 1660 590 1086 1661 590 1087 1662 691 484 1663 692 484 1664 590 1088 1665 692 484 1666 689 484 1667 410 1089 1668 100 1090 1669 693 1090 1670 694 1091 1671 334 1092 1672 409 1093 1673 409 1093 1674 334 1092 1675 300 1094 1676 409 1093 1677 300 1094 1678 695 1095 1679 332 1096 1680 334 1092 1681 696 1097 1682 696 1097 1683 334 1092 1684 694 1091 1685 101 1090 1686 100 1090 1687 695 1098 1688 695 1099 1689 100 1090 1690 410 1100 1691 695 1095 1692 410 1101 1693 409 1093 1694 695 1102 1695 108 1103 1696 101 1103 1697 693 1090 1698 100 1090 1699 697 1104 1700 697 1105 1701 100 1106 1702 698 1107 1703 697 1105 1704 698 1107 1705 699 1108 1706 699 1108 1707 698 1107 1708 333 1109 1709 699 1108 1710 333 1109 1711 332 1110 1712 330 1111 1713 300 1112 1714 700 1113 1715 701 1114 1716 702 1115 1717 700 1116 1718 700 1113 1719 702 1117 1720 329 1118 1721 700 1113 1722 329 1118 1723 330 1111 1724 703 1119 1725 704 1120 1726 705 1121 1727 592 1122 1728 705 1123 1729 588 1124 1730 588 1124 1731 705 1123 1732 704 1125 1733 588 1124 1734 704 1125 1735 136 1126 1736 706 1127 1737 707 1128 1738 708 1129 1739 709 1130 1740 710 1131 1741 711 1132 1742 712 1133 1743 710 1131 1744 713 1134 1745 713 1135 1746 710 1131 1747 709 1130 1748 713 1136 1749 709 1137 1750 714 1138 1751 714 1138 1752 709 1137 1753 708 1139 1754 714 1140 1755 708 1141 1756 446 1142 1757 687 1143 1758 689 1144 1759 715 1145 1760 715 1145 1761 689 1144 1762 716 1146 1763 715 1147 1764 716 1148 1765 717 1149 1766 717 1150 1767 716 1151 1768 718 1152 1769 689 1144 1770 692 1153 1771 716 1146 1772 716 1146 1773 692 1153 1774 711 1154 1775 716 1151 1776 711 1132 1777 718 1152 1778 718 1152 1779 711 1132 1780 710 1131 1781 718 1152 1782 710 1131 1783 719 1155 1784 719 1155 1785 710 1131 1786 712 1133 1787 692 1156 1788 691 1157 1789 711 1158 1790 711 1159 1791 691 1160 1792 706 1161 1793 711 1159 1794 706 1161 1795 709 1162 1796 709 1137 1797 706 1163 1798 708 1139 1799 506 1164 1800 720 1165 1801 721 1166 1802 423 1167 1803 506 1164 1804 424 1168 1805 424 1168 1806 506 1164 1807 721 1166 1808 499 1169 1809 301 1170 1810 312 1171 1811 546 1172 1812 548 1173 1813 499 1169 1814 499 1169 1815 548 1173 1816 562 1174 1817 499 1169 1818 562 1174 1819 701 1175 1820 302 1176 1821 301 1170 1822 701 1175 1823 701 1175 1824 301 1170 1825 499 1169 1826 493 1177 1827 722 1178 1828 414 1179 1829 413 1180 1830 723 1181 1831 414 1182 1832 414 1182 1833 723 1181 1834 494 1183 1835 414 1182 1836 494 1183 1837 493 1184 1838 724 1185 1839 1 1186 1840 725 1187 1841 1 1188 1842 724 1189 1843 726 1190 1844 726 1190 1845 724 1189 1846 455 1191 1847 726 1190 1848 455 1191 1849 727 1192 1850 728 1193 1851 407 1194 1852 727 1192 1853 727 1192 1854 407 1194 1855 406 1195 1856 727 1192 1857 406 1195 1858 726 1190 1859 726 1190 1860 406 1195 1861 729 1196 1862 730 1197 1863 731 1198 1864 732 1199 1865 731 1198 1866 730 1197 1867 733 1200 1868 733 1200 1869 730 1197 1870 734 1201 1871 733 1200 1872 734 1201 1873 735 1202 1874 736 779 1875 737 1203 1876 323 1204 1877 323 1204 1878 737 1203 1879 738 1205 1880 323 1204 1881 738 1205 1882 731 1206 1883 731 1207 1884 738 1208 1885 739 1209 1886 731 1210 1887 739 1211 1888 732 1212 1889 736 779 1890 323 1204 1891 324 1213 1892 539 1214 1893 740 1215 1894 741 1216 1895 740 1217 1896 539 1218 1897 742 1219 1898 742 1219 1899 539 1218 1900 524 1220 1901 742 1221 1902 524 1222 1903 523 1223 1904 523 1223 1905 542 1224 1906 742 1221 1907 544 1225 1908 481 1226 1909 482 1227 1910 544 1225 1911 482 1227 1912 228 1228 1913 228 1228 1914 482 1227 1915 325 1229 1916 228 1228 1917 325 1229 1918 229 1230 1919 743 1231 1920 481 1226 1921 543 1232 1922 543 1232 1923 481 1226 1924 544 1225 1925 744 1233 1926 551 1234 1927 745 1235 1928 551 1234 1929 744 1233 1930 542 1236 1931 542 1237 1932 744 1238 1933 746 1239 1934 542 1237 1935 746 1239 1936 742 1240 1937 747 1241 1938 748 1242 1939 541 1243 1940 534 1244 1941 749 1245 1942 536 1246 1943 536 1246 1944 749 1245 1945 747 1241 1946 536 1246 1947 747 1241 1948 538 1247 1949 538 1247 1950 747 1241 1951 541 1243 1952 538 1247 1953 541 1243 1954 523 1248 1955 750 1249 1956 749 1245 1957 533 1250 1958 533 1250 1959 749 1245 1960 534 1244 1961 533 1250 1962 751 1251 1963 750 1249 1964 750 1249 1965 751 1251 1966 741 1252 1967 750 1249 1968 741 1252 1969 746 1253 1970 746 1253 1971 741 1252 1972 740 1254 1973 746 1253 1974 740 1254 1975 742 1255 1976 750 1249 1977 746 1253 1978 752 1256 1979 752 1257 1980 558 1258 1981 750 1259 1982 558 1258 1983 561 1260 1984 750 1259 1985 750 1259 1986 561 1260 1987 753 1261 1988 750 1259 1989 753 1261 1990 749 1262 1991 561 1263 1992 558 1264 1993 557 1265 1994 561 1266 1995 560 1267 1996 753 1268 1997 753 1269 1998 560 1270 1999 527 1271 2000 754 1272 2001 755 1273 2002 756 1274 2003 601 1275 2004 755 1276 2005 757 1277 2006 757 1277 2007 755 1276 2008 754 1278 2009 757 1279 2010 754 1280 2011 758 1281 2012 71 1282 2013 174 1283 2014 176 1284 2015 759 1285 2016 174 1283 2017 760 1286 2018 760 1286 2019 174 1283 2020 71 1282 2021 760 1287 2022 71 1288 2023 70 1289 2024 203 1290 2025 214 1291 2026 195 1292 2027 200 785 2028 194 1293 2029 577 787 2030 577 787 2031 194 1293 2032 761 1294 2033 577 787 2034 761 1294 2035 581 795 2036 581 795 2037 761 1294 2038 762 1295 2039 581 795 2040 762 1295 2041 763 1296 2042 763 1296 2043 762 1295 2044 389 1297 2045 392 1298 2046 763 1299 2047 321 1300 2048 321 1301 2049 763 1302 2050 389 1303 2051 199 1304 2052 203 1290 2053 200 785 2054 200 785 2055 203 1290 2056 195 1292 2057 200 785 2058 195 1292 2059 194 1293 2060 203 1290 2061 176 1305 2062 214 1291 2063 214 1291 2064 176 1305 2065 764 1306 2066 214 1307 2067 764 1308 2068 213 1309 2069 765 1310 2070 279 1311 2071 766 1312 2072 767 1313 2073 768 1314 2074 769 1315 2075 769 1316 2076 768 1317 2077 766 1318 2078 769 1316 2079 766 1318 2080 268 1319 2081 268 1319 2082 766 1318 2083 279 1320 2084 769 1315 2085 770 1321 2086 767 1313 2087 767 1313 2088 770 1321 2089 771 1322 2090 769 1315 2091 268 1323 2092 770 1321 2093 770 1321 2094 268 1323 2095 251 1324 2096 770 1321 2097 251 1325 2098 771 1322 2099 771 1326 2100 251 295 2101 252 297 2102 771 1327 2103 252 1328 2104 509 1329 2105 772 1330 2106 767 1331 2107 509 1332 2108 509 1333 2109 767 1334 2110 771 1335 2111 773 1336 2112 774 1337 2113 772 1338 2114 772 1339 2115 774 1340 2116 768 1341 2117 772 1330 2118 768 1342 2119 767 1331 2120 775 1343 2121 334 1344 2122 351 1345 2123 334 1344 2124 775 1343 2125 313 1346 2126 313 1346 2127 775 1343 2128 351 1347 2129 313 1348 2130 351 1349 2131 312 1350 2132 313 1346 2133 301 1351 2134 334 1344 2135 334 1352 2136 301 1353 2137 300 1354 2138 1366 1355 2139 1365 1356 2140 1367 1357 2141 133 512 2142 1369 1358 2143 1368 1359 2144 1369 1358 2145 133 512 2146 1366 1355 2147 395 515 2148 1371 1360 2149 1370 1361 2150 1371 1360 2151 395 515 2152 1372 1362 2153 1373 1363 2154 1374 1364 2155 522 687 2156 1375 1365 2157 520 685 2158 522 687 2159 1378 1366 2160 520 685 2161 1376 1367 2162 1379 1368 2163 520 685 2164 1378 1366 2165 1381 1369 2166 1379 1368 2167 1380 1370 2168 520 685 2169 1381 1369 2170 1382 1371 2171 520 685 2172 1382 1371 2173 1383 1372 2174 1386 1373 2175 1384 1374 2176 431 567 2177 1387 1375 2178 431 567 2179 1385 1376 2180 431 567 2181 1387 1375 2182 1388 1377 2183 1388 1377 2184 1389 1378 2185 431 567 2186 1389 1378 2187 1390 1379 2188 431 567 2189 393 510 2190 1391 1380 2191 1392 1381 2192 431 567 2193 1390 1379 2194 1393 1382 2195 393 510 2196 1392 1381 2197 1394 1383 2198 1397 1384 2199 133 512 2200 393 510 2201 1396 1385 2202 1398 1386 2203 133 512 2204 1398 1386 2205 1365 1356 2206 133 512 2207 134 514 2208 133 512 2209 395 515 2210 1399 1387 2211 1401 1388 2212 395 515 2213 1400 1389 2214 1372 1362 2215 395 515 2216 393 510 2217 1403 1390 2218 1391 1380 2219 1406 1391 2220 1404 1392 2221 429 565 2222 481 1226 2223 1409 1393 2224 1412 1394 2225 1408 1395 2226 1402 1396 2227 1411 1397 2228 743 1231 2229 1413 1398 2230 1414 1399 2231 325 441 2232 481 1226 2233 393 510 2234 743 1231 2235 438 1400 2236 429 565 2237 74 522 2238 73 521 2239 776 1401 2240 50 1402 2241 776 1401 2242 398 1403 2243 776 1401 2244 1422 1404 2245 1420 1405 2246 1417 1406 2247 1425 1407 2248 1428 1408 2249 398 1403 2250 1426 1409 2251 1427 1410 2252 1431 1411 2253 1433 1412 2254 73 521 2255 522 687 2256 1423 1413 2257 1432 1414 2258 395 515 2259 1434 1415 2260 1429 1416 2261 522 687 2262 1432 1414 2263 1373 1363 2264 395 515 2265 1370 1361 2266 1434 1415 2267 51 1417 2268 50 1402 2269 398 1403 2270 390 1418 2271 51 1417 2272 400 1419 2273 400 1419 2274 51 1417 2275 398 1403 2276 391 1420 2277 390 1418 2278 399 1421 2279 400 1419 2280 399 1421 2281 390 1418 2282 416 1422 2283 777 1423 2284 417 1424 2285 418 1425 2286 778 1426 2287 416 1422 2288 416 1422 2289 778 1426 2290 521 686 2291 416 1422 2292 521 686 2293 549 741 2294 521 686 2295 778 1426 2296 522 687 2297 522 687 2298 778 1426 2299 287 1427 2300 522 687 2301 287 1427 2302 399 1428 2303 522 687 2304 399 1428 2305 398 1403 2306 438 1400 2307 779 1429 2308 430 566 2309 430 566 2310 779 1429 2311 777 1423 2312 430 566 2313 777 1423 2314 431 567 2315 431 567 2316 777 1423 2317 416 1422 2318 431 567 2319 416 1422 2320 549 741 2321 543 1232 2322 545 1430 2323 743 1231 2324 743 1231 2325 545 1431 2326 780 1432 2327 743 1231 2328 780 1432 2329 781 1433 2330 781 1433 2331 780 1432 2332 782 1434 2333 781 1433 2334 782 1434 2335 783 1435 2336 783 1435 2337 779 1429 2338 781 1433 2339 438 1400 2340 781 1433 2341 779 1429 2342 743 1231 2343 781 1433 2344 438 1400 2345 228 1436 2346 784 1437 2347 780 1438 2348 227 1439 2349 785 1440 2350 228 1436 2351 228 1436 2352 785 1440 2353 786 1441 2354 228 1436 2355 786 1441 2356 784 1437 2357 784 1442 2358 786 1443 2359 787 1444 2360 788 1445 2361 789 1446 2362 790 1447 2363 510 1448 2364 790 1447 2365 791 1449 2366 791 1449 2367 790 1447 2368 789 1446 2369 791 1449 2370 789 1446 2371 546 1450 2372 231 1451 2373 790 1447 2374 792 1452 2375 792 1452 2376 790 1447 2377 510 1448 2378 232 1453 2379 788 1445 2380 230 1454 2381 230 1454 2382 788 1445 2383 790 1447 2384 793 1455 2385 794 1456 2386 484 1457 2387 793 1455 2388 484 1457 2389 483 1458 2390 745 1459 2391 556 1460 2392 744 1461 2393 744 1461 2394 556 1460 2395 795 1462 2396 795 1463 2397 556 1464 2398 558 1465 2399 795 1466 2400 558 1467 2401 752 1468 2402 744 1469 2403 795 1466 2404 746 1470 2405 746 1470 2406 795 1466 2407 752 1468 2408 80 1471 2409 796 1472 2410 77 1473 2411 77 1473 2412 796 1472 2413 41 1474 2414 37 1475 2415 68 1476 2416 797 1477 2417 797 1478 2418 68 1479 2419 67 1480 2420 389 1481 2421 762 1482 2422 390 1483 2423 390 1483 2424 762 1482 2425 761 1484 2426 213 1485 2427 390 1483 2428 193 1486 2429 193 1486 2430 390 1483 2431 761 1484 2432 193 1487 2433 761 1488 2434 194 1489 2435 798 1490 2436 763 1490 2437 392 1490 2438 763 1491 2439 582 1492 2440 799 1493 2441 799 1494 2442 582 1495 2443 581 1496 2444 96 1497 2445 122 1498 2446 97 1499 2447 97 1500 2448 122 1501 2449 107 1502 2450 130 1503 2451 800 1504 2452 129 1505 2453 129 1505 2454 800 1504 2455 801 1506 2456 139 1507 2457 801 1508 2458 140 1509 2459 140 1510 2460 801 1511 2461 800 1512 2462 105 1513 2463 171 1514 2464 106 1515 2465 106 1516 2466 171 1517 2467 146 1518 2468 802 1519 2469 764 1520 2470 175 1521 2471 175 1522 2472 764 1523 2473 176 1524 2474 803 1525 2475 197 1526 2476 804 1527 2477 804 1527 2478 197 1526 2479 196 1528 2480 185 1529 2481 191 1530 2482 186 1531 2483 186 1532 2484 191 1533 2485 190 1534 2486 143 1535 2487 803 1536 2488 805 1537 2489 805 1537 2490 803 1536 2491 804 1538 2492 805 1539 2493 806 1540 2494 143 1541 2495 143 1541 2496 806 1540 2497 807 1542 2498 397 519 2499 74 522 2500 808 1543 2501 397 519 2502 808 1543 2503 802 1544 2504 808 1543 2505 74 522 2506 776 1401 2507 50 1402 2508 53 1545 2509 776 1401 2510 776 1401 2511 53 1546 2512 213 1547 2513 776 1401 2514 213 1547 2515 808 1543 2516 808 1543 2517 213 1547 2518 764 1548 2519 808 1543 2520 764 1548 2521 802 1544 2522 806 1549 2523 202 1550 2524 807 1551 2525 807 1552 2526 202 1553 2527 198 1554 2528 809 1555 2529 516 1556 2530 810 1557 2531 810 1558 2532 516 1559 2533 515 1560 2534 811 1561 2535 314 1562 2536 812 1563 2537 812 1563 2538 314 1562 2539 813 1564 2540 812 1565 2541 814 1566 2542 811 1567 2543 811 1568 2544 814 1569 2545 815 1570 2546 260 1571 2547 262 1572 2548 265 1573 2549 265 1574 2550 262 1575 2551 269 1576 2552 816 1577 2553 241 1578 2554 211 1579 2555 211 1580 2556 241 1581 2557 240 1582 2558 286 1583 2559 285 1584 2560 243 1585 2561 243 1585 2562 285 1584 2563 256 1586 2564 285 1584 2565 287 1587 2566 256 1586 2567 256 1588 2568 287 1589 2569 513 1590 2570 256 1588 2571 513 1590 2572 244 1591 2573 783 1592 2574 485 1593 2575 779 1594 2576 779 1594 2577 485 1593 2578 484 1595 2579 779 1596 2580 484 1597 2581 777 1598 2582 777 1598 2583 484 1597 2584 794 1599 2585 777 1598 2586 794 1599 2587 417 1600 2588 417 1600 2589 794 1599 2590 817 1601 2591 417 1602 2592 817 1601 2593 418 1603 2594 418 1603 2595 817 1601 2596 513 1590 2597 418 1603 2598 513 1590 2599 778 1604 2600 778 1604 2601 513 1590 2602 287 1589 2603 259 1605 2604 258 1606 2605 270 1607 2606 270 1608 2607 258 1609 2608 226 1610 2609 355 1611 2610 818 1612 2611 356 1613 2612 356 1614 2613 818 1615 2614 673 1616 2615 819 1617 2616 820 1618 2617 821 1619 2618 821 1619 2619 820 1618 2620 822 1620 2621 391 1621 2622 320 1622 2623 283 1623 2624 283 1624 2625 320 1625 2626 243 1626 2627 820 1627 2628 813 1628 2629 822 1629 2630 822 1629 2631 813 1628 2632 314 1630 2633 24 1631 2634 497 1632 2635 17 1633 2636 17 1633 2637 497 1632 2638 30 1634 2639 823 1635 2640 309 1636 2641 824 1637 2642 824 1638 2643 309 1639 2644 825 1640 2645 821 1641 2646 815 1642 2647 819 1643 2648 819 1644 2649 815 1645 2650 814 1646 2651 685 1647 2652 684 1648 2653 321 1649 2654 119 1650 2655 115 1651 2656 332 1652 2657 332 1653 2658 115 1654 2659 699 1655 2660 826 1656 2661 345 1657 2662 827 1658 2663 827 1659 2664 345 1660 2665 344 1661 2666 827 1662 2667 387 1663 2668 826 1664 2669 826 1665 2670 387 1666 2671 386 1667 2672 380 1668 2673 376 1669 2674 782 1670 2675 782 1670 2676 376 1669 2677 783 1671 2678 115 1672 2679 114 1673 2680 699 1674 2681 699 1675 2682 114 1676 2683 697 1677 2684 694 1678 2685 409 1679 2686 116 1680 2687 116 1681 2688 409 1682 2689 117 1683 2690 441 1684 2691 414 1685 2692 828 1686 2693 828 1687 2694 414 1688 2695 722 1689 2696 829 1690 2697 828 1691 2698 830 1692 2699 830 1692 2700 828 1691 2701 722 1693 2702 830 1692 2703 722 1693 2704 831 1694 2705 831 1695 2706 722 1696 2707 493 1697 2708 831 1698 2709 493 1699 2710 492 1700 2711 646 1701 2712 829 1702 2713 832 1703 2714 832 1704 2715 829 1705 2716 830 1706 2717 832 1707 2718 830 1708 2719 831 1709 2720 829 1690 2721 644 1710 2722 828 1691 2723 828 1711 2724 644 1712 2725 439 1713 2726 828 1711 2727 439 1713 2728 441 1714 2729 450 1715 2730 454 1716 2731 833 1717 2732 833 1717 2733 454 1716 2734 834 1718 2735 422 1719 2736 507 1720 2737 423 1721 2738 423 1722 2739 507 1723 2740 506 1724 2741 454 1725 2742 419 1726 2743 834 1727 2744 834 1727 2745 419 1726 2746 835 1728 2747 836 1729 2748 837 1730 2749 838 1731 2750 838 1731 2751 837 1730 2752 839 1732 2753 840 1733 2754 836 1734 2755 490 1735 2756 490 1736 2757 836 1729 2758 838 1731 2759 490 1737 2760 838 1738 2761 488 1739 2762 488 1740 2763 838 1741 2764 467 1742 2765 488 1740 2766 467 1742 2767 841 1743 2768 348 1744 2769 836 1745 2770 842 1746 2771 842 1747 2772 836 1734 2773 840 1733 2774 466 1748 2775 843 1749 2776 844 1750 2777 844 1750 2778 843 1749 2779 348 1744 2780 844 1750 2781 348 1744 2782 845 1751 2783 845 1751 2784 348 1744 2785 842 1746 2786 844 1750 2787 846 1752 2788 466 1748 2789 466 1748 2790 846 1752 2791 841 1753 2792 466 1754 2793 841 1743 2794 467 1742 2795 707 1128 2796 447 1755 2797 708 1129 2798 708 1756 2799 447 1757 2800 446 1758 2801 847 1759 2802 848 1760 2803 479 1761 2804 479 1761 2805 848 1760 2806 477 1762 2807 421 1763 2808 849 1764 2809 850 1765 2810 850 1765 2811 849 1764 2812 851 1766 2813 852 1767 2814 515 1768 2815 514 1769 2816 853 1770 2817 854 1771 2818 437 1772 2819 437 1772 2820 854 1771 2821 435 1773 2822 855 1774 2823 856 1775 2824 566 1776 2825 566 1776 2826 856 1775 2827 568 1777 2828 855 1778 2829 857 1779 2830 856 1780 2831 856 1780 2832 857 1779 2833 569 1781 2834 856 1780 2835 569 1781 2836 568 1782 2837 857 1779 2838 48 1783 2839 569 1781 2840 569 1784 2841 48 1785 2842 571 1786 2843 858 1787 2844 859 1788 2845 65 1789 2846 65 1789 2847 859 1788 2848 797 1790 2849 65 1789 2850 797 1790 2851 67 1791 2852 860 1792 2853 41 1793 2854 861 1794 2855 861 1794 2856 41 1793 2857 796 1795 2858 862 1796 2859 863 1797 2860 858 1798 2861 858 1798 2862 863 1797 2863 859 1799 2864 41 1800 2865 860 1801 2866 42 1802 2867 42 1802 2868 860 1801 2869 94 1803 2870 42 1802 2871 94 1803 2872 864 1804 2873 865 1805 2874 864 1804 2875 86 1806 2876 86 1806 2877 864 1804 2878 94 1803 2879 86 1806 2880 81 1807 2881 44 1808 2882 44 1808 2883 81 1807 2884 77 1809 2885 44 1808 2886 77 1809 2887 41 1810 2888 37 1811 2889 863 1812 2890 44 1808 2891 44 1808 2892 863 1812 2893 866 1813 2894 44 1808 2895 866 1813 2896 86 1806 2897 86 1806 2898 866 1813 2899 867 1814 2900 86 1806 2901 867 1814 2902 865 1805 2903 38 1815 2904 37 1811 2905 44 1808 2906 110 1816 2907 42 1802 2908 125 1817 2909 125 1817 2910 42 1802 2911 864 1804 2912 125 1817 2913 864 1804 2914 128 1818 2915 128 1818 2916 864 1804 2917 130 1819 2918 865 1805 2919 868 1820 2920 864 1804 2921 864 1804 2922 868 1820 2923 869 1821 2924 864 1804 2925 869 1821 2926 130 1819 2927 130 1819 2928 869 1821 2929 870 1822 2930 130 1819 2931 870 1822 2932 871 1823 2933 871 1823 2934 870 1822 2935 872 1824 2936 871 1823 2937 872 1824 2938 190 1825 2939 190 1825 2940 872 1824 2941 873 1826 2942 190 1825 2943 873 1826 2944 874 1827 2945 862 1828 2946 95 1829 2947 866 1813 2948 866 1813 2949 95 1829 2950 875 1830 2951 866 1813 2952 875 1830 2953 867 1814 2954 862 1828 2955 866 1813 2956 863 1812 2957 111 1831 2958 140 1832 2959 871 1823 2960 871 1823 2961 140 1832 2962 800 1833 2963 871 1823 2964 800 1833 2965 130 1819 2966 190 1825 2967 209 1834 2968 871 1823 2969 871 1823 2970 209 1834 2971 111 1831 2972 873 1826 2973 876 1835 2974 874 1827 2975 874 1827 2976 876 1835 2977 877 1836 2978 874 1827 2979 877 1836 2980 821 1837 2981 821 1837 2982 877 1836 2983 878 1838 2984 821 1837 2985 878 1838 2986 352 1839 2987 352 1839 2988 878 1838 2989 428 1840 2990 352 1839 2991 428 1840 2992 453 1841 2993 453 1841 2994 428 1840 2995 507 1842 2996 453 1841 2997 507 1842 2998 422 1843 2999 879 1844 3000 428 1840 3001 880 1845 3002 880 1845 3003 428 1840 3004 878 1838 3005 881 1846 3006 882 1847 3007 419 1848 3008 419 1848 3009 882 1847 3010 883 1849 3011 419 1850 3012 883 663 3013 420 1851 3014 420 1851 3015 883 663 3016 884 1852 3017 420 1851 3018 884 1852 3019 885 1853 3020 420 1851 3021 885 1853 3022 827 1854 3023 827 1854 3024 885 1853 3025 886 1855 3026 827 1854 3027 886 1855 3028 211 1856 3029 211 1856 3030 886 1855 3031 887 1857 3032 211 1856 3033 887 1857 3034 276 1858 3035 216 1859 3036 388 1860 3037 211 1861 3038 211 1856 3039 388 1862 3040 387 1863 3041 211 1856 3042 387 1863 3043 827 1854 3044 217 1864 3045 216 1865 3046 240 1866 3047 240 1866 3048 216 1865 3049 211 1867 3050 388 1860 3051 216 1859 3052 469 1868 3053 827 1854 3054 344 1869 3055 420 1851 3056 420 1851 3057 344 1869 3058 470 1870 3059 420 1851 3060 470 1870 3061 469 1871 3062 469 1871 3063 451 1872 3064 420 1851 3065 420 1851 3066 451 1872 3067 450 1873 3068 420 1851 3069 450 1873 3070 849 1874 3071 421 1875 3072 420 1851 3073 849 1874 3074 426 595 3075 881 1846 3076 454 593 3077 454 593 3078 881 1846 3079 419 1848 3080 426 595 3081 428 1840 3082 881 1846 3083 881 1846 3084 428 1840 3085 879 1844 3086 881 1846 3087 879 1844 3088 882 1847 3089 422 1843 3090 449 1876 3091 453 1841 3092 888 1877 3093 889 1878 3094 453 1841 3095 453 1841 3096 889 1878 3097 309 1879 3098 453 1841 3099 309 1879 3100 352 1839 3101 453 1880 3102 452 1881 3103 888 1882 3104 888 1882 3105 452 1881 3106 554 1883 3107 554 1884 3108 452 1885 3109 552 1886 3110 552 1886 3111 452 1885 3112 426 1887 3113 552 1888 3114 426 1889 3115 451 1890 3116 216 1859 3117 890 1891 3118 469 1868 3119 469 1892 3120 890 1893 3121 552 1894 3122 469 1871 3123 552 1895 3124 451 1872 3125 890 1896 3126 216 1897 3127 215 1898 3128 889 1899 3129 888 1900 3130 891 1901 3131 310 1902 3132 892 1903 3133 319 1904 3134 309 1879 3135 889 1878 3136 310 1905 3137 310 1902 3138 889 1899 3139 891 1901 3140 310 1902 3141 891 1901 3142 892 1903 3143 892 1906 3144 891 1907 3145 893 1908 3146 892 1909 3147 893 1910 3148 894 1911 3149 894 1912 3150 893 1913 3151 895 1914 3152 338 1915 3153 315 1916 3154 352 1839 3155 352 1839 3156 315 1916 3157 815 1917 3158 352 1839 3159 815 1917 3160 821 1837 3161 311 1918 3162 315 1916 3163 340 1919 3164 340 1919 3165 315 1916 3166 338 1915 3167 815 1917 3168 315 1916 3169 811 1920 3170 811 1920 3171 315 1916 3172 314 1921 3173 822 1922 3174 180 1923 3175 821 1837 3176 821 1837 3177 180 1923 3178 874 1827 3179 316 1924 3180 180 1923 3181 314 1925 3182 314 1925 3183 180 1923 3184 822 1922 3185 315 1926 3186 319 1927 3187 316 1924 3188 316 1924 3189 319 1927 3190 896 1928 3191 316 1924 3192 896 1928 3193 180 1923 3194 180 1923 3195 896 1928 3196 897 1929 3197 180 1923 3198 897 1929 3199 109 1930 3200 109 1930 3201 897 1929 3202 898 663 3203 109 1930 3204 898 663 3205 899 1931 3206 180 1923 3207 158 1932 3208 874 1827 3209 874 1827 3210 158 1932 3211 186 1933 3212 874 1827 3213 186 1933 3214 190 1825 3215 206 1934 3216 111 1831 3217 209 1834 3218 109 1935 3219 111 1831 3220 159 1936 3221 159 1936 3222 111 1831 3223 206 1934 3224 140 1832 3225 111 1831 3226 110 1937 3227 900 1938 3228 84 1939 3229 901 1940 3230 901 1940 3231 84 1939 3232 40 1941 3233 901 1940 3234 40 1941 3235 902 1942 3236 902 1942 3237 40 1941 3238 38 1815 3239 902 1942 3240 38 1815 3241 903 1943 3242 903 1943 3243 38 1815 3244 44 1808 3245 903 1943 3246 44 1808 3247 904 1944 3248 904 1944 3249 44 1808 3250 42 1802 3251 904 1944 3252 42 1802 3253 899 1931 3254 899 1931 3255 42 1802 3256 110 1816 3257 899 1931 3258 110 1816 3259 109 1930 3260 905 1945 3261 906 1946 3262 907 1947 3263 907 1947 3264 906 1946 3265 900 1938 3266 907 1947 3267 900 1938 3268 901 1940 3269 84 1939 3270 900 1938 3271 215 1948 3272 908 1949 3273 909 1950 3274 95 1829 3275 95 1829 3276 909 1950 3277 910 1951 3278 95 1829 3279 910 1951 3280 875 1830 3281 64 1952 3282 68 1953 3283 40 1954 3284 40 1954 3285 68 1953 3286 37 1955 3287 83 1956 3288 908 1949 3289 40 1954 3290 40 1954 3291 908 1949 3292 95 1829 3293 40 1954 3294 95 1829 3295 64 1952 3296 169 1957 3297 168 1958 3298 908 1949 3299 908 1949 3300 168 1958 3301 132 1959 3302 908 1949 3303 132 1959 3304 144 1960 3305 144 1960 3306 132 1959 3307 102 1961 3308 102 1961 3309 104 1962 3310 144 1960 3311 144 1960 3312 104 1962 3313 84 1963 3314 144 1960 3315 84 1963 3316 215 1964 3317 143 1965 3318 807 1966 3319 144 1960 3320 144 1960 3321 807 1966 3322 198 1967 3323 144 1960 3324 198 1967 3325 908 1949 3326 908 1949 3327 198 1967 3328 197 1968 3329 908 1949 3330 197 1968 3331 909 1950 3332 909 1950 3333 197 1968 3334 210 1969 3335 210 1969 3336 197 1968 3337 211 1970 3338 211 1970 3339 197 1968 3340 803 1971 3341 211 1970 3342 803 1971 3343 181 1972 3344 181 1972 3345 803 1971 3346 143 1973 3347 576 1974 3348 586 1975 3349 573 1976 3350 573 484 3351 586 484 3352 574 484 3353 152 1977 3354 150 1978 3355 911 1979 3356 911 1980 3357 150 1981 3358 607 1982 3359 51 1983 3360 390 1984 3361 53 1985 3362 53 1985 3363 390 1984 3364 213 1986 3365 169 1987 3366 908 1988 3367 142 1989 3368 142 1989 3369 908 1988 3370 83 1990 3371 123 1991 3372 124 1992 3373 912 1993 3374 912 1994 3375 124 1995 3376 913 1996 3377 169 1997 3378 142 1998 3379 167 1999 3380 167 2000 3381 142 2001 3382 141 2002 3383 594 2003 3384 593 2004 3385 914 2005 3386 914 2006 3387 593 2007 3388 915 2008 3389 164 2009 3390 916 2010 3391 161 2011 3392 161 174 3393 916 2012 3394 162 175 3395 164 2013 3396 151 2014 3397 916 2015 3398 916 2012 3399 151 2016 3400 148 2017 3401 916 2012 3402 148 2017 3403 162 175 3404 132 2018 3405 168 2019 3406 170 2020 3407 170 2021 3408 168 2022 3409 167 2023 3410 177 2024 3411 280 2025 3412 630 2026 3413 630 2027 3414 280 2028 3415 282 2029 3416 630 2027 3417 282 2029 3418 631 2030 3419 144 2031 3420 215 2032 3421 145 2033 3422 145 2033 3423 215 2032 3424 181 2034 3425 917 2035 3426 175 2036 3427 918 2037 3428 918 2037 3429 175 2036 3430 174 2038 3431 917 2039 3432 918 2040 3433 759 2041 3434 759 2041 3435 918 2040 3436 174 2042 3437 176 2043 3438 578 2044 3439 47 2045 3440 47 2046 3441 578 2047 3442 48 2048 3443 158 2049 3444 159 2050 3445 185 2051 3446 185 2052 3447 159 2053 3448 208 2054 3449 505 2055 3450 798 2056 3451 731 2057 3452 731 2057 3453 798 2056 3454 392 2058 3455 731 2059 3456 392 2060 3457 323 2061 3458 505 2055 3459 731 2057 3460 919 2062 3461 919 2062 3462 731 2057 3463 733 2063 3464 919 2062 3465 733 2063 3466 920 2064 3467 920 2064 3468 733 2063 3469 735 2065 3470 920 2064 3471 735 2065 3472 921 2066 3473 324 2067 3474 322 2068 3475 922 2069 3476 922 2069 3477 322 2068 3478 283 2070 3479 318 2071 3480 229 1230 3481 327 2072 3482 327 2072 3483 229 1230 3484 325 1229 3485 279 2073 3486 765 2074 3487 277 2075 3488 277 2075 3489 765 2074 3490 923 2076 3491 320 2077 3492 391 1420 3493 286 2078 3494 286 2078 3495 391 1420 3496 399 1421 3497 399 1428 3498 287 1427 3499 286 2079 3500 473 2080 3501 472 2081 3502 924 2082 3503 924 2082 3504 472 2081 3505 384 2083 3506 924 2084 3507 384 2085 3508 383 2086 3509 306 2087 3510 181 2088 3511 308 2089 3512 308 2089 3513 181 2088 3514 925 2090 3515 926 2091 3516 298 2092 3517 927 2093 3518 927 2093 3519 298 2092 3520 297 2094 3521 211 2095 3522 306 2096 3523 816 2097 3524 816 2097 3525 306 2096 3526 307 2098 3527 242 2099 3528 928 2100 3529 217 2101 3530 217 2101 3531 928 2100 3532 925 2102 3533 217 2101 3534 925 2102 3535 181 2103 3536 250 2104 3537 278 2105 3538 249 2106 3539 249 2106 3540 278 2105 3541 290 2107 3542 696 2108 3543 694 2109 3544 118 2110 3545 118 2111 3546 694 2112 3547 116 2113 3548 118 2114 3549 119 2115 3550 696 2116 3551 696 2116 3552 119 2115 3553 332 2117 3554 336 2118 3555 929 2119 3556 337 2120 3557 337 2121 3558 929 2122 3559 930 2123 3560 685 2124 3561 283 2125 3562 686 2126 3563 464 2127 3564 463 2128 3565 727 2129 3566 727 2129 3567 463 2128 3568 728 2130 3569 931 2131 3570 352 2132 3571 823 2133 3572 823 2133 3573 352 2132 3574 309 2134 3575 693 2135 3576 697 2136 3577 113 2137 3578 113 2138 3579 697 2139 3580 114 2140 3581 353 2141 3582 932 2142 3583 933 2143 3584 933 2144 3585 932 2145 3586 934 2146 3587 832 2147 3588 648 2148 3589 646 933 3590 646 933 3591 648 2148 3592 647 934 3593 378 2149 3594 377 2150 3595 665 2151 3596 665 2151 3597 377 2150 3598 379 2152 3599 935 2153 3600 936 2154 3601 937 2155 3602 937 2156 3603 936 2157 3604 124 2158 3605 938 2159 3606 930 2160 3607 939 2161 3608 939 2161 3609 930 2160 3610 929 2162 3611 223 2163 3612 289 2164 3613 935 2165 3614 935 2166 3615 289 2167 3616 936 2168 3617 935 2169 3618 937 2170 3619 223 2171 3620 223 2171 3621 937 2170 3622 940 2172 3623 223 2171 3624 940 2172 3625 788 2173 3626 427 2174 3627 941 2175 3628 720 2176 3629 720 2176 3630 941 2175 3631 721 2177 3632 849 2178 3633 450 2179 3634 851 2180 3635 851 2180 3636 450 2179 3637 833 2181 3638 413 2182 3639 942 2183 3640 723 2184 3641 723 2185 3642 942 2186 3643 651 2187 3644 723 2185 3645 651 2187 3646 494 2188 3647 26 2189 3648 443 2190 3649 12 2191 3650 12 2192 3651 443 2193 3652 35 2194 3653 432 2195 3654 435 2196 3655 442 2197 3656 442 2197 3657 435 2196 3658 854 2198 3659 442 2199 3660 943 2200 3661 14 2201 3662 14 2202 3663 943 2203 3664 5 2204 3665 14 2202 3666 5 2204 3667 2 2205 3668 839 2206 3669 446 2207 3670 838 2208 3671 838 2208 3672 446 2207 3673 448 2209 3674 837 2210 3675 713 2211 3676 839 2212 3677 839 2206 3678 713 2213 3679 714 2214 3680 839 2206 3681 714 2214 3682 446 2207 3683 836 2215 3684 719 2216 3685 837 2217 3686 837 2217 3687 719 2216 3688 712 2218 3689 837 2217 3690 712 2218 3691 713 2219 3692 309 2220 3693 311 2221 3694 825 2222 3695 825 2223 3696 311 2224 3697 339 2225 3698 463 2226 3699 462 2227 3700 728 2228 3701 728 2228 3702 462 2227 3703 725 2229 3704 728 2228 3705 725 2229 3706 407 2230 3707 411 2231 3708 407 2232 3709 688 2233 3710 688 2234 3711 407 2230 3712 725 2229 3713 688 2234 3714 725 2229 3715 425 2235 3716 425 2235 3717 725 2229 3718 1 2236 3719 425 2237 3720 1 2238 3721 3 2239 3722 461 2240 3723 456 2241 3724 724 2242 3725 724 2243 3726 456 2244 3727 455 2245 3728 644 931 3729 829 2246 3730 645 932 3731 645 932 3732 829 2246 3733 646 933 3734 474 2247 3735 477 2248 3736 944 2249 3737 944 2249 3738 477 2248 3739 848 2250 3740 478 2251 3741 476 2252 3742 945 2253 3743 945 2254 3744 476 2255 3745 486 2256 3746 419 2257 3747 421 2258 3748 835 2259 3749 835 2260 3750 421 2261 3751 850 2262 3752 514 2263 3753 516 2264 3754 946 2265 3755 946 2266 3756 516 2267 3757 809 2268 3758 920 2269 3759 503 2270 3760 919 2271 3761 919 2271 3762 503 2270 3763 505 2272 3764 504 2273 3765 503 2270 3766 947 2274 3767 947 2274 3768 503 2270 3769 920 2269 3770 948 2275 3771 949 2276 3772 950 2277 3773 950 2277 3774 949 2276 3775 951 2278 3776 952 2279 3777 371 2280 3778 683 2281 3779 683 2282 3780 371 2283 3781 373 168 3782 544 2284 3783 228 2285 3784 545 2286 3785 545 2286 3786 228 2285 3787 780 2287 3788 953 2288 3789 954 2289 3790 583 2290 3791 583 2291 3792 954 2292 3793 955 2293 3794 583 2291 3795 955 2293 3796 587 2294 3797 587 2295 3798 955 2296 3799 690 2297 3800 587 2295 3801 690 2297 3802 590 2298 3803 953 2288 3804 956 2299 3805 954 2289 3806 954 2300 3807 956 2301 3808 519 2302 3809 954 2303 3810 519 2304 3811 957 2305 3812 582 2306 3813 763 2307 3814 583 2308 3815 583 2308 3816 763 2307 3817 958 2309 3818 583 2308 3819 958 2309 3820 953 2310 3821 953 2310 3822 958 2309 3823 517 2311 3824 953 2288 3825 517 2312 3826 956 2299 3827 956 2301 3828 517 2313 3829 519 2302 3830 920 2314 3831 517 2315 3832 947 2316 3833 947 2316 3834 517 2315 3835 958 2309 3836 947 2316 3837 958 2309 3838 763 2307 3839 706 2317 3840 691 2318 3841 959 2319 3842 959 2320 3843 691 2321 3844 690 2297 3845 959 2320 3846 690 2297 3847 957 2305 3848 957 2305 3849 690 2297 3850 955 2296 3851 957 2305 3852 955 2296 3853 954 2303 3854 518 2322 3855 960 2323 3856 519 2324 3857 519 2325 3858 960 2326 3859 959 2320 3860 519 2325 3861 959 2320 3862 957 2305 3863 11 2327 3864 8 2328 3865 853 2329 3866 853 2329 3867 8 2328 3868 5 2330 3869 853 2329 3870 5 2330 3871 854 2331 3872 442 2332 3873 854 2333 3874 943 2334 3875 943 2334 3876 854 2333 3877 5 2335 3878 80 2336 3879 78 2337 3880 796 2338 3881 796 2338 3882 78 2337 3883 88 2339 3884 796 2338 3885 88 2339 3886 861 2340 3887 586 2341 3888 585 2342 3889 574 2343 3890 574 2343 3891 585 2342 3892 138 2344 3893 574 2343 3894 138 2344 3895 137 2345 3896 915 2346 3897 593 2347 3898 137 2348 3899 137 2345 3900 593 2349 3901 570 2350 3902 137 2345 3903 570 2350 3904 574 2343 3905 859 2351 3906 863 2352 3907 797 2353 3908 797 2353 3909 863 2352 3910 37 2354 3911 45 2355 3912 961 2356 3913 70 2357 3914 70 2358 3915 961 2359 3916 182 2360 3917 760 2361 3918 70 2362 3919 184 2363 3920 184 2364 3921 70 2358 3922 182 2360 3923 88 2365 3924 94 2366 3925 861 2367 3926 861 2368 3927 94 2369 3928 860 2370 3929 598 2371 3930 601 2372 3931 962 2373 3932 962 2374 3933 601 2375 3934 757 2376 3935 65 2377 3936 95 2378 3937 858 2379 3938 858 2379 3939 95 2378 3940 862 2380 3941 578 2381 3942 575 2382 3943 48 2383 3944 48 2384 3945 575 2385 3946 963 2386 3947 575 2387 3948 572 2388 3949 963 2389 3950 963 2390 3951 572 2391 3952 571 2392 3953 963 2390 3954 571 2392 3955 48 2393 3956 961 2394 3957 45 2395 3958 857 2396 3959 857 2397 3960 45 2398 3961 48 2399 3962 141 2400 3963 103 2401 3964 167 2402 3965 167 2402 3966 103 2401 3967 131 2403 3968 167 2402 3969 131 2403 3970 170 2404 3971 141 2405 3972 83 2406 3973 103 2407 3974 103 2408 3975 83 2409 3976 104 2410 3977 940 2411 3978 937 2412 3979 964 2413 3980 964 2414 3981 937 2415 3982 124 2416 3983 964 2414 3984 124 2416 3985 121 2417 3986 139 2418 3987 110 2419 3988 127 2420 3989 127 2421 3990 110 2422 3991 125 2423 3992 581 2424 3993 763 2425 3994 799 2426 3995 799 2427 3996 763 2428 3997 392 2429 3998 156 2430 3999 606 2431 4000 154 2432 4001 154 2433 4002 606 2434 4003 96 2435 4004 154 2436 4005 96 2437 4006 98 2438 4007 801 2439 4008 139 2440 4009 129 2441 4010 129 2441 4011 139 2440 4012 127 2442 4013 129 2441 4014 127 2442 4015 126 2443 4016 163 2444 4017 161 2445 4018 965 2446 4019 965 2446 4020 161 2445 4021 160 2447 4022 616 2448 4023 274 2449 4024 609 2450 4025 609 2450 4026 274 2449 4027 273 2451 4028 609 2452 4029 273 2453 4030 610 2454 4031 190 2455 4032 192 2456 4033 209 2457 4034 209 2458 4035 192 2459 4036 207 2460 4037 759 2461 4038 760 2462 4039 183 2463 4040 183 2464 4041 760 2465 4042 184 2466 4043 176 1284 4044 47 2467 4045 71 1282 4046 71 1282 4047 47 2467 4048 45 2468 4049 191 2469 4050 185 2470 4051 192 2471 4052 192 2471 4053 185 2470 4054 208 2472 4055 192 2473 4056 208 2474 4057 207 2475 4058 805 2476 4059 804 2477 4060 806 2478 4061 806 2478 4062 804 2477 4063 196 2479 4064 806 2478 4065 196 2479 4066 202 2480 4067 510 1448 4068 512 2481 4069 792 1452 4070 792 1452 4071 512 2481 4072 221 2482 4073 792 1452 4074 221 2483 4075 231 1451 4076 231 1451 4077 221 2483 4078 232 2484 4079 232 2484 4080 221 2483 4081 223 2485 4082 232 2486 4083 223 2487 4084 788 2488 4085 405 2489 4086 23 2490 4087 234 2491 4088 234 2492 4089 23 2493 4090 21 2494 4091 234 2495 4092 21 2496 4093 235 2497 4094 235 2498 4095 21 2499 4096 269 2500 4097 269 2501 4098 262 2502 4099 317 2503 4100 317 2504 4101 262 2505 4102 261 2506 4103 789 2507 4104 788 2508 4105 966 2509 4106 966 2510 4107 788 2511 4108 940 2512 4109 967 2513 4110 968 2514 4111 969 2515 4112 969 2515 4113 968 2514 4114 970 2516 4115 269 2517 4116 317 2518 4117 225 2519 4118 225 2520 4119 317 2521 4120 270 2522 4121 267 2523 4122 238 2524 4123 225 2525 4124 225 2525 4125 238 2524 4126 237 2526 4127 225 2527 4128 237 2528 4129 269 2529 4130 269 2529 4131 237 2528 4132 235 2530 4133 299 2531 4134 766 1318 4135 297 2532 4136 297 2532 4137 766 1318 4138 768 1317 4139 297 2533 4140 768 2534 4141 971 2535 4142 226 2536 4143 258 2537 4144 266 2538 4145 266 2539 4146 258 2540 4147 257 2541 4148 291 2542 4149 292 2543 4150 972 2544 4151 972 2545 4152 292 2546 4153 973 2547 4154 972 2545 4155 973 2547 4156 974 2548 4157 975 2549 4158 976 2550 4159 977 2551 4160 977 2551 4161 976 2550 4162 978 2552 4163 977 2551 4164 978 2552 4165 979 2553 4166 979 2553 4167 978 2552 4168 980 2554 4169 979 2553 4170 980 2554 4171 981 2555 4172 981 2555 4173 980 2554 4174 982 2556 4175 981 2555 4176 982 2556 4177 983 2557 4178 983 2557 4179 982 2556 4180 984 2558 4181 983 2557 4182 984 2558 4183 985 2559 4184 985 2559 4185 984 2558 4186 986 2560 4187 985 2559 4188 986 2560 4189 987 2561 4190 987 2561 4191 986 2560 4192 988 2562 4193 987 2561 4194 988 2562 4195 989 2563 4196 989 2563 4197 988 2562 4198 276 2564 4199 989 2563 4200 276 2564 4201 990 2565 4202 990 2566 4203 276 2567 4204 991 2568 4205 990 2566 4206 991 2568 4207 992 2569 4208 992 2569 4209 991 2568 4210 993 2570 4211 992 2569 4212 993 2570 4213 994 2571 4214 994 2571 4215 993 2570 4216 995 2572 4217 994 2571 4218 995 2572 4219 996 2573 4220 975 2549 4221 868 2574 4222 976 2550 4223 975 2549 4224 997 2575 4225 868 2574 4226 868 2574 4227 997 2575 4228 998 2576 4229 868 2574 4230 998 2576 4231 869 2577 4232 869 2577 4233 998 2576 4234 999 2578 4235 869 2577 4236 999 2578 4237 870 2579 4238 870 2579 4239 999 2578 4240 1000 2580 4241 870 2579 4242 1000 2580 4243 872 2581 4244 872 2581 4245 1000 2580 4246 1001 2582 4247 872 2581 4248 1001 2582 4249 873 2583 4250 873 2583 4251 1001 2582 4252 1002 2584 4253 873 2583 4254 1002 2584 4255 876 2585 4256 876 2585 4257 1002 2584 4258 1003 2586 4259 876 2585 4260 1003 2586 4261 877 2587 4262 877 2587 4263 1003 2586 4264 1004 2588 4265 877 2587 4266 1004 2588 4267 878 2589 4268 878 2589 4269 1004 2588 4270 1005 2590 4271 878 2589 4272 1005 2590 4273 880 2591 4274 880 2591 4275 1005 2590 4276 1006 2592 4277 880 2591 4278 1006 2592 4279 879 2593 4280 879 2593 4281 1006 2592 4282 1007 2594 4283 879 2593 4284 1007 2594 4285 882 2595 4286 1008 2596 4287 1007 2594 4288 1009 2597 4289 1009 2597 4290 1007 2594 4291 1006 2592 4292 1009 2597 4293 1006 2592 4294 1010 2598 4295 1010 2598 4296 1006 2592 4297 1005 2590 4298 1010 2598 4299 1005 2590 4300 1011 2599 4301 1011 2599 4302 1005 2590 4303 1004 2588 4304 1011 2599 4305 1004 2588 4306 1012 2600 4307 1012 2600 4308 1004 2588 4309 1003 2586 4310 1012 2600 4311 1003 2586 4312 1013 2601 4313 1013 2601 4314 1003 2586 4315 1002 2584 4316 1013 2601 4317 1002 2584 4318 1014 2602 4319 1014 2602 4320 1002 2584 4321 1001 2582 4322 1014 2602 4323 1001 2582 4324 1015 2603 4325 1015 2603 4326 1001 2582 4327 1000 2580 4328 1015 2603 4329 1000 2580 4330 1016 2604 4331 1016 2604 4332 1000 2580 4333 999 2578 4334 1016 2604 4335 999 2578 4336 1017 2605 4337 1017 2605 4338 999 2578 4339 998 2576 4340 1017 2605 4341 998 2576 4342 997 2575 4343 996 2573 4344 995 2572 4345 1018 2606 4346 1018 2606 4347 995 2572 4348 884 2607 4349 1018 2606 4350 884 2607 4351 883 2608 4352 868 2574 4353 865 2609 4354 976 2550 4355 976 2550 4356 865 2609 4357 867 2610 4358 976 2550 4359 867 2610 4360 978 2552 4361 978 2552 4362 867 2610 4363 875 2611 4364 978 2552 4365 875 2611 4366 980 2554 4367 980 2554 4368 875 2611 4369 910 2612 4370 980 2554 4371 910 2612 4372 982 2556 4373 982 2556 4374 910 2612 4375 909 2613 4376 982 2556 4377 909 2613 4378 984 2558 4379 984 2558 4380 909 2613 4381 210 2614 4382 984 2558 4383 210 2614 4384 986 2560 4385 986 2560 4386 210 2614 4387 212 2615 4388 986 2560 4389 212 2615 4390 988 2562 4391 988 2562 4392 212 2615 4393 276 2616 4394 882 2595 4395 1007 2594 4396 1019 2617 4397 1019 2617 4398 1007 2594 4399 1008 2596 4400 1019 2617 4401 1008 2596 4402 1020 2618 4403 1019 2617 4404 883 2608 4405 882 2595 4406 883 2608 4407 1019 2617 4408 1018 2606 4409 1018 2606 4410 1019 2617 4411 1020 2618 4412 1018 2606 4413 1020 2618 4414 996 2573 4415 884 2607 4416 995 2572 4417 885 2619 4418 885 2619 4419 995 2572 4420 993 2570 4421 885 2619 4422 993 2570 4423 886 2620 4424 886 2620 4425 993 2570 4426 991 2568 4427 886 2620 4428 991 2568 4429 887 2621 4430 887 2621 4431 991 2568 4432 276 2567 4433 281 2622 4434 284 2623 4435 296 2624 4436 296 2624 4437 284 2623 4438 613 2625 4439 297 2626 4440 971 2627 4441 927 2628 4442 927 2628 4443 971 2627 4444 1021 2629 4445 927 2628 4446 1021 2629 4447 926 2630 4448 974 2631 4449 973 2632 4450 335 2633 4451 335 2634 4452 973 2635 4453 336 2636 4454 813 2637 4455 820 2638 4456 812 2639 4457 812 2639 4458 820 2638 4459 819 2640 4460 812 2639 4461 819 2640 4462 814 2641 4463 307 2642 4464 308 2643 4465 928 2644 4466 928 2645 4467 308 2646 4468 925 2647 4469 380 2648 4470 782 2649 4471 487 2650 4472 487 2650 4473 782 2649 4474 780 2651 4475 307 2652 4476 928 2653 4477 816 2654 4478 816 2654 4479 928 2653 4480 242 2655 4481 816 2654 4482 242 2655 4483 241 2656 4484 844 2657 4485 1022 2658 4486 846 2659 4487 846 2660 4488 1022 2661 4489 1023 2662 4490 846 2660 4491 1023 2662 4492 841 2663 4493 848 2664 4494 24 2665 4495 944 2666 4496 944 2666 4497 24 2665 4498 1024 2667 4499 944 2666 4500 1024 2667 4501 486 2668 4502 832 2669 4503 831 2670 4504 648 2671 4505 648 2672 4506 831 2673 4507 492 2674 4508 648 2675 4509 492 2676 4510 649 2677 4511 1012 663 4512 1013 663 4513 1011 663 4514 1011 663 4515 1013 663 4516 1014 663 4517 1011 663 4518 1014 663 4519 1010 663 4520 1010 2678 4521 1014 2678 4522 1015 2678 4523 1010 663 4524 1015 663 4525 1009 663 4526 1009 2679 4527 1015 2679 4528 1016 2679 4529 1009 663 4530 1016 663 4531 1008 663 4532 1008 663 4533 1016 663 4534 1017 663 4535 1008 663 4536 1017 663 4537 1020 663 4538 1020 2680 4539 1017 2680 4540 997 2680 4541 1020 663 4542 997 663 4543 996 663 4544 996 2681 4545 997 2681 4546 975 2681 4547 996 663 4548 975 663 4549 994 663 4550 994 663 4551 975 663 4552 977 663 4553 994 2682 4554 977 2682 4555 992 2682 4556 992 2683 4557 977 2683 4558 979 2683 4559 992 2684 4560 979 2684 4561 990 2684 4562 990 2685 4563 979 2685 4564 981 2685 4565 990 663 4566 981 663 4567 989 663 4568 989 663 4569 981 663 4570 983 663 4571 989 663 4572 983 663 4573 987 663 4574 987 2686 4575 983 2686 4576 985 2686 4577 823 2687 4578 824 2688 4579 931 2689 4580 931 2690 4581 824 2691 4582 934 2692 4583 931 2690 4584 934 2692 4585 932 2693 4586 290 2694 4587 277 2695 4588 1025 2696 4589 1025 2696 4590 277 2695 4591 1026 2697 4592 469 2698 4593 468 2699 4594 388 2700 4595 388 2700 4596 468 2699 4597 386 2701 4598 842 2702 4599 1027 2703 4600 845 2704 4601 845 2705 4602 1027 2706 4603 1028 2707 4604 1023 2708 4605 1022 2709 4606 1029 2710 4607 1029 2710 4608 1022 2709 4609 1028 2711 4610 1029 2710 4611 1028 2711 4612 1027 2712 4613 1027 2712 4614 491 2713 4615 1029 2710 4616 1029 2710 4617 491 2713 4618 489 2714 4619 1029 2710 4620 489 2714 4621 1023 2708 4622 321 2715 4623 389 2716 4624 685 2717 4625 685 2718 4626 389 2719 4627 391 2720 4628 973 2721 4629 292 2722 4630 1030 2723 4631 1030 2723 4632 292 2722 4633 293 2724 4634 1030 2723 4635 293 2724 4636 939 2725 4637 939 2725 4638 929 2726 4639 1030 2723 4640 1030 2723 4641 929 2726 4642 336 2727 4643 1030 2723 4644 336 2727 4645 973 2721 4646 455 2728 4647 457 2729 4648 727 2730 4649 727 2730 4650 457 2729 4651 464 2731 4652 391 2732 4653 283 2733 4654 685 2734 4655 825 2735 4656 339 2736 4657 824 2737 4658 824 2737 4659 339 2736 4660 933 2738 4661 824 2737 4662 933 2738 4663 934 2739 4664 298 2740 4665 318 2741 4666 299 2742 4667 299 2743 4668 318 2744 4669 327 2745 4670 938 2746 4671 939 2747 4672 347 2748 4673 347 2749 4674 939 2750 4675 293 2751 4676 346 2752 4677 345 2753 4678 468 2754 4679 468 2754 4680 345 2753 4681 826 2755 4682 468 2754 4683 826 2755 4684 386 2756 4685 117 2757 4686 410 2758 4687 112 2759 4688 112 2760 4689 410 2761 4690 693 2762 4691 112 2760 4692 693 2762 4693 113 2763 4694 947 2764 4695 763 2765 4696 504 2766 4697 504 2767 4698 763 2768 4699 798 2769 4700 504 2770 4701 798 2771 4702 505 2772 4703 729 2773 4704 32 2774 4705 726 2775 4706 726 2776 4707 32 2777 4708 15 2778 4709 726 2776 4710 15 2778 4711 1 2779 4712 701 2780 4713 700 2781 4714 302 2782 4715 302 2783 4716 700 1113 4717 300 1112 4718 353 2784 4719 352 2785 4720 932 2786 4721 932 2786 4722 352 2785 4723 931 2787 4724 353 2788 4725 933 2789 4726 338 2790 4727 338 2791 4728 933 2792 4729 339 2793 4730 1022 2794 4731 844 2795 4732 1028 2796 4733 1028 2797 4734 844 2798 4735 845 2799 4736 406 2800 4737 34 2801 4738 729 2802 4739 729 2803 4740 34 2804 4741 32 2805 4742 99 2806 4743 108 2807 4744 1031 2808 4745 1031 2808 4746 108 2807 4747 695 2809 4748 1031 2810 4749 695 2811 4750 331 2812 4751 331 2813 4752 695 2814 4753 300 2815 4754 408 2816 4755 333 2817 4756 913 2818 4757 913 2819 4758 333 2820 4759 698 2821 4760 913 2819 4761 698 2821 4762 912 2822 4763 912 2823 4764 698 2824 4765 100 2825 4766 912 2823 4767 100 2825 4768 123 2826 4769 123 2826 4770 100 2825 4771 99 2827 4772 1032 2828 4773 222 2829 4774 1033 2830 4775 351 2831 4776 1034 2832 4777 501 2833 4778 501 2834 4779 1034 2835 4780 1032 2828 4781 501 2834 4782 1032 2828 4783 502 2836 4784 502 2836 4785 1032 2828 4786 1033 2830 4787 502 2837 4788 1033 2838 4789 1035 2839 4790 1035 2839 4791 1033 2838 4792 222 2840 4793 1035 2841 4794 222 2842 4795 221 2843 4796 124 1995 4797 936 2844 4798 913 1996 4799 913 2845 4800 936 2846 4801 1036 2847 4802 913 2845 4803 1036 2847 4804 408 2848 4805 408 2848 4806 1036 2847 4807 1034 2849 4808 408 2850 4809 1034 2832 4810 351 2831 4811 1036 2847 4812 936 2846 4813 1034 2849 4814 1034 2835 4815 936 2851 4816 289 2852 4817 1034 2835 4818 289 2852 4819 1032 2828 4820 1032 2828 4821 289 2852 4822 288 2853 4823 1032 2828 4824 288 2853 4825 222 2829 4826 406 2854 4827 267 2855 4828 34 2856 4829 34 2856 4830 267 2855 4831 263 2857 4832 721 2858 4833 941 2859 4834 424 2860 4835 424 2860 4836 941 2859 4837 449 2861 4838 487 2862 4839 780 2863 4840 1037 2864 4841 1037 2865 4842 780 2866 4843 784 2867 4844 506 2868 4845 428 2869 4846 720 2870 4847 720 2870 4848 428 2869 4849 427 2871 4850 486 2872 4851 1038 2873 4852 445 583 4853 445 583 4854 1038 2873 4855 1039 2874 4856 445 583 4857 1039 2874 4858 443 581 4859 1040 2875 4860 1041 2876 4861 1042 2877 4862 1042 2877 4863 1041 2876 4864 1043 2878 4865 1042 2877 4866 1043 2878 4867 1044 2879 4868 1044 2879 4869 1043 2878 4870 1045 2880 4871 1044 2879 4872 1045 2880 4873 1046 2881 4874 1046 2881 4875 1045 2880 4876 701 1175 4877 1046 2881 4878 701 1175 4879 1039 2882 4880 1039 2882 4881 701 1175 4882 562 1174 4883 1039 2883 4884 562 2884 4885 443 2885 4886 486 2886 4887 445 2887 4888 945 2888 4889 945 2888 4890 445 2887 4891 444 2889 4892 945 2890 4893 444 2891 4894 847 2892 4895 414 2893 4896 441 2894 4897 415 2895 4898 415 2895 4899 441 2894 4900 1047 2896 4901 432 2897 4902 442 2898 4903 433 2899 4904 433 2900 4905 442 2901 4906 555 2902 4907 413 2903 4908 655 2904 4909 942 2905 4910 942 2906 4911 655 2907 4912 650 2908 4913 942 2909 4914 650 2910 4915 651 2911 4916 452 2912 4917 449 2913 4918 426 2914 4919 426 2915 4920 449 2916 4921 941 2917 4922 426 2915 4923 941 2917 4924 427 2918 4925 344 2919 4926 346 2920 4927 470 2921 4928 470 2922 4929 346 2923 4930 468 2924 4931 461 2925 4932 724 2926 4933 462 2927 4934 462 2927 4935 724 2926 4936 725 2928 4937 24 2929 4938 401 2930 4939 1024 2931 4940 1024 2932 4941 401 2933 4942 1038 2934 4943 1024 2932 4944 1038 2934 4945 486 2935 4946 405 484 4947 1040 2936 4948 401 2937 4949 401 2937 4950 1040 2936 4951 1044 2938 4952 401 2939 4953 1044 2940 4954 1038 2941 4955 1038 2941 4956 1044 2940 4957 1046 2942 4958 1038 2941 4959 1046 2942 4960 1039 2943 4961 474 2944 4962 944 2945 4963 475 2946 4964 475 2946 4965 944 2945 4966 486 2947 4967 847 2948 4968 479 2949 4969 945 2950 4970 945 2950 4971 479 2949 4972 478 2951 4973 490 2952 4974 491 2953 4975 840 2954 4976 840 2955 4977 491 2956 4978 1027 2957 4979 840 2955 4980 1027 2957 4981 842 2958 4982 847 2959 4983 497 2960 4984 848 2664 4985 848 2664 4986 497 2960 4987 24 2665 4988 498 2961 4989 497 2960 4990 444 2962 4991 444 2962 4992 497 2960 4993 847 2959 4994 26 2963 4995 29 2964 4996 443 2965 4997 443 2965 4998 29 2964 4999 444 2966 5000 1048 2967 5001 459 2968 5002 1049 2969 5003 1049 2970 5004 459 2971 5005 661 2972 5006 444 2973 5007 29 2974 5008 498 2975 5009 498 2976 5010 29 2977 5011 30 2978 5012 841 2979 5013 1023 2980 5014 488 2981 5015 488 2982 5016 1023 2983 5017 489 2984 5018 1021 2985 5019 971 2986 5020 1050 2987 5021 1050 2988 5022 971 2989 5023 768 2990 5024 1050 2991 5025 768 2992 5026 774 2993 5027 850 2994 5028 851 2995 5029 835 2996 5030 835 2996 5031 851 2995 5032 833 2997 5033 835 2996 5034 833 2997 5035 834 2998 5036 499 2999 5037 502 3000 5038 511 3001 5039 511 3001 5040 502 3000 5041 1035 3002 5042 511 3001 5043 1035 3002 5044 512 3003 5045 512 3003 5046 1035 3002 5047 221 3004 5048 510 3005 5049 791 3006 5050 499 3007 5051 499 3008 5052 791 3009 5053 546 3010 5054 1051 3011 5055 1052 3012 5056 1053 3013 5057 1053 3013 5058 1052 3012 5059 1054 3014 5060 1053 3013 5061 1054 3014 5062 1055 3015 5063 1056 3016 5064 1057 3017 5065 1055 3018 5066 1055 3019 5067 1057 3020 5068 1058 3021 5069 1055 3022 5070 1058 3023 5071 1053 3024 5072 1053 3025 5073 1058 3026 5074 951 3027 5075 1053 3013 5076 951 3028 5077 1051 3011 5078 1059 3029 5079 1060 3030 5080 1061 3031 5081 1061 3031 5082 1055 3032 5083 1059 3029 5084 1059 3029 5085 1055 3033 5086 1054 3014 5087 1059 3029 5088 1054 3014 5089 1060 3030 5090 1060 3030 5091 1054 3014 5092 1062 3034 5093 1060 3030 5094 1062 3034 5095 1061 3031 5096 1061 3031 5097 1062 3034 5098 563 3035 5099 1061 3031 5100 563 3035 5101 1055 3036 5102 1055 3037 5103 563 3038 5104 565 3039 5105 1055 3040 5106 565 3041 5107 1056 3016 5108 1056 3016 5109 565 3041 5110 706 2317 5111 1056 3016 5112 706 2317 5113 959 2319 5114 1054 3014 5115 1052 3012 5116 1062 3034 5117 951 3028 5118 1063 3042 5119 1051 3011 5120 1051 3011 5121 1063 3042 5122 1064 3043 5123 1051 3011 5124 1064 3043 5125 1052 3012 5126 1052 3012 5127 1064 3043 5128 1065 3044 5129 1052 3012 5130 1065 3044 5131 1062 3034 5132 1062 3034 5133 1065 3044 5134 1066 3045 5135 1062 3034 5136 1066 3045 5137 563 3035 5138 951 3028 5139 949 3046 5140 1063 3042 5141 1057 3020 5142 1067 3047 5143 1058 3021 5144 959 2319 5145 1057 3017 5146 1056 3016 5147 706 3048 5148 565 3049 5149 707 3050 5150 707 3050 5151 565 3049 5152 564 3051 5153 707 3052 5154 564 3053 5155 447 3054 5156 1065 3044 5157 1064 3055 5158 1066 3045 5159 949 3046 5160 1068 3056 5161 1063 3042 5162 1063 3042 5163 1068 3056 5164 341 3057 5165 1063 3042 5166 341 3057 5167 1064 3058 5168 1064 3058 5169 341 3057 5170 1069 3059 5171 1064 3060 5172 1069 3059 5173 1066 3061 5174 1066 3061 5175 1069 3059 5176 1070 3062 5177 1066 3061 5178 1070 3062 5179 563 3063 5180 563 3064 5181 1070 3065 5182 564 3066 5183 1071 3067 5184 1069 3059 5185 465 3068 5186 465 3068 5187 1069 3059 5188 341 3057 5189 465 3069 5190 341 3070 5191 480 3071 5192 480 3071 5193 341 3070 5194 343 3072 5195 480 3073 5196 343 3074 5197 843 3075 5198 843 3076 5199 343 3077 5200 348 3078 5201 843 3075 5202 466 3079 5203 480 3073 5204 447 3080 5205 564 3081 5206 1071 3082 5207 1071 3067 5208 564 3083 5209 1070 3062 5210 1071 3067 5211 1070 3062 5212 1069 3059 5213 448 3084 5214 447 3085 5215 1071 3086 5216 1071 3086 5217 465 3087 5218 448 3084 5219 448 3088 5220 465 3089 5221 467 3090 5222 448 3088 5223 467 3090 5224 838 3091 5225 342 3092 5226 341 3057 5227 239 3093 5228 239 3093 5229 341 3057 5230 1068 3056 5231 239 3093 5232 1068 3056 5233 236 3094 5234 236 3094 5235 1068 3056 5236 1072 3095 5237 236 3096 5238 1072 3097 5239 1073 3098 5240 1073 3098 5241 1072 3097 5242 1074 3099 5243 1073 3098 5244 1074 3099 5245 1075 3100 5246 1075 3100 5247 1074 3099 5248 1076 3101 5249 1075 3102 5250 1076 3103 5251 1077 3104 5252 1077 3104 5253 1076 3103 5254 1078 3105 5255 1077 3104 5256 1078 3105 5257 1079 3106 5258 1079 3106 5259 1078 3105 5260 1080 3107 5261 1079 3106 5262 1080 3107 5263 1081 3108 5264 1081 3108 5265 1080 3107 5266 1082 3109 5267 1081 3108 5268 1082 3109 5269 1083 3110 5270 1083 3110 5271 1082 3109 5272 1084 3111 5273 1068 3056 5274 949 3112 5275 1072 3095 5276 1074 3099 5277 1072 3097 5278 948 3113 5279 948 3114 5280 1072 3115 5281 949 3116 5282 1080 3107 5283 1078 3105 5284 948 3117 5285 948 3118 5286 1078 3105 5287 1076 3103 5288 948 3119 5289 1076 3101 5290 1074 3099 5291 948 3120 5292 1085 3121 5293 1080 3107 5294 1080 3107 5295 1085 3121 5296 1086 3122 5297 1080 3107 5298 1086 3122 5299 1082 3109 5300 1082 3109 5301 1086 3122 5302 1084 3111 5303 1087 3123 5304 1088 3124 5305 1089 3125 5306 1089 3125 5307 1090 3126 5308 1091 3127 5309 1091 3127 5310 1090 3126 5311 1092 3128 5312 1091 3127 5313 1092 3128 5314 1093 3129 5315 1093 3129 5316 1092 3128 5317 960 3130 5318 1093 3129 5319 960 3131 5320 518 3132 5321 1088 3133 5322 948 3134 5323 1089 3135 5324 1089 3125 5325 948 3136 5326 950 3137 5327 1089 3125 5328 950 3137 5329 1090 3126 5330 1090 3126 5331 950 3137 5332 951 3138 5333 1090 3139 5334 951 3140 5335 1058 3141 5336 1090 3126 5337 1058 3142 5338 1092 3128 5339 1092 3143 5340 1058 3144 5341 1067 3145 5342 1092 3143 5343 1067 3145 5344 960 3146 5345 960 3147 5346 1067 3047 5347 1057 3020 5348 960 3148 5349 1057 3149 5350 959 3150 5351 1094 3151 5352 734 3152 5353 1093 3129 5354 1093 3129 5355 734 3152 5356 1095 3153 5357 1093 3129 5358 1095 3153 5359 1091 3127 5360 1091 3127 5361 1095 3153 5362 1096 3154 5363 1091 3127 5364 1096 3154 5365 1089 3125 5366 1089 3125 5367 1096 3154 5368 1097 3155 5369 1089 3125 5370 1097 3155 5371 1087 3123 5372 1087 3123 5373 1097 3155 5374 471 3156 5375 1087 3123 5376 471 3156 5377 1098 3157 5378 1098 3157 5379 471 3156 5380 1099 3158 5381 1098 3157 5382 1099 3158 5383 1100 3159 5384 1100 3159 5385 1099 3158 5386 1101 3160 5387 1100 3159 5388 1101 3160 5389 1102 3161 5390 1102 3161 5391 1101 3160 5392 1103 3162 5393 1103 3162 5394 1435 3163 5395 1102 3161 5396 1437 3164 5397 1103 3162 5398 1104 3165 5399 1104 3165 5400 1438 3166 5401 1437 3164 5402 1094 3151 5403 1093 3129 5404 735 3167 5405 735 3167 5406 1093 3129 5407 518 3132 5408 735 3167 5409 518 3132 5410 921 3168 5411 921 3168 5412 518 3132 5413 517 3169 5414 921 3170 5415 517 3171 5416 920 3172 5417 730 3173 5418 1105 3174 5419 472 3175 5420 472 3175 5421 1105 3174 5422 1106 3176 5423 472 3175 5424 1106 3176 5425 384 3177 5426 730 3173 5427 732 3178 5428 1105 3174 5429 1105 3174 5430 732 3178 5431 739 3179 5432 1105 3174 5433 739 3179 5434 1107 3180 5435 1107 3180 5436 739 3179 5437 1108 3181 5438 1108 3181 5439 1109 3182 5440 1110 3183 5441 1110 3183 5442 1109 3182 5443 1111 3184 5444 1110 3183 5445 1111 3184 5446 1112 3185 5447 1112 3185 5448 1111 3184 5449 1113 3186 5450 1112 3185 5451 1113 3186 5452 794 1599 5453 739 3179 5454 738 3187 5455 1108 3181 5456 1108 3181 5457 738 3188 5458 1114 3189 5459 1108 3181 5460 1114 3189 5461 1109 3182 5462 1109 3182 5463 1114 3189 5464 1115 3190 5465 1114 3189 5466 738 3188 5467 1115 3190 5468 738 3188 5469 737 3191 5470 1115 3190 5471 1115 3192 5472 737 3193 5473 1116 3194 5474 1115 3195 5475 1116 3194 5476 1117 3196 5477 1117 3196 5478 1116 3194 5479 736 3197 5480 1117 3196 5481 736 3197 5482 1118 3198 5483 1118 3198 5484 736 3197 5485 1119 3199 5486 1118 3198 5487 1119 3199 5488 1120 3200 5489 1120 3200 5490 1119 3199 5491 513 1590 5492 1120 3200 5493 513 1590 5494 817 1601 5495 1116 3194 5496 737 3193 5497 736 3197 5498 1119 3199 5499 736 3197 5500 968 3201 5501 968 3201 5502 736 3197 5503 970 3202 5504 736 3197 5505 324 3203 5506 970 3202 5507 970 3202 5508 324 3203 5509 1121 3204 5510 970 3202 5511 1121 3204 5512 1122 3205 5513 1122 3205 5514 1121 3204 5515 255 3206 5516 1122 3205 5517 255 3206 5518 243 3207 5519 283 3208 5520 255 3206 5521 922 3209 5522 922 3209 5523 255 3206 5524 1121 3204 5525 922 3209 5526 1121 3204 5527 324 3203 5528 970 3202 5529 1122 3205 5530 1123 3210 5531 1123 3210 5532 1122 3205 5533 243 3211 5534 513 1590 5535 1119 3199 5536 245 3212 5537 245 3212 5538 1119 3199 5539 968 3201 5540 245 3212 5541 968 3201 5542 243 3213 5543 243 3213 5544 968 3201 5545 1124 3214 5546 243 3215 5547 1124 3214 5548 1123 3210 5549 1123 3210 5550 1124 3214 5551 969 3216 5552 1123 3210 5553 969 3216 5554 970 3202 5555 794 1599 5556 1125 3217 5557 1126 3218 5558 1126 3218 5559 1125 3217 5560 1127 3219 5561 1126 3218 5562 1127 3219 5563 1128 3220 5564 794 1599 5565 1129 3221 5566 1125 3217 5567 1125 3217 5568 1129 3221 5569 1130 3222 5570 1125 3217 5571 1130 3222 5572 1127 3219 5573 793 3223 5574 483 3224 5575 1131 3225 5576 1131 3225 5577 483 3224 5578 1132 3226 5579 1131 3225 5580 1132 3226 5581 1133 3227 5582 1133 3228 5583 1132 3229 5584 669 3230 5585 1132 3226 5586 483 3224 5587 485 3231 5588 783 3232 5589 376 3233 5590 485 3231 5591 485 3231 5592 376 3233 5593 378 3234 5594 485 3231 5595 378 3234 5596 1132 3226 5597 669 3235 5598 1132 3226 5599 672 3236 5600 672 3236 5601 1132 3226 5602 378 3234 5603 672 3236 5604 378 3234 5605 665 3237 5606 1133 3227 5607 1130 3222 5608 1131 3225 5609 1131 3225 5610 1130 3222 5611 1129 3221 5612 1131 3225 5613 1129 3221 5614 793 3223 5615 793 3223 5616 1129 3221 5617 794 1599 5618 1134 3238 5619 1135 3239 5620 1133 3227 5621 669 3240 5622 670 3241 5623 1133 3242 5624 1133 3242 5625 670 3241 5626 671 3243 5627 1133 3244 5628 671 3245 5629 1134 3246 5630 1134 3238 5631 671 3247 5632 890 3248 5633 1134 3238 5634 890 3248 5635 215 3249 5636 667 3250 5637 1136 3251 5638 668 3252 5639 668 3252 5640 1136 3251 5641 671 3253 5642 381 3254 5643 1137 3255 5644 380 3256 5645 381 3254 5646 1136 3257 5647 1137 3255 5648 1137 3255 5649 1136 3257 5650 667 3258 5651 1137 3255 5652 667 3258 5653 380 3259 5654 381 3254 5655 382 3260 5656 1136 3257 5657 1136 3251 5658 382 3261 5659 1138 3262 5660 1136 3251 5661 1138 3262 5662 671 3253 5663 671 3263 5664 1138 3264 5665 1139 3265 5666 671 3263 5667 1139 3265 5668 890 3266 5669 1138 3264 5670 382 3267 5671 496 3268 5672 1138 3264 5673 496 3268 5674 1139 3265 5675 1139 3265 5676 496 3268 5677 1140 3269 5678 1139 3270 5679 1140 3269 5680 1141 3271 5681 1141 3271 5682 1140 3269 5683 1142 3272 5684 1141 3271 5685 1142 3272 5686 1143 3273 5687 496 3268 5688 1142 3272 5689 1140 3269 5690 1144 3274 5691 495 3275 5692 852 3276 5693 1145 3277 5694 1146 3278 5695 852 3276 5696 852 3276 5697 1146 3278 5698 1143 3273 5699 852 3276 5700 1143 3273 5701 1144 3274 5702 1144 3274 5703 1143 3273 5704 1142 3272 5705 1144 3274 5706 1142 3272 5707 495 3279 5708 495 3279 5709 1142 3272 5710 496 3268 5711 1143 3273 5712 1146 3280 5713 1141 3271 5714 1146 3281 5715 1145 3277 5716 890 3282 5717 890 3282 5718 1145 3277 5719 1147 3283 5720 890 3282 5721 1147 3283 5722 1148 3284 5723 1145 3277 5724 1149 3285 5725 1147 3283 5726 1147 3283 5727 1149 3285 5728 1150 3286 5729 1147 3283 5730 1150 3286 5731 1148 3287 5732 1145 3277 5733 852 3276 5734 1149 3285 5735 1149 3285 5736 852 3276 5737 514 3288 5738 1149 3285 5739 514 3288 5740 1150 3286 5741 1150 3286 5742 514 3288 5743 946 3289 5744 1150 3286 5745 946 3289 5746 1148 3290 5747 1148 3290 5748 946 3289 5749 553 3291 5750 1148 3290 5751 553 3291 5752 552 3292 5753 1151 3293 5754 553 3291 5755 809 3294 5756 809 3294 5757 553 3291 5758 946 3289 5759 1050 3295 5760 774 3296 5761 1151 3297 5762 1151 3297 5763 774 3296 5764 773 3298 5765 1151 3293 5766 773 3299 5767 553 3291 5768 1151 3293 5769 809 3294 5770 926 3300 5771 926 3301 5772 809 3302 5773 810 3303 5774 926 3304 5775 810 3305 5776 298 3306 5777 487 3307 5778 1037 3308 5779 382 3309 5780 382 3310 5781 1037 3311 5782 787 3312 5783 382 3310 5784 787 3312 5785 495 3313 5786 495 3275 5787 787 3314 5788 786 3315 5789 495 3275 5790 786 3315 5791 852 3276 5792 852 3276 5793 786 3315 5794 785 3316 5795 852 3276 5796 785 3316 5797 515 3317 5798 515 3317 5799 785 3316 5800 227 3318 5801 515 3319 5802 227 3320 5803 810 3321 5804 810 3305 5805 227 3322 5806 229 3323 5807 810 3305 5808 229 3323 5809 298 3306 5810 784 3324 5811 787 3325 5812 1037 3326 5813 1021 3327 5814 1050 3328 5815 926 3329 5816 926 3300 5817 1050 3330 5818 1151 3293 5819 1152 3331 5820 1153 3332 5821 509 3333 5822 509 1332 5823 1153 3332 5824 772 1330 5825 509 3333 5826 1154 3334 5827 1152 3331 5828 1152 3331 5829 1154 3334 5830 1155 3335 5831 1152 3331 5832 1155 3335 5833 1156 3336 5834 509 3337 5835 1157 3338 5836 1154 3334 5837 1154 3334 5838 1157 3338 5839 1158 3339 5840 1154 3334 5841 1158 3339 5842 1155 3335 5843 1155 3335 5844 1158 3339 5845 1159 3340 5846 1155 3335 5847 1159 3340 5848 1156 3336 5849 1156 3336 5850 1159 3340 5851 1160 3341 5852 1156 3336 5853 1160 3341 5854 1152 3331 5855 1152 3331 5856 1160 3341 5857 553 3291 5858 1152 3331 5859 553 3291 5860 1153 3332 5861 1153 3332 5862 553 3291 5863 773 3299 5864 1153 3332 5865 773 3299 5866 772 1330 5867 248 3342 5868 1161 3343 5869 508 3344 5870 508 3344 5871 1161 3343 5872 1157 3338 5873 508 3344 5874 1157 3338 5875 509 3337 5876 1161 3343 5877 1158 3339 5878 1157 3338 5879 248 3342 5880 253 3345 5881 1161 3343 5882 1161 3343 5883 253 3345 5884 1162 3346 5885 1162 3346 5886 253 3347 5887 1163 3348 5888 1163 3349 5889 253 3350 5890 294 3351 5891 1163 3349 5892 294 3351 5893 1164 3352 5894 1164 3353 5895 1165 3354 5896 1163 3348 5897 1163 3348 5898 1165 3354 5899 1166 3355 5900 1163 3348 5901 1166 3355 5902 1162 3346 5903 1162 3346 5904 1166 3355 5905 1167 3356 5906 1162 3346 5907 1167 3356 5908 1161 3343 5909 1161 3343 5910 1167 3356 5911 1168 3357 5912 1161 3343 5913 1168 3357 5914 1158 3339 5915 1158 3339 5916 1168 3357 5917 1169 3358 5918 1158 3339 5919 1169 3358 5920 1159 3340 5921 1159 3340 5922 1169 3358 5923 1170 3359 5924 1159 3340 5925 1170 3359 5926 1160 3341 5927 1160 3341 5928 1170 3359 5929 1171 3360 5930 1160 3341 5931 1171 3360 5932 1172 3361 5933 1172 3361 5934 1171 3360 5935 891 3362 5936 1172 3361 5937 891 3362 5938 888 3363 5939 1173 3364 5940 1174 3365 5941 1175 3366 5942 1175 3366 5943 1174 3365 5944 1167 3356 5945 1167 3356 5946 1174 3365 5947 1176 3367 5948 1177 3368 5949 1178 3369 5950 1173 3364 5951 1173 3364 5952 1178 3369 5953 1174 3365 5954 1173 3364 5955 205 3370 5956 1177 3368 5957 397 3371 5958 802 3372 5959 189 3373 5960 189 3373 5961 802 3372 5962 175 3374 5963 189 3373 5964 175 3374 5965 917 3375 5966 403 3376 5967 58 3377 5968 1179 3378 5969 1179 3378 5970 58 3377 5971 56 3379 5972 1179 3378 5973 56 3380 5974 205 3370 5975 205 3370 5976 56 3380 5977 396 3381 5978 205 3370 5979 396 3381 5980 188 3382 5981 188 3382 5982 396 3381 5983 397 3383 5984 188 3384 5985 397 3371 5986 189 3373 5987 299 3385 5988 328 3386 5989 402 3387 5990 402 3387 5991 328 3386 5992 326 3388 5993 402 3389 5994 326 3390 5995 403 3376 5996 403 3376 5997 326 3390 5998 394 3391 5999 403 3376 6000 394 3391 6001 58 3377 6002 205 3370 6003 1026 3392 6004 1179 3378 6005 1179 3378 6006 1026 3392 6007 923 3393 6008 1179 3378 6009 923 3393 6010 403 3376 6011 403 3376 6012 923 3393 6013 1180 3394 6014 403 3376 6015 1180 3394 6016 404 3395 6017 404 3395 6018 1180 3394 6019 765 3396 6020 404 3397 6021 765 3398 6022 402 3387 6023 402 3387 6024 765 3398 6025 766 3399 6026 402 3387 6027 766 3399 6028 299 3385 6029 205 3370 6030 1173 3364 6031 1026 3392 6032 1026 3392 6033 1173 3364 6034 1165 3400 6035 1026 3392 6036 1165 3400 6037 1164 3401 6038 1164 3401 6039 1025 3402 6040 1026 3392 6041 291 3403 6042 972 3404 6043 247 3405 6044 247 3405 6045 972 3404 6046 974 3406 6047 247 3405 6048 974 3406 6049 294 3407 6050 294 3408 6051 974 3409 6052 335 3410 6053 294 3411 6054 335 3412 6055 1164 3413 6056 1164 3414 6057 335 3415 6058 337 3416 6059 1164 3417 6060 337 3418 6061 1025 3419 6062 1025 3420 6063 337 3421 6064 930 1090 6065 1025 3422 6066 930 1090 6067 938 3423 6068 1025 3422 6069 938 3423 6070 290 3424 6071 290 3424 6072 938 3423 6073 347 3425 6074 290 3424 6075 347 3425 6076 291 3426 6077 1026 3392 6078 277 3427 6079 923 3393 6080 923 3393 6081 765 3396 6082 1180 3394 6083 299 3385 6084 327 3428 6085 328 3386 6086 1181 3429 6087 1182 3430 6088 183 3431 6089 183 3432 6090 1182 3433 6091 759 3434 6092 857 3435 6093 855 3436 6094 961 3437 6095 961 3437 6096 855 3436 6097 1183 3438 6098 961 2359 6099 1183 3439 6100 182 2360 6101 855 3440 6102 566 3441 6103 567 3442 6104 1184 3443 6105 1185 3444 6106 59 3445 6107 59 3445 6108 1185 3444 6109 1186 3446 6110 594 3447 6111 1187 3448 6112 62 3449 6113 62 3450 6114 1187 3451 6115 1188 3452 6116 62 3453 6117 1188 3454 6118 59 3455 6119 59 3445 6120 1188 3456 6121 1189 3457 6122 59 3445 6123 1189 3457 6124 1184 3443 6125 1184 3443 6126 1189 3457 6127 1190 3458 6128 1184 3443 6129 1190 3458 6130 1191 3459 6131 1191 3459 6132 1190 3458 6133 1192 3460 6134 1191 3459 6135 1192 3460 6136 1193 3461 6137 1193 3461 6138 1192 3460 6139 99 3462 6140 1193 3461 6141 99 3462 6142 1194 3463 6143 1194 3463 6144 99 3464 6145 1031 3465 6146 1194 3463 6147 1031 3465 6148 1195 3466 6149 1195 3466 6150 1031 3465 6151 331 3467 6152 1195 3466 6153 331 3468 6154 349 3469 6155 349 3469 6156 331 3468 6157 702 3470 6158 349 3469 6159 702 3470 6160 1045 3471 6161 1045 3471 6162 702 3470 6163 701 3472 6164 1196 3473 6165 703 3474 6166 914 3475 6167 914 3475 6168 915 3476 6169 704 3477 6170 704 3477 6171 915 3476 6172 137 137 6173 704 3477 6174 137 137 6175 136 136 6176 703 3474 6177 1196 3473 6178 704 3477 6179 704 3477 6180 1196 3473 6181 914 3475 6182 940 3478 6183 964 3479 6184 1197 3480 6185 1197 3480 6186 964 3479 6187 1187 3481 6188 1197 3480 6189 1187 3481 6190 703 3482 6191 703 3483 6192 1187 3448 6193 594 3447 6194 703 3484 6195 594 3485 6196 914 3486 6197 940 3478 6198 1197 3480 6199 1198 3487 6200 1198 3487 6201 1197 3480 6202 703 3488 6203 1198 3489 6204 703 3490 6205 705 3491 6206 966 3492 6207 940 3478 6208 591 3493 6209 591 3493 6210 940 3478 6211 1198 3487 6212 591 3493 6213 1198 3487 6214 592 3494 6215 592 3494 6216 1198 3487 6217 705 3495 6218 966 3492 6219 591 3493 6220 589 3496 6221 547 3497 6222 1199 3498 6223 589 3496 6224 589 3496 6225 1199 3498 6226 1200 3499 6227 589 3496 6228 1200 3499 6229 966 3492 6230 966 3492 6231 1200 3499 6232 789 3500 6233 547 3497 6234 546 3501 6235 1199 3498 6236 1199 3498 6237 546 3501 6238 789 3502 6239 1199 3498 6240 789 3502 6241 1200 3499 6242 964 3479 6243 121 3503 6244 1201 3504 6245 121 3503 6246 120 3505 6247 1201 3504 6248 1201 3504 6249 120 3505 6250 1202 3506 6251 1201 3504 6252 1202 3506 6253 964 3479 6254 964 3479 6255 1202 3506 6256 1187 3481 6257 99 3462 6258 1192 3460 6259 120 3505 6260 120 3505 6261 1192 3460 6262 1190 3458 6263 120 3505 6264 1190 3458 6265 1202 3506 6266 1202 3506 6267 1190 3458 6268 1188 3456 6269 1202 3506 6270 1188 3456 6271 1187 3481 6272 331 3507 6273 329 1118 6274 702 1117 6275 349 3469 6276 1045 3471 6277 1203 3508 6278 1203 3508 6279 1045 3471 6280 1043 3509 6281 1203 3508 6282 1043 3509 6283 1041 3510 6284 1204 3511 6285 1205 3512 6286 1041 3510 6287 1041 3510 6288 1205 3512 6289 1203 3508 6290 1204 3511 6291 1206 3513 6292 1205 3512 6293 1205 3512 6294 1206 3514 6295 349 3469 6296 1205 3512 6297 349 3469 6298 1203 3508 6299 1207 3515 6300 349 3469 6301 1208 3516 6302 1208 3516 6303 349 3469 6304 1206 3514 6305 305 3517 6306 349 3469 6307 1209 3518 6308 1209 3518 6309 349 3469 6310 1207 3515 6311 349 3469 6312 1210 3519 6313 1195 3466 6314 350 3520 6315 1211 3521 6316 349 3469 6317 349 3469 6318 1211 3521 6319 1212 3522 6320 349 3469 6321 1212 3522 6322 1210 3519 6323 1210 3519 6324 1212 3522 6325 1213 3523 6326 350 3520 6327 1214 3524 6328 1211 3521 6329 1211 3521 6330 1214 3524 6331 1215 3525 6332 1211 3521 6333 1215 3525 6334 1216 3526 6335 1216 3526 6336 1215 3525 6337 1217 3527 6338 1216 3526 6339 1217 3527 6340 1218 3528 6341 1218 3529 6342 1217 3527 6343 1219 3530 6344 1218 3531 6345 1219 3530 6346 1220 3532 6347 1220 3532 6348 1219 3530 6349 1221 3533 6350 1214 3524 6351 1222 3534 6352 1215 3525 6353 1215 3525 6354 1222 3534 6355 1223 3535 6356 1215 3525 6357 1223 3535 6358 1224 3536 6359 1224 3536 6360 1223 3535 6361 530 3537 6362 1224 3536 6363 530 3537 6364 1225 3538 6365 1225 3539 6366 530 3540 6367 529 3541 6368 531 3542 6369 530 3543 6370 1226 3544 6371 1226 3545 6372 530 3537 6373 1223 3535 6374 1215 3525 6375 1224 3536 6376 1217 3527 6377 1217 3527 6378 1224 3536 6379 1219 3530 6380 1225 3538 6381 1219 3530 6382 1224 3536 6383 1219 3530 6384 1225 3538 6385 1221 3533 6386 1227 3546 6387 1228 3547 6388 1229 3548 6389 1229 3548 6390 1228 3547 6391 1221 3533 6392 1229 3548 6393 1221 3533 6394 1225 3549 6395 1225 3550 6396 657 3551 6397 1229 3552 6398 1229 3548 6399 657 3553 6400 415 2895 6401 1229 3548 6402 415 2895 6403 1227 3546 6404 1227 3546 6405 415 2895 6406 745 3554 6407 1227 3546 6408 745 3554 6409 551 3555 6410 745 3554 6411 415 2895 6412 1047 2896 6413 550 3556 6414 1227 3546 6415 551 3557 6416 559 3558 6417 1230 3559 6418 528 3560 6419 745 3561 6420 1047 3562 6421 556 3563 6422 556 3564 6423 1047 3565 6424 1231 3566 6425 1232 3567 6426 1233 3568 6427 1234 3569 6428 1234 3569 6429 1233 3568 6430 1235 3570 6431 1234 3569 6432 1235 3570 6433 754 3571 6434 754 3572 6435 1235 3573 6436 758 3574 6437 1235 3575 6438 1233 3576 6439 1236 3577 6440 1236 3578 6441 1237 3579 6442 1238 3580 6443 1238 3580 6444 1237 3579 6445 1239 3581 6446 1238 3580 6447 1239 3581 6448 1240 3582 6449 1237 3579 6450 1241 3583 6451 1239 3581 6452 1239 3581 6453 1241 3583 6454 1242 3584 6455 1239 3581 6456 1242 3584 6457 1240 3582 6458 1240 3582 6459 1242 3584 6460 1243 3585 6461 1240 3582 6462 1243 3585 6463 901 3586 6464 901 3586 6465 1243 3585 6466 1244 3587 6467 901 3586 6468 1244 3587 6469 907 3588 6470 907 3588 6471 1244 3587 6472 1245 3589 6473 907 3588 6474 1245 3589 6475 165 179 6476 165 179 6477 1245 3589 6478 173 3590 6479 165 179 6480 173 3590 6481 163 3591 6482 1236 3592 6483 1246 3593 6484 1237 3594 6485 1237 3594 6486 1246 3593 6487 1247 3595 6488 1237 3594 6489 1247 3595 6490 1241 3596 6491 1241 3597 6492 1247 3598 6493 1248 3599 6494 1249 3600 6495 155 3601 6496 157 3602 6497 152 3603 6498 911 3604 6499 153 3605 6500 153 3606 6501 911 3607 6502 1241 3608 6503 153 3609 6504 1241 3610 6505 157 3602 6506 157 3602 6507 1241 3610 6508 1248 3599 6509 157 3602 6510 1248 3599 6511 1249 3600 6512 1249 3600 6513 1248 3599 6514 1247 3598 6515 1249 3600 6516 1247 3598 6517 1250 3611 6518 1250 3612 6519 1247 3595 6520 1246 3593 6521 607 3613 6522 1244 3587 6523 911 3614 6524 911 3615 6525 1244 3587 6526 1243 3585 6527 911 3616 6528 1243 3585 6529 1251 3617 6530 607 3613 6531 1245 3589 6532 1244 3587 6533 1245 3589 6534 607 3618 6535 173 3590 6536 166 181 6537 1252 3619 6538 165 179 6539 165 179 6540 1252 3619 6541 905 3620 6542 165 179 6543 905 3620 6544 907 3588 6545 1252 3619 6546 166 181 6547 1253 3621 6548 965 2446 6549 1253 3621 6550 163 2444 6551 163 3622 6552 1253 3621 6553 166 181 6554 458 3623 6555 272 3624 6556 1254 3625 6557 1254 3625 6558 272 3624 6559 1255 3626 6560 1254 3625 6561 1255 3626 6562 160 2447 6563 160 2447 6564 1255 3626 6565 965 2446 6566 273 3627 6567 275 3628 6568 1254 3629 6569 1254 3625 6570 275 3630 6571 622 3631 6572 1254 3625 6573 622 3631 6574 458 3623 6575 1249 3632 6576 1250 3633 6577 1254 3629 6578 1254 3629 6579 1250 3633 6580 1246 3634 6581 1254 3629 6582 1246 3634 6583 273 3627 6584 273 3627 6585 1246 3634 6586 1236 3635 6587 273 3636 6588 1236 3637 6589 610 3638 6590 610 3638 6591 1236 3637 6592 632 3639 6593 610 3638 6594 632 3639 6595 631 3640 6596 162 3641 6597 1249 3632 6598 160 3642 6599 160 3642 6600 1249 3632 6601 1254 3629 6602 162 3641 6603 148 3643 6604 1249 3632 6605 1249 3632 6606 148 3643 6607 147 3644 6608 1249 3632 6609 147 3644 6610 156 3645 6611 156 3645 6612 147 3644 6613 606 3646 6614 147 3647 6615 172 3648 6616 606 3649 6617 156 3645 6618 155 779 6619 1249 3632 6620 1236 3637 6621 1233 3650 6622 632 3639 6623 632 3651 6624 1233 3652 6625 634 3653 6626 634 3654 6627 1233 3655 6628 636 3656 6629 636 3656 6630 1233 3655 6631 1232 3657 6632 636 3656 6633 1232 3657 6634 638 3658 6635 638 3658 6636 1232 3657 6637 1256 3659 6638 638 3658 6639 1256 3659 6640 641 3660 6641 641 3660 6642 1256 3659 6643 1257 3661 6644 641 3660 6645 1257 3661 6646 640 3662 6647 640 3662 6648 1257 3661 6649 643 3663 6650 643 3663 6651 1257 3661 6652 1258 3664 6653 643 3663 6654 1258 3664 6655 440 3665 6656 440 3665 6657 1258 3664 6658 1047 2896 6659 440 3665 6660 1047 2896 6661 441 2894 6662 282 3666 6663 610 3667 6664 631 3668 6665 281 3669 6666 295 3670 6667 282 3671 6668 282 3672 6669 295 3673 6670 611 3674 6671 282 3672 6672 611 3674 6673 610 3675 6674 272 3624 6675 220 3676 6676 1255 3626 6677 1255 3626 6678 220 3676 6679 219 3677 6680 1255 3626 6681 219 3678 6682 1259 3679 6683 1260 3680 6684 1259 3679 6685 219 3678 6686 1260 3680 6687 1261 3681 6688 1262 3682 6689 1262 3682 6690 1261 3681 6691 1263 3683 6692 1262 3682 6693 1263 3683 6694 1264 3684 6695 1264 3684 6696 1263 3683 6697 1265 3685 6698 1264 3684 6699 1265 3685 6700 1266 3686 6701 1266 3686 6702 1265 3685 6703 215 3687 6704 1267 3688 6705 1261 3681 6706 1268 3689 6707 1268 3689 6708 1261 3681 6709 1260 3680 6710 1268 3689 6711 1260 3680 6712 219 3678 6713 1267 3688 6714 1268 3689 6715 1269 3690 6716 1269 3690 6717 1268 3689 6718 219 3691 6719 1269 3690 6720 219 261 6721 1270 3692 6722 219 261 6723 218 260 6724 1270 3692 6725 1270 3692 6726 218 3693 6727 1271 3694 6728 1270 3692 6729 1271 3694 6730 1269 3690 6731 1272 3695 6732 1273 3696 6733 218 3697 6734 218 3697 6735 1273 3696 6736 1274 3698 6737 218 3693 6738 1274 3698 6739 1271 3694 6740 1271 3694 6741 1274 3698 6742 1128 3220 6743 1271 3694 6744 1128 3220 6745 1269 3690 6746 220 3699 6747 1272 3700 6748 218 3701 6749 383 3702 6750 385 3703 6751 271 3704 6752 384 3705 6753 1273 3696 6754 385 3703 6755 385 3703 6756 1273 3696 6757 1272 3695 6758 385 3703 6759 1272 3695 6760 271 3704 6761 271 3706 6762 1272 3700 6763 220 3699 6764 1273 3696 6765 1106 3176 6766 1274 3698 6767 1274 3698 6768 1106 3176 6769 1275 3707 6770 1274 3698 6771 1275 3707 6772 1128 3220 6773 1128 3220 6774 1275 3707 6775 1110 3183 6776 1128 3220 6777 1110 3183 6778 1126 3218 6779 1126 3218 6780 1110 3183 6781 1112 3185 6782 1126 3218 6783 1112 3185 6784 794 1599 6785 1106 3176 6786 1273 3696 6787 384 3177 6788 1107 3180 6789 1275 3707 6790 1105 3174 6791 1105 3174 6792 1275 3707 6793 1106 3176 6794 1120 3200 6795 1117 3196 6796 1118 3198 6797 1111 3184 6798 1276 3708 6799 1113 3186 6800 1128 3220 6801 1127 3219 6802 1269 3690 6803 1269 3690 6804 1127 3219 6805 1130 3222 6806 1269 3690 6807 1130 3222 6808 1267 3688 6809 1267 3688 6810 1130 3222 6811 1133 3227 6812 1267 3688 6813 1133 3227 6814 1135 3239 6815 1110 3183 6816 1275 3707 6817 1108 3181 6818 1108 3181 6819 1275 3707 6820 1107 3180 6821 1109 3182 6822 1115 3709 6823 1111 3184 6824 1111 3184 6825 1115 3709 6826 1117 3196 6827 1111 3184 6828 1117 3196 6829 1276 3708 6830 1276 3708 6831 1117 3196 6832 1120 3200 6833 1276 3708 6834 1120 3200 6835 1113 3186 6836 1113 3186 6837 1120 3200 6838 817 1601 6839 1113 3186 6840 817 1601 6841 794 1599 6842 215 3249 6843 1265 3685 6844 1134 3238 6845 1134 3238 6846 1265 3685 6847 1263 3683 6848 1134 3238 6849 1263 3683 6850 1135 3239 6851 1135 3239 6852 1263 3683 6853 1261 3681 6854 1135 3239 6855 1261 3681 6856 1267 3688 6857 1139 3710 6858 1141 3711 6859 890 3712 6860 890 3712 6861 1141 3711 6862 1146 3713 6863 1148 3284 6864 552 3714 6865 890 3282 6866 553 3291 6867 1160 3341 6868 554 3715 6869 554 3716 6870 1160 3341 6871 888 3717 6872 1169 3358 6873 1168 3357 6874 1277 3718 6875 1277 3718 6876 1168 3357 6877 1167 3356 6878 1277 3718 6879 1167 3356 6880 1278 3719 6881 1278 3719 6882 1167 3356 6883 1176 3367 6884 1278 3719 6885 1176 3367 6886 1279 3720 6887 1279 3720 6888 1176 3367 6889 1174 3365 6890 1279 3720 6891 1174 3365 6892 1280 3721 6893 1280 3721 6894 1174 3365 6895 1178 3369 6896 1280 3721 6897 1178 3369 6898 1281 3722 6899 1281 3722 6900 1178 3369 6901 1177 3368 6902 1281 3722 6903 1177 3368 6904 1282 3723 6905 1282 3723 6906 1177 3368 6907 205 3370 6908 1282 3723 6909 205 3370 6910 1283 3724 6911 1283 3724 6912 205 3370 6913 204 3725 6914 1283 3724 6915 204 3725 6916 1284 3726 6917 1284 3726 6918 204 3725 6919 187 3727 6920 1284 3726 6921 187 3727 6922 1285 3728 6923 1285 3728 6924 187 3727 6925 189 3373 6926 1285 3728 6927 189 3373 6928 1182 3433 6929 1182 3433 6930 189 3373 6931 917 3375 6932 1182 3433 6933 917 3375 6934 759 3434 6935 1279 3720 6936 1218 3729 6937 1278 3719 6938 1218 3528 6939 1279 3720 6940 1216 3526 6941 1216 3526 6942 1279 3720 6943 1280 3721 6944 1281 3722 6945 1213 3523 6946 1280 3721 6947 1280 3721 6948 1213 3523 6949 1212 3522 6950 1280 3721 6951 1212 3522 6952 1216 3526 6953 1216 3526 6954 1212 3522 6955 1211 3521 6956 1286 3730 6957 1283 3724 6958 1287 3731 6959 1285 3728 6960 1287 3731 6961 1284 3726 6962 1284 3726 6963 1287 3731 6964 1283 3724 6965 1288 3732 6966 1191 3459 6967 1289 3733 6968 1191 3459 6969 1288 3732 6970 1290 3734 6971 1290 3734 6972 1288 3732 6973 1183 3735 6974 1290 3734 6975 1183 3735 6976 855 3736 6977 1184 3443 6978 1191 3459 6979 1185 3444 6980 1185 3444 6981 1191 3459 6982 1290 3734 6983 1185 3444 6984 1290 3734 6985 1186 3446 6986 1186 3446 6987 1290 3734 6988 855 3737 6989 1186 3446 6990 855 3737 6991 59 3445 6992 59 3738 6993 855 3739 6994 567 3740 6995 59 3741 6996 567 3742 6997 61 3743 6998 1188 3456 6999 1190 3458 7000 1189 3457 7001 1195 3466 7002 1291 3744 7003 1194 3463 7004 1194 3463 7005 1291 3744 7006 1289 3733 7007 1194 3463 7008 1289 3733 7009 1193 3461 7010 1193 3461 7011 1289 3733 7012 1191 3459 7013 1195 3466 7014 1210 3519 7015 1291 3744 7016 1291 3744 7017 1210 3519 7018 1213 3523 7019 1291 3744 7020 1213 3523 7021 1292 3745 7022 1292 3745 7023 1213 3523 7024 1281 3722 7025 1292 3745 7026 1281 3722 7027 1286 3730 7028 1286 3730 7029 1281 3722 7030 1282 3723 7031 1286 3730 7032 1282 3723 7033 1283 3724 7034 1291 3744 7035 1292 3745 7036 1289 3733 7037 1289 3733 7038 1292 3745 7039 1293 3746 7040 1289 3733 7041 1293 3746 7042 1288 3732 7043 1288 3732 7044 1293 3746 7045 1294 3747 7046 1288 3732 7047 1294 3747 7048 1183 3735 7049 1183 3735 7050 1294 3747 7051 1181 3748 7052 1183 3735 7053 1181 3748 7054 182 3749 7055 182 3749 7056 1181 3748 7057 183 3750 7058 1292 3745 7059 1286 3730 7060 1293 3746 7061 1293 3746 7062 1286 3730 7063 1287 3731 7064 1293 3746 7065 1287 3731 7066 1294 3747 7067 1294 3747 7068 1287 3731 7069 1285 3728 7070 1294 3747 7071 1285 3728 7072 1181 3751 7073 1181 3751 7074 1285 3728 7075 1182 3433 7076 1278 3719 7077 1218 3531 7078 1277 3718 7079 1277 3718 7080 1218 3531 7081 1220 3532 7082 1277 3718 7083 1220 3532 7084 1295 3752 7085 1295 3752 7086 1220 3532 7087 1221 3533 7088 1295 3752 7089 1221 3533 7090 1296 3753 7091 1296 3753 7092 1221 3533 7093 1228 3547 7094 1296 3753 7095 1228 3547 7096 550 3556 7097 550 3556 7098 1228 3547 7099 1227 3546 7100 1277 3718 7101 1295 3752 7102 1169 3358 7103 1170 3359 7104 1169 3358 7105 1230 3559 7106 1230 3559 7107 1169 3358 7108 1295 3752 7109 1230 3559 7110 1295 3752 7111 528 3560 7112 528 3754 7113 1295 3752 7114 1296 3753 7115 1230 3559 7116 1171 3360 7117 1170 3359 7118 1171 3360 7119 1230 3559 7120 1297 3755 7121 1297 3755 7122 1230 3559 7123 559 3558 7124 1297 3755 7125 559 3558 7126 1298 3756 7127 1298 3756 7128 559 3558 7129 561 3757 7130 1298 3756 7131 561 3758 7132 557 3759 7133 892 3760 7134 894 3761 7135 1299 3762 7136 1299 3762 7137 894 3761 7138 1298 3756 7139 1299 3762 7140 1298 3756 7141 1231 3566 7142 1231 3566 7143 1298 3756 7144 557 3759 7145 1231 3763 7146 557 3764 7147 556 3765 7148 1300 3766 7149 1301 3767 7150 1302 3768 7151 1302 3768 7152 1301 3767 7153 1303 3769 7154 1302 3768 7155 1303 3769 7156 1304 3770 7157 1304 3770 7158 1303 3769 7159 1258 3771 7160 1304 3772 7161 1258 3773 7162 1257 3774 7163 1305 3775 7164 1306 3776 7165 1307 3777 7166 1307 3777 7167 1306 3776 7168 1308 3778 7169 1307 3777 7170 1308 3778 7171 1309 3779 7172 1309 3779 7173 1308 3778 7174 1310 3780 7175 1309 3779 7176 1310 3780 7177 1311 3781 7178 1311 3781 7179 1310 3780 7180 1312 3782 7181 1311 3781 7182 1312 3782 7183 756 3783 7184 754 3784 7185 756 3783 7186 1234 3785 7187 1234 3785 7188 756 3783 7189 1312 3782 7190 1234 3785 7191 1312 3782 7192 1232 3786 7193 1232 3787 7194 1312 3782 7195 1310 3780 7196 1232 3788 7197 1310 3789 7198 1256 3790 7199 1256 3791 7200 1310 3780 7201 1308 3778 7202 1256 3791 7203 1308 3778 7204 1257 3792 7205 1257 3793 7206 1308 3778 7207 1306 3776 7208 1257 3794 7209 1306 3776 7210 1304 3770 7211 1304 3770 7212 1306 3776 7213 1305 3775 7214 1304 3770 7215 1305 3775 7216 1302 3768 7217 1243 3585 7218 1242 3584 7219 1251 3617 7220 1251 3617 7221 1242 3584 7222 1241 3795 7223 1251 3617 7224 1241 3795 7225 911 3616 7226 901 3586 7227 902 3796 7228 1240 3582 7229 1240 3582 7230 902 3796 7231 1313 3797 7232 1240 3582 7233 1313 3797 7234 1238 3580 7235 1252 3619 7236 1314 3798 7237 905 3620 7238 905 3620 7239 1314 3798 7240 906 3799 7241 215 3800 7242 900 3801 7243 1266 3686 7244 1266 3686 7245 900 3801 7246 906 3799 7247 1266 3686 7248 906 3799 7249 1264 3684 7250 1264 3684 7251 906 3799 7252 1314 3798 7253 1264 3684 7254 1314 3798 7255 1262 3682 7256 1262 3682 7257 1314 3798 7258 1252 3619 7259 1262 3682 7260 1252 3619 7261 1260 3680 7262 1260 3680 7263 1252 3619 7264 1253 3621 7265 1260 3680 7266 1253 3621 7267 1259 3679 7268 1259 3679 7269 1253 3621 7270 965 2446 7271 1259 3679 7272 965 2446 7273 1255 3626 7274 962 3802 7275 757 3803 7276 1315 3804 7277 1315 3804 7278 757 3803 7279 758 3574 7280 1316 3805 7281 1313 3797 7282 903 3806 7283 903 3806 7284 1313 3797 7285 902 3796 7286 1317 3807 7287 904 3808 7288 92 3809 7289 92 3810 7290 904 3811 7291 899 3812 7292 92 3813 7293 899 3814 7294 89 3815 7295 598 3816 7296 1317 3807 7297 599 3817 7298 599 3818 7299 1317 3807 7300 92 3809 7301 598 3816 7302 1316 3805 7303 1317 3807 7304 1317 3807 7305 1316 3805 7306 903 3806 7307 1317 3807 7308 903 3806 7309 904 3808 7310 598 3819 7311 962 3802 7312 1316 3805 7313 1316 3805 7314 962 3802 7315 1315 3804 7316 1316 3805 7317 1315 3804 7318 1313 3797 7319 1313 3797 7320 1315 3804 7321 758 3574 7322 1313 3797 7323 758 3574 7324 1238 3580 7325 1238 3580 7326 758 3574 7327 1235 3573 7328 1238 3580 7329 1235 3573 7330 1236 3578 7331 319 3820 7332 892 3760 7333 1300 3766 7334 1300 3766 7335 892 3760 7336 1299 3762 7337 1300 3766 7338 1299 3762 7339 1301 3767 7340 1301 3767 7341 1299 3762 7342 1231 3566 7343 1301 3767 7344 1231 3566 7345 1303 3769 7346 1303 3769 7347 1231 3566 7348 1047 3565 7349 1303 3769 7350 1047 3565 7351 1258 3771 7352 319 3820 7353 1300 3766 7354 1318 3821 7355 1318 3821 7356 1300 3766 7357 1302 3768 7358 1302 3768 7359 1305 3775 7360 1318 3821 7361 1318 3821 7362 1305 3775 7363 896 3822 7364 1318 3821 7365 896 3822 7366 319 3820 7367 896 3822 7368 1305 3775 7369 897 3823 7370 897 3823 7371 1305 3775 7372 1307 3777 7373 897 3823 7374 1307 3777 7375 1319 3824 7376 1319 3824 7377 1307 3777 7378 1309 3779 7379 1319 3824 7380 1309 3779 7381 898 3825 7382 898 3825 7383 1309 3779 7384 1311 3781 7385 898 3825 7386 1311 3781 7387 756 3783 7388 596 3826 7389 603 3827 7390 755 3828 7391 755 3828 7392 603 3827 7393 604 3829 7394 755 3828 7395 604 3829 7396 756 3783 7397 756 3783 7398 604 3829 7399 91 3830 7400 756 3783 7401 91 3830 7402 898 3825 7403 898 3825 7404 91 3830 7405 899 3831 7406 597 3832 7407 596 3826 7408 601 3833 7409 601 3833 7410 596 3826 7411 755 3828 7412 91 3830 7413 604 3829 7414 92 3834 7415 92 3834 7416 604 3829 7417 602 3835 7418 92 3834 7419 602 3835 7420 599 3836 7421 899 3837 7422 91 3838 7423 89 3839 7424 1319 3824 7425 898 3825 7426 897 3823 7427 1172 3361 7428 888 3717 7429 1160 3341 7430 891 3840 7431 1171 3360 7432 893 3841 7433 893 3841 7434 1171 3360 7435 1297 3755 7436 893 3841 7437 1297 3755 7438 895 3842 7439 895 3842 7440 1297 3755 7441 1298 3756 7442 895 3842 7443 1298 3756 7444 894 3761 7445 1167 3356 7446 1166 3355 7447 1175 3366 7448 1175 3366 7449 1166 3355 7450 1165 3354 7451 1175 3366 7452 1165 3843 7453 1173 3364 7454 969 3216 7455 1124 3214 7456 967 3844 7457 967 3844 7458 1124 3214 7459 968 3201 7460 471 3156 7461 1097 3155 7462 472 3175 7463 472 3175 7464 1097 3155 7465 1096 3154 7466 472 3175 7467 1096 3154 7468 730 3173 7469 730 3173 7470 1096 3154 7471 1095 3153 7472 730 3845 7473 1095 3153 7474 1320 3846 7475 1320 3846 7476 1095 3153 7477 734 3152 7478 471 3156 7479 473 2080 7480 1099 3158 7481 1099 3158 7482 473 2080 7483 924 2082 7484 1099 3158 7485 924 3847 7486 1101 3160 7487 1101 3160 7488 924 3847 7489 1321 3848 7490 271 3849 7491 1322 3850 7492 383 3851 7493 383 3852 7494 1322 3853 7495 1323 3854 7496 383 3855 7497 1323 3854 7498 924 3847 7499 924 3847 7500 1323 3854 7501 1321 3848 7502 1324 3856 7503 460 601 7504 1325 3857 7505 1325 3857 7506 460 601 7507 459 600 7508 1325 3858 7509 459 3859 7510 1048 3860 7511 1048 3861 7512 1326 3862 7513 1325 3863 7514 1326 3864 7515 1439 3865 7516 1440 3866 7517 1327 3867 7518 1440 3866 7519 1441 3868 7520 1326 3864 7521 1327 3867 7522 1328 3869 7523 1329 3870 7524 1441 3868 7525 1442 3871 7526 1327 3867 7527 1329 3870 7528 1324 3856 7529 1327 3867 7530 1324 3856 7531 1328 3869 7532 1328 3869 7533 1324 3856 7534 1325 3872 7535 1328 3869 7536 1325 3872 7537 1326 3864 7538 1329 3870 7539 1442 3871 7540 1443 3873 7541 1443 3873 7542 1104 3165 7543 1329 3870 7544 1329 3870 7545 1104 3165 7546 1323 3854 7547 1329 3870 7548 1323 3854 7549 1330 3874 7550 1330 3874 7551 1323 3854 7552 1322 3853 7553 1330 3874 7554 1322 3853 7555 1324 3856 7556 1324 3856 7557 1322 3853 7558 271 3875 7559 1324 3856 7560 271 3875 7561 460 601 7562 460 601 7563 271 3876 7564 272 3877 7565 460 601 7566 272 3877 7567 458 599 7568 1102 3161 7569 1435 3163 7570 1444 3878 7571 1331 3879 7572 1445 3880 7573 1446 3881 7574 1331 3879 7575 1447 3882 7576 1332 3883 7577 1331 3879 7578 1332 3883 7579 1100 3159 7580 1100 3159 7581 1332 3883 7582 1333 3884 7583 1100 3159 7584 1333 3884 7585 1098 3157 7586 1332 3883 7587 1447 3882 7588 1448 3885 7589 1334 3886 7590 1449 3887 7591 1335 3888 7592 1335 3888 7593 1449 3887 7594 1451 3889 7595 1336 3890 7596 1452 3891 7597 1453 3892 7598 1337 3893 7599 1452 3891 7600 1336 3890 7601 365 3894 7602 1455 3895 7603 1456 3896 7604 355 3897 7605 1458 3898 7606 1457 3899 7607 354 3900 7608 1458 3898 7609 355 3897 7610 1456 3896 7611 354 3900 7612 365 3894 7613 374 3901 7614 1461 3902 7615 1338 3903 7616 374 3901 7617 1462 3904 7618 1460 3905 7619 372 3906 7620 1463 3907 7621 1462 3904 7622 372 3906 7623 1464 3908 7624 1463 3907 7625 371 3909 7626 1465 3909 7627 1464 3909 7628 371 3910 7629 1466 3911 7630 1465 3912 7631 1339 3913 7632 1467 3914 7633 1466 3911 7634 1048 3915 7635 1468 3916 7636 1439 3917 7637 1048 3915 7638 1469 3918 7639 1468 3916 7640 1049 3919 7641 1470 3920 7642 1469 3918 7643 658 3921 7644 1340 3922 7645 661 3923 7646 661 3923 7647 1471 3924 7648 1472 3925 7649 661 3923 7650 1472 3925 7651 1470 3920 7652 658 3926 7653 1338 3903 7654 1340 3922 7655 1338 3903 7656 1473 3927 7657 1340 3922 7658 1340 3922 7659 1473 3927 7660 1471 3924 7661 657 3551 7662 529 3928 7663 658 3926 7664 658 3926 7665 529 3928 7666 1341 3929 7667 658 3926 7668 1341 3929 7669 1338 3903 7670 1338 3903 7671 1341 3929 7672 375 3930 7673 1338 3903 7674 375 3930 7675 374 3901 7676 1225 3550 7677 529 3928 7678 657 3551 7679 529 3928 7680 531 3931 7681 1341 3929 7682 1341 3929 7683 531 3932 7684 375 3930 7685 1222 3933 7686 369 3934 7687 1223 3935 7688 1223 3935 7689 369 3934 7690 367 3936 7691 1223 3935 7692 367 3936 7693 1226 3937 7694 1226 3938 7695 367 3939 7696 375 3940 7697 1226 3938 7698 375 3940 7699 531 3941 7700 358 3942 7701 370 3943 7702 1214 3944 7703 1214 3945 7704 370 3946 7705 369 3934 7706 1214 3945 7707 369 3934 7708 1222 3933 7709 1206 3947 7710 1204 3948 7711 1342 3949 7712 1343 3950 7713 1344 3951 7714 1345 3952 7715 1345 3952 7716 1344 3951 7717 1346 3953 7718 1345 3952 7719 1346 3953 7720 1347 3954 7721 1347 3954 7722 1346 3953 7723 1348 3955 7724 1347 3954 7725 1348 3955 7726 304 3956 7727 304 3957 7728 1348 3955 7729 1349 3958 7730 1344 3951 7731 1350 3959 7732 1346 3953 7733 1346 3953 7734 1350 3959 7735 1351 3960 7736 1346 3953 7737 1351 3960 7738 1348 3955 7739 1348 3955 7740 1351 3960 7741 1352 3961 7742 1348 3955 7743 1352 3961 7744 1349 3958 7745 1349 3958 7746 1352 3961 7747 681 3962 7748 1349 3958 7749 681 3962 7750 679 3963 7751 679 3963 7752 681 3962 7753 680 3964 7754 682 3965 7755 1352 3961 7756 1353 3966 7757 1353 3966 7758 1352 3961 7759 1351 3960 7760 1353 3966 7761 1351 3960 7762 1339 3913 7763 1339 3913 7764 1351 3960 7765 1350 3959 7766 1350 3959 7767 1467 3914 7768 1339 3913 7769 1350 3959 7770 1475 3967 7771 1474 3968 7772 1344 3951 7773 1476 3969 7774 1475 3967 7775 1344 3951 7776 1477 3970 7777 1476 3969 7778 1343 3950 7779 1478 3971 7780 1477 3970 7781 1343 3950 7782 1479 3972 7783 1478 3971 7784 1354 3973 7785 1480 3974 7786 1479 3972 7787 1354 3973 7788 1481 3975 7789 1480 3974 7790 355 3976 7791 1481 3975 7792 818 3977 7793 682 3965 7794 1353 3966 7795 952 3978 7796 952 3978 7797 1353 3966 7798 1339 3913 7799 952 3978 7800 1339 3913 7801 371 3910 7802 952 3978 7803 683 3979 7804 682 3965 7805 681 3962 7806 1352 3961 7807 682 3965 7808 679 3963 7809 678 3980 7810 1349 3958 7811 1349 3958 7812 678 3980 7813 677 3981 7814 1349 3958 7815 677 3981 7816 305 403 7817 1349 3958 7818 305 403 7819 304 402 7820 304 3956 7821 1355 3982 7822 1347 3954 7823 1347 3954 7824 1355 3982 7825 1356 3983 7826 1347 3954 7827 1356 3983 7828 1345 3952 7829 1345 3952 7830 1356 3983 7831 1354 3973 7832 1345 3952 7833 1354 3973 7834 1343 3950 7835 303 401 7836 676 3984 7837 304 402 7838 304 3985 7839 676 3986 7840 675 3987 7841 304 3956 7842 675 3988 7843 1355 3982 7844 1355 3982 7845 675 3988 7846 674 3989 7847 1355 3982 7848 674 3989 7849 1356 3983 7850 1356 3983 7851 674 3989 7852 673 3990 7853 1356 3983 7854 673 3990 7855 1354 3973 7856 1354 3973 7857 673 3990 7858 818 3991 7859 1342 3992 7860 1357 3993 7861 1358 3994 7862 1358 3994 7863 1357 3993 7864 1359 3995 7865 1359 3995 7866 1357 3993 7867 1204 3996 7868 1359 3995 7869 1204 3996 7870 1041 3997 7871 1357 3993 7872 1342 3998 7873 1204 3996 7874 1041 3999 7875 1040 4000 7876 1360 4001 7877 1360 4002 7878 1040 663 7879 1336 3890 7880 1360 4002 7881 1336 3890 7882 1358 3994 7883 1453 3892 7884 1358 3994 7885 1336 3890 7886 1482 4003 7887 1342 3992 7888 1358 3994 7889 1483 4004 7890 365 3894 7891 1342 4005 7892 1342 4006 7893 365 4007 7894 1206 4008 7895 1206 4008 7896 365 4007 7897 364 4009 7898 1206 4008 7899 364 4009 7900 1208 4010 7901 1208 4010 7902 364 4009 7903 362 4011 7904 1208 4010 7905 362 4011 7906 1207 4012 7907 1207 4012 7908 362 4011 7909 361 4013 7910 1207 4014 7911 361 4015 7912 1209 4016 7913 1209 4016 7914 361 4015 7915 359 4017 7916 1209 4016 7917 359 4017 7918 305 4018 7919 305 477 7920 359 4019 7921 358 3942 7922 305 477 7923 358 3942 7924 350 478 7925 350 478 7926 358 3942 7927 1214 3944 7928 1336 3890 7929 1040 663 7930 1075 4020 7931 1075 4020 7932 1040 663 7933 405 2489 7934 1075 4020 7935 405 2489 7936 234 2491 7937 234 2491 7938 233 663 7939 1075 4020 7940 1337 3893 7941 1336 3890 7942 1077 4021 7943 1077 4021 7944 1336 3890 7945 1075 4020 7946 1077 4021 7947 1361 4022 7948 1337 3893 7949 1361 4022 7950 1484 4023 7951 1337 3893 7952 1337 3893 7953 1484 4023 7954 1454 4024 7955 1079 4025 7956 1361 4022 7957 1077 4021 7958 1358 3994 7959 1359 3995 7960 1360 4002 7961 1360 4026 7962 1359 3995 7963 1041 3997 7964 1081 3108 7965 1335 4027 7966 1079 3106 7967 1335 3888 7968 1486 4028 7969 1079 4029 7970 1079 4030 7971 1485 4031 7972 1361 4022 7973 1335 4032 7974 1081 3108 7975 1083 3110 7976 1323 3854 7977 1104 3165 7978 1321 3848 7979 1321 3848 7980 1104 3165 7981 1103 3162 7982 1321 3848 7983 1103 3162 7984 1101 3160 7985 1329 3870 7986 1330 3874 7987 1324 3856 7988 1100 3159 7989 1102 3161 7990 1331 3879 7991 1102 3161 7992 1445 3880 7993 1331 3879 7994 1333 3884 7995 1332 3883 7996 1334 3886 7997 1332 3883 7998 1487 4033 7999 1334 3886 8000 1334 3886 8001 1487 4033 8002 1450 4034 8003 1334 3886 8004 1335 4035 8005 1333 3884 8006 1333 3884 8007 1335 4036 8008 1083 3110 8009 1333 3884 8010 1083 3110 8011 1098 3157 8012 1098 3157 8013 1083 3110 8014 1084 3111 8015 1098 3157 8016 1084 3111 8017 1087 3123 8018 1087 3123 8019 1084 3111 8020 1086 3122 8021 1087 3123 8022 1086 3122 8023 1088 4037 8024 1088 4037 8025 1086 3122 8026 1085 3121 8027 1088 4038 8028 1085 4039 8029 948 4040 8030 1075 3100 8031 233 4041 8032 1073 3098 8033 267 549 8034 412 548 8035 238 4042 8036 238 4042 8037 412 548 8038 1362 4043 8039 238 4042 8040 1362 4043 8041 239 3093 8042 239 3093 8043 1362 4043 8044 342 3092 8045 412 548 8046 687 4044 8047 1362 4043 8048 1362 4043 8049 687 4044 8050 715 4045 8051 1362 4046 8052 715 4047 8053 1363 4048 8054 1363 4048 8055 715 4047 8056 717 4049 8057 1363 4050 8058 717 4051 8059 836 4052 8060 836 4053 8061 717 4054 8062 719 4055 8063 717 4056 8064 718 4057 8065 719 4058 8066 836 4059 8067 348 4060 8068 1363 4061 8069 1363 4061 8070 348 4060 8071 342 4062 8072 342 4063 8073 1362 4046 8074 1363 4048 8075 539 4064 8076 741 4065 8077 540 4066 8078 540 4067 8079 741 4068 8080 751 4069 8081 753 4070 8082 527 4071 8083 749 4072 8084 749 4073 8085 527 4074 8086 526 4075 8087 749 4076 8088 526 4077 8089 747 4078 8090 533 4079 8091 532 4080 8092 751 4081 8093 751 4082 8094 532 4083 8095 540 4084 8096 747 4085 8097 1364 4086 8098 748 4087 8099 748 4088 8100 1364 4089 8101 542 4090 8102 748 4088 8103 542 4090 8104 541 4091 8105 747 4092 8106 526 4093 8107 1364 4094 8108 1364 4095 8109 526 4096 8110 550 4097 8111 1364 4098 8112 550 732 8113 542 731 8114 550 4099 8115 526 4100 8116 1296 4101 8117 1296 4102 8118 526 4103 8119 528 4104 8120 853 4105 8121 437 4106 8122 11 4107 8123 11 4107 8124 437 4106 8125 436 4108 8126 560 4109 8127 559 4110 8128 527 4111 8129 527 4112 8130 559 4113 8131 528 4114 8132 1420 4115 8133 4 4115 8134 1421 4115 8135 7 4116 8136 1426 4116 8137 1418 4116 8138 7 4117 8139 1427 4117 8140 1426 4117 8141 10 4118 8142 1424 4118 8143 1427 4118 8144 1432 4119 8145 13 4119 8146 1373 4119 8147 1377 4120 8148 19 4120 8149 1375 4120 8150 1378 4121 8151 1376 4121 8152 22 4121 8153 1382 4122 8154 1381 4122 8155 22 4122 8156 25 4123 8157 1384 4123 8158 1386 4123 8159 1389 4124 8160 1388 4124 8161 31 4124 8162 1405 4125 8163 33 4125 8164 1406 4125 8165 1406 4126 8166 36 4126 8167 1404 4126 8168 39 4127 8169 1411 4127 8170 1402 4127 8171 43 4128 8172 1415 4128 8173 1408 4128 8174 43 4129 8175 1413 4129 8176 1415 4129 8177 49 4130 8178 1413 4130 8179 46 4130 8180 52 4131 8181 1414 4131 8182 49 4131 8183 54 4132 8184 1409 4132 8185 1407 4132 8186 54 4133 8187 1412 4133 8188 1409 4133 8189 57 4134 8190 1410 4134 8191 1412 4134 8192 60 4135 8193 1392 4135 8194 1391 4135 8195 66 4136 8196 1395 4136 8197 63 4136 8198 69 4137 8199 1365 4137 8200 1398 4137 8201 1369 4138 8202 1366 4138 8203 69 4138 8204 72 4139 8205 1401 4139 8206 1399 4139 8207 79 4140 8208 1434 4140 8209 1371 4140 8210 82 4141 8211 1430 4141 8212 79 4141 8213 85 4142 8214 1431 4142 8215 82 4142 8216 87 4143 8217 1428 4143 8218 1425 4143 8219 90 4144 8220 1419 4144 8221 1417 4144 8222 90 4145 8223 1422 4145 8224 1419 4145 8225 1422 4146 8226 0 4146 8227 1420 4146 8228 33 4147 8229 1437 4147 8230 1438 4147 8231 82 4148 8232 1480 4148 8233 1481 4148 8234 1366 1355 8235 133 512 8236 1365 1356 8237 1375 1365 8238 1376 1367 8239 520 685 8240 522 687 8241 1374 1364 8242 1377 4149 8243 1377 4149 8244 1375 1365 8245 522 687 8246 1381 1369 8247 520 685 8248 1379 1368 8249 1384 1374 8250 1385 1376 8251 431 567 8252 431 567 8253 520 685 8254 1386 1373 8255 520 685 8256 1383 1372 8257 1386 1373 8258 1397 1384 8259 1396 1385 8260 133 512 8261 393 510 8262 1394 1383 8263 1395 4150 8264 1395 4150 8265 1397 1384 8266 393 510 8267 1401 1388 8268 1400 1389 8269 395 515 8270 395 515 8271 133 512 8272 1399 1387 8273 133 512 8274 1368 1359 8275 1399 1387 8276 1404 1392 8277 1402 1396 8278 429 565 8279 429 565 8280 431 567 8281 1406 1391 8282 431 567 8283 1393 1382 8284 1405 4151 8285 431 567 8286 1405 4151 8287 1406 1391 8288 1410 4152 8289 1403 1390 8290 393 510 8291 481 1226 8292 1407 4153 8293 1409 1393 8294 1412 1394 8295 1410 4152 8296 481 1226 8297 1410 4152 8298 393 510 8299 481 1226 8300 1408 1395 8301 429 565 8302 1402 1396 8303 1416 4154 8304 1407 4153 8305 481 1226 8306 743 1231 8307 429 565 8308 1408 1395 8309 743 1231 8310 1408 1395 8311 1415 4155 8312 1416 4154 8313 481 1226 8314 1414 1399 8315 481 1226 8316 743 1231 8317 1414 1399 8318 743 1231 8319 1415 4155 8320 1413 1398 8321 776 1401 8322 73 521 8323 1417 1406 8324 776 1401 8325 1417 1406 8326 1419 4156 8327 1421 4157 8328 1418 4158 8329 398 1403 8330 1420 1405 8331 1421 4157 8332 398 1403 8333 776 1401 8334 1419 4156 8335 1422 1404 8336 1420 1405 8337 398 1403 8338 776 1401 8339 1417 1406 8340 73 521 8341 1425 1407 8342 1424 4159 8343 1423 1413 8344 522 687 8345 398 1403 8346 1418 4158 8347 1426 1409 8348 1427 1410 8349 1424 4159 8350 398 1403 8351 1424 4159 8352 522 687 8353 398 1403 8354 1433 1412 8355 1425 1407 8356 73 521 8357 73 521 8358 395 515 8359 1431 1411 8360 395 515 8361 1429 1416 8362 1430 4160 8363 395 515 8364 1430 4160 8365 1431 1411 8366 1103 3162 8367 1436 4161 8368 1435 3163 8369 1437 3164 8370 1436 4161 8371 1103 3162 8372 1326 3864 8373 1048 4162 8374 1439 3865 8375 1327 3867 8376 1326 3864 8377 1440 3866 8378 1329 3870 8379 1327 3867 8380 1441 3868 8381 1443 3873 8382 1438 3166 8383 1104 3165 8384 1331 3879 8385 1446 3881 8386 1447 3882 8387 1334 3886 8388 1450 4034 8389 1449 3887 8390 1337 3893 8391 1454 4024 8392 1452 3891 8393 354 3900 8394 1459 4163 8395 1458 3898 8396 1456 3896 8397 1459 4163 8398 354 3900 8399 374 3901 8400 1460 3905 8401 1461 3902 8402 374 3901 8403 372 3906 8404 1462 3904 8405 372 3906 8406 371 4164 8407 1464 3908 8408 371 3910 8409 1339 3913 8410 1466 3911 8411 1048 3915 8412 1049 3919 8413 1469 3918 8414 1049 3919 8415 661 3923 8416 1470 3920 8417 661 3923 8418 1340 3922 8419 1471 3924 8420 1338 3903 8421 1461 3902 8422 1473 3927 8423 1350 3959 8424 1474 3968 8425 1467 3914 8426 1350 3959 8427 1344 3951 8428 1475 3967 8429 1344 3951 8430 1343 3950 8431 1477 3970 8432 1343 3950 8433 1354 3973 8434 1479 3972 8435 1354 3973 8436 818 3977 8437 1481 3975 8438 355 3976 8439 1457 4165 8440 1481 3975 8441 1453 3892 8442 1482 4003 8443 1358 3994 8444 1482 4003 8445 1483 4166 8446 1342 3992 8447 1483 4004 8448 1455 3895 8449 365 3894 8450 1361 4022 8451 1485 4031 8452 1484 4023 8453 1335 3888 8454 1451 3889 8455 1486 4028 8456 1079 4030 8457 1486 4167 8458 1485 4031 8459 1102 3161 8460 1444 3878 8461 1445 3880 8462 1332 3883 8463 1448 3885 8464 1487 4033 8465 1420 4168 8466 0 4168 8467 4 4168 8468 1418 4169 8469 1421 4169 8470 4 4169 8471 4 4170 8472 7 4170 8473 1418 4170 8474 7 4171 8475 10 4171 8476 1427 4171 8477 10 4172 8478 13 4172 8479 1424 4172 8480 1424 4173 8481 13 4173 8482 1423 4173 8483 13 4174 8484 16 4174 8485 1374 4174 8486 1423 4175 8487 13 4175 8488 1432 4175 8489 16 4176 8490 1377 4176 8491 1374 4176 8492 1374 4177 8493 1373 4177 8494 13 4177 8495 1377 4178 8496 16 4178 8497 19 4178 8498 1376 4179 8499 1375 4179 8500 19 4179 8501 19 4180 8502 22 4180 8503 1376 4180 8504 22 4181 8505 1380 4181 8506 1379 4181 8507 22 4182 8508 1379 4182 8509 1378 4182 8510 1381 4183 8511 1380 4183 8512 22 4183 8513 22 4184 8514 25 4184 8515 1383 4184 8516 25 4185 8517 1386 4185 8518 1383 4185 8519 22 4186 8520 1383 4186 8521 1382 4186 8522 25 4187 8523 28 4187 8524 1384 4187 8525 1384 4188 8526 28 4188 8527 1385 4188 8528 28 4189 8529 31 4189 8530 1385 4189 8531 31 4190 8532 1405 4190 8533 1393 4190 8534 31 4191 8535 1393 4191 8536 1390 4191 8537 1388 4192 8538 1387 4192 8539 31 4192 8540 1387 4193 8541 1385 4193 8542 31 4193 8543 31 4194 8544 1390 4194 8545 1389 4194 8546 1405 4195 8547 31 4195 8548 33 4195 8549 1406 4196 8550 33 4196 8551 36 4196 8552 1404 4197 8553 36 4197 8554 1402 4197 8555 36 4198 8556 39 4198 8557 1402 4198 8558 1411 4199 8559 39 4199 8560 1408 4199 8561 39 4200 8562 43 4200 8563 1408 4200 8564 43 4201 8565 46 4201 8566 1413 4201 8567 49 4202 8568 1414 4202 8569 1413 4202 8570 52 4203 8571 1416 4203 8572 1414 4203 8573 1416 4204 8574 52 4204 8575 1407 4204 8576 52 4205 8577 54 4205 8578 1407 4205 8579 54 4206 8580 57 4206 8581 1412 4206 8582 57 4207 8583 60 4207 8584 1410 4207 8585 1403 4208 8586 1410 4208 8587 60 4208 8588 60 4209 8589 63 4209 8590 1394 4209 8591 63 4210 8592 1395 4210 8593 1394 4210 8594 1391 4211 8595 1403 4211 8596 60 4211 8597 60 4212 8598 1394 4212 8599 1392 4212 8600 66 4213 8601 1397 4213 8602 1395 4213 8603 1397 4214 8604 66 4214 8605 1396 4214 8606 66 4215 8607 69 4215 8608 1396 4215 8609 1396 4216 8610 69 4216 8611 1398 4216 8612 69 4217 8613 1367 4217 8614 1365 4217 8615 1366 4218 8616 1367 4218 8617 69 4218 8618 69 4219 8619 72 4219 8620 1368 4219 8621 72 4220 8622 1399 4220 8623 1368 4220 8624 69 4221 8625 1368 4221 8626 1369 4221 8627 72 4222 8628 75 4222 8629 1401 4222 8630 1400 4223 8631 1401 4223 8632 75 4223 8633 75 4224 8634 79 4224 8635 1400 4224 8636 79 4225 8637 1430 4225 8638 1429 4225 8639 79 4226 8640 1429 4226 8641 1434 4226 8642 1372 4227 8643 1400 4227 8644 79 4227 8645 1434 484 8646 1370 484 8647 1371 484 8648 1371 4228 8649 1372 4228 8650 79 4228 8651 82 4229 8652 1431 4229 8653 1430 4229 8654 85 4230 8655 1433 4230 8656 1431 4230 8657 1425 4231 8658 1433 4231 8659 85 4231 8660 85 4232 8661 87 4232 8662 1425 4232 8663 1417 4233 8664 1428 4233 8665 87 4233 8666 87 4234 8667 90 4234 8668 1417 4234 8669 90 4235 8670 93 4235 8671 1422 4235 8672 1422 4236 8673 93 4236 8674 0 4236 8675 43 1362 8676 39 1362 8677 1440 1362 8678 39 1362 8679 36 1362 8680 1442 1362 8681 36 4237 8682 33 4237 8683 1443 4237 8684 33 1362 8685 31 1362 8686 1437 1362 8687 1435 1362 8688 28 1362 8689 1444 1362 8690 31 4238 8691 28 4238 8692 1436 4238 8693 28 4239 8694 25 4239 8695 1444 4239 8696 1444 1362 8697 25 1362 8698 1445 1362 8699 25 1362 8700 22 1362 8701 1445 1362 8702 22 4240 8703 1446 4240 8704 1445 4240 8705 28 4241 8706 1435 4241 8707 1436 4241 8708 46 1362 8709 43 1362 8710 1469 1362 8711 1440 1362 8712 39 1362 8713 1441 1362 8714 1468 4242 8715 43 4242 8716 1439 4242 8717 1468 1362 8718 1469 1362 8719 43 1362 8720 1440 1362 8721 1439 1362 8722 43 1362 8723 1441 1362 8724 39 1362 8725 1442 1362 8726 31 4243 8727 1436 4243 8728 1437 4243 8729 1443 1362 8730 1442 1362 8731 36 1362 8732 1438 1362 8733 1443 1362 8734 33 1362 8735 54 4244 8736 52 4244 8737 1473 4244 8738 52 4245 8739 49 4245 8740 1471 4245 8741 1471 4246 8742 49 4246 8743 1472 4246 8744 49 1362 8745 46 1362 8746 1472 1362 8747 46 1362 8748 1469 1362 8749 1470 1362 8750 1472 1362 8751 46 1362 8752 1470 1362 8753 57 1362 8754 54 1362 8755 1462 1362 8756 63 4247 8757 60 4247 8758 1465 4247 8759 60 1362 8760 57 1362 8761 1464 1362 8762 63 4248 8763 1465 4248 8764 1466 4248 8765 69 1362 8766 66 1362 8767 1474 1362 8768 66 1362 8769 63 1362 8770 1467 1362 8771 75 4249 8772 72 4249 8773 1477 4249 8774 72 1362 8775 69 1362 8776 1476 1362 8777 82 4250 8778 79 4250 8779 1479 4250 8780 79 4251 8781 75 4251 8782 1478 4251 8783 87 1362 8784 85 1362 8785 1458 1362 8786 85 1362 8787 82 1362 8788 1481 1362 8789 1455 4252 8790 90 4252 8791 1456 4252 8792 93 4253 8793 90 4253 8794 1482 4253 8795 90 1362 8796 87 1362 8797 1456 1362 8798 1482 1362 8799 90 1362 8800 1483 1362 8801 4 4254 8802 0 4254 8803 1454 4254 8804 0 1362 8805 93 1362 8806 1452 1362 8807 1452 4255 8808 93 4255 8809 1453 4255 8810 10 1362 8811 7 1362 8812 1449 1362 8813 7 1362 8814 4 1362 8815 1484 1362 8816 16 4256 8817 13 4256 8818 1487 4256 8819 13 1362 8820 10 1362 8821 1450 1362 8822 16 4257 8823 1487 4257 8824 1448 4257 8825 22 4258 8826 19 4258 8827 1446 4258 8828 19 1362 8829 16 1362 8830 1448 1362 8831 1447 1362 8832 1446 1362 8833 19 1362 8834 1448 1362 8835 1447 1362 8836 19 1362 8837 4 4259 8838 1454 4259 8839 1484 4259 8840 90 4260 8841 1455 4260 8842 1483 4260 8843 72 4261 8844 1476 4261 8845 1477 4261 8846 69 4262 8847 1474 4262 8848 1475 4262 8849 66 4263 8850 1467 4263 8851 1474 4263 8852 1467 1362 8853 63 1362 8854 1466 1362 8855 52 4264 8856 1471 4264 8857 1473 4264 8858 69 4265 8859 1475 4265 8860 1476 4265 8861 0 1362 8862 1452 1362 8863 1454 1362 8864 1487 1362 8865 13 1362 8866 1450 1362 8867 54 4266 8868 1473 4266 8869 1461 4266 8870 54 4267 8871 1461 4267 8872 1460 4267 8873 1486 1362 8874 1451 1362 8875 7 1362 8876 1451 4268 8877 1449 4268 8878 7 4268 8879 1449 4269 8880 1450 4269 8881 10 4269 8882 54 4270 8883 1460 4270 8884 1462 4270 8885 1462 1362 8886 1463 1362 8887 57 1362 8888 1485 1362 8889 1486 1362 8890 7 1362 8891 57 4271 8892 1463 4271 8893 1464 4271 8894 1464 4272 8895 1465 4272 8896 60 4272 8897 1484 1362 8898 1485 1362 8899 7 1362 8900 1482 4273 8901 1453 4273 8902 93 4273 8903 75 4274 8904 1477 4274 8905 1478 4274 8906 1456 1362 8907 87 1362 8908 1459 1362 8909 1459 1362 8910 87 1362 8911 1458 1362 8912 79 4275 8913 1478 4275 8914 1479 4275 8915 1458 4276 8916 85 4276 8917 1457 4276 8918 1457 4277 8919 85 4277 8920 1481 4277 8921 82 4278 8922 1479 4278 8923 1480 4278 8924</p>
        </triangles>
      </mesh>
    </geometry>
  </library_geometries>
  <library_visual_scenes>
    <visual_scene id="Scene" name="Scene">
      <node id="f_1-06vxh12-a00_lk5" name="f_1-06vxh12-a00_lk5" type="NODE">
        <matrix sid="transform">1 0 0 -0.795 0 1 0 0 0 0 1 -1.264 0 0 0 1</matrix>
        <instance_geometry url="#polygons_004-mesh" name="f_1-06vxh12-a00_lk5">
          <bind_material>
            <technique_common>
              <instance_material symbol="Surface_1_001-material" target="#Surface_1_001-material">
                <bind_vertex_input semantic="UVMap" input_semantic="TEXCOORD" input_set="0"/>
              </instance_material>
            </technique_common>
          </bind_material>
        </instance_geometry>
      </node>
    </visual_scene>
  </library_visual_scenes>
  <scene>
    <instance_visual_scene url="#Scene"/>
  </scene>
</COLLADA>