<?xml version="1.0" encoding="utf-8"?>
<COLLADA xmlns="http://www.collada.org/2005/11/COLLADASchema" version="1.4.1" xmlns:xsi="http://www.w3.org/2001/XMLSchema-instance">
  <asset>
    <contributor>
      <author>Blender User</author>
      <authoring_tool>Blender 4.2.0 commit date:2024-07-16, commit time:06:20, hash:a51f293548ad</authoring_tool>
    </contributor>
    <created>2025-03-20T13:11:17</created>
    <modified>2025-03-20T13:11:17</modified>
    <unit name="meter" meter="1"/>
    <up_axis>Z_UP</up_axis>
  </asset>
  <library_effects>
    <effect id="Surface_1-effect">
      <profile_COMMON>
        <technique sid="common">
          <lambert>
            <emission>
              <color sid="emission">0 0 0 1</color>
            </emission>
            <diffuse>
              <color sid="diffuse">0 0.200784 0.4 1</color>
            </diffuse>
            <index_of_refraction>
              <float sid="ior">1</float>
            </index_of_refraction>
          </lambert>
        </technique>
      </profile_COMMON>
    </effect>
  </library_effects>
  <library_images/>
  <library_materials>
    <material id="Surface_1-material" name="Surface_1">
      <instance_effect url="#Surface_1-effect"/>
    </material>
  </library_materials>
  <library_geometries>
    <geometry id="polygons-mesh" name="polygons">
      <mesh>
        <source id="polygons-mesh-positions">
          <float_array id="polygons-mesh-positions-array" count="4467">-0.2344329 -0.05324095 0.1441079 -0.235503 -0.054057 0.142318 -0.2359319 -0.05539196 0.14398 -0.23636 -0.076604 0.141679 -0.235503 -0.08216696 0.144066 -0.234004 -0.08335298 0.141167 -0.2438549 -0.137645 0.008772969 -0.245675 -0.13987 0.009838998 -0.245568 -0.13453 0.01047796 -0.2453539 -0.142614 0.013547 -0.2432129 -0.141056 0.01030796 -0.2432129 -0.142466 0.015338 -0.14192 0.148275 0.002507984 -0.144169 0.1467919 0.01768195 -0.14192 0.148572 -5e-5 -0.24332 -0.133046 0.01162898 -0.245568 -0.132824 0.01482599 -0.125859 0.1217229 7.8e-5 -0.130142 0.1206099 0.01989895 -0.122861 0.124319 0.01998394 -0.16719 0.1425639 0.02207195 -0.160337 0.1416 0.02011197 -0.169867 0.145308 0.01874798 -0.149094 0.01766395 0.129232 -0.14524 0.03828299 0.129189 -0.152521 0.01981496 0.127996 0.139043 -0.131934 0.01998394 0.139043 -0.12778 3.5e-5 0.137437 -0.135642 7.8e-5 0.143862 -0.143652 0.02011197 0.142041 -0.148622 0.01793795 0.148787 -0.141501 0.01857697 -0.125859 0.138262 0.01994097 -0.125966 0.138559 1.21e-4 -0.120934 0.132255 7.8e-5 -0.2432129 -0.138905 0.01896095 -0.245033 -0.134975 0.01900297 -0.245247 -0.140389 0.01776695 -0.24332 -0.133565 0.01729798 -0.08110195 0.097395 0.002208948 -0.09512895 0.08901399 -7e-6 -0.06182795 0.11438 -7e-6 -0.245675 -0.136606 0.01742595 -0.245675 -0.13846 0.01077699 -0.245568 -0.13579 0.01103299 -0.245568 -0.13401 0.01312094 -0.245568 -0.13453 0.01572096 -0.245568 -0.1404629 0.01226896 -0.245568 -0.1392019 0.01699995 -0.245568 -0.140908 0.01499694 -0.246425 -0.136977 0.03524398 -0.2491019 -0.134826 0.03515797 -0.246425 -0.133269 0.03626698 -0.2491019 -0.136532 0.03558498 -0.248459 -0.135939 0.03771597 -0.248138 -0.138535 0.03622394 -0.15509 0.01143395 0.128081 -0.166119 0.010692 0.128848 -0.15402 0.01061797 0.130809 -0.246425 -0.135049 0.04274594 -0.2491019 -0.1371999 0.042831 -0.246425 -0.138757 0.04172295 -0.248138 -0.133491 0.04176497 -0.246425 -0.13223 0.04001796 -0.2491019 -0.132156 0.03929299 -0.2491019 -0.1354939 0.04244697 -0.25028 -0.136532 0.03831297 -0.2491019 -0.139795 0.03869599 -0.246425 -0.139795 0.03797197 -0.239037 0.075441 0.140016 -0.2372159 0.08144897 0.1403999 -0.236146 0.08411896 0.139931 -0.236467 0.08003997 0.141252 -0.236467 0.07774096 0.142275 -0.237645 0.079966 0.1403149 -0.250172 -0.135345 0.0381 -0.25028 -0.13542 0.03967696 -0.249851 -0.138312 0.03895199 -0.250172 -0.136606 0.03988999 -0.248459 -0.136087 0.04027295 -0.249851 -0.13364 0.03903698 -0.2491019 -0.134826 0.09415197 -0.2491019 -0.136532 0.09461998 -0.248459 -0.135939 0.09670895 -0.2344329 0.08456397 0.1388649 -0.234004 0.083081 0.14202 -0.133997 0.1217229 3.5e-5 -0.232505 0.08359998 0.1347309 -0.233469 0.086048 0.134901 -0.255419 -0.09900295 0.049012 -0.246425 -0.09900295 0.049012 -0.246425 -0.08149898 0.060009 -0.255419 -0.08149898 0.060009 -0.246425 -0.05450195 0.060009 -0.255419 -0.05450195 0.060009 -0.246425 -0.03699797 0.049012 -0.255419 -0.03699797 0.049012 -0.235289 0.08211696 0.1441079 0.131976 -0.138757 -7e-6 0.149322 -0.139647 -7e-6 0.12598 -0.138164 3.5e-5 -0.225545 0.1298069 0.138269 -0.223083 0.1285459 0.134091 -0.219442 0.13307 0.134347 -0.188498 0.09635698 0.133026 -0.188069 0.09687596 0.1322579 -0.189783 0.097247 0.13375 -0.2491019 -0.1371999 0.101824 -0.2491019 -0.1354939 0.10144 -0.248459 -0.136087 0.09930896 -0.248138 -0.133491 0.100758 -0.246425 -0.135049 0.101739 -0.246425 -0.13223 0.099011 -0.249209 -0.132156 0.09828597 -0.234111 0.130697 0.1399739 -0.23379 0.1286939 0.137246 0.1399 -0.103824 0.01998394 0.140007 -0.100041 3.5e-5 0.138508 -0.107013 7.8e-5 -0.187427 0.09806299 0.132898 -0.192459 0.09049797 0.1331959 -0.245568 0.139375 0.138397 -0.2432129 0.136111 0.137928 -0.2432129 0.141081 0.136734 -0.121897 0.133886 0.01998394 -0.248138 -0.138535 0.09521698 -0.246425 -0.137051 0.09423696 -0.246425 -0.139795 0.09704995 -0.25028 -0.136532 0.09730595 -0.2432129 -0.143652 0.005490958 -0.152842 -0.138386 0.005490958 -0.149737 -0.144987 0.006002962 -0.250172 -0.135345 0.09709298 -0.148666 -0.142391 0.003871977 -0.149308 -0.139647 -7e-6 -0.145775 -0.145729 -7e-6 -0.255419 -0.03699797 0.02901995 -0.246425 -0.03699797 0.02901995 -0.246425 -0.05450195 0.01797997 -0.255419 -0.05450195 0.01797997 -0.246425 -0.08149898 0.01797997 -0.255419 -0.08149898 0.01797997 -0.246425 -0.09900295 0.02901995 -0.255419 -0.09900295 0.02901995 -0.25028 -0.13542 0.09867 0.137116 -0.124294 0.01998394 -0.249851 -0.138312 0.09794497 -0.250172 -0.136606 0.09888297 0.1285499 -0.09447896 0.01998394 0.125659 -0.096852 3.5e-5 0.131976 -0.093885 3.5e-5 -0.245247 0.142341 0.132557 -0.245568 0.141155 0.1337929 -0.245568 0.138633 0.136393 -0.249851 -0.13364 0.09802997 -0.2453539 0.139523 0.128252 -0.245568 0.140042 0.130511 -0.2491019 -0.035218 0.02181696 -0.248138 -0.03150898 0.02079397 -0.2491019 -0.03351199 0.02138996 -0.248459 -0.03403097 0.01930195 -0.1873199 0.09138798 0.127996 -0.193423 0.086196 0.1284649 -0.203274 0.08107799 0.128848 -0.25028 -0.03343796 0.01866197 -0.150379 -0.006959974 4.19e-4 -0.149951 -0.134975 -7e-6 0.1320829 -0.110276 3.5e-5 0.128443 -0.1093119 0.01998394 0.135617 -0.109461 0.01994097 -0.250172 -0.03462499 0.01891797 -0.2432129 1.2e-5 0.005490958 -0.152842 0.138781 0.005490958 -0.151664 0.134999 0.00514996 -0.1512359 -0.134975 0.004979968 -0.150593 0.134999 0.004254996 -0.150379 -0.134975 0.003828942 -0.149522 0.145012 0.006130993 -0.2432129 0.143602 0.005490958 -0.14963 0.139894 0.004339993 -0.14631 0.145457 0.004339993 -0.245675 0.133515 0.135327 -0.2432129 0.132255 0.132386 -0.2491019 -0.03284496 0.01418697 -0.248459 -0.033957 0.01670199 -0.250172 -0.03336399 0.01708495 -0.10423 -0.149437 0.01887595 -0.135924 -0.146842 0.020069 -0.135067 -0.149957 0.01815098 -0.2491019 -0.03454995 0.01456999 0.125659 -0.107236 7.8e-5 -0.25028 -0.03454995 0.01734095 -0.244498 0.13307 0.130127 -0.2432129 0.13626 0.128039 -0.2432129 0.141081 0.1294029 -0.133997 -0.138238 0.01998394 -0.131962 -0.138757 -7e-6 -0.1372089 -0.135939 3.5e-5 -0.139029 -0.132082 0.01994097 -0.139029 -0.128077 3.5e-5 -0.248138 -0.03647899 0.01520997 -0.246425 -0.03499495 0.01422899 -0.246425 -0.03773999 0.01699995 -0.245782 0.135221 0.128976 -0.249209 -0.03781396 0.01772499 -0.2468529 0.04488396 0.10809 -0.2497439 0.045403 0.108047 -0.248566 0.046516 0.1057029 -0.249637 0.05014997 0.1047649 -0.24953 0.048518 0.1051059 -0.248888 0.04903799 0.107195 -0.2432129 -0.1325269 0.1343899 -0.244176 -0.132749 0.131619 -0.245033 -0.134975 0.138013 -0.2468529 0.111117 0.04287397 -0.2497439 0.110597 0.04295897 -0.248566 0.109485 0.04526096 -0.245568 -0.132824 0.133836 -0.245675 -0.009925961 0.01755398 -0.2453539 -0.01415395 0.013547 -0.24514 -0.01192897 0.01776695 -0.245675 -0.01133596 0.009838998 -0.245568 -0.01074194 0.01103299 -0.245568 -0.008145987 0.01077699 -0.243427 0.141971 0.01162898 -0.245568 0.140487 0.01047796 -0.245568 0.142193 0.01482599 -0.244498 -0.009184956 0.008602976 -0.245568 -0.005995988 0.01047796 -0.250708 0.04844397 0.107834 -0.2432129 -0.009035944 0.008986949 -0.2432129 -0.01259696 0.01030796 -0.2432129 -0.01393198 0.015338 -0.2432129 -0.005105972 0.01729798 -0.243427 -0.004511952 0.01162898 -0.245033 -0.006440997 0.01900297 -0.2468529 0.04799896 0.1047649 -0.2468529 0.05141097 0.105192 -0.245675 -0.136606 0.136436 -0.245568 -0.13453 0.129488 -0.245568 -0.13401 0.132131 -0.245568 -0.13453 0.1347309 -0.245568 -0.13579 0.129999 -0.245675 -0.13846 0.129786 -0.245675 -0.13987 0.128848 -0.2453539 -0.142614 0.132557 -0.244498 -0.137719 0.12757 -0.250601 0.04963099 0.107621 -0.24953 0.04785096 0.1122249 -0.248888 0.04896295 0.109795 -0.250601 0.04837 0.109411 -0.245568 -0.004363954 0.01482599 -0.245568 -0.005995988 0.01226896 -0.250708 0.04955697 0.109198 -0.24953 0.049483 0.111926 -0.2432129 0.136111 0.01896095 -0.245033 0.140042 0.01900297 -0.245247 0.134554 0.01776695 -0.2432129 0.141451 0.01729798 -0.2468529 0.05341297 0.108815 -0.2468529 0.05304294 0.1065559 -0.246425 -0.03299295 0.02173095 -0.246425 -0.03024899 0.01896095 -0.1210409 -0.132082 3.5e-5 -0.122861 -0.135865 0.01994097 -0.120827 -0.128003 0.01994097 -0.249637 0.05281996 0.108772 -0.248566 0.051485 0.1112869 0.031219 -0.122069 0.002293944 0.05798798 -0.11265 0.002208948 0.03518098 -0.124443 5.04e-4 -0.122861 -0.124146 3.5e-5 -0.2432129 -0.135345 0.128166 -0.2432129 -0.141056 0.129275 -0.2432129 -0.142466 0.134304 -0.245568 -0.1404629 0.131278 -0.2468529 0.04569995 0.111244 -0.2432129 0.04488396 0.109582 -0.2432129 0.04681199 0.11231 -0.245247 -0.018233 0.07279598 -0.2453539 -0.01645296 0.07335096 -0.2476029 -0.01615697 0.07279598 -0.24514 0.01202696 0.04265999 -0.245461 0.01306599 0.04385399 -0.2476029 0.01328796 0.04329997 -0.118685 -0.09343999 0.140144 -0.112689 -0.100931 0.137672 -0.112582 -0.09922498 0.140016 -0.124681 -0.08424299 0.14219 -0.245247 -0.140389 0.136777 -0.245247 0.01343697 0.04611295 -0.24514 0.01024699 0.043428 -0.131962 -0.121253 0.01998394 -0.134104 -0.121773 3.5e-5 -0.128001 -0.121253 -7e-6 -0.126073 -0.121773 0.01998394 -0.245033 -0.01749199 0.07215696 -0.245247 -0.016972 0.07475697 -0.244926 -0.01934599 0.07352095 -0.2432129 -0.01763999 0.07386195 -0.243962 -0.01890099 0.07288199 -0.243641 -0.01489597 0.07654696 -0.2432129 -0.146026 0.13699 -0.205951 -0.146842 0.136095 -0.2432129 -0.145061 0.139292 -0.137102 -0.124294 0.01998394 -0.149201 -0.121624 0.01985597 -0.2468529 0.05000197 0.112267 -0.236146 0.05489695 0.141167 -0.21805 0.05237495 0.1290619 -0.230042 0.05289399 0.129701 -0.230042 0.05044698 0.127996 -0.24953 0.10815 0.10468 -0.24953 0.106444 0.105064 -0.248888 0.107037 0.107195 -0.248566 0.104516 0.1057029 -0.2432129 0.02671295 0.02607899 -0.244176 0.02604496 0.02791196 -0.243962 0.02990198 0.02531194 -0.2432129 0.02552598 0.03059697 -0.245997 -0.01852995 0.07595098 -0.173079 0.007057964 0.128039 -0.173828 0.001198947 0.1294029 -0.169224 0.008689999 0.130767 -0.247067 -0.01786196 0.07335096 -0.135282 -0.06673997 0.140613 -0.247067 0.01158195 0.043769 -0.116544 -0.092031 0.14202 -0.131213 -0.06955796 0.14202 -0.1424559 -0.048123 0.142105 -0.243962 -0.01430195 0.07002598 -0.2432129 -0.01815897 0.06985497 -0.245997 -0.01548898 0.06955695 -0.24696 -0.01252198 0.07305198 -0.247281 -0.01593399 0.07113397 -0.2335759 0.03168195 0.1337929 -0.231006 0.03101497 0.134986 -0.21805 0.03086596 0.135029 -0.2468529 0.102513 0.109028 -0.274907 0.102587 0.10792 -0.274907 0.099101 0.110989 -0.2468529 0.09902697 0.110989 -0.274907 0.05697399 0.110989 -0.2468529 0.05689895 0.110989 -0.274907 0.05326497 0.108261 -0.230042 0.03101497 0.134006 -0.245997 -0.01912295 0.071177 -0.175863 -0.007997989 0.127996 -0.108192 0.066096 0.002421975 -0.11815 0.05422896 -7e-6 -0.147274 -0.03299295 0.1399739 -0.2151589 0.06624495 0.130937 -0.215266 0.05608397 0.132813 -0.215802 0.05356198 0.133111 -0.103695 -0.130005 0.02036696 -0.107656 -0.134604 0.02407598 -0.09898298 -0.129931 0.02407598 -0.109691 -0.138312 0.02202999 -0.110869 -0.136829 0.020069 -0.08913201 -0.137793 0.02399098 -0.09052395 -0.133936 0.02207195 -0.09277296 -0.132156 0.02399098 -0.249637 0.10318 0.108261 -0.2468529 0.104293 0.111244 -0.24953 0.105851 0.112139 -0.092238 -0.1295599 0.02002596 -0.09662801 -0.130154 0.02202999 -0.24696 0.108001 0.112694 -0.087098 -0.138015 0.020069 -0.249637 0.110746 0.108729 -0.24696 0.111191 0.109966 -0.2468529 0.1097069 0.105746 -0.248566 0.109485 0.1112869 -0.24953 0.107556 0.111926 -0.217622 0.05556398 0.133921 -0.222654 0.05541598 0.134518 -0.220513 0.05452597 0.133409 -0.21805 0.05378395 0.133111 -0.220513 0.05296796 0.131491 -0.223939 0.05319094 0.135242 -0.250708 0.107556 0.109198 -0.248888 0.106963 0.109795 -0.250601 0.10637 0.109411 -0.250708 0.106444 0.107834 -0.21109 0.06913697 0.1279529 -0.2145169 0.05422896 0.1291469 -0.214838 0.051337 0.127996 -0.2432129 -0.01044595 0.01896095 -0.2359319 0.05534195 0.14398 -0.09898298 -0.150031 0.01699995 -0.09459298 -0.149215 0.024118 -0.103266 -0.149289 0.02416098 -0.101339 -0.14966 0.01900297 -0.107549 -0.147212 0.020069 -0.223083 0.05296796 0.132429 -0.250708 0.107631 0.107621 -0.25028 0.109336 0.108559 -0.107978 -0.14432 0.02399098 -0.25028 0.104664 0.108431 -0.2468529 0.102735 0.107024 -0.02874195 -0.150031 0.003444969 -0.02809995 -0.1530719 0.003146946 -0.03002697 -0.152997 0.005448997 -0.244605 0.03205299 0.03383696 -0.2432129 0.02967995 0.03422099 -0.2432129 0.03442597 0.03068298 -0.03056299 -0.150772 0.01819396 -0.03099095 -0.150402 0.005192995 -0.274907 0.09902697 0.04001796 -0.274907 0.05689895 0.04001796 -0.274907 0.05341297 0.04308694 -0.274907 0.102735 0.04270297 -0.2748 0.05141097 0.04632598 -0.2748 0.104664 0.04649698 -0.274478 0.05059498 0.075567 -0.2748 0.104664 0.10451 -0.2748 0.05141097 0.10468 -0.02927798 -0.13757 9.3e-4 -0.03216898 -0.147361 0.002123951 -0.02959895 -0.141131 -7e-6 -0.17083 -0.1374959 0.140016 -0.163978 -0.119844 0.13942 -0.169652 -0.13453 0.140016 -0.02692198 -0.148473 0.02228599 -0.02906399 -0.1530719 0.019131 -4.6e-5 -0.152997 0.02079397 -0.246425 -0.03306698 0.101824 -0.2491019 -0.035218 0.101824 -0.246425 -0.03670096 0.100716 -0.246425 -0.03024899 0.099011 -0.2491019 -0.03017395 0.09828597 -0.248138 -0.03150898 0.100758 -0.245247 0.01677399 0.04734897 -0.2432129 0.01588398 0.047221 -0.2432129 0.01773798 0.04295897 -0.24953 0.05014997 0.03882396 -0.248888 0.04903799 0.04121094 -0.250601 0.04963099 0.04159498 -0.2432129 0.04740595 0.03831297 -0.24696 0.04807299 0.03831297 -0.2468529 0.106963 0.03826999 -0.2468529 0.05170798 0.03976196 -0.250708 0.04844397 0.04180794 -0.24953 0.04844397 0.03907996 -0.248566 0.046516 0.03971898 -0.02767199 -0.1406109 0.003018975 -0.222761 -0.08135098 0.141508 -0.223083 -0.08060896 0.14398 -0.2254379 -0.08305698 0.143639 -0.02895694 -0.1275579 0.002293944 -0.22426 -0.084095 0.140826 -0.221369 -0.08357596 0.140016 -0.237109 -0.08446598 0.140016 -0.2373239 -0.055911 0.140528 -0.245461 -0.01563698 0.07121896 -0.2432129 -0.01741695 0.07202899 -0.2491019 -0.03276997 0.09415197 -0.248138 -0.03647899 0.09521698 -0.2491019 -0.03454995 0.09457796 -0.2491019 -0.03781396 0.09768897 -0.248459 -0.033957 0.09670895 -0.245033 0.01603299 0.04359799 -0.2476029 0.01425194 0.04419499 -0.247174 0.01588398 0.04372596 -0.2432129 -0.01971697 0.07398998 -0.247281 -0.01548898 0.07535398 -0.243962 0.01232397 0.04730695 -0.247174 0.01195299 0.04624098 -0.24589 0.01098895 0.04581499 -0.2432129 -0.01652699 0.07727199 -0.247174 0.01402997 0.04585695 -0.2432129 0.01187896 0.04436498 -0.2432129 0.01210194 0.04253298 -0.2432129 0.03116297 0.02509897 -0.2432129 0.03383296 0.02722996 -0.245461 0.01447498 0.04364097 -0.243641 0.01469695 0.04061394 -0.245568 0.01388198 0.04172295 -0.244069 0.02663898 0.03242999 -0.2432129 0.015513 0.04504698 -0.24514 -0.01333796 0.07369196 -0.249851 -0.03165799 0.09802997 -0.250172 -0.03336399 0.09709298 -0.246425 -0.03499495 0.09423696 -0.246425 -0.03128695 0.09525996 -0.149737 -0.09966999 0.138737 -0.2432129 -0.01356095 0.07420295 -0.25028 -0.03454995 0.09730595 -0.2468529 0.026416 0.03127896 -0.245033 -0.01482194 0.07514095 -0.2491019 -0.03351199 0.10144 -0.248459 -0.03403097 0.09930896 -0.03516697 -0.14877 -7e-6 -0.246746 0.02975398 0.03358095 -0.2468529 0.03338795 0.03170597 -0.09512895 -0.08898997 3.5e-5 -0.108085 -0.06607198 0.002507984 -0.08110195 -0.09737098 0.002208948 -0.11815 -0.054205 -7e-6 -0.25028 -0.03343796 0.09867 -0.24589 -0.01400595 0.07705897 -0.2432129 -0.01237398 0.07560998 0.147716 -0.01548898 0.164995 0.147716 0.015513 0.164995 0.141185 0.04592198 0.164995 0.141185 -0.04589796 0.164995 0.128657 0.07425498 0.164995 0.128657 -0.07423096 0.164995 0.110347 0.09939795 0.164995 0.110347 -0.09937399 0.164995 0.08732599 0.120165 0.164995 0.08732599 -0.120141 0.164995 0.06045097 0.135666 0.164995 0.06045097 -0.135642 0.164995 0.03089797 0.145234 0.164995 0.03089797 -0.1452839 0.164995 -4.6e-5 0.148497 0.164995 -4.6e-5 -0.148473 0.164995 -0.03088396 0.145234 0.164995 -0.03088396 -0.1452839 0.164995 -0.06043696 0.135666 0.164995 -0.06043696 -0.135642 0.164995 -0.08731198 0.120165 0.164995 -0.08731198 -0.120141 0.164995 -0.110333 0.09939795 0.164995 -0.110333 -0.09937399 0.164995 -0.128643 0.07425498 0.164995 -0.128643 -0.07423096 0.164995 -0.141278 0.04592198 0.164995 -0.141278 -0.04589796 0.164995 -0.147702 0.015513 0.164995 -0.147702 -0.01548898 0.164995 -0.250172 -0.03462499 0.09888297 0.141934 0.146124 0.020069 0.141506 0.1487939 0.01772499 0.134974 0.149091 0.01938694 -0.245033 0.01469695 0.04564398 -0.243106 0.015365 0.04325699 -0.2432129 -0.01667594 0.07497 -0.249637 0.105851 0.04619795 -0.24953 0.107482 0.04589998 -0.248888 0.106963 0.043769 -0.244498 0.137298 0.008602976 -0.2432129 0.137521 0.008986949 -0.2432129 0.133886 0.01030796 0.03079098 0.149313 -7e-6 0.02918499 0.140413 -7e-6 0.02961295 0.148423 0.002421975 -0.250708 0.107556 0.043172 0.02982699 0.132403 8.03e-4 -0.2453539 0.132329 0.013547 -0.2432129 0.132551 0.015338 -0.2468529 0.102587 0.04219198 -0.2468529 0.102958 0.04445099 -0.2468529 0.1045899 0.04572898 6.1e-5 0.1504999 0.00514996 -0.029706 0.1489419 0.002720952 -0.03720098 0.149981 0.005192995 -0.245675 0.135147 0.009838998 -0.250601 0.10637 0.04338496 0.02907794 0.149981 0.005320966 0.02929198 -0.1532199 0.01904594 0.03079098 -0.150624 0.01806598 0.02725797 -0.14877 0.02198696 -0.2468529 0.110301 0.03976196 -0.24953 0.10815 0.038782 -0.248566 0.104516 0.03971898 -0.24953 0.106518 0.03907996 0.126087 0.121574 3.5e-5 0.125873 0.121797 0.01998394 0.131976 0.121203 0.01998394 -0.248888 0.107037 0.04121094 -0.250601 0.107631 0.04159498 -0.250708 0.106444 0.04180794 -0.176934 0.145976 0.1684899 -0.183037 0.145976 0.1684899 -0.188712 0.144418 0.168575 -0.192781 0.138114 0.168532 -0.166547 0.139968 0.1684899 -0.170937 0.144418 0.1684899 -0.151343 0.103403 0.168532 -0.150165 0.1097069 0.1684899 -0.178004 0.09902697 0.168618 -0.151557 0.114009 0.1684899 -0.178004 0.114009 0.1684899 -0.192995 0.114009 0.1684899 -0.158196 0.09902697 0.1684899 -0.245675 -0.007552981 0.137629 -0.2432129 -0.010297 0.138098 -0.24332 -0.004734992 0.136009 -0.2432129 0.102884 0.02697396 -0.244283 0.103032 0.03110897 -0.2432129 0.101475 0.03362399 -0.243962 0.099101 0.03362399 -0.243962 0.09561496 0.03238797 0.09621298 0.115047 0.025994 0.1066 0.106666 0.02300995 0.080581 0.127508 0.02300995 0.09396499 0.133664 7.8e-5 0.09482097 0.135444 0.01998394 0.09407198 0.130104 0.01998394 0.03100496 -0.1502529 0.005277991 0.02929198 -0.136458 -7e-6 0.02961295 -0.144023 0.002038955 0.02961295 -0.128077 0.00199598 0.100175 0.12417 -7e-6 0.09846198 0.124689 0.01998394 0.103816 0.12417 0.01998394 0.105743 0.124615 3.5e-5 0.108313 0.126989 0.01998394 0.109169 0.1285459 -7e-6 0.110026 0.132032 0.01998394 0.110026 0.13396 3.5e-5 0.108313 0.137076 0.01998394 0.107028 0.138262 -7e-6 0.103816 0.13982 0.01998394 0.101995 0.140116 -7e-6 0.09856897 0.139449 0.01994097 0.09696298 0.138262 -7e-6 -0.2432129 0.09791499 0.02497094 -0.244069 0.09487396 0.02791196 -0.243962 0.098953 0.02535498 -0.2432129 0.09435397 0.02901995 0.09567797 0.1268399 3.5e-5 -0.2432129 0.09672796 0.03341096 0.03303998 0.149981 -7e-6 -0.245568 -0.004363954 0.133836 0.03228998 -0.147732 0.002208948 0.02971994 -0.148473 0.003316998 0.02704298 -0.14699 0.003018975 0.03004097 -0.152997 0.005448997 -0.104337 0.125505 3.5e-5 -0.105194 0.126989 0.01998394 -0.101553 0.124096 0.01998394 -0.191067 0.09917497 0.134006 0.124053 -0.099967 0.01994097 -0.2468529 0.09561496 0.02731496 -0.2468529 0.095393 0.03127896 -0.222761 -0.05872899 0.142957 -0.223511 -0.05368596 0.144066 -0.130249 -0.102489 0.136521 -0.148773 -0.107236 0.132557 -0.15509 -0.114578 0.134688 -0.160444 -0.1061969 0.139292 -0.2247959 -0.05272197 0.14121 -0.186677 0.09717297 0.128848 -0.165048 0.09732097 0.1282089 -0.1835719 0.09902697 0.130298 -0.2432129 0.004016995 0.116359 -0.2432129 0.01603299 0.109411 -0.256383 0.015513 0.109966 -0.257239 0.01002496 0.112907 -0.257239 0.006983995 0.113717 -0.25649 0.00327599 0.116189 0.02886396 -0.150179 0.003487944 0.02811396 -0.152997 0.003103971 -0.221155 0.133145 0.139846 -0.245568 -0.01267099 0.136223 -0.218586 0.145976 0.13115 -0.219442 0.144418 0.134645 -0.2078779 0.144863 0.133324 0.135617 -0.09455299 0.01994097 -0.1527349 0.09917497 0.127442 -0.152949 0.101549 0.1291469 -0.192995 0.139746 0.135839 -0.192995 0.121648 0.145472 -0.193316 0.130994 0.144321 -0.1489869 0.1037 0.124671 -0.244926 -0.01452499 0.1325989 -0.2432129 -0.01393198 0.134219 -0.2432129 -0.01259696 0.129275 -0.244498 -0.009184956 0.12757 -0.245568 -0.01133596 0.128891 -0.129178 0.080114 0.128166 -0.1349599 0.06616997 0.130298 -0.1187919 0.09405797 0.127911 -0.140421 0.05764096 0.128039 -0.2432129 -0.009035944 0.127996 -0.1917099 0.103996 0.1745 -0.186891 0.09939795 0.170237 -0.24696 0.04480999 0.04104095 -0.2432129 0.04488396 0.04138195 -0.250708 0.04955697 0.043172 -0.248888 0.04896295 0.04381096 -0.24953 0.04955697 0.04594296 -0.24953 0.04785096 0.04628396 -0.250708 0.04837 0.04338496 -0.178004 0.103996 0.1745 -0.2432129 -0.007997989 0.09555798 -0.2432129 -0.007997989 0.109411 -0.256383 -0.00822097 0.108857 -0.257239 -0.007997989 0.102506 -0.257239 -0.007181942 0.09947997 -0.256383 -0.007478952 0.09504699 -0.2468529 0.05326497 0.04398196 -0.2468529 0.05348795 0.041978 -0.2468529 0.05697399 0.04001796 -0.2468529 0.099101 0.04001796 -0.192995 0.116753 0.149948 -0.189033 0.118163 0.148286 -0.189033 0.123354 0.144662 -0.189033 0.1439729 0.144492 -0.191924 0.140487 0.144492 -0.249637 0.05281996 0.04274594 -0.150914 0.112971 0.11393 -0.150165 0.107556 0.123563 -0.148023 0.10815 0.118448 -0.1586239 0.09902697 0.130639 -0.248566 0.051485 0.04526096 -0.112475 0.09947198 0.12774 -0.103802 0.10815 0.12173 -0.107871 0.104441 0.124586 -0.2432129 0.108595 0.03831297 -0.24332 -0.004734992 0.130511 -0.2432129 0.01603299 0.09555798 -0.2432129 0.004016995 0.08865296 -0.256383 0.004684984 0.08878099 -0.257239 0.01002496 0.09210598 -0.257239 0.01217597 0.09427899 -0.256383 0.01625496 0.09628295 -0.236895 -0.05286997 0.140016 -0.239251 -0.06792598 0.140016 -0.2468529 0.051337 0.04645395 -0.257239 0.01603299 0.102506 -0.257239 0.01521694 0.10549 -0.257239 -0.00198996 0.112907 -0.257239 -0.004214942 0.1106899 -0.02949196 0.129139 0.001867949 -0.03270399 0.126766 -7e-6 -0.03013396 0.13359 -7e-6 -0.232612 -0.05272197 0.141551 -0.166333 0.009356975 0.141977 -0.155305 0.008986949 0.14202 -0.156804 0.01002496 0.141977 -0.152092 0.01247197 0.14202 -0.150593 0.01165699 0.14202 -0.149201 0.01677399 0.14202 -0.147809 0.01640295 0.14202 -0.1415989 0.04955697 0.14202 -0.1415989 0.04488396 0.14202 -0.131213 0.06958198 0.14202 -0.128001 0.07818597 0.14202 -0.116544 0.09198099 0.14202 -0.108727 0.103329 0.14202 -0.098127 0.111413 0.14202 -0.08463495 0.123799 0.14202 -0.07649797 0.127285 0.14202 -0.05679595 0.1388559 0.14202 -0.052513 0.13893 0.14202 -0.02670794 0.146124 0.14202 -0.02638697 0.147682 0.14202 -4.6e-5 0.148497 0.14202 0.005199968 0.1499069 0.14202 0.03089797 0.145234 0.14202 0.03657299 0.145457 0.14202 0.06045097 0.135666 0.14202 0.06623297 0.134554 0.14202 0.08732599 0.120165 0.14202 0.093001 0.1176429 0.14202 0.110347 0.09939795 0.14202 0.115701 0.095541 0.14202 0.128657 0.07425498 0.14202 0.133154 0.06913697 0.14202 0.141185 0.04592198 0.14202 0.144718 0.03961795 0.14202 0.147716 0.015513 0.14202 0.149751 0.008392989 0.14202 0.148145 -0.02320295 0.14202 0.147716 -0.01548898 0.14202 0.141185 -0.04589796 0.14202 0.140007 -0.05383396 0.14202 0.128657 -0.07423096 0.14202 0.1255519 -0.08201795 0.14202 0.110347 -0.09937399 0.14202 0.105636 -0.106494 0.14202 0.08732599 -0.120141 0.14202 0.08090198 -0.1262969 0.14202 0.06045097 -0.135642 0.14202 0.05252695 -0.1404629 0.14202 0.03089797 -0.1452839 0.14202 0.02190399 -0.1483989 0.14202 -4.6e-5 -0.148473 0.14202 -0.009682953 -0.14966 0.14202 -0.02670794 -0.1461 0.14202 -0.04094898 -0.14432 0.14202 -0.052513 -0.138905 0.14202 -0.07028698 -0.1325269 0.14202 -0.07649797 -0.127261 0.14202 -0.09652096 -0.114801 0.14202 -0.098127 -0.111463 0.14202 -0.237002 0.126469 0.140016 -0.234861 0.1265439 0.139292 -0.2210479 0.144418 0.139931 -0.2432129 0.143009 0.140016 -0.2432129 1.2e-5 0.140016 -0.237109 0.051337 0.140016 -0.2432129 0.144715 0.139505 -0.246425 -0.138757 0.100758 -0.261094 -0.102266 0.07390499 -0.260452 -0.09299498 0.06814998 -0.260452 -0.103972 0.06179898 -0.260452 -0.115023 0.08085298 -0.260452 -0.115023 0.06814998 -0.260452 -0.103972 0.08720397 -0.260452 -0.09299498 0.08085298 -0.246425 -0.133269 0.09525996 -0.249209 -0.03017395 0.01827895 -0.249851 -0.03165799 0.01806598 -0.245568 0.136705 0.1297439 -0.231756 0.110523 0.134006 -0.195565 0.107408 0.134006 -0.194815 0.139226 0.134006 -0.185285 0.145976 0.135285 -0.190104 0.144196 0.1344749 -0.23122 0.1285459 0.134006 -0.233255 0.127879 0.134645 -0.2313269 0.08567696 0.134006 -0.215909 0.07499599 0.133622 -0.222654 0.08018797 0.134645 -0.213125 0.07989197 0.13375 -0.223939 0.08278399 0.134518 -0.199847 0.08441597 0.134091 -0.194387 0.102735 0.134006 -0.188712 0.098953 0.1343899 -0.192888 0.10637 0.1356689 -0.246746 0.104664 0.07560998 -0.2468529 0.106963 0.04628396 -0.2468529 0.105999 0.1047649 -0.2468529 0.1045899 0.10468 -0.2468529 0.108891 0.04577195 -0.216551 1.2e-5 0.134986 -0.216765 8.6e-5 0.139249 -0.216444 -0.009258985 0.1385239 -0.216551 -0.008368968 0.130383 -0.216551 0.02908599 0.12953 -0.216551 0.02864098 0.135029 -0.218693 0.03131097 0.129189 -0.230899 0.007873952 0.134986 -0.225974 0.001198947 0.134944 -0.230042 0.05296796 0.134006 -0.230042 0.03108894 0.12953 -0.230042 0.03331398 0.127996 -0.215052 0.03153395 0.128039 -0.089989 -0.14432 0.02399098 -0.02981299 -0.1483989 0.003316998 -0.02702897 -0.14699 0.003018975 -0.25028 0.04666399 0.04244697 -0.249637 0.045255 0.04227697 -0.257239 -0.00198996 0.09210598 -0.257239 9.76e-4 0.09129595 -0.245782 -0.01370894 0.07040899 -0.245033 -0.01252198 0.07173097 -0.249851 -0.03632998 0.09794497 0.15307 -0.02906197 0.019131 0.152963 -0.03002595 -7e-6 0.152963 0.02997595 -7e-6 0.15307 0.02990198 0.01797997 0.152963 0.02775096 0.01994097 0.152963 1.2e-5 0.02079397 -0.18475 0.09902697 0.136308 -0.188605 0.100436 0.136436 -0.222119 -0.05398297 0.140784 -0.220192 -0.05479794 0.140016 -0.228115 -0.04982894 0.140016 -0.029706 0.141451 0.001313984 -0.03013396 0.1486459 -7e-6 -0.2137669 0.07766699 0.1285499 -0.245568 0.139226 0.01103299 -0.245675 0.136556 0.01077699 -0.245568 0.140487 0.01226896 -0.245568 0.140932 0.01491099 -0.245675 0.138411 0.01746898 -0.245568 0.134035 0.01499694 -0.245568 0.134554 0.01226896 -0.245568 0.135815 0.01699995 -0.259916 0.00564897 0.074629 -0.260023 -0.01096498 0.07326495 -0.259916 -0.001025974 0.07595098 -0.259916 0.01135998 0.070836 -0.259916 0.01514297 0.06516599 -0.259916 -0.01712095 0.06516599 -0.259916 0.016478 0.05851697 -0.259916 -0.01845598 0.05851697 -0.259916 0.01514297 0.05182498 -0.259916 -0.01712095 0.05182498 -0.259916 0.01135998 0.04615598 -0.259916 -0.01333796 0.04615598 -0.259916 0.00564897 0.04236197 -0.259916 -0.007700979 0.04236197 -0.259916 -0.001025974 0.04104095 -0.2344329 0.05192995 0.1396329 -0.2344329 0.05304294 0.144023 -0.231863 0.05296796 0.137885 -0.224582 0.05311697 0.144066 -0.233897 0.05185598 0.133836 -0.1415989 -0.04486 0.14202 -0.147809 -0.01630496 0.14202 -0.149522 -0.01689797 0.141423 -0.150593 -0.01170694 0.14202 -0.157874 -0.01178097 0.1400589 -0.155305 -0.008961975 0.141977 -0.167297 -0.009110987 0.142062 -0.189033 0.1439729 0.164483 -0.191924 0.140487 0.164483 -0.189033 0.1235769 0.16427 -0.189033 0.118163 0.160732 -0.188926 0.115715 0.154679 -0.245568 -0.00555098 0.132983 -0.245568 -0.006662964 0.13537 -0.245568 -0.009035944 0.136436 -0.245568 -0.01148396 0.135455 -0.245568 -0.01237398 0.132131 -0.245568 -0.009035944 0.129573 -0.245568 -0.01074194 0.129999 -0.245675 -0.005995988 0.129445 -0.245568 -0.006662964 0.130639 -0.192995 0.1077049 0.1745 -0.192995 0.114009 0.1745 -0.192995 0.116902 0.158899 -0.1932089 0.1309199 0.164952 -0.192995 0.121648 0.163503 -0.136781 -0.06733298 0.140016 -0.150165 -0.09418195 0.1399739 -0.2432129 -0.142985 0.140016 -0.164192 -0.103972 0.140016 -0.16644 -0.112947 0.140016 -0.220085 -0.143875 0.1400589 -0.228115 0.002904951 0.140016 -0.222226 -1.36e-4 0.140016 -0.216123 -0.01289296 0.1399739 -0.174685 -0.01356095 0.140016 -0.169974 -0.00792396 0.140357 -0.174685 -0.01103895 0.1387799 -0.2145169 -0.01111298 0.1387799 -0.1732929 -0.002954959 0.1387799 -0.173186 -0.008071959 0.138951 -0.234111 0.032646 0.138397 -0.2357169 0.03086596 0.1399739 -0.231006 0.02797394 0.140016 -0.230899 0.007947981 0.139931 -0.230899 0.03093999 0.138482 -0.175113 -0.140537 0.1400589 -0.173186 -0.143281 0.139164 -0.168153 -0.139276 0.138951 -0.2468529 0.04629296 0.04526096 -0.2468529 0.05000197 0.04624098 -0.248888 -0.140908 0.01682996 -0.248995 -0.141724 0.01248198 -0.245675 -0.141501 0.01631796 -0.245675 -0.141501 0.01167196 -0.245675 -0.1374959 0.009369969 -0.249209 -0.137867 0.009710967 -0.248888 -0.1340849 0.01115995 -0.245675 -0.133491 0.01167196 -0.248995 -0.133269 0.01550799 -0.249209 -0.137125 0.01827895 -0.245675 -0.133491 0.01631796 -0.245675 -0.1374959 0.01861995 -0.246425 -0.123998 0.008986949 -0.246425 -0.03202897 0.008986949 -0.2432129 -0.123998 0.008986949 -0.2432129 -0.03202897 0.008986949 -0.2432129 -0.140982 0.025994 -0.2432129 -0.140982 0.09999096 -0.246425 -0.140982 0.025994 -0.246425 -0.140982 0.09999096 -0.2854 -0.06651699 0.05148398 -0.255419 -0.06651699 0.05148398 -0.2854 -0.06651699 0.02650499 -0.255419 -0.06651699 0.02650499 -0.246425 -0.103972 0.06179898 -0.246425 -0.09299498 0.06814998 -0.2854 -0.06948399 0.05148398 -0.255419 -0.06948399 0.05148398 -0.246425 -0.115023 0.06814998 -0.246425 -0.115023 0.08085298 -0.255419 -0.06948399 0.02650499 -0.2854 -0.06948399 0.02650499 -0.126073 -0.138238 3.5e-5 -0.128001 -0.138757 0.01998394 -0.257775 -0.109535 0.111031 -0.2432129 -0.109535 0.111031 -0.257775 -0.119028 0.105533 -0.2432129 -0.119028 0.105533 -0.246425 -0.103972 0.08720397 -0.246425 -0.09299498 0.08085298 -0.2432129 0.14249 0.132983 -0.09694898 0.124764 0.01998394 -0.09395098 0.128249 0.01994097 -0.09566396 0.125728 7.8e-5 -0.09395098 0.130029 -7e-6 -0.2432129 -0.138015 0.103018 -0.246425 -0.138015 0.103018 -0.245675 0.137521 0.137629 -0.245675 0.141526 0.135327 -0.249209 0.1378909 0.137288 -0.248995 0.141748 0.134518 -0.248888 0.140932 0.13017 -0.245675 0.141526 0.130681 -0.2432129 -0.128522 0.121986 -0.257775 -0.128522 0.121986 -0.2432129 -0.128522 0.111031 -0.257775 -0.128522 0.111031 -0.245675 0.133515 0.130681 -0.248995 0.133293 0.131491 -0.248888 0.134109 0.135839 -0.249209 0.137076 0.1287209 -0.245675 0.137521 0.12838 -0.2145169 -0.008442997 0.127996 -0.245675 -0.01296699 0.01631796 -0.245675 -0.009035944 0.01861995 -0.248888 -0.01237398 0.01682996 -0.249209 -0.008590996 0.01827895 -0.249209 -0.009406983 0.009710967 -0.248888 -0.005624949 0.01115995 -0.245675 -0.009035944 0.009369969 -0.245675 -0.005030989 0.01167196 -0.257775 -0.119028 0.127484 -0.2432129 -0.119028 0.127484 -0.257775 -0.109535 0.121986 -0.2432129 -0.109535 0.121986 -0.245675 -0.005030989 0.01631796 -0.248995 -0.004734992 0.01550799 -0.245675 0.137521 0.01861995 -0.245675 0.141526 0.01631796 -0.249209 0.1378909 0.01827895 -0.248995 0.141748 0.01550799 -0.248888 0.140932 0.01115995 -0.245675 0.141526 0.01167196 -0.248888 -0.140908 0.135839 -0.248995 -0.141724 0.131491 -0.245675 -0.141501 0.135327 -0.245675 -0.141501 0.130681 -0.249209 -0.137867 0.1287209 -0.245675 -0.1374959 0.12838 -0.249209 -0.137125 0.137288 -0.245675 -0.1374959 0.137629 -0.248888 -0.1340849 0.13017 -0.245675 -0.133491 0.130681 -0.245675 -0.01296699 0.01167196 -0.248995 -0.013264 0.01248198 -0.245675 -0.133491 0.135327 -0.248995 -0.133269 0.134518 -0.2432129 0.01440095 0.04180794 -0.2432129 -0.015118 0.07130497 -0.173507 -0.009110987 0.13017 -0.1726509 -0.004808962 0.162053 -0.1732929 0.002236962 0.162011 -0.171366 0.006241977 0.162011 -0.167832 0.008986949 0.162011 -0.2432129 0.01395595 0.03950595 -0.246104 0.01699697 0.04150998 -0.245675 0.01313996 0.03993195 -0.243534 0.01284295 0.04581499 -0.245675 0.133515 0.01631796 -0.248888 0.134109 0.01682996 -0.245675 0.137521 0.009369969 -0.249209 0.137076 0.009710967 -0.248995 0.133293 0.01248198 -0.245675 0.133515 0.01167196 0.121911 0.126099 -7e-6 0.121055 0.127879 0.01994097 -0.248995 -0.004734992 0.134518 -0.249209 -0.008590996 0.137288 -0.245675 -0.005030989 0.135327 -0.245675 -0.009035944 0.137629 -0.245675 -0.005030989 0.130681 -0.248888 -0.005624949 0.13017 0.150929 0.03064399 -7e-6 0.150714 0.03056997 0.01827895 -0.248888 -0.01237398 0.135839 -0.248995 -0.013264 0.131491 -0.245675 -0.01296699 0.130681 -0.249209 -0.009406983 0.1287209 -0.245675 -0.009035944 0.12838 -0.222761 0.14605 0.136905 -0.178004 0.114009 0.1745 -0.25028 0.051337 0.04253298 -0.234218 0.107556 0.137928 -0.248352 -0.138386 0.038782 -0.2432129 0.111117 0.04138195 -0.2432129 0.111117 0.109625 -0.2432129 0.108595 0.112651 -0.249209 -0.139795 0.09768897 -0.248459 -0.133714 0.03916496 -0.248352 -0.138386 0.097817 -0.248459 -0.133714 0.098158 -0.258738 -0.119844 0.116487 -0.246425 -0.03128695 0.01525199 -0.246425 -0.03670096 0.02075099 -0.248459 -0.03173196 0.01815098 -0.155412 0.009134948 0.1619679 -0.148452 1.2e-5 0.162011 -0.1507 0.01150798 0.162011 -0.147809 0.01603299 0.162011 -0.167832 -0.009035944 0.162011 -0.155519 -0.009035944 0.1619679 -0.149308 -0.01252198 0.1619679 -0.147381 -0.01845598 0.162011 -0.249851 -0.03632998 0.01793795 -0.248352 -0.03632998 0.01780998 -0.162264 -0.1435779 0.02002596 -0.154341 -0.146026 0.01780998 -0.142884 -0.147954 0.01772499 -0.214731 -0.01089096 0.129701 -0.25028 0.04666399 0.108431 -0.248888 0.04666399 0.108303 -0.25028 0.051337 0.108559 -0.248888 0.051337 0.108687 -0.2432129 -0.134975 0.137331 -0.2432129 -0.138905 0.137928 -0.2468529 0.02663898 0.02731496 -0.245247 -0.01608198 0.07560998 -0.247389 0.01343697 0.04159498 -0.245461 -0.01504397 0.07313698 -0.246746 0.03027296 0.02543997 -0.175863 -0.01089096 0.129189 -0.2432129 -0.01860398 0.06132996 -0.2432129 0.001049995 0.04074198 -0.2432129 -0.008516967 0.04278796 -0.2432129 -0.01378297 0.04662495 -0.2432129 -0.01726895 0.05212295 -0.244283 0.01009899 0.04500496 -0.2432129 0.016478 0.05570399 -0.2432129 0.01521694 0.06486797 -0.2432129 0.01180499 0.07036697 -0.24332 0.003720998 0.07569497 -0.2432129 -0.006143987 0.07514095 -0.2432129 0.009876966 0.04487699 -0.2432129 -0.01192897 0.07211399 -0.09052395 -0.147435 0.02002596 -0.08902496 -0.141056 0.02219998 -0.248888 0.109336 0.108687 -0.248888 0.104664 0.108303 -0.224153 -0.146026 0.136265 -0.176934 -0.146026 0.134986 -0.2468529 0.03360998 0.02774196 -0.248888 0.04666399 0.04231899 -0.2476029 -0.01526695 0.07369196 -0.246425 -0.03773999 0.09696495 -0.248352 -0.03632998 0.097817 -0.248459 -0.03173196 0.098158 0.121911 0.133886 0.01998394 0.11795 0.101697 0.02002596 0.05220597 0.147014 0.01998394 0.126087 0.138411 0.01994097 0.142791 0.06290698 0.02002596 0.129407 0.08174598 0.02079397 0.108206 0.108224 0.02079397 0.08229398 0.130178 0.02028197 0.05059999 0.142861 0.02147597 0.03528797 0.14872 0.01942998 0.131976 0.138781 0.01998394 0.1373299 0.135666 0.01994097 0.137116 0.12417 0.01994097 0.147716 0.134999 0.01998394 0.139043 0.130029 0.01998394 0.07436996 0.130252 0.025994 0.03464597 0.146643 0.02177399 0.03732198 0.144863 0.02454495 0.05017095 0.141377 0.025994 0.148787 0.03301697 0.01938694 0.14793 0.04310399 0.019813 0.144076 0.04629296 0.02207195 0.147181 0.03227496 0.02138996 0.14868 0.02760297 0.02202999 0.115059 0.09620898 0.025994 0.127479 0.08055895 0.02300995 0.149537 0.134999 0.01878994 0.149965 0.03294295 0.01776695 0.149965 0.134999 0.01699995 0.149965 0.134999 -7e-6 0.149322 0.139671 -7e-6 -0.02938497 0.147088 0.02373498 -4.6e-5 0.149981 0.01699995 0.02939897 0.147088 0.02373498 -0.05015695 0.141377 0.025994 -0.01610797 0.149462 0.01819396 -0.03356099 0.145976 0.02420395 -0.03420299 0.1467919 0.021604 -0.05058598 0.142416 0.02173095 -0.07424896 0.13129 0.02262699 -0.073821 0.130549 0.025994 -0.07617598 0.1346279 0.01998394 -0.100697 0.113119 0.02249896 -0.1047649 0.115863 0.01994097 -0.1144019 0.111636 0.02087897 -0.145989 0.113861 0.02002596 -0.14524 0.109856 0.02258396 -0.149201 0.111636 0.02258396 -0.146953 0.10904 0.02607899 -0.1349599 0.148423 0.01994097 -0.05219197 0.147014 0.01998394 -0.03377497 0.148868 0.01934397 -0.103052 0.135221 0.01998394 -0.09844797 0.1358889 0.01998394 -0.105836 0.131587 0.01998394 -0.146631 0.145086 0.01994097 -0.1144019 0.108966 0.0248 -0.146203 0.109262 0.112012 -0.1144019 0.108966 0.114356 -0.10423 0.110746 0.11393 -0.105729 0.107927 0.120664 -0.09534299 0.115863 0.112012 -0.150379 0.112007 0.025994 -0.164834 0.137001 0.04142397 -0.17415 0.1455309 0.01985597 -0.169974 0.1438249 0.02386295 -0.176934 0.145976 0.01699995 -0.1468459 0.144492 0.002379953 -0.145989 0.146717 0.00634396 -0.150165 0.145976 0.007622957 -0.2432129 0.145976 0.00851798 -0.2432129 0.145976 0.137672 -0.148452 0.141822 -7e-6 -0.149951 0.134999 -7e-6 -0.2432129 0.1455309 0.006769955 -0.191282 0.145976 0.131576 -0.186784 0.145234 0.13699 -0.183037 0.145976 0.152761 -0.14888 0.110301 0.111969 -0.145132 0.100436 0.126419 -0.114295 0.105554 0.122284 -0.1144019 0.100288 0.126248 -0.151343 0.09457695 0.127996 -0.194173 0.08708596 0.129616 -0.09534299 0.115863 0.025994 -0.10423 0.110746 0.025994 -0.117507 0.09338998 0.130767 -0.137102 0.124319 0.01998394 -0.139029 0.130029 0.01998394 -0.137102 0.135666 0.01998394 -0.131962 0.138781 0.01998394 -0.1210409 0.130029 0.01998394 -0.09480696 0.132996 0.01998394 0.149965 1.2e-5 0.025994 0.1476089 0.02737998 0.025653 0.145682 0.03665095 0.02462995 0.141399 0.05022394 0.025994 0.130263 0.07440298 0.025994 0.147502 -0.02750396 0.02569597 0.141399 -0.05019998 0.025994 0.144076 -0.04152196 0.02548199 0.146646 -0.03173196 0.02416098 0.148466 -0.02705895 0.02228599 0.150714 1.2e-5 0.02296799 0.09621298 -0.115023 0.025994 0.115059 -0.09625899 0.025994 0.1066 -0.106642 0.02300995 0.127479 -0.08053499 0.02300995 0.03667998 -0.145506 0.02475798 0.05017095 -0.141353 0.025994 0.04631698 -0.144097 0.02207195 0.080581 -0.127484 0.02300995 -0.073821 -0.130524 0.025994 -0.09534299 -0.115839 0.123989 -0.09534299 -0.115839 0.025994 -0.100482 -0.113317 0.02224296 -0.10423 -0.110796 0.025994 -0.1144019 -0.109016 0.024715 -0.1144019 -0.109016 0.123989 -0.145132 -0.109016 0.025994 -0.10423 -0.107681 0.133665 -0.102731 -0.109683 0.130426 -0.104337 -0.110721 0.125907 -0.114295 -0.107755 0.130894 -0.146203 -0.109238 0.123989 -0.148559 -0.110202 0.123989 -0.148131 -0.109831 0.025994 -0.150379 -0.111982 0.123989 -0.156054 -0.121402 0.025653 -0.107549 -0.105678 0.134603 -0.170937 -0.144394 0.134986 -0.173614 -0.145358 0.02045297 -0.169974 -0.143875 0.02390497 -0.176934 -0.146026 0.075993 -0.176934 -0.146026 0.01699995 -0.2432129 -0.146026 0.00851798 -0.1507 -0.146026 0.00792098 -0.145989 -0.1465449 0.006300985 -0.146524 -0.145358 0.004595994 -0.2432129 -0.145506 0.006812989 -0.14192 -0.148325 0.002507984 -0.13753 -0.149957 -5e-5 -0.039985 -0.150031 -7e-6 -0.039985 -0.150031 0.006002962 -0.03762996 -0.149586 0.003998994 -0.03687995 -0.149734 0.004979968 -0.03356099 -0.1501049 0.01303595 -0.03291797 -0.149437 0.01900297 -0.093737 -0.149363 0.01891797 -0.09662801 -0.14966 0.01900297 -0.03227597 -0.147212 0.02138996 -0.04726594 -0.145729 0.02041 -4.6e-5 -0.150698 0.02296799 0.03689396 -0.149734 0.004979968 0.03999894 -0.150031 0.006002962 0.03293198 -0.149957 0.01776695 0.03303998 -0.148844 0.01938694 0.03764396 -0.149586 0.003998994 0.03518098 -0.14877 -7e-6 0.08486396 -0.1502529 2.48e-4 0.145682 -0.145655 -7e-6 0.139686 -0.149289 -7e-6 0.134974 -0.150031 0.01699995 0.149965 -0.134975 -7e-6 0.149965 -0.134975 0.01699995 0.149965 -0.03299295 -7e-6 0.149965 -0.03299295 0.01776695 0.150821 -0.03061896 7.8e-5 0.150714 -0.03069394 0.01815098 0.1491079 -0.134975 0.01938694 0.148787 -0.03299295 0.01938694 0.134974 -0.149215 0.01925897 0.04310399 -0.147954 0.019813 0.134974 -0.14699 0.01998394 0.135617 -0.137051 0.01998394 0.14429 -0.04656594 0.02198696 0.127158 -0.08698797 0.02023994 0.147502 -0.04775196 0.02002596 0.137651 -0.07334095 0.01998394 0.108206 -0.1082 0.02079397 0.08175796 -0.129338 0.02079397 0.101674 -0.11799 0.02002596 0.062913 -0.142762 0.02002596 0.124374 -0.137051 0.01998394 0.129835 -0.139276 0.01998394 0.139257 -0.098558 0.01998394 0.131976 -0.121253 0.01998394 0.124802 -0.105455 0.01998394 0.12598 -0.121773 0.01998394 0.121911 -0.126074 0.01998394 0.120948 -0.131934 0.01994097 0.07436996 -0.130228 0.025994 -0.04201996 -0.144023 0.02556794 -0.05015695 -0.141353 0.02462995 -0.027565 -0.147509 0.02556794 -0.07424896 -0.1312659 0.02258396 -4.6e-5 -0.150031 0.025994 0.02736496 -0.147583 0.025653 0.03228998 -0.147212 0.02138996 -0.14963 -0.112353 0.02262699 -0.146631 -0.109757 0.02296799 -0.166761 -0.141946 0.02228599 -0.166226 -0.139499 0.04990696 -0.166547 -0.140018 0.134986 -0.163335 -0.134455 0.133665 -0.154234 -0.118732 0.125993 -0.16976 -0.1454319 0.01891797 -0.122326 -0.111463 0.02058094 -0.104658 -0.115913 0.01994097 -0.146417 -0.113243 0.020325 -0.07210797 -0.1371999 0.01994097 0.130263 -0.07437896 0.025994 0.147181 -0.03232496 0.02138996 0.149965 0.03301697 -7e-6 0.137437 0.149981 -5e-5 0.145682 0.1456789 -7e-6 0.148573 0.142045 0.01789498 0.134974 0.149981 0.01699995 0.04117697 0.149981 0.01734095 0.01633596 0.148423 0.02079397 -0.135067 0.149981 0.01768195 -0.1349599 0.149981 -7e-6 -0.03302496 0.149981 -7e-6 -0.01674997 0.148349 0.02083599 -0.25028 0.109336 0.04253298 -0.248888 0.109336 0.04265999 -0.25028 0.104664 0.04244697 -0.248888 0.104664 0.04231899 -0.24953 0.103106 0.04227697 -0.2468529 0.102365 0.03170597 -0.246746 0.09872996 0.03358095 -0.2468529 0.102587 0.02774196 0.137009 -0.095739 -7e-6 -0.246746 0.09924995 0.02543997 -0.248888 0.051337 0.04265999 -0.257989 0.002014994 0.09986299 -0.257239 -0.006365954 0.108516 -0.257239 0.004016995 0.114484 -0.257239 0.01440095 0.108516 -0.257239 0.01440095 0.09649598 -0.257239 -0.006365954 0.09649598 -0.257239 0.004016995 0.09048599 -0.134211 0.138336 3.5e-5 -0.1380659 0.133886 -7e-6 -0.139029 0.127804 3.5e-5 -0.121897 0.126099 -7e-6 -0.222976 0.05541598 0.144023 -0.223083 0.08070695 0.144023 -0.224582 0.08285796 0.144066 -0.09566396 0.1344799 7.8e-5 -0.09994697 0.135963 -7e-6 -0.104551 0.134331 3.5e-5 -0.09994697 0.124022 -7e-6 -0.245568 0.135815 0.135967 -0.245568 0.134257 0.1338779 -0.245568 0.134554 0.131278 -0.10605 0.130029 -7e-6 0.121911 -0.133936 -7e-6 0.1211619 -0.127929 -7e-6 0.124374 -0.122959 -7e-6 0.129835 -0.120808 3.5e-5 0.135617 -0.122959 -7e-6 0.124053 -0.10197 -7e-6 -0.245568 -0.01244795 0.01307898 -0.245568 -0.012003 0.01572096 -0.245568 -0.007255971 0.01699995 -0.245568 -0.00555098 0.01491099 -0.245568 -0.1392019 0.135967 -0.245568 -0.140908 0.134006 -0.19535 -0.01111298 0.135455 -0.246425 -0.03202897 0.103018 -0.246425 -0.028988 0.01201295 -0.246425 -0.028988 0.09999096 -0.2468529 0.04792499 0.112736 -0.2432129 0.01009899 0.041893 -0.2432129 -0.028988 0.01201295 -0.2432129 -0.03202897 0.103018 -0.2432129 -0.028988 0.09999096 -0.06182795 -0.114356 -7e-6 -0.05797398 -0.11265 0.002208948 -0.149951 1.2e-5 -7e-6 -0.127037 -0.02772694 -7e-6 -0.03516697 -0.124443 5.04e-4 -0.03056299 -0.1262969 0.001526951 -0.03120499 -0.122069 0.002293944 -0.06996595 -0.09922498 0.00306195 0.06997996 -0.09922498 0.003018975 -0.115473 -0.04048395 0.003018975 -0.123718 -0.02757894 0.002208948 0.110669 -0.05338895 0.003018975 0.09118098 -0.08795195 0.002549946 0.06184297 -0.114356 -7e-6 0.113345 0.03620594 0.003018975 0.114737 -0.05375999 0.002208948 -0.130035 1.2e-5 -7e-6 -0.03270399 -0.126742 -7e-6 0.02704298 -0.119844 0.003018975 -0.02702897 -0.119844 0.003018975 0.114737 0.05378395 0.002208948 0.123732 0.027529 0.002208948 0.125873 -0.01393198 0.00259298 -0.123718 0.027529 0.002208948 -0.127037 0.02775096 -7e-6 0.103923 0.07818597 -7e-6 0.118164 0.05422896 -7e-6 0.09118098 0.08797597 0.002549946 0.06484097 0.103774 0.003018975 0.08475595 0.098508 -7e-6 0.129514 0.01395595 3.5e-5 -0.06996595 0.09924995 0.003018975 -0.116544 0.03375899 0.003018975 -0.126716 1.2e-5 0.002208948 -0.03056299 0.126321 0.001526951 -0.03120499 0.122093 0.002293944 -0.03516697 0.124393 5.04e-4 -0.05797398 0.1126739 0.002208948 -0.027565 0.147014 0.003018975 -0.02702897 0.119868 0.003018975 0.02704298 0.119868 0.003018975 0.02704298 0.142045 0.002720952 0.02897095 0.127582 0.002293944 0.031219 0.122093 0.002293944 0.05798798 0.1126739 0.002208948 0.06184297 0.11438 -7e-6 0.133904 0.121797 3.5e-5 0.13808 0.126099 -7e-6 0.030577 0.126321 0.001526951 0.032718 0.126766 -7e-6 0.03518098 0.124393 5.04e-4 0.120948 0.131958 7.8e-5 0.124374 0.137076 -7e-6 0.130049 0.139152 3.5e-5 0.1388289 0.132032 -7e-6 0.135617 0.137076 -7e-6 0.1270509 -0.02772694 -7e-6 0.118164 -0.054205 -7e-6 0.08475595 -0.098558 -7e-6 0.103923 -0.078161 -7e-6 0.032718 -0.126742 -7e-6 0.02789998 -0.144987 0.002976 0.030577 -0.1262969 0.001526951 -0.257239 0.006983995 0.09129595 -0.257239 -0.004214942 0.09427899 -0.257239 9.76e-4 0.113717 -0.257239 0.01217597 0.1106899 -0.257239 -0.007181942 0.10549 -0.257239 0.01521694 0.09947997</float_array>
          <technique_common>
            <accessor source="#polygons-mesh-positions-array" count="1489" stride="3">
              <param name="X" type="float"/>
              <param name="Y" type="float"/>
              <param name="Z" type="float"/>
            </accessor>
          </technique_common>
        </source>
        <source id="polygons-mesh-normals">
          <float_array id="polygons-mesh-normals-array" count="15075">-0.6567412 0.7524642 0.04988914 -0.7926948 0.5018108 0.3461516 -0.971963 0.2049871 0.1151883 -0.9719974 0.2048981 0.1150566 -0.9491748 0.314645 0.008114755 -0.9919069 -0.09026992 -0.08928734 -0.9719824 0.2048849 0.1152066 -0.9598909 -0.0772432 0.2695235 -0.986849 -0.1604345 -0.01974713 -0.9868331 -0.160508 -0.01994401 -0.9918943 -0.09039747 -0.08929878 -0.8939087 -0.2858614 -0.3452691 -0.6523607 -0.1563627 -0.7416039 -0.5967479 0.1071249 -0.795246 0.4025487 -0.8183955 -0.4101017 0.2806121 -0.9241961 -0.2590728 0.5049363 -0.6723598 -0.5412685 0.4026365 -0.8182933 -0.4102194 -0.6587781 -0.4083418 -0.6318769 -0.9044914 -0.2731867 -0.3275125 -0.6523901 -0.1565331 -0.7415421 -0.1217189 -0.9859493 -0.1144049 -0.1217189 -0.9859493 -0.1144049 -0.1217189 -0.9859493 -0.114405 -0.5040742 0.8530905 -0.134707 -0.3931015 0.8559663 -0.3358465 -0.422701 0.9061982 0.01135277 -0.2333836 0.972376 0.004137694 -0.6072369 0.7944281 -0.01214385 0.3930379 0.8082801 0.4384114 0.2561859 0.8365687 0.4842743 0.09366142 0.8920438 0.4421374 -0.2945773 0.07807594 0.9524329 -0.5320762 0.1569045 0.8320311 -0.2438666 0.160016 0.9565166 -0.9833117 0.1812077 -0.01618498 -0.9997351 -0.02253746 -0.004685699 -0.9226939 0.3855247 0.002616882 0.1365624 -0.1590845 0.9777745 0.279812 -0.6650354 0.6924113 0.6300359 -0.2587531 0.7321896 -0.7618451 -0.6477215 0.006994247 -0.7815528 -0.623818 -0.00512886 -0.8555828 -0.5176391 -0.005294501 -0.1518501 -0.4848133 0.8613348 -0.6889368 -0.1353432 0.7120733 -0.4654741 -0.3791404 0.7997415 0.5922322 0.5472365 0.5914334 0.5685964 0.2549611 0.7821081 0.2593719 -0.32293 -0.9101882 0.4990612 -0.4586959 -0.7352116 0.3308459 -0.5409783 -0.7732293 0.5432524 0.7727052 0.3283349 0.5922028 0.5473729 0.5913366 -0.5886756 0.8050002 0.07372772 -0.5041547 0.8530648 -0.134568 -0.8355652 0.5273045 0.1542109 -0.9812164 -0.01627731 0.1922222 -0.9034094 0.3373544 0.2646576 -0.9997186 0.02122497 0.01059931 -0.9969787 -0.06140661 -0.04756975 -0.9991673 0.01641571 0.03735303 -0.9998523 0.01432293 0.009499788 -1 -4.06931e-6 0 -0.9952945 -0.04502409 -0.08580136 -0.9999185 -0.007070422 0.01062935 -0.9783344 -0.2023924 0.04357886 -0.9969711 -0.06148165 -0.04763126 -0.9657534 -0.2483686 -0.07505655 -0.970469 -0.1871174 -0.1522402 -0.8241919 -0.02930194 0.5655522 -0.9811967 -0.01637697 0.1923149 -0.8727115 -0.1413406 0.4673303 -0.954118 -0.1118071 0.2777736 -0.9812024 -0.0164026 0.1922835 -0.9436146 -0.2225242 0.2451015 -0.9783131 -0.2024976 0.04357022 -0.9341711 -0.3353886 0.1218152 -0.9435585 -0.2226849 0.2451712 -0.9528295 -0.2569041 0.1616052 -0.9528876 -0.2567951 0.1614363 0.003569304 -0.0351355 -0.9993762 0.05121046 -0.1076566 -0.9928684 0.2376548 0.2583326 -0.9363678 -0.9471777 0.3020283 -0.107859 -0.9602265 0.06778389 0.2708698 -0.9874168 0.02091765 0.1567499 0.0831781 -0.2787413 -0.9567575 -0.1557194 -0.5793044 -0.8000987 0.05113083 -0.107758 -0.9928615 0.05125391 -0.1077897 -0.9928517 0.04318225 -0.4335105 -0.9001134 0.1385344 -0.2400948 -0.9608136 -0.3935884 0.8268599 0.4017348 -0.2727144 0.8582935 0.4346945 -0.26762 0.933426 0.2389467 0.003581643 0.03515833 0.9993754 0.08311319 0.098589 0.9916514 0.2373238 -0.2583555 0.9364454 0.02708691 0.5585559 0.8290246 -0.007797181 0.5265343 0.8501182 0.05257463 0.7846741 0.617675 0.05243414 0.7847693 0.6175661 -0.417112 0.7217683 0.5523298 -0.2198426 0.6480318 0.7291942 0.08318996 0.2787382 0.9567574 -0.1283504 0.576215 0.807157 0.08305132 0.09871774 0.9916437 0.08315682 0.0987116 0.9916355 0.0749399 0.4266733 0.9012958 0.2280963 0.2137085 0.9498952 -0.3665552 0.6067093 0.7053661 -0.6683517 0.5564613 0.4936162 -0.7739433 0.4349691 0.4602323 -0.3505863 0.9242143 -0.1513845 -0.09783118 -0.9115816 0.3993097 0.07194352 -0.9612815 0.2660115 -0.09784847 -0.9115883 0.3992902 -0.8853271 0.29139 -0.3623366 -0.8853438 0.291395 -0.3622919 0.6014266 -0.3247823 -0.7299332 0.6014266 -0.3247823 -0.7299333 0.6011588 -0.324879 -0.7301108 -0.370545 -0.8821645 -0.2906583 -0.3704577 -0.8821918 -0.2906869 -0.3705451 -0.8821645 -0.2906582 -0.7740345 0.434877 0.4601662 -0.8514102 0.4480672 0.2726471 -0.8479526 0.3527323 0.3956722 -0.9133521 -0.4038894 0.05158847 -0.9488656 -0.2981827 0.1036402 -0.9098144 -0.3178898 0.2668035 -0.948886 -0.298141 0.1035726 -0.9615449 -0.06031161 -0.267944 -0.9869674 -0.04012072 -0.1558386 -0.1086898 0.04343634 0.9931263 -0.3377172 0.8911906 0.3028638 0.07013356 -0.0113824 0.9974728 -0.1084928 0.04336643 0.993151 -0.10548 0.02926826 0.9939907 -0.3799504 -0.9147836 0.1371446 -0.9123374 0.4054794 -0.05680626 -0.952587 0.2862837 -0.1030521 -0.958845 0.07511693 0.2738136 -0.987124 0.02494299 0.1580008 0.02735263 0.9060929 0.4221937 0.02211582 0.9734389 0.2278762 0.005868673 0.9999096 -0.01210135 -0.2332172 0.9724155 0.004212379 0.2419578 0.9702587 0.00739485 -0.3937341 0.8267702 0.4017768 -0.5428521 0.7989204 0.2589167 -0.8995967 0.4078001 0.1562846 0.8793325 0.2088053 0.4279893 0.828604 0.4892253 0.2721656 0.9531307 0.1087881 0.2823244 0 -0.5319793 0.8467574 0 -0.5319787 0.8467578 0 -0.3673821 0.9300702 0 -0.1837366 0.9829756 0 0.1837354 0.9829758 0 0.3673815 0.9300704 0 0.5319803 0.8467568 0 0.5319808 0.8467564 -0.8561183 0.3780508 -0.3523339 -0.9872124 0.1202924 -0.1046015 -0.007569432 -0.1475343 0.989028 -0.007569372 -0.1475343 0.989028 -0.007569611 -0.1475343 0.989028 0.360966 -0.729175 0.5813841 0.6396668 -0.5454604 0.5415711 0.8524476 -0.3784306 0.3607264 0.6438637 0.7286911 0.2333425 0.9216902 0.2525725 0.294439 0.4535149 0.877534 0.1557506 0.5428028 0.105235 0.8332411 0.647377 0.4127566 0.6407302 0.4660144 0.09828251 0.8793016 -0.9548563 -0.2802373 0.09857261 -0.9878921 0.144487 0.05650502 -0.9866039 -0.04088127 -0.157929 0.02802616 0.5579918 0.8293731 -0.007783651 0.5265337 0.8501187 0.05438423 0.7837097 0.618742 0.05424463 0.7837949 0.6186463 -0.4054409 0.7193676 0.5640284 -0.2135186 0.6453672 0.7334241 -0.3580688 0.6041462 0.7118949 -0.6849941 0.5483319 0.4797034 -0.7721085 0.4232344 0.4740476 0.1626763 -0.5434613 0.8235207 0.1858796 -0.9095675 0.3716663 0.2632474 -0.843425 0.4683322 -0.9698441 0.2434189 -0.01223999 -0.9989655 0.04536128 0.003243565 -0.9085854 0.4176853 -0.00338 0.6183183 -0.4370777 -0.6531811 0.6182911 -0.437062 -0.6532173 0.6183183 -0.4370777 -0.6531811 0.459533 0.2074637 0.8635904 -0.8555622 -0.5176731 -0.005281567 -0.8882703 -0.4592899 -0.005349934 -0.5744665 -0.8185282 -1.72004e-4 -0.02466982 -0.576833 -0.8164896 -0.01382052 -0.5401569 -0.8414509 0.05249553 -0.7991627 -0.5988182 -0.3512321 0.9235309 -0.1540352 -0.3515105 0.9234023 -0.1541715 -0.3515104 0.9234023 -0.1541715 0.07607305 -0.04709476 -0.9959895 -0.1944021 -0.04599571 -0.979843 -0.1436223 -0.3199112 -0.9364986 -0.3705412 -0.8821709 -0.2906437 -0.3709861 -0.8819965 -0.2906056 -0.3705412 -0.8821709 -0.2906438 -0.8410767 -0.4810889 -0.2472723 -0.9644283 -0.263027 -0.02636402 -0.6697648 -0.7379339 -0.08287757 0 0.5334702 -0.8458189 0 0.5334706 -0.8458186 0 0.3684846 -0.9296339 0 0.1842996 -0.9828701 0 -0.1842474 -0.98288 0 -0.3684851 -0.9296337 0 -0.5334691 -0.8458195 0 -0.5334685 -0.84582 -0.3835545 -0.9130586 0.1386007 -0.3835545 -0.9130585 0.1386007 -0.3835545 -0.9130585 0.1386008 -0.9251771 0.2882172 0.2469378 -0.8697069 0.4220049 0.2559722 -0.8773449 0.3289358 0.3493812 -0.9754716 -0.2200766 0.004658639 -0.9997298 -0.02275496 -0.004755496 -0.9078562 -0.4190309 -0.01449906 -0.9246895 -0.3719935 0.08105695 -0.9549694 -0.2797718 0.0988 -0.9098135 -0.317891 0.2668044 -0.3447741 0.8878372 0.3047559 0.4238097 -0.9057165 -0.007933735 0.6145081 -0.7888959 0.004817843 0.2125601 -0.9771196 0.007452905 -0.06581854 0.8137364 0.5774956 0.02714896 0.7175853 0.6959414 0.02714908 0.7175852 0.6959415 -0.9236508 0.3734915 -0.08586955 -0.8923698 0.4224091 -0.1588923 -0.8996788 0.3919095 -0.1923151 -0.9205539 0.3525238 -0.1682484 -0.8924468 0.4222651 -0.1588422 -0.9914295 0.1179835 -0.05610281 -0.9651132 0.2463449 -0.08871662 0.03558486 0.108078 0.9935054 0.03108602 0.436203 0.8993113 0.09655153 0.2412899 0.9656381 -0.954208 -0.2830451 0.09681344 -0.958128 -0.06951141 -0.2777749 -0.9860422 -0.04514676 -0.1602579 0.02055823 -0.113871 -0.9932828 -0.3464955 -0.9297664 0.1243997 -0.02477341 -0.003409385 0.9996873 -0.001628875 0.9999259 0.01207399 0.229259 0.9733515 -0.005205988 -0.2229322 0.9748339 -3.8087e-4 -0.3730039 0.872251 0.3163012 -0.3730039 0.872251 0.3163012 -0.3733068 0.8721629 0.3161869 0 0 -1 -0.2206319 0.09788179 -0.9704332 -0.4467769 0.02440923 -0.8943125 -0.5992573 -0.0342037 -0.7998256 -0.5625166 0.04364043 -0.8256335 -0.5994051 -0.03424614 -0.799713 -0.8190096 0.0365163 -0.5726168 -0.9038186 -0.06488507 -0.4229683 -0.1718392 0.3492974 -0.9211203 9.24206e-4 0.2245001 -0.9744737 -0.5304353 0.1331633 -0.8372012 -0.3651598 0.09952348 -0.9256097 -0.4958229 0.5614648 -0.6625083 -0.7185291 -0.3982344 -0.5701977 -0.4351598 -0.06791532 -0.8977881 -0.4156575 -0.4161167 0.8087496 -0.1901676 -0.470197 0.8618302 0.253591 -0.7940248 0.5524639 0.05956226 -0.8956151 0.4408242 -0.3711152 -0.8805281 -0.2948624 -0.3707661 -0.8807547 -0.2946247 -0.3710105 -0.8805962 -0.2947911 -0.02320015 -0.6580609 0.7526074 -0.04038447 -0.2982509 0.9536328 -0.06631135 -0.7122682 0.698768 -0.9539062 0.2816429 -0.1036349 -0.9881379 -0.1443512 -0.05240708 -0.9873307 0.01768499 0.157688 0.4133523 0.9104616 -0.01412987 0.2294052 0.9733173 -0.005161762 0.587661 0.8091043 0.002218663 -0.08982145 -0.02652049 -0.9956048 -0.4133775 9.55458e-5 -0.9105598 -0.218799 -0.002737522 -0.9757662 -0.3536712 0.9232075 -0.1503487 -0.3537936 0.9231522 -0.1504002 -0.3536712 0.9232075 -0.1503487 0.5868231 -0.5954983 -0.5486534 0.5412151 -0.4084689 -0.7350099 0.3918178 0.03488612 -0.9193813 0.3040719 0.2593517 -0.9166663 -0.5362058 -0.3003369 -0.7888479 -0.7305261 -0.4651598 -0.499958 0.4691488 0.8829863 -0.01531928 0.1620441 0.9867443 0.008799672 0.6359102 0.7716459 -0.01345151 -0.9977666 -0.002007424 0.06676769 -0.9644685 -0.2628895 -0.02626508 -0.9644666 -0.2628972 -0.02625417 0.9749345 0.2216283 -0.0195865 0.8977496 0.4404945 -0.003245592 0.9999722 -0.007328331 -0.001456797 0.06469023 -0.09825575 -0.9930564 0.0588957 -0.4331113 -0.8994143 0.2038961 -0.2147954 -0.9551384 0.0161851 -0.5641022 -0.8255464 -0.01917731 -0.5357588 -0.8441534 0.05119627 -0.7927799 -0.6073541 0.4569499 -0.1917917 -0.8685694 0.3918884 0.03470236 -0.9193581 0.5411662 -0.4083301 -0.735123 0.05107414 -0.7928607 -0.6072589 -0.4050117 -0.7248874 -0.5572287 -0.2191914 -0.6522892 -0.7255853 -0.03873831 -0.988939 -0.1431751 -0.37498 -0.8754174 -0.3050156 -0.2206514 -0.6519422 -0.7254546 -0.9633822 0.2550904 -0.08260554 -0.9852415 -0.1641066 -0.04866355 -0.9888579 -6.09755e-4 0.1488619 -0.6550287 0.7365473 0.1686288 -0.6134636 0.7864094 -0.0722689 -0.8535594 0.4805671 0.2012255 -0.07150018 0.9891638 0.1282295 -0.3682963 0.8770767 0.3083736 -0.2385388 0.6640864 0.7085821 0.5042746 0.7923195 0.3434199 0.3760929 0.7850823 0.4921383 0.6397128 0.7681863 0.02564066 -0.9268673 -0.09803521 0.362362 -0.9908465 -0.1296332 0.03766232 -0.8842972 -0.1910496 0.4260501 -0.9952853 0.02884685 -0.09260094 -0.9986614 -0.04989475 0.01364129 -0.9985074 0.006384193 0.05424392 -0.4929513 0.8615299 -0.1215125 -0.4095128 0.8492739 -0.3332163 -0.7208814 -0.2333329 -0.6525992 -0.9938319 0.02049052 -0.1089875 -0.3468836 0.9296055 -0.1245211 -0.3468835 0.9296055 -0.1245212 -0.3468836 0.9296055 -0.1245211 0.4625278 -0.4948076 -0.7356857 0.3052106 -0.3312116 -0.89283 0.5853648 -0.6202918 -0.5220979 0.4626134 -0.4948923 -0.735575 0.4571779 -0.7963081 -0.3960833 0.4570718 -0.7964217 -0.395977 0.3002853 -0.9219305 -0.2446897 -0.5685212 -0.5289552 -0.6300716 -0.8328948 -0.3707155 -0.4109214 -0.720814 -0.2335135 -0.6526091 -0.5199359 0.8472988 0.1084045 -0.4805905 0.8702671 -0.1080186 -0.07399994 -0.09577775 -0.9926483 0.02192211 -0.1283024 -0.9914928 0.09551215 0.123611 -0.9877236 -0.9819852 -0.01674067 0.1882152 -0.9062747 0.3049799 0.2926663 -0.9997193 0.02120947 0.0105611 -0.99313 0.02995246 -0.1131173 -1 -7.63309e-6 0 -0.9952965 -0.04501402 -0.08578246 -0.9990115 0.01671046 0.04119318 -0.9970748 -0.06130027 -0.04565209 -0.9795148 0.02548909 -0.1997525 -0.9774926 -0.2055152 0.04766386 -0.7524201 0.01807343 -0.6584356 -0.3763336 -0.8808794 -0.2870967 -0.3717222 0.8774021 0.3032956 -0.480556 0.8702633 -0.1082026 -0.417908 0.8505508 -0.3192431 -1 0 0 -0.3442441 -0.9307346 0.1234066 -0.3438695 -0.9309056 0.1231612 -0.1363505 -0.4841837 0.864277 -0.6824727 -0.1351365 0.71831 -0.4528994 -0.3794314 0.8067924 0.5940684 0.5398805 0.5963321 0.5533092 0.2476738 0.7953029 -0.002734959 0.5660631 0.8243574 -0.004015207 0.5310277 0.847345 0.06381464 0.7933639 0.6053938 -0.9714769 0.2359986 0.02317798 -0.891948 0.4521172 0.004350125 -0.9998701 0.01407152 0.007868945 0.01194083 0.7844162 0.62012 -0.4478152 0.696661 0.5604686 -0.2475802 0.6368125 0.7301876 -0.2473092 0.2100742 -0.9458895 -0.1668221 0.3338354 -0.9277523 -0.1592179 0.2898452 -0.943737 -0.9749582 -0.2221059 -0.01120942 -0.8949152 -0.4462081 0.005024552 -0.9998725 0.01388335 0.007901728 -0.6619084 0.498766 -0.5595621 -0.7495018 0.3002402 -0.5900024 -0.6102374 0.6564669 -0.4434654 -0.5665758 -0.5373561 -0.6246922 -0.7767209 -0.4157156 -0.4731653 -0.7255797 -0.238933 -0.6453256 0.5595449 0.7638269 0.32168 0.5940272 0.540051 0.5962187 0.4447913 -0.801586 -0.3995258 0.2757253 -0.9255471 -0.2594964 -0.9970682 -0.06136947 -0.04570329 -0.9581803 -0.2771453 -0.07128167 -0.97046 -0.1871426 -0.1522666 0.5857173 -0.6264487 -0.5142932 0.6305292 -0.4024351 -0.6636859 0.4448946 -0.8014893 -0.3996047 -0.09958589 -0.7852887 0.6110683 -6.0346e-4 -0.9769132 0.213636 0.003896653 -0.6983579 0.7157382 0.6221194 -0.08063495 -0.778759 0.6282371 -0.1483147 -0.7637546 -0.9499388 -0.2926242 0.1094874 -0.9596096 -0.05070245 -0.2767287 -0.989827 -0.02558583 -0.1399564 -0.2656623 -0.3014849 0.9157131 -0.2018402 -0.1755763 0.9635525 -0.3054176 -0.82404 0.4771564 -0.2349514 -0.7637535 0.6012307 -0.1663829 -0.4919204 0.8545941 -0.6099271 -0.5147395 0.6025216 -0.2501155 -0.6662302 0.7025522 -0.51446 -0.6741274 0.5299842 -0.4243758 -0.3464074 0.8366046 -0.2274722 -0.320093 0.9196722 -0.4591862 -0.6426198 0.6133416 -0.6141096 -0.6631245 0.4279433 -0.09647572 -0.7997996 0.5924635 -0.09647303 -0.7998028 0.5924597 0.9995887 0.01134818 0.02633619 0.1745997 -0.9845744 -0.01131671 0.3045768 -0.9524552 -0.007892727 -0.1697317 -0.9854555 0.008277654 0.1745877 -0.9845766 -0.01132035 -0.1698985 -0.9854266 0.008311033 -0.4715074 -0.8818081 -0.009762167 -0.6378857 -0.770051 -0.01110666 -0.4716327 -0.8816874 -0.01378619 -0.7884674 -0.6149567 0.01214981 -0.8948375 -0.4463644 0.004973411 0.7873964 0.6164105 0.006710827 0.8976604 0.4406756 -0.003297269 0.6360409 0.7715376 -0.01348304 0.9928609 0.1023499 0.06125247 -0.1922755 0.6708438 -0.7162393 -0.3029212 0.5738875 -0.7608494 -0.1243877 0.6753327 -0.7269481 -0.005581498 -0.9803587 0.1971439 0.01840347 -0.8328762 0.5531533 0.003679275 -0.8548815 0.5188103 0.9743435 -0.2246661 0.01341468 0.8992472 -0.4374232 -0.003940522 0.9999707 -0.007510304 -0.001494407 0.3872262 0.567128 -0.7269262 0.5636903 0.6329268 -0.5307136 0.5485777 0.2263506 -0.8048776 0.005956232 0.06745296 -0.9977047 0.008809804 0.5470024 0.8370848 -0.02689623 0.5293661 0.8479671 0.01208591 0.7843555 0.6201938 -0.6538776 0.7149832 -0.2474734 -0.5341768 0.7869666 -0.3087697 0.5996123 0.7582649 -0.2559286 0.6984367 0.6519359 -0.2952384 0.6984367 0.6519359 -0.2952384 -0.5326249 -0.01621884 0.8461961 -0.6220683 -0.01058846 0.7828915 -0.523298 0.06401735 0.8497418 0.05538129 -0.6772714 0.733646 -0.003500282 -0.8076251 0.5896859 0.01439064 -0.3240835 0.945919 -0.9465658 0.3037196 -0.1084787 -0.9878005 -0.146753 -0.05209302 -0.9899944 0.03095334 0.1376704 0.07281857 -0.1005784 -0.9922608 0.00674206 -0.3784567 -0.9255945 0.2037198 -0.2148527 -0.9551632 -0.9765884 -0.1094484 -0.1851921 -0.8004977 -0.554934 -0.2263886 -0.8407116 0.03885817 -0.5400872 0.1840342 -0.9506567 -0.2497666 -0.06432646 -0.9317647 -0.3573188 0.6095508 -0.6305948 0.4804145 0.4079152 -0.6878959 0.6003369 -0.3965991 0.2200899 0.8912181 -0.7860726 0.1613473 0.596705 -0.3913226 0.5469226 0.7400963 0.3397266 0.3853685 0.8579493 0.1090512 0.1795672 0.9776828 0.3397266 0.3853686 0.8579493 -0.7826741 -0.5871515 0.2065781 -0.8811662 -0.4279088 -0.201098 -0.7635349 -0.6158801 0.194181 0.3876278 0.398434 0.8312611 0.1754997 0.1113769 0.978159 0.402249 0.3580392 0.8426172 -0.1326645 -0.1043696 0.9856506 0.0621258 0.05040043 0.9967951 0.09521871 0.04970538 0.9942147 -0.4104639 -0.1983654 0.8900398 -0.4244604 -0.3463116 0.8366014 -0.3438221 -0.1023401 0.9334415 0.06815379 0.2633686 -0.9622848 -0.05325448 -0.1655375 -0.9847646 -0.05339992 0.0447812 -0.9975686 -0.9342569 0.3315365 -0.1313307 -0.9055625 -0.02925974 -0.4232028 -0.9739278 -0.2261828 -0.01749384 0.2540975 0.9589157 0.1261557 0.1317014 0.9585801 0.2525449 7.73473e-4 0.9810177 0.1939173 -0.01029932 0.7778571 0.6283569 -0.003866493 0.8545264 0.5193938 -0.009295403 0.4019777 0.9156023 -0.01335859 0.5785839 0.8155136 -0.009259343 0.4018163 0.9156735 4.42931e-4 0.1683168 0.9857329 -5.39181e-4 -0.2067191 0.9784002 -0.005407452 -0.3891975 0.9211385 0.001981914 -0.7962074 0.6050207 -0.005390763 -0.3893522 0.9210733 0.001851201 -0.6887997 0.7249494 -0.0139631 -0.5291151 0.8484352 0.08589178 0.1400794 -0.9864078 -0.8555123 -0.3768473 0.3550845 -0.9739224 -0.2262153 -0.01737624 -0.8894674 -0.4520209 0.06726801 -0.4301133 -0.8958895 0.1112862 -0.6731759 -0.738269 0.04234683 -0.315532 -0.9488497 0.01112782 -0.7758763 -0.6271587 -0.06847 -0.7550053 -0.6468354 0.1075695 -0.8894018 -0.4521597 0.0672028 -0.7684584 0.1854954 0.612424 -0.9392995 0.2048767 0.275213 -0.8316306 0.2246043 0.5078814 0.4053556 -0.2446847 -0.8808044 0.554352 -0.2690498 -0.7875952 0.4991841 -0.4586223 -0.7351741 -0.9045975 -0.32664 -0.2738791 -0.8812041 -0.4278001 -0.2011634 0.3073381 -0.1758762 -0.9352063 0.3073381 -0.1758762 -0.9352064 0.3071564 -0.1758696 -0.9352673 -0.2526441 0.8930368 0.372366 -0.4094126 0.7598623 0.5049661 -0.20168 0.9502803 0.2372605 -0.8139092 0.5499978 -0.1872286 -0.3102263 0.2865226 0.9064572 -0.6419925 0.2731367 0.7164091 -0.3614885 0.4735603 0.8031606 0.9044976 0.1929895 0.3803147 0.6713102 0.5497351 0.4971257 0.5730013 0.796099 0.1946687 -0.4194033 -0.7911133 0.4452424 -0.06128722 -0.7514057 0.6569881 -0.4005955 -0.6025987 0.690216 0.2562798 0.233294 0.938027 0.3345999 0.7435829 0.5789019 0.6515206 0.4253689 0.6281579 0.05716651 -0.1828229 0.9814825 0.07864254 -0.3947804 0.9154037 -0.09240007 -0.6107814 0.7863895 0.7687034 0.5171769 0.3763287 0.7359231 0.3269701 0.592881 0.580514 0.5201947 0.6264193 -0.134664 0.8901062 -0.4354041 0.005304038 0.9936413 -0.1124669 -0.1346682 0.890108 -0.4353989 -0.1571897 0.4276071 0.8901931 -0.4077574 0.5873718 0.699091 -0.4442838 0.3145263 0.8388594 0.2499523 -0.1272998 0.9598534 0.1683971 0.4084756 0.8971009 0.3795661 0.1146935 0.9180278 0.1267314 -0.3162513 0.9401726 0.131219 -0.2348215 0.963141 0.1260604 -0.6593753 0.7411701 -0.05276519 -0.7804006 0.6230495 -0.07560861 -0.626761 0.7755346 0.08936607 -0.8726643 0.4800738 0.1260046 -0.6594201 0.7411397 0.08944678 -0.8727107 0.4799745 0.2075696 -0.5451412 0.8122413 0.656331 -0.6503563 0.382448 0.1118067 -0.4562363 0.8828068 0.1807641 -0.2619365 0.9480051 -0.07556211 -0.6266121 0.7756595 0.207502 -0.5450916 0.8122919 -0.3507868 -0.9241223 0.1514813 -0.9555883 -0.2733263 0.1101995 -0.9846748 0.1670727 0.05002492 -0.9898114 -0.01765072 -0.1412868 0.2466664 0.00639069 0.9690794 0.5435064 -0.3433634 0.765965 0.3621044 -0.3821588 0.850197 -0.372547 0.8738145 0.3125011 -0.353609 0.9232258 -0.1503822 0.5332848 0.7827069 0.3209008 0.5852668 0.5508572 0.5949951 0.9509107 -0.1996494 0.236451 0.9409088 -0.07142144 0.3310434 0.5852999 0.5507028 0.5951054 0.5602374 0.2462924 0.7908694 -0.8479803 0.1458244 0.5095732 -0.9469467 -0.1894764 0.2595975 -0.8603378 0.01822638 0.5093986 0.3233 -0.1804733 -0.9289277 0.2598457 -0.3233324 -0.9099102 0.2937443 -0.1832369 -0.938157 0.002373695 -0.9952199 0.09763121 0.1635414 -0.9860997 0.02935206 -0.1718105 -0.9849662 0.01796823 -0.3151371 -0.9417312 0.117605 -0.2011104 -0.979502 0.01143068 0.002329468 -0.9952213 0.0976178 -0.03632503 -0.9775354 0.2076181 0.002413809 -0.9952086 0.09774464 -0.0367611 -0.7632977 0.6450002 -0.08166044 -0.9244338 0.3724964 -0.553702 -0.8161198 0.1654165 -0.06378859 0.9825401 -0.1747743 0.02704 -0.9679177 0.2498083 0.136769 -0.8458319 0.5156186 0.1226828 -0.9787448 0.1643404 0.229252 -0.9610534 0.1543374 0.4646365 -0.8855001 0.001625061 0.1886376 -0.9817771 0.02301436 -0.3586717 -0.8840541 -0.2996714 -0.9121626 0.403896 -0.06948083 -0.9465415 0.3037759 -0.1085332 -0.8804191 0.3783239 -0.2858902 -0.699361 -0.6178704 0.3593472 -0.4217584 -0.8990037 0.1179509 -0.8541872 -0.3100959 0.4173784 -0.9225288 -0.3779286 0.07817029 -0.9555584 -0.2733994 0.1102774 -0.8971111 -0.3345577 0.288553 -0.137881 -0.879034 0.456386 0.003938913 -0.9381021 0.3463365 -0.1378712 -0.8790305 0.4563957 -0.4637836 0.05767053 -0.8840695 -0.3650764 0.0994957 -0.9256457 -0.4134107 9.6908e-5 -0.9105447 -0.5537098 -0.1947721 -0.8096107 -0.5532904 -0.03525471 -0.8322421 -0.8206901 -0.2646466 -0.5063892 0.4678717 0.7340134 0.4922605 0.6236014 0.4672213 0.626758 -0.8080179 -0.5301961 0.2569032 -0.9378767 -0.3463315 0.02101927 -0.9151397 -0.3496695 -0.2006258 -0.9038776 -0.0648427 -0.4228486 -0.9447767 -2.2034e-4 -0.3277149 -0.963711 -0.001320004 -0.2669448 -1 0 0 -0.9999385 8.55364e-5 0.01109069 -0.9997892 5.09659e-5 0.02053678 -0.9997106 4.45271e-5 0.02405697 -0.9999115 -0.002073645 0.01315069 -0.9999982 -0.001924395 -2.25587e-5 -0.999835 -0.001573085 -0.0180962 -0.9997909 -6.49786e-5 -0.02045381 -0.9998347 -0.001569092 -0.01811772 -0.9997905 -6.53407e-5 -0.02046984 -0.9997905 -1.03774e-4 -0.02046978 -0.9998351 -0.001572847 -0.01809436 -0.9997905 -1.04172e-4 -0.02047103 -0.9999449 -7.14436e-5 -0.01050102 -0.999945 -7.37064e-5 -0.01049804 -0.9997905 -1.04873e-4 -0.02046793 0.8650868 -0.1993471 0.4603104 0.8650311 -0.1993016 0.4604349 0.8650311 -0.1993016 0.4604349 0.903408 -0.3586587 -0.2349847 0.9034081 -0.3586588 -0.2349849 0.9034082 -0.3586585 -0.2349848 -0.2403593 -0.7857761 0.5698975 -0.3982931 -0.3854591 0.8323363 -2.57091e-4 -0.6178534 0.7862932 0.2281588 -0.2839489 0.9312983 0.2356868 -0.03642642 0.9711462 0.04318183 0.789652 0.6120335 -0.4171125 0.7217442 0.552361 -0.2333212 0.6513885 0.7219794 0.05811691 0.9690831 0.2397925 0.392185 0.843532 0.3669397 0.05813944 0.9690941 0.2397428 -0.3721337 -0.8756456 -0.3078332 -0.0359236 -0.2247735 -0.9737486 -0.1067698 -0.2744845 -0.9556457 -0.02848386 -0.02569007 -0.9992641 0.05666565 0.1859353 -0.9809267 0.06883019 0.3894041 -0.9184917 -0.08420002 0.616194 -0.7830808 -0.3512921 0.9238954 -0.1516948 0.2339386 0.1173903 -0.9651385 0.1526551 -0.4127253 -0.8979724 0.3381924 -0.1395468 -0.9306733 -0.9549258 0.2754356 -0.1106885 -0.9852194 -0.1635167 -0.0510385 -0.9898796 0.02103626 0.1403426 -0.8971749 -0.4399392 0.03912377 -0.8310075 -0.3738206 0.4119281 -0.8080056 -0.5302263 0.2568796 -0.3618423 -0.5093287 0.7808038 -0.6676663 -0.5624941 0.4876701 -0.6165517 -0.4834143 0.6214295 0.3434154 -0.4178443 -0.8411136 0.6548212 0.007107794 -0.7557505 0.2948809 -0.03419476 -0.9549221 0.731637 -0.4389519 0.5215637 0.8214395 -0.363031 0.4398248 0.6957362 -0.6018126 0.392139 0.5845412 0.1145844 -0.8032322 0.6111536 -0.07627493 -0.7878285 0.6549379 0.00717765 -0.7556487 0.652841 -0.4252477 0.6268676 0.3563831 -0.563867 0.7450135 0.2121415 -0.06066119 0.9753544 0.533522 -0.4667221 0.7053544 0.8121731 -0.2971475 0.5020741 0.6957495 -0.6017165 0.3922626 0.05170589 -0.9144514 -0.4013793 -0.004757165 -0.9990973 -0.04221475 -0.7809593 0.1074883 0.6152633 -0.6473785 -0.05027276 0.760509 -0.8028197 0.2665892 0.5333017 0.0950278 0.5151305 0.8518276 0.2414591 0.4816894 0.8424209 0.2020562 0.531454 0.822636 -0.07752639 0.525983 0.8469544 0.09600001 0.5499113 0.8296877 0.2438491 0.5838032 0.7744104 0.06339782 -0.1050195 -0.9924474 0.04748153 -0.4360169 -0.8986852 0.1760957 -0.2291112 -0.9573392 -0.3678833 -0.6082655 -0.7033314 -0.6674392 -0.5580038 -0.4931092 -0.7726185 -0.4381158 -0.4594729 -0.9484786 0.2998755 -0.1022883 -0.9602013 0.06501162 0.2716379 -0.9873799 0.01955246 0.1571583 -0.03769326 -0.3898218 -0.9201186 -0.1494054 -0.1135951 -0.9822292 -0.03903311 -0.2664992 -0.9630445 -0.4844571 -0.828121 -0.2819874 -0.6732099 -0.7382435 0.04225218 -0.48446 -0.8281179 -0.2819917 -0.1052272 -0.9941123 0.02584666 0.03198373 -0.9922026 -0.1204615 -0.1052239 -0.9941125 0.02585005 -0.8774449 0.4761668 0.05792915 -0.8761543 0.3462365 0.3353713 -0.7793378 -0.5851953 0.2240071 -0.9149578 0.03897231 0.4016635 -0.9739126 -0.2262566 -0.01738482 -0.1498619 -0.2408033 0.9589344 -0.2559282 -0.3604227 0.8969929 -0.3292872 -0.8025279 0.4975128 0.1910173 -0.5850214 0.7882021 0.1821065 -0.7050957 0.6853301 -0.05418038 -0.4964113 0.8663951 -0.9513024 -0.05098873 0.3040132 -0.8958383 0.2273249 0.3818342 -0.9961327 -0.0123673 -0.08698689 -0.5476496 0.7956627 -0.2588454 -0.5476779 0.7956381 -0.2588608 -0.8558581 0.4573363 0.2415584 -0.06606733 -0.1144856 -0.9912257 0.084068 -0.2143103 -0.9731412 -0.9869312 0.100537 -0.1259331 -0.6607192 0.2027235 -0.7227402 -0.8945762 0.29659 -0.3343169 -0.07547694 0.1534641 -0.9852675 -0.2543783 0.04321241 -0.966139 -0.1495191 -0.1134099 -0.9822333 0.5740368 -0.7483937 0.3322477 0.5721457 -0.6155369 0.5419997 0.5173705 -0.7559061 0.4011657 0.6045022 -0.5236743 0.6002854 -0.6918403 -0.7135912 0.1102033 -0.4832581 -0.8664739 0.1252383 -0.6511731 -0.7511701 -0.1082463 -0.4152162 -0.8867129 0.203312 0.8572617 -0.4913034 0.1540244 0.7653541 -0.5178967 0.3821206 0.6080809 -0.7187116 0.3371816 -0.913354 0.403887 -0.05157524 -0.9484676 0.2998787 -0.1023815 -0.9098463 0.3177642 -0.2668439 0.001534044 -0.03644973 -0.9993343 0.0634253 -0.1048983 -0.9924584 0.2440428 0.257912 -0.9348394 0.1686074 -0.4074904 0.8975095 -0.08896112 -0.5720496 0.8153805 -0.1402564 -0.2384001 0.9609857 0.8573158 -0.4912698 0.1538295 0.8967565 -0.4345324 -0.08372265 0.7765915 -0.5162977 -0.3610296 -0.6904667 -0.7226632 -0.03183865 -0.8810952 -0.4672312 0.07325565 -0.8994339 -0.4175549 -0.1290991 -0.3508815 0.9240843 -0.1514936 -0.3505896 0.9242124 -0.1513889 -0.6326723 -0.2527342 0.7320187 -0.5256434 -0.04832512 0.8493313 -0.4978984 -0.2638653 0.8261188 -0.3496924 -0.2679292 0.8977356 -0.1269944 0.4801613 0.8679387 -0.109744 0.6903311 0.7151219 -0.1498122 -0.2406755 0.9589743 0.06714719 0.009973943 0.9976933 -0.1203534 -0.04425901 0.9917441 -0.948903 -0.2988564 0.1013309 -0.9596006 -0.0617873 -0.274498 -0.9864801 -0.04127687 -0.1585978 0.2914899 -0.6428579 -0.7083555 0.647288 -0.4718024 -0.5986827 0.681299 -0.1751711 -0.7107368 0.4643509 -0.5128386 0.722063 -0.5048101 0.3840293 0.7731032 -0.5256198 -0.04818809 0.8493538 0.3138504 0.288867 -0.9044633 0.3046775 0.1879705 -0.933723 0.2597003 0.3244853 -0.9095411 0.4187819 0.2486417 -0.8733837 0.4951685 0.4556568 -0.7397196 0.5543245 0.2680805 -0.787945 -0.3461479 -0.930181 0.1222498 -0.3461479 -0.930181 0.1222498 -0.3458361 -0.930301 0.122219 0.2660723 0.3581538 0.8949477 -0.3725031 -0.8739972 -0.3120425 0 0 1 -2.42886e-6 0 1 -1.32292e-6 0 1 -2.16311e-7 0 1 1.02183e-6 0 1 1.45193e-7 0 1 -8.67792e-7 0 1 1.81296e-7 0 1 1.62155e-6 0 1 -1.77967e-7 0 1 -1.66326e-6 0 1 1.59999e-6 0 1 -9.29236e-7 0 1 1.21342e-6 0 1 -2.30732e-6 0 1 1.09427e-6 0 1 -1.02357e-6 0 1 -4.96409e-7 0 1 3.21106e-6 0 1 1.57891e-6 0 1 -0.3797761 0.8702849 0.3136473 0.1370452 0.1992547 0.9703176 0.2872391 0.8479382 0.4455273 0.06218719 0.711915 0.6995069 1 -1.30654e-4 0 1 -1.30489e-4 0 1 -1.30572e-4 0 0.5543648 -0.1993228 0.8080534 0.5543648 -0.1993228 0.8080534 0.5543648 -0.1993228 0.8080534 0.3932412 -0.8893314 -0.2333473 0.1925939 -0.8218677 -0.5361354 0.08262407 -0.5854932 -0.8064559 0.5721073 -0.7496367 0.3327733 0.5403324 -0.8353045 0.1015257 0.3933673 -0.8893092 -0.2332195 0.7950072 -0.3371864 -0.5042511 0.6795617 -0.2595639 -0.6861651 0.4125062 -0.4256668 -0.8053859 0.6795932 -0.2593986 -0.6861965 0.7135471 0.04552465 -0.6991268 0.7110214 0.05441641 -0.7010616 -0.1352252 0.2368906 0.9620796 -0.1269895 0.4799656 0.8680477 -0.8994917 -0.4174116 -0.1291593 -0.9671316 -0.253926 0.01335364 -0.976906 -0.05107879 -0.2074752 0.4611431 0.5003277 -0.732816 0.5833924 0.6127395 -0.5331077 0.5837804 0.6125549 -0.532895 -0.9608761 -0.2625496 0.08823269 -0.9844324 0.1683591 0.05047804 -0.9891175 0.00485599 -0.1470479 0.4708775 -0.4902522 -0.7334352 0.322015 -0.3233664 -0.8897981 -0.9099649 0.164224 -0.3807812 -0.9295545 -0.00255227 -0.3686761 -0.9393552 0.2197929 -0.2632545 -0.3437286 -0.9309545 0.1231846 -0.9982827 -0.007442712 -0.05810785 -0.9833018 0.05351454 -0.1739363 -0.9972763 0.06431251 -0.03610962 0.4570788 -0.7964224 -0.3959679 0.3002837 -0.9219311 -0.2446895 -0.5685222 -0.5289534 -0.6300721 -0.7958951 -0.3978788 -0.456337 -0.7208147 -0.2335112 -0.6526091 -1 -1.81189e-5 0 -0.9999983 -4.15609e-4 0.001777708 0.01160037 0.7614799 -0.6480848 0.04218935 0.9603814 -0.2754773 0.01402354 0.9956758 -0.09183174 0.5849752 -0.6205145 -0.52227 0.4709682 -0.4903326 -0.7333232 0.4572083 -0.7963067 -0.3960509 -0.370453 0.8824932 0.2897765 -0.001884341 0.2155991 0.9764801 -0.001884341 0.2155991 0.9764801 -0.001884281 0.2155991 0.9764801 0.8815063 -0.2516341 0.3995334 0.7013345 -0.141207 0.6987064 0.5280406 -0.4395956 0.7265872 -0.5166055 0.7736111 -0.3669397 -0.1411925 0.7721059 -0.6196104 -0.6149093 0.5546224 -0.5606073 0.02410638 -0.5357305 -0.8440449 0.002362728 -0.2546463 -0.9670314 0.06756258 -0.7634492 -0.6423244 -0.01276534 -0.02869713 -0.9995067 0.09491848 -0.4004551 -0.911387 0.2687667 -0.1730253 -0.9475373 -0.035546 -0.1205795 -0.9920671 -0.135332 -0.5566672 -0.8196383 -0.02209144 -0.2552698 -0.9666175 0.2877137 0.9576967 0.00614494 0.4449433 0.8955092 -0.009425282 -0.1491232 0.9888167 -0.001960933 -0.3721907 -0.8771213 -0.3035329 -0.9491837 0.2941483 -0.1119242 -0.9596022 0.05052882 0.2767862 -0.9898233 0.02559274 0.1399817 -0.3437281 0.9309552 -0.1231815 0.002399921 0.0365566 0.9993287 0 0.05448293 0.9985147 0.002949774 0.01741755 0.999844 0.00197941 -0.005025267 0.9999855 0.001749694 -0.001052975 0.9999979 0.002948403 0.01740407 0.9998443 0.001747369 -0.001052439 0.999998 0.004796028 0.01157176 0.9999216 0.004300832 -0.006727933 0.9999682 0.003186941 0.003670275 0.9999882 0.02710235 -0.1261603 0.9916396 0.001367688 0.003281891 0.9999937 0.02709269 -0.1261248 0.9916444 0.001358747 0.003299534 0.9999937 0 0.00283873 0.999996 0 0.002828359 0.999996 0.001339912 0.003232777 0.999994 0.001727819 -0.001033544 0.999998 0 0.002828359 0.999996 0.0017277 -0.001033782 0.999998 8.73317e-4 -8.89282e-4 0.9999992 8.87084e-4 -9.03284e-4 0.9999992 0.001742482 -0.001278758 0.9999977 0.001978874 -0.005007982 0.9999855 0.00645858 -0.01971471 0.9997848 0.2129126 0.3471285 0.9133291 0.6834867 0.7141095 0.1513066 0.7271279 -0.229417 0.6470339 0.4275708 -0.4315533 0.7943206 0.6677722 -0.5049514 0.5469044 0.642351 0.7537998 0.1384593 0.7009398 0.7007378 0.132853 0.5429278 0.822472 0.1696149 0.9877269 -0.1560167 0.007367849 0.881731 -0.4715929 -0.01227462 0.9985852 0.05301713 0.004117727 0.908946 -0.4162561 0.02341103 0.7627931 -0.6465853 0.008619427 0.6234906 -0.781736 -0.01218622 -0.9533579 0.06122916 0.2955669 -0.8203653 0.2590928 0.5097761 -0.8204477 0.2590379 0.5096716 -0.9876751 4.2208e-4 0.1565177 0.1817614 0.9833221 0.006366372 0.3110018 0.9504073 0.001952528 -0.1781829 0.9839208 -0.01228743 -0.4788709 0.8778854 3.72322e-4 -0.7738947 0.6332345 -0.01005578 -0.9212355 0.3889539 0.006342053 -0.9984728 0.05415546 -0.01091647 -0.9660293 -0.2584307 9.95741e-4 -0.7947802 -0.6068111 -0.01024252 -0.581021 -0.8138617 0.006613254 -0.2744725 -0.9615681 -0.007185935 -0.5808628 -0.8139746 0.006612837 -0.2743223 -0.961611 -0.007186412 0.02453112 -0.9996632 0.008462846 0.4010066 -0.9160665 -0.003986477 0.6617929 -0.7496458 0.007831811 0.8816625 -0.4717214 -0.01226294 0.9363425 -0.350975 -0.008900105 -0.9850081 -0.08792442 -0.1484192 -0.4510274 -0.465592 -0.7614449 -0.4510217 -0.4655482 -0.761475 0.1224609 -0.5791582 -0.8059647 0.37032 -0.6975194 -0.6134572 0.4864584 0.8736091 -0.01285451 0.1819241 0.9832921 0.006347775 0.6537722 0.7566298 -0.009658753 0.5306422 -0.7565955 0.3820761 0.5489489 -0.7352918 0.3974936 0.5489489 -0.7352918 0.3974936 -0.278473 0.937547 0.208467 -0.1399542 0.9800566 -0.1410748 -0.0704683 0.9961153 0.05280756 -0.4377092 0.6942468 0.5713423 -0.2937608 -0.4873912 -0.8222862 -0.03705292 -0.5820143 -0.8123341 -0.05260926 -0.1101285 -0.9925241 0.8990545 -0.347159 0.2667991 0.9187667 -0.2398397 -0.3135997 0.9090119 -0.4161098 0.02345305 -0.8449377 0.5214566 -0.1190098 -0.8449378 0.5214565 -0.1190098 -0.8449377 0.5214566 -0.1190098 0.2972211 -0.2139389 0.930532 0.4475886 -0.599738 0.6633091 0.3266284 -0.7964019 0.5089772 0.6692806 0.743008 0.001625418 0.8941177 0.4476225 -0.01370471 0.4783766 0.8781421 -0.004720211 -0.02849465 -0.1192677 0.9924532 0.3200531 -0.09024983 0.9430912 0.4106661 -0.2785024 0.8682107 0.7604282 -0.6492735 0.01389968 0.6146314 -0.7888002 0.004773736 0.8797894 -0.4753517 -0.003406167 -0.09669846 -0.9937869 0.05510818 0.1312943 -0.9741277 0.1839486 0.09764814 -0.9936641 -0.05564796 0.8641493 0.09637355 0.4939211 0.8525446 0.01188415 0.5225193 0.9071845 -0.2456691 0.34156 -0.009922325 -0.6656484 0.7461996 0.1686184 -0.4076306 0.8974437 0.2308264 -0.7837998 0.5765215 0.718198 -0.3733205 0.5872167 0.4594378 -0.7169798 0.5242682 0.1970587 -0.437577 0.8773223 0.1686888 -0.4074715 0.8975027 0.2328777 -0.1500281 0.960864 0.5877796 -0.2870592 0.7563811 0.9160765 0.211196 -0.3408814 0.9977958 0.06480801 0.0142681 0.2835916 -0.4969737 0.8201177 0.04038411 -0.4719718 0.8806883 0.1458166 -0.8119668 0.565197 -0.01003068 0.4772267 0.8787229 0.01671493 0.5005007 0.8655748 -0.1989201 0.4621701 0.8641932 0.8579225 0.1322186 0.4964749 -0.6279718 0.4673961 0.6222478 -0.7484147 0.2564826 0.6116307 -0.7526797 0.1704497 0.6359406 -0.3072433 0.4334892 0.8471651 0.5915235 -0.1817773 -0.7855298 0.839208 -0.2557138 -0.4799382 0.5672727 -0.03888386 -0.8226115 0.6121796 -0.6976869 0.3721146 0.55248 -0.8131445 0.1831995 0.2877905 -0.8815003 0.3743449 -0.4393015 -0.2465065 0.8638569 -0.2930999 -0.3079196 0.9051398 -0.4156939 -0.4775561 0.7740405 0.1099861 0.9658663 0.2345322 0.4042594 0.8432654 0.3542287 -0.01789724 0.9423053 0.334276 0.02413833 -0.9995768 0.01623988 -0.1806631 -0.9835451 4.70337e-5 0.2123667 -0.9771621 0.007406055 0.3010162 -0.1704655 0.9382594 0.4938139 -0.4774739 0.7267507 0.04182142 -0.3766583 0.9254079 -0.9813336 0.1916649 0.01578611 -0.9993586 -0.01727432 -0.03137171 -0.9987005 0.04927337 0.01302081 0.7317017 -0.2838963 0.61969 0.4939329 -0.4774891 0.7266598 0.7931262 0.1569166 0.5884966 -0.4156839 -0.4776872 0.7739651 -0.3666192 -0.6788711 0.6361796 -0.5908002 -0.5275411 -0.6104553 -0.8812481 -0.3963534 -0.257499 -0.7359468 -0.25388 -0.6276363 0.484528 -0.6200076 -0.6171088 0.4176888 -0.4810245 -0.7708123 0.5059821 -0.7463736 -0.4323294 -0.3265973 0.1952168 0.9247836 -0.6635405 0.3550045 0.6585483 -0.3272448 0.387863 0.8616689 -0.8172371 0.4187507 0.3959435 -0.6167838 0.3625721 0.6986554 -0.7024378 0.2731822 0.657231 0.524733 -0.8398029 -0.1392351 0.5022026 -0.8348488 -0.2254329 0.4176387 -0.4809122 -0.7709096 0.3313518 -0.3189268 -0.8879706 0.139928 -0.957345 0.252806 0.4875966 -0.863047 0.1319068 0.4103137 -0.7802585 0.4720587 0.02338975 -0.2450791 0.9692209 0.03196758 -0.3705195 0.9282745 0.118049 -0.6057755 0.7868295 -0.08008331 -0.8698004 -0.4868615 -0.02045923 -0.7101023 -0.7038013 0.04920655 -0.9404245 -0.336423 -0.3538249 -0.9231377 0.1504154 -0.3541082 -0.9230087 0.1505408 -0.3538249 -0.9231377 0.1504155 -0.3586892 0.8826456 0.3037745 0.02124822 -0.9192072 0.3932005 0 -0.763904 0.6453301 0.05947226 -0.6899427 0.7214167 -0.01022791 -0.999587 -0.0268554 0.01693004 -0.9998568 0 -0.1893712 -0.9813106 -0.03417658 0.8593028 -0.4938296 -0.1331583 -0.6289682 -0.7723887 0.08840137 -0.7178421 -0.6900301 -0.0925278 -0.7244585 -0.6625157 -0.1903494 -0.2929108 -0.9547635 -0.05128389 -0.9998513 4.65739e-4 0.01723939 -0.9976152 0.001863181 0.06899744 -0.999851 4.65257e-4 0.0172562 -1 2.20268e-6 0 -1 7.96669e-7 0 -0.06152594 0.7487782 0.659959 -0.02043956 0.7861406 0.6177097 0.02183163 0.3622105 0.9318407 -0.01915556 -0.006814122 0.9997933 0.03617537 0.03765231 0.998636 0.004235446 0.4208214 0.9071337 0.02636778 -0.02187025 0.9994131 -0.4153304 0.794044 -0.4438411 -0.05569148 0.7543815 -0.6540697 -0.3932119 0.6094388 -0.688454 -0.9468169 -0.3023202 0.1101829 -0.9873422 0.1501435 0.05110985 -0.9899699 -0.0276876 -0.1385397 0.8706678 0.4888914 0.0540651 0.8189634 0.4239684 0.3867166 0.4142612 0.8156571 0.4038455 0.5744086 -0.815782 -0.06748878 0.7483292 -0.6633272 7.10875e-4 0.1944927 -0.9809002 0.002719163 0.3365777 -0.9070336 -0.2529934 0.4315155 -0.8984636 -0.08097958 0.2532787 -0.9633774 -0.08805626 0.1973162 -0.9762883 0.08903694 0.8566098 -0.5159525 0.003575623 0.7155395 -0.6831528 0.1459647 0.9857782 -0.1679865 -0.004685282 0.8707377 0.4887696 0.05403882 0.9138034 0.4061454 0.00302577 0.9963347 0.08549588 0.002745926 0.09227007 0.09232079 0.991445 0.02324175 0.373844 0.9272004 0.2888616 0.1876512 0.9388003 -0.1351428 0.8805029 -0.454369 0.003962039 0.9380288 -0.3465349 -0.1351209 0.880494 -0.4543929 0.6196126 -0.07837188 0.7809853 -0.0810678 0.2063471 -0.9751149 0.9994623 0.03279155 0 -0.01005649 0.5213064 -0.8533104 0.01684147 0.4981731 -0.866914 -0.1904357 0.5184663 -0.8336228 0.8620498 0.3601943 -0.3565534 -0.6235725 0.3080105 -0.7185311 -0.7194562 0.4219894 -0.5516411 -0.7292107 0.489121 -0.4785524 -0.2945029 0.5199148 -0.8018458 -0.8655242 0.1291692 0.4839249 -0.9178658 0.1880792 0.3494975 -0.8973811 0.03531521 0.4398412 0.01382482 -0.9997972 0.01464003 0.01045703 -0.9680974 0.2503562 0.00838232 -0.9999648 4.60558e-4 0.01383721 -0.9997972 0.01462978 0.008374214 -0.9999648 4.71567e-4 0.01079803 -0.9521219 -0.3055279 -0.001230537 -0.9580096 -0.2867339 -0.003636538 -0.85457 -0.5193237 -0.009263515 -0.4019817 -0.9156008 -0.01029413 -0.7778576 -0.6283562 -0.003643751 -0.8545186 -0.5194081 -0.01587891 -0.8870682 -0.4613655 0.007130265 -0.9262058 -0.3769513 -0.7645373 0.412941 0.4949369 -0.01007509 0.9995834 0.027049 0.01685416 0.999858 0 -0.190517 0.9810789 0.03446102 0.8573536 0.4965022 0.135759 0.8573536 0.4965022 0.135759 0.8574765 0.4962996 0.1357236 -0.6238475 0.7760306 -0.0926873 -0.7186842 0.6892437 0.09184861 -0.7295262 0.6583438 0.1854051 -0.2946239 0.9542129 0.05171626 -0.004882812 -0.5194537 0.8544846 0.01685321 -0.5005311 0.8655545 -0.2106451 -0.5142343 0.8313794 0.8806137 -0.3344447 0.3356582 -0.6515936 -0.3033222 0.6952852 -0.7546306 -0.3995686 0.5204592 -0.7459302 -0.4755197 0.4663359 -0.3254752 -0.5105941 0.7958389 0.6251746 -0.1016174 -0.7738415 0.2801291 -0.2039144 -0.9380547 0.3213942 -0.03521102 -0.9462907 -0.5352622 0.8115708 0.2341951 -0.445978 0.887177 0.1184086 -0.1626651 0.953955 0.252012 -0.0026353 0.03759491 0.9992897 -0.006661534 0.01775372 0.9998202 -0.00996834 0.02665144 0.9995951 -0.005762636 0.005309581 0.9999694 3.19836e-6 0 1 1.04773e-5 0 1 9.14077e-6 0 1 -8.05568e-6 0 1 3.26686e-6 0 1 -8.85539e-7 0 1 2.48171e-6 0 1 7.7946e-6 0 1 3.78219e-6 0 1 7.27667e-6 0 1 -7.91548e-6 0 1 -7.41704e-6 0 1 2.52092e-5 0 1 1.75061e-5 0 1 -1.46837e-5 0 1 1.6339e-5 0 1 9.2946e-6 0 1 -7.04732e-6 0 1 9.48605e-6 0 1 -2.85434e-6 0 1 8.30013e-6 0 1 0.03264731 0.02870547 0.9990547 0.03264164 0.02870482 0.9990549 0.06214463 0.0504232 0.9967927 0.1258888 0.08256471 0.9886026 -0.8541467 -0.4446114 -0.2697298 -0.9133385 -0.4039341 0.05147939 -0.8486974 -0.3526427 -0.394152 -0.3803896 -0.6076584 -0.6971765 -0.6767429 -0.5546655 -0.484113 -0.7816154 -0.4304496 -0.4514315 -0.7817302 -0.430344 -0.4513335 0.1154662 -0.03423911 0.9927211 -0.2279731 0.004702627 0.9736562 -0.03515493 0.1430181 0.9890955 0.0875405 -0.2782253 0.9565184 0.1156113 -0.03429335 0.9927024 0.5419499 -0.05568093 0.8385642 0.3010787 2.13395e-6 0.9535993 0.7161629 -0.07628434 0.6937517 0.3011556 -1.55084e-5 0.9535751 0.8779718 0.08677661 0.4707816 0.06327766 -0.2850415 0.9564243 2.17697e-4 0.0937978 0.9955913 0.0939517 -0.1556313 0.9833372 -2.94651e-4 0.07307815 0.9973262 0.001469314 0.001195371 0.9999983 0.0688939 -0.07833093 0.9945441 -0.2280576 0.004667878 0.9736365 -0.2365295 -0.01967006 0.9714252 -0.7067471 -0.01808083 0.7072352 0.06333953 -0.2852092 0.9563701 0.08747106 -0.2783585 0.9564861 0.2102578 -0.7658563 0.6076641 -2.97485e-4 0.07320654 0.9973168 2.07162e-4 0.2986285 0.9543694 -0.007646977 0.5888949 0.8081736 -4.58151e-4 0.04021525 0.9991909 0.08030956 0.1018092 0.9915571 0.2298772 -0.2489168 0.9408491 0.2282871 0.2136282 0.9498674 0.08033102 0.1019504 0.9915408 0.07490891 0.4266724 0.9012987 -0.1233034 0.5737189 0.8097179 0.08018988 0.1019348 0.9915538 0.08019906 0.2816492 0.95616 -0.9999877 0.004716038 -0.001607 -0.9982687 0.05120342 -0.02894711 -0.9985721 0.002574145 -0.05335825 -0.9990233 -0.03819942 0.02220815 -0.9989289 -0.03925758 -0.02449518 -0.9988198 0.002126038 0.0485236 -0.9984265 0.04963892 0.02608495 -4.28572e-4 -0.0388236 -0.9992461 0.01601892 -0.1188037 -0.9927886 0.2404034 0.2534509 -0.937 0.046368 -0.2647209 -0.9632098 0.01603001 -0.1188573 -0.9927819 0.006966054 -0.4497889 -0.8931077 -0.1707828 -0.5838268 -0.7937125 0.01591986 -0.1188508 -0.9927845 0.08053845 -0.290286 -0.9535447 -0.7795661 0.4135316 0.4703918 -0.871077 0.4148923 0.2628487 -0.8701776 0.3286675 0.3671084 -0.923883 0.375131 -0.07561093 -0.9238737 0.3751282 -0.07573848 -0.8353878 0.5489971 -0.02701014 -0.8546527 0.4616684 -0.2375528 -0.9238964 0.3750739 -0.07572972 -0.9538882 0.2816762 -0.1037103 -0.9037399 0.3281414 -0.2749134 -0.9206293 0.3523243 -0.1682538 -0.9651289 0.246283 -0.08871775 -0.9964668 0.08386313 0.004573583 -0.9985601 -0.02580493 -0.04703181 -0.992971 -0.1180628 -0.008366286 0.1117358 -0.001183927 0.9937373 -0.283631 -0.03374379 0.9583397 -0.08935815 -0.04507458 0.9949791 -0.07181513 -0.2454923 0.9667348 -0.005416095 -0.04343545 0.9990416 -0.02773261 -0.0818268 0.9962607 0.0350849 -0.02686107 0.9990234 0.01009422 -0.03054404 0.9994825 0.1478745 -0.004391789 0.9889965 0.3873975 9.19549e-4 0.9219124 0.114449 -0.0260781 0.9930869 0.1535734 0.05857908 0.9863994 0.3923214 0.04834514 0.9185569 0.2298339 0.2018553 0.9520667 0.222585 -0.1714313 0.9597226 0.1982083 -0.02574181 0.9798219 0.1113164 0.004568278 0.9937746 0.07210433 -0.04631304 0.9963213 0.04604345 0.1085981 0.9930189 0.07546025 -0.03205376 0.9966336 0.3134685 -0.2005291 0.928184 0.2483335 -0.1740857 0.9529033 0.07552725 -0.03213268 0.9966259 0.1984394 -0.08087229 0.976771 0.4485672 -0.3954769 0.8014896 0.5427415 0.1050752 0.8333013 0.3200936 -0.0903986 0.9430633 0.2482185 -0.1740484 0.9529401 -0.0285983 -0.1192924 0.9924472 -0.1804022 -0.08900266 0.9795579 -0.2338065 -0.5477507 0.803308 -0.4701585 -0.1415703 0.8711538 -0.02865922 -0.1193217 0.992442 -0.537606 -0.2094409 0.8167706 -0.7938261 0.3432711 0.5020012 -0.6640684 0.2045916 0.7191352 -0.5376639 -0.2094454 0.8167314 -0.2855595 0.05568897 0.9567416 -0.5191112 -0.772829 0.3650465 -0.1499118 -0.8533379 0.4993405 -0.7586933 -0.5374629 0.368128 -6.5282e-4 -0.9769479 0.2134772 -0.1498144 -0.8534002 0.4992634 -0.1117718 -0.9937277 0.003516376 -0.28293 -0.9552377 0.08643811 -0.9999701 -0.007480204 0.001981437 -0.9999933 1.20014e-4 0.003657877 -0.9999982 -4.34174e-4 0.001856863 -1 -2.20779e-5 0 -1 -3.66909e-6 0 -0.9999285 -0.01189881 -0.001256167 -0.9998098 -0.01950854 -1.71728e-4 -0.9999859 0.003420531 0.004072189 -0.9977093 -0.06763035 -0.00151664 -0.9994257 -0.03387945 -7.58103e-4 0.999913 0.009329259 0.009322941 0.9983059 0.0304417 0.04958432 0.9173287 0.3626802 0.164229 0.9766812 0.2124494 0.0309714 0.9369831 0.207656 0.2809659 0.9999133 0.009321272 0.009305775 0.9609473 0.1966211 0.1947315 0.9999132 0.009329557 0.009313464 0.9609473 0.1966421 0.1947112 0.8967889 0.4424505 0.002734243 0.89675 0.442529 0.002732336 0.9684099 0.2485511 0.02011549 0.7758771 0.6308719 0.003926336 0.828361 0.5580754 -0.04868006 -0.002348363 -5.40831e-4 0.9999972 -0.003317713 -1.53443e-5 0.9999946 -5.54871e-4 -0.001745343 0.9999983 -0.002261996 -5.92276e-4 0.9999973 -7.50156e-4 -0.001601874 0.9999985 -0.001105904 -0.002098083 0.9999973 -0.001035213 -0.002228915 0.9999971 -5.84741e-4 -0.001726746 0.9999984 -8.58052e-4 -0.002811312 0.9999957 -0.001074314 -0.002214372 0.999997 -8.41184e-4 -0.002816736 0.9999958 -0.004647314 -0.001502096 0.9999881 -0.04883354 0.04103177 0.9979638 0.06224811 0.08814412 0.9941609 0.06149411 -0.558962 0.82691 0.2686881 0.1732419 0.94752 0.06229639 0.0882712 0.9941466 0.07735073 0.4167871 0.9057071 -0.1434655 0.5629242 0.8139619 0.06220084 0.08827155 0.9941526 0.04357296 0.2885138 0.9564839 1 0 0 1 2.36482e-5 0 1 -3.65031e-6 0 0.1293752 0.6316973 0.7643433 0.6001644 0.1422085 0.7871337 0.1675593 0.2000343 0.9653549 0.01363241 0.5675595 0.8232195 0.1292927 0.6317358 0.7643255 0.04122048 0.526756 0.8490165 0.05913287 0.7366673 0.6736652 0.09756731 0.7737889 0.6258844 0.1893937 0.6603422 0.72669 0.005394339 -0.007022917 0.9999608 0.006710112 -0.005972802 0.9999597 0.00821954 -0.01525551 0.9998499 0.002764344 -0.001885771 0.9999945 0.001033961 0.008453428 0.9999638 0.001577019 0.01866853 0.9998245 0.002367317 0.02797168 0.9996059 0.004773259 0.02144896 0.9997586 0.223385 0.9722565 0.0694018 0.5729878 0.7961414 0.194535 0.7333187 0.6413204 0.2257252 -0.03130739 0.9749079 0.2203962 -0.1423005 0.9622713 0.2319149 0.2232455 0.9722858 0.0694397 -0.01649457 0.9654039 0.2602372 0.2570356 0.9362481 0.2395247 0.1870394 0.9762682 0.1091637 0.5729023 0.7961812 0.1946241 -0.28698 -0.5576086 -0.7789192 0.2913284 -0.6428941 -0.708389 -0.08977359 -0.4673104 -0.8795236 -0.6697251 -0.1940164 -0.7168166 -0.4613291 -0.1820133 -0.8683586 -0.3707319 -0.198972 -0.9071759 -0.08966088 -0.4672352 -0.879575 0.001130104 -0.09316873 -0.9956497 0.2827264 -0.5620546 -0.7772777 -0.9116908 -0.4045623 0.07175868 -0.9467812 -0.3023867 0.1103072 -0.8788375 -0.3795018 0.2891769 -0.8458451 -0.4759725 0.2408241 -0.9116744 -0.4046015 0.07174617 -0.8283221 -0.5598633 0.02086985 -0.7873479 -0.5197617 -0.3315587 -0.9116932 -0.4045824 0.07161444 -0.8594231 -0.3441272 -0.3781119 -0.9242917 -0.3022543 -0.233082 0.8516638 -0.1380591 -0.5055775 -0.7209903 -0.2670813 -0.6394065 -0.7290859 -0.1697807 -0.6630297 -0.6187916 -0.4721534 -0.6278282 -0.1894247 -0.4636963 -0.865508 -0.2916942 -0.4380202 -0.8503251 -0.009063661 -0.4780859 -0.8782663 0.01400357 -0.4982252 -0.8669347 -0.4342547 0.5694939 -0.6979253 -0.5105979 0.7644902 -0.393503 -0.2908127 0.8576179 -0.4241693 -0.8728644 0.0926938 -0.4790781 -0.7702205 0.4473652 -0.4545602 -0.7942836 0.1452092 -0.5899389 -0.7942865 0.1452078 -0.5899354 -0.8421803 0.428644 -0.3271036 -0.6024268 0.5926565 -0.5346403 0.06806838 0.2634963 -0.9622559 -0.2077478 0.6415265 -0.7384338 0.06807464 0.2635008 -0.9622543 -0.9133572 -0.4038764 0.05160093 -0.9488767 -0.2989107 0.1014171 -0.9097337 -0.3180848 0.2668459 -0.8457976 -0.4807817 0.2312479 -0.9133224 -0.4039577 0.05158048 -0.8110269 -0.5849671 0.00700289 -0.8504087 -0.4491068 -0.2740588 -0.9133282 -0.4039548 0.05149924 -0.8486992 -0.3526418 -0.3941492 -0.7727515 -0.43799 -0.459369 0.9999985 0.001698732 -3.53231e-4 0.9999844 0 -0.005591154 0.9999142 -0.01298707 -0.001717269 0.9984511 -0.0552935 -0.006167232 0.9996122 -0.02767425 -0.003085911 0.9999953 0.001747846 0.002518355 -0.1512864 -0.9007899 0.4070506 0.171191 -0.9083089 0.3816659 -0.3557478 -0.8096086 0.4668805 0.578058 -0.6634128 0.4751132 0.1243777 -0.9459236 0.2995977 0.2959699 -0.8777304 0.3768174 0.2959153 -0.8777495 0.3768157 0.1397613 -0.9717368 0.1902483 -0.04789131 -0.9959673 0.07586544 -0.08144813 -0.9849448 0.1524796 0.05231219 -0.6816849 0.7297734 0.1411657 -0.9679502 0.2077133 0.1242724 -0.9459133 0.299674 0.1396616 -0.9717517 0.1902458 -0.08144283 -0.9849723 0.1523045 -0.0141375 -0.9730622 0.2301089 -0.3719265 -0.9282566 0.003231525 -0.6168449 -0.7590702 0.2081226 -0.142419 -0.975562 0.1673186 -0.5529245 -0.7905862 0.2631505 -0.3348555 -0.7306047 0.5950535 0.4248763 0.6443123 0.6358788 0.4873668 0.7771106 0.398212 0.4582675 0.7497733 0.4773164 0.6252872 0.2005507 0.7541852 0.5106251 0.4052767 0.7582962 0.2688395 0.519034 0.8113749 0.2135779 0.6621492 0.7182917 0.4248654 0.6443144 0.635884 0.1891663 0.7143864 0.6736974 0.8729852 -0.07936292 -0.4812469 0.9172454 0.002422809 -0.3983154 0.6932778 -0.1005191 -0.7136258 0.9869815 0.02968996 -0.15807 0.9721282 0.01490175 -0.2339761 0.9439634 -0.005694448 0.3300011 0.9572379 -0.1738551 0.2312361 0.9810512 0.02513837 0.1921108 0.95102 0.004767477 0.3090928 0.9409016 -0.07133865 0.3310816 0.94391 -0.00569874 0.3301539 0.9293878 -0.1887556 0.3171906 0.8879711 -0.1463001 0.4360088 0.9572108 -0.1740165 0.2312269 0.8400891 -0.4076084 0.3579186 0.5108919 -0.8080673 0.2932865 0.02195501 -0.1284214 -0.9914767 0.07708793 -0.4257763 -0.9015387 0.2060927 -0.18717 -0.9604651 0.05230939 -0.8065333 -0.58887 0.01906752 -0.5633239 -0.8260162 0.006238639 -0.5395136 -0.8419539 0.03921234 -0.3272012 -0.9441409 -0.1338174 -0.5738732 -0.8079373 0.02180027 -0.1284781 -0.9914727 -0.9991675 0.01641279 0.03734952 -0.9949651 0.02497231 -0.0970605 -0.9979618 -0.05273723 -0.03593462 -0.9998875 -0.001011908 -0.01497012 -0.9966579 0.05850577 0.05701059 -0.9747996 0.00571984 0.2230092 -0.9410132 0.05682229 0.3335651 -0.9437093 -0.2748375 0.1840574 -0.9770957 -0.1686336 -0.1297953 -0.9778066 -0.2005974 0.06045687 -0.9604438 -0.2716942 -0.06107419 -0.9770624 -0.1687113 -0.1299453 -0.9979532 -0.0528444 -0.03601115 -0.9778087 -0.2005712 0.06051021 -0.9786077 0.02604758 -0.2040801 -0.7208809 -0.2333357 -0.6525987 -0.9436544 -0.2749342 0.1841946 -0.9315238 -0.336412 0.1381685 -0.9382005 -0.2330049 0.2559077 -0.9382549 -0.2328718 0.2558292 -0.9777919 -0.2006413 0.06054812 -0.9545132 -0.1107718 0.2768288 -0.9747897 0.005615353 0.2230554 -0.9747794 0.005645394 0.2230996 -0.8726867 -0.1401941 0.4677218 -0.8202312 -0.02802807 0.5713452 -0.9998617 0.005145788 0.01581531 -0.9999778 0.003863036 0.005451083 -0.9997256 0.004547655 0.02298027 -0.9999667 0.005456626 0.006065607 -0.9999933 0.001803576 -0.003188431 -0.9999904 3.65078e-7 -0.004388868 -0.9999904 2.12456e-7 -0.004410266 -0.9999933 0.001726627 -0.00326246 -0.9999903 0 -0.004410266 -0.9995148 -0.01266294 -0.0284608 -0.9525672 -0.2913222 0.08801788 -0.9751802 0.1187555 0.1868711 -0.8248226 -0.548052 0.1389495 -0.8271704 -0.5433442 0.1434096 -0.9525178 -0.2914761 0.08804303 -0.9469426 -0.1896223 0.2595053 -0.9388695 -0.2539583 0.2324421 -0.9469795 -0.1894903 0.2594674 -0.9751715 0.1187509 0.1869197 0.03934061 -0.9991753 -0.01006072 0.02692151 -0.9992505 0.02781826 0.1885062 -0.9818047 0.02291387 0.08947533 -0.8727163 0.4799588 0.1165807 -0.9847635 0.1290345 0.03932034 -0.9991781 -0.009859502 0.03931337 -0.9991776 -0.009933769 0.02592533 -0.9987905 0.04177922 0.08215826 -0.9947211 0.0614826 0.02687811 -0.9992498 0.02788555 0.4473692 -0.8845102 0.1322974 0.251648 -0.9637569 0.08857727 0.1834152 -0.9797198 0.08067339 0.00754565 -0.9999409 -0.007835805 0.3372833 -0.9372764 0.08805149 0.09531188 0.0497474 0.9942037 -0.007422447 0.01891118 0.9997937 0.125896 0.08255994 0.9886021 0.09520345 0.04968911 0.994217 0.04626399 0.01394939 0.9988319 -0.1301338 -0.0449478 0.9904771 -0.1801004 -0.06897258 0.9812271 -0.2547431 -0.06859678 0.9645727 -0.1802794 -0.06902205 0.9811908 -0.3828188 -0.136465 0.9136888 -0.2561399 -0.2408948 0.9361422 -0.1213342 -0.2253687 0.9666887 -0.1128041 -0.486696 0.8662576 0.01290905 -0.5704947 0.8211998 -0.2020603 -0.05822128 0.9776411 -0.3828909 -0.1365125 0.9136515 -0.4683889 -0.1335383 0.8733724 -0.5791519 -0.1724731 0.7967661 -0.0792154 0.8711243 0.4846314 -0.7179858 0.5101801 0.4735112 -0.407815 0.5874782 0.6989681 -0.9121624 0.4039146 -0.06937456 -0.8594275 0.344124 0.3781046 -0.7872361 0.5195882 0.3320958 -0.9237087 0.3046131 0.2323212 -0.7757862 0.4335339 0.4584803 0.01573759 0.1233811 0.9922347 0.08003377 0.4440127 0.8924391 0.3080065 0.1514165 0.9392578 -0.0167849 0.9243192 0.381251 0.02262705 0.5764768 0.8168002 -0.07606738 0.4702315 0.8792589 -0.07611131 0.4701288 0.8793099 -0.1284793 0.5854921 0.8004325 0.01561969 0.1233111 0.9922451 -0.03624999 0.01414042 0.9992428 0.06077086 -0.2273162 0.971923 -0.6646981 0.7466274 0.02690738 -0.9462429 0.3234425 -0.003058731 -0.8933789 0.4493006 -0.001775801 -0.7971997 0.6036625 -0.008020997 -0.9462883 0.3233153 -0.00238651 -0.903512 0.4283293 0.01414936 -1 1.8172e-7 0 -1 1.38984e-7 0 -0.9998942 -0.0145474 4.5076e-7 -0.9997616 -0.02183657 0 -0.9990465 -0.04366201 0 -0.9890443 -0.1010586 -0.107604 -0.985375 -0.1630365 -0.0495519 -0.9432679 -0.291242 -0.1594487 -0.9929022 0.02231788 -0.1168214 -0.9976276 0.01859331 -0.06628376 -0.9946149 -0.1025884 -0.01472204 -0.9946217 -0.1025248 -0.01471096 -0.9976278 0.01859682 -0.06628084 -0.9881653 -0.1504343 -0.02998244 -0.9946029 -0.1027045 -0.01472914 -0.9881389 -0.1505931 -0.03005433 -0.8812927 -0.3963245 -0.257391 -0.9901543 -0.05989462 -0.1265192 -0.9999534 -0.005631685 0.00784111 -0.9853751 -0.163048 -0.04951184 -0.9999533 -0.005640745 0.007848143 -0.9931911 -0.02444148 -0.113904 -0.9967121 -0.05709642 0.05748927 -0.9901341 -0.05988115 -0.1266841 -0.7360228 -0.2537299 -0.6276079 -0.9658881 -0.2499347 0.06777119 -0.8295896 -0.558364 0.003303468 -0.9977209 -0.06746512 0.001239955 -0.99999 -0.003797948 -0.00240451 -0.9998911 -0.001996159 0.01463145 -0.972052 0.2319154 0.03647291 -0.9990335 0.03879356 -0.02066868 -0.9720743 0.2318158 0.03651034 -0.9990396 0.03871977 -0.02051502 -0.9998545 -0.009327709 -0.0142889 -0.8294732 -0.558537 0.003280282 -0.6833987 -0.722743 0.1029984 -0.6169829 -0.7589323 0.2082165 -0.8803052 -0.2138586 0.4234708 -0.3558012 -0.8095837 0.4668833 0.09236043 -0.003284037 0.9957203 -0.09508407 -0.03773254 0.9947539 0.007965028 0.08564984 0.9962935 -0.1067689 -0.05050539 0.9930004 0.1157238 -0.06886219 0.9908915 0.0382806 -0.07972639 0.9960815 -0.002250909 -0.03001558 0.999547 0.0659644 -0.04310292 0.9968907 0.09794223 -0.01950365 0.9950011 8.95217e-4 3.51486e-5 0.9999997 -0.2332691 -0.01220715 0.9723357 -0.002254962 -0.03001666 0.9995469 -0.233265 -0.01218205 0.9723369 -0.2162127 -0.2044631 0.9546973 -0.2274361 -0.320001 0.919713 -0.4103147 -0.1982864 0.8901261 -0.1069319 -0.05057942 0.992979 -0.2021297 -0.05823302 0.977626 0.07541668 -0.3932071 0.9163517 -0.1402859 -0.2383005 0.9610061 0.008096992 -0.3788255 0.9254327 -0.002272665 -0.03012174 0.9995437 0.001937508 -0.5695156 0.8219783 -0.001453399 0.007584929 0.9999703 0.03658282 -0.01826584 0.9991638 0.04366493 0.237634 0.9703729 -0.08727538 0.1307407 0.9875677 -0.1212735 -0.2252208 0.9667307 -0.3398632 0.1267836 0.93189 -0.2360933 0.3979469 0.886509 0.141849 0.2587122 0.9554826 0.1234385 0.4733957 0.8721579 0.3773126 0.2227061 0.898909 -0.4017567 0.02219396 0.9154776 -0.4029698 0.08694016 0.9110746 0.6628633 0.1859414 0.7252849 0.2200576 -0.07738435 0.9724126 0.2584041 0.1404043 0.9557793 0.2582918 0.1403896 0.9558117 0.3508483 0.2392184 0.9053618 0.1300935 0.239065 0.9622492 0.003364324 0.005521774 0.9999791 0.2121744 0.4428831 0.8711124 0.6967272 -0.3305739 0.6366257 0.3433664 -0.08286643 0.9355387 0.05636364 -0.00838983 0.9983751 0.1039084 -0.06603187 0.9923925 0.001312315 -0.1504626 0.9886149 0.1027194 -0.1846437 0.9774229 0.102724 -0.1847833 0.9773961 0.008106291 -0.3787961 0.9254447 0.07343888 -0.5594087 0.8256323 0.1027719 -0.1847382 0.9773995 0.08071702 -0.4335457 0.8975093 0.3106958 -0.1706104 0.9350723 0.5605149 -0.3764458 0.7376393 0.3107491 -0.1705929 0.9350578 0.3433564 -0.08286595 0.9355424 0.1040039 -0.06603354 0.9923824 0.3769834 -0.2850432 0.8812684 -0.9977083 0.06764447 0.001517534 -0.9998563 0.01695364 3.80398e-4 -0.9994254 0.03388667 7.59529e-4 -0.999857 0.0169171 3.81749e-4 -0.149599 -0.9711077 0.1859302 -0.04186749 -0.9946991 0.09391975 -0.04189413 -0.9946961 0.09393948 0.06702065 -0.9977516 0 -0.03132516 -0.498085 -0.8665623 -0.09385329 -0.5418645 -0.8352093 -0.09385383 -0.5418646 -0.8352091 -0.1556277 -0.582032 -0.7981346 -0.1272602 0.3642638 -0.9225599 -0.04089105 0.4338028 -0.9000795 -0.04090732 0.4337887 -0.9000856 0.04597914 0.4977954 -0.8660749 -0.1557778 0.5821236 0.7980386 -0.09384244 0.5418546 0.8352168 -0.0938633 0.5418691 0.8352052 -0.03132677 0.4980828 0.8665636 0.04613482 -0.4977949 0.8660669 -0.04090505 -0.4337934 0.9000834 -0.04089105 -0.4338047 0.9000785 -0.1272523 -0.3641775 0.922595 0 0.2520985 -0.9677017 5.70329e-6 0.5039528 -0.8637313 -0.1498972 0.9710626 -0.1859256 -0.04185611 0.9947008 -0.09390646 -0.04187756 0.9946979 -0.09392774 0.0667175 0.9977719 0 -8.9594e-5 -0.8631417 -0.5049621 0 -0.9682816 0.2498619 0 -0.9675732 -0.2525909 9.27341e-5 -0.8663646 0.4994121 -0.007791817 -0.5265378 -0.8501161 0.04265606 -0.7899301 -0.6117115 -0.002415835 -0.5652043 -0.8249474 -0.2304489 -0.6498991 -0.7242407 0.04252237 -0.7899913 -0.6116418 -0.4363012 -0.7212848 -0.5379495 0 -0.7075865 -0.7066267 2.24933e-5 -0.8630374 -0.5051403 0 -0.7075858 -0.7066275 0 1 0 0 0.5007942 -0.8655665 0 0.5007936 -0.8655668 0 -1 0 0 -0.4982749 -0.8670192 -0.2958175 0.9552372 -0.003718137 0.1618654 0.9867736 0.008800864 -0.1692991 0.985529 -0.008401036 0.2856169 0.9583349 0.004173517 0 0.5011754 -0.8653457 0 0.5011778 -0.8653444 0 -0.4982759 0.8670186 0 -0.4982749 0.8670192 -0.1694794 0.9854979 -0.008412003 -0.6433876 0.7654377 0.01255315 -0.4756697 0.8794994 0.01481217 -0.6435195 0.7653262 0.01258617 -0.7861959 0.6179515 -0.005674719 -0.8918732 0.4522644 0.004393458 -0.3948948 0.8600513 0.3230633 -0.2783445 0.8798586 0.3851925 -0.2783447 0.8798589 0.3851919 -0.2782093 0.8798696 0.3852651 -0.2782036 0.8798768 0.3852527 -0.06591272 0.813829 0.5773544 -0.4436169 0.8962076 -0.004028379 -0.8550928 0.5184146 0.007927536 -0.725482 0.6881192 0.01295948 -0.8551841 0.5182632 0.007956981 -0.9534246 0.3016316 -3.84054e-5 -0.9982345 -0.05842107 0.01072949 -0.5416308 0.7491043 -0.3814172 -0.1504579 0.8807284 -0.4490879 -0.1504749 0.8807188 -0.4491012 0.008539199 0.9304909 -0.3662155 0 -0.7141515 0.6999912 3.57628e-6 -0.8662565 0.4995996 0 -0.7141494 0.6999934 -0.03147518 0.4980868 0.8665558 -0.09386467 0.5418689 0.8352051 -0.09386724 0.541871 0.8352035 -0.1556008 0.5818986 0.7982372 -0.1499536 0.9710539 -0.1859254 -0.04186606 0.9946995 -0.09391689 -0.04189932 0.9946955 -0.09394383 0.06671756 0.9977719 0 0.06671756 -0.9977719 0 -0.08582955 -0.9782162 0.1890149 -0.04185622 -0.9947003 0.09391134 -0.1498978 -0.9710601 0.185938 -0.1540763 -0.5893793 -0.7930276 -0.08779096 -0.5460103 -0.833166 -0.0877642 -0.5459902 -0.833182 -0.02094709 -0.4979685 -0.8669421 -0.1342642 0.358353 -0.9238811 -0.04448562 0.4310296 -0.9012407 -0.04447275 0.431039 -0.9012367 0.04575198 0.497643 -0.8661746 -0.04124873 -0.6078513 0.7929788 -0.04092854 -0.4337753 0.9000911 -0.04091262 -0.4337878 0.9000858 -0.1271597 -0.3642603 0.9225751 0 0.5007936 0.8655668 0 0.5007951 0.865566 0 -0.501138 -0.8653675 0 -0.5011363 -0.8653684 0.9373885 0.1015045 0.3331661 0.7363107 0.1280126 0.6644241 0.8515604 0.09314286 0.5159159 0.6002171 0.1421372 0.7871063 0.5888291 0.1020663 0.8017872 0.167701 0.06931543 0.9833981 0.04419928 -0.5048337 0.8620844 -0.04570555 -0.4376777 0.8979696 -0.04572486 -0.4376617 0.8979765 -0.1347934 -0.3643781 0.9214442 -0.1272591 0.3642634 -0.9225603 -0.04088985 0.4338038 -0.900079 -0.04090607 0.4337892 -0.9000853 0.04598039 0.4977973 -0.8660739 0 0.5011767 0.865345 0 0.5011744 0.8653464 -0.02090275 0.4982199 0.8667988 -0.08230423 0.5422279 0.8361908 -0.08230519 0.5422295 0.8361896 -0.1432023 0.5827764 0.7999155 -0.1468607 0.9683479 -0.2018275 -0.02921831 0.994337 -0.1021775 -0.0292195 0.9943371 -0.1021764 0.08880406 0.9960491 0 -0.03146815 0.4980843 0.8665575 -0.09387564 0.541877 0.8351987 -0.09387242 0.5418753 0.8352001 -0.1558003 0.5820229 0.7981076 -0.1496001 -0.9711073 0.1859316 -0.04186809 -0.9946991 0.09392035 -0.04189491 -0.994696 0.09394025 0.06702035 -0.9977517 0 -0.1558224 -0.5822471 -0.7979396 -0.09386312 -0.5418714 -0.8352037 -0.09385675 -0.5418675 -0.8352069 -0.03135031 -0.4979238 -0.866654 -0.1272512 -0.3641799 0.9225944 -0.04088979 -0.4338057 0.9000782 -0.04090356 -0.4337944 0.900083 0.04613327 -0.4977979 0.8660652 -0.04091215 0.4337857 -0.9000868 -0.04092788 0.4337731 -0.9000922 0.8991774 -0.4375671 -0.003880262 0.6601064 -0.7511601 0.004263997 0.797276 -0.6034525 -0.01400393 0.6599978 -0.7512558 0.004226624 0.4877968 -0.8729121 0.00888139 0.1747447 -0.9845486 -0.01132667 0.08910179 -0.9960227 0 -0.02923476 -0.994335 0.1021929 -0.02919596 -0.9943395 0.102159 -0.1465668 -0.9683922 0.201829 -0.03133261 0.498086 0.8665614 -0.09385216 0.5418612 0.8352116 -0.09387379 0.5418756 0.8351997 -0.1555774 0.5820006 0.7981673 0.06671786 0.9977719 0 -0.04189926 0.9946953 -0.09394615 -0.04186594 0.9946993 -0.09391838 -0.1499537 0.9710531 -0.1859293 0.1192878 0.6978778 -0.7062132 -0.3028994 0.5738545 -0.7608832 -0.3590596 0.516681 -0.7772497 -0.3592035 0.5166193 -0.7772241 -0.303054 0.5737956 -0.7608659 -0.6188136 0.2953231 -0.7279108 -0.1430563 -0.5826831 -0.8000096 -0.08691561 -0.5454089 -0.8336516 -0.08692216 -0.5454135 -0.8336479 -0.03020149 -0.5050994 -0.8625326 -0.04121816 -0.4584583 -0.8877596 0.02968519 -0.3811358 -0.9240424 0.02969509 -0.3811237 -0.9240471 0.1001975 -0.299237 -0.9489034 -0.04350751 -0.4588112 -0.887468 0.03086489 -0.3813674 -0.9239082 0.03085929 -0.3813733 -0.9239059 0.1052553 -0.2987039 -0.9485238 0 -0.5011352 0.8653691 0 -0.5011369 0.8653681 0.9957079 0.01073467 0.09192776 0.942623 0.02497768 0.3329233 0.9946933 0.01313894 0.1020436 0.9935644 0.01556831 0.1121943 -0.9755487 0.212033 0.05785042 -0.9901286 0.1385011 0.02151101 -0.9868304 -0.1604259 0.02072024 -0.9748365 0.2227261 0.009327232 -0.5495497 -0.8343314 -0.04343104 -0.7866869 -0.6171608 0.01537388 -0.9868172 -0.1605115 0.02068948 -0.8707773 -0.491644 -0.005761861 -0.9959595 0.08872562 0.01387745 -0.8040336 0.5945826 0.001249372 -0.9755136 0.2121915 0.05786228 -0.8039821 0.5946521 0.001260638 -0.6621092 0.7476922 0.0506739 -0.4828113 0.8753431 0.02584171 -0.8039141 0.594744 0.001272678 -0.2129992 0.9770119 0.008890628 -0.8894728 -0.4520294 0.06713819 -0.9739115 -0.2262515 -0.01751577 -0.8437417 -0.463518 -0.2706493 -0.9139856 -0.168705 -0.369011 -0.06208306 -0.9812936 -0.182232 0.04922503 -0.940477 -0.3362734 0.8206894 -0.2029531 0.5341152 0.4890989 -0.1389954 0.8610823 0.6517549 0.0907402 0.7529819 0.4877921 0.1202479 0.8646382 0.212225 -0.06054359 0.9753436 0.0925157 -0.003256678 0.995706 0.1935884 0.6614975 -0.7245306 -0.03909748 0.5235654 -0.8510879 -0.0391063 0.5235755 -0.8510813 -0.2675129 0.444933 -0.8546763 -0.03923046 0.523455 -0.8511498 -0.4757981 0.2871378 -0.8313652 -0.8957746 0.2273697 0.3819567 -0.7450689 0.02219748 0.666618 -0.675391 0.1572089 0.7205085 -0.3393098 0.01429814 0.9405661 -0.4373342 -0.205332 0.8755441 -0.1499553 -0.2406738 0.9589524 -0.01593422 0.613204 0.7897639 0.2051089 0.280261 0.9377548 0.07793635 0.4959266 0.86486 0.2051028 0.2802647 0.9377551 0.2051047 0.2802666 0.9377541 0.246672 0.2403866 0.9388116 0.04600489 -0.4977082 0.8661236 -0.04092979 -0.4337733 0.9000919 -0.04091542 -0.4337855 0.9000868 -0.1271568 -0.3642596 0.9225758 0.04597932 0.4977968 -0.8660742 -0.04449218 0.4310221 -0.9012438 -0.0444644 0.4310451 -0.9012342 -0.1342682 0.3583506 -0.9238815 -0.1540358 -0.589515 -0.7929344 -0.0877828 -0.5460038 -0.8331711 -0.08779782 -0.5460131 -0.8331635 -0.02092081 -0.498129 -0.8668507 -0.1498967 -0.9710604 0.1859372 -0.04185587 -0.9947004 0.09391111 -0.04188209 -0.9946976 0.09392911 0.0667175 -0.9977719 0 0.4450304 0.8955129 -0.002148509 0.8637823 0.5038601 0.002259612 0.5757144 0.8175741 -0.01120632 0.7598703 0.6499864 -0.01072126 0.8638031 0.5038245 0.0022372 0.914571 0.4044131 0.00316137 -0.1430041 0.5826478 0.8000447 -0.08229815 0.5422242 0.8361938 -0.0822916 0.5422192 0.8361977 -0.02090537 0.4982225 0.8667972 0.08913868 0.9960193 0 -0.02920293 0.9943388 -0.1021647 -0.02919471 0.9943403 -0.1021525 -0.146592 0.9683824 -0.2018578 0.1628333 0.9866536 0 -0.08725321 0.9818233 -0.1685529 -0.08726447 0.9818251 -0.1685364 -0.08742916 0.9817896 -0.1686573 -0.02630013 0.899845 -0.4354162 -0.1259028 0.7669711 -0.629209 0.3120199 0.9500734 0.002052664 0.2926611 0.9562053 0.004585564 0.2926696 0.9562027 0.004585266 0.3159928 0.8717215 0.3744999 -0.1104117 -0.9731596 0.2019155 -0.004548192 -0.991806 0.1276724 0.1397818 -0.9573876 0.2527253 0.1013501 -0.9935372 0.0511083 -0.1430981 -0.5825471 -0.8001012 -0.08692461 -0.5454154 -0.8336464 -0.08692646 -0.5454165 -0.8336454 -0.0302301 -0.5049382 -0.8626261 -0.1347944 -0.3643789 0.9214438 -0.1368352 -0.3627453 0.9217874 -0.1368351 -0.3627452 0.9217875 -0.1368837 -0.3627 0.9217981 -0.1368492 -0.3627323 0.9217905 -0.2929063 -0.3079822 0.9051811 0.2190281 0.8556065 0.4690036 0.4056016 0.8335254 0.3751306 0.6121374 0.694929 0.3773083 0.4044125 0.8432279 0.3541431 0.3095131 0.9077798 0.2830857 0.1868341 0.8896383 0.4166976 -0.12726 0.3642633 -0.9225601 -0.04091197 0.4337867 -0.9000864 -0.04092764 0.4337736 -0.900092 0.04575216 0.4976449 -0.8661734 -0.1129611 0.453742 0.8839446 -0.1771529 0.6809691 0.7105617 -0.2083376 0.5160044 0.830864 -0.3275513 0.5717414 0.7522113 -0.1772754 0.6810265 0.7104762 -0.7215996 0.5053424 0.4732052 -0.9223284 0.3759312 -0.08936536 -0.8743425 0.3329894 0.3530487 -0.7919741 0.5140129 0.3294963 -0.9235944 0.2976955 0.2415595 -0.770303 0.4331701 0.4679712 -0.2123755 0.9760597 0.0469492 0.02714836 0.9622834 0.2706913 -0.1845931 0.9229303 0.3378243 0.2276597 0.8636997 0.4496597 0.9519582 -0.00265491 0.3062167 0.8606332 -0.05594444 0.506143 0.7162746 -0.07628327 0.6936365 0.9459443 -0.07746553 0.3149422 0.8606203 -0.05599939 0.506159 0.9459435 -0.07753074 0.3149285 0.9396149 -0.2135937 0.2673977 0.9721432 -0.008265435 0.2342423 0.09403687 0.5172966 -0.8506241 0.1867329 0.5025317 -0.844152 0.1867499 0.5025249 -0.8441525 0.09833633 0.14219 -0.9849427 -0.9133273 -0.4039456 0.0515874 -0.813799 -0.5811141 0.006131947 -0.8481895 -0.4766138 0.2311148 -0.5839604 -0.687518 0.4316358 -0.3793113 -0.8348391 0.3989568 -0.09796643 -0.9115274 0.3994003 -0.906858 0.320877 -0.2732151 -0.912354 0.405428 -0.05690652 -0.9471555 0.3020749 -0.1079221 -0.8450332 0.4787809 -0.2380921 -0.9123327 0.4054774 -0.05689686 -0.8132991 0.5817415 -0.01103508 0.04700332 0.4880499 -0.8715493 -0.01068282 0.5155153 -0.8568139 -0.01068192 0.5155158 -0.8568136 -0.01072114 0.5155286 -0.8568053 -0.01072025 0.5155299 -0.8568046 -0.06840902 0.540615 -0.8384842 -0.5785328 0.6851896 -0.44251 -0.3672015 0.8359029 -0.407958 -0.08074879 0.9102804 -0.406041 -0.08062279 0.9103358 -0.4059416 -0.08062106 0.910335 -0.405944 0.09845358 0.9590312 -0.265643 0.00643891 0.973025 -0.2306098 -0.06203263 0.9810626 0.1834887 0.04949295 0.9393168 0.3394619 0.04946959 0.939257 0.339631 -0.07908475 0.8710997 0.4846969 -0.0103302 0.7117012 0.7024065 0.1226665 0.3613777 0.9243155 0.1441859 0.380827 0.9133353 0.1441844 0.3808283 0.913335 0.1442055 0.380847 0.9133239 0.1442055 0.380847 0.9133239 0.1653109 0.3999508 0.9015054 -0.6073682 -0.6656367 0.4336264 -0.3994118 -0.8235824 0.4027186 -0.1052758 -0.9090948 0.403068 -0.1051434 -0.9091482 0.4029821 -0.1051396 -0.909147 0.4029856 0.06175607 -0.9611415 0.26906 0.06714892 -0.3518837 -0.9336321 0.1039171 -0.3857582 -0.9167289 0.1039135 -0.3857619 -0.9167278 0.1039308 -0.3857728 -0.9167212 0.1039248 -0.3857783 -0.9167196 0.1401951 -0.4188936 -0.8971475 0.02756339 -0.4854334 0.873839 -0.03907519 -0.5155754 0.8559528 -0.03907161 -0.5155794 0.8559506 -0.03908908 -0.5155808 0.8559489 -0.03908842 -0.5155822 0.8559482 -0.1054784 -0.5426727 0.8332952 -0.5990615 0.6654964 -0.4452416 -0.3828668 0.8271261 -0.411431 -0.08090233 0.9090999 -0.408647 -0.08078277 0.909167 -0.4085214 -0.08077102 0.9091621 -0.4085346 0.09470283 0.9593818 -0.2657402 0.06748813 0.4904271 -0.8688652 0.01146012 0.517378 -0.8556804 0.01146084 0.5173787 -0.8556798 0.01141393 0.5174038 -0.8556653 0.01141053 0.5173976 -0.855669 -0.04485911 0.5423718 -0.8389402 0.09696298 0.3568986 0.9290972 0.1282582 0.3853999 0.9137926 0.1282575 0.3854001 0.9137926 0.1282813 0.3854182 0.9137816 0.1282821 0.3854173 0.9137819 0.1594811 0.4129797 0.8966681 -0.9068198 0.3209236 -0.2732874 -0.9236579 0.3734415 -0.0860089 -0.9525145 0.2865002 -0.1031202 -0.8523846 0.4665518 -0.2361564 -0.9236271 0.3735122 -0.08603316 -0.8340768 0.550422 -0.03676563 0.06714355 -0.3518839 -0.9336325 0.110832 -0.3920981 -0.9132226 0.1108342 -0.3920969 -0.9132229 0.1108404 -0.3921019 -0.9132199 0.1108409 -0.3921014 -0.91322 0.1540127 -0.4312023 -0.8890134 0.02757155 -0.4854333 0.8738389 -0.0390672 -0.5155756 0.8559531 -0.03906941 -0.5155696 0.8559566 -0.03909021 -0.5155832 0.8559474 -0.03908932 -0.5155832 0.8559476 -0.1054736 -0.542684 0.8332884 -0.9956166 -0.0816214 0.04566901 -0.9961666 -0.00214374 0.08745026 -0.9999907 -0.004347145 -1.13098e-4 -0.9966092 0.07079631 0.04193001 -0.9965972 0.07095158 -0.04195135 -0.9961371 -0.00213325 -0.08778661 -0.9955984 -0.08179986 -0.0457468 -0.6041484 0.6600438 -0.4464828 -0.3878398 0.8237016 -0.4136376 -0.08520513 0.9072359 -0.4119019 -0.08509373 0.9072883 -0.4118096 -0.08509016 0.9072868 -0.4118134 0.09157735 0.9589526 -0.2683721 0.2365292 -0.2482726 0.9393693 0.00246948 0.03534775 0.9993721 0.03559422 0.1079401 0.99352 0.03543943 0.1080412 0.9935145 0.08565825 0.2844064 0.9548695 -0.1526958 0.576223 0.8029017 0.0405274 -0.3265846 -0.9442988 0.1035478 -0.3854206 -0.9169126 0.1035737 -0.3854582 -0.916894 0.1035951 -0.3854691 -0.9168869 0.1035979 -0.3854669 -0.9168875 0.166144 -0.441465 -0.8817623 -0.7353083 0.3818733 0.5599059 -0.4599416 0.1774772 0.870032 -0.6929572 0.1757369 0.6992331 -0.2968063 0.1886432 0.9361196 0.02031743 -0.5009723 0.8652248 -0.03001141 -0.5233618 0.8515819 -0.03001213 -0.5233605 0.8515828 -0.03003895 -0.5233809 0.8515692 -0.03004151 -0.5233767 0.8515717 -0.07992291 -0.5439703 0.8352895 0.2229648 0.2592557 -0.9397197 -0.01133036 -0.03389489 -0.9993612 0.06464958 -0.09814262 -0.9930703 0.06456482 -0.09828072 -0.9930621 0.07011562 -0.2850141 -0.9559555 -0.1332991 -0.579316 -0.8041296 -3.6753e-4 -6.26314e-4 0.9999998 -0.003731131 -0.001170396 0.9999924 -0.004217565 -8.24545e-4 0.9999908 -0.004103362 -8.02553e-4 0.9999914 -0.003665685 -0.001161277 0.9999926 -1.07277e-5 0 1 0.003516316 -0.004527091 0.9999837 0.003192842 -0.002880752 0.9999908 -3.59095e-4 -6.06324e-4 0.9999998 -3.0731e-4 -6.3166e-4 0.9999998 0.003188192 -0.002839863 0.9999909 0.001323103 0.003188669 0.999994 -3.38581e-4 -5.89868e-4 0.9999998 0.001286208 0.003279328 0.9999939 -0.003683269 -0.001170575 0.9999926 -0.003689587 -0.001159071 0.9999926 0.001280069 0.003331184 0.9999936 0.001802742 -2.07611e-4 0.9999983 0.003112852 -0.006664931 0.999973 0.00105077 -0.005548 0.9999841 -0.01442718 -0.00241357 0.999893 -0.02714586 -0.001574993 0.9996303 0.0201857 0.5010801 -0.8651655 -0.02566003 0.5214977 -0.8528668 -0.02566152 0.5214954 -0.8528683 -0.02570325 0.5215171 -0.8528536 -0.0257048 0.521514 -0.8528555 -0.07157343 0.5406482 -0.8381986 0.08018642 0.3342766 0.9390577 0.1275551 0.37949 0.9163608 0.1275538 0.379491 0.9163605 0.1275928 0.3795175 0.9163441 0.1275853 0.3795245 0.9163423 0.1742642 0.4230432 0.8891943 0.002859294 -0.7313478 0.6819987 -0.06582784 -0.9513306 0.3010598 -0.08619505 -0.6335948 0.7688487 -0.08620697 -0.6336083 0.7688361 -0.03528481 -0.9069259 0.4198101 -0.2470716 -0.8726218 0.4212918 -0.1517664 -0.639239 0.7538836 -0.2434059 -0.8161204 0.5241196 -0.0764743 -0.9110053 0.4052423 -0.07646733 -0.9110025 0.4052496 -0.07634085 -0.9110627 0.4051384 -0.07635241 -0.9110671 0.405126 0.09470361 -0.9593816 0.2657409 -0.9929594 -0.1181581 -0.008397161 -0.6809061 -0.640347 -0.3554192 -0.9622815 -0.2645518 -0.06345522 -0.3780987 -0.925759 0.003425955 -0.6709966 -0.736102 -0.08898031 -0.4891735 -0.8714376 -0.03613972 0.9172531 0.3628903 0.1641869 0.7818233 0.5797833 0.2293549 0.9520791 0.2526416 0.1723887 0.9369342 0.207751 0.2810587 0.7818103 0.5797541 0.2294733 0.7363025 0.1281452 0.6644077 0.08625859 0.3353871 0.9381231 0.13209 0.3766002 0.9169103 0.1320919 0.3765987 0.9169107 0.1321245 0.3766245 0.9168954 0.1321225 0.3766264 0.9168949 0.1772709 0.4162352 0.8918091 -0.9161115 0.3113008 -0.2526496 -0.9271225 0.3687328 -0.06693327 -0.9633575 0.2551522 -0.08270359 -0.8705722 0.4394854 -0.2212615 -0.9270984 0.3687938 -0.06693029 -0.8380142 0.5450132 -0.02632045 0.02010661 0.5010732 -0.8651714 -0.02835702 0.5226538 -0.8520733 -0.02835834 0.5226522 -0.8520742 -0.02836596 0.5226625 -0.8520677 -0.02836823 0.5226584 -0.8520702 -0.07689797 0.5427736 -0.8363513 0.04773175 -0.4881388 0.8714599 -0.01455396 -0.5166633 0.8560651 -0.01455211 -0.5166662 0.8560633 -0.01458907 -0.5166823 0.856053 -0.01459133 -0.5166796 0.8560546 -0.07689839 -0.5427612 0.8363595 0.08561599 -0.3548105 -0.93101 0.1214756 -0.3868875 -0.9140907 0.1214761 -0.3868868 -0.9140909 0.1215181 -0.386931 -0.9140667 0.1215212 -0.386928 -0.9140675 0.1572198 -0.4176616 -0.8948971 -0.6180143 0.6542128 -0.4359632 -0.4764816 0.7474737 -0.4628698 -0.2288246 0.8320038 -0.5053799 -0.2288084 0.8320165 -0.5053664 -0.2288114 0.8320178 -0.505363 -0.1761642 0.8615743 -0.476084 0.2331283 0.747412 0.6221145 0.3939039 0.6103643 0.6872375 0.3091014 0.4731109 0.8249985 0.3091532 0.4729536 0.8250691 0.3091117 0.4729527 0.8250854 0.34741 0.1408297 0.9270779 0.1415866 -0.07173454 0.9873234 0.1746482 0.05279874 0.9832143 0.3773217 0.2225466 0.8989445 0.7028641 0.3012187 0.6443986 0.4422429 0.1353465 0.8866243 0.2440193 0.4458786 0.8611893 0.1026489 -0.9931474 -0.05586963 -0.07135623 -0.9966948 0.03883379 -0.07135778 -0.9966947 0.03883105 -0.296862 -0.9525989 0.06654697 -0.07152158 -0.9966798 0.03891253 -0.2747504 -0.9615117 -0.00271666 0.01101225 0.9998027 0.01652985 7.81715e-4 0.9810465 0.1937711 -0.003113746 0.9988799 0.04721701 -0.003120124 0.9988793 0.04722738 7.57223e-4 0.9810501 0.1937526 0.04321861 0.9558928 0.2905191 -0.04324263 -0.002817749 0.9990606 -0.05179351 -0.001401185 0.9986569 -0.05179357 -0.001401484 0.9986569 -0.0518043 -0.001399755 0.9986563 -0.05180436 -0.001399993 0.9986563 -0.06016004 0 0.9981887 0.1318039 0.9586192 0.2523429 0.2542181 0.9588938 0.1260783 0.3602972 0.9310061 -0.05842781 0.4678336 0.8743929 -0.1287207 -0.09629815 -0.7997561 0.5925512 -0.134909 -0.4852398 0.8639108 -0.2035172 -0.63273 0.7471504 -0.4549493 -0.3809463 0.8049231 -0.1350409 -0.4851346 0.8639493 -0.6823834 -0.1369339 0.7180544 -0.04334658 0.9988695 -0.01951491 0.03979265 0.9964429 0.07428449 0.1838355 0.9828457 0.01479446 0.2966015 0.9544625 0.03207808 0.1839778 0.9828205 0.01470279 0.4885247 0.8696199 0.07144838 0.7366398 0.6762202 0.009386122 0.3008813 0.9127777 -0.276238 0.2361599 0.9458552 -0.2226802 0.1917918 0.9763208 -0.1000689 0.1917393 0.976337 -0.1000111 0.236064 0.9458972 -0.2226033 0.0331577 0.9924542 0.1180481 0.3170825 0.8952631 -0.3129903 0.1937082 0.8788211 -0.4360629 0.1843159 0.9738375 -0.1329215 0.184286 0.973855 -0.1328356 0.193614 0.8788485 -0.4360495 -0.007266521 0.9952582 0.09699732 0.2407343 -0.969087 -0.05401414 0.3465543 -0.9331054 0.0959928 0.3465718 -0.9331002 0.09598034 0.3466574 -0.9330525 0.09613376 0.4403267 -0.8603199 0.2568313 0.2626692 -0.9636355 0.04910808 0.1647877 -0.9812738 -0.09973299 0.2949244 -0.9515295 0.08724266 0.2949358 -0.9515266 0.08723521 0.2950351 -0.95148 0.08740764 0.4821742 -0.853228 0.1987712 0.2471139 -0.966804 0.0649985 0.09525793 -0.4586561 -0.8834934 -0.008053004 -0.5084416 -0.8610589 -0.008051455 -0.5084449 -0.8610569 0.06022566 -0.7059245 -0.705722 -0.008199036 -0.5085064 -0.8610192 -0.01411283 -0.3914657 -0.9200845 0.2014413 -0.2448964 -0.9483919 -0.01400893 0.01703125 -0.9997568 -0.01399201 0.01701456 -0.9997574 -0.2280833 0.2773008 -0.933318 0.2271672 -0.1911507 -0.9549118 -0.5026648 0.5806684 -0.6404314 0.1916781 0.9763594 -0.09990996 0.03308343 0.9924382 0.1182035 -0.03723031 0.9653018 0.2584696 -0.1666141 0.9180572 0.359737 0.1842516 0.9738723 -0.1327562 -0.007336318 0.9952415 0.0971629 -0.08556658 0.9689336 0.2320477 -0.2453382 0.901156 0.3573895 -0.2167581 -0.4567333 -0.8627924 -0.5054238 -0.3512622 -0.7881382 -0.2962359 -0.223247 -0.9286577 -0.7052063 0.006231904 -0.7089748 -0.7527728 -0.3803906 -0.5372487 -0.9055114 -0.02931362 -0.4233083 -0.7860794 0.1612763 0.5967153 -0.308072 0.07436954 0.9484519 -0.6208879 0.1774036 0.7635615 -0.6208047 0.1775899 0.7635859 -0.2734016 0.1134877 0.9551818 -0.1925089 0.4424008 0.8759121 -0.008723616 -0.5900267 0.8073367 -0.03513532 -0.8668228 0.4973769 -0.04220902 -0.7516503 0.65821 -0.03202915 -0.8153514 0.5780797 -2.94304e-4 -0.9969189 0.07844024 -0.008972942 -0.9999597 5.5101e-4 0.003454387 -0.9310354 -0.3649127 -0.01784509 -1.18398e-4 -0.9998409 -0.002020001 0.1343689 -0.9909294 0.005173325 -0.3260139 -0.9453508 0.005313038 -0.4602696 -0.8877633 -0.001925408 -0.6699767 -0.7423797 8.39696e-4 -0.766369 -0.6424002 0.003428995 -0.9309825 -0.3650478 -0.002134859 -0.9377918 -0.3471916 -0.002132475 -0.9378509 -0.3470323 -0.005987465 0.7075958 -0.7065921 -0.001598536 0.5238195 -0.8518279 -0.009395003 0.3973913 -0.9176012 1.02642e-4 0.9999998 6.02261e-4 0.007834434 0.9967716 -0.07990545 -0.003805458 0.9146895 -0.4041397 0.008404672 0.8283913 -0.5600869 0.001591265 0.7088053 -0.7054024 0.001881003 0.9407439 0.3391128 0.007808327 0.9967862 -0.07972675 0.007712244 0.9323754 0.3614095 0.007724881 0.9324401 0.3612422 0.002668917 0.7585214 0.6516428 0.004409551 0.656637 0.754194 0.002722382 0.3224829 0.9465714 -0.01508086 0.3810398 0.9244356 -0.01428103 -0.04132467 0.9990437 0.002736747 0.3223298 0.9466236 -0.01427263 -0.04151165 0.9990361 6.55837e-4 -0.3202546 0.9473313 -0.001387178 -0.569345 0.8220975 -0.02031004 0.4241229 -0.905377 -0.03537863 -0.4633346 0.885477 0.1961955 -0.6680065 0.7178264 0.01239395 -0.5601574 0.8282935 0.01844304 -0.8327772 0.553301 -0.002528965 -0.7158637 0.6982356 0.8685973 -0.4113942 0.2762132 0.8019759 -0.09493762 0.5897642 0.9100836 -0.1469306 0.3875039 0.8650681 -0.1066665 0.4901829 0.5527521 0.07347625 0.8301002 0.651564 0.4252976 0.6281611 0.0856164 -0.3548123 -0.9310092 0.1214759 -0.3868893 -0.9140899 0.1214765 -0.3868886 -0.91409 0.12151 -0.3869201 -0.9140724 0.1215059 -0.3869241 -0.9140713 0.1573783 -0.4177942 -0.8948073 0.04434967 -0.4897122 0.8707556 -0.01629912 -0.5174357 0.8555668 -0.016303 -0.5174288 0.8555711 -0.01633232 -0.5174495 0.8555579 -0.01633435 -0.5174468 0.8555595 -0.07689887 -0.5427646 0.8363571 0.08627045 0.3353903 0.938121 0.1321021 0.3766033 0.9169073 0.1321036 0.3766016 0.9169079 0.1321329 0.3766393 0.9168882 0.1321374 0.3766354 0.916889 0.1774103 0.416365 0.8917207 -0.02298015 -0.214689 0.9764121 -0.1451964 -0.3068581 0.9406148 -0.02323806 -0.6580781 0.752591 -0.07945215 -0.560517 0.8243228 -0.03201681 -0.5383056 -0.8421415 -0.02873551 -0.4550515 -0.8900014 -0.02872854 -0.4549363 -0.8900605 -0.02517634 -0.3679585 -0.9295014 0.0201084 0.5010735 -0.865171 -0.02835273 0.5226574 -0.8520712 -0.02835416 0.522656 -0.8520721 -0.02836573 0.5226607 -0.8520689 -0.02836799 0.5226566 -0.8520713 -0.07689774 0.5427719 -0.8363525 -0.3028923 -0.936607 -0.1761356 -0.2908319 -0.9564598 -0.02452689 -0.5493962 -0.8344328 -0.04342746 -0.6586225 -0.7523672 0.01266086 -0.9121405 0.4039439 -0.0694918 -0.827468 0.561189 -0.01906847 -0.8450998 0.4784435 -0.2385333 -0.6014728 0.6652308 -0.4423784 -0.4137929 0.8046073 -0.4258904 -0.1347874 0.890036 -0.4355091 0.2298787 0.2489134 -0.9408496 0.001448154 -0.0377556 -0.999286 0.07280743 -0.1004409 -0.9922755 0.07274127 -0.1005883 -0.9922655 0.01635259 -0.2317811 -0.9726306 -0.2199004 -0.5173184 -0.8270584 -0.06795632 -0.9352268 0.3474663 -0.05298149 -0.8760997 0.4792102 -0.0642696 -0.9398579 0.335465 -0.0134437 -0.9685041 0.2486343 0.003488481 -0.9999747 -0.006205379 -0.01259815 -0.9999206 4.37825e-4 -0.0200563 -0.9997981 -0.00120908 -0.04156935 -0.9991326 -0.002506852 0.01869857 -0.9997071 -0.01536571 0.005114912 -0.9998842 -0.01433384 -0.003029167 -0.9999839 -0.004822075 -0.05296772 0.997022 0.0560494 0.1050506 0.9775502 0.1826475 0.105031 0.977555 0.1826328 0.4677879 0.7341372 0.4921554 -0.602766 -0.6622051 0.4451491 -0.415076 -0.8028046 0.4280382 -0.1373533 -0.8886985 0.4374347 -0.1372246 -0.8887596 0.437351 -0.137236 -0.8887641 0.4373382 0.005292952 -0.9936413 0.1124682 0.942533 0.001781463 0.3341085 0.901007 -0.1410363 0.4102379 0.9873927 0.05254656 0.1493139 0.9873828 0.05253237 0.1493843 0.8791429 -0.2626874 0.3976221 0.8767554 -0.007875919 0.4808721 -0.5749803 0.692923 -0.4350349 -0.3635913 0.8403453 -0.4020214 -0.07355642 0.9132189 -0.4007753 -0.07342654 0.9132785 -0.4006631 -0.07342839 0.9132791 -0.4006615 0.09874695 0.9590691 -0.265397 0.08069777 -0.7209327 0.6882906 -0.1219512 -0.7534659 0.6460782 -0.08300346 -0.2256977 0.9706549 -0.2162885 -0.2045534 0.9546608 -0.1649426 -0.4484121 0.8784763 -0.5387594 -0.05723488 0.8405133 0.08561015 0.3548089 0.9310111 0.1214696 0.3868859 0.9140921 0.1214703 0.3868854 0.9140924 0.1214972 0.3869033 0.9140811 0.1214941 0.386906 0.9140804 0.1572325 0.417663 0.8948941 -0.9004352 0.3270901 -0.2867555 -0.9223284 0.3759118 -0.0894466 -0.9548962 0.2755113 -0.1107562 -0.8568974 0.4522837 -0.2473183 -0.9223132 0.375946 -0.08946037 -0.8370407 0.5454556 -0.04290658 0.04420781 0.4898285 -0.8706973 -0.01630026 0.5174272 -0.8555721 -0.0163021 0.517423 -0.8555745 -0.01634311 0.5174475 -0.8555589 -0.01634562 0.517445 -0.8555604 -0.07690995 0.5427624 -0.8363575 -0.2551048 -0.06840854 0.9644905 -0.6473343 -0.05033701 0.7605422 -0.4056586 0.01855182 0.9138365 -0.2334512 -0.01218783 0.9722921 -0.5387994 -0.05716055 0.8404928 -0.6556742 0.08391803 0.7503662 0.2102281 -0.2684263 -0.9400806 0.4123973 -0.4255958 -0.8054792 -0.2684971 0.3429054 -0.9001808 -0.005108416 0.5482735 -0.8362836 -0.2684383 0.342842 -0.9002224 -0.5749933 -0.6929028 0.4350501 -0.3636131 -0.8403398 0.4020132 -0.07357853 -0.9132117 0.4007878 -0.07345563 -0.9132713 0.4006744 -0.07344925 -0.9132685 0.400682 0.09835398 -0.9590404 0.2656465 0.03793299 0.5682504 -0.821981 -0.05688089 0.5157305 -0.8548607 -0.05687606 0.5157241 -0.8548649 -0.2348255 0.3446205 -0.9088971 -0.05701631 0.5156449 -0.8549032 -0.5054564 0.4543001 -0.7335703 0.03721803 -0.22267 0.9741833 -0.007672846 -0.06967175 0.9975405 -0.007647156 -0.06964433 0.9975426 0.05888593 0.01137292 0.9981999 0.07927 0.3541939 0.9318063 0.1171473 0.389368 0.9136024 0.1171457 0.389369 0.9136021 0.1171771 0.3894029 0.9135836 0.1171795 0.3894004 0.9135844 0.1546265 0.4236961 0.892509 -0.0208382 0.01235872 0.9997065 -0.2742687 -0.130832 0.9527118 -0.2742683 -0.1308313 0.952712 -0.4075025 -0.2122735 0.8881901 0.04778116 0.4880837 -0.871488 -0.01185142 0.5154793 -0.8568202 -0.01184999 0.5154811 -0.856819 -0.0118885 0.5154972 -0.8568089 -0.01188993 0.5154941 -0.8568106 0.06434822 -0.9868283 -0.1484225 0.09842413 -0.9905542 -0.09547376 -0.08468681 -0.9622589 -0.2586232 -0.08480083 -0.9622197 -0.2587321 -0.08480077 -0.9622195 -0.2587326 -0.320801 -0.9470954 -0.009849786 0.06533837 -0.9873389 -0.1445441 0.09187793 -0.9921367 -0.08499002 -0.07812935 -0.9631115 -0.2575113 -0.07823497 -0.9630792 -0.2576 -0.078233 -0.963079 -0.2576018 -0.2187432 -0.9063495 -0.3614996 0.06715333 -0.3518782 -0.9336338 0.1167563 -0.3974947 -0.9101462 0.116757 -0.3974941 -0.9101464 0.1167637 -0.3975021 -0.9101419 0.1167595 -0.3975066 -0.9101405 0.1656635 -0.4414914 -0.8818395 8.78807e-4 2.21954e-4 0.9999996 2.51394e-4 1.14398e-4 1 9.23655e-4 -0.001822769 0.999998 9.38084e-4 -0.001781463 0.999998 1.22639e-4 -0.001577198 0.9999988 0.002310931 0.001657128 0.999996 -0.001778304 9.83176e-4 0.999998 0.1068067 0.09546095 0.9896866 -2.33943e-4 0.001721739 0.9999985 0.01752364 0.01578295 0.999722 0.001185894 0.004368066 0.9999898 -0.00154674 -0.01511508 0.9998847 0.01595485 0.1062021 0.9942166 1.24704e-4 -0.001552224 0.9999988 4.63123e-4 -0.003724217 0.999993 4.6388e-4 -0.00370717 0.999993 1.20171e-4 -0.001575112 0.9999988 2.5553e-4 1.28044e-4 1 0.1367403 0.06067353 0.9887472 0.4289644 0.2692544 0.8622596 0.4270018 0.4125841 0.8046389 0.2259128 0.3283957 0.9171258 0.01704788 0.02808403 0.9994603 0.1545703 0.4960559 0.8544219 0.04272747 0.6563785 0.7532209 0.05574828 0.5444962 0.8369085 0.07328903 0.4101483 0.9090695 0.01590597 0.1060936 0.994229 0.0774517 0.1403259 0.9870715 -0.001619577 -0.02204996 0.9997556 -0.01296174 -0.006520509 0.9998948 4.56886e-4 -0.003747105 0.999993 -0.006741702 7.6735e-4 0.999977 0.003682434 0.00140357 0.9999923 -8.06653e-4 0.001991331 0.9999977 9.07478e-4 2.94771e-4 0.9999997 0.002356112 0.001672327 0.9999959 0.002413332 0.001653015 0.9999957 9.41227e-4 2.8238e-4 0.9999995 9.36356e-4 -0.001791477 0.999998 0.3434932 0.06668615 0.9367846 -0.02451509 -6.63331e-4 0.9996992 0.4885486 0.7581623 0.4318685 0.4899881 0.8601715 0.1414806 0.6423572 0.7537824 0.1385262 0.04278439 0.6565081 0.7531048 0.1557968 0.8845334 0.4396909 0.2566764 0.7514486 0.6078175 0.2990447 0.8450918 0.4431616 0.2168446 0.909758 0.3540039 0.3328768 0.9338586 0.1307708 0.6719836 0.1408173 0.7270547 0.4036966 0.03806662 0.9141007 0.6321882 0.1669395 0.756617 0.7418939 0.2150653 0.635091 0.8832859 0.2476949 0.3980618 0.721223 0.2705519 0.6376826 0.7322717 0.4851239 0.4779466 0.6199801 0.6357327 0.4598572 0.7598184 0.6298699 0.161059 0.2512174 0.9679251 0.003276109 0.4339286 0.900942 0.003070771 0.2567114 0.7514255 0.6078314 0.4348056 0.7247894 0.5344385 0.5195302 0.5420755 0.6604866 0.7021394 0.4405995 0.55935 0.4290301 0.2692263 0.8622357 0.7560133 0.4476067 0.4775902 0.7418266 0.2151286 0.635148 0.5600185 0.1460137 0.8155117 0.7418296 0.215044 0.6351731 0.8141641 0.0720821 0.5761432 0.9642289 0.1153601 0.2386516 0.9903941 0.09899836 0.09653472 0.9989643 0.04550051 -8.76377e-6 0.9580191 0.2866448 -0.005843639 -0.1664479 0.9855495 0.03142356 -0.1789668 0.9838532 0.00197488 -0.008214831 0.9906771 0.1359832 0.05647969 0.9984023 0.001720547 0.1652874 0.982913 0.08100676 -0.3917126 0.9200841 0.002584517 -0.3087435 0.940218 0.1437619 -0.1664916 0.9855446 0.03134411 -0.06217449 0.9542171 0.2925817 -0.1995939 0.970338 0.1364056 -0.1995517 0.9703272 0.1365441 -0.04415011 0.922651 0.3831005 -0.1473087 0.8765649 0.4581858 -0.3068614 0.830412 0.4650292 -0.4378136 0.7445715 0.5039173 -0.4732409 0.8719639 0.1253877 -0.4377859 0.7444995 0.5040478 -0.1007224 0.1774445 0.978963 -0.294368 0.6961134 0.6548082 -0.2305513 0.6501847 0.7239517 -0.1006137 0.1772724 0.9790054 -0.01752638 0.1103763 0.9937354 -0.06695103 0.6172673 0.7838997 0.108143 0.1855792 0.9766604 0.1350929 0.7914778 0.5960813 0.3851779 0.5918114 0.7080941 0.6485411 0.6089165 0.4567441 0.3609985 0.9231606 0.1321167 -0.2543765 0.7236227 0.6416096 -0.02166175 0.1876053 0.9820057 -0.03938984 0.2391031 0.9701949 -0.04458874 0.5489692 0.8346524 -5.74947e-4 0.001866996 0.9999981 -3.58634e-5 0.002175152 0.9999977 4.49682e-4 0.03415268 0.9994165 -0.03939878 0.2391048 0.9701942 -0.1458488 0.4934577 0.8574542 -0.03655421 0.6352428 0.771447 -0.0365594 0.6353823 0.7713319 -0.2543551 0.7237016 0.6415291 -0.1473202 0.8764745 0.4583551 -0.008974969 0.8868662 0.4619391 -0.01125371 -0.002537429 0.9999336 0.06389808 0.06012445 0.9961436 -0.02047783 -0.004617631 0.9997797 -0.001073241 -0.004803836 0.9999879 0.382444 0.2184764 0.8977777 0.08651733 0.1305121 0.9876646 -0.008129239 0.04921531 0.9987551 0.08637571 0.1306071 0.9876645 -0.04543507 0.2893095 0.9561567 -0.03731179 0.5563242 0.8301273 0.3236913 0.56673 0.757655 0.5456777 0.5571004 0.6259992 0.1082201 0.1855686 0.9766539 -0.09023672 0.9697288 0.2268995 0.1464429 0.9855679 0.08491545 -0.07883143 0.9717265 0.2225608 -0.2931432 0.9476805 0.1263679 -0.2701359 0.8401832 0.4702327 -0.5108053 0.8515261 0.1182424 -0.5605259 0.8041308 0.1979503 0.8706842 0.4888604 0.05408066 0.7900087 0.6071862 0.08491921 0.8209354 0.564828 0.08387291 0.2453609 0.9615649 0.1232523 0.4718839 0.8422691 0.2605925 0.5734146 0.8186513 0.03171563 0.8159237 0.5781596 -1.49745e-4 0.9137446 0.4062781 0.003033816 -0.1796768 0.9602614 0.2135756 0.0329405 0.9987395 0.03787255 -0.7386098 0.668344 -0.08815866 -0.6228597 0.675925 -0.3939177 -0.5465042 0.8299146 -0.1121389 -0.5463733 0.8299911 -0.1122103 -0.605101 0.6209794 -0.4982344 -0.3740584 0.8829081 -0.2838201 -0.08884477 0.9636905 -0.2518082 -0.001193642 0.9965641 -0.08281725 0.002125084 0.9773744 0.211506 -0.8634181 0.4801047 -0.1549479 -0.4755902 0.8789364 -0.03584438 -0.992861 0.1087188 -0.04906368 -0.9977703 -0.001990914 0.06671375 -0.9467895 0.3204444 -0.03008478 -0.6275078 0.7301004 -0.2705317 -0.9467222 0.3206412 -0.03010803 -0.9348493 0.2998244 -0.1901639 -0.8634933 0.4799598 -0.1549778 -0.9544111 0.07695549 -0.2884049 -0.2207539 0.09795087 -0.9703986 -0.2112947 0.6100192 -0.7636957 -0.5267545 0.6196406 -0.5818722 -0.001443207 0.8242473 -0.5662283 -0.2471933 0.6898889 -0.6804035 -0.2111778 0.610001 -0.7637425 9.20716e-4 0.2246944 -0.9744289 -0.001400649 0.8241748 -0.5663338 -0.00764507 0.5890455 0.8080638 0.1445848 0.7882034 0.5981897 0.002130985 0.9773388 0.2116706 0.002121865 0.9773415 0.211658 0.186662 0.9586465 0.2148352 -3.29399e-5 0.9835981 0.1803748 -0.1650446 0.9851533 0.04725682 -0.01649832 0.9889376 0.1474122 -0.6640526 0.2046926 0.7191211 -0.8035056 0.4902459 0.3376948 -0.5648547 0.7226518 0.3983886 -0.4848383 0.8676264 0.1102548 -0.564827 0.72271 0.3983226 -0.4448059 0.8906211 0.09456259 -0.1495931 0.9886634 0.01291298 -0.1154192 0.9933145 0.002208352 0.1267472 0.9919351 0 -0.7837726 0.5719112 0.2421116 -0.6954102 0.7185493 -0.009575843 -0.4449028 0.8905763 0.09452641 -0.66459 0.7467259 0.0268433 -0.1155831 0.9932954 0.002203881 -0.4026508 0.915275 0.01200073 0.3853994 0.9227491 0.001204311 0.6325706 0.6913906 0.3490465 0.6188871 0.782482 0.0685631 0.4913256 0.53614 0.6864059 0.07371926 0.4788571 0.8747923 0.414176 0.8156416 0.4039645 0.233995 0.872039 0.4298774 0.07367563 0.478941 0.8747499 -0.03784465 0.7709063 0.6358233 -0.1776669 0.5908988 0.7869391 -0.1338703 0.5389823 0.831611 0.0737062 0.47877 0.874841 -0.153315 0.2678498 0.9511841 0.01708745 0.05559062 0.9983075 0.08680075 0.05862516 0.9944992 0.05542159 -0.1664262 0.9844953 0.06174832 0.2661669 0.9619472 0.07368999 0.4788505 0.8747982 0.342666 0.5647185 0.7507817 0.05894553 -0.07965308 0.9950784 0.2313877 -0.3582776 0.9044871 0.4034624 -0.4079485 0.8190216 0.4035611 -0.4080649 0.818915 0.4773923 -0.553249 0.6826509 0.6093521 -0.6555387 0.4460484 0.308728 -0.6637789 0.6812376 0.6867433 -0.6265605 0.3685181 0.7478261 -0.6063621 0.2703353 0.6094545 -0.6555468 0.4458964 0.6094024 -0.6556198 0.4458603 0.698404 -0.5461747 0.4625206 0.4879798 -0.8154151 0.3114067 0.3740453 -0.8302807 0.4131878 0.5108441 -0.8081006 0.2932778 0.6167841 -0.7483607 0.2439953 0.686741 -0.6265322 0.3685706 0.5148912 -0.7899117 0.3330563 0.7478235 -0.6063336 0.2704067 -0.1671674 0.06609189 0.9837109 0.05068683 -0.2709828 0.9612488 -0.1632584 0.09690535 0.9818127 0.08734875 -0.04806262 0.9950178 0.180039 -0.3058596 0.9348988 0.08744949 -0.04804652 0.9950096 0.1799763 -0.3058611 0.9349105 0.1317422 -0.02797079 0.9908893 0.2267918 -0.18624 0.9559708 0.04647314 -0.2154624 0.9754057 0.1676143 0.06932288 0.9834124 0.1924773 0.26216 0.9456346 0.005652308 0.2971858 0.954803 0.07936608 -0.5418851 0.8366969 0.04653072 -0.2156294 0.975366 0.2267481 -0.1864443 0.9559414 0.0108146 0.5708574 0.820978 -0.1923176 0.4423756 0.8759669 0.002215623 0.3275068 0.9448462 -0.08408087 0.1037057 0.9910477 -0.3399075 0.1072466 0.9343239 -0.2002137 0.06006902 0.9779091 -0.1254409 0.1026078 0.9867808 0.4141883 0.8157265 0.4037801 0.7328072 0.6440059 0.219659 0.7125478 0.5985503 0.3660783 0.8209514 0.5648066 0.08385992 0.7328985 0.6439004 0.2196636 0.6127046 0.7873631 0.06821036 -0.3330806 0.75388 0.5663235 -0.2117871 0.6471583 0.7323471 -0.7008682 0.6969099 0.1519885 -0.7304418 0.6822282 0.03193068 -0.5888404 0.808163 0.01182341 -0.5460824 0.832791 0.09084737 -0.38379 0.9180485 0.09945964 -0.3640161 0.8729177 0.3248184 -0.3333739 0.7403771 0.5836982 -0.8485274 0.5275322 0.04136639 -0.7304927 0.682173 0.03194481 -0.7690173 0.6099418 0.1912676 -0.7009044 0.6968695 0.1520064 -0.3330218 0.7538219 0.5664353 -0.1778487 0.5908744 0.7869163 -0.4208986 0.6340921 0.6486691 -0.3272437 0.3879681 0.861622 -0.5863398 0.6950281 0.416103 -0.5480942 0.5079574 0.6645089 -0.7689791 0.6099395 0.1914292 -0.817197 0.4187954 0.3959792 -0.873259 0.4515337 0.1831284 -0.8485727 0.5274524 0.04145359 -0.858773 0.4222915 0.2901361 -0.9535013 0.2979111 0.04565417 -0.8733128 0.4514275 0.1831343 -0.9630014 0.266671 0.03892272 -0.9535247 0.2978507 0.04555845 -0.9535537 0.2977483 0.04562085 -0.8661654 0.2544951 0.4301046 -0.8996343 0.4077609 0.1561713 -0.8869532 0.4608231 0.03092354 -0.7265383 0.6766892 0.1193059 -0.6661242 0.7457888 -0.008804738 -0.6659955 0.7459031 -0.008860051 -0.4761537 0.8710248 0.1208043 -0.2707329 0.9625154 -0.01636499 -0.3685106 0.8175005 0.442598 0.002283573 -9.67536e-4 0.999997 0.006358563 -0.001387536 0.9999788 -2.20577e-4 0.002084553 0.9999978 -0.002537548 0.00233072 0.9999941 0.002863645 0.005349814 0.9999816 0.002891659 2.87278e-4 0.9999958 -0.001202106 -0.007619202 0.9999703 0.1293245 0.120593 0.9842421 3.78735e-4 -0.004325091 0.9999907 -0.004518687 0.005908727 0.9999724 -0.001692056 0.00229156 0.999996 0.9919415 -0.02414411 0.1243754 0.9717417 0.1690897 0.1647022 0.994948 0.100257 0.005200862 0.9671586 0.2246132 0.1189683 0.9611496 0.2760035 0.003687679 0.9254782 0.366652 0.09516572 0.8947204 0.4466201 0.002448022 0.859046 0.5054763 0.08083212 0.7684979 0.6398504 0.001625001 0.9489298 -0.3154357 0.00571376 0.9775256 -0.1841925 0.102552 0.9911472 -0.1327444 0.002497494 0.9218067 -0.3473007 0.1722055 0.948179 -0.2522924 0.1931454 0.9565334 -0.2316967 0.1770896 0.8645218 -0.1682144 0.4736098 0.8890395 0.01660084 0.4575296 0.7047195 -0.7094798 0.002986967 0.6294003 -0.7649693 0.1366646 0.7642809 -0.63174 0.129535 0.629875 -0.6196703 0.4682588 0.7642803 -0.6317459 0.1295104 0.7012669 -0.7018029 0.1252895 0.8285215 -0.5419634 0.1408119 0.5497871 -0.8353012 0.002496242 0.1789695 -0.9838441 0.00457406 0.2389293 -0.9571226 0.1637964 0.3450137 -0.932357 0.1080564 0.2180312 -0.7873094 0.5767204 0.2500705 -0.8193911 0.5158132 0.4818156 -0.7720407 0.4144959 -0.5113744 -0.8531869 0.1028025 -0.4178903 -0.9084858 0.004619359 -0.6330718 -0.7653219 0.1162002 -0.521785 -0.8451504 0.1160228 -0.5210716 -0.8513345 0.06094282 -0.3976169 -0.8551698 0.3325437 -0.3141049 -0.9441058 0.1000118 -0.3543217 -0.7809394 0.514383 -0.08521431 -0.9456619 0.3137871 -0.08818572 -0.9942961 0.05998802 0.1556878 -0.9861587 0.05702865 -0.6765843 -0.5039217 0.5369326 -0.5144691 -0.6741092 0.5299986 -0.6330849 -0.7652975 0.1162901 -0.5290526 -0.7108678 0.4634334 -0.5173727 -0.8101283 0.2757132 -0.3052557 -0.8703234 0.3864662 -0.3257012 -0.9357984 0.1349077 -0.0719912 -0.9093752 0.4097001 0.1536384 -0.9770489 0.1475493 0.4911732 -0.8630735 0.1176993 0.6089353 -0.7892897 0.0788654 0.8093392 -0.5776349 0.1063399 0.8517981 -0.5177603 0.07977706 -0.2081398 -0.7652741 0.6091251 -0.5143128 -0.6742017 0.5300325 -0.1989707 -0.6038918 0.7718326 0.3973684 -0.7758551 0.4900484 0.2277963 -0.8382111 0.4954909 0.8208316 -0.4427825 0.3608034 0.8093236 -0.5776408 0.1064265 0.6476244 -0.6734982 0.3563467 0.5370149 -0.7698432 0.3449009 0.5336657 -0.8249065 0.1863611 0.2617314 -0.960562 0.09390085 0.5420519 -0.8402494 -0.01268041 0.6436982 -0.4438322 0.6234307 0.2243596 -0.8231164 0.5216727 0.1286168 -0.9797306 0.1535764 0.09911429 -0.9950761 0 0.04583156 -0.9940577 0.09873586 -2.6746e-4 -0.9991204 -0.04193359 -0.07865393 -0.9728941 0.2174646 -0.08397114 -0.9548625 -0.2849323 -0.0700618 -0.9889293 0.1308059 -0.08404684 -0.9548506 -0.2849502 -0.3288071 -0.9086058 -0.2575298 -0.2115164 -0.703942 -0.6780313 -0.559771 -0.6298713 -0.538441 0.1285895 -0.979715 0.1536985 0.1907514 -0.7464433 0.6375237 0.01842981 -0.8328127 0.5532481 0 -1 0 -0.005568802 -0.9803988 0.1969448 1.77621e-4 -0.2271385 -0.9738624 -0.1809348 -0.6187658 -0.764455 -0.001713275 -0.8367037 -0.5476533 -0.001714289 -0.8367689 -0.5475537 -0.1505804 -0.7868489 -0.5984935 -0.08396911 -0.9548197 -0.2850763 -0.001690387 -0.8367911 -0.5475197 -0.2161374 -0.5471343 -0.8086586 -0.276065 -0.1237536 -0.9531386 -0.5598093 -0.6297962 -0.5384891 -0.6008417 -0.4605163 -0.6533866 -0.7661097 -0.5569199 -0.3208057 -0.5317278 -0.8327591 -0.1542011 -0.2666957 -0.9627112 -0.04539531 -0.5317393 -0.8327563 -0.1541765 -0.6696869 -0.73802 -0.08274108 -0.734135 -0.6351079 -0.2401743 0.06293958 -0.9980154 -0.001987218 -0.06212294 -0.9941352 0.08852177 -0.2665607 -0.9627537 -0.04528516 -0.2704417 -0.953234 0.1349306 -0.5316969 -0.8327936 -0.1541207 -0.2932754 -0.9559612 -0.01130449 0.229981 -0.972263 -0.04258483 0.06547123 -0.9951159 -0.07387703 0.002379775 -0.9952219 0.0976113 0.1832109 -0.9695857 -0.1622882 0.04033988 -0.9629068 -0.2668018 -0.1135172 -0.9931992 0.02586942 -0.1245471 -0.9592765 -0.2535286 -0.3190563 -0.9080583 0.2713543 0.2696495 -0.7775372 -0.5680891 0.331256 -0.9327797 -0.1420972 -0.2632563 -0.7809178 -0.5664483 0.04028946 -0.962887 -0.2668808 0.2291122 -0.7062951 -0.669817 -0.1521188 -0.8952071 0.4188846 0.05427449 -0.8288913 0.5567706 0.002475798 -0.9952216 0.09761095 0.05163329 -0.9785772 0.1993009 0.194607 -0.9807878 0.01354146 -0.5407544 -0.7884784 0.2930642 -0.1313768 -0.8370429 0.5311302 -0.4308511 -0.6731749 0.6010016 -0.2045525 -0.8132013 0.5448506 -0.1299299 -0.60536 0.7852755 -0.3958355 -0.7765374 0.4902083 -0.2404358 -0.7857581 0.5698902 -0.2045892 -0.8131315 0.5449408 0.04614984 -0.5360085 0.8429502 0.183827 -0.7845416 0.5922011 -2.2575e-4 -0.6179251 0.786237 0.01686269 -0.8900111 0.455627 -0.1465643 -0.8470645 0.5108823 -0.03654158 -0.8942989 -0.4459757 0.002311468 -0.9876519 -0.1566478 0.107183 -0.949046 -0.2963508 0.09423112 -0.9719429 0.2155172 0.2874183 -0.9237545 -0.2531173 0.0943495 -0.9719321 0.215514 0.4766952 -0.8264289 0.2996283 0.3030479 -0.873861 0.3801696 0.09428471 -0.9719034 0.215672 0.1479448 -0.6979 0.7007482 0.1838517 -0.7845166 0.5922266 0.3091793 -0.8106532 -0.497242 0.09758454 -0.5582764 -0.8238962 -0.03652089 -0.8942281 -0.4461193 -0.03653699 -0.8942276 -0.446119 0.108401 -0.6543667 -0.7483673 -0.262187 -0.7057173 -0.6581954 -0.2050002 -0.8663057 -0.4555102 -0.1300442 -0.9767946 -0.170179 -0.1943169 -0.9333649 -0.3017795 -0.1824526 -0.979334 -0.0872696 -0.008963942 -0.9969309 -0.07777249 0.7130446 -0.7010429 -0.01031267 0.4135842 -0.9059903 0.09016513 0.2492004 -0.9682054 -0.02185201 0.07206863 -0.9882078 0.1350984 0.9387792 -0.3363353 0.07464653 0.9425087 -0.3341246 -0.006184995 0.9944711 -0.1048917 0.004997909 0.9890534 -0.05451011 0.1371207 0.9934018 -0.1146867 -1.24786e-6 0.9496045 -0.1740809 0.2606669 0.9456885 -0.3250672 0.002180874 0.8017219 -0.4354819 0.4093869 0.9014015 -0.3831399 0.2016909 0.8215991 -0.02280008 0.5696095 0.7455469 -0.0470193 0.6647925 0.9495543 -0.1740958 0.2608395 0.717512 -0.1280525 0.6846745 0.7201727 -0.5000981 0.480888 0.4192835 -0.8293044 0.3693991 0.08962714 -0.8273856 0.5544368 0.07209062 -0.9881895 0.1352201 0.0726127 -0.7627291 0.6426287 0.06858623 -0.6480188 0.7585299 0.1479125 -0.6978104 0.7008442 0.05384606 -0.5798751 0.8129242 0.03146779 -0.3831173 0.9231636 0.03151339 -0.3831197 0.9231611 0.06223392 -0.4799665 0.8750767 0.0133686 -0.08002609 0.9967032 -0.008267402 0.002750456 0.999962 0.1100145 -0.1441091 0.9834274 0.1101394 -0.1442745 0.9833891 0.06866812 -0.6478885 0.7586338 0.2797279 -0.6650225 0.6924576 0.7580329 -0.2563619 0.5997206 0.2813609 -0.192557 0.940084 0.3505458 -0.05331212 0.935027 0.01601475 -0.03114575 0.9993866 0.00794959 -0.0129311 0.9998849 0.2301344 -0.1748314 0.9573256 -0.01000839 -0.005980432 0.9999321 0.2687086 -0.05408138 0.9617022 0.1100296 -0.1441267 0.9834231 0.4465109 -0.7542717 0.4813546 0.4002833 -0.4237832 0.8125153 0.5292771 -0.5151608 0.6741477 0.2813555 -0.1926268 0.9400714 0.6523331 -0.4163965 0.6333051 0.2697446 -0.4300577 0.8615616 0.1017009 -0.1088489 0.9888422 -0.01304179 -0.01287609 0.9998321 0.1202639 -0.277481 0.9531742 0.1478773 -0.5616831 0.8140298 0.2130507 -0.7353742 0.6432995 0.01275944 0.01370269 0.9998248 -4.39519e-7 0 1 -0.006533503 0.003155589 0.9999738 -0.03978121 -0.002018094 0.9992064 0.004076123 0.002480864 0.9999887 -0.006304502 -4.0223e-4 0.99998 -0.03979974 -0.002016484 0.9992057 0.06964665 -0.1020977 0.9923333 0.001984953 5.87872e-4 0.9999979 0.002631187 0.001609981 0.9999952 0.004137873 0.002471625 0.9999884 0.002579033 0.001638472 0.9999954 0.01040786 0.003925442 0.9999382 0.001930594 5.71455e-4 0.999998 -0.05998694 -0.004325032 0.9981899 -0.03043591 -0.001714289 0.9995353 1.37546e-5 -0.001348197 0.9999992 0.009753108 0.007367253 0.9999254 0.001930713 5.71693e-4 0.999998 -0.03043562 -0.001714229 0.9995353 0.00260806 0.00161606 0.9999953 0.4832564 -0.8710779 0.08767414 0.373335 -0.9276944 0.002004325 -0.2889249 -0.9456567 -0.1491843 -0.3216652 -0.925058 -0.2019882 -0.1777089 -0.9721052 -0.1530721 -0.4240285 -0.7660912 0.4830158 -0.3244023 -0.898435 0.2959352 -0.3214117 -0.9308709 0.1737069 -0.2889211 -0.9456746 -0.1490778 -0.4178358 -0.9085108 0.00463128 -0.288881 -0.9456841 -0.1490955 -0.2596115 -0.9657091 0.002809286 -0.1937708 -0.9808471 0.01980096 -0.07350176 -0.9972898 0.003263652 -0.008570373 -0.9931402 0.1166157 0.1719065 -0.9709237 0.1665993 0.2417829 -0.8769147 0.4154054 0.2500628 -0.8193996 0.5158033 0.7644981 -0.6055618 0.2209925 0.6089473 -0.7892704 0.07896578 0.6746109 -0.5646961 0.475414 0.2696605 -0.8732261 0.4059058 0.2288125 -0.9259335 0.3004865 0.194972 -0.8875433 0.4174361 0.6378028 -0.7460227 0.1914622 0.8056504 -0.5922911 0.01090878 0.7886953 -0.5797123 0.2046786 0.7102561 -0.4625549 0.5306404 0.8722682 -0.4345381 0.2243323 0.7182794 -0.3733274 0.5871127 0.7688988 -0.368474 0.5225147 0.8809766 -0.4522914 0.1389704 0.7116456 -0.6986055 0.07423651 0.8517984 -0.5177452 0.07987248 0.6424322 -0.6977551 0.3168892 0.674699 -0.5645903 0.4754148 0.07614034 -0.8419606 0.5341398 0.4924454 -0.6878761 0.5332205 0.311254 -0.5280795 0.7900969 0.07614046 -0.8418509 0.5343123 0.1329539 -0.5369786 0.833053 -0.06579464 -0.9513562 0.3009858 0.07611006 -0.841865 0.5342946 -0.05078452 -0.7945798 0.6050321 0.1122049 -0.4521842 0.8848388 -0.03412508 -0.5182554 0.8545449 -0.0735858 -0.144717 0.9867331 -0.1805524 -0.6677326 0.7221731 -0.2846502 -0.5269359 0.8008201 -0.03852558 -0.4329752 0.9005822 0.02681529 -0.02899849 0.9992198 -0.07352215 -0.1445882 0.9867567 -0.001111507 0.01133495 0.9999352 -0.07351356 -0.1445549 0.9867622 -0.001114606 0.01134204 0.9999352 -0.006910324 -6.16119e-5 0.9999762 -0.02233147 -0.1734485 0.9845898 0.001939475 0.009444236 0.9999535 -0.002485513 0.005214273 0.9999833 -0.007704377 0.01302206 0.9998856 0.02682948 -0.02899628 0.9992194 -0.009414851 0.005229175 0.999942 0.1682047 -0.2450068 0.9548189 0.3113557 -0.5279443 0.7901472 0.1538825 -0.3540191 0.9224916 0.2657305 -0.319602 0.9095284 0.02690654 -0.02901828 0.9992167 -0.01805627 -0.3405886 0.940039 0.4358125 -0.5400481 0.7200109 0.2658212 -0.3197154 0.9094621 0.6132257 -0.545941 0.570879 0.2723672 -0.7302617 0.6265254 -0.03406679 -0.5183022 0.8545188 0.1115699 -0.7857769 0.6083641 0.2657048 -0.3197017 0.9095009 -0.1960992 0.2019448 0.9595642 -0.07357305 -0.1445235 0.9867624 -0.1593454 0.1418802 0.9769745 -0.02990245 0.009267508 0.9995099 -0.02297395 -0.2145134 0.9764509 -5.73337e-4 0.006227552 0.9999805 0.003119528 0.007486402 0.9999671 -0.01871412 0.02895259 0.9994057 0.0904079 0.1436955 0.9854837 -0.07351642 -0.144554 0.9867622 -0.0808106 -0.1532452 0.9848785 -0.3671828 -0.6694027 0.6458148 -0.2846164 -0.5269803 0.800803 -0.08083915 -0.1534041 0.9848514 -0.1157477 -0.5280938 0.8412607 -0.3671644 -0.6695258 0.6456978 -0.3243882 -0.8984022 0.2960502 -0.1868414 -0.9747812 0.1220327 0.2417725 -0.8768305 0.4155892 0.2724669 -0.7216525 0.63638 0.1479778 -0.6978608 0.7007802 0.213015 -0.7354152 0.6432645 0.1667617 -0.6309372 0.7576996 0.2129892 -0.7353612 0.6433348 0.2245062 0.05160039 0.9731056 0.02531766 -0.2868736 0.9576339 -0.04380041 -0.3339393 0.9415764 0.5402778 -0.8220936 0.179617 0.3080207 -0.9425878 0.1290412 -0.03889614 -0.6005524 0.7986388 -0.08516556 -0.9456287 0.3139001 0.2326988 -0.8445335 0.4823014 -0.04970288 -0.7002994 0.7121168 0.629399 -0.7649841 0.1365888 0.5071153 -0.8473505 0.1575794 0.7012042 -0.7018628 0.1253054 0.5094199 -0.3443798 0.7886025 0.8230351 -0.2782334 0.4951764 0.7409154 -0.4383135 0.5088475 0.8180548 -0.5013547 0.2818331 0.8903118 -0.3058624 0.3373323 0.8707728 -0.4763715 0.1217583 0.7710441 -0.4911846 0.4052516 0.8707678 -0.4763781 0.1217675 0.8320008 -0.5547659 0.003077805 0.8514422 -0.3035229 0.4276917 0.8231046 -0.2782329 0.495061 0.8903452 -0.3057377 0.3373576 0.8443434 -0.2109545 0.4925267 0.7212104 0.2704614 0.6377353 0.600077 -0.004585862 0.7999292 0.5999966 -0.004599511 0.7999894 0.8126139 -0.2471954 0.5277816 0.3960313 -0.3950778 0.8288984 0.2727456 0.6407278 0.7176892 0.5416367 0.5072935 0.6702858 0.359098 0.4648818 0.8092798 0.3591468 0.4647621 0.8093267 0.5175647 0.6403071 0.5675684 0.5965073 0.2839855 0.7506873 0.5999503 -0.004549682 0.8000243 0.8169657 0.2235682 0.5315867 0.8833566 0.2476772 0.397916 0.8266363 0.2528688 0.5027223 0.7941385 0.2202768 0.5664117 0.9254513 0.3666968 0.09525525 0.8266264 0.2528681 0.5027391 0.7739058 0.4829427 0.4096782 0.8355703 0.4807028 0.2659833 0.7738621 0.4829651 0.4097344 0.6034117 0.7974267 0.002292573 0.7598235 0.6298592 0.1610768 0.8494065 0.5085605 0.1409781 0.7010284 0.7006559 0.1328181 0.8852372 0.3479151 0.3087238 0.9734148 0.2290031 0.004610061 0.9265207 0.3760415 0.01234209 0.217216 0.9760966 -0.007258653 0.4305238 0.8800215 0.2005283 0.6862466 0.7272115 -0.01513612 0.8653063 0.4690187 0.1768239 0.9579626 0.2868337 -0.005844593 0.907616 0.4148138 0.06452101 0.8461689 0.4373666 0.3044813 0.444561 0.8230903 0.3533949 0.4117447 0.5101353 0.7551346 0.7569296 0.4498125 0.4740529 0.5199217 0.3385044 0.7842807 0.1370609 0.1992806 0.97031 0.3435423 0.06675326 0.9367619 0.66708 0.3090808 0.6778447 0.4026943 0.8649457 0.29951 0.06261706 0.9871802 0.1468146 0.08723646 0.8664428 0.491596 0.00346589 0.9631026 0.2691121 0.07254874 0.7867879 0.612945 0.04067659 0.9013345 0.4312096 0.1652495 0.9829183 0.08102017 0.3605843 0.903286 0.2324939 0.2170204 0.9761404 -0.007220268 -0.07038348 0.9961251 0.05273646 0.004732012 0.9927293 -0.1202757 -0.008213281 0.9906738 0.1360074 0.07091176 0.9969338 -0.03308737 -0.008217871 0.9906645 0.1360753 0.07091116 0.9969338 -0.03308498 -0.1389988 0.9576213 0.2522715 -0.06643426 0.9977908 -3.99998e-4 -0.4754295 0.8790226 -0.03586328 0.0422579 0.9604251 -0.2753144 0.256705 0.9610795 0.1021208 0.07093131 0.9969319 -0.0331009 0.08409827 0.9958943 0.03350073 0.2568041 0.9610404 0.1022413 0.2060523 0.9644483 0.1654751 0.2059107 0.9644981 0.1653611 0.07346975 0.823897 0.5619573 -0.1638661 0.7343526 0.6586913 -0.1796824 0.9602349 0.2136892 -0.1797905 0.9602157 0.2136852 -0.1902554 0.8446583 0.5003553 -0.1640011 0.7343525 0.6586579 -0.05916047 0.7414974 0.6683425 -0.1389619 0.9575787 0.2524532 -0.008993864 0.8868777 0.4619168 -0.07660442 0.8460714 0.5275367 -0.0462585 0.709801 0.7028818 -0.04412502 0.9226432 0.3831224 -0.04414111 0.9226481 0.3831087 0.02792912 -0.4852551 0.8739265 -0.03908979 -0.515579 0.85595 -0.0390858 -0.5155845 0.8559468 -0.03909003 -0.5155822 0.855948 -0.0390892 -0.5155822 0.855948 -0.1054734 -0.5426831 0.833289 -0.1664189 0.9855517 0.0315051 -0.002318739 0.9217631 0.3877468 0.006439208 0.9729945 -0.2307386 -0.03161829 0.6070905 -0.7940035 -0.1410465 0.7721055 -0.6196444 -0.1316185 0.6209753 -0.7727007 -0.01777046 0.4196467 -0.9075136 -0.09719401 0.1042256 -0.9897931 -0.1315582 0.6210017 -0.7726898 -0.03887087 0.2076332 -0.9774342 -0.06551849 0.3930533 -0.9171785 0.08545809 -0.3549382 -0.9309758 0.1214776 -0.3868896 -0.9140895 0.1214756 -0.3868921 -0.9140888 0.1215118 -0.3869241 -0.9140704 0.1215142 -0.3869218 -0.914071 0.1572383 -0.4181204 -0.8946796 0.08561098 0.3548125 0.9310096 0.1214705 0.3868895 0.9140906 0.1214713 0.386889 0.9140907 0.1215159 0.3869199 0.9140716 0.1215118 0.3869237 0.9140705 0.1573842 0.4177938 0.8948065 0.02750551 -0.4855269 0.873789 -0.025002 -0.5094631 0.8601292 -0.02500408 -0.5094582 0.8601322 -0.02506315 -0.5094918 0.8601104 -0.02506715 -0.5094859 0.8601139 -0.07762247 -0.5316358 0.8434087 0.2667229 -0.9637702 -0.002420246 0.4179151 -0.9083009 0.01835161 0.3630134 -0.8929277 0.2662732 0.7100695 -0.6842377 0.1661931 0.4180883 -0.9082203 0.01838761 0.5580905 -0.8288804 0.03863102 -0.9147471 -0.3127548 0.2557778 -0.919205 -0.3917138 0.04028171 -0.9608587 -0.2625744 0.08834773 -0.8653172 -0.4448699 0.2309048 -0.9191754 -0.3917804 0.04030805 -0.8221189 -0.5692601 0.007975876 0.02775496 0.4856286 -0.8737246 -0.02501791 0.5094682 -0.8601258 -0.02501934 0.5094644 -0.860128 -0.02506351 0.5094838 -0.8601152 -0.02506136 0.5094884 -0.8601126 -0.07754611 0.5318523 -0.8432793 -0.776449 -0.4308826 -0.4598557 -0.8547764 -0.4372895 -0.2795269 -0.8438336 -0.3541551 -0.4031365 -0.9191811 -0.3917778 0.04020726 -0.6004912 -0.6627539 0.447401 -0.4562432 -0.7528045 0.4744761 -0.2097084 -0.828845 0.518689 -0.2096802 -0.8288638 0.5186704 -0.2096822 -0.828865 0.5186678 -0.1512927 -0.8601425 0.4870989 0.08638447 0.4587158 0.8843741 0.00119704 0.497761 0.8673135 0.001206815 0.4977588 0.8673146 -0.08392661 0.5321522 0.8424788 -0.06950032 0.9960212 0.05578225 -0.1725196 0.9846968 -0.02468252 -0.1725168 0.9846972 -0.0246858 -0.1726409 0.9846729 -0.0247913 -0.1726415 0.9846728 -0.02479064 -0.2728085 0.9563246 -0.1049715 0.06302666 -0.5680726 0.8205614 -0.1309864 -0.4547668 0.8809255 0.1777406 -0.4200384 0.8899304 -0.1311559 -0.4546766 0.8809468 -0.1311493 -0.4546672 0.8809527 -0.584068 -0.1811493 0.791233 -0.9698659 0.2433322 -0.01223528 -0.9091937 -0.4163611 -0.003198027 -0.9504379 -0.3109111 0.001428663 -0.8817077 -0.4716875 -0.01013493 -0.9091205 -0.4165213 -0.003180623 -0.6577316 -0.7531778 0.01060271 -0.6110982 -0.7915424 0.004436314 -0.6109721 -0.7916395 0.004471957 -0.5158145 -0.8567003 -2.13869e-4 -0.1807873 -0.9835223 9.78913e-5 0.9546436 -0.0113064 0.2975365 0.8961991 -0.1981743 0.3969309 0.9557432 -0.009423375 0.2940512 0.8508813 0.3462914 0.395074 0.06781065 -0.4589536 -0.8858687 -0.007294297 -0.4952502 -0.8687199 0.1223827 -0.5790747 -0.8060367 -0.1115137 -0.5665522 -0.8164457 -0.007324874 -0.4952658 -0.8687108 -0.4508961 -0.4656038 -0.7615155 0.02775108 -0.4856321 0.8737227 -0.02502179 -0.5094715 0.8601236 -0.02502316 -0.5094677 0.8601259 -0.02502399 -0.5094694 0.860125 -0.02502334 -0.5094716 0.8601236 -0.07762533 -0.5316369 0.8434077 0.08545702 -0.3549375 -0.9309761 0.1286096 -0.3931398 -0.9104399 0.1286134 -0.3931367 -0.9104406 0.1286526 -0.393171 -0.9104202 0.1286486 -0.3931748 -0.9104192 0.1709847 -0.4298385 -0.8865682 -0.9949166 -0.02618783 0.09723818 -0.999926 -0.007290482 -0.009739279 -0.9670026 -0.2189523 0.1302528 -0.9820373 -0.1852598 0.03580147 -0.9612517 0.007327616 0.2755748 -0.9901115 0.1006752 0.09769213 -0.9787151 0.1759795 0.1055846 -0.9839031 0.1746595 -0.03779935 -0.9653987 0.2222499 -0.1364203 -0.99257 0.02448767 -0.1191858 -0.9749662 -0.1870742 -0.1201846 -0.9514911 -0.005844235 -0.3076208 -0.9884974 -0.1056947 -0.1081741 0.2156002 -0.2494485 0.9440826 -0.0154218 0.03899216 0.9991206 0.09221392 0.09220325 0.9914612 0.09213441 0.09230047 0.9914596 -0.002451777 0.2328307 0.9725142 -0.2084562 0.5158983 0.8309001 -0.797195 0.6036688 -0.008022189 -0.8946803 0.4152134 0.1647577 -0.9107852 0.4054539 0.07795828 -0.9108662 0.4052689 0.07797515 -0.8963945 0.3687486 0.2459704 -0.998694 0.04937988 0.01311886 0.2687255 0.5190764 0.8113855 0.03324294 0.2929946 0.955536 -0.1513129 0.6744809 0.7226203 -0.08177256 0.8243631 0.5601239 0.07537895 0.6632491 0.744593 -0.4534774 0.6255897 0.6348195 -0.1524978 0.8752555 0.4589905 -0.2393496 0.7682031 0.5937808 -0.5352628 0.8115458 0.2342807 0.0273624 -0.1636868 0.9861329 0.01732403 -0.08363074 0.9963463 0.009112596 -0.05472373 0.99846 4.60344e-4 -0.02009427 0.9997981 -0.002922475 -0.02867293 0.9995846 0.001379132 -0.06035959 0.9981758 -0.01258653 0.0104416 -0.9998664 -0.05174666 0.178512 -0.9825761 -0.1056325 -0.005521655 -0.99439 -0.04259592 0.06835001 -0.9967517 0.04167234 0.4820272 -0.8751648 -0.03924965 0.7461484 -0.6646218 0.09056997 0.9154247 -0.3921669 0.7710119 -0.6367097 -0.01189738 0.4601764 -0.8878274 6.53537e-4 0.1593635 -0.9871475 -0.01196265 0.1591866 -0.987176 -0.01196485 0.2817721 -0.9594255 -0.01036429 -0.02906531 -0.9995746 0.002422213 -0.4439189 -0.8960635 0.002496302 -0.993943 -0.1009597 0.04340952 -0.9991343 -0.04140496 -0.004063725 -0.9993247 -0.03375601 0.01452267 -0.9993246 0.03375601 -0.01452308 -0.999134 0.04141312 0.004057765 -0.9939399 0.1009879 -0.04341524 0.6449425 -0.7641803 -0.008817911 0.7711222 -0.6366108 -0.009867608 0.921328 -0.38871 0.00771749 0.9983773 -0.0556339 -0.01215296 0.9964237 0.08397722 -0.009362518 -0.8883417 -0.459152 -0.005355179 -0.9319295 -0.3626383 -9.55818e-4 -0.9965229 0.08238762 -0.01243519 -0.9965081 0.08256536 -0.0124368 -0.9994611 -0.0315985 -0.008898198 -0.9216129 0.3880661 0.00588119 -0.8666948 0.4988321 0.002618908 -0.7547351 0.6558582 -0.01500171 -0.9215483 0.388219 0.005894839 -0.6073566 0.7943372 -0.01210355 -0.1517346 -0.4849252 0.8612923 -0.217714 -0.6312001 0.7444375 -0.1079109 -0.7985527 0.5921729 -0.1080781 -0.7985863 0.5920975 -0.1080696 -0.7985906 0.5920929 -0.6291056 -0.6556044 0.4176232 0.9985613 -0.02411389 -0.04789412 0.9956965 -0.06434476 -0.06669569 0.9964876 -0.07678914 -0.03340536 0.9937018 -0.1113522 0.01254338 0.9910685 -0.1117977 0.07269483 0.9958387 -0.04009437 0.08184063 0.9977509 -0.01932144 0.06418615 0.9986267 0.02531886 0.04586875 0.9959743 0.08363318 0.03226166 0.9957618 0.06540304 0.0646606 0.9928793 0.1185996 -0.01118028 0.9906516 0.1176515 -0.06904739 0.9962781 0.03746992 -0.07762765 0.9980323 0.01713609 -0.06031417 -0.5847635 0.3055959 0.7514405 -0.3539713 0.2225158 0.9084003 -0.6784651 0.2129062 0.7031046 -0.5471236 0.1945536 0.8141283 -0.8479081 0.1459314 0.5096626 -0.5472325 0.1944864 0.8140711 -0.5232501 0.06405586 0.8497683 -0.2280815 0.004718661 0.9736306 -0.3680441 -0.1085118 0.9234548 -0.9874392 0.02086186 0.1566161 -0.9997391 -0.02283143 -7.84822e-4 -0.9997388 -0.02284121 -8.31171e-4 -0.9869931 -0.04009413 -0.1556831 -0.8571022 -0.4616698 0.2285542 -0.9246773 -0.3720277 0.08103847 -0.8353541 -0.5488858 0.03013217 -0.8731349 -0.4159858 -0.2541488 -0.9246923 -0.3720173 0.08091646 -0.876856 -0.3289211 -0.3506202 -0.7814846 -0.4136363 -0.4671049 -0.7813864 -0.4137316 -0.4671846 -0.3731456 -0.6058022 -0.7026849 -0.6918811 -0.5467561 -0.4715489 -0.4218645 -0.7206295 -0.5502033 -0.225112 -0.6536089 -0.7225787 0.05237042 -0.7992286 -0.5987414 0.9602214 -0.2759791 0.04255264 0.9876877 0.153007 0.03258889 0.9355393 0.3510903 0.03875422 0.8602714 0.5087264 0.03362637 0.8198512 0.5703195 0.05079168 0.8190255 -0.5711254 0.05489212 0.7736638 -0.5965006 0.2136152 0.9664421 -0.2548005 0.03265869 -0.06216573 0.9201596 0.3865771 -0.0190171 0.9807612 0.1942834 0.02211999 0.9734538 0.2278121 0.0608893 0.99725 0.04225009 0.1783559 0.9556968 0.234164 0.06091415 0.9972469 0.04228538 0.4533565 0.8776156 0.1557525 -0.4817458 -0.8762947 -0.005336165 -0.6698169 -0.7425257 0.00101 -0.8872262 -0.4611816 -0.01188457 -0.8873056 -0.4610286 -0.01189476 -0.805967 -0.5918859 -0.009411036 -0.998229 -0.05850964 0.01075047 -0.9949182 0.1002886 0.008948028 0.2421727 0.9702053 0.007349312 0.4415366 0.8970584 0.0182203 0.7651996 0.643637 -0.01418077 0.7652571 0.6435697 -0.01412677 0.6322121 0.7747916 -0.002412259 0.8734911 0.4868397 6.69103e-4 0.765316 0.6434993 -0.01414966 0.9588679 0.2837756 0.006618797 0.9983867 -0.0554704 -0.01213234 -1 3.10314e-6 0 -1 2.53188e-6 0 -1 -3.10314e-6 0 -1 -3.16486e-6 0 -1 -1.33069e-6 0 -1 2.66138e-6 0 -0.9698256 0.2434917 -0.01226145 -0.7936035 0.6082912 0.01324421 -0.640872 0.7676467 0.001306235 -0.4415905 0.8970898 -0.01508897 -0.6407387 0.767758 0.001346409 -0.2231279 0.9747892 -3.44481e-4 -0.9577857 0.2868669 0.0188108 -0.9513167 0.3071296 0.02584725 -0.9893134 0.08274602 0.12005 -0.996816 -0.005963683 0.07951229 -0.9893069 0.08269929 0.1201363 -0.99681 -0.005975723 0.07958734 -0.9719205 -0.1854247 0.1448734 -0.9493474 0.3141743 0.005855381 -0.7541673 0.6566679 0.004359841 -0.9512732 0.307263 0.02585971 -0.7540792 0.6567764 0.003088712 -0.6129941 0.7900852 -0.001974582 -0.2378537 0.9712987 0.002125918 -0.2367705 0.9715286 -0.008478105 -0.2128757 0.9770388 0.008898675 -0.3394877 -0.9406054 -0.003138363 -0.1793833 -0.9837766 0.002329945 -0.1935117 -0.9810636 0.008217334 -0.02977532 -0.9995359 0.006441354 0.03421431 -0.9994145 1.31699e-6 0.1726124 -0.9849898 0 0.2421536 -0.9702379 1.36231e-5 0.3751513 -0.9269636 1.19777e-5 0.4385495 -0.898707 1.33014e-5 0.5591287 -0.829081 0 0.6161192 -0.787653 -2.05655e-5 0.7194506 -0.6945437 0 0.7658287 -0.6430448 0 0.8480619 -0.5298973 1.36436e-5 0.8836382 -0.4681704 0 0.9399957 -0.3411864 0 0.9611239 -0.2761175 0 0.9900518 -0.1407034 0 0.9975203 -0.07037901 0 0.9975203 0.07037889 0 0.9900518 0.1407034 0 0.9611239 0.2761175 0 0.9399957 0.3411865 0 0.8836382 0.4681704 0 0.848062 0.5298973 -1.70638e-5 0.7658287 0.6430447 1.66106e-5 0.7194506 0.6945436 -1.66104e-5 0.6161191 0.7876531 0 0.5591282 0.8290812 -1.71893e-5 0.4379078 0.8990199 0 0.3737136 0.9275442 1.34617e-5 0.2414386 0.9704161 0 0.173438 0.9848448 0 0.0405429 0.9991778 0 -0.02979099 0.9995352 0.006491065 -0.1546885 0.9879599 0.002639889 -0.2281523 0.9735476 0.01231491 -0.3388013 0.9408562 -0.001816272 -0.4163395 0.9091141 0.01316118 -0.5107493 0.8597084 -0.006074309 -0.5890787 0.8079808 0.01239156 -0.6641713 0.7475442 -0.007346987 -0.7372958 0.6754679 0.01175999 -0.7924867 0.609868 -0.005100429 -0.856142 0.5166401 0.01019567 -0.8934923 0.4490773 -0.00105971 -0.9534379 0.3015894 -2.99671e-4 -0.9610944 -0.2653674 0.07666701 -0.9424003 -0.3215858 0.09200149 -0.9420595 -0.3353853 0.006371021 -0.8937135 -0.4486371 -9.42871e-4 -0.8563918 -0.5162143 0.01077067 -0.7928102 -0.609458 -0.003610193 -0.7373236 -0.6753968 0.0138958 -0.6636238 -0.7480471 -0.005387485 -0.5884237 -0.8084385 0.0136047 -0.5101377 -0.8600744 -0.005635082 -0.4170316 -0.9087988 0.01302546 -0.7375351 -0.6753042 0.002529561 -0.9368089 -0.3497824 0.006434023 -0.3524134 -0.9358254 -0.005978703 -0.2907114 -0.9564967 -0.02451807 -0.1639612 -0.9864627 -0.002862989 -0.3372567 -0.9413987 -0.005151569 -0.700944 -0.7130371 0.0159862 -0.7866276 -0.6172362 0.0153799 -0.1680101 0.9681392 0.1856856 -0.3259894 0.9308954 0.1648172 -0.09806263 0.9951502 0.007751524 -0.2705386 0.9625713 -0.0162971 -0.003002345 -0.9578303 0.2873191 0.1742595 -0.8818545 0.4381397 0.1705006 -0.949777 0.2623988 0.1705954 -0.9497739 0.2623487 0.1831772 -0.9314557 0.3143827 0.1859205 -0.9096254 0.3715041 0.3891117 -0.8530452 0.3477154 -0.4816035 -0.8763732 -0.005314946 -0.2844049 -0.9586641 -0.008777797 0.05198329 -0.9986144 0.008202433 0.05217838 -0.9986042 0.008204102 -0.09466451 -0.9955035 0.00339812 0.4474437 -0.8942494 -0.01058501 0.5881476 -0.8087131 -0.008106589 0.7406721 -0.6718668 -2.59518e-5 0.4475374 -0.8942027 -0.01058328 0.8801082 -0.474695 -0.008613407 -0.9871512 0.02489107 0.1578381 -0.9997391 -0.02282536 -9.0966e-4 -0.9997386 -0.02285057 -7.94759e-4 -0.9866281 -0.04085826 -0.1577842 -0.7794717 0.4136167 0.4704733 -0.3645928 0.6012883 0.7110024 -0.6840568 0.5455452 0.484197 -0.4138669 0.7192437 0.5580348 -0.2159153 0.6484043 0.730036 0.06366997 0.7934445 0.6053034 0.4782268 0.878224 -0.004691958 0.2817728 0.9594424 -0.008626937 -0.06730359 0.9976845 0.009791851 -0.06749856 0.9976714 0.00979036 0.09080487 0.9958622 0.003612577 -0.4434785 0.8962761 -0.004003822 -0.5810165 0.8138895 0.001911938 -0.9914293 0.1179805 -0.05611431 -0.9994493 0.03112071 -0.01152217 -0.9978505 0.04686355 -0.04580569 -0.9975698 0.04557061 -0.05270475 -0.998555 -0.02578532 -0.04715186 -0.9985569 -0.02581775 -0.04709362 -0.997572 0.04554986 -0.05268335 -0.9926007 0.1208795 -0.01148253 -0.9937227 0.1096515 -0.02217584 -0.992595 0.1209294 -0.0114637 -0.98299 0.1824726 0.02084189 0.8802012 -0.4745233 -0.008577823 0.9596253 -0.2809581 -0.01349061 0.9983829 0.05678015 0.002770245 0.9983751 0.05691736 0.002781808 0.9951714 -0.09810674 -0.003007948 0.8941689 0.4475197 -0.01372313 0.8076294 0.5896193 -0.009153306 -0.3627465 -0.6076433 -0.70653 -0.6817135 -0.5504772 -0.4819145 -0.7744933 -0.4263035 -0.4673601 -0.9259675 -0.2901238 -0.2416865 -0.8682226 -0.4210421 -0.2625133 -0.8727493 -0.3287757 -0.3608535 -0.9860634 -0.04512733 -0.160133 -0.9997293 -0.02327108 -1.10147e-4 -0.9997289 -0.02328753 2.87848e-4 -0.9873584 0.01762896 0.1575205 0.7173888 -0.1280364 0.6848067 0.3505682 -0.05322051 0.9350239 0.662043 -0.0409196 0.7483479 0.311099 -0.04561728 0.9492822 0.3504409 -0.05321782 0.9350717 0.110091 -0.144105 0.9834195 0.4529771 -0.03482401 0.8908419 0.1101913 -0.1442062 0.9833933 0.4059412 -0.3184242 0.8566316 0.395947 -0.3951854 0.8288875 0.5170674 -0.3622195 0.7755247 0.5932177 -0.5662989 0.5721873 0.7243789 -0.4068833 0.5565261 0.8125694 -0.2472448 0.5278267 0.8015046 -0.1898535 0.5670503 0.7193571 -0.2207434 0.6586331 0.3505742 -0.05325621 0.9350196 0.6871525 -0.161391 0.7083603 0.474274 -0.06913131 0.8776589 0.7174479 -0.128058 0.6847406 -0.9226202 0.3857012 0.002575099 -0.8173509 0.5760912 0.007522344 -0.5815257 0.8134403 -0.01195383 -0.5813843 0.8135411 -0.01197189 -0.6812878 0.7319407 -0.01048243 -0.2609853 0.9652521 0.01323515 0.04080247 0.9991672 3.05491e-4 0.4160242 0.9092746 0.01199185 0.04098916 0.9991596 3.20077e-4 0.4162335 0.9092057 0.009732425 0.6633255 0.7483065 -0.006068229 0.8798133 0.4751268 0.01354157 0.9834296 0.1812891 -7.62503e-4 0.9793261 -0.2019746 0.01125979 0.8779403 -0.4787173 -0.007115662 0.6666681 -0.7452961 0.009350478 0.4111911 -0.9115132 -0.008105337 0.03625327 -0.9993355 0.003786742 -0.26617 -0.9638537 -0.01181691 -0.5754298 -0.8178231 0.006783843 -0.6769179 -0.7360568 0.001606523 -0.8058451 -0.5918895 -0.0167545 -0.5755758 -0.8177205 0.006767809 -0.9077773 -0.4192038 -0.01444602 -0.9941641 0.09892475 -0.04303306 -0.9991765 0.04033839 0.004394233 -0.9993526 0.03300553 -0.0143131 -0.9993218 -0.03378498 0.01464748 -0.9991342 -0.04140514 -0.004065871 -0.9939399 -0.1009884 0.0434156 -0.9248932 -0.3736054 0.07065176 -0.9248844 -0.3736085 0.07074981 -0.9140501 -0.3757802 -0.1526491 -0.9541741 -0.2831271 0.09690719 -0.9068932 -0.324932 0.268261 0.5878269 0.8089839 0.002200603 0.7465249 0.6653224 0.006831109 0.9231166 0.3843926 -0.009898424 0.9231741 0.3842549 -0.009886682 0.8646517 0.5023127 -0.007718145 0.9989714 0.04402488 0.01086616 0.9964201 -0.08411848 0.008433759 0.9595062 -0.2815974 -0.007135272 0.9989795 0.04383909 0.01087313 0.8798757 -0.4751921 -0.003375768 0.9944559 -0.09118312 -0.05237507 0.9949896 -0.09938305 0.01090574 0.9960719 -0.06707787 0.05780446 0.9960696 -0.06704014 0.0578891 0.9943855 -0.05305057 0.09155994 0.9907149 2.31951e-4 0.1359567 0.9934957 0.04909765 0.102741 0.986177 0.1463456 0.07770472 0.9904696 0.1373568 0.01015233 0.9871465 0.1479833 -0.06035625 0.9947365 0.05995941 -0.08309215 0.9933789 0.01219755 -0.1142348 0.9980361 -0.02156496 -0.0588141 0.9988653 -0.04345828 -0.01948249 0.9960801 -0.06694424 0.05781912 -0.8948945 -0.3063334 -0.324536 -0.9242776 -0.2940562 -0.2433967 -0.8778182 -0.4133315 -0.2420585 -0.7076348 -0.5344229 -0.4622177 -0.7789126 -0.4013907 -0.4818513 -0.3776093 -0.5963344 -0.7083761 -0.9192718 -0.37722 0.112448 -0.9192357 -0.3772573 0.112618 -0.8587954 -0.5110364 0.03622692 -0.8704065 -0.4421336 0.2165886 -0.9005271 -0.3312515 0.2816445 -0.350236 0.596605 0.7220785 -0.7055305 0.5379302 0.4613653 -0.7734916 0.4062047 0.4865273 -0.920964 0.3006051 0.2479156 -0.8761845 0.4191161 0.2379967 -0.8983147 0.3067204 0.3145686 0.08919286 0.5268818 -0.8452457 0.1417155 0.5150523 -0.8453626 0.1417143 0.5150545 -0.8453614 0.1937988 0.5015636 -0.8431347 -0.1362265 -0.4843096 0.864226 -0.1976755 -0.6341172 0.7475425 -0.08089315 -0.8013116 0.5927531 -0.0810396 -0.8013627 0.5926638 -0.08103227 -0.8013665 0.5926597 -0.5934875 -0.6737049 0.4403346 -0.9268047 -0.09801095 0.3625286 -0.7598441 -0.2023284 0.617819 -0.8438255 -0.02470606 0.5360488 -0.5908201 -0.1662864 0.7894812 -0.5908192 -0.1662726 0.7894848 -0.4049129 -0.1933739 0.8936735 0.9926872 0.1074405 -0.05503416 0.9950127 0.03984236 -0.09144645 0.9931315 -0.01063096 -0.1165195 0.9940429 -0.05444663 -0.09441637 0.9902806 -0.1197847 -0.07068234 0.9924588 -0.1219961 -0.01194006 0.9957379 -0.08678054 0.03122931 0.9784685 -0.1341367 0.156865 0.9891473 -0.08388888 0.1206247 0.9974086 0.02236467 0.06838023 0.9953454 0.04379248 0.08584791 0.989485 0.1228598 0.07632148 0.9924237 0.1222918 0.01182878 0.9955803 0.07907605 -0.05066573 0.9060418 -0.2527829 0.3393952 -0.9926868 -0.1190435 0.02004694 -0.9885873 -0.139638 -0.05653899 -0.9908546 -0.1295872 0.0376085 -0.9688684 -0.2247566 -0.1038196 -0.9885839 -0.1396496 -0.05656713 -0.9986586 -0.04997593 0.01354408 -0.990862 -0.1295232 0.03763377 -0.9888784 -6.33661e-4 0.1487249 -1 -3.67315e-6 0 -1 -3.49608e-6 0 -0.9898475 -0.02556586 -0.1398155 -0.2955229 -0.8388041 0.4572463 -0.08824312 -0.8018792 0.590934 -0.08807408 -0.8018346 0.5910197 0.1244633 -0.7150278 0.6879276 -0.9271143 0.3687824 -0.06677365 -0.8717741 0.332969 0.3593627 -0.8693538 0.4184497 0.262914 -0.7755075 0.4203282 0.4710758 -0.6959622 0.5347542 0.4792439 -0.7753884 0.420429 0.4711819 -0.397791 0.583261 0.7082154 -0.9939431 -0.1009595 0.0434094 -0.9991331 -0.04143512 -0.004041612 -0.9993246 -0.03375554 0.01452255 -0.9993246 0.03375566 -0.01452314 -0.9991341 0.04140502 0.004065871 -0.99394 0.1009879 -0.04341524 0.1936304 0.8787894 -0.4361611 -0.1339792 0.7144252 -0.6867651 -0.1339866 0.7144098 -0.6867796 -0.3531012 0.8075544 -0.4724145 -0.1341133 0.714459 -0.6867038 -0.5475799 0.7956491 -0.2590348 0.9949715 0.09875905 0.01669037 0.9960252 0.07941764 -0.04033231 0.992548 0.1064839 -0.05924254 0.9958481 0.03876888 -0.0823636 0.9980341 0.01711064 -0.06029444 0.9985611 -0.02411508 -0.04789751 0.9960001 -0.08262777 -0.03401118 0.9956635 -0.06373804 -0.06776261 0.9927562 -0.1194611 0.01282107 0.9899893 -0.1203258 0.07377606 0.995716 -0.04058575 0.08308142 0.9977349 -0.0195086 0.06437873 0.9993092 0.02014994 0.0312286 0.9974749 0.06753778 0.02196699 -0.9981365 0.06083011 0.004830539 -0.9001323 0.4332088 0.04574024 -0.975854 0.2163892 0.02974641 -0.7687719 0.6335693 0.087062 -0.6726784 0.7375386 -0.05950373 -0.5509735 0.8288865 0.09682714 -0.8210511 -0.03019279 0.5700559 -0.9819662 -0.01684939 0.1883044 -0.8730726 -0.1421535 0.4664083 -0.9557996 -0.1113907 0.2721014 -0.9819774 -0.01688265 0.1882434 -0.9418353 -0.2279318 0.2469683 -0.977473 -0.2056006 0.04769849 -0.9323048 -0.3390541 0.1258977 -0.9417746 -0.2281022 0.2470425 -0.9482856 -0.2660875 0.1730667 -0.9774838 -0.2055632 0.04763883 -0.9483422 -0.2659784 0.1729239 -0.9704917 -0.1870767 -0.1521454 0.2483938 0.9684019 0.02232241 -8.35118e-4 0.9998598 0.01672577 -0.2207917 0.9740517 0.04974359 -0.221659 0.974565 0.03301924 0.2476341 0.9688389 0.00535041 0.2477003 0.9688219 0.005364358 0.514468 0.841538 0.1647319 0.8833508 0.4673061 0.03628242 0.9986344 0.02518576 0.04577118 0.9957581 0.06540459 0.06471568 0.9959742 0.08363616 0.03225654 0.992846 0.1188875 -0.01107412 0.9901531 0.1198834 -0.07228308 0.9959327 0.03954911 -0.08095651 0.9977865 0.01891887 -0.06375259 0.9985538 -0.02424287 -0.04798531 0.9964877 -0.07678967 -0.03340286 0.9956985 -0.06440526 -0.06660729 0.9937276 -0.1111078 0.01267522 0.9915474 -0.1095696 0.06948649 0.9961858 -0.03802227 0.07853806 0.9979986 -0.01755875 0.06074911 -0.993789 -0.1016581 0.04526746 -0.9991192 -0.04184043 -0.003182768 -0.9993075 -0.03398805 0.01514977 -0.9993075 0.03398722 -0.01514941 -0.9991205 0.04181051 0.003207385 -0.9937858 0.1016868 -0.04527324 -0.9934409 0.08087879 0.08083212 -0.997002 0.01937973 0.07490962 -0.9970003 0.01943939 0.07491636 -0.9967534 -0.0421279 0.06861388 -1 1.35308e-5 0 -1 -1.37515e-5 0 -1 5.91073e-6 0 -1 1.30236e-6 0 -1 -4.66695e-6 0 -1 -3.35793e-5 0 -1 3.72753e-6 0 -1 1.48631e-6 0 -1 -4.46007e-7 0 -1 -2.59028e-6 0 -1 3.10359e-5 0 -1 -2.2929e-6 0 -1 1.7962e-6 0 -1 -1.35429e-6 0 -1 -2.37806e-5 0 -1 2.24089e-6 0 -1 -3.59288e-6 0 -1 1.03676e-4 0 -1 -1.19947e-5 0 -1 5.78185e-6 0 -1 9.22183e-6 0 -1 -5.31233e-5 0 -1 8.48255e-5 0 -1 -7.80875e-6 0 -1 7.51198e-7 0 -1 3.03744e-5 0 -1 -1.17277e-5 0 -1 9.65217e-6 0 -1 8.8737e-7 0 -1 -1.21827e-5 0 -1 9.49653e-6 0 -1 -9.17476e-7 0 -0.9988269 -0.005120217 0.04815447 -0.9971972 -0.06164896 0.04239314 -0.9971967 -0.06165719 0.04239267 -0.9923629 -0.1178527 0.03642356 -0.1628257 0.8269714 -0.5381509 -0.03833353 0.7484913 -0.6620357 0.086968 0.8682256 -0.4884886 -0.03820335 0.7483984 -0.6621483 -0.03819519 0.7484036 -0.6621429 -0.08933752 0.3675118 -0.9257181 -0.999992 -8.83167e-4 -0.003911852 -0.999915 -5.20002e-4 -0.01302671 -0.9992317 -0.001556098 -0.03916066 -0.9998456 -3.28134e-4 -0.01757562 -1 2.86804e-5 0 -1 1.65122e-5 0 -1 2.54053e-6 0 -0.0996775 -0.7852122 0.6111517 0.04410016 -0.4970766 0.8665854 0.01844054 -0.1947813 0.9806734 0.01853334 -0.1946023 0.9807072 0.02199715 -0.2940997 0.9555216 0.01139491 0.2274046 0.9737337 0.01846224 -0.1945827 0.9807124 0.01133072 0.2273787 0.9737406 -0.1093283 0.2788128 0.9541021 -0.1570932 0.4277327 0.8901498 0.02866554 0.3837957 0.9229731 -0.1166101 0.7197413 0.6843791 -0.2640798 0.5296158 0.8060825 0.3508381 0.2390748 0.9054037 0.1838756 -0.2085044 0.9605809 0.2200405 -0.07751488 0.9724062 -0.0280925 -0.1753087 0.9841127 -0.8583785 -0.4492096 0.2477847 -0.9225074 -0.3779806 0.07817184 -0.838473 -0.5438993 0.0337162 -0.7918038 -0.5115694 -0.3336818 -0.9225302 -0.3779474 0.07806295 -0.8674888 -0.3329401 -0.3696138 -0.9263131 -0.291512 -0.238673 -0.7198193 -0.5040038 -0.4773264 -0.7758536 -0.4283319 -0.4632312 -0.3222047 -0.5732024 -0.7534078 -0.1661173 -0.6858414 -0.7085384 -0.1659759 -0.6857663 -0.7086442 -0.2197895 -0.5174356 -0.8270145 -0.09389883 -0.4522504 -0.8869344 0.2735472 0.4835604 0.8314695 0.387649 0.3984501 0.8312436 0.2028952 0.4863668 0.8498712 0.1648921 0.4867576 0.8578332 0.202757 0.4864203 0.8498736 0.1647234 0.4868373 0.8578203 -0.1714584 0.5670776 0.805621 -0.9961248 -0.01246893 -0.08706384 -0.8063765 -0.5736164 -0.1439484 -0.8471735 -0.5236093 0.09016948 -0.7332434 -0.6773167 0.05996984 -0.8062865 -0.5737213 -0.144035 -0.4957616 -0.8489286 -0.1831414 -0.5059918 -0.8558684 0.1070588 0.02727627 -0.5260543 -0.8500135 -0.2322827 -0.652943 -0.7209093 -0.3567357 -0.6735633 -0.6473426 -0.3568003 -0.6736044 -0.647264 -0.2098367 -0.8879894 -0.4091985 -0.7150331 -0.5835112 -0.3850226 -0.8574485 -0.3842003 -0.3423045 -0.8063786 -0.5736043 -0.1439856 -0.9961196 -0.01246476 -0.08712315 -0.4309397 -0.8285955 0.3573801 -0.4956793 -0.8490076 -0.182998 -0.2499165 -0.9681894 0.01229876 -0.273966 -0.9364137 -0.2192531 -0.2109231 -0.9748088 -0.07252162 0.9981252 -0.05237573 -0.03167021 0.9996219 -0.02353173 -0.0142278 0.9998552 -0.01412385 -0.009505391 0.9856278 0.1689259 -0.001413285 0.999855 -0.01413476 -0.009502947 0.9856029 0.1690608 -0.002357006 0.9268096 0.3727451 0.04566568 0.736741 0.6761087 0.0094738 0.6485516 0.7609601 0.01790791 -0.4759613 0.2870786 -0.8312922 -0.8520698 0.2971908 -0.4308767 -0.7671695 0.3040499 -0.5648049 -0.8562743 0.4314229 -0.2840221 -0.9325187 0.08281552 -0.3514974 -0.9961233 -0.01229137 -0.08710616 -0.8770038 0.2664368 -0.399845 -0.99612 -0.01230013 -0.08714127 -0.9397552 0.3265306 0.1011834 0.2854148 -0.933007 -0.2191718 0.2671421 -0.9435944 -0.1956139 0.03156769 -0.9674738 -0.250994 0.03160768 -0.9674839 -0.2509502 0.03727602 -0.9942919 -0.09997105 -0.1053947 -0.9594984 -0.2612563 -0.1175079 -0.9588404 -0.2584898 -0.1825816 -0.8336658 -0.5212154 -0.4844641 -0.8281176 -0.2819858 -0.2208743 0.9740325 0.04975378 -0.4268314 0.904098 0.02053564 -0.7763435 0.6293516 0.03474879 -0.947066 0.3184401 0.04076707 -0.776452 0.6292207 0.03469622 -0.9747949 0.2229098 0.009285449 0.201399 -0.2043769 0.9579501 0.4262912 -0.003248631 0.9045802 0.1915356 -0.1710211 0.9664709 0.1809108 -0.26184 0.9480038 0.4263005 -0.00328809 0.9045758 0.3733984 -0.02985662 0.9271906 0.1808018 -0.2617727 0.9480432 -0.4383582 0.2788948 0.8544355 -0.5486094 0.6518535 0.5235598 -0.2728276 0.8582257 0.4347572 -0.2728571 0.8582742 0.4346431 -0.4633488 0.8046285 0.3713234 -0.4328114 0.8908888 0.1378105 -0.2727331 0.8582434 0.4347816 -0.3516197 0.8727454 0.338643 -0.2215356 0.9274712 0.3011963 -1 -2.0963e-5 0 -1 5.37889e-6 0 -1 -2.08667e-6 0 -1 -3.45201e-6 0 -0.9979435 -0.06401383 0.003341197 -0.997945 -0.06399053 0.003340899 -0.9211921 -0.3216552 0.2189593 -0.9999679 -0.008016109 -4.47918e-4 -1 -5.03934e-6 0 -1 1.56964e-6 0 -1 1.68715e-5 0 -0.9999819 0.005923449 -9.94478e-4 -0.9999992 7.32724e-4 0.001093268 -0.9999868 -0.001408755 0.004967033 -0.9999697 -0.005378663 0.005646467 -0.9999698 -0.005370497 0.005625903 -0.9999868 -0.001392424 0.004960238 -0.9999889 -0.003774464 0.00283879 -0.9999698 -0.005365312 0.005614459 -0.999989 -0.003754973 0.002823173 -1 -3.7637e-6 0 -0.999989 -0.003757476 0.002824902 -1 3.42046e-5 0 -0.999998 9.46172e-4 -0.001741051 -0.9999979 9.71521e-4 -0.001786708 -0.9997092 -0.02408283 -0.001345157 -0.9986608 0.05161261 -0.003609359 -0.9998475 0.01133549 0.01329046 -0.9999622 -0.001593291 0.008554399 -0.9999938 0.002284944 0.002691388 -0.999994 0.002228438 0.002635717 -0.999962 -0.001595854 0.008577406 -0.999994 0.002228438 0.002635717 -1 0 0 -1 8.1252e-7 0 -1 2.8124e-6 0 -1 6.5682e-6 0 -1 -2.33985e-6 0 -0.9999134 -0.004744887 -0.01228362 -1 2.11884e-6 0 -1 1.40829e-6 0 -0.997611 0.06891447 -0.00482136 -0.9785465 0.2055228 -0.01439195 -1 -2.42427e-6 0 -0.9999991 9.99979e-4 8.954e-4 -0.9999991 9.99911e-4 8.95476e-4 -0.999994 0.002228617 0.002635598 -0.999998 9.58314e-4 -0.001787126 -1 -1.5573e-5 0 -1 9.81889e-6 0 -1 9.55657e-5 0 -0.999994 0.002228558 0.002635598 -0.999994 0.002228617 0.002635598 -0.999994 0.002228736 0.002635478 -1 5.23889e-6 0 -1 7.29266e-6 0 -1 1.00885e-4 0 -0.999879 -0.01452976 0.00555408 -0.9963712 -0.07492643 0.04038071 -0.999994 0.002228677 0.002635538 -1 2.23885e-6 0 -0.9995713 0.02517277 0.01495647 -0.9998796 -0.0144993 0.005527377 -0.9999843 0.005604028 3.18745e-5 -0.9988592 0.04775089 3.4814e-4 -0.9995163 0.02853453 0.01236867 -0.9938058 0.1095241 -0.01882725 -0.9659555 0.2136622 -0.1458715 -0.9000997 0.429364 -0.07394093 -0.9659651 0.2135948 -0.1459064 -1 -4.814e-6 0 -1 -5.22308e-6 0 -1 -3.15672e-5 0 -0.9968702 0.07777482 0.01417261 -1 -3.53215e-5 0 -0.9968734 0.07773697 0.01415848 -1 -3.75907e-7 0 -0.9981415 0.06074583 0.004857957 -1 -3.78003e-7 0 -1 2.14045e-5 0 -1 -1.29633e-4 0 -1 -1.84409e-5 0 -0.99988 -0.01448041 0.005530476 -1 3.59366e-5 0 -1 -1.24923e-5 0 -0.9996935 0.01546931 0.01933032 -1 -3.0056e-6 0 -1 -7.49232e-5 0 -1 1.06914e-5 0 -0.9998928 0.008310675 -0.01205641 -0.9993518 0.0247128 0.02618169 -0.9999313 -0.01124447 -0.003320932 -0.9855147 -0.149292 0.08045321 -1 3.28657e-5 0 -0.9995161 0.02854156 0.01237016 -1 1.47433e-6 0 -1 1.40911e-6 0 -1 -4.99371e-7 0 -1 -4.17652e-6 0 -1 4.40124e-6 0 -1 7.04998e-7 0 -1 -1.8228e-6 0 -1 4.35993e-6 0 -1 9.05394e-6 0 -0.9938154 0.1094408 -0.01880472 -0.9534097 0.06112325 0.2954218 -1 -1.21108e-7 0 -0.9872797 -0.007126688 0.1588335 -1 0 0 -1 -4.03077e-7 0 -0.9869481 0.1004667 -0.1258572 -0.9999843 0.005608975 4.05994e-5 -0.9766162 -0.1094411 -0.1850501 -1 6.41968e-6 0 -1 4.20654e-5 0 -1 1.48946e-6 0 -1 2.49022e-6 0 -1 -6.45622e-7 0 -1 9.59204e-7 0 -1 -9.60675e-6 0 -1 -3.32196e-7 0 -0.9968734 0.07773661 0.01416057 -0.9850216 -0.08782702 -0.1483876 -0.9850216 -0.08784306 -0.1483781 -0.584204 -0.181106 0.7911425 -0.9827451 0.1843769 0.0147401 -0.9981421 0.06073713 0.00484234 -0.9998753 -0.007870614 -0.01369446 -1 6.35363e-6 0 -0.09380251 -0.6039043 0.791518 -0.1156473 -0.5281165 0.8412603 0.03216665 -0.494683 0.868478 0.0248481 -0.637423 0.7701135 -0.1156281 -0.5281627 0.8412339 0.02533853 -0.2870432 0.9575825 0.02487456 -0.6374884 0.7700584 0.172306 -0.3845045 0.9068997 0.08495962 -0.599114 0.7961435 0.9306359 0.3635939 0.04143124 0.9993544 0.03556722 -0.005083858 0.99778 -0.06365954 0.01956433 0.9630942 -0.07966125 0.2571063 0.9667597 0.2032338 0.1551507 0.9011075 -0.3467561 0.2603181 0.9856021 -0.1333212 0.1039901 0.9011127 -0.3468002 0.2602412 0.8686243 -0.4113891 0.2761358 0.6865013 -0.6332168 0.3574249 0.9010276 -0.3469102 0.2603892 0.4072178 -0.9035052 0.1336128 -0.9268746 -0.09791141 0.3623767 -0.9284324 0.03561979 0.3697901 -0.9867383 0.07872378 0.1419507 -0.9965292 0.05001199 0.06654667 -0.9900174 0.0309261 0.137511 -1 -3.67482e-6 0 -1 -3.49633e-6 0 -0.9898339 -0.01761853 -0.1411331 0.005058944 -0.01646339 0.9998517 0.005766272 -0.01054239 0.9999278 0.002853214 -0.007127761 0.9999706 -1.24517e-4 0.0038414 0.9999926 -0.003709673 0.01265853 0.9999131 -0.003933966 0.01899021 0.999812 -0.004529178 0.02186477 0.9997507 -0.9012855 -0.2881894 0.3234677 -0.8748458 -0.4007599 0.2720963 -0.9063686 -0.1818308 0.3813574 -0.854258 -0.3100077 0.4172992 -0.8670836 -0.003171384 0.4981526 -0.8542203 -0.3099911 0.4173887 -0.7250205 0.01800507 0.688492 0 0.705475 0.7087349 0 0.5039374 0.8637402 2.96364e-6 0.2521035 0.9677003 -4.57745e-6 0.2519054 0.967752 0.4950797 0.455744 -0.7397253 0.259704 0.324504 -0.9095334 0.3300863 0.5394032 -0.774653 0.2101917 0.3339434 -0.9188587 0.2596633 0.3244306 -0.9095712 0.1643157 0.3393988 -0.9261797 0.1979838 0.07089561 -0.9776381 -0.1655066 -1.75442e-4 -0.9862087 0.2860693 0.06310933 -0.9561285 6.43696e-4 -0.007472157 -0.9999719 0.1033453 0.09207689 -0.9903746 0.1359283 0.2493062 -0.9588379 0.1173992 0.2340634 -0.9651072 0.1603566 0.2895142 -0.9436458 0.4574123 0.3114357 -0.8329356 0.2158597 0.2031184 -0.9550642 0.04392874 0.06760442 -0.9967447 0.2186756 0.1289578 -0.9672389 -0.03730738 0.06404083 -0.9972497 0.05830961 0.01640784 -0.9981637 0.3047126 0.1879425 -0.9337173 0.4090584 0.09526544 -0.9075217 0.2901245 0.1400971 -0.9466788 -0.08444619 0.03210306 -0.9959108 -0.2597321 0.2676787 -0.9278402 -0.1164519 0.1952729 -0.9738108 -0.1160733 0.2344201 -0.9651809 -0.0029639 -0.006243348 -0.9999762 -0.1591082 0.2897546 -0.9437833 -0.002970755 -0.006220281 -0.9999763 -7.39204e-4 0.05470681 -0.9985022 -0.04953098 -0.009896397 -0.9987236 -0.3009801 0.1408234 -0.9431754 0.2895208 0.01046699 -0.9571145 -0.04110968 0.03790074 -0.9984356 -0.3816534 2.55739e-5 -0.9243056 -0.5954262 -8.51061e-5 -0.8034101 -0.1876855 -2.04677e-4 -0.9822292 -0.1876856 -2.27563e-4 -0.9822292 -0.5954262 -8.72352e-5 -0.8034101 -0.2356727 0.03016734 -0.9713642 -0.003201007 -7.6666e-4 -0.9999946 0.002536535 1.57338e-4 -0.9999968 -3.67344e-4 -2.2115e-4 -0.9999999 0.002613723 1.68805e-4 -0.9999966 0.003140926 0.006357133 -0.9999749 0.00431776 0.01285815 -0.9999081 0.001681566 0.02243471 -0.999747 0.3230327 0.1878622 -0.9275547 -4.45531e-4 1.34886e-4 -0.9999999 0.003623187 0.07304459 -0.9973222 -0.1392167 0.1980856 -0.9702478 -0.2472552 0.2099936 -0.9459215 -0.1032614 0.04112613 -0.9938037 0.1037197 0.03687942 -0.9939226 0.4435732 0.1159126 -0.8887109 0.5178096 0.1067059 -0.8488151 0.3231467 0.1879733 -0.9274924 0.1851825 0.3425318 -0.9210752 0.160269 0.2894471 -0.9436813 7.04345e-4 -0.007474601 -0.9999719 -0.3203485 -0.1626774 -0.9332272 -0.3878358 -0.09697484 -0.916613 -0.2928359 0.05246454 -0.9547223 0.2937713 -0.1831706 -0.9381615 0.3651122 -0.09697586 -0.925899 0.3476818 -0.1687234 -0.9223068 0.3433563 -0.06277143 -0.9371052 0.2456986 -0.08828783 -0.9653173 -0.2899623 -0.2156469 -0.9324261 -0.3094186 -0.1204665 -0.9432646 -0.2481784 -0.262377 -0.9325051 -0.04097223 -0.07408177 -0.9964101 -0.2482915 -0.2624599 -0.9324516 -0.3927013 -0.4361723 -0.8096539 -0.4633423 -0.3446888 -0.8163967 -0.2232151 -0.1393877 -0.9647518 -0.06585693 -0.09515112 -0.9932821 -9.96115e-4 2.99816e-6 -0.9999995 -0.2111333 -0.0984416 -0.9724876 -6.15658e-4 -0.001374483 -0.9999989 -0.08427721 -0.006454467 -0.9964215 0.2593027 -0.3228377 -0.9102406 0.04241329 -0.06452387 -0.9970144 0.2040562 -0.1220277 -0.971324 0.06743866 -0.01698988 -0.9975789 0.3396782 -0.01017761 -0.9404867 0.5300844 -0.2921188 -0.7960386 0.2574738 -0.2135201 -0.9423993 0.1870713 -0.33645 -0.9229333 0.1634118 -0.3389149 -0.9265168 0.1329829 -0.1990586 -0.9709229 0.1570247 0.02214783 -0.9873464 0.157009 0.02217805 -0.9873481 0.03485 0.04094457 -0.9985535 0.07962924 0.1074482 -0.9910168 0.07887667 -0.1307933 -0.988267 3.67742e-4 0.00990653 -0.999951 0.001842021 0.01071339 -0.999941 0.001655101 0.01178371 -0.9999293 -3.00094e-4 0.01369756 -0.9999062 -3.08599e-4 0.01365202 -0.9999068 0.001660585 0.01179212 -0.9999291 -0.00296241 0.004173815 -0.9999869 -0.00582838 -6.99538e-4 -0.9999828 -0.004364132 0.001911997 -0.9999887 -4.20488e-4 0.004200398 -0.9999911 0.004420399 0.01173806 -0.9999214 0.001524627 -0.01106119 -0.9999377 0.03484034 0.04093128 -0.9985544 0.004418492 0.01174658 -0.9999213 8.96172e-5 9.63042e-4 -0.9999995 -0.04112005 0.03790736 -0.9984349 0.003965377 9.42866e-5 -0.9999922 0.003957986 8.30288e-5 -0.9999923 3.74366e-4 0.01087158 -0.9999409 1.86096e-4 0.005414187 -0.9999853 0.08931708 -0.0406447 -0.9951736 -0.001838862 4.70337e-4 -0.9999982 1.81413e-4 0.01424741 -0.9998985 -0.001605272 -0.02244931 -0.9997467 -0.001007974 -3.88319e-4 -0.9999995 0.2799509 -0.203804 -0.9381319 0.004173696 -0.04302084 -0.9990655 0.5301393 -0.2921053 -0.7960069 0.2199817 -0.4046937 -0.8875985 0.1869734 -0.3364142 -0.9229661 0.004171311 -0.04297429 -0.9990676 0.1403594 -0.2828119 -0.9488502 0.07886332 -0.1307796 -0.9882699 0.001836717 0.01070261 -0.9999411 0.001841068 0.01071262 -0.9999409 0.001839816 0.01070386 -0.9999411 3.67267e-4 0.009886264 -0.9999511 0.001652061 0.01178795 -0.9999293 0.4327132 -0.3055236 -0.8481832 0.5302143 -0.2921234 -0.7959502 0.693315 -0.1005978 -0.7135786 0.8389189 0.04066854 -0.542735 0.2242756 0.06634676 -0.9722647 0.6251428 -0.1015204 -0.7738799 0.1109317 -0.04220479 -0.9929316 0.4941874 -0.09212154 -0.8644609 0.1397355 -0.2009693 -0.96958 -0.08900994 -0.04394918 -0.9950608 -0.1057721 0.06722998 -0.9921152 0.00639826 0.09722518 -0.9952419 -0.1167016 5.58892e-4 -0.9931669 -0.3818863 -0.1102559 -0.9176092 -0.2177966 -0.2109133 -0.9529325 -0.17498 -0.3494622 -0.9204663 -0.1644208 -0.2714906 -0.9482924 -0.1631324 -0.1812205 -0.969818 -0.1643186 -0.271342 -0.9483528 -0.001066923 -0.004666805 -0.9999886 -0.004543185 -3.4179e-4 -0.9999897 -0.001059591 -3.16626e-6 -0.9999995 -0.004549384 -3.43129e-4 -0.9999896 -0.004560768 -5.82348e-4 -0.9999895 0.4868068 0.07922887 -0.8699092 0.1896288 0.05893892 -0.9800853 0.2243266 0.06636381 -0.9722517 0.00650227 0.09721487 -0.9952422 0.005629241 0.477662 -0.8785256 -0.4748153 -0.09298092 -0.87516 -0.4592648 -0.3084117 -0.8330415 -0.6733094 -0.08874601 -0.7340155 -0.1893334 0.003538727 -0.9819065 -0.3454757 -0.2209258 -0.9120518 -0.3453761 -0.2208291 -0.912113 -0.07065987 -0.0199998 -0.9973 -0.001070797 -0.05024027 -0.9987367 -0.1417915 -0.2636439 -0.9541421 -0.003691077 -0.02064728 -0.99978 -0.001071989 -0.004693686 -0.9999884 5.26139e-4 0.00439608 -0.9999902 -1.76384e-4 -0.001742243 -0.9999985 0.002097487 0.004255652 -0.9999887 0.002940118 0.001610696 -0.9999944 0.00174725 -0.006822645 -0.9999752 4.10153e-4 -0.003400743 -0.9999942 7.24529e-4 0.003751575 -0.9999927 9.88788e-4 -0.001165032 -0.9999989 2.1948e-4 -0.01123619 -0.9999369 -9.24705e-4 -0.02033817 -0.9997928 -8.29424e-5 -0.0026353 -0.9999966 6.82791e-4 -0.006040394 -0.9999815 -2.88204e-4 -0.009087324 -0.9999588 -4.1189e-4 0.001386702 -0.999999 -3.70948e-4 -0.00455743 -0.9999896 -2.48186e-4 -0.003020524 -0.9999955 -2.47682e-4 -0.003066182 -0.9999954 -3.70915e-4 -0.004599809 -0.9999894 -8.35785e-5 -0.00263822 -0.9999966 -2.46788e-4 -0.003058075 -0.9999953 -8.2683e-5 -0.0026353 -0.9999966 -0.07064628 -0.02000224 -0.9973009 6.57901e-4 0.008285105 -0.9999655 -0.001054584 -2.03129e-6 -0.9999995 0 0 -1 0.002428889 0.01678454 -0.9998563 -0.004469871 -5.7078e-4 -0.9999899 -0.001203835 -8.59608e-4 -0.9999989 -0.003781318 -0.03577584 -0.9993528 -0.08272671 0.01257026 -0.9964931 -9.93643e-4 -0.0376299 -0.9992914 9.44447e-4 0.008090257 -0.9999669 -0.2047776 0.08919978 -0.9747356 -0.007130205 -0.00530982 -0.9999605 0.001915812 0.00715959 -0.9999726 -0.006094515 -0.002617716 -0.9999781 -0.005243003 9.00924e-4 -0.9999859 0.005553781 0.003698766 -0.9999778 -0.0124346 -0.01295208 -0.9998388 -0.004039704 0.007357239 -0.9999648 -0.00106883 0.01882529 -0.9998223 0.001284122 0.02502751 -0.999686 -0.001426279 0.00525999 -0.9999852 -0.113052 0.130523 -0.9849787 -0.1321115 0.1557193 -0.978927 -0.2598108 0.2677848 -0.9277876 -0.2410623 0.1787187 -0.9539123 -0.2104822 0.1451579 -0.9667609 -0.3880439 0.05307447 -0.9201115 -0.2125625 0.01941198 -0.9769547 1.32542e-4 -0.004852652 -0.9999883 -0.1152574 -0.001612663 -0.9933344 -0.3301926 0.2331751 -0.9146596 7.89509e-4 0.01978194 -0.999804 -0.001063764 0.01883214 -0.9998221 0 0 -1 -3.33035e-4 -0.06782776 -0.997697 -5.07036e-4 -0.1017394 -0.9948109 -0.1716239 -0.135783 -0.9757604 -5.04239e-4 -0.1018946 -0.9947952 -0.001005649 -0.2024818 -0.9792856 0.003856182 0.008355557 -0.9999577 0.003857672 0.008368074 -0.9999576 -0.04142397 0.0664497 -0.9969295 -3.69948e-4 -0.004257023 -0.9999909 -3.71627e-4 -0.004285454 -0.9999908 -0.1129983 0.1304287 -0.9849973 7.59141e-4 0.001545667 -0.9999985 -0.2104158 0.1451106 -0.9667825 -0.01345348 -0.02671766 -0.9995526 -0.0134505 -0.02670836 -0.9995529 -0.1526165 0.08313393 -0.9847828 0.004377901 -0.01115536 -0.9999282 0.004373848 -0.01115757 -0.9999282 -0.1419064 -0.2637486 -0.9540961 -0.1015981 -0.2140414 -0.9715267 -0.1609856 -0.3063955 -0.9381927 -0.845561 -0.08772575 -0.5266222 -0.6591275 -0.143238 -0.738264 -0.9393621 0.2197344 -0.2632786 -0.6171737 0.094536 -0.7811272 -0.545092 0.07870513 -0.8346738 -0.6633311 -0.0646643 -0.745527 -0.2992219 -0.02946257 -0.9537287 -0.3880145 0.05295419 -0.9201308 -0.3879073 -0.0969823 -0.916582 -0.6633043 -0.06479626 -0.7455394 -0.3879206 -0.09701186 -0.9165732 -0.5861041 -0.2278293 -0.7775448 -0.3760552 -0.1838189 -0.9081813 -0.2932691 -0.3855066 -0.8748589 -0.2001449 -0.04008102 -0.9789461 -0.3388892 -0.2783986 -0.8986927 0.001821279 -0.08852255 -0.9960726 0.1905014 -0.04707443 -0.9805577 -0.4978072 0.102316 -0.8612314 -0.3462557 -0.2737461 -0.8973128 -0.3389665 -0.2784696 -0.8986415 -0.5371415 -0.1258982 -0.8340436 -0.1803436 -0.03774809 -0.9828791 0.4930427 -0.1742493 -0.8523768 0.290559 -0.02928882 -0.9564087 0.03627377 -0.01179814 -0.9992723 0.1077418 0.002869069 -0.9941748 0.001179575 -0.09302818 -0.9956628 0.3137906 -0.270856 -0.9100399 -0.1489256 0.005435585 -0.9888335 0.001076936 -0.0930742 -0.9956586 -0.37799 -0.03145885 -0.9252751 -0.4612085 -0.1818711 -0.8684524 -0.4979272 0.1023974 -0.8611523 -0.3303273 0.2332878 -0.9145822 -0.180314 -0.03767186 -0.9828875 -0.5154736 0.2887483 -0.8067908 -0.2897031 0.2331416 -0.9282873 -0.5156064 0.2887343 -0.806711 0.1038123 0.03682279 -0.9939151 0.2949067 -0.03409153 -0.9549178 0.5177528 0.1066507 -0.8488568 -0.1837165 0.342509 -0.9213772 -0.1454967 0.005396187 -0.9893441 0.001683354 0.02244621 -0.9997467 0 0 -1 0.09524935 0.03012913 -0.9949975 9.64948e-5 0.003498136 -0.999994 9.66228e-5 0.003498136 -0.9999939 0.09527516 0.03013789 -0.9949947 2.4e-4 0.00296241 -0.9999957 9.84149e-5 0.00355798 -0.9999937 2.43427e-4 0.002980172 -0.9999955 3.64029e-4 0.004514396 -0.9999898 3.63984e-4 0.004504144 -0.9999899 2.41882e-4 0.003014326 -0.9999955 4.39546e-4 -0.00167936 -0.9999986 5.37386e-4 0.03265357 -0.9994667 0.1733348 -0.03578478 -0.9842126 0.654849 0.007272005 -0.7557248 0 0.7054752 0.7087346 0 0.7053564 -0.708853 6.51181e-6 0.5040875 -0.8636527 0 0.7053558 -0.7088535 0.2282273 0.2136538 0.9498761 0.06849747 0.09231424 0.9933711 0.0570712 0.4351844 0.8985307 -0.1397738 0.5801076 0.8024578 -0.01879107 0.2806196 0.9596351 -0.03506946 0.5377373 0.8423828 0.01319265 0.5646166 0.825248 -0.03493738 0.5378835 0.842295 0.04330658 0.789579 0.6121188 -0.8479535 0.3527266 0.3956751 -0.7740358 0.4348906 0.460151 -0.8511074 0.4474869 0.2745392 -0.6683498 0.5564599 0.4936203 -0.7739416 0.4349679 0.4602362 -0.3775442 0.6069621 0.6993264 -0.9899901 -0.02766364 -0.1383994 -0.989902 0.02101123 0.1401882 -0.775794 -0.4335252 -0.4584754 -0.3999881 -0.5877611 -0.70324 -0.7180069 -0.5101692 -0.4734907 -0.08020097 -0.8698291 -0.4867907 -0.007942855 -0.3832386 -0.9236153 -0.1179544 -0.7168781 -0.6871482 -0.1564648 -0.4233851 -0.8923363 -0.2641711 -0.5305865 -0.8054139 -0.156586 -0.4232398 -0.8923838 -0.3999059 -0.5876471 -0.703382 -0.4278172 -0.3215338 -0.8447418 -0.7211085 -0.2670074 -0.6393039 -0.9514296 -0.005866527 -0.3078107 -0.8033976 0.03529918 -0.5943956 -0.9056346 0.110438 -0.409426 -0.8034024 0.03530865 -0.5943888 -0.9056751 0.1103516 -0.4093594 -0.9925585 0.02450108 -0.1192787 -0.7179901 -0.6898725 -0.09255379 -0.9749231 -0.1872289 -0.1202922 -0.7984764 -0.5022553 -0.3319267 -0.9000537 -0.3085863 -0.3076975 -0.7984826 -0.5022168 -0.33197 -0.9000529 -0.3085867 -0.3076997 -0.9884716 -0.1057986 -0.1083072 -0.9149352 0.03891867 0.4017199 -0.7671579 -0.246517 0.5921977 -0.6743638 -3.69072e-4 0.7383992 -0.5032914 -0.1943433 0.8419789 -0.2967483 -0.4036498 0.8654521 -0.05423599 -0.4962919 0.86646 0.06331843 -0.10501 -0.9924534 0.07624232 -0.2848547 -0.9555339 -0.143737 -0.5802239 -0.8016731 0.0060485 -0.5644454 -0.8254483 -0.0214374 -0.533892 -0.845281 0.04456359 -0.788919 -0.6128792 -0.2249227 -0.6513805 -0.7246469 0.0444352 -0.7890041 -0.6127791 -0.4139025 -0.7237328 -0.5521734 -0.1821719 0.8661659 -0.4653707 0.03966128 0.8058605 -0.5907757 0.03969913 0.8058502 -0.5907873 -0.004992365 0.5483666 -0.8362233 -0.9986969 0.003121793 -0.05093967 -0.9996734 0.001558959 -0.02550745 -0.9998557 0.001036584 -0.01696115 -0.9998565 -0.001033842 0.01691263 -0.9996734 -0.001560091 0.02550917 -0.9986969 -0.003124356 0.05094045 -0.9071065 0.3175449 0.2762665 -0.8957877 0.2274914 0.3818536 -0.8783182 0.4654681 0.1090715 -0.7732197 0.478607 0.4160128 -0.9670947 -0.2540597 0.01347976 -0.921127 -0.3217771 0.2190542 -0.8899015 -0.1342227 0.4359585 -0.8898805 -0.1341015 0.4360383 -0.9427237 -0.1575316 0.294034 -0.8761485 0.3461184 0.3355084 0.0020141 -0.9868484 0.1616363 0.007520914 -0.8655089 0.500837 0.001897335 -0.8753986 0.4833982 0.003109812 -0.8753641 0.4834544 0.001984417 -0.7962979 0.6049016 0.0022614 -0.8956692 0.4447152 0.003129124 -0.8753251 0.4835249 0.003518223 -0.7797392 0.6260947 -0.01405596 -0.6412289 0.7672209 -0.9220523 -0.2873903 0.2592808 -0.9443241 -0.08887225 0.3167868 -0.9443231 -0.08886551 0.3167915 -0.8559126 0.4571845 0.2416528 -0.810407 0.5262836 0.257422 -0.6110697 0.7674408 0.1939812 -0.6540307 0.755487 0.03851324 -0.4431748 0.8909552 0.09897023 -0.1781207 0.9617922 0.2079156 0.05800461 0.9691126 0.2397003 -0.9377714 0.2704504 0.2178104 -0.9149739 0.03903585 0.4016207 -0.9497702 0.3121444 -0.0224182 -0.8523217 0.4703158 0.228803 -0.9149519 0.03908926 0.4016653 -0.7122688 0.4163025 0.5651243 0.04102319 -0.753794 0.6558293 -0.1031603 -0.895381 0.433187 -0.1031957 -0.8953699 0.4332013 -0.059089 -0.9657816 0.252536 -0.1032527 -0.8954291 0.4330656 -0.1053578 -0.9940949 0.02598422 0.08235162 0.9444461 -0.3181819 0.3175789 0.946378 -0.0592646 -0.6221721 0.6653196 0.4126158 -0.21986 0.9380716 0.2677375 -0.4283457 0.8895055 0.1590594 -0.2726544 0.9583572 -0.08491712 -0.2197606 0.9381285 0.2676192 -0.1814855 0.9775909 -0.1066734 -0.2726715 0.9583371 -0.08508986 -0.1815229 0.9775636 -0.1068587 -0.290729 0.8577104 -0.4240395 -0.2004778 -0.8356285 0.5114036 -0.286495 -0.8563258 0.4296822 -0.1895721 -0.947406 0.2578456 -0.1896657 -0.9474027 0.2577892 -0.2888274 -0.9406498 0.1782041 -0.2044261 -0.9339726 0.293096 -0.1895241 -0.9474435 0.2577432 -0.1779958 -0.9771439 0.1162215 0.03065669 -0.9922066 -0.1207741 -0.9133265 0.4039591 -0.05149412 -0.9133225 0.4039537 -0.05161017 -0.81093 0.5851117 -0.00606656 -0.8452956 0.4813483 -0.2319038 -0.9865081 -0.04124599 -0.1584318 -0.9997293 -0.02327102 -1.10421e-4 -0.9997289 -0.02328604 2.8771e-4 -0.9874038 0.01951199 0.1570132 0.08919161 0.5268831 -0.8452451 0.1266531 0.5186348 -0.8455631 0.1266572 0.5186346 -0.8455627 0.1640331 0.5094232 -0.8447374 -0.07144057 0.989187 0.1280839 -0.1112043 0.9937896 -0.003989398 0.006328642 0.9729961 -0.2307348 -0.1596518 0.8950874 -0.416329 -0.281857 0.9555955 -0.08598756 -0.1994261 -0.2486608 -0.9478381 -0.2312729 -0.2728409 -0.9338473 -0.231265 -0.2728343 -0.9338511 -0.2627126 -0.2970808 -0.9180007 -0.9178367 0.377861 -0.1216423 -0.9178017 0.3778986 -0.1217894 -0.8572922 0.5130115 -0.0432353 -0.8693515 0.4432442 -0.218547 -0.9022163 0.3253272 -0.2831398 -0.9898475 0.02556812 0.139815 -0.9891408 0.004865825 -0.1468914 -0.9941639 0.09892553 -0.04303342 -0.9991774 0.04031169 0.00442028 -0.9993523 0.03303271 -0.01427263 -0.9993214 -0.03381484 0.01460963 -0.999134 -0.0414133 -0.004057526 -0.9939399 -0.1009885 0.0434156 -0.7763595 -0.4309631 -0.4599311 -0.417101 -0.5850887 -0.695484 -0.6780285 -0.5425612 -0.495888 -0.4519898 -0.6982973 -0.5550553 -0.2393788 -0.6313951 -0.7375894 0.06743305 -0.7635174 -0.642257 0.03419369 0.9993793 0.00848484 -0.1493148 0.9887878 -0.001955091 -0.4371954 0.8991977 0.01743167 -0.75617 0.6543725 -0.001938521 -0.4373119 0.8992158 0.01300829 -0.7562478 0.6542673 -0.004873156 -0.9197059 0.3923618 0.0139082 -0.9987093 0.05063927 -0.003924787 -0.9696785 -0.2440127 0.013466 -0.8058297 -0.5921471 -7.99495e-4 -0.5870023 -0.8095049 0.0114156 -0.2714115 -0.9624215 -0.008993506 0.01981759 -0.9997658 0.008710682 0.3999425 -0.9165348 -0.003158211 0.6599073 -0.7512789 0.01013088 0.8804858 -0.4738884 -0.01320767 0.9822896 -0.187368 7.37165e-4 0.9999395 0.01052653 -0.003221035 0.9823196 -0.1871947 0.002536296 0.9739646 0.226484 -0.00989902 0.8638848 0.5036844 0.002277791 0.6539054 0.7565145 -0.009680569 0.7931663 0.6089681 0.006735801 0.8944429 0.4471806 -0.001144289 0.965811 0.2589955 -0.01143056 0.8945283 0.4470101 -0.001085102 0.9985759 0.05318945 0.004143953 -0.09682607 -0.9937707 0.05517661 -0.4726902 -0.8674798 0.1550579 -0.2928678 -0.9521226 0.08769845 -0.4728316 -0.8674006 0.1550695 -0.472832 -0.8674036 0.1550523 -0.639847 -0.7555504 0.1404975 0.03552162 0.5682529 -0.822087 -0.09346437 0.4935737 -0.8646672 -0.04767441 0.455114 -0.8891561 -0.08924347 0.3939539 -0.9147874 0.0432471 0.37356 -0.9265974 -0.6160243 0.6408317 -0.4580926 -0.7034042 0.5006446 -0.5045568 -0.3177309 0.8095192 -0.4936858 -0.1282866 0.9714512 -0.199563 -0.3232715 0.9081813 -0.2658992 0.01159805 0.7614682 -0.6480987 0.9964143 0.02272129 0.081501 0.995127 0.0581845 0.07960426 0.9923992 0.1124641 0.04995948 0.9937293 0.1118125 -1.95576e-4 0.9923852 0.1125023 -0.05014795 0.997249 0.04367393 -0.05989211 0.9931418 -0.003298401 -0.1168692 0.992849 -0.06146472 -0.1023374 0.9915761 -0.104708 -0.07624292 0.9972411 -0.07156926 -0.01970076 0.9989885 -0.04458683 0.005840301 0.9989919 -0.04450839 0.005855798 0.9992108 -0.005771398 0.03929895 0.9959974 0.002208054 0.0893563 0.9982045 0.005928456 -0.05960565 0.00189048 -0.08861517 -0.9960642 0.1246796 -0.4738478 -0.8717358 0.4108488 -0.185404 -0.8926527 0.4931793 -0.1743907 -0.8522688 0.1780241 -0.5570682 -0.8111612 0.4364072 -0.4813418 -0.7601704 0.6952908 -0.1914014 -0.6927744 -0.993789 -0.1016578 0.04526734 -0.9991191 -0.04184466 -0.003188192 -0.9993062 -0.03402853 0.01514548 -0.9993084 -0.03396582 0.01513683 -0.9991202 -0.04181414 -0.003210723 -0.9993075 0.0339877 -0.01514977 -0.9991192 0.04184043 0.003185272 -0.9937858 0.1016867 -0.04527318 -0.1258094 0.7669045 -0.6293087 -0.004148304 0.6908766 -0.7229608 0.1592698 0.5146456 -0.8424803 0.1593325 0.5146325 -0.8424765 0.1593325 0.5146301 -0.8424779 0.2212117 0.4962891 -0.8395015 -0.01589989 0.8870551 0.4613899 0.007238686 0.9249112 0.3801144 -0.003860235 0.854571 0.5193204 0.006047666 0.9175885 0.3974858 5.94787e-4 0.9836344 0.1801751 0.001272261 0.9999993 1.98494e-5 0.008116602 0.9877682 -0.1557186 0.00257951 0.9999936 -0.00248605 -0.9986969 0.003121256 -0.05093908 -0.9996734 0.001559078 -0.02550661 -0.9998557 0.001036942 -0.01696115 -0.9998557 -0.001037001 0.01696139 -0.9996734 -0.001559376 0.02550673 -0.9986969 -0.003124237 0.05093896 -0.7485612 0.2563697 0.6114988 -0.9611973 0.007336556 0.2757647 -0.8311629 -0.02906054 0.555269 -0.9236817 -0.09737008 0.3705823 -0.8311665 -0.02908372 0.5552625 -0.9236707 -0.0973972 0.3706029 -0.9949037 -0.02621501 0.09736299 -0.718801 0.6891153 0.09189826 -0.9786707 0.1761478 0.105715 -0.8062757 0.4951919 0.3235812 -0.9076051 0.2972907 0.296431 -0.8062894 0.4951543 0.3236043 -0.9076083 0.2972903 0.2964214 -0.9900857 0.1007984 0.09782576 -0.01336455 -0.5785614 -0.8155294 -0.009299278 -0.4017935 -0.9156832 4.43564e-4 -0.1683133 -0.9857335 -5.35601e-4 0.2043705 -0.9788935 -0.004949092 0.3868737 -0.9221194 0.002459645 0.7962574 -0.6049531 -0.004936039 0.3870591 -0.9220417 0.002388417 0.6887364 -0.7250079 -0.0126627 0.5291252 -0.8484494 -0.02052247 0.7862399 0.6175805 0.02397805 0.8559249 0.5165441 -0.01178747 0.9998506 -0.01264482 -0.01164215 0.9998513 -0.01272976 0.04540729 0.9832193 0.1766864 0.00225377 0.9867773 -0.1620672 0.007734715 0.8656246 -0.500634 0.002117693 0.8717328 -0.4899771 0.001220166 0.8716892 -0.4900577 0.002460062 0.7963469 -0.6048354 0.001027405 0.9425511 -0.3340606 0.001226961 0.871655 -0.4901187 5.90257e-4 0.7721853 -0.6353971 -0.01999956 0.6164191 -0.7871642 -2.87422e-5 0 1 0.04138284 -0.2121077 0.9763697 0.04138195 -0.2120666 0.9763787 0.9504486 -0.3108583 -0.003817617 0.9942722 -0.03208887 0.1019474 0.9963525 0.08528798 0.002768933 0.9779663 0.1302965 0.1631098 0.7395027 0.03654396 0.6721609 0.5958244 0.3826692 0.7060861 0.7086642 0.4998614 0.4979294 0.8948084 0.3096462 0.3216164 0.7154268 0.3257504 0.618103 0.6325925 0.6913434 0.3491005 -0.7547472 -0.3995184 0.5203286 -0.9669479 -0.2191435 0.1303374 -0.8167856 -0.5183065 0.2534161 -0.9103838 -0.3992931 0.1084736 -0.8167954 -0.5183101 0.2533771 -0.910377 -0.3993179 0.1084383 -0.9820005 -0.1854459 0.03584402 -0.7195759 0.4219536 -0.5515124 -0.9653442 0.2224276 -0.1365155 -0.8033538 0.5321579 -0.2672654 -0.9065549 0.4073408 -0.1105974 -0.8033418 0.5321862 -0.2672448 -0.9065379 0.4073847 -0.1105746 -0.9838774 0.174794 -0.03784734</float_array>
          <technique_common>
            <accessor source="#polygons-mesh-normals-array" count="5025" stride="3">
              <param name="X" type="float"/>
              <param name="Y" type="float"/>
              <param name="Z" type="float"/>
            </accessor>
          </technique_common>
        </source>
        <vertices id="polygons-mesh-vertices">
          <input semantic="POSITION" source="#polygons-mesh-positions"/>
        </vertices>
        <triangles material="Surface_1-material" count="3015">
          <input semantic="VERTEX" source="#polygons-mesh-vertices" offset="0"/>
          <input semantic="NORMAL" source="#polygons-mesh-normals" offset="1"/>
          <p>0 0 1 1 2 2 2 3 1 4 3 5 2 6 3 7 4 8 4 9 3 10 5 11 6 12 7 13 8 13 9 14 10 15 11 15 7 16 6 16 9 17 10 18 9 19 6 20 12 21 13 22 14 23 15 24 8 25 16 25 17 26 18 27 19 28 20 29 21 30 22 31 23 32 24 33 25 34 26 35 27 36 28 37 29 38 30 39 31 40 32 41 33 42 34 43 35 44 36 45 37 46 36 47 35 48 38 48 39 49 40 50 41 51 16 52 36 53 15 52 38 54 15 55 36 56 42 57 36 58 16 59 43 60 44 61 8 62 8 62 44 61 45 63 8 62 45 63 16 59 16 59 45 63 46 64 16 59 46 64 42 57 8 62 7 65 43 60 43 60 7 65 9 66 43 67 9 68 47 69 36 70 42 71 37 72 37 73 42 74 48 75 37 73 48 75 9 76 9 77 48 78 49 79 9 68 49 80 47 69 50 81 51 82 52 83 51 84 53 85 54 86 50 87 55 88 51 89 51 90 55 91 53 92 56 93 57 94 58 95 59 96 60 97 61 98 62 99 59 100 63 101 63 102 64 103 62 104 59 105 62 106 60 107 60 108 62 109 65 110 62 111 64 112 65 113 66 114 54 114 53 114 67 115 68 116 61 117 69 118 70 119 71 119 72 120 73 121 74 122 51 123 54 124 75 125 65 126 64 127 76 128 77 129 60 130 78 131 60 132 65 133 79 134 25 34 56 135 23 32 60 136 79 136 78 136 57 137 56 138 25 139 76 140 79 140 65 140 64 127 80 141 76 128 81 142 82 143 83 144 84 145 71 145 85 146 18 147 17 148 86 149 56 150 58 151 23 152 84 153 87 154 88 155 89 156 90 157 91 158 89 156 91 158 92 159 92 159 91 158 93 160 92 159 93 160 94 161 94 161 93 160 95 162 94 161 95 162 96 163 97 164 85 164 73 165 98 166 99 167 100 168 101 169 102 170 103 171 87 172 84 173 85 174 104 175 105 176 106 177 107 178 108 179 109 180 110 181 111 182 112 183 112 184 113 185 110 186 110 187 113 188 108 189 114 190 115 191 101 192 116 193 117 194 118 195 119 196 104 197 120 198 121 199 122 199 123 199 34 200 124 201 32 202 125 203 126 204 127 205 128 206 83 207 82 208 129 209 130 210 131 211 81 212 83 213 132 214 133 215 134 216 135 217 136 218 137 219 138 220 136 218 138 220 139 221 139 221 138 220 140 222 139 221 140 222 141 223 141 223 140 222 142 224 141 223 142 224 143 225 144 226 109 227 108 228 108 229 113 230 144 231 27 232 26 233 145 234 146 235 107 236 147 237 107 238 109 238 147 238 148 239 149 240 150 241 151 242 152 243 153 244 113 230 154 245 144 231 152 246 155 247 156 248 152 249 151 250 155 251 157 252 158 253 159 254 157 255 159 256 160 257 161 258 162 258 163 258 164 259 160 259 159 259 165 260 166 260 134 260 167 261 168 262 169 263 157 264 160 265 170 266 130 210 129 209 171 267 171 267 172 268 130 210 130 210 172 268 173 269 130 210 173 269 174 270 174 270 173 269 175 271 174 272 175 273 176 274 177 275 172 268 178 276 178 276 172 268 171 267 175 271 173 269 179 277 179 278 173 269 172 268 179 278 172 268 180 279 174 272 176 274 133 280 174 270 133 281 130 210 122 282 121 282 181 283 122 284 181 285 182 284 183 286 184 287 185 288 186 289 187 290 188 291 183 292 189 293 184 294 168 295 167 296 190 297 176 298 165 299 133 300 191 301 184 302 189 303 182 304 192 305 193 304 155 306 194 307 193 307 155 308 193 308 192 309 195 310 196 311 197 312 165 313 134 314 133 315 198 316 197 317 199 318 183 319 200 320 189 321 200 322 201 323 202 324 203 325 155 326 192 327 202 328 204 329 200 330 205 331 206 332 207 333 208 334 209 335 210 336 211 337 212 338 213 339 214 340 215 341 216 342 217 343 213 344 212 345 218 346 219 347 220 348 221 349 222 350 223 351 224 352 225 353 226 353 227 354 221 349 228 355 229 356 210 357 209 358 228 355 221 349 223 351 227 359 230 360 231 360 221 361 227 362 219 363 219 364 231 365 232 365 231 366 219 367 227 368 233 369 234 370 235 369 236 371 208 372 237 373 238 374 213 375 217 376 239 377 240 378 217 376 217 376 240 378 241 379 217 376 241 379 238 374 239 377 242 380 240 378 242 380 239 377 243 381 243 381 239 377 244 382 243 381 244 382 245 383 246 384 244 382 239 377 208 385 210 385 247 385 248 386 249 386 250 386 234 387 228 388 251 388 228 355 223 351 252 389 253 390 249 390 254 391 255 392 256 393 257 394 256 395 255 396 258 396 259 389 260 389 237 389 158 397 261 398 262 399 263 400 264 401 265 402 259 403 266 404 267 405 268 406 269 407 270 408 265 409 271 410 263 411 272 412 246 413 212 414 273 415 245 416 246 417 226 418 256 419 224 418 245 420 273 421 274 421 243 422 245 423 275 424 244 425 246 426 245 427 276 428 277 429 278 430 246 431 272 432 273 432 248 433 254 434 249 435 279 436 280 436 281 437 282 438 283 439 284 440 285 441 286 442 287 443 288 444 285 445 287 446 245 447 274 448 289 449 282 450 290 450 291 450 292 451 293 452 294 453 292 454 294 455 295 456 295 456 294 455 271 457 295 458 271 459 265 460 197 461 198 462 195 463 296 464 297 464 298 464 299 465 300 466 301 467 302 468 303 469 304 470 199 471 305 472 198 473 239 474 212 475 246 476 295 477 306 477 292 477 267 478 307 479 259 480 212 481 239 482 217 482 212 483 211 484 272 485 308 486 72 487 74 488 309 489 310 490 311 491 312 492 313 493 314 494 312 495 315 496 313 497 316 498 317 499 318 500 319 501 317 502 316 501 298 503 300 503 320 504 321 505 322 506 323 507 279 508 281 509 324 510 288 511 325 512 285 513 282 514 284 515 326 516 288 517 327 518 328 519 325 520 288 521 329 522 330 523 331 524 332 525 333 526 334 527 281 528 335 529 336 530 337 531 338 532 339 533 340 534 338 535 340 536 341 537 341 537 340 536 342 538 341 537 342 538 343 539 343 539 342 538 344 540 343 541 344 542 259 543 335 544 337 544 345 544 320 545 281 546 324 547 298 548 320 549 346 550 346 551 320 552 324 553 347 554 322 555 321 556 348 557 349 558 40 559 329 560 350 560 325 561 351 562 352 563 353 564 354 565 355 566 356 567 355 568 354 568 357 568 358 569 357 570 354 571 359 572 360 573 361 574 362 575 363 576 364 577 365 578 366 579 360 580 367 581 364 582 363 583 360 584 368 585 365 586 369 587 370 588 371 589 367 590 372 591 364 592 364 593 372 594 373 595 374 596 375 597 376 598 353 599 377 600 378 601 378 601 377 600 376 602 378 603 376 604 379 605 353 606 374 607 377 608 377 608 374 607 376 609 380 610 381 610 373 610 364 611 373 612 381 613 375 614 379 615 376 616 364 617 381 617 382 617 383 618 314 618 313 618 251 619 235 620 234 619 384 621 385 622 386 621 235 623 387 624 233 624 73 625 388 626 97 627 40 628 39 629 348 630 389 631 390 632 391 633 391 634 392 635 389 636 389 636 392 635 186 637 389 638 186 639 188 640 392 635 391 634 393 641 394 642 353 642 378 642 310 643 309 644 353 645 309 646 385 647 353 648 312 649 314 649 395 649 396 650 312 651 395 652 393 653 391 654 397 655 398 656 364 657 382 658 362 659 399 660 363 661 175 662 179 663 165 664 400 665 401 666 402 667 403 668 404 669 405 669 406 670 407 671 402 672 176 673 175 674 165 675 408 676 409 389 410 677 408 676 410 677 411 678 411 678 410 677 412 679 411 678 412 679 413 680 413 680 412 679 414 681 413 680 414 681 415 682 415 682 414 681 416 683 415 684 416 685 344 686 415 687 344 688 339 689 339 690 344 691 342 389 339 690 342 389 340 389 417 692 418 693 419 694 420 695 421 696 422 697 423 698 424 699 425 700 426 701 427 702 428 701 429 703 430 704 431 705 432 706 433 707 434 708 435 709 436 709 437 709 438 710 439 711 440 712 439 713 435 714 441 715 442 716 436 716 443 716 435 717 444 718 443 719 435 720 443 721 436 722 402 723 424 724 406 725 423 726 406 727 424 728 418 729 417 730 445 731 446 732 447 733 448 734 449 735 445 736 417 737 446 738 450 739 451 740 450 741 446 742 448 743 452 744 451 744 450 745 453 746 3 747 1 748 330 749 454 750 296 751 455 752 330 749 300 753 300 753 330 749 296 751 300 753 296 751 298 754 456 755 457 756 458 757 457 758 459 759 458 760 456 761 458 762 460 763 461 764 462 765 463 766 464 767 320 768 300 769 296 770 455 771 299 772 300 773 299 773 455 774 320 775 465 776 281 777 466 778 467 779 468 780 320 781 464 782 469 783 467 784 470 785 284 786 291 787 471 788 472 789 318 790 473 791 316 791 473 792 318 793 474 794 461 795 475 796 462 797 476 798 461 799 477 800 478 801 319 801 404 801 319 802 478 803 317 804 461 805 476 805 479 805 330 806 480 807 454 808 481 809 456 810 482 811 483 812 456 813 484 814 485 815 286 816 285 817 330 818 486 819 301 820 480 821 330 822 301 823 487 824 460 825 458 825 404 826 403 827 478 828 488 829 478 828 403 827 486 830 480 831 489 831 466 832 433 833 432 834 427 835 490 836 491 837 418 838 492 839 419 840 488 841 403 841 493 841 493 842 403 843 494 842 495 844 496 845 497 846 496 847 495 848 498 849 499 850 491 851 490 852 500 853 469 853 501 853 456 854 460 854 482 854 502 855 503 855 504 855 502 855 504 855 505 855 505 856 504 856 506 856 505 855 506 855 507 855 507 855 506 855 508 855 507 855 508 855 509 855 509 857 508 857 510 857 509 855 510 855 511 855 511 858 510 858 512 858 511 859 512 859 513 859 513 860 512 860 514 860 513 861 514 861 515 861 515 862 514 862 516 862 515 863 516 863 517 863 517 864 516 864 518 864 517 865 518 865 519 865 519 866 518 866 520 866 519 867 520 867 521 867 521 868 520 868 522 868 521 869 522 869 523 869 523 870 522 870 524 870 523 855 524 855 525 855 525 871 524 871 526 871 525 855 526 855 527 855 527 872 526 872 528 872 527 873 528 873 529 873 529 874 528 874 530 874 529 855 530 855 531 855 427 875 491 875 532 875 533 876 534 877 535 878 438 879 473 880 474 881 486 882 489 883 297 884 479 885 536 886 461 887 476 888 537 889 479 890 301 891 489 892 480 893 489 894 301 895 297 896 297 897 538 897 486 898 301 899 486 900 538 901 301 902 538 903 299 904 539 905 540 906 541 907 542 908 543 909 544 909 545 910 546 911 547 912 548 913 541 913 540 913 549 914 547 915 546 916 550 917 544 918 551 918 544 919 550 920 542 921 552 922 553 922 554 923 555 924 556 925 557 926 558 927 542 928 550 929 539 930 541 930 559 930 557 931 560 932 555 933 561 934 562 935 563 936 215 937 564 938 565 939 566 940 440 941 552 942 565 943 566 944 567 945 440 946 566 947 565 948 568 949 569 950 570 951 565 952 571 952 572 952 565 953 567 954 571 955 573 956 571 956 567 956 574 957 575 958 576 959 577 960 578 961 576 962 576 959 578 963 579 964 576 959 579 964 574 957 580 965 581 966 582 967 582 967 581 966 583 968 582 969 583 970 584 971 584 972 583 973 578 974 584 975 578 976 585 977 585 978 578 979 577 980 580 965 582 967 586 981 587 982 588 982 589 982 590 983 591 983 592 983 592 984 593 985 594 986 595 987 596 988 597 989 598 990 599 991 600 992 561 993 601 994 562 995 592 996 591 997 593 998 602 999 603 999 604 999 605 1000 606 1001 607 1002 605 1000 607 1002 608 1003 608 1003 607 1002 609 1004 608 1003 609 1004 610 1005 610 1005 609 1004 611 1006 610 1005 611 1006 612 1007 612 1007 611 1006 613 1008 612 1007 613 1008 614 1009 614 1009 613 1008 615 1010 614 1011 615 1012 616 1013 616 1013 615 1012 617 1014 616 1013 617 1014 618 1015 618 1015 617 1014 599 1016 618 1015 599 1016 598 1017 619 1018 620 1019 621 1020 620 1021 619 1022 622 1022 606 1023 605 1024 623 1025 594 1026 622 1027 624 1028 545 1029 547 1030 625 1031 589 1032 626 1032 587 1032 627 1033 628 1034 629 1035 561 1036 630 1037 601 1038 119 1039 105 1040 104 1041 106 1042 105 1043 119 1044 631 1045 632 1046 633 1047 634 1048 106 1049 119 1050 149 1051 148 1052 635 1053 636 1054 594 1055 637 1056 638 1057 639 1058 447 1059 640 1060 485 1061 641 1062 642 1063 641 1064 485 1065 485 1066 643 1067 642 1068 644 1069 639 1069 638 1070 645 1071 646 1072 647 1073 648 1074 649 1075 650 1076 651 1077 652 1077 650 1077 650 1078 652 1079 653 1080 650 1076 653 1081 648 1074 654 1082 630 1083 655 1084 103 1085 656 1086 101 1087 587 1088 657 1089 588 1090 658 1091 659 1092 660 1093 150 1094 661 1095 148 1096 662 1097 663 1098 646 1099 664 1100 665 1101 666 1102 663 1103 662 1104 667 1105 588 1106 668 1107 669 1107 670 1108 668 1109 671 1110 672 1111 671 1112 668 1113 673 1114 674 1115 675 1116 674 1117 673 1118 676 1119 668 1120 670 1121 669 1121 671 1122 677 1123 670 1123 657 1124 668 1125 588 1126 582 1127 678 1128 679 1129 680 1130 438 1131 681 1132 682 1133 683 1134 684 1135 685 1136 683 1136 686 1136 582 1137 687 1138 678 1139 688 1140 689 1141 690 1142 691 1143 692 1143 690 1143 690 1144 692 1145 693 1146 690 1142 693 1147 688 1140 440 1148 439 1149 441 1150 694 389 695 1151 441 1150 441 1150 695 1151 696 1152 441 1150 696 1152 440 1148 440 1148 696 1152 697 389 440 1148 697 389 552 389 698 1153 699 1154 700 1155 701 1156 666 1157 700 1155 700 1155 666 1157 665 1158 700 1155 665 1158 698 1153 666 1157 701 1156 702 1159 703 1160 441 1161 435 1162 685 1163 684 1164 683 1165 704 1166 705 1167 706 1168 663 1169 580 1170 586 1171 646 1172 663 1173 707 1174 707 1175 663 1169 586 1171 580 1176 663 1177 705 1178 704 1179 583 1180 581 1181 685 1182 708 1183 684 1184 703 1185 694 1186 441 1187 709 1188 710 1188 711 1188 440 712 712 1189 438 710 589 1190 689 1190 713 1190 714 1191 715 1192 716 1193 717 1194 718 1194 716 1194 716 1195 718 1196 719 1197 716 1193 719 1198 714 1191 453 1199 720 1200 721 1201 237 1202 416 1203 414 1204 237 1205 414 1206 722 1207 722 1207 414 1206 412 1208 722 1207 412 1208 410 1209 409 1210 695 1211 410 1212 410 1209 695 1213 694 1214 410 1209 694 1214 722 1207 1 748 720 1215 453 746 649 1216 714 1217 719 1218 723 1219 724 1220 719 1221 719 1222 724 1223 650 1224 719 1218 650 1225 649 1216 689 1226 648 1227 653 1228 725 1229 726 1229 653 1229 653 1230 726 1231 690 1232 653 1228 690 1233 689 1226 727 1234 728 1235 729 1236 1 1237 0 1238 730 1239 731 1240 732 1241 733 1242 733 1242 732 1241 734 1243 734 1243 732 1241 735 1244 734 1243 735 1244 736 855 736 855 735 855 737 855 736 855 737 855 738 855 737 855 739 855 738 855 738 855 739 855 740 855 738 855 740 855 741 855 741 855 740 855 742 855 741 855 742 855 743 855 743 855 742 855 744 855 743 1245 744 1245 745 1245 745 855 744 855 746 855 745 1246 746 1246 747 1246 747 855 746 855 748 855 747 1247 748 1247 749 1247 747 1248 749 1248 750 1248 750 855 749 855 751 855 750 1249 751 1249 752 1249 752 855 751 855 753 855 752 1250 753 1250 754 1250 754 855 753 855 755 855 754 855 755 855 756 855 756 1251 755 1251 757 1251 756 855 757 855 758 855 758 855 757 855 759 855 758 1252 759 1252 760 1252 760 1253 759 1253 761 1253 760 1254 761 1254 762 1254 762 855 761 855 763 855 762 1255 763 1255 764 1255 764 855 763 855 765 855 764 1256 765 1256 766 1256 766 855 765 855 767 855 765 1257 768 1257 767 1257 767 1258 768 1258 769 1258 767 1259 769 1259 770 1259 770 855 769 855 771 855 770 1260 771 1260 772 1260 772 855 771 855 773 855 772 855 773 855 774 855 774 1261 773 1261 775 1261 774 855 775 855 776 855 776 855 775 855 777 855 776 1262 777 1262 778 1262 778 855 777 855 779 855 778 855 779 855 780 855 780 855 779 855 781 855 780 855 781 855 782 855 782 855 781 855 783 855 782 1263 783 1263 784 1263 784 855 783 855 785 855 784 855 785 855 786 855 786 855 785 855 787 855 786 1264 787 1264 788 1265 788 1266 787 855 789 855 788 1266 789 855 327 1267 327 1267 288 1268 788 1266 67 1269 77 1270 66 1271 55 1272 67 1273 53 1274 53 1275 67 1269 66 1271 790 1276 69 1277 71 1278 114 1279 790 1280 791 1281 791 1281 790 1280 71 1282 791 1283 71 1284 84 1285 656 1286 792 1287 114 1288 114 1288 792 1287 793 1289 114 1288 793 1289 790 1276 790 1276 793 1289 794 1290 790 1276 794 1290 69 1277 69 1277 794 1290 795 1291 69 1292 795 1293 308 1294 656 1295 114 1296 101 1297 793 1298 792 1299 796 1300 111 1301 107 1302 797 1303 108 1304 107 1305 110 1306 110 1307 107 1308 111 1309 798 1310 799 1311 800 1312 801 1313 798 1310 802 1314 802 1314 798 1310 800 1312 801 1313 803 1315 798 1310 798 1310 803 1315 804 1316 798 1310 804 1316 799 1311 126 1317 81 1318 805 1319 82 1320 81 1321 125 1322 125 1323 81 1324 126 1325 159 1326 806 1327 164 1328 164 1328 806 1327 807 1329 807 1330 806 1331 183 1332 807 1333 183 1334 185 1335 156 1336 155 1337 808 1338 181 1339 808 1338 203 1340 203 1340 808 1338 155 1337 809 1341 810 1342 811 1343 812 1344 660 1345 813 1346 813 1346 660 1345 103 1347 813 1346 103 1347 811 1343 811 1343 103 1347 102 1348 811 1343 102 1348 809 1341 809 1341 102 1348 814 1349 809 1341 814 1349 815 1350 103 1347 660 1345 659 1351 816 1352 88 1353 87 1354 375 1355 817 1356 818 1357 818 1357 817 1356 819 1358 818 1357 819 1358 820 1359 820 1359 819 1358 821 1360 120 1361 106 1362 821 1363 821 1360 106 1364 816 1352 821 1360 816 1352 820 1359 820 1359 816 1352 87 1354 120 1365 104 1366 106 1367 106 1368 634 1369 816 1352 816 1352 634 1369 822 1370 823 1371 824 1372 634 1373 634 1369 824 1374 822 1370 664 1375 811 1376 824 1377 824 1374 811 1378 810 1342 824 1374 810 1342 822 1370 822 1370 810 1342 809 1341 822 1370 809 1341 816 1352 816 1352 809 1341 815 1350 816 1352 815 1350 88 1353 206 1379 276 1380 248 1381 277 1382 276 1383 205 1384 205 1384 276 1383 206 1385 825 1386 826 1387 554 1388 399 1389 827 1390 828 1391 828 1391 827 1390 214 1392 828 1391 214 1392 825 1386 825 1386 214 1392 829 1393 825 1386 829 1393 826 1387 370 1394 214 1392 371 1395 371 1395 214 1392 827 1390 830 1396 831 1397 832 1398 832 1399 833 1400 830 1401 830 1401 833 1400 834 1402 830 1403 834 1404 835 1405 835 1406 834 1407 836 1408 835 1406 836 1408 337 1409 337 1410 336 1411 837 1412 337 1413 837 1414 835 1415 835 1416 837 1417 838 1418 835 1419 838 1420 830 1421 307 1422 248 1423 276 1424 254 1425 248 1426 267 1427 267 1428 248 1429 307 1430 310 1431 839 1431 345 1431 840 1432 841 1432 345 1432 345 1431 841 1431 311 1431 345 1433 311 1433 310 1433 836 1434 834 1435 842 1436 840 1437 836 1438 841 1439 841 1440 836 1441 842 1442 355 1443 361 1444 356 1445 361 1444 355 1443 359 1446 359 1446 355 1443 397 1447 359 1446 397 1447 843 1448 843 1448 397 1447 391 1449 843 1448 391 1449 390 1450 366 1451 361 1452 360 1453 365 1454 354 1455 366 1456 366 1456 354 1455 356 1457 366 1458 356 1459 361 1460 407 1461 418 1462 844 1463 402 1464 407 1461 400 1465 400 1465 407 1461 844 1463 400 1466 844 1467 845 1468 845 1468 844 1467 418 1469 846 1470 685 1471 686 1472 685 1473 846 1474 847 1475 847 1476 846 1477 442 1478 847 1476 442 1478 443 1479 693 1480 848 1480 849 1480 849 1481 716 1482 693 1483 693 1484 716 1485 715 1486 693 1484 715 1486 688 1487 850 1488 333 1489 851 1490 334 1491 333 1492 332 1493 332 1494 333 1495 850 1496 332 1497 850 1498 330 1499 852 1500 427 1501 532 1502 427 1503 852 1504 459 1505 459 1506 852 1507 487 1508 459 1506 487 1508 458 1509 853 1510 854 1511 855 1512 856 1513 857 1514 855 1512 855 1512 857 1514 858 1515 855 1512 858 1515 853 1510 634 1516 119 1517 823 1518 645 1519 647 1520 119 1521 119 1522 647 1523 859 1524 119 1517 859 1525 823 1518 646 1526 707 1527 647 1528 647 1529 707 1175 586 1171 647 1529 586 1171 859 1530 859 1530 586 1171 582 1531 582 1531 679 1532 859 1530 859 1530 679 1532 860 1533 859 1534 860 1535 823 1536 861 1537 862 1538 863 1539 638 1540 861 1541 644 1542 644 1543 861 1544 863 1545 729 1546 864 1547 727 1548 556 1549 864 1547 865 1550 865 1550 864 1547 729 1546 351 1551 817 1552 352 1553 353 1554 385 1555 351 1556 351 1556 385 1555 866 1557 351 1556 866 1557 817 1558 817 1559 866 1560 819 1561 208 1562 207 1563 209 1564 205 1565 207 1566 236 1567 236 1568 207 1569 208 1570 867 1571 225 1572 868 1573 867 1571 869 389 225 1572 225 1572 869 389 870 1574 225 1572 870 1574 226 1575 226 1575 870 1574 871 1576 226 1575 871 1576 256 1577 872 1578 873 1579 550 1580 550 1581 873 1582 868 1583 550 1584 868 1573 558 1585 558 1585 868 1573 225 1572 558 1585 225 1572 542 1586 872 1587 550 1588 874 1589 874 1590 550 1591 257 1592 874 1590 257 1592 871 1593 871 1594 257 1595 256 1596 875 1597 876 1598 877 1599 875 1597 878 1600 876 1598 876 1598 878 1600 879 1601 876 1598 879 1601 880 1602 880 1603 879 1604 881 389 880 1605 881 389 882 389 882 389 881 389 883 389 882 389 883 389 884 389 884 389 883 389 885 389 884 389 885 389 886 389 886 389 885 389 887 389 886 389 887 389 888 389 888 389 887 389 889 389 72 1606 308 1607 73 1608 890 1609 891 1610 308 1611 308 1611 891 1610 388 1612 308 1613 388 1614 73 1615 394 1616 310 1617 353 1618 378 1619 379 1620 394 1621 394 1622 379 1623 839 1624 394 1622 839 1624 310 1625 890 1626 892 1627 891 1628 891 1628 892 1627 379 1623 891 1628 379 1623 893 1629 890 1626 894 1630 892 1627 892 1627 894 1630 839 1624 892 1627 839 1624 379 1623 328 1631 329 1632 288 1633 328 1634 895 1635 329 1636 329 1636 895 1635 896 1637 329 1638 896 1639 897 1640 897 1640 896 1639 898 1641 897 1640 898 1641 899 1642 899 1642 898 1641 900 1643 899 1642 900 1643 901 1644 899 1642 350 1645 897 1640 897 1646 350 1647 329 1648 370 1649 369 1650 372 1651 396 1652 380 1653 369 1654 369 1654 380 1653 373 1655 369 1650 373 1656 372 1651 539 1657 216 1658 540 1659 214 1660 216 1661 829 1662 829 1663 216 1664 539 1665 829 1663 539 1665 826 1666 826 1666 539 1665 554 1667 576 1668 902 1669 903 1670 576 1668 701 1671 902 1669 902 1672 701 1673 700 1674 902 1672 700 1674 904 1675 904 1675 700 1674 699 1676 904 1675 699 1676 905 1677 905 1677 699 1676 906 1678 587 1679 907 1680 908 1681 908 1681 909 1682 587 1679 587 1679 909 1682 910 1683 587 1679 910 1683 657 1684 657 1685 910 1686 911 1687 657 1688 911 1689 668 1690 668 1690 911 1689 672 1691 912 389 672 1691 913 389 913 389 672 1691 911 1689 587 1679 626 1692 907 1680 907 1693 626 1694 914 1695 907 1693 914 1695 915 1696 915 1696 914 1695 672 1697 671 1698 672 1697 914 1695 824 1699 678 1700 916 1701 916 1701 698 1702 824 1699 824 1699 698 1702 665 1101 824 1699 665 1101 664 1100 917 389 585 1703 916 1701 916 1701 585 1703 918 389 916 1701 918 389 698 1702 576 1668 903 1670 577 1704 577 1704 903 1670 919 1705 577 1706 919 1707 585 1703 585 1703 919 1707 920 1708 585 1703 920 1708 918 389 679 1532 678 1709 860 1533 860 1710 678 1700 824 1699 860 1711 824 1712 823 1713 862 1714 350 1715 863 1716 350 1715 862 1714 921 1717 921 1717 862 1714 451 1718 921 1717 451 1718 922 1719 922 1719 451 1718 923 1720 922 1719 923 1720 924 1721 924 1721 923 1720 925 1722 924 1721 925 1722 643 1067 720 1723 794 1290 721 1724 721 1724 794 1290 923 1725 721 1726 923 1720 452 1727 452 1727 923 1720 451 1718 285 1728 325 1729 921 1730 921 1730 325 1729 350 1731 485 1732 285 1733 922 1719 922 1719 285 1733 921 1717 924 1721 643 1067 922 1719 922 1719 643 1067 485 1066 926 1734 923 1735 304 1736 927 1737 794 1290 928 1738 928 1738 794 1290 720 1723 928 1738 720 1723 929 1739 929 1739 720 1723 863 1716 929 1739 863 1716 930 1740 930 1740 863 1716 350 1715 930 1740 350 1715 899 1741 899 1741 931 1742 930 1740 930 1740 931 1742 932 1743 930 1740 932 1743 929 1744 929 1744 932 1743 933 1745 929 1744 933 1745 832 1746 934 1747 935 1748 931 1742 931 1742 935 1748 932 1743 936 1749 795 1750 937 1751 937 1752 795 1291 794 1290 936 1753 937 1752 938 1754 938 1754 937 1752 794 1290 938 1754 794 1290 939 1755 939 1755 794 1290 927 1737 940 1756 936 1753 938 1754 642 1757 643 1067 421 1758 421 1758 643 1067 925 1722 421 1758 925 1722 422 1759 422 1759 925 1722 923 1720 422 1759 923 1720 420 1760 420 1760 923 1720 926 1761 420 1760 926 1761 941 1762 941 1763 926 1764 942 1765 941 1766 942 1767 943 1768 642 1757 421 1758 943 1769 943 1770 421 1771 420 1772 941 1762 943 1773 420 1760 680 1774 205 1775 944 1776 944 1776 205 1775 945 389 945 389 205 1777 722 389 945 389 722 389 694 389 237 389 722 389 236 389 236 389 722 389 205 1777 946 1778 947 1779 948 1780 948 1780 947 1779 949 1781 950 1782 949 1783 951 1784 951 1784 949 1783 947 1785 951 1786 952 1787 950 1788 950 1788 952 1787 953 1789 954 1790 955 1791 956 1792 956 1792 955 1791 957 1793 948 1794 957 1795 946 1796 946 1796 957 1795 955 1797 958 267 959 1798 960 267 960 267 959 1798 961 1799 952 1800 954 1801 953 1802 953 1802 954 1801 956 1803 962 1804 963 1805 964 1806 964 1806 963 1805 965 1807 50 1808 68 1809 55 1810 55 1811 68 1812 67 1813 964 1806 958 1814 962 1804 962 1815 958 1816 960 1816 966 1817 967 1817 968 1817 968 1817 967 1817 969 1817 970 1818 800 1818 971 1818 971 1819 800 1819 799 1819 972 855 973 855 966 855 966 855 973 855 967 855 802 1820 974 1820 801 1820 801 1820 974 1820 975 1820 800 1821 970 1821 802 1821 802 1821 970 1821 974 1821 973 1820 972 1820 976 1820 976 1820 972 1820 977 1820 966 389 968 389 972 389 972 389 968 389 977 389 976 267 977 267 969 267 969 267 977 267 968 267 142 1820 90 1820 143 1820 143 1820 90 1820 89 1820 978 1822 196 1823 979 1824 979 1824 196 1823 195 1825 980 1826 981 1826 982 1826 982 1827 981 1827 983 1827 801 1828 975 1828 803 1828 803 1829 975 1829 984 1829 971 1817 799 1817 985 1817 985 1817 799 1817 804 1817 979 1830 264 1831 978 1832 978 1833 264 1834 263 1835 123 1836 986 1837 121 1838 121 1839 986 1840 151 1841 987 1842 988 1843 989 1844 989 1845 988 1846 990 1847 155 1848 151 1849 194 1850 194 1850 151 1849 986 1851 963 1805 991 1852 965 1807 965 1853 991 1854 992 1854 993 1855 994 1856 995 1857 995 1857 994 1856 996 1858 997 1859 996 1860 998 1861 998 1861 996 1860 994 1862 999 1820 1000 1820 1001 1820 1001 1820 1000 1820 1002 1820 1003 1863 181 1864 1004 1865 1004 1865 181 1864 1005 1866 1004 1867 1006 1868 1003 1869 1003 1869 1006 1868 1007 1870 1006 1871 997 1872 1007 1873 1007 1873 997 1872 998 1874 181 1875 993 1876 1005 1877 1005 1877 993 1876 995 1878 985 1879 804 1879 984 1879 984 1880 804 1880 803 1880 1001 1881 1002 1881 983 1881 983 1882 1002 1882 982 1882 833 1883 1008 1884 834 1885 834 1886 1008 1887 842 1888 1009 1889 1010 1890 1011 1891 1011 1891 1010 1890 1012 1892 1013 1893 1014 1894 1015 1895 1015 1895 1014 1894 1016 1896 1017 1897 1018 1897 1019 1897 1019 1898 1018 1898 1020 1898 1010 1899 1021 1900 1012 1901 1012 1901 1021 1900 1022 1902 1014 1903 1022 1904 1016 1905 1016 1905 1022 1904 1021 1906 1023 1907 1024 1908 1025 1909 1025 1909 1024 1908 1026 1910 1027 1800 1026 1801 1028 1802 1028 1802 1026 1801 1024 1803 1029 1911 1030 1912 1031 1913 1031 1913 1030 1912 1032 1914 1030 1915 1033 1916 1032 1917 1032 1917 1033 1916 1034 1918 1035 1919 1029 1920 1036 1921 1036 1921 1029 1920 1031 1922 1033 1786 1037 1923 1034 1924 1034 1924 1037 1923 1038 1874 95 1817 137 1817 96 1817 96 1817 137 1817 136 1817 981 1817 980 1817 1020 1817 1020 1817 980 1817 1019 1817 199 1925 293 1926 305 1927 305 1928 293 1929 292 1930 1039 1931 1009 1932 1040 1933 1040 1933 1009 1932 1011 1934 1036 1935 1041 1936 1035 1937 1035 1937 1041 1936 1042 1938 1041 1939 1038 1940 1042 1941 1042 1941 1038 1940 1037 1942 301 1943 300 1944 297 1945 297 1946 300 1947 298 1948 1040 1949 1013 1950 1039 1951 1039 1951 1013 1950 1015 1952 282 1953 477 1954 472 1955 472 1955 477 1954 1043 1956 296 1957 454 1958 455 1959 455 1959 454 1958 1044 1960 1018 1961 1017 1961 999 1961 999 1962 1017 1962 1000 1962 890 1963 936 1964 894 1965 894 1965 936 1964 335 1966 322 1967 1045 1968 934 1969 934 1969 1045 1968 935 1970 931 1971 1046 1972 934 1973 934 1969 1046 1974 1047 1975 934 1969 1047 1975 322 1967 322 1967 1047 1975 1048 1976 322 1977 1048 1978 323 1979 323 1980 1048 1981 1049 1982 324 1983 281 1984 346 1985 346 1985 281 1984 334 1986 205 1384 680 1987 277 1382 277 1382 680 1987 681 1988 446 1989 451 1990 861 1991 861 1992 451 1993 862 1994 434 1995 1050 1996 1051 1997 1051 1998 1050 1999 1052 2000 470 2001 467 2002 432 2003 432 2004 467 2005 466 2006 536 2007 290 2008 479 2009 479 2010 290 2011 1053 2012 1054 2013 1023 2014 1055 2015 1055 2015 1023 2014 1025 2016 1028 2017 1056 2018 1027 2019 1027 2019 1056 2018 1057 2020 1058 2021 1057 2022 1059 2023 1059 2023 1057 2022 1056 2024 1055 2025 1058 2026 1054 2027 1054 2027 1058 2026 1059 2028 568 2029 1060 2030 569 2031 569 2032 1060 2033 1061 2034 1062 2035 1063 2036 1064 2037 1064 2037 1063 2036 1065 2038 1064 2039 1066 2040 1062 2041 1062 2041 1066 2040 1067 2042 589 2043 713 2044 626 2045 626 2046 713 2047 914 2048 855 2049 1068 2050 856 2051 856 2051 1068 2050 1069 2052 1070 2053 1071 2054 657 2055 657 2055 1071 2054 1072 2056 1071 2057 1073 2058 1072 2059 1072 2059 1073 2058 1074 2060 1063 2061 1070 2062 1065 2063 1065 2064 1070 2065 657 2066 658 2067 1075 2068 659 2069 659 2070 1075 2071 792 2072 1073 2073 1067 2074 1074 2075 1074 2075 1067 2074 1066 2076 584 1817 585 1817 1076 1817 1076 1817 585 1817 917 1817 945 2077 694 2078 708 2079 708 2080 694 2081 703 2082 1077 2083 682 2084 703 2085 703 2085 682 2084 684 2086 703 2082 684 2087 708 2080 0 2088 639 2089 730 2090 730 2090 639 2089 644 2091 84 153 1078 2092 791 2093 791 2094 1078 2092 115 2095 791 2096 115 2097 114 2098 84 153 88 155 1078 2092 1078 2092 88 155 815 2099 1078 2092 815 2099 115 2095 8 2100 15 2101 6 2102 6 2102 15 2101 129 2103 77 2104 67 2105 60 2106 60 2107 67 2108 61 2109 75 2110 80 2111 51 2112 51 2113 80 2114 64 2115 78 2116 79 2117 77 2118 77 2119 79 2120 1079 2121 51 2122 64 2123 52 2124 52 2125 64 2126 63 2127 1080 2128 370 2129 1081 2130 1081 2131 370 2132 1082 2133 77 2134 1079 2135 66 2136 66 2137 1079 2138 54 2139 107 2140 1083 2141 797 2142 797 2143 1083 2144 127 2145 80 2146 1084 2147 76 2148 76 2149 1084 2150 79 2151 75 2152 54 2153 80 2154 80 2155 54 2156 1084 2157 81 2158 113 2159 805 2160 805 2161 113 2162 112 2163 147 2164 109 2165 146 2166 146 2167 109 2168 1085 2169 146 2170 1085 2171 128 2172 128 2173 1085 2174 83 2175 132 2176 154 2177 81 2178 81 2179 154 2180 113 2181 154 2182 1086 2183 144 2184 144 2185 1086 2186 109 2187 132 2188 83 2189 154 2190 154 2191 83 2192 1086 2193 1000 2194 1017 2195 1087 2196 1087 2196 1017 2195 1019 2197 1087 2196 1019 2197 980 2198 980 2198 982 2199 1087 2196 1087 2196 982 2199 1002 2200 1087 2196 1002 2200 1000 2194 183 2201 806 2202 1088 2203 1088 2204 806 2205 262 2206 1089 2207 261 2208 157 2209 157 2210 261 2211 158 2212 807 2213 1090 2214 164 2215 164 2216 1090 2217 160 2218 674 2219 676 2220 24 2221 24 2221 676 2220 25 2222 185 2223 184 2224 807 2225 807 2226 184 2227 1090 2228 1088 2229 201 2230 183 2231 183 2232 201 2233 200 2234 1091 2235 1092 2236 1093 2237 1093 2238 1092 2239 1094 2240 1049 2241 1048 2242 1091 2243 1091 2244 1048 2245 1047 2246 1091 2247 1047 2248 1092 2249 1092 2250 1047 2251 1046 2252 1092 2250 1046 2252 1095 2253 1095 2253 1096 2254 1092 2250 1092 2250 1096 2254 1097 2255 1092 2250 1097 2255 1098 2256 170 2257 160 2258 1099 2259 1099 2260 160 2261 1100 2262 1099 2263 1100 2264 191 2265 191 2266 1100 2267 184 2268 1101 2269 1102 2270 187 2271 187 2272 1102 2273 1103 2274 187 290 1103 2275 188 291 157 2276 204 2277 1089 2278 1089 2279 204 2280 202 2281 203 2282 192 2283 181 2284 181 2285 192 2286 182 2287 832 2288 1104 2289 833 2290 833 2291 1104 2292 1008 2293 1105 2294 1106 2295 229 2296 229 2297 1106 2298 210 2299 247 2300 1107 2301 208 2302 208 2303 1107 2304 266 2305 250 2306 249 2307 1105 2308 1105 2309 249 2310 1106 2311 247 2312 210 2313 1107 2314 1107 2315 210 2316 1108 2317 1107 2318 1108 2319 253 2320 253 2321 1108 2322 249 2323 208 2324 266 2325 237 2326 237 2327 266 2328 259 2329 211 2330 213 2331 1109 2332 1109 2333 213 2334 1110 2335 831 2336 928 2337 832 2338 832 2339 928 2340 929 2341 488 2342 1111 2343 478 2344 478 2345 1111 2346 317 2347 345 2348 337 2349 840 2350 840 2351 337 2352 836 2353 894 2354 335 2355 839 2356 839 2357 335 2358 345 2359 336 2360 335 2361 940 2362 940 2362 335 2361 936 2363 274 2364 1110 2365 289 2366 289 2367 1110 2368 213 2369 831 2370 830 2371 928 2372 928 2372 830 2371 838 2373 928 2374 838 2375 927 2376 465 2377 1112 2378 281 2379 281 2380 1112 2381 280 2382 470 2383 290 2384 284 2385 284 2386 290 2387 283 2388 1113 2389 477 2390 284 2391 284 2392 477 2393 475 2394 334 2395 454 2396 281 2397 281 2398 454 2399 1114 2400 1111 2401 1115 2402 317 2403 317 2404 1115 2405 318 2406 281 2407 280 2408 324 2409 324 2409 280 2408 279 2410 284 2411 283 2411 326 2411 326 2412 283 2412 282 2412 281 2413 280 2414 334 2415 334 2415 280 2414 454 2416 284 2417 283 2418 1113 2419 1113 2419 283 2418 477 2420 331 2421 346 2422 332 2423 332 2424 346 2425 334 2426 322 2427 347 2428 1045 2429 1045 2430 347 2431 1116 2432 876 2433 880 2434 850 2435 850 2435 880 2434 330 2436 330 2436 880 2434 1117 2437 1117 2437 880 2434 882 2438 1117 2437 882 2438 884 2439 889 2440 1118 2441 888 2442 888 2442 1118 2441 1119 2443 888 2442 1119 2443 886 2444 886 2444 1119 2443 1120 2445 886 2444 1120 2445 884 2446 884 2446 1120 2445 1121 2447 884 2439 1121 2448 1117 2437 885 2449 1122 2450 887 2451 887 2451 1122 2450 1118 2441 887 2451 1118 2441 889 2440 881 2452 1123 2453 883 2454 883 2454 1123 2453 466 2455 883 2454 466 2455 885 2449 885 2449 466 2455 468 2456 885 2449 468 2456 1122 2450 1124 2457 1123 2458 879 2459 879 2460 1123 2453 881 2452 1124 2457 879 2459 1125 2461 1125 2461 879 2459 878 2462 1125 2461 878 2462 1126 2463 878 2462 875 2464 1126 2463 1126 2463 875 2464 877 2465 1126 2466 877 2467 1127 2468 1127 2468 877 2467 876 2433 1127 2468 876 2433 851 2469 851 2469 876 2433 850 2435 1122 2450 1128 2470 1118 2441 851 2469 1129 2471 1127 2468 942 2472 926 2473 303 2474 303 2474 926 2473 304 2475 1130 2476 368 2477 1131 2478 1131 2479 368 2480 360 2481 396 2482 1132 2483 380 2484 380 2485 1132 2486 381 2487 395 2488 314 2489 396 2490 396 2491 314 2492 1132 2493 398 2494 1133 2495 383 2496 383 2497 1133 2498 314 2499 187 290 186 289 393 2500 393 2501 186 2502 392 2503 302 2504 1134 2505 303 2506 303 2506 1134 2505 1135 2507 382 2508 381 2509 398 2510 398 2511 381 2512 1133 2513 899 2514 901 2515 931 2516 931 2516 901 2515 1046 2517 396 2518 369 2519 312 2520 312 2521 369 2522 371 2523 371 2524 827 2525 312 2526 312 2527 827 2528 315 2529 4 2530 5 2531 448 2532 448 2532 5 2531 450 2533 655 2534 424 2535 401 2536 401 2536 424 2535 402 2537 630 2538 561 2539 655 2534 655 2534 561 2539 425 2540 655 2534 425 2540 424 2535 1136 2541 494 2542 474 2543 474 2543 494 2542 403 2544 685 2545 847 2546 944 2547 944 2548 847 2549 680 2550 447 2551 446 2552 638 2553 638 2554 446 2555 861 2556 456 2557 430 2558 484 2559 484 2560 430 2561 429 2562 450 2563 5 2564 452 2565 452 2566 5 2567 3 2568 846 2569 1137 2570 442 2571 442 2572 1137 2573 436 2574 437 2575 1077 2576 435 2577 435 2578 1077 2579 703 2580 686 2581 683 2582 846 2583 846 2584 683 2585 1137 2586 452 2587 3 2588 721 2589 721 2590 3 2591 453 2592 333 2593 480 2594 1138 2593 1138 2595 480 2596 1114 2597 427 2598 459 2599 428 2600 428 2601 459 2602 1139 2603 1115 2604 1136 2605 318 2606 318 2607 1136 2608 474 2609 284 2610 475 2611 463 2612 463 2612 475 2611 461 2613 852 2614 1140 2615 487 2616 487 2617 1140 2618 460 2619 281 2620 1114 2621 333 2622 333 2622 1114 2621 480 2623 532 2624 491 2625 852 2626 852 2627 491 2628 1140 2262 462 2629 475 2630 470 2631 470 2632 475 2633 290 2634 1138 2635 1114 2636 465 2637 465 2638 1114 2639 1112 2640 481 2641 1141 2642 499 2643 499 2644 1141 2645 491 2646 1061 2647 1142 2648 613 2649 613 2650 1142 855 615 2651 611 2652 609 2653 1143 2654 1143 2654 609 2653 607 2655 1143 2654 607 2655 606 2656 599 2657 617 2658 1144 2659 1144 2659 617 2658 615 2660 1144 2659 615 2660 1145 2661 1145 2662 615 2663 1142 2664 1146 2665 1143 2654 1147 2666 1147 2666 1143 2654 1148 2667 1148 2667 1143 2654 1149 2668 1149 2668 1143 2654 606 2656 1149 2668 606 2656 600 2669 1150 2670 1149 2668 1144 2659 1144 2659 1149 2668 600 2669 1144 2659 600 2669 599 2657 1150 2670 1144 2659 1151 2671 1151 2671 1144 2659 535 2672 535 2673 1144 2674 533 2675 533 2675 1144 2674 1152 2676 533 2675 1152 2676 1153 2677 1152 2676 1144 2674 1145 2678 1154 2679 570 2680 1146 2665 1146 2665 570 2680 569 2681 1146 2665 569 2681 1143 2654 1143 2654 569 2681 1061 2682 1143 2654 1061 2682 611 2683 611 2684 1061 2685 613 2686 1155 2687 533 2675 1146 2665 1146 2665 533 2675 1156 2688 1146 2665 1156 2688 1154 2679 597 2689 1157 2690 595 2691 1151 2692 1158 2693 1150 2694 1150 2695 1158 2693 1159 2696 1150 2695 1159 2696 1160 2697 1161 2698 1162 2699 1163 2700 1163 2701 1164 2702 1161 2698 1161 2698 1164 2702 1165 2703 1161 2698 1165 2703 1069 2704 596 2705 595 2691 1166 2706 754 2707 756 2708 1160 2697 1160 2697 756 2708 1157 2690 1160 2697 1157 2690 1150 2695 1150 2695 1157 2690 597 2689 1150 2709 597 2710 1149 2668 1149 2668 597 2710 596 2711 1149 2668 596 2711 1148 2667 1148 2667 596 2711 1167 2712 1148 2667 1167 2712 1147 2666 1147 2713 1167 2714 1163 2715 1147 2666 1163 2716 1146 2665 1146 2665 1163 2717 1162 2699 1146 2665 1162 2699 1155 2687 1155 2687 1162 2699 1161 2698 1155 2687 1161 2698 1168 2718 1168 2718 1161 2698 1169 2719 1168 2718 1169 2719 1170 2720 1170 2720 1169 2719 1171 2721 1170 2720 1171 2721 1172 2722 1173 2723 750 2724 1174 2725 1174 2725 750 2724 752 2726 1174 2725 752 2726 1175 2727 1175 2727 752 2726 754 2707 1175 2727 754 2707 1160 2697 747 2728 750 2724 1176 2729 1176 2729 750 2724 1173 2723 1173 2730 1177 2731 1178 2732 1178 2733 1177 2734 1179 2735 1178 2733 1179 2735 1176 2729 1180 2736 1181 2737 1182 2738 1181 2739 1183 2740 1184 2741 1184 2742 1183 2743 1185 2744 1184 2742 1185 2744 1186 2745 1186 2745 1185 2744 1187 2746 1186 2745 1187 2746 1188 2747 1188 2747 1187 2746 1189 2748 1188 2747 1189 2749 1190 2750 1180 2751 1183 2740 1181 2739 1191 2752 1192 2753 1193 2754 1194 2755 1195 2756 1191 2757 1191 2757 1195 2756 1183 2743 1191 2757 1183 2743 1192 2758 1192 2758 1183 2743 1180 2759 1192 2758 1180 2759 1193 2760 1193 2761 1180 2762 1179 2763 1193 2761 1179 2763 1177 2764 1194 2755 1191 2757 1196 2765 1191 2757 32 2766 1196 2765 1196 2765 32 2766 1185 2744 1196 2765 1185 2744 632 2767 632 2767 1185 2744 633 2768 20 2769 1187 2746 21 2770 21 2770 1187 2746 1197 2771 21 2772 1197 2773 22 2774 20 2775 1189 2776 1187 2777 1190 2750 1198 2778 1188 2747 1190 2750 1199 2779 1198 2778 1198 2778 1199 2779 1200 2780 1198 2778 1200 2780 1201 2781 1201 2781 1200 2780 1202 2782 1201 2781 1202 2782 1203 2783 1203 2783 1202 2782 710 2784 704 2785 1204 2786 1205 2787 22 31 1206 2788 20 29 20 2789 1206 2788 1207 2790 20 2789 1207 2790 1205 2787 1205 2787 1207 2790 578 2791 1205 2787 578 2791 704 2785 704 2785 578 2791 583 2792 13 2793 1208 2794 22 31 22 31 1208 2794 1206 2788 1209 2795 180 2796 12 2797 12 2798 180 2799 1210 2800 12 2798 1210 2800 13 2793 13 2793 1210 2800 1211 2801 13 2793 1211 2801 1208 2794 1208 2794 1211 2801 1212 2802 1208 2794 1212 2802 1213 2803 1214 2804 1209 2795 14 2805 14 2805 1209 2795 12 2797 1215 2806 165 2807 179 2808 180 2809 1209 2795 179 2810 179 2810 1209 2795 1214 2804 179 2811 1214 2812 1215 2813 172 2814 177 2815 180 2816 1216 2817 1211 2801 177 2818 177 2818 1211 2801 1210 2800 177 2818 1210 2800 180 2799 177 2819 178 2820 1216 2821 1212 2802 1211 2801 1216 2817 796 2822 792 2823 1213 2824 1213 2825 792 2072 1075 2071 1213 2803 1075 2826 658 2827 660 1093 812 2828 1217 2829 1217 2829 812 2828 1208 2794 1217 2829 1208 2794 658 2827 658 2827 1208 2794 1213 2803 1217 2829 658 1091 660 1093 811 2830 664 2831 813 2832 813 2832 664 2831 1218 2833 813 2834 1218 2835 812 2828 812 2828 1218 2835 1219 2836 812 2828 1219 2836 1208 2794 1208 2794 1219 2836 575 2837 1208 2794 575 2837 574 2838 664 2839 701 2840 1218 2841 1218 2841 701 2840 576 2842 1218 2841 576 2842 575 2843 1219 2836 1218 2844 575 2837 1208 2794 574 2838 579 2845 578 2791 1207 2790 579 2845 579 2845 1207 2790 1206 2788 579 2845 1206 2788 1208 2794 706 2846 1220 2847 704 2785 704 2785 1220 2847 1204 2786 667 2848 1221 2849 706 2850 706 2851 1221 2852 1222 2853 1222 2853 1221 2852 1223 2854 1223 2855 1221 2856 675 2857 675 2857 1221 2856 1224 2858 1224 2858 1221 2856 662 2859 1224 2858 662 2859 646 2860 662 2861 1221 2862 667 2863 161 2864 645 2865 162 2866 162 2867 645 2868 1225 2869 162 2867 1225 2869 163 2870 645 2871 120 2872 1225 2873 1225 2874 120 2875 821 2876 1225 2874 821 2876 163 2877 163 2877 821 2876 819 2878 163 2877 819 2878 866 2879 645 2880 119 2881 120 2882 321 2883 1224 2858 161 2864 161 2864 1224 2858 646 2884 161 2864 646 2884 645 2865 321 2883 161 2864 347 2885 347 2885 161 2864 384 2886 384 2886 161 2864 163 2887 384 2888 163 2889 866 2890 866 2890 385 2891 384 2888 384 2886 386 2892 347 2885 347 2885 386 2892 842 2893 347 2885 842 2893 1008 2894 841 2895 842 2893 311 491 311 491 842 2893 386 2892 311 491 386 2892 309 489 309 2896 386 2897 385 2898 1104 2899 1116 2900 1008 2901 1008 2901 1116 2900 347 2902 676 2903 1224 2858 25 2904 25 2904 1224 2858 321 2883 675 2857 1224 2858 673 2905 673 2905 1224 2858 676 2903 1223 2854 1202 2782 1222 2853 1222 2853 1202 2782 1200 2780 1222 2853 1200 2780 706 2851 706 2851 1200 2780 1199 2779 706 2906 1199 2779 1220 2847 1220 2847 1199 2779 1190 2750 1220 2847 1190 2750 1204 2786 1204 2786 1190 2750 1189 2907 1204 2786 1189 2908 1205 2787 1205 2909 1189 2910 20 2911 710 2784 1202 2782 711 2912 711 2912 1202 2782 1223 2913 709 2914 743 2915 710 2784 710 2784 743 2915 745 2916 710 2784 745 2916 1203 2783 1203 2783 745 2916 1226 2917 1203 2783 1226 2917 1227 2918 1227 2918 1226 2917 1184 2919 1227 2918 1184 2920 1198 2778 1198 2778 1184 2920 1186 2745 1198 2778 1186 2745 1188 2747 741 2921 743 2922 1228 2923 1228 2923 743 2922 709 2924 711 2925 1223 2926 709 2927 709 2927 1223 2926 675 2928 709 2929 675 2930 1228 2931 1228 2931 675 2930 674 2932 1228 2923 674 2933 741 2921 741 2934 674 2935 738 2936 674 2937 24 2938 738 2939 738 2940 24 2941 23 2942 738 2940 23 2942 736 2943 736 2943 23 2942 58 2944 736 2943 58 2944 734 2945 734 2946 58 2947 733 2948 745 2916 1182 2738 1226 2917 1226 2917 1182 2738 1181 2737 1226 2917 1181 2737 1184 2949 745 2916 747 2728 1182 2738 1182 2738 747 2728 1176 2729 1182 2738 1176 2729 1180 2736 1180 2736 1176 2729 1179 2735 1203 2783 1227 2918 1201 2781 1201 2781 1227 2918 1198 2778 18 2950 1229 2951 1187 2746 1187 2746 1229 2951 1230 2952 1187 2746 1230 2952 1197 2771 1197 2771 1230 2952 1231 2953 1197 2771 1231 2953 1191 2757 1191 2757 1231 2953 1232 2954 1191 2757 1232 2954 32 2766 1233 2955 19 2956 1185 2744 1185 2744 19 2956 18 2950 1185 2744 18 2950 1187 2746 1233 2955 1185 2744 124 2957 124 2957 1185 2744 32 2766 1234 2958 988 2959 1183 2743 1183 2743 988 2959 987 2960 1183 2743 987 2960 1185 2744 1185 2744 987 2960 633 2768 1183 2743 1195 2756 1234 2958 1235 2961 1236 2962 766 2963 766 2963 1236 2962 1237 2964 766 2963 1237 2964 764 2965 764 2965 1237 2964 1238 2966 764 2965 1238 2966 762 2967 762 2967 1238 2966 1239 2968 762 2967 1239 2968 760 2969 770 2970 1240 2971 767 2972 767 2972 1240 2971 1235 2961 767 2972 1235 2961 766 2963 1241 2973 1242 2974 770 2970 770 2970 1242 2974 1243 2975 770 2970 1243 2975 1240 2971 1240 2971 1243 2975 1244 2976 1240 2971 1244 2976 1235 2961 1235 2961 1244 2976 1245 2977 1235 2961 1245 2977 1236 2962 774 2978 1246 2979 1247 2980 1247 2980 1246 2979 1248 2981 1247 2982 1248 2983 1249 2984 1246 2979 774 2978 776 2985 780 2986 1250 2987 1251 2988 1251 2988 1250 2987 1252 2989 1251 2988 1252 2990 1253 2991 1254 2992 786 2993 788 2994 788 2994 1255 2995 1254 2992 1254 2992 1255 2995 1256 2996 1254 2992 1256 2996 1257 2997 1257 2997 1256 2996 1258 2998 1257 2999 1258 2998 1259 3000 1259 3000 1258 2998 1260 3001 1259 3000 1260 3001 1261 3002 288 3003 287 3004 788 3005 788 2994 287 3006 1262 3007 788 2994 1262 3007 1255 2995 1255 2995 1262 3007 1263 3008 1255 2995 1263 3008 1264 3009 1264 3009 1263 3008 1265 3010 1264 3009 1265 3010 1260 3001 1260 3001 1265 3010 1266 3011 1260 3001 1266 3011 1261 3002 1261 3002 1266 3011 1267 3012 1261 3002 1267 3012 1268 3013 1268 3013 1267 3012 1269 3014 1268 3013 1269 3014 1270 3015 1265 3010 1263 3008 1271 3016 1271 3016 1263 3008 1262 3007 1271 3016 1262 3007 287 3017 286 3018 485 1061 640 1060 1267 3012 1266 3011 641 3019 641 3020 1266 3011 1265 3010 641 1062 1265 3010 640 1060 640 1060 1265 3010 1271 3016 640 1060 1271 3016 286 3018 286 3018 1271 3016 287 3017 642 3021 1269 3022 641 3023 641 3024 1269 3014 1267 3012 1272 3025 1273 3026 1274 3027 943 3028 942 3029 1272 3025 1272 3025 942 3029 1135 3030 1272 3025 1135 3030 1273 3026 1273 3026 1135 3030 1275 3031 1273 3026 1275 3031 1276 3032 1276 3032 1275 3031 1277 3033 1276 3032 1277 3033 1102 3034 1102 3034 1277 3033 1278 3035 1102 3036 1278 3037 1279 3038 1279 3038 1278 3037 131 3039 1279 3038 131 3039 1280 3040 1135 3041 942 3042 303 3043 1275 3031 1135 3030 1277 3033 1277 3033 1135 3030 1134 3044 1277 3033 1134 3044 302 3045 129 3046 131 3047 1281 3048 1281 3049 131 3050 1278 3051 1281 3052 1278 3035 1277 3033 131 3053 130 3054 1280 3055 1280 3040 130 3056 133 3057 1280 3040 133 3057 1282 3058 1283 3059 1282 3060 135 3061 135 3061 1282 3060 133 3062 1284 3063 188 3064 1283 3065 1283 3065 188 3064 1103 3066 1283 3065 1103 3066 1282 3067 1282 3058 1103 3068 1279 3038 1282 3058 1279 3038 1280 3040 492 3069 1285 3070 1284 3063 1284 3063 1285 3070 389 3071 1284 3063 389 3071 188 3064 492 3069 1286 3072 1285 3070 1285 3070 1286 3072 1287 3073 1285 3070 1287 3073 1288 3074 1288 3074 1287 3073 407 3075 1288 3074 407 3075 406 3076 1287 3073 1286 3072 418 3077 418 3078 1286 3072 492 3069 407 3079 1287 3080 418 3081 1288 3074 389 3071 1285 3070 1288 3074 1289 3082 389 3071 389 3071 1289 3082 1290 3083 389 3084 1290 3085 1291 3086 1288 3074 406 3087 1289 3082 1289 3088 406 3089 1292 3090 1289 3088 1292 3090 1293 3091 406 3092 423 3093 1292 3094 561 3095 563 3096 425 3097 425 3097 563 3096 1294 3098 425 3097 1294 3098 423 3099 1295 3100 1296 3101 601 3102 601 3102 1296 3101 1297 3103 601 3104 1297 3105 562 3106 562 3107 1297 3108 1298 3109 562 3107 1298 3109 563 3110 601 3111 628 3112 1295 3113 1295 3114 628 3115 627 3116 1295 3100 627 3117 1299 3118 1299 3118 627 3119 1300 3120 1299 3118 1300 3120 1301 3121 1302 3122 30 3123 1303 3124 1303 3124 30 3123 1304 3125 1303 3124 1304 3125 1301 3121 1302 3122 31 3126 30 3123 1302 3122 99 3127 31 3126 31 3126 99 3127 1305 3128 31 3126 1305 3128 1306 3129 1306 3129 1305 3128 1307 3130 1306 3129 1307 3130 1308 3131 1308 3131 1307 3130 1309 3132 1308 3131 1309 3132 1310 3133 31 3134 1306 3129 1311 3135 1311 3135 1306 3129 1308 3131 1311 3136 1308 3137 1312 3138 1312 3138 1308 3137 1310 3139 30 3140 1313 3141 1304 3142 1304 3125 1313 3143 1297 3103 1304 3125 1297 3103 1301 3121 1301 3121 1297 3103 1296 3101 1301 3121 1296 3101 1299 3118 1299 3118 1296 3101 1295 3100 1297 3108 1313 3144 1298 3109 1298 3145 1313 3146 1314 3147 1314 3148 1313 3149 1315 3150 1316 3151 1315 3150 29 3152 29 3152 1315 3150 1313 3149 29 3153 1313 3154 30 3155 1317 3156 1318 3157 1319 3158 148 3159 661 3160 1318 3161 1318 3161 661 3160 1320 3162 1318 3161 1320 3162 1319 3163 1319 3163 1320 3162 29 3164 1253 3165 1321 3166 1248 3167 1248 3167 1321 3166 1318 3168 1248 3167 1318 3168 1249 3169 1253 3165 1322 3170 1321 3166 1321 3166 1322 3170 1323 3171 1321 3166 1323 3171 1318 3168 1318 3161 1323 3171 635 3172 1318 3161 635 3172 148 3159 1323 3171 1322 3170 1324 3173 1324 3173 1322 3170 1252 3174 1322 3170 1253 3165 1252 3175 1325 3176 1315 3150 1326 3177 1326 3177 1315 3150 1316 3151 26 3178 116 3179 169 3180 661 3160 1327 3181 1320 3162 1320 3162 1327 3181 116 3182 1320 3162 116 3182 29 3183 29 3152 116 3179 26 3178 29 3152 26 3178 1316 3151 168 3184 1328 3185 169 3186 169 3180 1328 3187 145 3188 169 3180 145 3188 26 3178 168 3189 1329 3190 1330 3191 1330 3191 1329 3190 635 3172 1330 3191 635 3172 1331 3192 1331 3192 635 3172 1323 3171 1331 3192 1323 3171 1332 3193 168 3194 1330 3195 1328 3196 1253 2991 1333 3197 1251 2988 1251 2988 1333 3197 778 3198 1251 2988 778 3198 780 2986 1334 3199 1335 3200 1336 3201 1257 2997 1337 3202 1254 2992 1254 2992 1337 3202 1335 3203 1254 2992 1335 3204 786 2993 786 2993 1335 3204 1334 3205 786 3206 1334 3207 784 3208 784 3208 1334 3207 1336 3209 784 3208 1336 3209 782 3210 782 3210 1336 3209 1338 3211 782 3210 1338 3211 780 2986 780 2986 1338 3211 1339 3212 780 2986 1339 3212 1250 2987 1250 2987 1339 3212 1340 3213 1250 2987 1340 3213 1252 3214 1270 3015 1341 3215 1268 3013 1268 3216 1341 3217 1342 3218 1268 3013 1342 3219 1261 3002 1261 3002 1342 3220 1259 3000 1273 3026 1343 3221 1274 3027 1274 3027 1343 3221 1344 3222 1274 3027 1344 3222 1272 3025 1272 3025 1344 3222 1345 3223 1272 3025 1345 3223 943 3224 943 3224 1345 3223 1346 3225 943 3224 1346 3225 642 3226 642 3227 1346 3225 1347 3228 642 3227 1347 3228 1269 3014 1269 3014 1347 3228 1344 3222 1269 3014 1344 3222 1270 3015 1270 3015 1344 3222 1343 3229 1270 3230 1343 3231 1341 3232 1273 3026 1348 3233 1343 3234 1343 3235 1348 3236 1101 3237 1273 3026 1276 3032 1348 3233 1348 3233 1276 3032 1102 3238 1348 3239 1102 3240 1101 3241 1279 3038 1103 3068 1102 3036 1349 3242 1350 3243 1257 3244 1257 3244 1350 3243 1337 3245 1349 3246 306 3247 1350 3248 1350 3248 306 3247 295 3249 1350 3250 295 3251 265 3252 187 3253 195 3254 198 3255 292 3256 306 3257 305 3258 305 3258 306 3257 198 3255 1101 3259 187 3253 306 3257 306 3257 187 3253 198 3255 1343 3260 1101 3261 1351 3262 1351 3262 1101 3261 306 3263 1351 3262 306 3263 1349 3264 1343 3265 1351 3266 1341 3267 1341 3267 1351 3266 1342 3268 1349 3269 1342 3270 1351 3271 354 3272 1350 3273 358 3274 358 3275 1350 3250 265 3252 358 3275 265 3252 393 3276 393 3276 265 3252 264 3277 393 3276 264 3277 187 3253 187 3253 264 3277 979 3278 187 3253 979 3278 195 3254 354 3279 365 3280 1350 3281 1350 3281 365 3280 1352 3282 1350 3281 1352 3282 1337 3283 1337 3284 1352 3285 1293 3286 1337 3287 1293 3091 1335 3288 1335 3288 1293 3091 1292 3090 1335 3288 1292 3090 1336 3289 1336 3289 1292 3090 423 3099 1336 3289 423 3099 1338 3211 1338 3211 423 3099 1294 3098 1338 3211 1294 3098 1339 3212 1339 3212 1294 3098 563 3096 1339 3212 563 3096 1340 3213 1340 3290 563 3291 1298 3292 1340 3290 1298 3292 1252 3293 1252 3294 1298 3145 1314 3147 1252 3295 1314 3148 1324 3173 1324 3173 1314 3148 1315 3150 1324 3173 1315 3150 1323 3171 1323 3171 1315 3150 1325 3176 1323 3171 1325 3176 1332 3193 365 3280 368 3296 1352 3282 1352 3282 368 3296 1130 3297 1352 3282 1130 3297 1293 3298 1130 3299 390 3300 1291 3086 1291 3086 390 3300 389 3084 1257 2999 1259 3000 1349 3301 1260 3001 1258 2998 1264 3009 1264 3009 1258 2998 1256 2996 1264 3009 1256 2996 1255 2995 1259 3302 1342 3303 1349 3304 1347 3228 1346 3225 1344 3222 1344 3222 1346 3225 1345 3223 1253 2991 1246 2979 1333 3197 1333 3197 1246 2979 776 2985 1333 3197 776 2985 778 3198 1246 3305 1253 3306 1248 3307 1318 3308 1317 3309 1249 3310 1249 3311 1317 3312 1353 3313 1249 3314 1353 3315 1247 2980 1247 2980 1353 3315 772 3316 1247 2980 772 3316 774 2978 1317 3317 1241 2973 1353 3315 1353 3315 1241 2973 770 2970 1353 3315 770 2970 772 3316 1243 2975 1242 2974 1317 3318 1317 3318 1242 2974 1241 2973 1317 3319 1354 3320 1243 2975 1243 2975 1354 3320 1244 2976 1165 3321 1245 2977 858 3322 858 3322 1245 2977 1244 2976 858 3323 1244 3324 853 3325 856 3326 1069 3327 857 3328 857 3329 1069 3330 1165 3331 857 3329 1165 3331 858 3332 1245 2977 1165 3333 1236 2962 1236 2962 1165 3333 1164 3334 1236 2962 1164 3334 1237 2964 1237 2964 1164 3334 1163 3335 1237 2964 1163 3336 1238 2966 1238 3337 1163 3338 1167 3339 1238 2966 1167 3340 1239 2968 1239 2968 1167 3341 1166 2706 1239 2968 1166 2706 760 2969 760 2969 1166 2706 595 2691 760 2969 595 2691 758 3342 758 3342 595 2691 1157 2690 758 3342 1157 2690 756 2708 1166 3343 1167 3344 596 3345 1161 2698 1069 2704 1169 2719 1169 2719 1069 3346 1355 3347 1169 2719 1355 3347 1171 2721 1355 3347 1069 3346 1068 3348 1356 3349 534 3350 1357 3351 1357 3351 534 3350 1358 3352 1357 3351 1358 3352 1172 3353 1172 2722 1358 3354 1170 2720 1168 2718 1170 2720 1358 3355 534 3356 533 3357 1358 3358 1358 3359 533 3360 1155 3361 1358 3362 1155 2687 1168 2718 534 3363 1359 3364 535 3365 535 3365 1359 3364 1360 3366 535 3367 1360 3366 1151 2692 1151 2692 1360 3366 1361 3368 1151 2692 1361 3368 1158 2693 1158 2693 1361 3368 1175 3369 1158 2693 1175 3369 1159 2696 534 3370 1356 3371 1359 3364 1359 3364 1356 3371 625 3372 1359 3364 625 3372 1360 3366 1360 3366 625 3372 560 3373 1360 3366 560 3373 1174 3374 1174 3374 560 3373 557 3375 1174 3376 557 3377 1362 3378 1362 3378 557 3377 1363 3379 1362 3378 1363 3379 14 3380 556 3381 865 3382 557 3383 557 3384 865 3385 1364 3386 557 3377 1364 3387 1363 3379 22 3388 1197 3389 13 3390 13 3391 1197 3392 1362 3378 13 3391 1362 3378 14 3380 1197 3393 1191 3394 1362 3395 1362 3395 1191 3394 1177 3396 1191 3397 1193 3398 1177 3399 1362 3378 1177 3400 1174 3376 1360 3366 1174 3374 1361 3368 533 2675 1153 2677 1156 2688 482 3401 460 3402 481 3403 481 3404 460 3405 1141 3406 1173 3407 1365 3408 1177 3400 1177 3400 1365 3408 1174 3376 1080 3409 712 3410 564 3411 564 3412 712 3413 440 3414 564 3415 440 3416 565 3417 1366 3418 1367 3419 548 3420 548 3421 1367 3422 541 3423 1368 3424 1369 3425 573 3426 573 3427 1369 3428 571 3429 572 3430 571 3431 1366 3432 1366 3433 571 3434 1367 3435 1309 3436 854 3437 1310 3438 1310 3439 854 3440 853 3441 559 3442 1368 3443 539 3444 539 3445 1368 3446 1370 3447 559 3448 541 3449 1368 3450 1368 3451 541 3452 1369 3453 567 3454 1370 3455 573 3456 573 3456 1370 3455 1368 3457 539 3458 1370 3459 554 3460 554 3461 1370 3462 552 3463 1371 3464 1372 3465 591 3466 591 3466 1372 3465 593 3467 1373 3468 1371 3469 590 3470 590 3471 1371 3472 591 3473 1372 3474 637 3475 593 3476 593 3477 637 3478 594 3479 116 3480 1327 3481 117 3482 117 3483 1327 3484 661 3485 117 3483 661 3485 1374 3486 1374 3487 661 3488 150 3489 656 3490 103 3491 792 3492 792 3492 103 3491 659 3493 636 3494 1375 3495 620 3496 620 3497 1375 3498 621 3499 437 3500 436 3501 1077 3502 1077 3503 436 3504 1376 3505 1077 3506 1376 3507 682 3508 682 3509 1376 3510 683 3511 725 3512 1377 3513 1378 3514 1378 3514 1377 3513 691 3515 1379 3516 651 3517 725 3512 725 3512 651 3517 1380 3518 725 3512 1380 3518 1377 3513 1377 3513 1380 3518 723 3519 1377 3513 723 3519 1381 3520 1381 3520 717 3521 1377 3513 1377 3513 717 3521 1382 3522 1377 3513 1382 3522 691 3515 1383 3523 848 3524 717 3521 717 3521 848 3524 1382 3522 944 3525 945 3526 685 3527 685 3528 945 3529 708 3530 701 3531 664 3532 702 3533 702 3534 664 3535 666 3536 644 3537 863 3538 730 3539 730 3540 863 3541 720 3542 730 3543 720 3544 1 3545 448 3546 447 3547 4 3548 4 3548 447 3547 639 3549 4 3548 639 3549 2 3550 2 3550 639 3549 0 3551 582 1431 584 1431 687 1431 687 1431 584 1431 1076 1431 902 3552 904 3553 903 3554 903 3554 904 3553 919 3555 919 3555 904 3553 920 3556 920 3556 904 3553 905 3557 920 3556 905 3557 918 3558 1231 3559 1384 3560 1232 3561 1232 3562 1384 3563 33 3564 1232 3562 33 3564 32 3565 946 3566 955 3567 947 3568 947 3568 955 3567 954 3569 947 3568 954 3569 951 3570 951 3570 954 3569 952 3571 1384 3572 1231 3573 1385 3574 1385 3574 1231 3573 1230 3575 1385 3574 1230 3575 1386 3576 124 3577 34 3578 1233 3579 1233 3580 34 3581 1387 3582 1233 3580 1387 3582 19 3583 19 3584 1387 3585 17 3586 35 3587 37 3588 11 3589 11 3590 37 3591 9 3592 43 3593 47 3594 949 3595 949 3595 47 3594 49 3596 949 3595 49 3596 948 3597 948 3597 49 3596 48 3598 948 3597 48 3598 957 3599 957 3599 48 3598 42 3600 957 3599 42 3600 956 3601 956 3601 42 3600 46 3602 956 3601 46 3602 45 3603 956 3601 45 3603 953 3604 953 3604 45 3603 44 3605 953 3604 44 3605 950 3606 950 3606 44 3605 43 3593 950 3606 43 3593 949 3595 85 3607 71 3608 73 3609 73 3609 71 3608 70 3610 73 3611 70 3612 74 3613 74 3613 70 3612 69 3614 74 3613 69 3614 308 3615 54 3616 1079 3617 1084 3618 1084 3618 1079 3617 79 3619 107 3620 146 3621 1083 3622 1083 3623 146 3624 128 3625 1083 3623 128 3625 82 3626 82 3627 125 3628 1083 3629 1083 3630 125 3631 127 3632 1388 3633 818 3634 1389 3635 1389 3635 818 3634 820 3636 1389 3635 820 3636 1390 3637 893 3638 379 3639 1388 3633 1388 3633 379 3639 375 3640 1388 3633 375 3640 818 3634 97 3641 1390 3642 85 3643 85 3643 1390 3642 820 3644 85 3645 820 3646 87 3647 1195 3648 1391 3649 1234 3650 1234 3651 1391 3652 990 3653 1234 3651 990 3653 988 3654 18 3655 86 3656 1229 3657 1229 3658 86 3659 1386 3660 1229 3661 1386 3662 1230 3663 973 3664 976 3664 141 3664 141 389 976 389 969 389 141 389 969 389 139 389 139 389 969 389 94 389 139 3665 94 3665 96 3665 969 3666 967 3666 94 3666 94 389 967 389 973 389 94 389 973 389 92 389 92 389 973 389 141 389 92 3667 141 3667 143 3667 96 3668 136 3668 139 3668 143 3669 89 3669 92 3669 116 3670 118 3671 169 3672 169 3673 118 3674 167 3675 528 3676 1094 3677 530 3678 530 3678 1094 3677 1092 3679 530 3680 1092 3681 531 3682 528 3676 737 3683 1094 3677 1094 3677 737 3683 735 3684 1094 3685 735 3686 1093 3687 1093 3687 735 3686 732 3688 1093 3687 732 3688 1091 3689 1091 3689 732 3688 1049 3690 785 3691 783 3692 519 3693 519 3693 783 3692 781 3694 519 3693 781 3694 517 3695 517 3695 781 3694 779 3696 517 3695 779 3696 515 3697 515 3697 779 3696 777 3698 515 3697 777 3698 513 3699 513 3699 777 3698 775 3700 513 3699 775 3700 511 3701 511 3701 775 3700 773 3702 511 3701 773 3702 509 3703 509 3703 773 3702 771 3704 509 3703 771 3704 507 3705 507 3705 771 3704 769 3706 507 3705 769 3706 505 3707 505 3707 769 3706 768 3708 505 3707 768 3708 502 3709 502 3709 768 3708 765 3710 502 3709 765 3710 503 3711 503 3711 765 3710 763 3712 503 3711 763 3712 504 3713 504 3713 763 3712 761 3714 504 3713 761 3714 506 3715 506 3715 761 3714 759 3716 506 3715 759 3716 508 3717 508 3717 759 3716 757 3718 508 3717 757 3718 510 3719 510 3719 757 3718 755 3720 510 3719 755 3720 512 3721 512 3721 755 3720 753 3722 512 3721 753 3722 514 3723 514 3723 753 3722 751 3724 514 3723 751 3724 516 3725 516 3725 751 3724 749 3726 516 3725 749 3726 518 3727 518 3727 749 3726 748 3728 518 3727 748 3728 520 3729 520 3729 748 3728 746 3730 520 3729 746 3730 522 3731 522 3731 746 3730 744 3732 522 3731 744 3732 524 3733 524 3733 744 3732 742 3734 524 3733 742 3734 526 3735 526 3735 742 3734 740 3736 526 3735 740 3736 528 3676 528 3676 740 3736 739 3737 528 3676 739 3737 737 3683 1092 3681 1098 3738 531 3682 531 3682 1098 3738 895 3739 531 3682 895 3739 529 3740 529 3740 895 3739 328 3741 529 3740 328 3741 527 3742 527 3742 328 3741 327 3743 527 3742 327 3743 525 3744 525 3744 327 3743 789 3745 525 3744 789 3745 523 3746 523 3746 789 3745 787 3747 523 3746 787 3747 521 3748 521 3748 787 3747 785 3691 521 3748 785 3691 519 3693 1097 3749 896 3750 1098 3738 1098 3738 896 3750 895 3739 1095 3751 901 3752 1096 3753 1096 3753 901 3752 900 3754 1096 3753 900 3754 1097 3749 1097 3749 900 3754 898 3755 1097 3749 898 3755 896 3750 901 3752 1095 3751 1046 3756 58 3757 323 3758 731 3759 731 3759 323 3758 1049 3690 731 3759 1049 3690 732 3688 731 3759 733 3760 58 3757 102 3761 101 3762 814 3763 814 3764 101 3765 115 3766 814 3764 115 3766 815 3767 1391 3768 1195 3769 1392 3770 1392 3771 1195 3772 1194 3773 1392 3771 1194 3773 1393 3774 1393 3775 1194 3776 1196 3777 83 3778 1085 3779 1086 3780 1086 3780 1085 3779 109 3781 159 3782 158 3783 806 3784 806 3785 158 3786 262 3787 631 3788 633 3789 1394 3790 1394 3791 633 3792 987 3793 1394 3791 987 3793 989 3794 151 3795 153 3796 121 3797 121 3797 153 3796 1395 3798 121 3797 1395 3798 181 3799 181 3800 1395 3801 1396 3802 181 3803 1396 3804 1397 3805 1393 3806 1196 3807 1398 3808 1398 3809 1196 3810 632 3811 1398 3809 632 3811 631 3812 200 3813 204 3814 189 3815 189 3816 204 3817 191 3818 160 3819 1090 3820 1100 3821 1100 3821 1090 3820 184 3822 1312 3823 1319 3824 1311 3825 1311 3826 1319 3827 29 3828 1311 3829 29 3830 31 3831 853 3832 1244 3833 1310 3834 1310 3835 1244 3836 1354 3837 1317 3838 1319 3839 1354 3840 1354 3837 1319 3841 1312 3842 1354 3837 1312 3842 1310 3835 26 3843 28 3844 1316 3845 1316 3846 28 3847 98 3848 1316 3846 98 3848 1326 3849 1326 3849 98 3848 100 3850 1326 3851 100 3852 1325 3853 1325 3853 100 3852 1399 3854 1325 3853 1399 3854 1332 3855 1332 3855 1399 3854 1400 3856 1332 3855 1400 3856 1331 3857 1331 3857 1400 3856 1401 3858 1331 3857 1401 3858 1330 3859 1330 3859 1401 3858 1402 3860 1330 3859 1402 3860 1328 3861 1328 3861 1402 3860 1403 3862 1328 3861 1403 3862 145 3863 145 3864 1403 3865 27 3866 997 3867 1006 3868 996 3869 996 3869 1006 3868 1004 3870 996 3869 1004 3870 995 3871 995 3871 1004 3870 1005 3872 191 3818 204 3817 1099 3873 1099 3874 204 3875 157 3876 1099 3874 157 3876 170 3877 168 3878 190 3879 1329 3880 1329 3881 190 3882 1404 3883 1329 3881 1404 3883 635 3884 635 3885 1404 3886 149 3887 1003 3888 1396 3889 181 3890 181 3891 1395 3892 993 3893 993 3893 1395 3892 153 3894 993 3893 153 3894 994 3895 994 3895 153 3894 152 3896 994 3895 152 3896 998 3897 998 3897 152 3896 156 3898 998 3897 156 3898 1007 3899 1007 3899 156 3898 808 3900 1007 3899 808 3900 1003 3888 1003 3888 808 3900 1397 3901 1003 3888 1397 3901 1396 3889 808 3900 181 3902 1397 3901 229 3903 209 3904 206 3905 206 3906 209 3907 207 3908 229 3903 206 3905 1105 3909 1105 3910 206 3911 248 3912 1105 3910 248 3912 250 3913 216 3914 215 3915 540 3916 540 3917 215 3918 548 3919 228 3920 234 3921 227 3922 227 3922 234 3921 230 3923 255 3924 257 3925 551 3926 551 3927 257 3928 550 3929 218 3930 220 3931 235 3932 235 3933 220 3934 387 3935 1016 3936 223 3937 1015 3938 1015 3938 223 3937 222 3939 1015 3938 222 3939 1039 3940 1039 3940 222 3939 1405 3941 1039 3940 1405 3941 1009 3942 1405 3941 1406 3943 1009 3942 1009 3942 1406 3943 218 3944 1009 3942 218 3944 1010 3945 1010 3945 218 3944 1407 3946 1010 3945 1407 3946 1021 3947 1021 3947 1407 3946 1408 3948 1021 3947 1408 3948 1016 3936 1016 3936 1408 3948 252 3949 1016 3936 252 3949 223 3937 219 3950 218 3944 1406 3943 1406 3951 1405 3952 219 3953 219 3954 1405 3955 222 3956 219 3957 222 350 221 349 210 3958 1106 3959 1108 3960 1108 3960 1106 3959 249 3961 219 3962 232 3963 220 3964 220 3964 232 3963 387 3965 1107 3966 253 3967 266 3968 266 3968 253 3967 254 3969 266 3970 254 3971 267 3972 1029 3973 1035 3974 1030 3975 1030 3975 1035 3974 1042 3976 1030 3975 1042 3976 1033 3977 1033 3977 1042 3976 1037 3978 290 3979 1053 3980 291 3981 291 3982 1053 3983 471 3984 870 3985 869 3986 1028 3987 1028 3987 869 3986 867 3988 1028 3987 867 3988 1056 3989 1056 3989 867 3988 868 3990 1056 3989 868 3990 1059 3991 1059 3991 868 3990 873 3992 1059 3991 873 3992 872 3993 1059 3991 872 3993 1054 3994 1054 3994 872 3993 874 3995 1054 3994 874 3995 1023 3996 1023 3996 874 3995 871 3997 1023 3996 871 3997 1024 3998 1024 3998 871 3997 870 3985 1024 3998 870 3985 1028 3987 178 3999 224 4000 258 4001 258 4002 224 4003 256 4004 213 4005 238 4006 289 4007 289 4008 238 4009 1409 4010 289 4008 1409 4010 245 4011 245 4012 1409 4013 1410 4014 245 4015 1410 4016 275 4017 1104 4018 1411 4019 1116 4020 1116 4020 1411 4019 932 4021 932 4021 1411 4019 933 4022 933 4022 1411 4019 1104 4018 933 4023 1104 4024 832 4025 238 4026 241 4027 1041 4028 1041 4028 241 4027 240 4029 1041 4028 240 4029 1038 4030 1038 4030 240 4029 242 4031 1038 4030 242 4031 1034 4032 1034 4032 242 4031 243 4033 1034 4032 243 4033 1032 4034 1032 4034 243 4033 275 4035 1032 4034 275 4035 1410 4036 1032 4034 1410 4036 1031 4037 1031 4037 1410 4036 1409 4038 1031 4037 1409 4038 1036 4039 1036 4039 1409 4038 238 4026 1036 4039 238 4026 1041 4028 1011 4040 1012 4041 1040 4042 1040 4042 1012 4041 1022 4043 1040 4042 1022 4043 1013 4044 1013 4044 1022 4043 1014 4045 283 4046 290 4047 477 4048 477 4048 290 4047 475 4049 429 389 262 389 484 389 484 4050 262 4050 261 4050 484 4051 261 4051 483 4051 483 4052 261 4052 1089 4052 971 4053 985 4053 428 4053 428 389 985 389 1412 389 428 389 1412 389 426 389 426 389 1412 389 429 389 262 4054 1413 4054 959 4054 1413 4055 262 4055 1414 4055 1414 389 262 389 429 389 1414 389 429 389 1412 389 984 389 1412 389 985 389 202 389 138 389 137 389 142 4056 958 4056 90 4056 138 389 958 389 140 389 140 4057 958 4057 142 4057 138 389 202 389 958 389 958 4058 202 4058 201 4058 958 389 201 389 959 389 959 4059 201 4059 1088 4059 959 4060 1088 4060 262 4060 975 389 974 389 958 389 958 4061 974 4061 970 4061 958 4062 970 4062 90 4062 90 4063 970 4063 971 4063 90 389 971 389 91 389 91 389 971 389 428 389 91 389 428 389 93 389 93 4064 428 4064 1139 4064 93 4065 1139 4065 95 4065 95 4066 1139 4066 483 4066 95 389 483 389 137 389 137 4067 483 4067 1089 4067 137 4068 1089 4068 202 4068 68 389 50 389 964 389 964 4069 50 4069 52 4069 964 389 52 389 958 389 958 4070 52 4070 63 4070 958 389 63 389 975 389 68 4071 964 4071 127 4071 127 4072 964 4072 965 4072 127 4073 965 4073 797 4073 797 389 965 389 992 389 797 389 992 389 111 389 111 389 992 389 1412 389 111 389 1412 389 112 389 112 389 1412 389 984 389 112 4074 984 4074 975 4074 68 4075 127 4075 61 4075 61 4076 127 4076 126 4076 61 4077 126 4077 59 4077 59 4078 126 4078 805 4078 59 4079 805 4079 63 4079 63 4080 805 4080 112 4080 63 4081 112 4081 975 4081 280 4082 1112 4083 454 4084 454 4084 1112 4083 1114 4085 1043 4086 477 4087 537 4088 537 4089 477 4090 461 4091 276 389 1415 4092 307 4093 307 4093 1415 4092 367 4094 307 4093 367 4094 363 4095 399 4096 338 4097 363 4095 363 4095 338 4097 341 4098 363 4095 341 4098 307 4093 307 4093 341 4098 343 389 307 4093 343 389 259 389 276 4099 278 4100 1415 4101 1415 4102 278 4103 1082 4104 1415 4105 1082 4106 367 4107 367 4108 1082 4109 370 4110 367 4108 370 4110 372 4111 936 4112 890 4113 795 4114 795 4114 890 4113 308 4115 364 4116 398 4117 362 4118 362 4119 398 4120 383 4121 383 4121 313 4122 362 4119 362 4123 313 4124 315 4125 362 4123 315 4125 399 4126 399 4127 315 4128 827 4129 477 4130 282 4131 476 4132 476 4132 282 4131 291 4133 476 4134 291 4135 472 4136 284 4137 326 4138 467 4139 467 4140 326 4141 291 4142 467 4140 291 4142 468 4143 1050 4144 1416 4145 1052 4146 1052 4147 1416 4148 291 4142 1052 4147 291 4142 1113 4149 1113 4149 291 4142 326 4141 1113 4150 326 4151 284 4152 468 4153 291 4154 1122 4155 1122 4155 291 4154 1416 4156 1122 4155 1416 4156 1128 4157 940 4158 938 4159 336 4160 336 4160 938 4159 939 4161 336 4162 939 4163 837 4164 837 4164 939 4163 927 4165 837 4164 927 4165 838 4166 1052 4167 1113 4168 1051 4169 1051 4170 1113 4171 284 4172 1051 4173 284 4174 463 4175 298 4176 346 4177 300 4178 300 4179 346 4180 331 4181 300 4182 331 4183 464 4184 1116 4185 932 4186 1045 4187 1045 4188 932 4189 935 4190 353 4191 352 4192 374 4193 374 4194 352 4195 817 4196 374 4197 817 1356 375 1355 25 4198 321 4199 57 4200 57 4201 321 4202 323 4203 57 4204 323 4205 58 4206 670 4207 469 4207 669 4207 669 4208 469 4208 464 4208 669 389 464 389 1417 389 1417 4209 464 4210 331 4211 1417 4209 331 4211 1117 4212 1117 4212 331 4211 330 4213 677 4214 1129 389 670 389 670 4215 1129 4215 501 4215 670 4216 501 4216 469 4216 1124 4217 1125 4218 714 4219 714 4219 1125 4218 1126 4220 714 4219 1126 4220 715 4221 715 4222 1126 4223 1127 4224 715 4225 1127 4226 688 389 688 4227 1127 4228 1129 4227 688 4229 1129 4229 689 4230 689 4231 1129 389 677 4214 689 4231 677 4214 713 4232 714 4219 1123 4233 1124 4217 589 4234 588 4235 794 4236 794 4237 588 4238 1020 389 794 4239 1020 389 1018 389 1020 389 588 4238 981 4240 981 4240 588 4238 669 4241 983 389 981 389 1418 389 1418 389 981 389 669 389 1418 389 669 389 1419 389 1419 4242 669 4242 1417 4242 1417 4243 232 4243 961 4243 961 4244 232 4244 231 4244 961 389 231 389 230 4245 1417 389 1121 389 232 389 232 4246 1121 4246 1120 4246 232 4247 1120 4247 1119 4247 1121 389 1417 4209 1117 4212 433 4248 466 4249 1123 4233 433 4248 1123 4233 277 4250 277 4250 1123 4233 714 4219 277 389 714 4251 278 389 278 389 714 4252 649 389 278 389 649 389 793 389 793 389 649 389 648 389 793 389 648 389 794 4253 794 4236 648 389 689 4254 794 4236 689 4254 589 4234 433 4248 277 4250 434 4255 986 4256 123 4256 793 4256 793 389 123 389 122 389 793 4257 122 4257 278 4257 278 389 122 389 1082 389 211 389 1109 389 794 4258 794 4259 1109 389 1110 389 794 4260 1110 389 923 389 923 4261 1110 4261 274 4261 923 4262 274 4263 129 4264 129 4264 274 4263 11 389 129 4264 11 389 10 4265 211 389 794 4266 1018 389 999 4267 1001 4267 991 4267 991 389 1001 389 983 389 991 389 983 389 1418 389 960 4268 961 389 129 4269 129 4269 961 389 230 4245 129 4269 230 4245 171 4270 171 4270 230 4245 234 4271 171 4270 234 4271 233 4272 232 389 1119 389 387 389 405 4273 474 4274 403 4275 438 389 474 4276 681 389 681 4277 474 4274 405 4273 681 4277 405 4273 277 4278 194 389 986 4279 258 4280 258 4280 986 4279 793 4281 258 4282 793 4283 178 4284 178 4284 793 4283 796 4285 178 4284 796 4285 1216 389 1216 4286 796 4286 1213 4286 1216 4287 1213 4287 1212 4287 923 4262 129 4264 304 389 304 4288 129 4289 1281 4288 304 4290 1281 4290 1277 4290 11 4291 274 4291 273 4291 962 4292 11 4293 963 389 963 4294 11 4294 273 4294 963 4295 273 4295 991 4295 129 4269 15 4296 960 4268 960 4268 15 4296 38 4297 960 4268 38 4297 962 4292 962 4292 38 4297 35 4298 962 4292 35 4298 11 4293 6 4299 129 4264 10 4265 1277 4300 302 4300 304 4300 387 389 1119 389 233 4301 233 4272 1119 4302 1118 4303 233 4272 1118 4303 171 4270 171 4270 1118 4303 1128 4304 171 4270 1128 4304 1416 4305 1416 4305 1050 4306 171 4270 171 4270 1050 4306 434 4307 171 4270 434 4307 319 4308 319 4309 434 4309 277 4309 319 389 277 389 404 389 404 4310 277 4310 405 4311 590 389 592 4312 712 4313 712 4313 592 4312 624 4314 712 4313 624 4314 438 4315 438 4315 624 4314 622 4316 438 4315 622 4316 473 4317 473 4317 622 4316 171 4318 473 4317 171 4318 316 4319 316 4319 171 4318 319 4320 1080 4321 590 4321 712 4321 590 389 1080 389 551 389 551 4322 1080 4322 182 4322 551 4323 182 4323 193 4323 1080 4324 1081 4324 182 4324 182 4325 1081 4325 1082 4325 182 389 1082 389 122 389 551 4326 193 4326 255 4326 255 4327 193 4327 194 4327 255 389 194 389 258 4328 590 389 551 389 619 4329 619 4330 551 389 171 4318 619 4330 171 4318 622 4316 592 4312 594 4331 624 4314 224 4332 178 4333 543 4334 543 4334 178 4333 171 4318 543 4334 171 4318 544 389 544 389 171 4318 551 389 1018 389 999 389 211 389 211 389 999 389 991 389 211 389 991 389 272 389 272 4335 991 4335 273 4335 1289 4336 1293 4337 1290 4338 1290 4339 1293 4340 1130 4341 1290 4342 1130 4343 1291 4344 360 4345 359 4346 1131 4347 1131 4348 359 4349 843 4350 1131 4351 843 4352 1130 4353 1130 4354 843 4355 390 4356 218 4357 235 4358 1407 4359 1407 4359 235 4358 251 4360 1407 4359 251 4360 1408 389 1408 389 251 4360 228 355 1408 389 228 355 252 389 314 4361 1133 4362 1132 4363 1132 4363 1133 4362 381 4364 1390 4365 97 4366 1389 4367 1389 4367 97 4366 388 4368 1389 4367 388 4368 1388 4369 1388 4369 388 4368 891 4370 1388 4369 891 4370 893 4371 358 4372 393 4373 357 4374 357 4374 393 4373 397 4375 357 4376 397 4377 355 4378 1419 4379 1412 4380 1418 4381 1418 4381 1412 4380 992 855 1418 4382 992 855 991 855 495 4383 497 4384 1420 4385 1420 4386 497 4387 1421 4388 498 4389 1422 4390 1423 4391 1422 4390 498 4389 294 4392 294 4392 498 4389 495 4393 294 4392 495 4393 1420 4394 294 4392 1420 4394 1424 4395 1424 4396 1420 4386 1421 4388 1425 4397 1424 4396 1426 4398 1426 4398 1424 4396 1421 4388 1426 4398 1421 4388 1427 4399 1427 4399 1421 4388 497 4387 1427 4399 497 4387 496 4400 1428 4401 1427 4399 1429 4402 1429 4402 1427 4399 496 4400 1429 4402 496 4403 1430 4404 1430 4404 496 4403 498 4405 1429 4402 1431 4406 1428 4401 1428 4401 1431 4406 1432 4407 1428 4401 1432 4407 269 407 269 407 1432 4407 1433 4408 269 407 1433 4408 270 408 270 4409 1433 4408 1401 4410 270 4411 1401 4412 1400 4413 1429 4402 1434 4414 1431 4406 1431 4406 1434 4414 1435 4415 1431 4406 1435 4415 1432 4407 1436 4416 1422 4390 1215 4417 1422 4390 1436 4416 1423 4391 1423 4391 1436 4416 1430 4404 1423 4391 1430 4404 498 4405 166 4418 165 4419 1422 4420 1422 4421 165 4422 1215 4423 294 4392 293 4424 1422 4390 1422 4390 293 4424 199 4425 1422 4426 199 4427 166 4428 166 4428 199 4427 197 4429 166 4428 197 4429 196 4430 1437 4431 263 4432 271 4433 269 407 268 4434 1428 4401 1428 4401 268 4435 1438 4436 1428 4401 1438 4436 1427 4399 1427 4399 1438 4436 1439 4437 1427 4399 1439 4437 1426 4398 1426 4398 1439 4437 449 4438 1426 4398 449 4439 1425 4397 1425 4397 449 4439 1437 4440 1425 4397 1437 4440 1424 4441 1424 4442 1437 4431 271 4433 1424 4442 271 4433 294 4443 1440 4444 1441 4445 1434 4414 1434 4414 1441 4445 1442 4446 1434 4414 1442 4446 1435 4415 348 4447 1443 4448 349 4449 349 4449 1443 4448 1444 4450 349 4451 1444 4450 1215 4417 1440 4444 1445 4452 1446 4453 1445 4452 1440 4444 1447 4454 1447 4454 1440 4444 1434 4414 1447 4454 1434 4414 1448 4455 1447 4456 1449 4457 1445 4458 1445 4459 1449 4460 1355 4461 1445 4459 1355 4461 1446 4462 1446 4462 1355 4461 1068 4463 1446 4462 1068 4463 1450 4464 39 4465 1451 4466 348 4467 348 4467 1451 4466 1452 4468 348 4447 1452 4468 1443 4448 1443 4448 1452 4468 1453 4469 1443 4448 1453 4469 1444 4450 1444 4450 1453 4469 1436 4416 1444 4450 1436 4416 1215 4417 1454 4470 1455 4471 1456 4472 1456 4472 1455 4471 1457 4473 1456 4472 1457 4473 41 4474 349 4451 1215 4417 40 4475 40 4476 1215 4477 86 4478 40 4476 86 4478 41 4479 41 4479 86 4478 17 4480 1394 4481 1387 4482 631 4483 631 4484 1387 4485 34 4486 631 4484 34 4486 1398 4487 1398 4487 34 4486 1393 4488 1393 4488 34 4486 33 4489 33 4489 1384 4490 1214 4491 1214 4491 1384 4490 1215 4492 1384 4493 1385 4494 1215 4495 1215 4495 1385 4494 1386 4496 1215 4477 1386 4497 86 4478 14 4498 865 4499 1214 4491 1214 4491 865 4499 729 4500 1214 4491 729 4500 33 4489 33 4489 729 4500 1392 4501 33 4489 1392 4501 1393 4488 1364 267 865 4499 1363 4502 1363 4502 865 4499 14 4498 729 4500 1391 4503 1392 4501 1391 4503 729 4500 990 4504 990 4504 729 4500 728 4505 990 4504 728 4505 989 4506 727 1234 1454 4507 728 1235 728 1235 1454 4507 1456 4508 728 4505 1456 4509 989 4506 989 4510 1456 4511 41 4512 989 4510 41 4512 1394 4513 1394 4514 41 4479 17 4480 1394 4515 17 4516 1387 4517 1455 4518 1454 4519 727 4520 864 4521 1458 4522 727 4523 727 4523 1458 4522 1459 4524 727 4525 1459 4524 1455 4526 1455 4526 1459 4524 1451 4466 1455 4526 1451 4466 1457 4473 1457 4473 1451 4466 39 4465 1457 4473 39 4465 41 4474 1458 4522 1460 4527 1459 4524 1459 4524 1460 4527 1448 4455 1459 4524 1448 4455 1451 4466 1451 4466 1448 4455 1434 4414 1451 4466 1434 4414 1452 4468 1452 4468 1434 4414 1429 4402 1452 4468 1429 4402 1453 4469 1453 4469 1429 4402 1430 4404 1453 4469 1430 4404 1436 4416 1460 4527 1458 4522 1461 4528 555 4529 547 4530 1461 4528 1461 4528 547 4530 1462 4531 1461 4528 1462 4531 1460 4527 1460 4527 1462 4531 1463 4532 1460 4527 1463 4532 1448 4455 1448 4455 1463 4532 1464 4533 1448 4455 1464 4533 1447 4454 1447 4454 1464 4533 1465 4534 1447 4454 1465 4534 1449 4535 1449 4460 1465 4536 568 4537 1449 4460 568 4537 1355 4461 1355 4461 568 4537 1466 4538 1355 4539 1466 4540 1467 4541 864 4542 556 4543 1458 4544 1458 4544 556 4543 555 4545 1458 4522 555 4546 1461 4528 1463 4532 1462 4547 1468 4548 549 4549 546 4550 1469 4551 1469 4552 546 4553 623 4554 1469 4552 623 4554 1470 4555 1470 4555 623 4554 605 4556 1470 4555 605 4556 568 4557 568 4557 605 4556 608 4558 568 4557 608 4558 1060 4559 1060 4559 608 4558 610 4560 1060 4559 610 4560 1471 4561 1471 4561 610 4560 612 4562 1471 4561 612 4562 1472 4563 1472 4563 612 4562 614 4564 1472 4563 614 4564 1473 4565 1473 4565 614 4564 616 4566 1473 4565 616 4566 1172 4567 1172 4567 616 4566 1357 4568 623 4554 546 4553 598 4569 598 4569 546 4553 618 4570 625 4571 1356 4572 545 4573 545 4574 1356 4575 1357 4576 545 4577 1357 4578 546 4579 546 4553 1357 4568 616 4566 546 4553 616 4566 618 4570 1473 4565 1172 4567 1171 4580 1355 4581 1474 4582 1171 4580 1171 4580 1474 4582 1475 4583 1171 4580 1475 4583 1473 4565 1474 4582 1355 4581 1467 4584 1068 4463 855 4585 1450 4464 1450 4464 855 4585 854 4586 1450 4464 854 4586 1476 4587 1476 4587 854 4586 1309 4588 1476 4587 1309 4588 1307 4589 1307 4589 1477 4590 1476 4587 1403 4591 167 4592 1305 4593 1305 4593 167 4592 118 4594 1305 4593 118 4594 117 4595 1403 4591 1305 4593 27 4596 27 4596 1305 4593 28 4597 28 4597 1305 4593 99 4598 28 4597 99 4598 98 4599 1403 4591 1402 4600 167 4592 167 4592 1402 4600 1433 4408 167 4592 1433 4408 1478 4601 1478 4601 1433 4408 1432 4407 1478 4602 1432 4603 1479 4604 1479 4605 1432 4407 1435 4415 1479 4605 1435 4415 1477 4590 1477 4590 1435 4415 1442 4606 1477 4590 1442 4606 1476 4607 1401 4410 1433 4408 1402 4600 1399 4608 602 4609 1400 4413 1400 4413 602 4609 1480 4610 1400 4413 1480 4610 270 4411 602 4609 1399 4608 100 4611 100 4611 99 4612 602 4609 602 4609 99 4612 1302 4613 602 4609 1302 4613 1300 4614 1300 4614 1302 4613 1303 4615 1300 4616 1303 4617 1301 4618 167 4592 1478 4601 190 4619 190 4620 1478 4621 1404 4622 1404 4623 1478 4624 149 4625 149 4625 1478 4624 1479 4626 149 4625 1479 4626 150 4627 150 4628 1479 4629 1374 4630 1374 4631 1479 4605 1477 4590 1374 4631 1477 4590 117 4595 117 4595 1477 4590 1307 4589 117 4595 1307 4589 1305 4593 1464 4533 1470 4632 1465 4534 1465 4536 1470 4633 568 4537 1464 4533 1463 4532 1470 4632 1470 4632 1463 4532 1468 4548 1470 4634 1468 4548 1469 4551 1469 4551 1468 4548 1462 4547 1469 4551 1462 4547 549 4549 549 4635 1462 4636 547 4637 1476 4638 1442 4639 1450 4640 1450 4641 1442 4642 1441 4643 1450 4644 1441 4645 1446 4646 1446 4453 1441 4445 1440 4444 603 4647 627 4648 1481 4649 1481 4649 627 4650 629 4651 1481 4649 629 4651 445 4652 604 4653 603 4647 1481 4649 1300 4654 627 4655 602 4656 602 4657 627 4648 603 4647 654 4658 655 4659 629 4660 629 4651 655 4661 845 4662 629 4651 845 4662 445 4652 445 4652 845 4662 418 4663 655 4661 401 4664 845 4662 845 4665 401 4666 400 4667 604 4668 1480 4669 602 4670 270 408 1482 4671 268 406 268 4672 1482 4673 604 4668 268 4435 604 4653 1438 4436 1438 4436 604 4653 1481 4649 1438 4436 1481 4649 1439 4437 1439 4437 1481 4649 445 4652 1439 4674 445 4675 449 4676 270 4677 1480 4669 1482 4673 1482 4673 1480 4669 604 4668 166 4678 196 4679 134 4680 134 4680 196 4679 419 4681 134 4680 419 4681 135 4682 135 4683 419 4684 492 4685 135 4686 492 4687 1283 4688 1283 4689 492 4690 1284 4691 978 4692 263 4432 419 4681 419 4681 263 4432 1437 4431 419 4693 1437 4440 417 4694 417 4694 1437 4440 449 4439 978 4692 419 4681 196 4679 1412 4380 1419 4379 1414 4695 1414 1817 1419 1817 1417 1817 1414 1817 1417 1817 1413 1817 1413 4696 1417 4696 961 4697 1413 4698 961 1799 959 1798 490 4699 427 4700 431 4701 431 4702 427 4703 426 4704 431 4705 426 4706 429 4707 499 4708 490 4709 430 4710 430 4711 490 4712 431 4713 683 4714 1376 389 1137 389 1137 389 1376 389 436 4715 443 4716 444 4717 847 4718 847 4718 444 4717 680 4719 438 4720 680 4721 439 4722 439 4722 680 4721 444 4723 439 4724 444 4725 435 4726 849 4727 1383 4728 716 4729 716 4729 1383 4728 1483 4730 716 4731 1483 4732 717 4733 692 4734 1382 4735 693 4736 693 4736 1382 4735 1484 4737 693 4738 1484 4739 848 4740 465 4741 320 4742 500 4743 500 4744 320 4745 469 4746 456 4747 483 4748 457 4749 457 4750 483 4751 1139 4752 457 4753 1139 4754 459 4755 1044 4756 454 4757 486 4758 486 4758 454 4757 480 4759 1115 4760 1111 4761 1136 4762 1136 4762 1111 4761 488 4763 1136 4762 488 4763 494 4764 494 4764 488 4763 493 4765 462 4766 470 4767 463 4768 463 4768 470 4767 432 4769 486 4770 330 4771 1044 4772 1044 4773 330 4774 455 4775 259 4776 344 4777 260 4778 260 4779 344 4780 416 4781 260 4782 416 4783 237 4784 537 4785 476 4786 1043 4787 1043 4787 476 4786 472 4788 463 4789 432 4790 1051 4791 1051 4792 432 4793 434 4794 1138 4795 465 4796 333 4797 333 4798 465 4799 500 4800 538 4801 297 4802 299 4803 299 4804 297 4805 296 4806 537 4807 461 4808 479 4808 500 4809 501 4810 333 4811 333 4812 501 4813 1129 4814 333 4815 1129 4816 851 4817 1053 4818 290 4819 471 4820 471 4821 290 4822 282 4823 471 4824 282 4825 472 4826 499 4708 430 4710 481 4827 481 4828 430 4829 456 4830 491 4831 1141 4832 1140 4833 1140 4833 1141 4832 460 4834 225 4835 224 4836 542 4837 542 4837 224 4836 543 4838 370 2129 1080 2128 214 4839 214 4840 1080 4841 564 4842 214 4840 564 4842 215 4843 479 4844 1053 4845 536 4846 536 4846 1053 4845 290 4847 548 3919 215 3918 1366 4848 1366 4849 215 4850 565 4851 1366 4849 565 4851 572 4852 571 4853 1369 389 1367 389 1367 389 1369 389 541 4854 1027 4855 1057 4856 1026 4857 1026 4857 1057 4856 1058 4858 1026 4857 1058 4858 1025 4859 1025 4859 1058 4858 1055 4860 567 4861 566 4862 1370 4863 1370 4864 566 4865 552 4866 568 4867 570 4868 1466 4869 1466 4869 570 4868 1154 4870 1466 4871 1154 4872 1467 4873 1467 4873 1154 4872 1156 4874 1467 4873 1156 4874 1474 4875 1474 4875 1156 4874 1153 4876 1474 4875 1153 4876 1475 4877 1475 4877 1153 4876 1152 4878 1475 4877 1152 4878 1473 4879 1473 4879 1152 4878 1145 4880 1473 4879 1145 4880 1472 4881 1472 4881 1145 4880 1142 4882 1472 4881 1142 4882 1471 4883 1471 4883 1142 4882 1061 4884 1471 4885 1061 4886 1060 4887 606 4888 623 4889 600 4890 600 4891 623 4892 598 4893 636 4894 620 4895 594 4896 594 4897 620 4898 622 4899 1375 4900 1373 4901 621 4902 621 4902 1373 4901 590 4903 621 4902 590 4903 619 4904 625 4905 547 4906 560 4907 560 4908 547 4909 555 4910 1065 4911 908 4912 1064 4913 1064 4913 908 4912 907 4914 1064 4913 907 4914 1066 4915 1066 4915 907 4914 915 4916 1074 4917 913 4918 1072 4919 1072 4919 913 4918 911 4920 1072 4919 911 4920 657 4921 657 4922 910 4923 1065 4911 1065 4911 910 4923 909 4924 1065 4911 909 4924 908 4912 913 4918 1074 4917 912 4925 672 1431 912 4925 915 4916 915 4916 912 4925 1074 4917 915 4916 1074 4917 1066 4915 629 4926 628 4927 654 4928 654 4929 628 4930 601 4931 654 4929 601 4931 630 4932 1070 4933 1063 4934 1071 4935 1071 4936 1063 4937 1062 4938 1071 4936 1062 4938 1073 4939 1073 4939 1062 4938 1067 4940 914 4941 713 4942 671 4943 671 4944 713 4945 677 4946 338 4947 399 4948 339 4949 339 4949 399 4948 828 4950 339 4949 828 4950 415 4951 415 4951 828 4950 825 4952 415 4951 825 4952 413 4953 413 4953 825 4952 554 4954 1375 4955 636 4956 1373 4957 1373 4957 636 4956 637 4958 1373 4957 637 4958 1371 4959 1371 4959 637 4958 1372 4960 652 4961 1379 4962 653 4963 653 4963 1379 4962 1485 4964 653 4965 1485 4966 725 4967 724 4968 1380 4969 650 4970 650 4970 1380 4969 1486 4971 650 4972 1486 4973 651 4974 695 4975 409 4976 696 4977 696 4977 409 4976 408 4978 696 4977 408 4978 697 4979 697 4979 408 4978 411 4980 697 4981 411 4982 552 4983 699 4984 698 4985 906 4986 906 4987 698 4988 918 3558 906 4987 918 3558 905 3557 552 4989 411 4990 553 4991 553 4992 411 4993 413 4994 553 4995 413 4996 554 4997 916 4998 678 4999 917 4998 917 855 678 5000 687 855 917 855 687 855 1076 855 580 5001 705 5002 581 5003 581 1181 705 5004 704 1179 663 5005 667 5006 705 5007 705 5008 667 5009 706 5010 726 5011 1378 5012 690 5013 690 5013 1378 5012 1487 5014 690 5015 1487 5016 691 5017 718 5018 1381 5019 719 5020 719 5020 1381 5019 1488 5021 719 5022 1488 5023 723 5024</p>
        </triangles>
      </mesh>
    </geometry>
  </library_geometries>
  <library_visual_scenes>
    <visual_scene id="Scene" name="Scene">
      <node id="f_1-06vxh12-a00_lk0" name="f_1-06vxh12-a00_lk0" type="NODE">
        <matrix sid="transform">1 0 0 0 0 1 0 0 0 0 1 0 0 0 0 1</matrix>
        <instance_geometry url="#polygons-mesh" name="f_1-06vxh12-a00_lk0">
          <bind_material>
            <technique_common>
              <instance_material symbol="Surface_1-material" target="#Surface_1-material"/>
            </technique_common>
          </bind_material>
        </instance_geometry>
      </node>
    </visual_scene>
  </library_visual_scenes>
  <scene>
    <instance_visual_scene url="#Scene"/>
  </scene>
</COLLADA>