<?xml version="1.0" encoding="utf-8"?>
<COLLADA xmlns="http://www.collada.org/2005/11/COLLADASchema" version="1.4.1" xmlns:xsi="http://www.w3.org/2001/XMLSchema-instance">
  <asset>
    <contributor>
      <author>Blender User</author>
      <authoring_tool>Blender 4.2.0 commit date:2024-07-16, commit time:06:20, hash:a51f293548ad</authoring_tool>
    </contributor>
    <created>2025-03-20T13:15:25</created>
    <modified>2025-03-20T13:15:25</modified>
    <unit name="meter" meter="1"/>
    <up_axis>Z_UP</up_axis>
  </asset>
  <library_effects>
    <effect id="Surface_3_002-effect">
      <profile_COMMON>
        <technique sid="common">
          <lambert>
            <emission>
              <color sid="emission">0 0 0 1</color>
            </emission>
            <diffuse>
              <color sid="diffuse">0 0.200784 0.4 1</color>
            </diffuse>
            <index_of_refraction>
              <float sid="ior">1</float>
            </index_of_refraction>
          </lambert>
        </technique>
      </profile_COMMON>
    </effect>
    <effect id="Surface_1_003-effect">
      <profile_COMMON>
        <technique sid="common">
          <lambert>
            <emission>
              <color sid="emission">0 0 0 1</color>
            </emission>
            <diffuse>
              <color sid="diffuse">0 0 0 1</color>
            </diffuse>
            <index_of_refraction>
              <float sid="ior">1</float>
            </index_of_refraction>
          </lambert>
        </technique>
      </profile_COMMON>
    </effect>
  </library_effects>
  <library_images/>
  <library_materials>
    <material id="Surface_3_002-material" name="Surface_3.002">
      <instance_effect url="#Surface_3_002-effect"/>
    </material>
    <material id="Surface_1_003-material" name="Surface_1.003">
      <instance_effect url="#Surface_1_003-effect"/>
    </material>
  </library_materials>
  <library_geometries>
    <geometry id="f_1-06vxh12-a00_lk3_1-mesh" name="f_1-06vxh12-a00_lk3_1">
      <mesh>
        <source id="f_1-06vxh12-a00_lk3_1-mesh-positions">
          <float_array id="f_1-06vxh12-a00_lk3_1-mesh-positions-array" count="12441">0.112809 0.12527 1.036027 0.12294 0.1253499 1.035981 0.123114 0.102939 1.035981 0.133202 0.12543 1.028088 0.133246 0.1030189 1.028088 0.142681 0.1253499 1.023842 0.142681 0.1030189 1.023842 0.1528559 0.1253499 1.022042 0.1529 0.1030189 1.022042 0.163944 0.12543 1.022919 0.164466 0.102939 1.022873 0.1677269 0.12551 1.020058 0.168684 0.1030189 1.01955 0.1760759 0.12519 1.019319 0.180598 0.1030189 1.019504 0.181555 0.12543 1.019827 0.182903 0.1030189 1.021073 0.11207 0.1031 1.036165 0.128637 0.1286309 1.105673 0.1281149 0.12567 1.102858 0.129985 0.12559 1.106781 0.114983 -0.008471965 0.999012 0.114766 0.003533959 0.998919 0.1152009 -0.01695495 0.999012 0.126767 0.003533959 0.999012 0.126419 -0.01455396 0.999012 0.12681 0.01353895 0.99915 0.218906 0.07932895 1.060027 0.217514 0.1030189 1.061873 0.218297 0.079409 1.061411 0.139725 0.146399 1.086565 0.135159 0.12575 1.098011 0.136855 0.134314 1.093488 0.113679 -0.008471965 0.999012 0.105939 -0.008471965 1.000535 0.142899 0.146399 1.088688 0.1393769 0.137435 1.093027 0.128463 0.128391 1.102304 0.216167 0.07196497 1.083519 0.21621 0.05547797 1.083519 0.21608 0.06396198 1.083519 0.2094269 0.102939 1.042304 0.210862 0.1030189 1.05195 0.209949 0.1030189 1.045904 0.218949 0.04347199 1.092473 0.2199929 0.04347199 1.102442 0.219645 0.04347199 1.096442 0.105374 0.004573941 1.006165 0.108939 0.003533959 1.008612 0.102112 0.003453969 1.006212 0.107461 0.01193797 1.007088 0.102634 0.01241797 1.006258 0.09806895 0.01193797 1.008981 0.124984 0.01353895 0.999981 0.122506 0.01353895 0.999012 0.123854 0.01353895 1.000673 0.1233749 0.01353895 0.999658 0.130593 0.01353895 1.00455 0.129202 0.003453969 1.00395 0.128637 0.01345795 1.003211 0.110244 0.003533959 1.014427 0.110157 0.01241797 1.011658 0.109374 0.01193797 1.016458 0.231037 0.06740295 1.069904 0.230994 0.067483 1.053519 0.231211 0.067083 1.074427 0.1261579 0.01353895 1.000719 0.09115499 0.01353895 1.030488 0.08980697 0.01345795 1.033996 0.09037196 0.01353895 1.031458 0.119984 0.01353895 0.999981 0.117853 0.01353895 0.999012 0.118897 0.01353895 1.000581 0.121158 0.01353895 1.000719 0.236473 0.06364095 1.053242 0.236473 0.06292098 1.051165 0.231211 0.06460195 1.052873 0.208905 0.1030189 1.03755 0.193991 0.05547797 1.128981 0.193208 0.05563795 1.119935 0.193556 0.055718 1.125658 0.126723 0.04347199 0.999519 0.128506 0.04347199 0.999658 0.128419 0.01353895 0.999565 0.128506 0.003533959 0.999888 0.158466 -0.003748953 0.998827 0.152943 -0.005349993 0.998919 0.155857 -0.00743097 0.99855 0.09545999 0.003213942 1.038842 0.08998095 0.003533959 1.063996 0.091807 0.003533959 1.052042 0.129028 0.01353895 1.004689 0.095155 0.01345795 1.037781 0.09524196 0.01353895 1.040135 0.09576398 0.01353895 1.038935 0.128985 0.04355198 1.005104 0.18325 0.003533959 0.999012 0.231646 0.06420201 1.070965 0.233386 0.06532198 1.072673 0.2327769 0.06204098 1.070919 0.23656 0.06172096 1.077288 0.236473 0.05467694 1.077288 0.236473 0.05443698 1.074842 0.233342 0.06476199 1.070365 0.091111 0.04347199 1.035519 0.09006798 0.04347199 1.026335 0.09041595 0.04347199 1.03155 0.09019798 0.04347199 1.037412 0.180076 0.003213942 1.004412 0.154987 0.003533959 0.999012 0.166945 0.003533959 1.000812 0.231342 0.06452196 1.069258 0.09689497 0.079409 1.037181 0.09906899 0.05547797 1.032519 0.09298098 0.05547797 1.047381 0.09011095 0.01353895 1.02675 0.09054595 0.04347199 1.024996 0.09019798 0.05563795 1.025088 0.206079 0.04347199 1.103135 0.205731 0.05547797 1.103458 0.1982949 0.05555796 1.111719 0.1949909 0.04347199 1.114442 0.1949909 0.05547797 1.114812 0.193947 0.04347199 1.115596 0.193991 0.01353895 1.11555 0.200469 0.003533959 1.109458 0.206035 0.003453969 1.103181 0.193991 0.003453969 1.115412 0.115462 0.05595797 1.006212 0.116549 0.06164097 1.00815 0.116244 0.06075996 1.002796 0.236864 0.05179595 1.074612 0.230994 0.06180095 1.070827 0.231994 0.06228095 1.073181 0.11781 0.05547797 1.002104 0.117201 0.05555796 1.007688 0.195599 0.122548 1.052135 0.196947 0.1030189 1.061919 0.195165 0.1030189 1.051673 0.13155 0.128471 1.101242 0.133333 0.12575 1.102396 0.13142 0.12559 1.101473 0.133724 0.128551 1.104012 0.22982 0.06884396 1.063673 0.119897 0.05587798 0.999612 0.121419 0.05555796 1.000581 0.233559 0.06588196 1.067735 0.231037 0.06356096 1.068104 0.2299939 0.05307698 1.078858 0.231037 0.052836 1.078812 0.230298 0.06316095 1.078765 0.103982 0.05547797 1.024535 0.131767 0.128391 1.106781 0.123288 0.04347199 0.999565 0.1930339 0.04347199 0.999012 0.133289 0.12559 1.105442 0.103852 0.04347199 1.024858 0.106982 -0.04696899 1.114812 0.103591 -0.04816997 1.116473 0.104243 -0.04632896 1.111858 0.09545999 0.05547797 1.037781 0.08998095 0.05555796 1.037181 0.09554696 0.04347199 1.037827 0.09076398 0.01353895 1.037458 0.09080696 0.003533959 1.037458 0.1008509 -0.03992599 1.110842 0.09911197 -0.03960597 1.114073 0.09593796 -0.03848499 1.111165 0.09806895 0.01193797 1.111535 0.10133 0.003453969 1.109042 0.09702497 0.003533959 1.113981 0.122593 0.1030189 1.112181 0.121419 0.079409 1.112827 0.123332 0.079409 1.112458 0.188947 0.01353895 1.129073 0.196295 -0.008471965 1.128981 0.1917729 0.003533959 1.128981 0.105548 0.004573941 1.108765 0.108548 0.003533959 1.110473 0.13355 0.1030189 1.009581 0.133724 0.079409 1.009581 0.132724 0.079409 1.006073 0.204644 0.004573941 1.121827 0.2010779 0.003533959 1.119381 0.2079049 0.003453969 1.121781 0.181381 0.01345795 1.124781 0.180989 0.01353895 1.123304 0.1793799 0.01353895 1.123488 0.21534 -0.008551955 1.118735 0.219036 -0.008551955 1.112504 0.2123399 -0.008471965 1.123258 0.202426 0.003533959 1.011704 0.202165 0.004413962 1.012719 0.20347 0.004413962 1.015535 0.205252 0.004413962 1.008888 0.204209 0.003533959 1.009165 0.20273 0.004413962 1.010688 0.20273 0.003533959 1.014796 0.181033 0.04355198 1.122888 0.121027 0.12591 1.083519 0.117418 0.12559 1.075904 0.125549 0.12551 1.090627 0.129985 0.1030189 1.004642 0.130593 0.079409 1.004781 0.129115 0.079409 1.006488 0.1289409 0.102939 1.008381 0.128593 0.079409 1.010042 0.1285499 0.1030189 1.010088 0.096547 0.1030189 1.038012 0.096982 0.079409 1.039396 0.095721 0.05547797 1.039073 0.09198099 0.05547797 1.051258 0.208514 -0.008471965 1.125842 0.09054595 0.01353895 1.090581 0.09106796 0.01353895 1.092935 0.09050297 0.04347199 1.092288 0.183946 0.01353895 1.127365 0.18499 0.01353895 1.128011 0.188468 0.01353895 1.000119 0.185033 0.01345795 0.998827 0.187512 0.01353895 0.999381 0.1806409 0.04355198 1.004919 0.181381 0.01353895 1.00455 0.179598 0.01353895 1.004504 0.167771 0.04347199 1.000996 0.15503 0.04347199 0.999704 0.143029 0.003533959 1.000812 0.142247 0.04347199 1.000996 0.131506 0.003533959 1.004135 0.182642 0.01353895 1.128842 0.179294 0.12599 1.033258 0.174076 0.12567 1.02915 0.184424 0.12567 1.037458 0.209992 0.01193797 1.109596 0.212949 0.003533959 1.113335 0.208514 0.003853976 1.108996 0.129854 0.1030189 1.12215 0.128506 0.079409 1.122242 0.13068 0.079409 1.121227 0.08998095 0.01353895 1.092658 0.09119796 0.01353895 1.098335 0.09050297 0.01353895 1.095704 0.180989 0.01345795 1.003581 0.212818 0.079409 1.038058 0.209209 0.07932895 1.037919 0.212688 0.1030189 1.038104 0.09071999 0.05547797 1.063673 0.09415495 0.01353895 1.090304 0.09567695 0.01353895 1.089981 0.09550297 0.01353895 1.088412 0.179989 0.12559 1.021212 0.178206 0.128391 1.021212 0.181381 0.1286309 1.022319 0.183598 0.01353895 1.006119 0.183598 0.04347199 1.006119 0.184642 0.04347199 1.007042 0.18612 0.01353895 1.127411 0.186729 0.01353895 1.128473 0.1832939 0.04347199 1.128473 0.181511 0.04347199 1.128427 0.090981 0.04347199 1.098981 0.09158998 0.04347199 1.097827 0.232125 0.05131596 1.056427 0.231777 0.05131596 1.05375 0.232298 0.05411696 1.057073 0.211905 0.01193797 1.016458 0.2103829 0.003533959 1.017935 0.212818 0.004573941 1.014381 0.212731 0.01241797 1.011612 0.212818 0.003453969 1.011104 0.209992 0.01193797 1.007088 0.233038 0.05107599 1.060027 0.09050297 0.04347199 1.097273 0.231037 0.05451697 1.05075 0.23082 0.05435699 1.056796 0.212905 0.1030189 1.041981 0.2136009 0.079409 1.041473 0.116636 0.1111029 1.106319 0.117027 0.1030189 1.106504 0.126506 0.1030189 1.113381 0.126506 0.111023 1.113381 0.137551 0.1030189 1.118412 0.137159 0.1111029 1.118088 0.217341 0.079409 1.04955 0.217645 0.1030189 1.049965 0.216862 0.079409 1.051719 0.212688 0.01241797 1.114165 0.141073 0.079409 1.12275 0.148899 0.079409 1.127735 0.147508 0.079409 1.127042 0.231037 0.04859495 1.074427 0.2299939 0.048675 1.074473 0.230037 0.048675 1.053381 0.209296 0.079409 1.042996 0.090981 0.04347199 1.093996 0.09158998 0.04347199 1.092842 0.236473 0.06180095 1.053196 0.230994 0.06180095 1.053196 0.231124 0.06164097 1.07715 0.2365159 0.06172096 1.070688 0.183511 0.04347199 1.000119 0.187425 0.04347199 0.999381 0.219471 0.01353895 1.097412 0.2188619 0.04347199 1.097504 0.21321 0.1030189 1.05795 0.213036 0.079409 1.057627 0.211992 0.079409 1.054904 0.212079 0.1030189 1.054765 0.212601 0.079409 1.052088 0.212427 0.1030189 1.05255 0.230994 0.048114 1.056842 0.2299939 0.05299699 1.049135 0.231081 0.052356 1.049504 0.20834 0.003533959 1.016273 0.209079 0.004413962 1.015535 0.2062529 0.004413962 1.016827 0.09798198 0.1030189 1.050565 0.09798198 0.079409 1.050565 0.09828597 0.079409 1.052827 0.098329 0.1030189 1.052965 0.09724199 0.079409 1.055642 0.096982 0.1030189 1.055965 0.09006798 0.04347199 1.090858 0.230907 0.052836 1.060027 0.2103829 0.003533959 1.012719 0.210079 0.004413962 1.011704 0.209818 0.003533959 1.010688 0.181729 0.043392 0.999381 0.104547 0.003533959 1.127273 0.09885096 0.004253983 1.120119 0.205252 0.003533959 1.01655 0.09154599 0.04347199 1.095011 0.09059 0.04347199 1.102535 0.09054595 0.04347199 1.100735 0.139029 0.1030189 1.007735 0.138985 0.079409 1.007735 0.136942 0.079409 1.009027 0.136898 0.1030189 1.00935 0.100069 0.079409 1.040135 0.09298098 0.079409 1.048073 0.09437298 0.079409 1.045996 0.207296 0.003533959 1.008888 0.20834 0.004413962 1.009165 0.126941 0.12527 1.095842 0.154987 0.05547797 0.999796 0.154987 0.06740295 0.999888 0.154335 0.079409 1.000027 0.230864 0.05171597 1.058735 0.231124 0.05203598 1.057073 0.23282 0.051476 1.057627 0.2142969 0.1030189 1.040042 0.2139919 0.079409 1.039212 0.09998196 0.01193797 1.120904 0.105678 0.003533959 1.121919 0.107461 0.01193797 1.109642 0.102634 0.01241797 1.108811 0.101286 0.102939 1.040458 0.10146 0.07932895 1.040919 0.100721 0.079409 1.043965 0.100678 0.1030189 1.044011 0.09937298 0.079409 1.045996 0.09933 0.102939 1.04595 0.193512 0.04347199 1.128427 0.193556 0.01353895 1.128473 0.193599 0.003533959 1.128196 0.10346 0.01353895 1.102996 0.104591 0.04347199 1.103965 0.103417 0.04347199 1.10295 0.170988 0.1030189 1.00215 0.171293 0.079409 1.002104 0.169597 0.079409 1.002704 0.218471 0.01353895 1.035058 0.220254 0.01345795 1.030396 0.218993 0.01353895 1.033996 0.09345901 0.05563795 1.102488 0.096547 0.06155997 1.103135 0.091807 0.06147998 1.100688 0.09906899 0.055718 1.102211 0.218428 0.01345795 1.032842 0.219515 0.01353895 1.032288 0.09993797 0.06092 1.101196 0.125245 0.01353895 1.12095 0.126506 0.01353895 1.127873 0.126419 0.01353895 1.121873 0.219471 0.01353895 1.025642 0.219689 0.01353895 1.02675 0.09089398 0.01353895 1.102535 0.08985 0.003613948 1.102442 0.103591 0.003453969 1.102996 0.192251 0.01353895 0.99915 0.191599 0.04347199 0.999519 0.194034 0.04347199 0.999565 0.192947 0.003533959 0.999012 0.193599 0.01353895 1.000304 0.09019798 0.01353895 1.100919 0.08998095 -0.008471965 1.104288 0.08998095 0.003533959 1.092242 0.08998095 -0.008471965 1.084073 0.08998095 -0.01343399 1.085042 0.08972001 -0.002948999 1.063719 0.08998095 -0.008471965 1.043919 0.08998095 0.003533959 1.03575 0.08998095 0.003533959 1.027212 0.08993697 0.003533959 1.023842 0.08993697 -0.008471965 1.023381 0.09171998 0.003533959 1.013596 0.09132897 -0.008471965 1.01475 0.096677 0.003533959 1.005658 0.096677 -0.008471965 1.005658 0.104547 0.003533959 1.000719 0.090981 0.003533959 1.025458 0.09128499 0.01353895 1.025411 0.08985 -0.01479399 1.042812 0.1057209 -0.008471965 1.127642 0.096677 0.003533959 1.122335 0.097503 -0.01207298 1.122704 0.09171998 0.003533959 1.114396 0.09145897 -0.008471965 1.113104 0.09089398 0.003533959 1.090488 0.114679 -0.008471965 1.129027 0.113679 -0.002468943 1.128981 0.114809 0.003533959 1.129073 0.122375 0.003453969 1.129073 0.154987 0.003533959 1.128981 0.18325 0.003533959 1.128981 0.181511 0.01353895 1.128335 0.181511 0.003533959 1.128104 0.090981 0.055718 1.097504 0.09002399 0.05555796 1.090627 0.2199929 -0.008471965 1.022689 0.2199929 0.003533959 1.027212 0.09645998 0.1030189 1.060027 0.09637296 0.07932895 1.060119 0.09719896 0.079409 1.062612 0.09724199 0.1030189 1.063396 0.09637296 0.079409 1.065935 0.09658998 0.1030189 1.065565 0.090851 0.1030189 1.067965 0.09202498 0.079409 1.06635 0.091111 0.07932895 1.068104 0.1169829 0.04347199 1.128981 0.191729 0.04347199 1.128473 0.168901 0.079409 1.005242 0.161118 0.079409 1.000304 0.162466 0.079409 1.00095 0.194469 0.05547797 1.012996 0.194121 0.04347199 1.012858 0.192425 0.128711 1.089612 0.192382 0.12559 1.087165 0.193643 0.12559 1.09095 0.132941 0.1030189 1.005935 0.192947 0.1030189 1.012535 0.1930339 0.102939 1.017381 0.103808 0.079409 1.036027 0.103808 0.1030189 1.035981 0.106287 0.1030189 1.033073 0.1062 0.1030189 1.03035 0.106765 0.079409 1.031088 0.105852 0.079409 1.033396 0.120853 0.111183 1.026981 0.119158 0.1031 1.026427 0.125245 0.102859 1.024073 0.135202 0.110783 1.018119 0.139986 0.10318 1.015812 0.14042 0.111023 1.01415 0.193643 0.05555796 0.998965 0.115244 0.01353895 1.114535 0.115375 0.04347199 1.114673 0.115809 0.003453969 1.114996 0.1160269 0.01353895 1.115642 0.212036 0.05587798 1.034504 0.214166 0.05547797 1.039027 0.216167 0.05563795 1.034596 0.221037 0.05547797 1.043965 0.2199929 0.05547797 1.041981 0.195252 0.129191 1.084673 0.197382 0.128711 1.090119 0.1973389 0.12559 1.090396 0.1977739 0.12559 1.087211 0.18299 0.12543 1.023888 0.180772 0.003453969 1.124088 0.09676396 0.1030189 1.070042 0.096982 0.079409 1.070365 0.09798198 0.079409 1.073088 0.097938 0.1030189 1.073227 0.09741598 0.079409 1.075904 0.09758996 0.1030189 1.075442 0.09454697 0.1030189 1.049781 0.09298098 0.1030189 1.047888 0.09467697 0.079409 1.049873 0.137551 0.1111029 1.009627 0.126506 0.1030189 1.014658 0.126506 0.111023 1.014658 0.116766 0.1031 1.021765 0.11707 0.1111029 1.021535 0.117027 0.1030189 1.115458 0.117027 0.079409 1.114996 0.118244 0.079409 1.116427 0.115635 0.12559 1.069258 0.1148959 0.12551 1.063996 0.211992 0.079409 1.077427 0.211992 0.1030189 1.077427 0.215471 0.1030189 1.078212 0.217036 0.1030189 1.080104 0.217036 0.079409 1.079919 0.21534 0.079409 1.078165 0.164423 0.137275 1.095658 0.165205 0.12607 1.101888 0.179294 0.12599 1.094781 0.200643 0.1277509 1.067088 0.199991 0.12559 1.066627 0.202035 0.128311 1.063212 0.200209 0.127991 1.062888 0.2002519 0.129271 1.063812 0.2016 0.140397 1.054073 0.199861 0.138076 1.053519 0.200035 0.142638 1.054627 0.199469 0.135915 1.069673 0.197034 0.141997 1.068888 0.197078 0.12551 1.068519 0.218949 0.055718 1.030442 0.197034 0.123829 1.064273 0.199339 0.124469 1.067412 0.21821 0.06147998 1.027304 0.218688 0.06092 1.031458 0.212775 0.079409 1.07235 0.213036 0.1030189 1.072027 0.21134 0.1030189 1.075396 0.211731 0.079409 1.075212 0.197121 0.133273 1.061088 0.197121 0.132233 1.059612 0.197121 0.1339139 1.059612 0.197034 0.12567 1.078812 0.200295 0.12551 1.062981 0.216558 0.055718 1.02555 0.206079 0.1031 1.076781 0.20547 0.111023 1.076273 0.204122 0.111023 1.073735 0.204122 0.1030189 1.073688 0.2049919 0.111023 1.063996 0.204557 0.102859 1.058135 0.204122 0.111183 1.052919 0.20547 0.1030189 1.051812 0.121549 0.01353895 1.128519 0.1225489 0.04347199 1.128612 0.121506 0.04347199 1.127873 0.218993 0.04347199 1.033996 0.219471 0.04347199 1.035704 0.218428 0.04347199 1.035104 0.2134709 0.06155997 1.024858 0.210949 0.055718 1.025781 0.180728 0.146639 1.078396 0.171162 0.14752 1.08195 0.177206 0.145279 1.080104 0.2183409 0.04347199 1.032842 0.184511 0.12567 1.090581 0.174032 0.12567 1.09875 0.126506 0.04347199 1.127919 0.191816 0.12551 1.080981 0.218819 0.04347199 1.028458 0.220036 0.04363197 1.043458 0.219471 0.04347199 1.030719 0.142899 0.146399 1.039304 0.1350719 0.12567 1.029981 0.1393769 0.137435 1.035012 0.121027 0.12591 1.044473 0.125593 0.12543 1.037827 0.117462 0.12551 1.052273 0.202122 0.1409569 1.057165 0.200295 0.140397 1.058042 0.2001219 0.138316 1.056796 0.218471 0.04347199 1.029981 0.126419 0.04347199 1.121919 0.1253319 0.04347199 1.12095 0.200295 0.142718 1.057996 0.218471 0.01345795 1.030027 0.218688 0.01353895 1.028319 0.219036 0.04347199 1.025458 0.188903 0.05603796 1.128058 0.1874679 0.05547797 1.127042 0.1132439 0.128551 1.042258 0.1122 0.12559 1.040781 0.1148959 0.12551 1.042812 0.19686 0.124229 1.049596 0.194295 0.12527 1.048996 0.197034 0.1239089 1.054858 0.170988 0.1030189 1.120258 0.171032 0.079409 1.120258 0.173076 0.079409 1.118965 0.173119 0.1030189 1.118919 0.17625 0.079409 1.118412 0.17638 0.102939 1.118504 0.214514 0.003213942 1.089427 0.2199929 0.003533959 1.063996 0.218167 0.003533959 1.07595 0.112505 0.12551 1.037781 0.113896 0.1253499 1.054442 0.169206 0.1030189 1.003211 0.17338 0.102939 1.009073 0.17725 0.079409 1.121919 0.194295 0.06155997 1.120535 0.211992 0.1030189 1.063996 0.213818 0.079409 1.062104 0.213427 0.1030189 1.062427 0.212775 0.079409 1.065381 0.213558 0.1030189 1.067965 0.213645 0.07932895 1.067919 0.181511 0.079409 1.00575 0.18012 0.1031 1.005842 0.18299 0.1030189 1.006811 0.213079 0.079409 1.090858 0.2134709 0.1030189 1.089981 0.211992 0.1030189 1.092011 0.179294 0.079409 1.006811 0.180772 0.1030189 1.121873 0.180902 0.079409 1.12155 0.181381 0.079409 1.11795 0.215819 0.01353895 1.037642 0.2142969 0.01353895 1.038012 0.214471 0.01353895 1.039627 0.209905 0.079409 1.087858 0.215645 0.079409 1.081996 0.129028 0.01345795 1.124411 0.128506 0.01353895 1.128011 0.128463 0.003533959 1.12815 0.191686 0.06147998 1.127181 0.189468 0.06131994 1.118135 0.187512 0.06092 1.127688 0.184424 0.06155997 1.125381 0.184859 0.06139999 1.12095 0.1272889 0.01353895 1.128704 0.1995559 0.12543 1.053842 0.199165 0.123669 1.060488 0.199774 0.124629 1.060488 0.1869029 0.102939 1.092058 0.197947 0.1031 1.091781 0.197165 0.12527 1.092011 0.187077 0.1253499 1.092011 0.176815 0.12543 1.099904 0.1767719 0.1030189 1.099904 0.167336 0.1253499 1.10415 0.1672919 0.1030189 1.10415 0.157118 0.12543 1.10595 0.157074 0.1030189 1.10595 0.145551 0.1253499 1.105027 0.145769 0.1030189 1.105119 0.1415939 0.1030189 1.108488 0.132202 0.1030189 1.108488 0.141507 0.12543 1.108442 0.128071 0.12559 1.10835 0.128985 0.111023 1.108488 0.132202 0.111023 1.108488 0.162901 0.1030189 1.001273 0.163075 0.102939 1.005935 0.129941 0.003213942 1.123581 0.143029 0.003533959 1.127181 0.206209 0.1030189 1.092011 0.206166 0.079409 1.091965 0.211905 0.079409 1.091965 0.21908 0.1030189 1.059935 0.203731 0.1030189 1.094965 0.203774 0.1030189 1.097642 0.203252 0.079409 1.09695 0.204165 0.079409 1.094596 0.101069 0.1030189 1.090442 0.100982 0.07932895 1.090258 0.110635 0.079409 1.104565 0.117027 0.079409 1.11075 0.1169829 0.1030189 1.110565 0.107896 0.1030189 1.101196 0.2108179 0.1111029 1.076042 0.211992 0.111023 1.063996 0.210731 0.1111029 1.052412 0.18299 0.079409 1.007088 0.110548 0.12511 1.037688 0.181424 0.1030189 1.11795 0.177119 0.1030189 1.122058 0.231124 0.05251598 1.073919 0.230994 0.05435699 1.074796 0.231081 0.05459696 1.077335 0.230994 0.05435699 1.073458 0.186729 0.04347199 1.128473 0.18499 0.04347199 1.128011 0.18612 0.04347199 1.127319 0.18999 0.04347199 1.128011 0.1882939 0.04347199 1.128473 0.1888599 0.04347199 1.127319 0.1282449 0.043392 1.128519 0.154987 0.04347199 1.128288 0.167771 0.04347199 1.127042 0.128724 0.04355198 1.122888 0.142203 0.04347199 1.127042 0.183859 0.04347199 1.127365 0.191121 0.04347199 1.127319 0.21908 0.07196497 1.063996 0.218993 0.079409 1.065104 0.218688 0.079409 1.070181 0.218819 0.04347199 1.095519 0.212079 0.04347199 1.095288 0.211949 0.04347199 1.093673 0.212905 0.04347199 1.092612 0.09732896 0.01241797 1.013827 0.104852 0.01249796 1.019181 0.1000249 0.01193797 1.018396 0.2299939 0.07204496 1.083427 0.216036 0.07196497 1.044473 0.22995 0.07204496 1.044612 0.2199929 0.05563795 1.102719 0.229907 0.05547797 1.08375 0.220036 0.05531799 1.084488 0.165553 0.14752 1.042812 0.17738 0.14704 1.048812 0.161596 0.14728 1.037735 0.1429859 0.14752 1.040458 0.180555 0.14752 1.050427 0.196339 0.14792 1.069396 0.196991 0.14696 1.050242 0.1429859 0.14752 1.087535 0.152552 0.146719 1.038335 0.161988 0.1423169 1.034412 0.1639879 0.142237 1.035242 0.165205 0.12607 1.02615 0.190164 0.12559 1.045535 0.184424 0.12599 1.039304 0.18599 0.136155 1.048812 0.170206 0.146639 1.043411 0.142334 0.12551 1.026842 0.157422 0.1258299 1.024488 0.134681 0.146719 1.052042 0.140551 0.146799 1.040735 0.136855 0.134314 1.034504 0.12194 0.136955 1.065242 0.12768 0.146479 1.062796 0.11807 0.129912 1.063488 0.127115 0.12591 1.09155 0.1346369 0.146719 1.075904 0.127984 0.146399 1.066119 0.137507 0.14752 1.079735 0.130854 0.1475999 1.058319 0.140942 0.14688 1.087765 0.16364 0.146799 1.090027 0.155944 0.1472 1.089565 0.115244 0.01353895 1.013458 0.1160269 0.003453969 1.012627 0.109548 0.003533959 1.018535 0.108939 0.05547797 1.019227 0.114853 0.05547797 1.013781 0.115027 0.04347199 1.013596 0.103982 0.003453969 1.024812 0.219602 0.04347199 1.090627 0.2151229 0.04347199 1.090442 0.214036 0.04347199 1.089612 0.2199929 0.04347199 1.086012 0.2180359 0.04347199 1.076781 0.221037 0.04355198 1.084027 0.22995 0.04347199 1.083842 0.219297 0.04347199 1.063996 0.2180359 0.04347199 1.051211 0.213905 0.04355198 1.037919 0.22995 0.04347199 1.044104 0.219384 0.04347199 1.037504 0.219471 0.04347199 1.032242 0.09076398 0.01353895 1.035565 0.09789496 0.01345795 1.03275 0.09802496 0.01353895 1.034273 0.09711199 0.01353895 1.035427 0.09115499 0.01353895 1.032473 0.118288 0.04347199 0.999519 0.119984 0.04347199 0.999981 0.118897 0.04347199 1.000719 0.116766 0.04347199 0.999519 0.115375 0.04347199 0.998965 0.11607 0.04347199 1.012396 0.121679 0.04347199 0.999565 0.121114 0.04347199 1.000627 0.09115499 0.04347199 1.032473 0.097938 0.04347199 1.03275 0.09806895 0.04347199 1.034319 0.09711199 0.04347199 1.035381 0.196295 -0.008471965 0.999012 0.181555 0.003533959 0.999796 0.181511 0.01353895 0.99975 0.2201229 0.003533959 1.02375 0.218254 -0.008471965 1.01355 0.218254 0.003533959 1.01355 0.21334 -0.008471965 1.005658 0.21334 0.003533959 1.005658 0.205426 -0.008471965 1.000719 0.205426 0.003533959 1.000719 0.196295 -0.002468943 0.999012 0.14042 -0.008471965 0.999012 0.10333 0.079409 1.026289 0.115027 0.079409 1.014012 0.120549 0.06131994 1.009858 0.120332 0.05579799 1.00995 0.140768 0.079409 1.00155 0.13942 0.05547797 1.001735 0.135289 0.079409 1.003119 0.125723 0.05667799 1.006858 0.125158 0.06139999 1.007088 0.124767 0.05547797 1.007365 0.12568 0.05563795 1.002888 0.125593 0.06155997 1.002612 0.184294 0.05667799 1.121135 0.185207 0.05547797 1.120673 0.184337 0.05563795 1.125196 0.130419 0.01353895 1.123488 0.128637 0.01353895 1.123442 0.178467 0.003533959 1.123858 0.166945 0.003533959 1.127181 0.213558 0.01353895 1.102719 0.219036 0.003533959 1.102535 0.219558 0.01353895 1.101981 0.219036 0.04347199 1.103042 0.2199929 0.003533959 1.102211 0.108461 0.079409 1.026012 0.11781 0.079409 1.016919 0.139029 0.079409 1.002888 0.183033 0.102939 1.03215 0.183555 0.1253499 1.032888 0.18999 0.12527 1.040781 0.190903 0.1030189 1.042212 0.1102 0.003613948 1.117027 0.109548 0.003533959 1.109458 0.116418 0.003533959 1.128011 0.220297 0.01345795 1.095058 0.2199929 0.003533959 1.092242 0.2199929 -0.01463395 1.059011 0.2201229 -0.002708971 1.062888 0.2199929 -0.008471965 1.057858 0.2199929 0.003533959 1.03575 0.220036 -0.005509972 1.104981 0.218254 0.003533959 1.114442 0.213297 0.003533959 1.122335 0.205426 0.003533959 1.127273 0.2026 -0.008471965 1.128196 0.195208 0.003533959 1.129119 0.220036 -0.01463395 1.104012 0.219428 0.01353895 1.037412 0.21908 0.003533959 1.037504 0.219123 0.003533959 1.090535 0.219689 0.01353895 1.091088 0.2006 0.01193797 1.111535 0.199817 0.01241797 1.116381 0.205165 0.01241797 1.108811 0.211905 0.01193797 1.119012 0.207383 0.01241797 1.121735 0.202513 0.01193797 1.120904 0.181424 0.04347199 1.003858 0.09554696 0.04347199 1.090304 0.09602499 0.05531799 1.090073 0.09228497 0.05547797 1.078027 0.091807 0.003533959 1.07595 0.095155 0.003533959 1.087488 0.09789496 0.05667799 1.093258 0.09837299 0.05547797 1.094227 0.09806895 0.06139999 1.093858 0.095981 0.079409 1.088781 0.09411197 0.079409 1.083704 0.09267699 0.079409 1.078442 0.09167701 0.079409 1.073365 0.105026 0.079409 1.103965 0.1008509 0.06131994 1.098427 0.122854 0.079409 1.119335 0.123854 0.05547797 1.120119 0.110287 0.05547797 1.11015 0.100938 0.05579799 1.098611 0.138898 0.05547797 1.126165 0.154987 0.05547797 1.128196 0.1386809 0.079409 1.125888 0.09102398 0.079409 1.062888 0.09128499 0.079409 1.057811 0.09576398 0.04347199 1.039027 0.202513 0.01193797 1.018396 0.20734 0.01241797 1.019181 0.199817 0.01249796 1.013827 0.205165 0.01241797 1.006304 0.2006 0.01193797 1.009027 0.149073 0.079409 1.001319 0.1509 0.07932895 1.000119 0.145638 0.079409 1.000673 0.142421 0.079409 1.002196 0.144899 0.079409 1.006904 0.148899 0.07932895 1.006027 0.14316 0.079409 1.006119 0.104852 0.01241797 1.121688 0.09724199 0.01249796 1.116381 0.109374 0.01193797 1.119012 0.1102 0.01241797 1.114165 0.1865119 0.04347199 1.000165 0.186251 0.04347199 1.00695 0.236603 0.05451697 1.05075 0.23656 0.05459696 1.057258 0.236473 0.05435699 1.073458 0.117027 0.01353895 1.128519 0.120114 0.01353895 1.129073 0.1536819 0.102859 1.005888 0.160987 0.1030189 1.000304 0.159161 0.1030189 1.001365 0.1589 0.102939 1.005796 0.1529 0.1030189 1.001181 0.150987 0.1030189 1.000119 0.149073 0.1030189 1.001089 0.148943 0.102939 1.006073 0.143855 0.102859 1.006904 0.142812 0.1030189 1.002704 0.140986 0.1030189 1.001596 0.139029 0.1030189 1.002612 0.1393769 0.1030189 1.011704 0.110505 0.1030189 1.038381 0.108417 0.102939 1.025965 0.11781 0.1030189 1.016919 0.110592 0.1030189 1.050704 0.097938 0.1030189 1.039858 0.09798198 0.1030189 1.036027 0.103808 0.1030189 1.026012 0.103373 0.1030189 1.029612 0.102373 0.1030189 1.02795 0.10046 0.102939 1.085642 0.09732896 0.1030189 1.089888 0.09711199 0.1030189 1.086012 0.09563398 0.1030189 1.088042 0.100069 0.1030189 1.082088 0.098764 0.1030189 1.080011 0.09446001 0.1030189 1.046042 0.09106796 0.1030189 1.05795 0.09258997 0.1030189 1.059935 0.09258997 0.1030189 1.056058 0.09271997 0.1030189 1.066073 0.09241598 0.1030189 1.06995 0.092372 0.1030189 1.078027 0.093894 0.1030189 1.079965 0.09415495 0.1030189 1.076088 0.120071 0.1031 1.116565 0.121114 0.1030189 1.113427 0.126984 0.1030189 1.11495 0.127028 0.1030189 1.121181 0.132028 0.1030189 1.117535 0.136681 0.1030189 1.118919 0.137029 0.1030189 1.124827 0.138985 0.1030189 1.125888 0.14042 0.1031 1.11375 0.146812 0.102939 1.12155 0.141377 0.102939 1.120627 0.140812 0.1030189 1.124827 0.13829 0.1030189 1.111073 0.120897 0.1031 1.101242 0.114853 0.1030189 1.076319 0.117549 0.1030189 1.103688 0.126984 0.1030189 1.105442 0.126984 0.102939 1.095888 0.119071 0.1030189 1.085781 0.113809 0.102939 1.053935 0.11307 0.1030189 1.066073 0.191338 0.04347199 1.009396 0.190077 0.04355198 1.010227 0.188642 0.04347199 1.008935 0.188468 0.04347199 1.000119 0.200295 0.137915 1.067412 0.205731 0.137995 1.067319 0.2059479 0.1423169 1.066996 0.1996 0.141517 1.067365 0.1620309 0.1423169 1.093627 0.142942 0.12567 1.10115 0.15877 0.12575 1.103365 0.188729 0.135594 1.078765 0.197078 0.146479 1.078442 0.191469 0.1272709 1.079181 0.210036 0.06092 1.026796 0.209166 0.06131994 1.029565 0.211905 0.06139999 1.034181 0.21621 0.06155997 1.034735 0.123462 0.04347199 1.127827 0.123723 0.04347199 1.121042 0.196817 0.124469 1.074519 0.197034 0.144318 1.066165 0.197034 0.144158 1.054258 0.197034 0.1414369 1.051996 0.197078 0.12591 1.052273 0.1966429 0.139196 1.048812 0.164379 0.079409 1.127319 0.1692489 0.079409 1.126442 0.1675969 0.079409 1.125796 0.161118 0.07932895 1.121965 0.165118 0.079409 1.121088 0.166814 0.079409 1.121873 0.1591179 0.07932895 1.127873 0.160944 0.079409 1.126719 0.217384 0.1030189 1.071981 0.217427 0.1030189 1.068058 0.218949 0.1030189 1.070042 0.217601 0.1030189 1.058042 0.196339 0.123029 1.070596 0.196121 0.102939 1.073596 0.09719896 0.079409 1.089935 0.21034 0.079409 1.096165 0.205644 0.079409 1.098104 0.207514 0.079409 1.099535 0.206731 0.079409 1.10175 0.262475 -0.146455 1.168211 0.265867 -0.151257 1.165027 0.237429 -0.151737 1.130412 0.267737 -0.1575 1.163458 0.241647 -0.15798 1.131796 0.26778 -0.164223 1.163735 0.239473 -0.164623 1.129212 0.266041 -0.170306 1.165812 0.237342 -0.170786 1.130919 0.262693 -0.174948 1.169365 0.233559 -0.175428 1.133827 0.228559 -0.177829 1.137612 0.206948 -0.176388 1.094504 0.201643 -0.17879 1.097781 0.182903 -0.17983 1.063996 0.195947 -0.178709 1.101288 0.1748149 -0.17983 1.063996 0.190686 -0.176068 1.104427 0.167684 -0.177029 1.063996 0.186642 -0.171186 1.106781 0.16264 -0.172227 1.063996 0.18312 -0.165103 1.105442 0.1600739 -0.166384 1.063996 0.184468 -0.1583 1.107658 0.160118 -0.160141 1.063996 0.1627269 -0.154138 1.063996 0.258344 -0.177429 1.173842 0.223211 -0.177749 1.141581 0.253605 -0.177269 1.17855 0.218254 -0.175028 1.145227 0.249213 -0.174548 1.182842 0.214514 -0.170226 1.14795 0.2458209 -0.169745 1.185981 0.243952 -0.163503 1.18755 0.216601 -0.163983 1.154919 0.243908 -0.156859 1.187273 0.212471 -0.15734 1.149104 0.1991209 -0.1643829 1.13055 0.212688 -0.164063 1.149058 0.245648 -0.1506969 1.185242 0.214601 -0.151177 1.147442 0.248952 -0.146055 1.181688 0.223385 -0.144134 1.14075 0.218384 -0.146535 1.144488 0.190729 -0.147495 1.10355 0.186686 -0.152137 1.106135 0.167901 -0.149176 1.063996 0.2533 -0.143653 1.177212 0.228733 -0.144214 1.136735 0.195991 -0.145094 1.100227 0.201687 -0.145174 1.096719 0.175206 -0.146295 1.063996 0.1832939 -0.146215 1.063996 0.25804 -0.143814 1.172458 0.23369 -0.146935 1.133088 0.206948 -0.147895 1.093581 0.190512 -0.149016 1.063996 0.210992 -0.152698 1.091273 0.230472 -0.1582199 1.116519 0.21334 -0.15886 1.09035 0.2131659 -0.165583 1.09035 0.210949 -0.171746 1.091873 0.195599 -0.153818 1.063996 0.198121 -0.1596609 1.063996 0.1902509 -0.176869 1.063996 0.1955119 -0.1719059 1.063996 0.198121 -0.165904 1.063996 0.217819 0.079409 1.068288 0.1393769 0.111023 1.116288 0.139942 0.1111029 1.112088 0.127028 0.111023 1.106365 0.122506 0.111023 1.101935 0.119158 0.111023 1.101519 0.170554 0.05547797 1.126258 0.174684 0.079409 1.124919 0.179424 0.079409 1.123212 0.1949909 0.079409 1.113981 0.18986 0.05667799 1.117904 0.197295 0.05547797 1.110935 0.188947 0.05547797 1.118504 0.218297 0.079409 1.054627 0.217471 0.079409 1.058042 0.160944 0.1030189 1.126904 0.158987 0.1030189 1.127873 0.161031 0.102939 1.121919 0.166118 0.102859 1.121088 0.167162 0.1030189 1.125288 0.168988 0.1030189 1.126396 0.170945 0.1030189 1.125381 0.1789889 0.1030189 1.123165 0.1922079 0.1030189 1.111073 0.2016 0.102939 1.102027 0.199513 0.1030189 1.089658 0.207644 0.1030189 1.100042 0.2066439 0.1030189 1.098381 0.206166 0.1030189 1.101981 0.202078 0.1030189 1.026796 0.1994259 0.1030189 1.077288 0.212079 0.1030189 1.088135 0.20847 0.102939 1.087581 0.209905 0.102939 1.082365 0.2155579 0.1030189 1.08195 0.15103 0.102939 1.122381 0.154509 0.1030189 1.121873 0.156552 0.1030189 1.122427 0.157118 0.1030189 1.126488 0.147117 0.1030189 1.126719 0.148986 0.1030189 1.127688 0.150856 0.1030189 1.126627 0.153987 0.079409 1.128058 0.154987 0.06740295 1.128104 0.101243 0.04355198 1.028919 0.09115499 0.04347199 1.027488 0.100417 0.04347199 1.027673 0.09993797 0.04347199 1.03035 0.091111 0.04347199 1.030488 0.09811198 0.079409 1.036027 0.09967696 0.079409 1.031873 0.104374 0.079409 1.029888 0.10246 0.079409 1.028458 0.208644 0.01345795 1.099258 0.210036 0.01353895 1.097642 0.2188619 0.01353895 1.100504 0.209601 0.01353895 1.100319 0.211949 0.01353895 1.093765 0.212123 0.01345795 1.095242 0.2188619 0.01353895 1.095519 0.212862 0.01353895 1.092612 0.218906 0.01353895 1.092519 0.09341597 0.04347199 1.090396 0.09493798 0.003453969 1.089796 0.1527259 0.079409 1.00095 0.15303 0.079409 1.005288 0.156552 0.079409 1.006258 0.158118 0.079409 1.000073 0.1589 0.079409 1.005288 0.159031 0.079409 1.001273 0.09054595 0.04347199 1.095704 0.09150296 0.04347199 1.100042 0.191729 0.01353895 1.128473 0.191121 0.01345795 1.127411 0.18999 0.01353895 1.128011 0.1888599 0.01345795 1.127319 0.09271997 0.079409 1.056058 0.175076 0.079409 1.009765 0.172902 0.079409 1.003258 0.172989 0.079409 1.008381 0.178076 0.07932895 1.010458 0.1047649 0.05547797 1.10415 0.09002399 0.05555796 1.104012 0.186164 0.05547797 1.007873 0.171075 0.05547797 1.001827 0.209079 0.05579799 1.029381 0.2049919 0.079409 1.024027 0.19973 0.05547797 1.017842 0.191729 0.079409 1.011565 0.187164 0.079409 1.008658 0.116331 0.05555796 1.129027 0.115548 0.05547797 1.114996 0.09380698 0.055718 1.093304 0.1995559 0.142478 1.065888 0.205644 0.142718 1.057996 0.199469 0.1253499 1.077565 0.1994259 0.12519 1.090396 0.18999 0.1031 1.011519 0.188903 0.1030189 1.014565 0.1874679 0.102939 1.015719 0.18299 0.1030189 1.013088 0.177989 0.1030189 1.010504 0.190295 0.12551 1.083058 0.189686 0.12615 1.082088 0.11994 0.04355198 1.117765 0.118418 0.04347199 1.128519 0.118679 0.04347199 1.118596 0.121332 0.04347199 1.119058 0.115983 0.04347199 1.128473 0.11607 0.04347199 1.115688 0.19299 0.079409 1.013042 0.19299 0.079409 1.017427 0.202078 0.079409 1.026796 0.110505 0.12543 1.050335 0.209253 0.079409 1.084027 0.210601 0.079409 1.081996 0.208514 0.07932895 1.087073 0.150943 0.079409 1.126719 0.151378 0.07932895 1.121919 0.09706896 0.003533959 1.014658 0.101504 0.003853976 1.019042 0.194643 0.04347199 1.129027 0.1949909 0.05547797 1.128427 0.123941 0.04347199 1.000673 0.124984 0.04347199 0.999981 0.09993797 0.01353895 1.03035 0.10133 0.01345795 1.028735 0.126115 0.04347199 1.000627 0.09115499 0.01353895 1.027488 0.116679 0.01353895 0.999519 0.100373 0.01353895 1.027673 0.114983 0.05547797 0.999565 0.095851 -0.04376798 1.115781 0.1011559 -0.05121099 1.116658 0.103678 -0.05201196 1.11855 0.210079 0.04347199 1.097642 0.203731 0.003693997 1.109319 0.199774 0.003533959 1.113565 0.211949 0.003613948 1.118504 0.127028 0.079409 1.120904 0.127028 0.079409 1.115227 0.229863 0.05547797 1.044381 0.209601 0.04347199 1.100365 0.208775 0.04355198 1.099073 0.1902509 0.01345795 1.010365 0.188642 0.01353895 1.008935 0.214732 0.01353895 1.087858 0.214166 0.01345795 1.090304 0.215079 0.01345795 1.089658 0.217993 0.01353895 1.090442 0.191338 0.01353895 1.009396 0.09011095 0.04347199 1.104012 0.218167 0.003533959 1.052042 0.214862 0.003533959 1.040504 0.199991 0.003853976 1.010504 0.204339 0.003533959 1.006073 0.09154599 0.01353895 1.095058 0.131941 0.079409 1.117535 0.1865119 0.01353895 1.000119 0.186251 0.01345795 1.006904 0.09163296 0.01353895 1.100135 0.21621 0.05547797 1.044473 0.1767719 0.12559 1.022181 0.176293 0.128551 1.023981 0.1834239 0.01353895 0.99975 0.178467 0.128471 1.026796 0.177293 0.12559 1.026242 0.09215497 0.079409 1.05975 0.219515 0.04347199 1.10055 0.14042 0.079409 1.125288 0.137116 0.079409 1.124735 0.231037 0.06316095 1.049135 0.2299939 0.06316095 1.049135 0.21608 0.1030189 1.048073 0.216167 0.079409 1.048027 0.181511 0.128391 1.025688 0.181989 0.12567 1.02495 0.210557 0.07932895 1.047611 0.211253 0.1030189 1.048027 0.193947 0.01353895 1.012258 0.193556 0.003533959 0.999981 0.194208 0.003453969 1.012996 0.137029 0.079409 1.119612 0.118679 0.01353895 1.118596 0.118505 0.01353895 1.127873 0.09380698 0.079409 1.080011 0.172989 0.1030189 1.003211 0.123506 0.01353895 1.127873 0.123767 0.01345795 1.121088 0.1197659 0.01345795 1.117673 0.121375 0.01353895 1.119058 0.09946 0.07932895 1.080381 0.157205 -0.04704898 1.132673 0.159509 -0.04760897 1.126581 0.162075 -0.04848998 1.126765 0.161466 -0.04896998 1.124642 0.195252 0.12551 1.085181 0.205687 0.137915 1.063812 0.200295 0.137915 1.063812 0.09250295 0.079409 1.06995 0.116679 0.128471 1.037688 0.112592 0.128711 1.037873 0.11781 0.128711 1.041427 0.116375 0.12559 1.037088 0.117549 0.12551 1.040965 0.18299 0.079409 1.012765 0.170945 0.079409 1.12515 0.213036 0.079409 1.088642 0.219471 0.01353895 1.035704 0.22008 0.04347199 1.024212 0.205426 0.04347199 1.024027 0.2198629 0.05555796 1.023981 0.205252 0.05547797 1.023842 0.210905 0.05547797 1.093442 0.126984 0.12503 1.105488 0.156857 0.07932895 1.122335 0.157248 0.079409 1.127042 0.09806895 0.003613948 1.009488 0.115983 0.01353895 1.01235 0.217297 0.079409 1.071935 0.2299939 0.06740295 1.074796 0.2299939 0.06740295 1.053196 0.1018519 -0.044568 1.113658 0.208122 0.111023 1.051396 0.115983 0.05547797 0.999012 0.120419 0.079409 1.115873 0.191512 0.01353895 1.000119 0.184729 0.01353895 1.007042 0.119114 0.12543 1.085781 0.114853 0.12543 1.076319 0.11307 0.1253499 1.066119 0.112244 0.12511 1.052365 0.133637 0.14704 1.053519 0.215862 0.1030189 1.051904 0.231081 0.06131994 1.050888 0.141812 0.079409 1.120719 0.20634 0.01353895 1.024904 0.200469 0.003533959 1.018535 0.206383 0.003453969 1.025042 0.209514 0.003613948 1.007088 0.215906 0.079409 1.044288 0.215079 0.003453969 1.038196 0.100678 0.079409 1.084996 0.09645998 0.079409 1.086612 0.16764 0.07932895 1.007642 0.168727 0.102939 1.007227 0.09315496 0.079409 1.076319 0.09132897 0.06092 1.096535 0.09363299 0.06155997 1.093442 0.163031 0.079409 1.00575 0.219036 0.003533959 1.025411 0.199687 0.143998 1.06695 0.2066 0.04347199 1.025042 0.117549 0.111023 1.024304 0.205731 0.138316 1.053704 0.205557 0.138556 1.057212 0.2059479 0.12599 1.053796 0.172249 0.12599 1.098335 0.188512 0.07932895 1.015442 0.189599 0.079409 1.012119 0.146899 0.079409 1.122473 0.1922079 0.079409 1.111073 0.201556 0.079409 1.102027 0.10033 -0.008471965 1.003765 0.09476399 -0.008471965 1.009304 0.118244 0.003533959 0.999012 0.116418 0.003533959 0.999935 0.106287 0.003693997 1.018719 0.103243 0.01353895 1.025042 0.120897 0.06164097 0.999704 0.204557 0.003533959 1.019227 0.200295 0.003693997 1.015258 0.21608 0.06396198 1.044473 0.172249 0.12599 1.029704 0.144725 0.079409 1.120996 0.1349419 0.079409 1.118273 0.209818 0.003533959 1.014796 0.116375 0.12551 1.053565 0.164901 0.1030189 1.00695 0.116418 0.01353895 1.127273 0.205644 0.12551 1.063027 0.205731 0.129031 1.063581 0.199382 0.142077 1.052135 0.199295 0.1267099 1.051996 0.184424 0.12599 1.088688 0.199643 0.144318 1.056012 0.18599 0.079409 1.015212 0.239957 -0.169445 1.276899 0.2408699 -0.168478 1.277012 0.239053 -0.168505 1.278047 0.2407439 -0.06992995 1.277162 0.238938 -0.06987696 1.278179 0.244997 -0.168505 1.274997 0.244451 -0.06549698 1.276371 0.244409 -0.168505 1.276409 0.242813 -0.06581997 1.277068 0.2430019 -0.168505 1.276993 0.2380239 -0.168478 1.279798 0.238108 -0.06990295 1.280062 0.238003 -0.168505 1.282001 0.237468 -0.169795 1.282001 0.237384 -0.06549698 1.283451 0.237405 -0.168505 1.283413 0.238098 -0.06581997 1.281794 0.238014 -0.06968796 1.281361 0.220992 -0.17001 1.242952 0.212592 -0.168505 1.24459 0.213999 -0.168505 1.244006 0.211332 -0.169472 1.250728 0.212529 -0.169795 1.246002 0.211983 -0.168478 1.248205 0.206344 -0.06563198 1.244778 0.209421 -0.07003796 1.243893 0.205021 -0.070333 1.247602 0.243674 -0.170493 1.24619 0.211699 -0.170493 1.251782 0.233005 -0.08814597 1.235063 0.234517 -0.087179 1.236475 0.234454 -0.09319698 1.234931 0.232134 -0.105771 1.233726 0.232795 -0.09744197 1.233463 0.240597 -0.168505 1.243969 0.242718 -0.168505 1.244289 0.215501 -0.08699095 1.244006 0.215501 -0.08699095 1.237492 0.21591 -0.08803898 1.235553 0.235998 -0.06549698 1.283997 0.220383 -0.08833396 1.231994 0.217874 -0.08822697 1.233726 0.2243739 -0.08693701 1.233218 0.234087 -0.1059589 1.235553 0.2363229 -0.170332 1.283055 0.240713 -0.17052 1.275562 0.216992 -0.105851 1.235063 0.21548 -0.106819 1.236475 0.215553 -0.1008 1.234931 0.243915 -0.168505 1.24508 0.206344 -0.17052 1.281794 0.208696 -0.169902 1.283413 0.205578 -0.06549698 1.249768 0.205 -0.06549698 1.247866 0.217212 -0.09655499 1.233463 0.240345 -0.151874 1.232954 0.239957 -0.151901 1.243931 0.23981 -0.163991 1.232992 0.240597 -0.167726 1.236155 0.24023 -0.170251 1.244082 0.2344959 -0.107007 1.244006 0.2344959 -0.107007 1.237492 0.2344959 -0.08699095 1.244006 0.229624 -0.105663 1.231994 0.225634 -0.10706 1.233218 0.244472 -0.169795 1.274997 0.207468 -0.06966197 1.250991 0.209263 -0.06992995 1.250822 0.211888 -0.06990295 1.247941 0.211059 -0.06987696 1.249824 0.211993 -0.06968796 1.246623 0.242529 -0.06966197 1.276993 0.244472 -0.07006496 1.278725 0.240009 -0.07001096 1.283677 0.243936 -0.06998395 1.282773 0.219596 -0.105717 1.231994 0.230401 -0.08827996 1.231994 0.230495 -0.09698498 1.2319 0.219501 -0.09701198 1.2319 0.206638 -0.170493 1.252178 0.206995 -0.168505 1.250991 0.205588 -0.168505 1.251594 0.205011 -0.168505 1.281078 0.205 -0.168505 1.253006 0.205525 -0.169795 1.253006 0.206082 -0.168505 1.282923 0.235998 -0.168505 1.283997 0.207888 -0.168505 1.283997 0.208696 -0.06049996 1.283997 0.242025 -0.06052696 1.283997 0.242865 -0.06573897 1.283865 0.244976 -0.06052696 1.281568 0.207279 -0.06049996 1.283714 0.206082 -0.06049996 1.282923 0.2052839 -0.06049996 1.281718 0.205 -0.06049996 1.280306 0.205031 -0.06052696 1.246925 0.205 -0.06549698 1.253006 0.205546 -0.06549698 1.251613 0.20689 -0.06549698 1.250991 0.209179 -0.168478 1.250973 0.207163 -0.06055396 1.244025 0.210954 -0.168505 1.249956 0.212004 -0.168505 1.246002 0.2256439 -0.156576 1.233312 0.225634 -0.156764 1.24395 0.248 -0.10964 1.298005 0.234003 -0.10964 1.298005 0.248 -0.103299 1.309 0.234003 -0.103299 1.309 0.209536 -0.06563198 1.244006 0.2119089 -0.06581997 1.246228 0.225434 -0.166678 1.234969 0.2266 -0.164018 1.233067 0.226169 -0.170171 1.238546 0.225823 -0.170305 1.244025 0.225497 -0.168505 1.244006 0.212623 -0.06549698 1.244552 0.239432 -0.06557798 1.283319 0.244997 -0.06549698 1.274997 0.2449859 -0.06557798 1.280834 0.244325 -0.06568497 1.278442 0.215501 -0.107007 1.244006 0.213999 -0.06549698 1.244006 0.233394 -0.168344 1.235797 0.236428 -0.170332 1.238471 0.244997 -0.06049996 1.247697 0.2449859 -0.168505 1.246925 0.244724 -0.06049996 1.246284 0.243915 -0.06049996 1.24508 0.242718 -0.06049996 1.244289 0.241301 -0.06049996 1.244006 0.218325 -0.02592098 1.243042 0.221897 -0.02690696 1.243138 0.218492 -0.02795898 1.245626 0.22198 -0.02815598 1.246105 0.113928 -0.04103595 0.964403 0.1150079 -0.04096996 0.958756 0.1150079 -0.03650099 0.958756 0.114261 -0.03656697 0.964212 0.11559 -0.03650099 0.973401 0.117084 -0.04110097 0.976081 0.122151 -0.03656697 0.980293 0.125639 -0.04096996 0.981059 0.132117 -0.03650099 0.981059 0.135522 -0.04103595 0.980197 0.140505 -0.03650099 0.976177 0.142166 -0.04096996 0.973401 0.143827 -0.03650099 0.967084 0.143744 -0.04103595 0.963925 0.1409209 -0.03676396 0.957512 0.13901 -0.04096996 0.955406 0.138844 -0.04103595 0.953491 0.13901 -0.03650099 0.953587 0.309019 0.048599 1.323733 0.306112 0.05536699 1.31866 0.306527 0.03893899 1.331199 0.3047 0.01514995 1.342016 0.306527 -0.003118991 1.341633 0.306527 0.01863294 1.339431 0.276961 0.05010998 1.322489 0.279535 0.04136997 1.329764 0.278871 0.05760097 1.315693 0.304285 0.03276097 1.337325 0.284435 0.05464398 1.328136 0.284352 0.05792999 1.31799 0.281113 0.05221295 1.323733 0.110025 -0.030981 0.999437 0.111022 -0.01908695 0.998862 0.111105 -0.02848398 0.998288 0.08801597 -0.01954698 1.018293 0.07995998 -0.01928395 1.019155 0.07995998 -0.01849597 1.022026 0.07995998 -0.01849597 1.105972 0.07995998 -0.01921898 1.108844 0.08469396 -0.01783895 1.09573 0.08585697 -0.01915299 1.108461 0.08984297 -0.01744395 1.107791 0.08859699 -0.02020394 1.110471 0.09117197 -0.020796 1.113821 0.087767 -0.01770699 1.104058 0.08801597 -0.01737898 1.088264 0.08876395 -0.01632696 1.024515 0.08594 -0.01829898 1.025185 0.08145499 -0.01849597 1.033321 0.08502596 -0.01849597 1.04318 0.087435 -0.018233 1.063951 0.09050798 -0.01698398 1.017432 0.408599 0.06042695 1.31464 0.408682 0.07908999 1.309758 0.407602 0.078893 1.299899 0.408017 0.07205897 1.308705 0.408017 0.06502699 1.310524 0.08004295 -0.02940398 1.028344 0.106038 -0.02848398 1.02844 0.106038 -0.030981 1.027578 0.08004295 -0.02762997 1.021644 0.106038 -0.02848398 1.021644 0.106038 -0.02605295 1.022409 0.119742 -0.01842999 0.995991 0.132449 -0.01540696 0.988525 0.11559 -0.01862698 0.996948 0.125805 -0.01678699 0.992449 0.132117 -0.01461899 0.997235 0.089926 -0.008506953 1.023366 0.089926 -0.01428997 1.024132 0.125722 -0.01869297 0.990631 0.14009 -0.01376396 0.986419 0.088099 -0.008506953 1.026717 0.08502596 -0.01770699 1.040883 0.09133797 -0.008506953 1.014752 0.09474295 -0.008506953 1.009296 0.08519196 -0.01750999 1.027961 0.407934 0.07462096 1.289562 0.406938 0.06187295 1.31129 0.410675 0.05418395 1.318756 0.24075 0.05865299 1.299995 0.238756 0.06075596 1.295592 0.240085 0.05792999 1.304398 0.187098 -0.02822095 0.984887 0.18444 -0.02854996 0.978953 0.19042 -0.02684098 0.979623 0.08984297 -0.01475 1.042797 0.09000897 -0.008506953 1.043946 0.088265 -0.00830996 1.041362 0.09000897 -0.01343595 1.08501 0.089428 -0.01658999 1.063186 0.08893001 -0.01586699 1.086063 0.242577 0.06292396 1.296166 0.251879 0.06009894 1.297506 0.160272 -0.03781598 0.988525 0.1572819 -0.03498995 0.983356 0.160272 -0.03163897 0.985174 0.160521 -0.04320394 0.995799 0.242494 0.05911296 1.302388 0.251962 0.05904698 1.302484 0.087933 -0.01750999 1.038873 0.251879 0.06607896 1.296262 0.252128 0.07034999 1.295687 0.245982 0.06877297 1.297028 0.244653 0.06614398 1.296166 0.243158 0.067393 1.2954 0.147814 -0.008703947 0.998097 0.126386 -0.01455295 0.999054 0.140422 -0.008506953 0.998958 0.2476429 0.05983597 1.301144 0.25246 0.06036096 1.300473 0.252543 0.06206995 1.304206 0.164507 -0.03814399 0.992258 0.1629289 -0.03597599 0.98862 0.252543 0.07034999 1.297602 0.08801597 -0.01586699 1.041457 0.08004295 -0.02762997 1.084627 0.106038 -0.02848398 1.084627 0.106038 -0.02605295 1.085392 0.08004295 -0.02762997 1.036671 0.106038 -0.02848398 1.036576 0.106038 -0.02605295 1.037437 0.405858 0.07672399 1.259793 0.271977 0.07685595 1.258931 0.271977 0.07488399 1.282 0.242577 0.06022995 1.308035 0.2453179 0.06206995 1.309375 0.2489719 0.06344997 1.307461 0.25246 0.06719595 1.303632 0.252294 0.06699895 1.298272 0.252543 0.06239897 1.297698 0.09582298 -0.04372996 1.115831 0.09657096 -0.05200999 1.115831 0.08976 -0.05200999 1.119086 0.09914499 -0.05200999 1.135741 0.09881299 -0.044321 1.136315 0.09407895 -0.05200999 1.135549 0.09258395 -0.02348995 1.134975 0.08976 -0.05200999 1.132965 0.08834797 -0.02164995 1.13105 0.08735197 -0.05200999 1.128562 0.08718597 -0.02348995 1.127892 0.08735197 -0.05200999 1.123489 0.08735197 -0.02348995 1.123297 0.09025895 -0.02362096 1.118033 0.08901298 -0.01961296 1.122436 0.09092295 -0.022044 1.115353 0.091255 -0.018561 1.129232 0.09407895 -0.019876 1.134305 0.09864699 -0.02178096 1.136315 0.09059095 -0.03814399 1.117746 0.08951097 -0.04346698 1.119373 0.09241795 -0.04175895 1.116693 0.09241795 -0.03768396 1.113725 0.09914499 -0.03959 1.114012 0.281861 0.03394395 1.336847 0.278705 0.02198398 1.3379 0.252377 0.06325298 1.30861 0.106038 -0.03104698 1.100516 0.07995998 -0.03019297 1.100037 0.07995998 -0.03183597 1.102143 0.104211 -0.046359 1.111811 0.102467 -0.04451894 1.094103 0.106869 -0.047279 1.104919 0.281362 0.02020996 1.340867 0.192496 -0.01606398 0.985079 0.193576 -0.01974397 0.978953 0.1910009 -0.01422399 0.978953 0.271977 0.03210395 1.333975 0.271977 0.009826958 1.340388 0.179042 -0.003709971 0.993981 0.162099 -0.004695951 0.990822 0.170238 -0.00476098 0.993981 0.172148 -0.001672983 0.990248 0.179291 -0.002000987 0.992162 0.17954 3.64e-4 0.990631 0.179125 0.001612961 0.989195 0.195071 0.005489945 0.992641 0.194406 -2.93e-4 0.993693 0.19125 0.006212949 0.989769 0.179706 -0.02657896 0.984983 0.176633 -0.019876 0.984983 0.177381 -0.01619595 0.978953 0.177298 -0.02388399 0.979048 0.179789 -0.01350098 0.984983 0.257028 0.05102998 1.321627 0.257111 0.03933298 1.330242 0.257111 0.05694395 1.315789 0.256862 0.06436997 1.307461 0.192413 -0.02381896 0.985079 0.101471 -0.04418998 1.138229 0.1027989 -0.04872399 1.135549 0.102301 -0.043796 1.141005 0.105042 -0.04708099 1.138612 0.111354 -0.04714697 1.125882 0.107949 -0.048527 1.129232 0.107533 -0.04859298 1.122244 0.08004295 -0.02940398 1.106355 0.106038 -0.02848398 1.106355 0.106038 -0.030981 1.105589 0.09283298 -0.01862698 1.120521 0.08004295 -0.02519899 1.103866 0.106038 -0.02506697 1.103005 0.106038 -0.02592098 1.105494 0.107533 -0.02677595 1.147993 0.108447 -0.02822095 1.127988 0.10745 -0.02526396 1.127988 0.110025 -0.02598696 1.126456 0.110772 -0.02835297 1.127988 0.112434 -0.03820997 1.147993 0.111603 -0.03676396 1.127988 0.1126 -0.03972095 1.127988 0.213093 -0.04898697 1.04519 0.210851 -0.04721295 1.034087 0.2175779 -0.04754096 1.058974 0.103547 -0.045964 1.148089 0.101304 -0.03275597 1.148089 0.107949 -0.03755295 1.147993 0.10745 -0.03827595 1.127988 0.109194 -0.03663295 1.127988 0.110025 -0.03899896 1.126456 0.107035 -0.04701596 1.147993 0.107533 -0.03978699 1.147993 0.108447 -0.041233 1.127988 0.2070299 0.01160097 0.995512 0.212927 0.01179897 1.001255 0.088099 -0.008440971 1.086733 0.09000897 -0.008506953 1.084052 0.101138 -0.05122095 1.116693 0.085774 -0.02145296 1.110854 0.07995998 -0.022439 1.11095 0.07995998 -0.03452998 1.11095 0.08917897 -0.022439 1.112002 0.08751797 -0.03525298 1.111141 0.202296 -0.04090398 1.014465 0.199971 -0.04629296 1.020591 0.192911 -0.04326999 1.016666 0.188177 0.002926945 0.984983 0.209937 0.01035296 0.989099 0.199223 0.00673896 0.986036 0.10363 -0.04813295 1.116501 0.197064 -0.03932696 1.014656 0.09067398 -0.03367596 1.1143 0.08801597 -0.01586699 1.101378 0.246314 -0.05003899 1.05706 0.25246 -0.05200999 1.059644 0.243656 -0.05207598 1.056772 0.190752 -0.04754096 1.115544 0.185271 -0.04898697 1.11698 0.1993899 -0.04898697 1.105781 0.200967 -0.04898697 1.024228 0.204207 -0.046884 1.023462 0.241663 -0.04793596 1.056198 0.2488059 -0.04583299 1.056294 0.209688 -0.04898697 1.09104 0.215502 -0.04754096 1.080606 0.2062 -0.04754096 1.100325 0.241746 -0.05135297 1.05773 0.171069 -0.04754096 1.124637 0.1574479 -0.03820997 1.147993 0.156617 -0.03676396 1.127988 0.157531 -0.03972095 1.127988 0.234188 -0.1767359 1.199107 0.234687 -0.186527 1.198533 0.2351019 -0.184096 1.20016 0.278289 -0.187973 1.157182 0.236431 -0.187973 1.199107 0.257526 -0.19001 1.178719 0.236265 -0.05200999 1.061654 0.234604 -0.04839599 1.061463 0.155039 -0.03899896 1.126456 0.153461 -0.041233 1.127988 0.155787 -0.04136395 1.127988 0.152548 -0.03978699 1.147993 0.152465 -0.03827595 1.127988 0.157033 -0.04044395 1.147993 0.167165 -0.04898697 1.123872 0.109942 -0.02861595 1.147993 0.162099 -0.04846096 1.126743 0.1591089 -0.05200999 1.129519 0.157199 -0.04701596 1.132678 0.161435 -0.04898697 1.124637 0.107949 -0.02454096 1.147993 0.1126 -0.02677595 1.127988 0.112018 -0.02749896 1.147993 0.112434 -0.02519899 1.147993 0.110108 -0.023359 1.147993 0.109194 -0.02362096 1.127988 0.111603 -0.02375298 1.127988 0.215169 -0.04898697 1.074002 0.22281 0.01692396 1.007477 0.114759 -0.01087296 1.129136 0.103547 -0.01737898 1.126456 0.105789 -0.01665598 1.130572 0.110772 -0.04136395 1.127988 0.109942 -0.04156094 1.147993 0.112018 -0.04044395 1.147993 0.110108 -0.03636997 1.147993 0.142249 -0.04701596 1.12636 0.159524 -0.047607 1.126552 0.123646 -0.04701596 1.119277 0.158029 -0.04701596 1.147993 0.107035 -0.04701596 1.114778 0.140173 -0.04905295 1.123489 0.10255 -0.01908695 1.145121 0.101304 -0.02086097 1.138229 0.266911 -0.04918396 1.078022 0.265499 -0.04616099 1.075916 0.27206 -0.04359894 1.072949 0.259686 -0.04694998 1.080606 0.263755 -0.048527 1.085967 0.255201 -0.069687 1.306791 0.250301 -0.07362997 1.306504 0.256613 -0.068964 1.3133 0.312673 -0.1413159 1.335794 0.312341 -0.153999 1.328615 0.312507 -0.155839 1.328136 0.249719 -0.1285009 1.175847 0.2493039 -0.131196 1.175847 0.2491379 -0.126004 1.177666 0.248889 -0.05601894 1.289849 0.245733 -0.05240398 1.291955 0.248889 -0.05246996 1.28803 0.275881 -0.134219 1.176039 0.252045 -0.134941 1.177953 0.251962 -0.1329039 1.174794 0.251962 -0.130013 1.174028 0.270067 -0.130013 1.174028 0.288007 -0.126859 1.174028 0.258191 -0.04662096 1.073619 0.303787 -0.145587 1.329764 0.303953 -0.141184 1.331965 0.305198 -0.140987 1.325265 0.307856 -0.145653 1.326222 0.343153 -0.13987 1.335985 0.291079 -0.140461 1.335794 0.306859 -0.139147 1.336081 0.249719 -0.135007 1.176517 0.30877 -0.141119 1.324978 0.31259 -0.140856 1.327945 0.268572 -0.069359 1.325456 0.247975 -0.07284098 1.330434 0.272559 -0.07211899 1.330051 0.251214 -0.108064 1.172593 0.252128 -0.07809895 1.173645 0.252045 -0.134087 1.174028 0.222561 0.025599 1.264004 0.222146 0.02533596 1.271183 0.222063 0.02421897 1.25405 0.302541 -0.141184 1.335315 0.299136 -0.142761 1.335124 0.22198 0.03046095 1.26075 0.218242 0.02894997 1.261994 0.218159 0.03400999 1.262569 0.270815 -0.04872399 1.09305 0.277293 -0.04694998 1.096783 0.263589 -0.04701596 1.091997 0.268987 -0.05200999 1.090657 0.265333 -0.05214095 1.085105 0.249719 -0.125544 1.179006 0.249221 -0.127516 1.183218 0.223973 -0.009558975 1.287073 0.222146 -0.007520973 1.289083 0.222561 -3e-5 1.289562 0.221897 0.01041895 1.289753 0.249719 -0.12883 1.183313 0.22281 0.01514995 1.008721 0.230451 0.01974999 1.019155 0.226963 0.01836997 1.011689 0.155039 -0.02342396 1.147993 0.154209 -0.02362096 1.127988 0.156617 -0.02375298 1.127988 0.24075 0.06036096 1.231077 0.238839 0.05773299 1.227057 0.240002 0.06391 1.234044 0.221315 0.008840978 1.296358 0.218325 0.01035296 1.296166 0.218492 0.007198989 1.295113 0.152963 -0.02454096 1.147993 0.152465 -0.02526396 1.127988 0.221814 0.03400999 1.263813 0.226963 0.03394395 1.264004 0.22688 0.03164398 1.251561 0.22198 0.03190696 1.252135 0.226963 0.02487599 1.240936 0.22198 0.02625596 1.242085 0.226963 0.01468998 1.233374 0.222229 0.01475596 1.233374 0.22688 0.002532958 1.23012 0.222063 0.00108695 1.230024 0.226963 -0.010019 1.231556 0.22198 -0.01238399 1.232513 0.226963 -0.02118998 1.23749 0.222229 -0.02125597 1.23749 0.226963 -0.02946996 1.247062 0.222229 -0.02946996 1.247158 0.162016 -0.04530698 1.147993 0.161933 -0.04616099 1.144738 0.163926 -0.03959 1.145887 0.221897 0.01219296 1.294922 0.218492 0.01245599 1.293582 0.22198 0.01035296 1.296549 0.222063 0.001152992 1.29808 0.222229 0.01475596 1.294635 0.154956 -0.04162698 1.147993 0.389497 -0.155773 1.293103 0.388168 -0.1575469 1.291189 0.390161 -0.15413 1.292912 0.387586 -0.159979 1.287169 0.257028 0.05102998 1.206286 0.257111 0.05930995 1.214996 0.257194 0.04196095 1.19949 0.25437 -0.04957896 1.063951 0.255201 -0.05200999 1.068354 0.221731 0.02796399 1.264387 0.225302 -0.007389962 1.053709 0.221897 -0.01468396 1.054188 0.23286 -0.01553899 1.054571 0.355445 -0.1409209 1.326892 0.353037 -0.158139 1.324499 0.355528 -0.153407 1.327658 0.22198 -0.008506953 1.054954 0.219987 -0.008506953 1.057825 0.222229 -0.01770699 1.058974 0.219987 -0.01461899 1.058974 0.224139 -0.00574696 1.051795 0.22198 -0.005483984 1.051604 0.22198 -0.006403982 1.054284 0.22198 -0.005680978 1.031694 0.26334 -0.06764996 1.319904 0.267825 -0.066401 1.32201 0.261928 -0.06534999 1.310333 0.266662 -0.06291896 1.317511 0.268572 -0.05884397 1.318182 0.255201 -0.069687 1.303345 0.265167 -0.066073 1.318182 0.269735 -0.06140697 1.321149 0.270732 -0.05595296 1.321244 0.155039 -0.03636997 1.147993 0.38767 -0.1409209 1.286211 0.38742 -0.141053 1.289944 0.254702 -0.04438698 1.058495 0.257858 -0.04484695 1.063664 0.230451 -0.005023956 1.052848 0.22879 -0.00476098 1.051029 0.290415 -0.1831099 1.165318 0.291412 -0.187579 1.169625 0.283605 -0.1878409 1.159383 0.232112 -0.168916 1.202648 0.224222 -0.14125 1.209062 0.22688 -0.153867 1.205041 0.223309 -0.136979 1.207243 0.226963 0.008972942 1.298368 0.22497 0.008972942 1.298368 0.22497 0.019553 1.293677 0.226963 0.019553 1.293677 0.22497 0.02802997 1.285828 0.226963 0.02802997 1.285828 0.22497 0.03354996 1.275682 0.226963 0.03354996 1.275682 0.22497 0.03552097 1.264292 0.226963 0.03552097 1.264292 0.22497 0.03368097 1.252901 0.226963 0.03368097 1.252901 0.22497 0.02835899 1.242659 0.226963 0.02835899 1.242659 0.22497 0.02001297 1.234714 0.226963 0.02001297 1.234714 0.290415 -0.18541 1.184653 0.274967 -0.187973 1.187716 0.280283 -0.1878409 1.1836 0.2851 -0.153079 1.146844 0.286844 -0.137373 1.143398 0.289086 -0.1371099 1.143973 0.392653 -0.145653 1.284584 0.394231 -0.141184 1.284775 0.348053 -0.160241 1.324499 0.348386 -0.141119 1.324978 0.345562 -0.141119 1.327275 0.2327769 0.02507299 1.023941 0.2334409 0.02586096 1.02844 0.235019 0.03033 1.035044 0.350794 -0.145653 1.325265 0.283356 -0.18725 1.186185 0.388749 -0.145587 1.288317 0.244653 -0.04116696 1.324978 0.246314 -0.043401 1.326988 0.251713 -0.04083895 1.324882 0.24075 -0.03577899 1.32268 0.238839 -0.03150695 1.324882 0.240085 -0.04037898 1.321915 0.1574479 -0.02519899 1.147993 0.2212319 0.01219296 1.291763 0.2339389 -0.003249943 1.055432 0.234272 6.93e-4 1.051029 0.2339389 -0.008769989 1.055145 0.242577 0.05924397 1.225621 0.256862 -0.046884 1.067684 0.254287 -0.04800099 1.073906 0.254121 -0.05154997 1.071035 0.396224 -0.146704 1.293965 0.292741 -0.183439 1.178144 0.289335 -0.187381 1.176039 0.291744 -0.185279 1.17154 0.247892 0.06502699 1.230598 0.252211 0.06055897 1.23012 0.252211 0.06706398 1.230024 0.246896 -0.11871 1.220644 0.2496359 -0.121601 1.221218 0.249719 -0.11733 1.219591 0.252543 0.06331896 1.230694 0.25246 -0.03492397 1.331104 0.247975 -0.03341299 1.329093 0.248058 -0.03696095 1.331678 0.242577 -0.01928395 1.336081 0.244321 -0.03078395 1.333879 0.242577 -0.008046984 1.338187 0.252377 -0.03873598 1.331486 0.256945 -0.04353296 1.328424 0.257028 -0.03222995 1.334645 0.247975 -0.119367 1.219112 0.2493039 -0.120879 1.219687 0.249055 -0.11871 1.217485 0.25246 0.06791895 1.226961 0.25246 -0.03308397 1.326605 0.235019 0.03446996 1.094964 0.235019 0.01449298 1.098027 0.2354339 0.03906995 1.093337 0.321394 -0.137439 1.170965 0.315414 -0.136979 1.168477 0.32837 -0.136979 1.172976 0.251962 -0.1319839 1.23146 0.249719 -0.134021 1.230886 0.251962 -0.135007 1.229833 0.362671 -0.141184 1.331965 0.349548 -0.140659 1.335411 0.355445 -0.141053 1.334071 0.247726 0.06022995 1.226961 0.252294 -0.044716 1.326988 0.2496359 -0.088153 1.190779 0.247394 -0.08729898 1.186951 0.245567 -0.09064996 1.191354 0.351791 -0.141119 1.323925 0.354199 -0.145587 1.329189 0.35312 -0.141053 1.331582 0.248058 -0.03531897 1.324882 0.2493039 -0.09354096 1.189248 0.249387 -0.09051895 1.189822 0.250301 -0.09301596 1.187621 0.252294 0.06082099 1.225047 0.252211 0.06259596 1.221409 0.247726 -0.09156996 1.190205 0.251879 0.058981 1.225238 0.247228 -0.118907 1.215762 0.251962 -0.08197599 1.174028 0.345479 -0.14125 1.335507 0.2456499 -0.089073 1.187525 0.2496359 -0.089073 1.183792 0.246812 -0.118381 1.214805 0.246563 -0.117199 1.217198 0.249221 -0.117067 1.215953 0.392154 -0.145653 1.292337 0.394231 -0.141184 1.292146 0.389829 -0.141119 1.291093 0.248889 -0.119827 1.215379 0.247892 -0.04070699 1.328998 0.25246 -0.04103595 1.327562 0.252543 -0.03761899 1.324403 0.257028 0.07698696 1.264004 0.257111 0.07573896 1.277979 0.257194 0.07646095 1.254815 0.248474 -0.124033 1.219687 0.252294 0.007855951 1.340771 0.245234 0.008249998 1.340484 0.2456499 0.005620956 1.339814 0.24839 -0.121601 1.215475 0.2476429 -0.1212069 1.219687 0.2474769 -0.120681 1.217964 0.245234 -0.1212069 1.217676 0.2474769 -0.091044 1.188482 0.245234 -0.09170097 1.188195 0.2458159 -0.120616 1.219399 0.243158 0.006475985 1.338091 0.244653 0.005160987 1.337325 0.239006 0.003058969 1.332539 0.242577 0.00364995 1.334549 0.25163 0.005292952 1.338091 0.252294 0.001480996 1.332731 0.248141 -0.121273 1.213752 0.248058 -0.093607 1.187525 0.247892 -0.122784 1.217198 0.247062 -0.089401 1.18427 0.245401 -0.09156996 1.18561 0.245234 -0.09078097 1.187333 0.246563 -0.1246899 1.216911 0.2496359 -0.122981 1.213752 0.249719 -0.124756 1.218059 0.246314 -0.09393596 1.187812 0.2474769 -0.09137296 1.187046 0.301212 -0.05674099 1.341728 0.303205 -0.05187898 1.344983 0.296644 -0.05798995 1.34527 0.2493039 -0.119761 1.213465 0.2474769 -0.120879 1.216623 0.257028 0.07547599 1.248689 0.2496359 -0.08913898 1.187046 0.2474769 -0.089401 1.187621 0.247726 -0.09084695 1.185323 0.301378 -0.06028997 1.33857 0.305448 -0.05522996 1.337613 0.295481 -0.04294097 1.089796 0.298886 -0.03820997 1.088455 0.292408 -0.04517596 1.09305 0.242577 -0.003709971 1.334358 0.24075 -0.001738965 1.332731 0.243158 -0.006469964 1.338091 0.248474 -0.091439 1.184366 0.29083 -0.058384 1.342877 0.286429 -0.05654394 1.344983 0.28211 -0.05023598 1.344983 0.304285 -0.03945899 1.344983 0.304119 -0.006403982 1.344983 0.281861 -0.006403982 1.344983 0.30387 0.02152395 1.344983 0.282193 0.02145898 1.344983 0.304036 0.04800695 1.344983 0.282027 0.04800695 1.344983 0.302458 0.05372399 1.345079 0.283605 0.05365896 1.344983 0.297807 0.05727297 1.344983 0.288173 0.05727297 1.344983 0.29299 0.05819296 1.344983 0.245234 -0.120287 1.216815 0.2491379 -0.08598399 1.181303 0.249719 -0.08467 1.17623 0.249719 -0.08480095 1.182739 0.249719 -0.09117597 1.18561 0.257526 0.07080996 1.233661 0.270898 0.07080996 1.233757 0.270898 0.05944097 1.214996 0.299883 -0.06245899 1.337613 0.291495 -0.06167 1.338091 0.297059 -0.06594097 1.336368 0.307109 -0.06140697 1.336464 0.304617 -0.06541597 1.336368 0.207446 -0.005220949 1.130285 0.207695 -0.008046984 1.127605 0.205618 -0.005418956 1.128658 0.208525 -0.008506953 1.125786 0.202629 -0.008506953 1.128179 0.198808 -0.008572995 1.130859 0.196317 -0.008506953 1.12904 0.1146759 -0.008506953 1.12904 0.12348 -0.008506953 1.135454 0.148977 -0.008506953 1.130955 0.122317 -0.008572995 1.129998 0.296727 -0.03998398 1.083574 0.295897 -0.05207598 1.080415 0.293322 -0.03525298 1.077256 0.28784 -0.04662096 1.093529 0.289668 -0.114964 1.173837 0.285847 -0.131524 1.174124 0.240085 -0.005943953 1.334358 0.295897 -0.05207598 1.08769 0.257194 -0.023359 1.337325 0.257194 -0.008638978 1.341537 0.202961 -0.00476098 1.130285 0.2454839 -0.121076 1.213943 0.246563 -0.09511899 1.186089 0.2496359 -0.09465897 1.185323 0.249221 -0.09498697 1.188961 0.251962 -0.136321 1.230024 0.251796 -0.136979 1.223132 0.252875 -0.136979 1.232513 0.246812 -0.093607 1.190205 0.252128 0.06614398 1.231651 0.252377 0.07021898 1.231556 0.232278 -0.003972947 1.324116 0.232029 -0.009229958 1.321053 0.234521 0.001415967 1.325743 0.227129 -0.009163975 1.31397 0.22987 -0.008178949 1.319043 0.226963 -0.006140947 1.322202 0.227046 -2.93e-4 1.325169 0.246812 -0.01994097 1.338378 0.244321 -0.008243978 1.33991 0.246812 -0.03104698 1.334454 0.2456499 -0.03308397 1.332539 0.252294 -0.03295296 1.332157 0.25246 -0.03222995 1.334262 0.252958 -0.08006995 1.236437 0.253872 -0.07054096 1.226483 0.253124 -0.07343298 1.230024 0.252543 -0.03347897 1.201213 0.252543 -0.03696095 1.196044 0.252128 -0.03406995 1.197001 0.23859 -0.03676396 1.206286 0.24075 -0.03295296 1.203701 0.242577 -0.03840696 1.204754 0.240002 -0.02999597 1.200064 0.249221 -0.04274398 1.20083 0.251962 -0.03860396 1.205041 0.252543 -0.04445296 1.199968 0.249719 -0.077901 1.230886 0.251962 -0.07901901 1.23146 0.251879 -0.07684999 1.229354 0.243158 -0.04267895 1.203031 0.244404 -0.04510998 1.202361 0.236514 -0.05444097 1.232704 0.239421 -0.05798995 1.225717 0.240667 -0.05542695 1.232034 0.262676 -0.1409209 1.284584 0.264586 -0.141579 1.287456 0.263838 -0.141184 1.290997 0.25952 -0.141513 1.283531 0.253041 -0.141184 1.283244 0.256031 -0.141184 1.286594 0.253374 -0.140987 1.293295 0.256862 -0.141053 1.291093 0.261264 -0.141184 1.292146 0.261264 -0.141053 1.284967 0.263091 -0.141053 1.288604 0.261181 -0.141119 1.29339 0.223807 -0.05503296 1.236916 0.227295 -0.05568999 1.237012 0.226548 -0.05450695 1.233374 0.224887 -0.028813 1.228971 0.223226 -0.03314995 1.23481 0.22497 -0.02907598 1.231651 0.242162 -0.06048697 1.242563 0.243656 -0.06127595 1.243329 0.246397 -0.06048697 1.242085 0.292408 0.04767894 1.088073 0.293571 0.04307895 1.085105 0.292491 0.04307895 1.089413 0.252958 -0.158599 1.317607 0.253041 -0.148676 1.317033 0.253041 -0.1542609 1.321053 0.253041 -0.167273 1.315789 0.253041 -0.174764 1.31531 0.253208 -0.164579 1.322489 0.253041 -0.171807 1.302388 0.253041 -0.177524 1.306025 0.253124 -0.17483 1.296453 0.253124 -0.163659 1.293773 0.253041 -0.16425 1.289657 0.253041 -0.1542609 1.290902 0.253041 -0.148676 1.295017 0.22796 -0.122981 1.313396 0.2339389 -0.119696 1.31665 0.228541 -0.119827 1.316554 0.2454839 -0.05628097 1.23347 0.241331 -0.06114399 1.229641 0.2339389 -0.124099 1.307174 0.234022 -0.122324 1.32 0.234022 -0.123376 1.312534 0.229039 -0.045439 1.234714 0.229205 -0.02841895 1.219399 0.229205 -0.03899896 1.229258 0.252958 -0.130013 1.29071 0.251297 -0.127121 1.292146 0.252294 -0.10491 1.289562 0.251463 -0.1288959 1.302579 0.2499679 -0.157744 1.322297 0.2499679 -0.147033 1.315501 0.252958 -0.144601 1.308993 0.249885 -0.14447 1.302579 0.253041 -0.145587 1.300091 0.2499679 -0.149333 1.294347 0.2499679 -0.157941 1.289466 0.2499679 -0.17023 1.29205 0.242577 -0.01928395 1.191928 0.244321 -0.008243978 1.188099 0.242577 -0.03012698 1.195757 0.247892 -0.127779 1.295017 0.247975 -0.123967 1.29205 0.252543 -0.03669899 1.203701 0.248307 -0.03512096 1.203031 0.248058 -0.03867 1.203127 0.207279 -0.06048697 1.283723 0.197562 -0.06048697 1.276257 0.206117 -0.06048697 1.282957 0.263091 -0.1758159 1.284775 0.236846 0.03847897 1.091806 0.236597 0.03650695 1.087403 0.235767 0.03604698 1.088647 0.235185 0.03532397 1.09171 0.253041 -0.136979 1.248977 0.250965 -0.1380299 1.249455 0.252543 -0.137964 1.248498 0.250965 -0.137701 1.241702 0.289003 -0.07730996 1.165127 0.296893 -0.09564399 1.172305 0.289003 -0.05956697 1.158043 0.256613 -0.1750929 1.298463 0.254619 -0.168456 1.293295 0.260848 -0.171347 1.293486 0.263423 -0.173647 1.291859 0.264752 -0.174633 1.297219 0.245733 0.03998994 1.089221 0.244985 0.04307895 1.090083 0.256945 0.04307895 1.079075 0.238258 0.04307895 1.091997 0.235019 0.04307895 1.094964 0.355694 -0.145587 1.176134 0.355694 -0.1544589 1.18226 0.355362 -0.15183 1.181016 0.253124 -0.149464 1.293486 0.264669 -0.177196 1.288796 0.354116 -0.157021 1.184079 0.350047 -0.161161 1.185706 0.255616 0.04307895 1.091136 0.257111 0.04320996 1.084818 0.196898 -0.06061899 1.263622 0.196483 -0.06048697 1.255103 0.200303 -0.06068396 1.260846 0.353784 -0.141119 1.177187 0.354199 -0.145587 1.180729 0.350711 -0.145587 1.176709 0.2491379 -0.08598399 1.227344 0.249719 -0.08644396 1.226004 0.249719 -0.08348697 1.229163 0.232527 0.04163295 1.123393 0.233026 0.03446996 1.12167 0.232444 0.03782099 1.126552 0.352289 -0.141184 1.18427 0.245151 -0.08223897 1.229546 0.2493039 -0.08079296 1.229163 0.346808 -0.145587 1.180346 0.346891 -0.141184 1.182452 0.347887 -0.141053 1.177857 0.2499679 -0.170296 1.319904 0.25354 0.04767894 1.083957 0.251131 0.04314398 1.085201 0.245151 -0.08637899 1.225812 0.257775 0.04767894 1.087498 0.2030439 -0.06055295 1.264674 0.2030439 -0.064233 1.265249 0.201134 -0.06416696 1.26142 0.355279 -0.141053 1.182356 0.255782 -0.145587 1.288317 0.198974 -0.06416696 1.266685 0.19914 -0.06055295 1.267163 0.194822 -0.05246996 1.263334 0.196234 -0.05240398 1.253954 0.19615 -0.05246996 1.273959 0.22771 -0.058779 1.236437 0.224721 -0.06055295 1.236916 0.350296 -0.145587 1.18427 0.249221 -0.08447295 1.221792 0.249719 -0.08315896 1.221697 0.269071 -0.17667 1.303919 0.270482 -0.1783789 1.301335 0.259769 -0.145587 1.284488 0.236763 0.04163295 1.125882 0.196981 -0.064233 1.262664 0.249719 -0.076981 1.228493 0.1964 -0.06048697 1.269652 0.342157 -0.1776559 1.314066 0.2028779 -0.05253595 1.244478 0.243989 -0.05457299 1.292146 0.280117 0.02986997 1.185228 0.277376 0.02448099 1.181494 0.276296 0.01889598 1.1836 0.249553 -0.05956697 1.292146 0.250965 -0.05825299 1.285924 0.284851 -0.136979 1.334645 0.281196 -0.137373 1.334262 0.292741 -0.137373 1.336081 0.31068 -0.159059 1.32603 0.236846 -0.05450695 1.295113 0.242992 -0.05674099 1.295975 0.239255 -0.05825299 1.301431 0.2454839 -0.06600695 1.296645 0.22198 -0.02828699 1.281713 0.222229 -0.02125597 1.290519 0.22198 -0.02743297 1.283914 0.252377 -0.07763898 1.300665 0.278871 -0.136979 1.333401 0.228292 -0.08039897 1.3267 0.2339389 -0.08388096 1.327371 0.234022 -0.07888698 1.32536 0.22796 -0.07684999 1.323255 0.2339389 -0.07592999 1.320862 0.22796 -0.07579898 1.318182 0.2339389 -0.07724398 1.313587 0.228541 -0.07724398 1.313778 0.398217 -0.140987 1.216049 0.390742 -0.14079 1.222462 0.395144 -0.141053 1.220165 0.252958 -0.07409 1.294539 0.251463 -0.070279 1.289466 0.252626 -0.07021296 1.295879 0.304285 -0.159059 1.326126 0.302707 -0.141053 1.328136 0.302624 -0.153999 1.328615 0.302541 -0.155707 1.328136 0.248224 -0.07914996 1.303249 0.22198 0.02034097 1.237012 0.222976 -0.02677595 1.287743 0.227046 -0.02631598 1.288126 0.210519 -0.02730095 1.286786 0.23369 -0.05444097 1.291955 0.307939 -0.161687 1.324882 0.2312819 -0.05168098 1.292146 0.2469789 -0.06055295 1.287169 0.24756 -0.06120997 1.288891 0.243656 -0.06101298 1.284775 0.273306 -0.136979 1.330434 0.396224 -0.145587 1.217676 0.396058 -0.141119 1.215571 0.294402 0.04366999 1.126743 0.292408 0.04774397 1.130381 0.295897 0.04767894 1.126265 0.29083 0.03992396 1.140335 0.287508 0.03736096 1.144451 0.299883 0.03716397 1.137081 0.243823 -0.06074994 1.290997 0.242909 -0.06416696 1.290614 0.247062 -0.06416696 1.289466 0.24158 -0.06048697 1.289849 0.240833 -0.06114399 1.288221 0.208691 -0.06048697 1.28401 0.242245 -0.06048697 1.285541 0.206366 -0.06048697 1.28602 0.213758 -0.06048697 1.289753 0.223143 -0.06015896 1.291093 0.241995 -0.06048697 1.28401 0.244985 -0.06048697 1.247732 0.244985 -0.06055295 1.281617 0.275881 0.03900396 1.144547 0.308687 0.039267 1.117363 0.309351 0.03650695 1.120809 0.311095 0.03387898 1.112768 0.22198 0.007526993 1.232321 0.218492 0.00673896 1.234427 0.218325 0.008840978 1.231843 0.22796 -0.081384 1.311098 0.247975 -0.08401298 1.29205 0.247975 -0.07704699 1.306982 0.2478089 -0.08033299 1.295687 0.387337 -0.140987 1.218921 0.3885 -0.141119 1.215379 0.22198 0.007000982 1.236054 0.219654 0.01206099 1.231939 0.227295 -0.05536097 1.291189 0.227627 -0.05904096 1.291093 0.22198 0.01074695 1.231651 0.241082 -0.06429898 1.286881 0.222561 -0.02362096 1.273768 0.222146 -0.02644699 1.266972 0.222146 -0.01842999 1.282191 0.244985 -0.06416696 1.285254 0.392653 -0.145587 1.213656 0.39257 -0.141053 1.213943 0.244985 -0.05246996 1.290997 0.22198 -0.05246996 1.290997 0.199971 -0.02992999 1.246775 0.226963 -0.02999597 1.248211 0.226963 -0.028813 1.243329 0.226963 -0.01941597 1.234331 0.222727 -0.02684098 1.24017 0.210519 -0.02730095 1.241223 0.269652 -0.137241 1.328519 0.262177 -0.136847 1.32201 0.222561 -3e-5 1.238447 0.222063 0.007132947 1.238447 0.22198 -0.01014995 1.239788 0.266579 -0.136979 1.32603 0.226714 0.004832983 1.220069 0.226963 0.02001297 1.217676 0.227212 0.009629964 1.213943 0.270649 -0.132313 1.329859 0.226548 -0.06042098 1.294635 0.272559 -0.153801 1.322872 0.263506 -0.1447989 1.322393 0.280532 -0.161161 1.322585 0.222312 -0.05864697 1.294539 0.22198 -0.02414697 1.242851 0.222146 -0.02276694 1.251274 0.222063 0.01836997 1.245722 0.22198 0.01258695 1.234523 0.22198 0.01074695 1.237395 0.221731 -0.022044 1.246201 0.2339389 -0.09078097 1.324403 0.228541 -0.090716 1.324212 0.22796 -0.09216099 1.319809 0.2339389 -0.09209597 1.317129 0.22796 -0.09110999 1.314736 0.234022 -0.089073 1.31263 0.228292 -0.08756095 1.31129 0.2339389 -0.08414399 1.31062 0.222063 -0.05601894 1.291189 0.227046 -0.02999597 1.281617 0.222229 -0.02946996 1.280947 0.22688 -0.02125597 1.290519 0.226963 -0.01008397 1.296453 0.22198 -0.01244997 1.295783 0.226963 0.002466976 1.297889 0.22688 0.01468998 1.294635 0.226963 0.02487599 1.287169 0.22198 0.02382397 1.288509 0.226963 0.03157895 1.276448 0.22198 0.03190696 1.275778 0.222561 -0.01810097 1.245914 0.266745 0.03887295 1.143494 0.269486 0.04307895 1.14359 0.256945 0.04307895 1.138995 0.257111 -0.07638996 1.273672 0.255118 -0.07336699 1.287551 0.256031 -0.076981 1.264004 0.389663 -0.156693 1.221792 0.391905 -0.154393 1.222941 0.387503 -0.158927 1.218538 0.263672 -0.132576 1.327562 0.247975 -0.130539 1.330146 0.247975 -0.133956 1.32469 0.396473 -0.14539 1.212316 0.388749 -0.15459 1.213273 0.390576 -0.152881 1.212507 0.374713 -0.1785759 1.227727 0.247062 -0.06088095 1.239213 0.2296209 -0.004563987 1.204276 0.226963 -0.006140947 1.205999 0.227046 2.99e-4 1.20284 0.245982 -0.005812942 1.188003 0.246812 -0.00830996 1.187429 0.252128 -0.00771898 1.187238 0.257028 -0.007520973 1.186759 0.257194 -0.01994097 1.189631 0.257028 -0.03130996 1.192598 0.278372 -0.1779839 1.310141 0.286844 -0.168521 1.320096 0.284186 -0.172793 1.316937 0.244736 -0.06048697 1.246296 0.243906 -0.06048697 1.245052 0.305448 0.02802997 1.092284 0.310015 0.02986997 1.101473 0.301544 0.02461296 1.085967 0.230368 -0.008901 1.209827 0.229205 -0.01501297 1.213943 0.244653 -0.00515598 1.190588 0.239006 -0.003052949 1.195469 0.242577 -0.003643989 1.193459 0.24075 0.001678943 1.195278 0.240085 0.005949974 1.193651 0.244985 -0.05246996 1.237012 0.2469789 -0.05246996 1.239022 0.234272 -0.002986967 1.202553 0.225053 -0.009032964 1.217006 0.227129 -0.008769989 1.213848 0.248058 -0.1281729 1.304972 0.247975 -0.125281 1.333688 0.247975 -0.128699 1.308993 0.253955 0.04767894 1.134018 0.252875 0.04307895 1.133826 0.256447 0.04307895 1.132869 0.248474 -0.05608397 1.237969 0.2489719 -0.05246996 1.239979 0.2458159 -0.05233895 1.236054 0.2317799 0.001875996 1.20284 0.227877 -0.11273 1.317129 0.276794 -0.1451269 1.331008 0.285764 -0.165696 1.321436 0.272476 -0.02256995 1.189343 0.275299 -0.01586699 1.186089 0.274137 -0.02414697 1.186759 0.2332749 0.006409943 1.204563 0.229704 0.007395982 1.207339 0.253041 -0.08000397 1.264004 0.252875 -0.075733 1.293582 0.253041 -0.07875597 1.278171 0.266496 -0.15045 1.32201 0.263589 -0.140659 1.322968 0.253041 -0.1371099 1.316937 0.253623 -0.137307 1.319713 0.256613 -0.1371099 1.321915 0.252792 -0.137241 1.277214 0.254952 -0.136979 1.309854 0.257609 -0.136979 1.316746 0.22497 -0.008966982 1.229641 0.250965 -0.05798995 1.242085 0.2491379 -0.054901 1.262186 0.109693 -0.04898697 0.960192 0.109693 -0.03650099 0.960192 0.134692 -0.04096996 0.953491 0.136103 -0.04905295 0.9533 0.144824 -0.04898697 0.955023 0.145655 -0.03643596 0.955406 0.151468 -0.04905295 0.96201 0.151468 -0.03650099 0.962298 0.156867 -0.03650099 0.982016 0.1612679 -0.04898697 0.998384 0.1556209 -0.03367596 0.981729 0.161933 -0.04018098 0.997235 0.164009 -0.04241597 1.002978 0.165753 -0.04898697 1.004414 0.166584 -0.03978699 1.002978 0.17356 -0.04234999 1.00719 0.182779 -0.04898697 1.010827 0.196234 -0.04898697 1.020208 0.193161 -0.04701596 1.017719 0.1890079 -0.03959 1.012455 0.168411 -0.03847295 1.000872 0.107367 -0.03650099 0.966031 0.1077 -0.03650099 0.972348 0.113347 -0.03650099 0.993406 0.134276 -0.03650099 0.984696 0.1168349 -0.04898697 1.016858 0.117666 -0.04898697 1.009583 0.1077 -0.04898697 0.972348 0.107367 -0.04898697 0.966031 0.104045 -0.04898697 1.032364 0.120739 -0.04898697 1.114491 0.106038 -0.04898697 1.099559 0.09731799 -0.04898697 1.080511 0.09499299 -0.04898697 1.064047 0.09731799 -0.04898697 1.047583 0.09333097 -0.037027 1.017719 0.10446 -0.03853899 1.01322 0.09100598 -0.03840696 1.020686 0.111686 -0.03761899 1.005084 0.1146759 -0.03893297 1.016475 0.100557 -0.03847295 1.028535 0.07995998 -0.03847295 1.022026 0.07995998 -0.03768396 1.019155 0.111188 -0.03590995 1.002978 0.09897899 -0.03676396 1.010253 0.103547 -0.03347897 1.003265 0.114095 -0.037027 0.999437 0.114261 -0.03873598 1.004318 0.09274995 -0.03860396 1.051795 0.07995998 -0.03459596 1.017049 0.113181 -0.03216397 0.996852 0.114261 -0.03065299 0.995608 0.1146759 -0.04346698 1.019538 0.103464 -0.04188996 1.032747 0.117998 -0.04195594 1.012455 0.115756 -0.04129898 1.002787 0.113513 -0.03479295 0.993885 0.108613 -0.02848398 0.99982 0.103215 -0.02848398 1.002691 0.109111 -0.03236097 1.000777 0.09872996 -0.02848398 1.004988 0.09524196 -0.02848398 1.009583 0.100308 -0.008506953 1.003744 0.09183698 -0.03301894 1.015613 0.09731799 -0.03288698 1.00786 0.087103 -0.03242695 1.016953 0.07995998 -0.02237296 1.017049 0.08967697 -0.02835297 1.01657 0.089096 -0.02348995 1.016953 0.09191995 -0.02348995 1.014177 0.105955 -0.008506953 1.000585 0.1150079 -0.008506953 0.998958 0.115091 -0.01672095 0.998767 0.115756 -0.03301894 0.992162 0.134276 -0.03308397 0.984696 0.09806495 -0.04346698 1.044999 0.09549099 -0.04096996 1.052369 0.09515899 -0.04346698 1.060027 0.09607195 -0.04346698 1.075342 0.09482598 -0.04096996 1.071705 0.100308 -0.03972095 1.091997 0.07995998 -0.03768396 1.108844 0.09299898 -0.03919595 1.071896 0.09117197 -0.03847295 1.076299 0.100557 -0.03919595 1.033321 0.09773296 -0.03847295 1.094677 0.1008059 -0.03991895 1.110854 0.09590595 -0.03847295 1.111141 0.08585697 -0.03847295 1.105972 0.08818197 -0.03794699 1.108365 0.07995998 -0.03847295 1.105972 0.108032 -0.02848398 1.103005 0.09465998 -0.01744395 1.119373 0.105706 -0.008506953 1.127605 0.09748399 -0.01212096 1.122723 0.09150397 -0.008506953 1.113151 0.09000897 -0.008506953 1.104249 0.08976 -0.01369899 1.103005 0.088265 -0.00830996 1.101378 0.106038 -0.02605295 1.10042 0.106038 -0.02848398 1.099559 0.279701 -0.180021 1.154502 0.278705 -0.1865929 1.154597 0.27721 -0.185804 1.155363 0.279369 -0.170099 1.152492 0.262676 -0.174961 1.169338 0.265998 -0.170361 1.165797 0.267742 -0.164184 1.163786 0.269818 -0.137636 1.160436 0.267742 -0.1575469 1.163499 0.269486 -0.13895 1.160819 0.265832 -0.151304 1.165031 0.262426 -0.146441 1.16819 0.258025 -0.143747 1.172497 0.2489719 -0.1460469 1.181686 0.240833 -0.13895 1.189439 0.253291 -0.143616 1.177187 0.2456499 -0.150713 1.185228 0.2458159 -0.16977 1.185993 0.235185 -0.184424 1.197097 0.243989 -0.163527 1.187525 0.243906 -0.1568239 1.187238 0.249221 -0.174567 1.182835 0.253623 -0.1772609 1.178527 0.258357 -0.177393 1.173837 0.280864 -0.136979 1.149524 0.240168 -0.137044 1.190014 0.234355 -0.175159 1.197767 0.22771 -0.15459 1.203223 0.159857 -0.01744395 1.146653 0.158029 -0.01829898 1.147993 0.162514 -0.02046698 1.147897 0.163594 -0.03544998 1.147036 0.166999 -0.03196698 1.145983 0.165255 -0.02066397 1.145983 0.158029 -0.01547294 1.145983 0.247892 -0.07008099 1.310524 0.247975 -0.069359 1.325456 0.247975 -0.06797897 1.319426 0.247975 -0.07014697 1.319043 0.247975 -0.118973 1.335028 0.247975 -0.08401298 1.335028 0.247975 -0.09091299 1.331008 0.247975 -0.07796698 1.333784 0.247975 -0.07704699 1.331008 0.247975 -0.109641 1.32 0.247975 -0.09787899 1.319043 0.247975 -0.103267 1.308993 0.247975 -0.09091299 1.306982 0.247975 -0.109641 1.297985 0.247975 -0.122324 1.297985 0.247975 -0.122324 1.32 0.230119 0.021393 1.015517 0.232611 0.023036 1.016666 0.22497 0.01797598 1.00585 0.236763 0.03170996 1.033991 0.2355999 0.03512698 1.048349 0.256945 0.069956 1.230216 0.257028 0.063187 1.218921 0.251796 -0.05200999 1.074385 0.2349359 -0.04892098 1.071896 0.23967 -0.05200999 1.075438 0.241663 -0.04859298 1.077543 0.245899 -0.05207598 1.077161 0.247975 -0.048527 1.077735 0.259021 -0.04563599 1.067972 0.257194 -0.05976396 1.312534 0.257028 -0.042876 1.327371 0.2469789 -0.137044 1.23347 0.250965 -0.136979 1.232513 0.230866 -0.137044 1.215571 0.24266 -0.136979 1.192502 0.253124 -0.136979 1.207817 0.25653 -0.136979 1.198054 0.262011 -0.136979 1.189439 0.272559 -0.137044 1.179867 0.272559 -0.136979 1.162542 0.280698 -0.136979 1.176517 0.293405 -0.136979 1.173071 0.306361 -0.136979 1.161394 0.251962 -0.03551596 1.323063 0.251879 -0.03170394 1.327083 0.242743 0.03874099 1.12703 0.254619 0.03703296 1.139857 0.2496359 0.04025298 1.133348 0.258855 0.04031896 1.140335 0.235019 0.04307895 1.12301 0.238341 0.04307895 1.125977 0.245068 0.04307895 1.128179 0.196317 -0.02999597 1.254337 0.195237 -0.02999597 1.268982 0.199888 -0.02999597 1.281138 0.226049 -0.04096996 1.235002 0.225883 -0.02532994 1.221697 0.240916 -0.06048697 1.239405 0.241331 -0.06048697 1.243999 0.242743 -0.06048697 1.244286 0.2071959 -0.06055295 1.243999 0.2050369 -0.06055295 1.246966 0.206366 -0.06048697 1.241989 0.200386 -0.06048697 1.247828 0.2050369 -0.06048697 1.280277 0.205286 -0.06048697 1.281713 0.243823 -0.06074994 1.237012 0.217661 -0.06055295 1.237395 0.252294 -0.031901 1.193555 0.25246 -0.03912997 1.196618 0.252377 -0.04090398 1.20083 0.251962 -0.03341299 1.203606 0.251962 -0.032296 1.197575 0.252709 -0.07678395 1.2015 0.266911 -0.07579898 1.18092 0.262842 -0.07678395 1.181399 0.269901 -0.07803297 1.175081 0.252045 -0.07855898 1.174986 0.251962 -0.076981 1.177761 0.249719 -0.076981 1.176517 0.249719 -0.07796698 1.174124 0.22198 -0.02473896 1.285254 0.221814 -0.02454096 1.279128 0.221731 -0.02191299 1.282382 0.22198 -0.02526396 1.248785 0.22198 0.008052945 1.290902 0.22198 0.006606996 1.294443 0.246065 0.005818963 1.188003 0.252294 0.007132947 1.186951 0.252709 0.004372954 1.191736 0.243158 0.006475985 1.189918 0.24266 0.00364995 1.193364 0.25138 0.001349985 1.194991 0.244653 0.005160987 1.190588 0.408017 0.07902395 1.273385 0.407768 0.07895898 1.2641 0.244653 0.06095296 1.305164 0.243158 0.06095296 1.306695 0.10363 -0.05200999 1.118511 0.106869 -0.05214095 1.123872 0.105125 -0.05200999 1.132103 0.157697 -0.047607 1.14024 0.157033 -0.05200999 1.136028 0.1589429 -0.05207598 1.142345 0.216249 -0.008506953 1.006328 0.2208999 -0.004629969 1.015039 0.215502 -0.001738965 1.005371 0.220568 -0.008506953 1.014752 0.22198 -0.008506953 1.024037 0.1009719 -0.01862698 1.132295 0.266994 -0.05200999 1.079362 0.221897 0.03157895 1.267163 0.222063 0.01863294 1.282382 0.222561 0.009760975 1.287647 0.253124 -0.04701596 1.060697 0.255035 -0.05043298 1.067014 0.235019 0.04248696 1.098027 0.234853 0.04202699 1.115065 0.235019 0.04150098 1.12301 0.346974 -0.141119 1.329764 0.348884 -0.141119 1.332444 0.243158 -0.04267895 1.324978 0.24266 -0.03847295 1.32335 0.401041 -0.137439 1.277118 0.401041 -0.136979 1.275969 0.398965 -0.1371099 1.291572 0.401041 -0.137373 1.232991 0.285266 -0.05798995 1.338761 0.230617 0.009958982 1.318469 0.229953 0.007460951 1.320575 0.226797 0.00673896 1.320957 0.226797 0.009038984 1.3133 0.203127 -0.05253595 1.283818 0.196483 -0.05759596 1.271758 0.1964 -0.05437594 1.269078 0.1964 -0.05818694 1.266206 0.213758 -0.05246996 1.289753 0.253041 -0.07501 1.23615 0.271977 -0.07868999 1.249742 0.271977 -0.07264399 1.230503 0.271977 -0.06193298 1.213369 0.257858 -0.06626999 1.219112 0.268904 -0.041233 1.195661 0.268987 -0.05003899 1.201596 0.271977 -0.047279 1.199394 0.267326 -0.05674099 1.207722 0.263672 -0.06212997 1.213656 0.27206 -0.02900999 1.189918 0.253041 -0.07875597 1.249838 0.271977 -0.07980698 1.269939 0.271977 -0.075733 1.289753 0.271977 -0.06686097 1.30794 0.271977 -0.05417895 1.322872 0.246812 0.05142396 1.32134 0.242577 0.04984694 1.319522 0.229205 0.03828096 1.300473 0.229205 0.025599 1.310333 0.240002 0.06397598 1.29406 0.244321 0.075607 1.274534 0.242577 0.073044 1.279415 0.245234 0.07034999 1.295113 0.242577 0.06824696 1.294156 0.246812 0.07534396 1.279894 0.257028 0.07061296 1.296166 0.242577 0.03729599 1.328615 0.244321 0.046956 1.324212 0.229205 0.047481 1.28736 0.229205 0.05227899 1.272045 0.242577 0.07462096 1.264004 0.244321 0.075607 1.253475 0.246812 0.07698696 1.264004 0.246812 0.07534396 1.248115 0.242577 0.073044 1.248594 0.228292 0.050767 1.254815 0.245234 0.07034999 1.232991 0.246397 0.069233 1.231173 0.25246 0.06752395 1.225142 0.246812 0.03847897 1.330721 0.246812 0.02388995 1.33723 0.257194 0.02106398 1.337995 0.257028 0.007526993 1.341154 0.252543 0.004569947 1.34192 0.252211 -0.007258951 1.340963 0.246812 -0.00830996 1.34058 0.2456499 -0.005812942 1.340006 0.242577 0.02316695 1.334932 0.244321 0.028687 1.334741 0.242577 0.008052945 1.338187 0.225883 0.037624 1.295783 0.224804 0.03552097 1.292242 0.225883 0.02494096 1.306599 0.22497 0.008972942 1.309567 0.242577 0.06824696 1.233853 0.243158 0.067393 1.232513 0.228209 0.04544395 1.239692 0.243158 0.06095296 1.221314 0.240168 0.05799597 1.223611 0.242577 0.06022995 1.219974 0.229205 0.03828096 1.227535 0.242577 0.04984694 1.208487 0.242577 0.03729599 1.199394 0.244321 0.046956 1.203797 0.244321 0.028687 1.193268 0.246812 0.03847897 1.197288 0.246812 0.02388995 1.190779 0.245234 0.06206995 1.218634 0.2456499 0.06292396 1.221122 0.246812 0.05142396 1.206669 0.25246 0.06299 1.219304 0.271064 -0.009163975 1.187908 0.270482 -0.01994097 1.189631 0.270482 0.001809954 1.187046 0.270898 -0.04320394 1.327753 0.270898 -0.05943596 1.313013 0.257111 -0.07086998 1.29406 0.270898 -0.07080399 1.294252 0.270732 -0.07652097 1.273098 0.257194 -0.07599598 1.251944 0.270898 -0.07592999 1.251178 0.257111 -0.07008099 1.232321 0.270898 -0.06922698 1.230311 0.257028 -0.05660998 1.212507 0.270898 -0.05693894 1.212125 0.257111 -0.04004997 1.198245 0.270898 -0.04004997 1.198245 0.257111 0.001809954 1.187046 0.257111 0.02388995 1.190779 0.270898 0.02349597 1.190684 0.270898 0.04320996 1.200256 0.246812 -0.05713599 1.315693 0.246812 -0.045439 1.326126 0.244321 -0.04510998 1.325648 0.242577 -0.04405897 1.324212 0.243407 -0.05634695 1.314927 0.229205 -0.03899896 1.298751 0.2349359 -0.05233895 1.297698 0.229205 -0.02841895 1.30861 0.227627 -0.04234999 1.293582 0.243158 -0.03144097 1.331391 0.240168 -0.02999597 1.328041 0.242577 -0.03012698 1.332252 0.229205 -0.01501297 1.314066 0.226963 -0.02000695 1.310237 0.240168 0.005949974 1.334454 0.2258 0.046036 1.281425 0.2258 0.04918998 1.265153 0.225468 0.04432696 1.243999 0.225883 0.03381299 1.228014 0.229205 0.025599 1.217676 0.242577 0.02316695 1.193077 0.245234 0.00831598 1.187525 0.256945 0.005555987 1.186472 0.252543 -0.004432976 1.186089 0.22497 0.04610097 1.262569 0.22497 0.03644096 1.235863 0.256031 -0.07330095 1.240458 0.252128 -0.06975299 1.231364 0.257028 -0.06081598 1.216719 0.246812 -0.066401 1.224951 0.246812 -0.05713599 1.212316 0.243573 -0.06613898 1.226483 0.243407 -0.05634695 1.212986 0.246812 -0.066401 1.303058 0.24374 -0.06613898 1.301622 0.225551 -0.03012698 1.302484 0.22688 -0.03991895 1.294635 0.225385 -0.03577899 1.295975 0.225136 -0.02000695 1.307557 0.22497 -0.029733 1.29741 0.223392 -0.033939 1.293295 0.225717 -0.04116696 1.293103 0.223807 -0.04307299 1.291955 0.223641 -0.02789294 1.291859 0.22497 -0.02289897 1.291093 0.22497 -0.020401 1.293007 0.2213979 -0.03939294 1.291955 0.216498 -0.02841895 1.290519 0.220153 -0.03308397 1.29205 0.212263 -0.03196698 1.290806 0.221897 -0.05030095 1.292242 0.196234 -0.03196698 1.274725 0.199888 -0.04129898 1.282191 0.2057009 -0.03045594 1.287456 0.2053689 -0.05233895 1.287169 0.212263 -0.05233895 1.290806 0.196234 -0.03196698 1.253284 0.199805 -0.04110097 1.246009 0.205618 -0.03045594 1.240553 0.205286 -0.05233895 1.240745 0.212263 -0.03196698 1.237203 0.215834 -0.05246996 1.236342 0.213425 -0.02835297 1.238256 0.223309 -0.02822095 1.236342 0.220651 -0.03597599 1.235767 0.223392 -0.04721295 1.235767 0.229371 -0.05240398 1.23615 0.2336069 -0.05457299 1.235863 0.223807 -0.04307299 1.235959 0.199888 -0.05246996 1.246392 0.194489 -0.04064095 1.2641 0.199888 -0.05246996 1.281617 0.227129 -0.052733 1.29205 0.225302 0.02001297 1.220356 0.229039 0.01041895 1.212412 0.242577 0.008052945 1.189822 0.240168 -0.006009995 1.193555 0.251962 -0.045439 1.201691 0.257028 -0.04510998 1.20083 0.246812 -0.045439 1.201883 0.245982 -0.03295296 1.195182 0.243158 -0.03144097 1.196618 0.240168 -0.04037898 1.205999 0.242577 -0.04405897 1.203797 0.234355 -0.05207598 1.231747 0.242577 -0.008046984 1.189822 0.243158 -0.006469964 1.189918 0.252211 -0.00357896 1.194034 0.251879 -0.005483984 1.188578 0.244321 -0.03078395 1.194129 0.246812 -0.01994097 1.189631 0.246812 -0.03104698 1.193555 0.271064 0.009169995 1.340101 0.270482 0.01994699 1.338378 0.270482 -0.001803994 1.340963 0.270732 0.07646095 1.254911 0.270898 0.07593595 1.276831 0.257111 0.069233 1.297602 0.270898 0.069233 1.297698 0.270898 0.05694395 1.315884 0.270898 0.04005599 1.329764 0.257194 -0.001803994 1.340963 0.270898 -0.02348995 1.337325 0.22198 -0.05246996 1.237012 0.213758 -0.05246996 1.238256 0.2469789 -0.05246996 1.288987 0.222229 -0.05759596 1.236916 0.226963 -0.008966982 1.229641 0.22688 0.006278991 1.205903 0.226963 -0.02000695 1.293295 0.226797 -0.005286991 1.309854 0.226631 -0.001475989 1.320957 0.22796 -0.08664095 1.326892 0.271977 -0.01428997 1.188291 0.271977 0.001678943 1.192502 0.271977 0.005489945 1.187142 0.271977 0.02178698 1.195852 0.271977 0.022641 1.190396 0.271977 0.04005599 1.204754 0.271977 0.043473 1.200447 0.271977 0.05516999 1.218442 0.271977 0.06042695 1.216241 0.271977 0.06575 1.235863 0.271977 0.07186096 1.236342 0.271977 0.07100695 1.255485 0.271977 0.070481 1.275874 0.271977 0.06614398 1.303441 0.271977 0.06430399 1.295209 0.271977 0.05293595 1.312055 0.271977 -0.01849597 1.194895 0.271977 -0.03722399 1.202936 0.271977 -0.05292999 1.215858 0.271977 -0.06429898 1.2328 0.271977 -0.07054096 1.252135 0.271977 -0.07100099 1.272523 0.274801 -0.05674099 1.326988 0.272143 -0.04550397 1.326988 0.275549 -0.06475895 1.328998 0.283356 -0.06206399 1.334549 0.28211 -0.06975299 1.333592 0.271977 0.05142396 1.32134 0.271977 0.03722995 1.325073 0.271977 0.01850098 1.333018 0.271977 -0.001672983 1.335507 0.271977 -0.01330399 1.339814 0.271977 -0.02178096 1.332157 0.271977 -0.03518694 1.332444 0.271977 -0.04004997 1.323255 0.271977 -0.05516397 1.309567 0.271977 -0.06574398 1.292146 0.272476 0.05240994 1.207626 0.07995998 -0.03019297 1.022026 0.08004295 -0.03183597 1.024132 0.106038 -0.03104698 1.022505 0.106038 -0.031901 1.024994 0.106038 -0.02506697 1.040022 0.106038 -0.02592098 1.042415 0.08004295 -0.02513295 1.040883 0.07995998 -0.02677595 1.042893 0.08004295 -0.02940398 1.043372 0.106038 -0.02848398 1.043372 0.106038 -0.02506697 1.024994 0.106038 -0.02592098 1.027482 0.07995998 -0.02513295 1.025855 0.07995998 -0.02677595 1.027961 0.07995998 -0.03144097 1.041744 0.106038 -0.030981 1.042606 0.106038 -0.02506697 1.087977 0.106038 -0.02592098 1.090466 0.08004295 -0.02513295 1.088934 0.07995998 -0.02677595 1.090944 0.07995998 -0.03144097 1.0897 0.08004295 -0.02940398 1.091327 0.106038 -0.030981 1.090561 0.106038 -0.02848398 1.091423 0.152548 -0.02677595 1.147993 0.154956 -0.02861595 1.147993 0.153461 -0.02822095 1.127988 0.155787 -0.02835297 1.127988 0.101886 -0.03301894 1.141101 0.234022 -0.07704699 1.331008 0.234022 -0.07014697 1.319043 0.234022 -0.09091299 1.331008 0.311261 -0.145587 1.330146 0.307192 -0.145653 1.333784 0.309102 -0.141184 1.333784 0.245151 -0.129224 1.1836 0.245151 -0.125676 1.179197 0.245151 -0.13343 1.179772 0.245068 -0.12975 1.175464 0.218409 0.028687 1.265727 0.218325 0.031973 1.26678 0.157033 -0.02749896 1.147993 0.157531 -0.02677595 1.127988 0.218325 0.01048398 1.290806 0.233026 0.04248696 1.098027 0.233026 0.01449298 1.098027 0.233026 0.04248696 1.11497 0.233026 0.01449298 1.11497 0.396141 -0.145521 1.288604 0.390078 -0.157284 1.28401 0.390826 -0.141119 1.283627 0.346725 -0.145587 1.328902 0.350213 -0.145587 1.333018 0.248307 -0.03886699 1.324978 0.249221 -0.09255599 1.191354 0.248307 0.06404095 1.223324 0.25246 0.06476396 1.222941 0.2349359 0.01449298 1.114587 0.2478089 0.06765598 1.226004 0.396141 -0.140987 1.289083 0.246896 -0.122653 1.220452 0.245068 -0.08276396 1.175464 0.245151 -0.08637899 1.179772 0.245151 -0.07875597 1.179293 0.245068 -0.082304 1.183409 0.245068 -0.12975 1.221601 0.245151 -0.133233 1.225717 0.245151 -0.1256099 1.225238 0.245068 -0.129224 1.229546 0.1929939 -0.05647897 1.271758 0.193078 -0.05457299 1.269078 0.234022 -0.109641 1.297985 0.234022 -0.122324 1.297985 0.192911 -0.06048697 1.270322 0.259187 -0.145653 1.292337 0.263257 -0.145587 1.288604 0.242992 -0.06416696 1.242659 0.246812 -0.06429898 1.241223 0.297142 0.04307895 1.084148 0.296063 0.04774397 1.083861 0.227877 -0.119301 1.301048 0.228541 -0.112139 1.301431 0.2339389 -0.116016 1.300473 0.2339389 -0.109379 1.303824 0.241082 -0.064233 1.238735 0.245151 -0.06410098 1.237395 0.234022 -0.128699 1.308993 0.247726 0.03650695 1.082042 0.255782 0.03821599 1.078692 0.240667 0.03703296 1.089604 0.253872 -0.17207 1.297698 0.254287 -0.176079 1.306982 0.245068 -0.08276396 1.221409 0.245151 -0.07862401 1.225238 0.254121 0.04767894 1.09171 0.249885 0.04767894 1.088073 0.222312 -0.05634695 1.23347 0.355445 -0.141053 1.174698 0.223724 -0.06055295 1.233374 0.218242 -0.02421295 1.285063 0.218492 -0.02224099 1.282382 0.391988 -0.153539 1.222367 0.398051 -0.145521 1.222558 0.40021 -0.14079 1.222367 0.218492 -0.02749896 1.283914 0.251048 -0.07034397 1.275395 0.250384 -0.06666398 1.289562 0.251048 -0.06955599 1.238543 0.25138 -0.07389301 1.264004 0.248557 -0.06436395 1.293103 0.296478 0.04767894 1.134018 0.300132 0.04767894 1.129998 0.234022 -0.09787899 1.319043 0.234022 -0.07704699 1.306982 0.388749 -0.145587 1.217294 0.392237 -0.145653 1.221409 0.234022 -0.09091299 1.306982 0.234022 -0.109641 1.32 0.234022 -0.103267 1.308993 0.296478 0.04767894 1.091806 0.300132 0.04767894 1.087594 0.257692 0.04767894 1.129998 0.2498019 0.04767894 1.130476 0.253457 0.04767894 1.126265 0.419977 -0.02500098 1.264004 0.419977 -0.02309596 1.273576 0.419977 -0.03959 1.330051 0.419977 -0.02138698 1.337995 0.42006 -0.07619297 1.275969 0.42006 -0.07231599 1.236916 0.419977 -0.07448399 1.283531 0.419977 -0.06876695 1.229354 0.419977 -0.06705898 1.301909 0.419977 -0.05871295 1.214135 0.419977 -0.05509895 1.317703 0.419977 -0.04537296 1.201787 0.419977 -0.03834098 1.197192 0.419977 -0.076653 1.256251 0.419977 -0.02132099 1.188386 0.419977 0.009563982 1.240936 0.419977 -3e-5 1.239022 0.419977 -6.87e-4 1.185419 0.419977 -0.009558975 1.240936 0.419977 -0.007520973 1.185706 0.419977 -0.01770699 1.246296 0.419977 -0.02309596 1.254433 0.419977 0.02500694 1.264004 0.419977 0.02310097 1.254433 0.419977 0.026847 1.191449 0.419977 0.01771295 1.246296 0.419977 0.01528096 1.187716 0.419977 0.03223598 1.193938 0.419977 0.061939 1.218251 0.419977 0.07100695 1.234236 0.419977 0.05549895 1.318373 0.419977 0.07646095 1.253667 0.419977 0.07902395 1.257496 0.419977 0.07902395 1.31196 0.419977 0.02310097 1.273576 0.419977 0.01791 1.338857 0.419977 0.03644096 1.331869 0.419977 0.04932099 1.20485 0.419977 0.05254095 1.320287 0.419977 0.01771295 1.281713 0.419977 -0.001803994 1.340963 0.419977 0.009563982 1.287073 0.419977 -0.01770699 1.281713 0.419977 -0.009558975 1.287073 0.419977 -3e-5 1.288987 0.108032 -0.02848398 1.024994 0.07995998 -0.03144097 1.026717 0.08004295 -0.03183597 1.087115 0.07995998 -0.03144097 1.104728 0.07995998 -0.02677595 1.105972 0.07995998 -0.025527 1.101282 0.08004295 -0.02762997 1.099655 0.07995998 -0.025527 1.086254 0.07995998 -0.025527 1.038299 0.07995998 -0.025527 1.023271 0.08004295 -0.03183597 1.039064 0.07995998 -0.03019297 1.037054 0.07995998 -0.03019297 1.085105 0.2474769 0.06542098 1.304494 0.248307 0.06404095 1.297315 0.248141 0.06765598 1.299803 0.106038 -0.031901 1.040022 0.108032 -0.02848398 1.040022 0.106038 -0.03104698 1.037533 0.149475 -0.008506953 0.993981 0.196317 -0.008506953 0.998958 0.219987 -0.008506953 1.022696 0.218242 -0.008506953 1.013603 0.213342 -0.008506953 1.005658 0.209605 -0.008506953 0.999724 0.205452 -0.008506953 1.000777 0.2013 -0.008506953 0.995512 0.191998 -0.008506953 0.993981 0.108032 -0.02848398 1.087977 0.166833 -0.05200999 1.14627 0.173228 -0.05200999 1.143781 0.177048 -0.05207598 1.138325 0.167082 -0.05214095 1.125403 0.174889 -0.05200999 1.12971 0.1769649 -0.04767298 1.133443 0.173975 -0.04694998 1.127988 0.178377 -0.04662096 1.134496 0.154209 -0.03663295 1.127988 0.167414 -0.04924994 1.125499 0.24349 -0.138884 1.191736 0.271728 -0.138884 1.163404 0.155039 -0.02598696 1.126456 0.34523 -0.152027 1.329668 0.242577 -0.03209894 1.326892 0.226631 -0.01816695 1.055815 0.218409 0.007066965 1.291955 0.242577 0.06292396 1.231843 0.244653 0.06614398 1.231843 0.176882 -0.04451894 1.139474 0.174225 -0.04077297 1.143015 0.398383 -0.140987 1.29339 0.390742 -0.141053 1.29339 0.252709 -0.004235982 1.337613 0.251962 -0.003840982 1.334454 0.244653 -0.00515598 1.337325 0.2476429 -0.120287 1.214805 0.288339 -0.05200999 1.091901 0.292907 -0.04832994 1.090753 0.29573 -0.04412394 1.087211 0.273805 -0.05200999 1.091997 0.244653 -0.03222995 1.197863 0.24266 -0.03216397 1.201021 0.234022 -0.121076 1.302579 0.234022 -0.107867 1.308993 0.2339389 -0.10951 1.314161 0.234022 -0.114176 1.316937 0.2496359 -0.06232696 1.23615 0.24648 -0.06646698 1.231843 0.22771 -0.05858099 1.23347 0.22497 -0.01632696 1.232513 0.22497 -0.02289897 1.236916 0.244653 -0.04116696 1.203031 0.253041 -0.10997 1.249455 0.250965 -0.10997 1.249455 0.250965 -0.10997 1.232513 0.345064 -0.14723 1.176326 0.345645 -0.140987 1.17355 0.345479 -0.156693 1.181782 0.345479 -0.141119 1.181782 0.266828 -0.07008099 1.185802 0.270566 -0.07376098 1.176517 0.218242 0.03368097 1.132869 0.212678 0.03328698 1.134401 0.222561 0.03446996 1.131529 0.22281 0.03637599 1.132391 0.250467 -0.10583 1.232034 0.252958 -0.110036 1.235959 0.192745 -0.05792397 1.265345 0.2050369 -0.065481 1.252997 0.2050369 -0.065481 1.247828 0.2055349 -0.065481 1.251657 0.205618 -0.065481 1.249742 0.2068639 -0.065481 1.250987 0.218409 -0.02762997 1.280755 0.253208 -0.07625895 1.263909 0.22771 -0.05641299 1.294539 0.223807 -0.05457299 1.294635 0.25138 -0.080859 1.292146 0.390659 -0.141119 1.212603 0.267659 0.03644096 1.147036 0.288339 0.03650695 1.146557 0.218492 -0.02270096 1.243903 0.258772 0.03782099 1.141197 0.116254 -0.019876 0.995034 0.182115 -0.012187 0.978953 0.186932 -0.01159596 0.979623 0.106038 -0.03104698 1.085584 0.106038 -0.031901 1.087977 0.139841 -0.01185899 0.988333 0.154375 -0.006798982 0.986993 0.157946 -0.005615949 0.993981 0.155953 -0.03124397 0.98393 0.106038 -0.031901 1.103005 0.186932 -0.01179295 0.984887 0.152963 -0.03755295 1.147993 0.235351 -0.05200999 1.070365 0.103547 -0.01941597 1.147993 0.249719 -0.133167 1.181016 0.249719 -0.134021 1.174124 0.209273 -0.01612997 1.125307 0.207695 -0.01415896 1.128945 0.211349 -0.01810097 1.129902 0.211349 -0.01514399 1.132773 0.217993 -0.01336997 1.1143 0.215336 -0.008506953 1.118703 0.21899 -0.008572995 1.112481 0.219987 -0.01461899 1.104058 0.219987 -0.005483984 1.105015 0.221481 -0.01704996 1.103962 0.220319 -0.01750999 1.112098 0.2152529 -0.01764094 1.121 0.223558 -0.01842999 1.103962 0.271894 -0.05200999 1.076108 0.290415 -0.05207598 1.076203 0.107035 -0.01829898 1.147993 0.249553 -0.080859 1.183026 0.249719 -0.08933597 1.197288 0.249719 -0.08861297 1.203797 0.2494699 -0.07888698 1.17757 0.249719 -0.10307 1.185036 0.249719 -0.112401 1.18628 0.249719 -0.117856 1.189726 0.249719 -0.121733 1.194991 0.249719 -0.135007 1.228493 0.249719 -0.123376 1.201213 0.249553 -0.13113 1.221888 0.249719 -0.122653 1.207722 0.249719 -0.09025597 1.210019 0.2494699 -0.133101 1.22744 0.249719 -0.127319 1.22878 0.249719 -0.078821 1.223994 0.249719 -0.09413295 1.215283 0.249719 -0.09958696 1.218729 0.249719 -0.108919 1.219974 0.249719 -0.126464 1.223228 0.398134 -0.145521 1.28334 0.400377 -0.141053 1.283914 0.244653 0.06095296 1.222845 0.355777 -0.1451269 1.332922 0.244653 -0.03222995 1.330146 0.252128 -0.134941 1.232417 0.1771309 0.015347 1.130859 0.186682 0.02086699 1.132965 0.196981 0.02349597 1.132965 0.234105 -0.1221269 1.209157 0.234105 -0.118316 1.214805 0.234105 -0.112664 1.218634 0.234105 -0.106027 1.219974 0.234105 -0.09932398 1.218634 0.234105 -0.09367299 1.214805 0.234105 -0.08986097 1.209157 0.234105 -0.08854699 1.202457 0.234105 -0.08986097 1.195852 0.234105 -0.09367299 1.190205 0.234105 -0.09932398 1.186376 0.234105 -0.106027 1.185036 0.234105 -0.112664 1.186376 0.234105 -0.118316 1.190205 0.234105 -0.1221269 1.195852 0.234105 -0.123441 1.202457 0.227877 -0.124427 1.30727 0.22796 -0.10905 1.304685 0.22796 -0.107604 1.310524 0.247892 -0.04064095 1.199011 0.248058 -0.037027 1.196331 0.247892 -0.03341299 1.199107 0.250218 0.04334098 1.131529 0.257526 -0.134481 1.322393 0.254121 -0.135007 1.318756 0.25628 -0.13573 1.317511 0.253955 -0.13435 1.311194 0.247975 -0.135007 1.318373 0.247975 -0.133496 1.312247 0.250384 -0.133561 1.312438 0.243906 -0.05463898 1.235863 0.29789 0.04307895 1.091136 0.252045 0.04314398 1.126839 0.253124 -0.07257896 1.240745 0.3194 -0.138293 1.169912 0.33734 -0.1371099 1.173263 0.356525 -0.137044 1.175081 0.340994 -0.136979 1.172976 0.351874 -0.141184 1.18561 0.2499679 -0.17621 1.299708 0.249885 -0.177524 1.309471 0.250135 0.04314398 1.089508 0.257775 -0.159453 1.283148 0.348137 -0.141053 1.18494 0.223973 0.009563982 1.240936 0.223973 0.01771295 1.246296 0.223973 0.02310097 1.254433 0.223973 0.02500694 1.264004 0.223973 0.02310097 1.273576 0.223973 -0.02309596 1.254433 0.223973 -0.01770699 1.246296 0.223973 -0.009558975 1.240936 0.223973 -3e-5 1.239022 0.223973 -0.02309596 1.273576 0.223973 -0.01770699 1.281713 0.223973 -3e-5 1.288987 0.223973 0.009563982 1.287073 0.223973 0.01771295 1.281713 0.223973 -0.02500098 1.264004 0.234272 0.04150098 1.118416 0.2998 0.04314398 1.128562 0.298139 0.04327595 1.133826 0.218325 -0.02401596 1.279511 0.397387 -0.140987 1.212412 0.218409 0.01212698 1.235959 0.218325 0.008709967 1.237203 0.292657 0.04327595 1.131721 0.218325 -0.02605295 1.248689 0.218409 -0.02270096 1.247349 0.271479 0.03236699 1.070652 0.283106 0.02770096 1.072662 0.27123 0.03387898 1.072853 0.282442 0.02973896 1.073906 0.278705 0.02947598 1.071896 0.263257 0.03663897 1.074768 0.266662 0.039267 1.075246 0.276711 0.03512698 1.074385 0.2851 0.03098696 1.075533 0.291744 0.02802997 1.078501 0.295066 0.04307895 1.080319 0.304368 0.04307895 1.089891 0.309351 0.04307895 1.102335 0.30852 0.03098696 1.098889 0.3096 0.03512698 1.107216 0.264087 0.03460097 1.071609 0.253789 0.03650695 1.07515 0.237344 0.035456 1.048158 0.23668 0.03637599 1.059931 0.23369 0.02204996 1.0159 0.2372609 0.02921295 1.029397 0.300547 0.02283895 1.083478 0.291993 0.02480995 1.077448 0.2354339 0.03558695 1.059931 0.235019 0.03446996 1.059931 0.235019 0.03348398 1.048445 0.235019 0.004503965 1.051029 0.235019 0.004503965 1.037724 0.2336069 -0.001080989 1.037724 0.231863 0.002400994 1.022505 0.229288 -0.00259298 1.023558 0.222063 -2.93e-4 1.00987 0.2228929 0.004503965 1.008913 0.208691 0.002663969 0.998479 0.232029 -0.00259298 1.051029 0.22796 -0.004958987 1.030833 0.2349359 -0.001672983 1.057634 0.235019 -0.008506953 1.058974 0.235019 -0.01350098 1.058974 0.234604 -0.01350098 1.057155 0.234604 -0.01534098 1.058974 0.235019 -0.01350098 1.11296 0.233524 -0.01704996 1.058974 0.234105 -0.01645898 1.113055 0.232278 -0.01750999 1.120139 0.234022 -0.01350098 1.119181 0.228873 -0.01606398 1.126743 0.231199 -0.01350098 1.124733 0.22497 -0.01849597 1.058974 0.2312819 -0.01836395 1.05907 0.220236 -0.01882398 1.120426 0.220402 -0.01777297 1.130859 0.22879 -0.01862698 1.117267 0.232195 -0.01796996 1.11296 0.215003 -0.01350098 1.132965 0.221149 -0.01350098 1.132008 0.226797 -0.01350098 1.129136 0.228707 0.03446996 1.127605 0.21301 -4.9e-4 1.132965 0.202961 -0.002526998 1.132773 0.1910009 -8.84e-4 1.132486 0.195403 -0.004498958 1.13105 0.210435 -0.004432976 1.132295 0.209356 -0.003118991 1.132295 0.180786 -0.001278996 1.13105 0.165006 0.01087898 1.13105 0.148977 0.003386974 1.130955 0.225883 0.01777899 1.00518 0.223641 0.01751595 1.00451 0.307607 0.02494096 1.093241 0.395476 0.02027595 1.175847 0.22688 0.01699 1.00451 0.311344 0.02770096 1.100899 0.391739 0.02507299 1.177474 0.387254 0.02875298 1.178623 0.398799 0.02993595 1.187812 0.381773 0.03164398 1.179197 0.3885 0.03558695 1.190301 0.374547 0.03400999 1.178719 0.37571 0.03854399 1.190684 0.360262 0.03591597 1.175273 0.361923 0.03920096 1.188578 0.348137 0.03650695 1.170965 0.348137 0.03808397 1.182835 0.296063 0.03703296 1.17824 0.29598 0.03854399 1.185228 0.288256 0.03532397 1.176996 0.288588 0.036704 1.184558 0.280947 0.03039598 1.179963 0.283771 0.03394395 1.184558 0.312009 0.02947598 1.105302 0.313338 0.03236699 1.112481 0.312424 0.03460097 1.119947 0.305531 0.03788697 1.128658 0.308687 0.03650695 1.130572 0.311095 0.03637599 1.147514 0.289751 0.03644096 1.167232 0.257775 0.02941 1.155076 0.279535 0.03249895 1.172593 0.262343 0.03387898 1.152205 0.27995 0.03552097 1.164456 0.255367 0.03374695 1.148759 0.24374 0.03125 1.148854 0.248307 0.026124 1.152587 0.236099 0.027767 1.148376 0.24349 0.02270698 1.151152 0.240417 -0.03196698 1.149812 0.2476429 -0.03196698 1.15364 0.234521 -0.03774994 1.146557 0.246896 -0.03774994 1.151726 0.235351 -0.04261296 1.143494 0.248474 -0.04261296 1.148854 0.236597 -0.04583299 1.138804 0.255035 -0.04570096 1.147131 0.2296209 -0.04701596 1.132486 0.243906 -0.04701596 1.135071 0.246314 -0.04701596 1.081755 0.257526 0.03630995 1.143303 0.242078 0.03519296 1.143973 0.24158 0.03650695 1.140335 0.220402 0.03630995 1.143494 0.227793 0.03446996 1.145791 0.217329 0.03427296 1.145121 0.218824 0.03322094 1.145983 0.115091 -0.01448696 1.145791 0.115506 -0.01547294 1.145983 0.110939 -0.01658999 1.146174 0.14009 -0.001015961 1.144356 0.216997 0.03512698 1.143015 0.239587 0.03644096 1.130093 0.106952 -0.01783895 1.147036 0.106454 -0.01632696 1.145313 0.111935 -0.01382994 1.143207 0.221315 -0.03196698 1.145983 0.169989 -0.03564697 1.145408 0.221315 -0.03774994 1.144834 0.232611 -0.03196698 1.147418 0.2296209 0.03131598 1.146748 0.221315 -0.04261296 1.14158 0.221315 -0.04583299 1.136698 0.197313 -0.04708099 1.112768 0.199306 -0.04701596 1.130955 0.21409 -0.04701596 1.09104 0.219322 -0.04701596 1.073332 0.219156 -0.04701596 1.048445 0.235767 -0.04701596 1.055241 0.230285 -0.04701596 1.06577 0.234521 -0.04701596 1.077543 0.21193 -0.04458397 1.017145 0.210602 -0.04234999 1.011689 0.206117 -0.04024696 1.01121 0.198808 -0.03840696 1.010636 0.20512 -0.03912997 1.010157 0.209605 -0.03893297 1.006137 0.190503 -0.03867 1.010349 0.194822 -0.03853899 0.995799 0.188177 -0.03774994 0.991205 0.188177 -0.03558099 0.98795 0.2027119 -0.03715896 0.991301 0.188177 -0.03236097 0.985749 0.20429 -0.03236097 0.98795 0.195901 -0.02848398 0.985462 0.156534 -0.02848398 0.984887 0.134276 -0.03124397 0.986897 0.155039 -0.008703947 0.984983 0.132034 -0.02848398 0.988429 0.154541 -0.007389962 0.985557 0.1928279 0.00673896 0.987472 0.1876789 0.004306972 0.985557 0.215502 0.01468998 0.993693 0.209273 0.01173299 0.989578 0.222644 0.015347 0.999054 0.400294 0.01008999 1.174124 0.406356 0.02231299 1.18494 0.411921 0.01252096 1.183409 0.272891 0.02829295 1.17154 0.25628 0.023561 1.158426 0.2491379 0.01909297 1.154406 0.244321 -0.04556995 1.053231 0.2499679 -0.04464995 1.054858 0.21492 -0.042481 1.013124 0.211183 -0.03742098 1.000777 0.216083 -0.03689599 1.003457 0.216 -0.04057598 1.009966 0.279618 -0.04037898 1.073045 0.28701 -0.03827595 1.075246 0.1748059 -0.02848398 0.984983 0.216083 0.012784 0.992545 0.410177 0.03729599 1.196618 0.380527 0.045641 1.201308 0.395393 0.044393 1.201021 0.356774 0.05194997 1.207052 0.413001 0.07606697 1.251848 0.410426 0.07869595 1.257878 0.293986 0.04044997 1.190588 0.348137 0.04064697 1.190971 0.364 0.04577296 1.200351 0.417485 0.02599298 1.190301 0.348137 0.04485297 1.198437 0.29 0.04327595 1.196044 0.289501 0.03946399 1.189631 0.282774 0.03867596 1.192981 0.275715 0.03315597 1.193459 0.282276 0.04780995 1.202744 0.273971 0.04399895 1.20083 0.409595 0.07646095 1.255007 0.411921 0.07902395 1.31196 0.270898 0.02270698 1.17355 0.255035 0.01699 1.159001 0.256613 -0.03196698 1.160628 0.259603 -0.03932696 1.161011 0.253291 -0.04701596 1.140622 0.223226 0.004438996 0.996661 0.226382 0.007855951 0.999437 0.230534 4.96e-4 1.002595 0.316244 4.96e-4 1.088264 0.230534 -0.01100397 1.002595 0.401872 4.96e-4 1.173837 0.316577 -0.01100397 1.088551 0.403616 -0.01704996 1.176326 0.4032 -0.02270096 1.178049 0.414163 -0.01888996 1.184845 0.412253 -0.02828699 1.187716 0.411838 -0.009032964 1.181686 0.419977 -0.01442098 1.187046 0.407602 -0.03860396 1.193364 0.416489 -0.047607 1.20351 0.415658 -0.06081598 1.216911 0.406772 -0.04885596 1.20351 0.41408 -0.07415598 1.239022 0.41408 -0.07783597 1.256155 0.413499 -0.07796698 1.273768 0.415907 -0.07021296 1.294826 0.412751 -0.07579898 1.284297 0.412336 0.05549895 1.318277 0.309019 0.03223598 1.333975 0.309019 0.01376998 1.339718 0.309019 -0.005483984 1.340771 0.323221 -0.02440994 1.336942 0.351209 -0.02611899 1.336368 0.405028 0.06259596 1.308801 0.405609 0.06049299 1.311577 0.406689 0.05779898 1.314831 0.406772 0.07784098 1.2641 0.405028 0.07698696 1.2641 0.40619 0.07350397 1.287647 0.405028 0.07330697 1.287551 0.276961 0.03578394 1.332157 0.276961 0.061939 1.309758 0.309019 0.061939 1.309758 0.293073 0.061019 1.311385 0.307939 0.059376 1.313108 0.301461 0.05792999 1.318086 0.293405 0.05825895 1.322968 0.287674 0.05707597 1.328232 0.28211 0.05030697 1.330434 0.278622 0.004109978 1.341058 0.278705 -0.01402699 1.33991 0.276296 -0.03873598 1.331678 0.276047 -0.03334695 1.333497 0.274718 -0.04478096 1.328998 0.279286 -0.04103595 1.332157 0.280615 -0.03170394 1.335507 0.281362 -0.01520997 1.342016 0.281362 0.002532958 1.343451 0.280947 -0.04694998 1.332348 0.281445 -0.04136395 1.334167 0.282027 -0.03788095 1.337995 0.282027 -0.05509895 1.334262 0.28211 -0.05102396 1.341154 0.303953 0.05010998 1.330242 0.306029 -0.02467298 1.337804 0.304534 -0.02532994 1.339718 0.3047 -0.03078395 1.338091 0.303953 -0.03788095 1.342207 0.304036 -0.04977595 1.340006 0.3047 -0.005220949 1.343356 0.304534 0.05096399 1.325456 0.301544 0.05457895 1.328136 0.298305 0.05707597 1.328232 0.309019 -0.06797897 1.335985 0.308022 -0.02986395 1.335985 0.281778 -0.08059597 1.335028 0.284186 -0.08821898 1.335028 0.287591 -0.07323598 1.335507 0.293405 -0.07487899 1.335985 0.340994 -0.08388096 1.335985 0.333021 -0.03071898 1.335985 0.342904 -0.02940398 1.336081 0.265748 -0.08401298 1.335028 0.283522 -0.119696 1.335028 0.277791 -0.1285009 1.333209 0.270233 -0.1345469 1.328806 0.270067 -0.129553 1.330912 0.277044 -0.125741 1.333688 0.340994 -0.137044 1.335985 0.286761 -0.1438789 1.333784 0.289418 -0.1760129 1.316267 0.298222 -0.17529 1.317799 0.298222 -0.1798239 1.314448 0.312092 -0.17529 1.317799 0.325962 -0.17529 1.317799 0.261181 -0.139344 1.32201 0.262177 -0.161227 1.322106 0.279701 -0.162016 1.322106 0.254453 -0.161096 1.320957 0.254619 -0.167273 1.319617 0.258025 -0.167339 1.32067 0.254619 -0.172333 1.315693 0.258025 -0.172661 1.316937 0.258025 -0.176079 1.311385 0.278289 -0.175487 1.312247 0.273389 -0.176867 1.308131 0.264752 -0.14447 1.323159 0.275133 -0.140133 1.331774 0.258025 -0.176933 1.304972 0.286429 -0.186001 1.303824 0.266496 -0.1792989 1.290423 0.275798 -0.186001 1.291859 0.26442 -0.178116 1.280564 0.268904 -0.182979 1.280564 0.265665 -0.17989 1.236724 0.270482 -0.1840299 1.229354 0.260682 -0.17897 1.221505 0.267077 -0.185147 1.213848 0.25736 -0.179233 1.217102 0.25736 -0.183044 1.21289 0.251297 -0.1792989 1.213273 0.260018 -0.1687189 1.278362 0.253291 -0.1422359 1.254241 0.253041 -0.14033 1.294156 0.252958 -0.171479 1.311003 0.253041 -0.139739 1.254337 0.253041 -0.140987 1.254337 0.253291 -0.132641 1.301526 0.253041 -0.122981 1.286977 0.253041 -0.08315896 1.287264 0.251962 -0.08066099 1.233757 0.252377 -0.07409 1.222271 0.255035 -0.06902998 1.217964 0.256862 -0.06902998 1.20552 0.258606 -0.06626999 1.211455 0.260848 -0.06797897 1.198054 0.26442 -0.06265598 1.201021 0.267991 -0.05930399 1.191545 0.268987 -0.05378395 1.191545 0.269154 -0.04267895 1.18494 0.270399 -0.033544 1.185802 0.266911 -0.03926098 1.171923 0.268904 -0.03150695 1.17623 0.275216 -0.01560395 1.181016 0.275299 0.005949974 1.182643 0.276379 0.023036 1.187333 0.274386 0.005818963 1.185419 0.274303 0.022641 1.189535 0.274718 0.01350694 1.179867 0.270898 -0.01461899 1.17489 0.270233 0.01652997 1.17422 0.261097 -0.034859 1.164744 0.265167 -0.04484695 1.164074 0.266496 -0.04464995 1.167711 0.257028 -0.04300695 1.154502 0.265167 -0.04786998 1.158426 0.263672 -0.04701596 1.146748 0.324716 -0.046884 1.141388 0.288671 -0.04563599 1.09774 0.292657 -0.04445296 1.096974 0.295897 -0.04261296 1.094773 0.339001 -0.04576694 1.148471 0.356027 -0.04458397 1.161489 0.33435 -0.04780399 1.150577 0.34224 -0.04911899 1.161394 0.332273 -0.05260097 1.155746 0.338253 -0.05463898 1.163691 0.333436 -0.06259 1.163212 0.343735 -0.05417895 1.168572 0.342157 -0.06265598 1.17087 0.348303 -0.058384 1.172305 0.349299 -0.064956 1.17355 0.361508 -0.06180095 1.176709 0.370478 -0.05936998 1.180729 0.370976 -0.1371099 1.181016 0.37679 -0.05818694 1.185036 0.383434 -0.137044 1.190588 0.385427 -0.05759596 1.192694 0.390992 -0.06226098 1.199777 0.386424 -0.05049896 1.192119 0.393732 -0.05660998 1.202074 0.391656 -0.04524099 1.193077 0.400958 -0.05306094 1.206094 0.399961 -0.04353296 1.195852 0.29789 -0.04083895 1.092284 0.37164 -0.04228395 1.169434 0.395476 -0.03847295 1.18561 0.392404 -0.04096996 1.187142 0.297641 -0.03656697 1.083478 0.293073 -0.03341299 1.076203 0.219322 -0.02421295 0.994938 0.401456 -0.02887898 1.180154 0.224139 -0.01580095 0.997714 0.222561 -0.020796 0.996852 0.217661 -0.02053296 0.992736 0.212927 -0.02809 0.991396 0.2035419 -0.02848398 0.986993 0.402287 -0.006929993 1.174124 0.411256 2.33e-4 1.181112 0.397885 0.01521599 1.174986 0.398466 -0.03479295 1.183218 0.29789 -0.03452998 1.082234 0.408931 -0.06206399 1.216528 0.412253 -0.06916099 1.227153 0.419229 -0.06725597 1.226865 0.406273 -0.07980698 1.285254 0.409761 -0.069687 1.298272 0.411339 -0.06594097 1.303824 0.406024 -0.06344395 1.307844 0.402868 -0.07264399 1.299038 0.401788 -0.08559 1.286881 0.402287 -0.08959895 1.275204 0.401041 -0.09623599 1.275969 0.401955 -0.09051895 1.254815 0.401041 -0.09649896 1.254241 0.401955 -0.08624696 1.234906 0.400958 -0.102479 1.233374 0.401788 -0.07855898 1.22409 0.400127 -0.086313 1.223324 0.399131 -0.070279 1.213848 0.399048 -0.08223897 1.217676 0.396473 -0.07507598 1.21021 0.398965 -0.1371099 1.217485 0.392985 -0.137044 1.203031 0.390826 -0.144207 1.199585 0.388417 -0.148741 1.200064 0.366076 -0.1811389 1.214805 0.371308 -0.182256 1.228493 0.378202 -0.177064 1.248594 0.3738 -0.181861 1.242851 0.373966 -0.18173 1.26611 0.369398 -0.185081 1.26611 0.371557 -0.181993 1.28066 0.364996 -0.18679 1.26611 0.364498 -0.186461 1.278458 0.35694 -0.188039 1.272428 0.354448 -0.186724 1.294347 0.340662 -0.18817 1.291572 0.33817 -0.186461 1.303441 0.325962 -0.186724 1.304015 0.325962 -0.184556 1.308897 0.298222 -0.187119 1.302962 0.298222 -0.185081 1.307844 0.287508 -0.1792989 1.3133 0.404861 -0.06042098 1.31129 0.398549 -0.065481 1.308322 0.39747 -0.07750695 1.300952 0.397968 -0.08972996 1.294347 0.400044 -0.09347599 1.286116 0.376291 -0.04780399 1.326605 0.382437 -0.04326999 1.327275 0.374049 -0.03728997 1.331391 0.364249 -0.034859 1.333114 0.363584 -0.04464995 1.331582 0.369066 -0.05095899 1.328711 0.363003 -0.03104698 1.334358 0.357189 -0.03867 1.333688 0.389995 -0.04859298 1.323733 0.402536 -0.05851596 1.314066 0.349133 -0.03288698 1.335411 0.356525 -0.1371099 1.333975 0.370976 -0.1371099 1.327945 0.374547 -0.05720096 1.325743 0.383434 -0.137044 1.318469 0.383932 -0.06922698 1.31799 0.392985 -0.137044 1.306025 0.390826 -0.078821 1.309375 0.341991 -0.143221 1.334837 0.294983 -0.188039 1.295783 0.284684 -0.188039 1.283723 0.274718 -0.186067 1.280564 0.276628 -0.186921 1.220548 0.262343 -0.175027 1.242468 0.26035 -0.16977 1.246871 0.250384 -0.1422359 1.239022 0.251463 -0.13941 1.246679 0.255699 -0.07422095 1.201978 0.268987 -0.05444097 1.176039 0.268987 -0.05989599 1.182356 0.268406 -0.04970997 1.174124 0.268738 -0.05135297 1.172018 0.269237 -0.06633597 1.179006 0.269735 -0.05798995 1.173454 0.270316 -0.05450695 1.164074 0.251962 -0.135007 1.198437 0.251962 -0.135927 1.207434 0.268489 -0.04878997 1.153449 0.271562 -0.05141896 1.157469 0.278123 -0.04885596 1.14895 0.280698 -0.05378395 1.155363 0.30279 -0.05062997 1.150481 0.302624 -0.05463898 1.155076 0.323553 -0.05384999 1.154502 0.321311 -0.05950099 1.157948 0.327955 -0.05871295 1.158235 0.329616 -0.08683896 1.169817 0.339416 -0.07428699 1.171348 0.33327 -0.09130698 1.17221 0.337091 -0.104187 1.173071 0.314417 -0.09984999 1.172976 0.295647 -0.110233 1.173071 0.288422 -0.102676 1.174028 0.285598 -0.09807598 1.173645 0.282525 -0.09617 1.173837 0.284601 -0.06015896 1.158713 0.278622 -0.06212997 1.162064 0.274469 -0.05595296 1.160915 0.273223 -0.04701596 1.142154 0.299053 -0.04694998 1.129232 0.30279 -0.04780399 1.145025 0.284601 -0.04701596 1.140048 0.322972 -0.04839599 1.147036 0.403366 -0.06561297 1.215858 0.406107 -0.07310396 1.226291 0.404612 -0.08105599 1.236629 0.408765 -0.07691597 1.238065 0.404612 -0.08512997 1.25539 0.408765 -0.08079296 1.255868 0.404612 -0.08493298 1.274629 0.407768 -0.08158099 1.274151 0.389995 -0.05312699 1.320766 0.386175 -0.06061899 1.318086 0.379198 -0.06324696 1.321819 0.375378 -0.144141 1.325169 0.294152 -0.1593869 1.326222 0.325962 -0.181204 1.313108 0.34008 -0.181993 1.31062 0.354864 -0.18081 1.305451 0.365827 -0.180941 1.29473 0.380693 -0.149004 1.317894 0.389746 -0.148544 1.306887 0.388417 -0.1444039 1.31263 0.395975 -0.141381 1.300091 0.258025 -0.1732529 1.227535 0.241497 -0.141184 1.226387 0.2499679 -0.139081 1.239213 0.251879 -0.1422359 1.246488 0.234355 -0.175619 1.200543 0.242162 -0.173319 1.209253 0.248141 -0.1657609 1.220356 0.244238 -0.1425639 1.229546 0.256696 -0.166813 1.232609 0.2469789 -0.187644 1.210497 0.2453179 -0.1831099 1.210402 0.2498019 -0.172924 1.216528 0.253124 -0.185936 1.212029 0.262094 -0.185081 1.209923 0.271894 -0.187119 1.207626 0.283605 -0.187973 1.210785 0.253872 -0.188104 1.208583 0.265915 -0.187973 1.197575 0.28809 -0.188104 1.171061 0.299634 -0.187973 1.212412 0.302125 -0.186527 1.199873 0.289252 -0.185541 1.181399 0.299053 -0.182124 1.185706 0.293322 -0.179364 1.171253 0.297059 -0.179101 1.177187 0.29191 -0.174633 1.165797 0.306444 -0.17621 1.182452 0.314002 -0.1823869 1.19614 0.309766 -0.18633 1.205233 0.325962 -0.187973 1.212412 0.334267 -0.187973 1.213656 0.338087 -0.186527 1.205711 0.354365 -0.18679 1.2149 0.355445 -0.181073 1.20418 0.37953 -0.148939 1.190014 0.381939 -0.144601 1.189152 0.28892 -0.166616 1.157086 0.291827 -0.141776 1.146844 0.306444 -0.14263 1.162159 0.308271 -0.139147 1.162638 0.312839 -0.14263 1.166658 0.319068 -0.14263 1.17087 0.345479 -0.07803297 1.173167 0.287259 -0.1329039 1.17422 0.27912 -0.135336 1.176421 0.283605 -0.135401 1.175369 0.269735 -0.135861 1.179963 0.258938 -0.135073 1.188195 0.267825 -0.134941 1.178623 0.269652 -0.08309298 1.174124 0.273888 -0.081187 1.173358 0.275216 -0.08066099 1.172401 0.277376 -0.08624696 1.172784 0.272227 -0.06285297 1.168668 0.273472 -0.07691597 1.172784 0.323221 -0.05056399 1.151152 0.347804 -0.04819899 1.163786 0.362422 -0.04754096 1.170774 0.378534 -0.04182398 1.175273 0.401041 -0.116607 1.275969 0.396307 -0.05352097 1.318947 0.39232 -0.06955599 1.310045 0.369232 -0.148084 1.326605 0.334101 -0.176473 1.315884 0.364913 -0.18679 1.242851 0.352954 -0.188104 1.229163 0.307441 -0.164447 1.174124 0.319151 -0.167339 1.183887 0.344898 -0.1387529 1.173071 0.360345 -0.1409209 1.17623 0.362006 -0.05391597 1.175177 0.375129 -0.05161595 1.182165 0.37654 -0.04563599 1.17891 0.39448 -0.08414399 1.302962 0.387337 -0.07402396 1.313683 0.369398 -0.185081 1.242851 0.364332 -0.186527 1.230598 0.325962 -0.186001 1.203318 0.314251 -0.185607 1.202074 0.320065 -0.18265 1.19815 0.315414 -0.17759 1.190301 0.325962 -0.179693 1.194225 0.32754 -0.177787 1.192789 0.325962 -0.181861 1.197192 0.332855 -0.1763409 1.192694 0.339997 -0.182256 1.198724 0.344399 -0.177919 1.195852 0.368567 -0.147953 1.181973 0.336094 -0.158993 1.182835 0.329782 -0.143024 1.173358 0.335679 -0.141447 1.17355 0.370976 -0.1438789 1.18092 0.374464 -0.178641 1.281808 0.400709 -0.140856 1.252327 0.400294 -0.13895 1.284967 0.394397 -0.151567 1.264866 0.393982 -0.151961 1.229258 0.377205 -0.177327 1.270035 0.32455 -0.08526098 1.168381 0.286013 -0.03682994 1.073428 0.213342 -0.03525298 0.998575 0.207778 -0.03531897 0.993023 0.289418 -0.03492397 1.074289 0.273306 -0.04813295 1.075821 0.287591 -0.04202097 1.075916 0.272559 -0.04510998 1.075055 0.282857 0.04307895 1.074863 0.269486 0.04307895 1.074481 0.295066 0.04307895 1.137655 0.304368 0.04150098 1.128083 0.304368 0.04307895 1.128083 0.309351 0.04307895 1.11564 0.282857 0.04307895 1.143111 0.298471 0.04005599 1.135262 0.2998 0.04334098 1.086541 0.257443 0.04307895 1.128562</float_array>
          <technique_common>
            <accessor source="#f_1-06vxh12-a00_lk3_1-mesh-positions-array" count="4147" stride="3">
              <param name="X" type="float"/>
              <param name="Y" type="float"/>
              <param name="Z" type="float"/>
            </accessor>
          </technique_common>
        </source>
        <source id="f_1-06vxh12-a00_lk3_1-mesh-normals">
          <float_array id="f_1-06vxh12-a00_lk3_1-mesh-normals-array" count="37278">-0.1980967 -0.775802 -0.5990735 -0.09981369 -0.8602531 -0.5000017 -0.09982049 -0.8602483 -0.5000088 0.001269698 -0.9216516 -0.3880166 0.9998039 0.003310024 -0.01953023 0.9821978 0 0.1878499 0.9863146 -0.03388822 0.1613545 0.997229 -0.07429921 -0.00373429 0.925849 -0.02931988 -0.3767547 0.7682011 0.08340084 -0.6347532 0.4527567 -0.01333844 -0.8915344 0.1661807 0.08732002 -0.9822216 -0.1740331 -0.06831008 -0.9823677 -0.4531896 0.0283094 -0.8909646 -0.7490745 -0.06278026 -0.6595045 -0.4533057 0.02838814 -0.8909031 -0.7491701 -0.06266438 -0.6594069 -0.9083856 0.05647712 -0.4143018 -0.9950534 -0.06558835 -0.07461237 -0.9763612 0.03453314 0.2133686 -0.9386218 0.09711587 0.3309952 -0.918794 0.2760404 0.282169 -0.918817 0.2761337 0.2820026 -0.9386397 0.09714502 0.3309361 -0.9417031 0.2114546 0.2616913 -0.8982273 0.02358114 0.4388981 0.112761 0.6383059 0.7614793 0.3146362 0.7340285 0.6018357 0.2818757 0.4927369 0.8232597 0.004488527 0.9999869 -0.002483367 0.02036535 0.9997863 -0.003571867 -0.3605572 -0.9305912 0.06323426 -0.3606011 -0.9305737 0.06324219 -0.3606011 -0.9305736 0.06324219 0.862955 0.07286411 0.4999995 0.6139792 -0.04489958 0.7880442 0.6835413 0.1927852 0.7039923 -0.1431428 0.6279951 0.7649395 -0.2281307 0.5295568 0.8170227 -0.1605453 0.7984922 0.5802031 0.8884036 0.1883847 0.4186291 0.6835587 0.1928485 0.7039582 0.7061544 0.3706607 0.6032882 -0.7178919 0.6843574 0.1276177 -0.3971053 0.868198 0.2975562 -0.7448114 0.5128651 0.4268788 -0.6571252 -0.2202378 -0.7208896 -0.4561795 0.1064411 -0.8834992 -0.5741295 0.02648991 -0.8183359 -0.1654229 0.8888607 -0.4272728 -0.03550446 0.8135603 -0.5803957 0.005292117 0.9943016 -0.1064732 0.05144703 0.997167 0.05487507 0.1404985 0.9221153 0.3605049 -0.06969225 0.9956324 0.06212335 -0.1202669 0.8674045 0.4828513 -0.5548197 0.7179591 0.4203689 -0.4640443 0.7752134 0.4286109 -0.176995 0.8141558 0.5530129 -0.4885553 0.5522651 0.6755126 -0.6238496 0.6596188 0.4191836 -0.4886395 0.5522831 0.6754367 -0.7861529 0.5250185 0.3260663 -0.06968456 0.9956334 0.06211447 -0.09472477 0.9953188 0.01917648 -0.272523 0.962141 -0.003980278 -0.7079637 0.6455039 -0.2865521 -0.3605269 0.7918208 -0.4929912 -0.3995806 0.8794943 -0.2585061 -0.311752 0.9235204 -0.2234296 -0.1884855 0.9469363 -0.2603554 0.005296051 0.9943088 -0.1064047 -0.1972101 0.9788714 0.05402779 -0.06899648 0.9976084 0.0041278 0.005296587 0.9943169 -0.1063289 0.05135262 0.9971763 0.05479419 -0.05582231 0.9984032 -0.008654475 -0.2201694 0.9738 0.05691146 -0.05583763 0.9984023 -0.008658826 -0.0696333 0.9956389 0.06208515 -0.08421152 0.9964365 -0.004775524 -0.2908058 0.9567742 -0.003899812 -0.06973981 0.9956313 0.06208592 -0.4318746 0.901928 -0.003188908 -0.8662511 0.3086989 -0.3928286 -0.6957866 0.4583149 -0.5530176 -0.7080147 0.6454479 -0.2865524 -0.8791331 0.2116798 0.4269856 -0.9935917 0.03272503 0.1081882 -0.9819772 0.08610039 0.1682484 0.9981503 -0.01522451 -0.05885916 0.005464136 0.2844314 -0.9586809 -0.001773595 -0.05816501 -0.9983055 0.003429234 0.4818576 -0.8762429 0.003097832 -0.2692469 0.9630662 -0.004144668 0.05719727 0.9983544 0.002003967 -0.4631103 0.8862984 -0.1174246 0.9683161 0.2203985 0.06646174 0.8803793 0.4695904 -0.3811733 0.3895093 -0.8384448 -0.5200285 0.08742046 -0.8496635 -0.403374 0.4053626 -0.820348 -0.2904297 0.9121159 -0.2893016 -0.3480113 0.9253916 -0.1501286 -0.1669012 0.9174086 -0.3612555 -0.09593474 -0.1306765 -0.9867726 -0.09593474 -0.1306766 -0.9867726 -0.09593468 -0.1306766 -0.9867726 -0.8736267 0.2423968 -0.4219245 -0.8355484 0.4553914 -0.3073723 -0.9697349 0.1654221 -0.1795821 -0.3656479 0.01532822 -0.9306271 -0.4073669 0.1041879 -0.9073022 -0.2010067 0.03101104 -0.979099 -0.8355702 0.455353 -0.30737 -0.9909951 0.01530086 -0.1330223 -0.9455899 0.01964533 -0.3247675 -0.4397473 0.893579 0.09021556 -0.4422892 0.8964177 -0.02855706 -0.6597493 0.7411838 0.1240061 -0.8800812 0.1528006 -0.4495657 -0.9619852 -0.01480484 -0.2727003 -0.8248323 -0.02894419 -0.5646361 -0.6248431 0.6990755 -0.3476558 -0.5686218 0.8216578 -0.03934198 -0.4680705 0.8668249 -0.1718278 -0.9418067 0.3212262 0.09906482 -0.756841 0.4493986 0.4745869 -0.8944831 0.3005701 0.3309952 -0.7854846 0.2189985 0.5788382 -0.7567974 0.4494238 0.4746323 -0.897156 -0.007090151 0.4416571 -0.3895556 0.9109944 -0.13541 0.2128739 0.9673645 0.1374431 0.4506293 0.8675705 0.2103679 0.4506293 0.8675706 0.2103679 0.2482351 -0.9638728 0.09658503 0.03584724 -0.9985868 0.03923523 0.4648739 -0.883214 0.06185138 -0.8716797 0.05286687 0.4872163 -0.8290516 -0.0798211 0.5534458 -0.8724741 -0.006046116 0.4886232 -0.9614537 0.1698276 -0.2162531 -0.871984 0.4894292 0.01016342 -0.943875 0.2833054 -0.1698179 -0.6513209 0.4467428 0.6133531 -0.5130631 0.7683988 0.3825306 -0.1868503 0.4530896 0.8716633 0.02332121 0.8236786 0.5665773 0.004585981 0.6848319 0.7286866 -0.1531769 0.3665341 0.9177089 0.5844174 -0.5342577 -0.6107578 0.8085477 -0.1100997 -0.5780386 0.5505422 -0.3979844 -0.7338336 0.2738347 -0.7683448 -0.5784989 0.529585 -0.5770103 -0.6217707 0.4246956 -0.6656149 -0.6136698 -0.03506684 0.9857914 -0.164273 0.004727661 0.9783968 0.2066819 -0.02015763 0.9469459 0.3207604 -0.3604037 0.9325285 0.02235668 -0.5423426 0.8400981 -0.009991884 -0.7438706 0.6683227 -0.001159369 -0.1531875 0.3663963 0.9177622 -0.2557741 0.3650964 0.8951448 -0.1351385 0.03729015 0.9901248 0.06908929 0.4757517 0.8768621 -0.1054765 0.1521366 0.9827152 0.01911729 0.007165014 0.9997916 0.01900291 0.007034778 0.9997947 -0.1119247 -0.07997685 0.9904932 -0.2136074 0.006055235 0.9769008 -0.1351223 0.03717482 0.9901313 -0.213553 0.006119906 0.9769123 -0.06095677 0.2611835 0.9633626 -0.1532146 0.3663719 0.9177674 -0.2136675 0.006191909 0.9768868 -0.350457 0.3731485 0.8590345 -0.25772 0.07238978 0.9635041 -0.5960653 0.3588663 0.7182765 -0.2137389 0.006157755 0.9768714 -0.4658588 0.4199862 0.7788372 -0.1670755 0.4703809 -0.8665031 -0.162722 0.6290901 -0.7601101 -0.1064714 0.2317636 -0.9669279 -0.8332777 0.5228989 0.1795136 -0.8332778 0.5228925 0.1795315 -0.8956966 0.4414424 0.05344378 -0.06910544 -0.7500881 0.6577175 0.1549447 -0.8995656 0.4083794 -0.06911849 -0.7500908 0.6577131 0.1739327 -0.8984867 -0.4030746 0.5303663 -0.6254354 -0.5723132 0.1665447 -0.6548892 -0.7371451 -0.8714277 0.483644 -0.08186751 -0.8928923 0.4500393 0.0144236 -0.7288739 0.6840717 0.02808529 -0.9737622 0.08517783 0.2110258 -0.8846623 0.08075892 0.4591849 -0.9959139 0.0434094 0.07919031 -0.2207226 0.8634725 -0.4535381 -0.2757096 0.8897514 -0.3637672 -0.1627447 0.6291039 -0.7600938 -0.7272044 -0.02527582 0.6859556 -0.6029218 0.02987885 0.7972406 -0.727213 -0.0252583 0.685947 -0.7438735 0.6683195 -0.001178383 -0.554124 0.8299992 0.06362468 -0.9614617 0.1698071 -0.2162333 -0.9548178 0.06153136 0.2907524 -0.9652594 0.2612897 -0.001492023 0.003517329 -0.2580725 0.9661192 -0.003309428 0.08071547 0.9967318 0.001981496 -0.4631542 0.8862755 0.005211591 -0.2812972 0.9596066 -0.006936669 0.05683153 0.9983597 0.003188014 -0.4787696 0.8779348 -0.1847438 0.9807296 -0.0635547 -0.001082003 0.9969781 -0.07767665 -0.006006777 0.9901539 0.1398552 -0.5933621 0.8045768 0.02403575 -0.4533564 0.8560713 -0.2482136 -0.2930036 0.8859055 -0.3596116 -0.9297137 0.3582356 -0.08543843 -0.9995478 0.02999055 -0.002200722 -0.995921 0.04340112 0.07910507 -0.9840664 0.03845679 -0.1735927 -0.9840404 0.0384227 -0.1737481 -0.9974915 0.05516284 -0.04436051 -0.9850959 0.1344596 -0.1072694 -0.3184932 -0.1265252 -0.9394432 -0.130685 -0.0118066 -0.9913538 -0.6233804 -0.01155829 -0.7818333 0.1872542 -0.2139232 0.9587351 -0.2421263 -0.1213132 0.9626308 -0.2481761 -0.02562844 0.9683759 -0.4155389 0.1148537 0.9022949 -0.7056949 -0.00176531 0.7085136 -0.7910003 0.09688097 0.6040965 -0.705824 -0.001760363 0.7083852 -0.8416987 0.1825233 0.5081621 -0.9597476 -0.004683017 0.2808251 -0.9817205 0.1784207 0.06626367 -0.9538775 -0.003383636 -0.3001773 -0.9490623 0.1669634 -0.2672155 -0.9065079 0.03518176 -0.4207205 -0.858081 0.4807361 -0.1805267 -0.9400531 0.2859669 -0.1858044 -0.9979222 0.06185424 0.01804292 -0.3267529 0.9291462 0.1729742 -0.6964753 0.6146523 0.3703035 -0.2973064 0.6805528 0.6696692 -0.3408196 0.5784068 0.7411394 -0.7760752 0.3359449 0.5337117 -0.4154987 0.11504 0.9022896 -0.3544527 0.2295052 0.9064716 -0.4272661 0.07091259 0.9013407 -0.8493655 0.4213778 0.3178352 -0.8971092 -0.1264123 -0.4233381 -0.7255296 -0.09491127 -0.6816148 -0.5127841 -0.3392198 -0.7886587 -0.7254089 -0.09501427 -0.6817288 -0.8522456 -0.1535483 -0.5001004 -0.1311823 -0.5836589 -0.8013324 -0.2345024 -0.3789029 -0.8952326 -0.4033929 -0.3337084 -0.8520053 -0.5127421 -0.3391633 -0.7887104 -0.2345944 -0.3787173 -0.8952869 -0.3184142 -0.1266095 -0.9394587 -0.4324151 -0.1577067 -0.8877758 -0.91969 0.1729133 0.3525214 -0.6623563 0.4122946 0.6255378 -0.7230561 0.2088168 0.6584721 -0.1789587 0.9554204 -0.2348315 0.02174991 0.9941159 0.1061159 0.1403883 0.9575123 -0.2519155 -0.9992806 -0.01979857 -0.03234732 -0.9995482 0.02997821 -0.002211451 -0.9922856 0.1086162 -0.05976659 1.6522e-4 0.7431586 0.6691154 0.006101369 0.4515071 0.8922467 0.003143191 0.8791627 0.4765114 -0.5623797 -0.8268508 0.006863117 -0.8216686 -0.5655313 0.07096016 -0.4365014 -0.8743469 0.2120947 -0.3400056 0.2878102 0.8952997 -0.8304834 0.1248493 0.542872 -0.8448505 0.2365584 0.4798623 0.8306143 0.5533448 0.06236517 0.9761613 0.2124571 0.04439866 0.7592175 0.6507576 0.01016926 -0.2449774 0.2825679 0.9274381 -0.06395548 0.4462477 0.8926213 -0.07222783 0.1426272 0.9871376 -0.1458046 0.8174138 0.5572934 -0.1812303 0.8782328 0.4425638 -0.09055984 0.963113 0.2534016 -0.1708844 0.6060397 0.776862 -0.1654776 0.8399431 0.5168297 -0.164298 0.6501746 0.7418081 -0.2181547 0.5460346 0.8088601 -0.2999267 0.827434 0.4747601 -0.1708438 0.605959 0.7769339 -0.2385156 0.6575153 0.7146915 -0.1388193 0.733645 0.6652024 -0.3551123 0.3990327 0.8453806 -0.1939862 0.2622977 0.945288 -0.3650988 0.5377753 0.7599346 -0.3868694 0.8535258 0.3490357 -0.1694895 -0.9851219 -0.02843016 0.03566461 -0.9985904 0.03931224 -0.3879929 -0.9216567 -0.003258883 -0.9968668 0.01337933 0.07795846 -0.9725854 0.2316146 0.02079457 -0.9777359 -0.2075719 0.03076517 -0.9017816 0.4319305 -0.01503711 -0.9725391 0.2317988 0.02090632 -0.7864362 0.6164598 0.03867346 0.9941095 0.06873875 0.08379411 0.9907931 0.1027685 0.0881356 -0.8913525 0.3247595 0.316263 -0.8913525 0.3247595 0.316263 -0.8913524 0.3247594 0.316263 0.6475843 -0.7619662 0.006504118 0.7925468 -0.6079749 0.04729115 0.4650179 -0.8831312 0.06194853 -0.594661 -0.3922352 0.7018048 -0.3132153 -0.1303877 0.9406887 -0.4914698 -0.5453765 0.6789861 -0.8376794 -0.5313451 0.1263552 -0.5470657 -0.6205972 0.5617635 -0.4851196 -0.8474603 0.2155697 -0.5008515 -0.7865963 0.3611288 0.2974157 -0.9533963 -0.05078876 0.5548197 -0.8108088 0.186452 0.5595321 -0.7810443 -0.2772974 0.003372311 0.2726475 -0.9621082 -0.004223048 -0.05833649 -0.9982881 0.002251148 0.4666123 -0.8844591 -0.3019303 0.948871 -0.09209781 -0.4095382 0.8233035 -0.3930012 -0.734936 0.6623706 -0.1453768 0.006468653 -0.9600803 -0.2796502 -0.00468558 -0.9984911 0.05471491 0.004678726 -0.8840134 -0.4674383 0.9387553 0.3444355 -0.01013839 0.8129382 0.5823289 -0.004962027 0.9974972 0.0706954 0.001212894 0.07514673 0.4199337 0.9044383 0.3006462 0.3856083 0.8723062 -0.1702879 0.49701 0.8508721 -0.9855002 0.1524147 0.07456129 -0.8013594 0.5981621 0.005044221 -0.7862514 0.5249385 0.3259577 -0.940541 -0.3394128 -0.01347428 -0.8178476 -0.5753844 -0.007634878 -0.9974948 -0.07067835 -0.002945661 -0.734911 0.6624216 -0.1452704 0.6137568 -0.765556 -0.1929425 0.8790981 -0.4100307 -0.2430256 0.7405669 -0.6685608 -0.06772983 -0.9318907 -0.341454 0.1224302 -0.9132539 -0.4057605 0.03641432 -0.9971363 0.006717383 0.07532709 0.768727 -0.639541 -0.006801247 0.8777463 -0.4791042 -0.004547774 0.5878495 -0.8089702 -5.93183e-4 -0.06892651 -0.4148294 0.9072847 -0.3001498 -0.3859558 0.8723235 0.179737 -0.489358 0.8533601 0.3236559 -0.2809079 0.903514 0.1798957 -0.4893092 0.8533546 0.4832776 -0.1168484 0.8676343 -0.7614867 -0.6461635 0.0510953 -0.9318345 -0.3416253 0.1223789 -0.5889532 -0.801134 0.1063886 -0.3553346 -0.9053575 0.2325193 -0.04508405 -0.9988861 0.0139333 -0.5626823 -0.8266277 0.008680701 0.9368685 0.3495186 -0.01068764 0.8078117 0.5894132 -0.005680263 0.9974973 0.07069534 0.001197695 -0.4620896 0.8192208 0.3396329 -0.3930189 0.5957685 0.7004256 -0.5916761 0.5498543 0.5895588 -0.3816486 0.4569005 0.8034839 -0.5292127 0.5787281 0.6204899 -0.3802366 0.6405871 0.6671344 -0.9228133 0.127041 -0.3636982 -0.9314632 -0.03051167 -0.3625542 -0.810631 -0.1117259 -0.5747997 -0.1305198 -0.01178836 -0.9913756 -0.2759223 -0.04112309 -0.9602999 0.1826523 0.01650422 -0.9830392 -0.1069968 0.141098 0.9841967 -0.03253555 0.2848899 0.9580079 -0.02815896 -0.1859735 0.9821513 -0.6541011 0.141021 0.7431453 -0.1071103 0.1411049 0.9841834 -0.3691743 -0.186743 0.9104051 -0.02817839 -0.1859751 0.9821503 -0.02232271 0.6667601 0.7449381 -0.2275785 0.5981247 0.7684106 -0.1769173 0.8141855 0.5529939 -0.2423197 -0.6810553 -0.6909738 0.07266968 -0.7625216 -0.6428685 0.1711866 -0.5335267 -0.828278 0.2790282 -0.956261 -0.08779639 -0.3292032 0.9434852 0.03822451 -0.3292032 0.9434852 0.03822445 -0.3292554 0.9434535 0.03855448 0.4625653 -0.8579544 -0.2234897 0.785349 -0.5084891 -0.3530805 0.6290018 -0.64888 -0.4281489 0.3173997 -0.3781497 -0.8696323 -0.06170308 -0.6269222 -0.7766346 -0.2423775 -0.6810125 -0.6909959 -0.854214 -0.08317005 0.5132265 -0.9855149 0.1523287 0.07454222 -0.6907823 0.2192904 0.6890077 -0.8015494 0.4707613 0.3686496 -0.9426349 0.2173935 0.2533369 -0.9051701 0.3849734 0.1801736 0.2850784 -0.2579631 -0.9231389 0.3685659 -0.06654363 -0.927217 0.3010016 -0.2631438 -0.9165989 0.2933734 -0.8616059 0.4142069 0.1583336 -0.9393975 0.3040772 0.2420026 -0.9409565 0.2367186 0.2412819 -0.9662798 -0.08992469 0.2824159 -0.903167 -0.3233124 0.2353001 -0.9311636 -0.2785106 0.2029483 -0.1425496 -0.9687578 -0.2195288 -0.4415304 -0.8699759 0.3667962 -0.4952805 -0.787501 0.5876797 -0.757666 0.2838575 0.6369482 -0.748431 0.1847916 0.5980281 -0.6766635 0.4295216 -0.255809 0.4540241 -0.8534776 -0.2557914 0.4539431 -0.853526 0.08817142 0.1318917 -0.987335 0.2990667 -0.760165 0.5768086 0.3833199 -0.7475439 0.5424426 0.2781828 -0.7076184 0.649531 -0.9419491 -0.3355502 -0.01174616 -0.8202579 -0.5719475 -0.007286012 -0.9983173 -0.05798804 2.44612e-4 -0.9818192 -0.1895951 -0.009206116 -0.9432421 -0.1878347 0.273884 -0.779695 -0.2112973 0.5894312 0.685405 0.2488773 0.6843099 -0.3613716 -0.3812377 -0.8509221 -0.5207585 -0.3379691 -0.7839564 -0.5312023 -0.3324701 -0.7792868 0.2850032 -0.258013 -0.9231482 -0.3612157 -0.38128 -0.8509694 -0.08079737 -0.5990316 -0.7966386 -0.219673 -0.4415446 -0.8699322 -0.5827607 -0.586848 -0.5621384 0.06697112 0.4177023 0.9061125 0.3006629 0.3855866 0.8723101 -0.1826758 0.4929727 0.8506513 0.9387616 0.3444191 -0.01011663 0.8129165 0.5823595 -0.004941642 0.9974985 0.07067811 0.001197695 -0.77228 0.6352507 -0.006335616 -0.8777483 0.4791003 -0.004560291 -0.594603 0.8040196 5.15264e-5 0.35479 0.1220748 0.9269422 0.4833329 -0.116676 0.8676268 0.3007994 0.3854793 0.8723104 0.301022 -0.9262923 0.2266459 0.1281194 -0.9842616 0.1217145 0.1583282 -0.9393882 0.3041087 0.6064207 0.7951408 0.002257645 0.812822 0.5824911 -0.00496459 0.3470517 0.9378166 -0.007442474 -0.7501828 0.1239542 -0.6495084 -0.759803 0.01282823 -0.6500269 -0.9504028 0.01262044 -0.3107658 -0.07370591 -0.995909 0.05227488 0.001817286 -0.9600374 0.279866 0.07642018 -0.9939538 0.07884007 0.07067227 0.997465 -0.008312106 -0.3763548 0.9264591 0.005535125 0.3468833 0.9378788 -0.007451117 0.975394 -0.2204275 0.004285693 0.8778405 -0.4789316 -0.004554152 0.9975124 0.07048255 0.001179218 -0.9723369 0.2335804 0.001114249 -0.8684739 0.4956808 -0.007334887 -0.9975578 -0.06979048 -0.002786397 -0.3190346 0.2880926 0.9028951 -0.1704883 0.4969516 0.850866 -0.4777212 0.1281334 0.8691171 -0.07284462 -0.997297 -0.009618937 0.2213596 -0.9751886 0.002699792 -0.3539489 -0.9352306 -0.008000612 0.4808301 -0.8759532 -0.03883856 0.3056954 -0.9513714 0.03798347 0.2412898 -0.96629 -0.08979409 -0.5293294 0.5786936 0.6204227 -0.5948559 0.2799999 0.7534897 -0.6334087 0.5854623 0.5059915 -0.4224774 0.772886 0.4734554 -0.3533759 0.918932 0.1751844 -0.4625734 0.8731707 0.1536191 -0.3826571 0.9238856 0.003033459 -0.2169564 0.9761812 6.17481e-4 -0.5752616 0.8179675 -0.0017879 0.392761 -0.9196267 0.005076527 0.2215757 -0.9751396 0.002690494 0.5877373 -0.8090518 -5.98274e-4 -0.06945276 -0.9551144 0.2879808 -0.03344386 -0.9031304 0.4280619 -0.01169216 -0.9995487 0.0276699 -0.0442785 -0.9935659 0.1042425 -0.01788979 -0.9843278 0.1754389 -0.04495555 -0.9988922 0.0139051 -0.01167893 -0.9995499 0.02763879 0.2194282 -0.9707359 0.09758734 0.4225522 -0.7336953 0.5321099 0.5547912 -0.8108108 0.1865277 0.1739737 -0.9706578 0.166002 0.3254786 -0.9258879 0.1918213 0.7269867 -0.6429397 0.2410791 0.2149822 -0.9761349 0.03071522 0.5037319 -0.7979766 -0.3308894 -3.97444e-4 -0.9998486 -0.01740324 0.2973902 -0.9534029 -0.05081409 -0.3500059 -0.9366949 -0.009934067 -0.3184709 -0.9286373 0.1902866 -5.86897e-4 -0.9998494 -0.0173462 -4.78012e-4 -0.999849 -0.01736921 -0.267014 -0.9597437 0.08715337 -0.08330798 -0.9744713 0.2084835 -4.61191e-4 -0.9998493 -0.01735532 0.2148992 -0.9761546 0.03066784 0.005850195 -0.9788611 0.2044429 0.9753893 -0.2204484 0.00429517 0.8778249 -0.4789602 -0.004553198 0.9975113 0.07049745 0.00118947 -0.04976463 -0.9557101 0.290072 -0.08201664 -0.9318134 0.3535495 0.001817762 -0.9599834 0.2800513 -0.7110158 0.6594757 0.2440255 -0.4719797 0.8786253 0.07247674 -0.513811 0.8290366 0.2206732 -0.2169091 -0.4340259 -0.8743981 0.07250976 -0.9144518 -0.3981461 0.2544262 -0.8342491 -0.4891788 -0.02969968 -0.9994655 -0.01366472 0.0816521 -0.9499424 -0.3015668 -0.3062614 -0.949942 0.06175905 -0.6496397 0.760118 -0.01374632 -0.5916147 0.6972271 -0.4048044 -0.2095718 0.9708641 -0.1162016 -0.9795961 -0.07896244 0.1848149 -0.8869944 -0.1007698 0.4506511 -0.7481881 -0.2294905 0.6225342 -0.9950984 0.02751433 -0.09498512 -0.9751021 0.01770997 -0.2210485 -0.9135025 0.3727367 -0.1630354 -0.7867791 -0.380304 -0.4861559 -0.5930693 -0.04960197 -0.8036221 -0.9670915 -0.1385973 -0.213366 -0.05511593 -0.7812343 -0.6218001 0.04316872 -0.9753368 -0.2164595 -0.006320416 -0.5922763 -0.8057103 0.1508752 0.003074765 0.9885481 0 0 1 0.006854653 0.007108569 0.9999513 0.2117004 -0.9707598 -0.113174 0.1185632 -0.9747321 -0.1893149 -0.02962285 -0.9994681 -0.01363807 -0.976037 0.1256192 -0.177684 -0.584326 -0.4687048 -0.6624794 0.001347661 0.197942 -0.9802129 0.6738715 0.2307084 -0.7019051 0.553922 -0.08528262 -0.8281892 0.3902571 0.127176 -0.9118803 -0.02664279 -0.9921501 0.1221818 -0.01532876 -0.9993674 0.03209251 -0.01818668 -0.9987902 0.04568952 -0.2375205 0.7985043 0.5531501 -0.006738424 0.7532747 0.6576716 -0.1064555 0.5754848 0.8108542 0.8226 -0.005109071 -0.5685975 0.9860216 -0.02729284 -0.1643674 0.9855335 0.02679061 -0.1673504 0.1510304 0.003079831 0.9885244 0.2984439 0.006083905 0.9544079 0.2984439 0.006083846 0.9544079 0.8511451 -0.5240701 0.03004437 0.8831603 -0.460679 -0.08833384 0.8511451 -0.5240701 0.03004443 0.1222906 -0.9924035 0.01342803 0.4163875 -0.9069249 0.06409937 0.4162504 -0.9069664 0.06440275 -0.3503035 0.1000674 -0.9312755 -0.2541649 -0.6537446 0.7127539 -0.01738363 -0.903494 0.4282481 -0.3759704 -0.8330518 0.4057969 -0.5916054 -0.3672221 0.7177403 -0.626397 -0.6386846 0.4468879 -0.7436314 -0.4439524 0.4999186 -0.9886989 0.1438099 0.04234659 -0.913492 0.3728164 -0.1629123 -0.5780549 0.7032293 0.4139097 -0.09034693 -0.9959028 0.003894686 -0.5416464 -0.835537 0.0921806 -0.191691 -0.9596537 0.2057172 0.4816489 0.4517783 -0.75094 0.706465 0.5167065 -0.4836545 0.6739258 0.2308175 -0.7018173 -0.1916118 -0.9596724 0.2057037 -0.4479584 -0.8742297 0.187232 -0.1410257 -0.8897571 0.4341016 -0.3573996 0.2605679 -0.8968667 -0.7937031 0.2598133 -0.5500296 -0.6465195 0.009043872 -0.762844 -0.1380192 0.01605737 -0.9902994 0.3571614 0.03981685 -0.9331937 0.3572509 0.03981602 -0.9331594 0.8927915 0.3581507 0.2732245 -0.6975951 0.5331413 0.4786665 -0.6822268 0.7065181 0.1881455 -0.6346012 0.7513158 0.181124 0.4629261 -0.8217037 0.3324193 0.2420363 -0.9409617 0.2366632 0.3083062 -0.9395553 0.1489402 -0.06450349 -0.9978445 -0.01206743 0.2176919 -0.9760174 5.67462e-4 -0.3377354 -0.9411746 -0.01119393 0.1403341 0.6979006 -0.7023113 0.4647982 0.623529 -0.6286289 -0.09372681 -0.4936992 0.8645672 -0.2203325 -0.319215 0.9217134 -0.09375905 -0.4937026 0.8645618 0.7671236 -0.6414608 -0.007023453 0.8777453 -0.4791059 -0.00456053 0.584793 -0.8111822 -8.89266e-4 0.03483223 0.9937523 -0.1060335 0.02202087 0.9979508 0.06007879 0.01139289 0.952687 -0.3037397 0.04802215 0.9122644 -0.4067772 0.03046101 0.7832193 -0.620999 0.03944599 0.7029452 -0.7101494 -0.002710461 0.4941314 -0.8693831 -0.01366001 0.3736016 -0.9274887 0.001710534 0.1299716 -0.9915163 -0.03430444 -0.01865249 -0.9992374 0.001440405 -0.2580218 -0.9661381 -0.0143792 -0.3843383 -0.9230804 0.0237782 -0.5796594 -0.8145118 0.001431107 -0.6784009 -0.7346906 -9.94139e-4 -0.8860977 -0.4634975 0.001407742 -0.6784778 -0.7346196 -0.00101298 -0.8861904 -0.4633203 -0.04292917 -0.9713714 -0.233655 0.9307568 -0.1976793 0.3075951 0.9528885 -0.2984735 0.05401062 0.9307594 -0.1976758 0.3075897 0.4608275 -0.7645238 0.4507124 0.5979737 -0.6766766 0.4295769 0.3833775 -0.7475585 0.5423818 0.01160788 0.8155625 0.5785527 -0.05275279 0.9461044 0.3195369 -0.02790164 0.5965375 0.8021 0.8624207 -0.1712902 0.4763298 0.9702899 0.04820483 0.2370948 0.6064211 0.7951406 0.002245783 0.8128309 0.5824785 -0.00499016 0.3470725 0.9378089 -0.00743705 0.8113081 -0.584368 -0.01712781 0.8626185 -0.1001344 -0.4958454 0.7251223 -0.243852 -0.6439984 -0.4609945 0.7872795 -0.4094815 0.8825194 0.3366225 -0.3283974 0.9353729 0.2696062 -0.2288887 0.9918068 0.08773237 -0.09285718 -0.9735769 0.2283313 0.003581643 -0.8778299 0.4789509 -0.004548966 -0.998327 -0.05782222 2.26092e-4 0.2476978 0.6396206 -0.7276891 0.1053679 0.9179214 -0.3825154 0.9225373 -0.1841102 -0.3391586 0.9511669 -0.1567054 -0.2659419 0.9313654 -0.1277212 -0.3409483 0.8831931 -0.4605936 -0.08845049 0.8985107 -0.3881587 -0.2049668 0.029199 0.2428866 0.9696152 0.1241033 0.1342956 0.9831395 -0.0681867 0.1529706 0.9858756 -0.9239829 -0.01973509 0.3819246 -0.7244491 0.005553305 0.689306 -0.9419445 0.01430708 0.3354637 0.7972719 0.1179814 0.591978 0.6258843 -0.1042311 0.7729197 0.8809787 -0.006154417 0.473116 0.5988186 0.7859567 0.1539102 0.8051156 0.365222 0.4673347 0.8747425 0.4246543 0.2334402 0.8748025 0.4245087 0.2334801 0.8807752 0.1917455 0.4329767 0.8810443 -0.006053388 0.4729949 0.04713535 0.9439626 0.3266693 0.1053834 0.9816074 0.1591895 0.2080672 0.8859579 0.4144718 -0.05653786 0.9982414 0.01782292 0.1053949 0.9816344 0.1590149 0.1081985 0.9707952 0.2141258 -0.2986011 0.8854239 0.3561768 -0.3086922 0.7386977 0.5991953 -0.6003596 0.5618653 0.5691008 -0.7348427 0.6089246 0.2986924 -0.8027802 0.3816065 0.4581708 -0.8348559 0.2506955 0.4900689 -0.3367661 0.886739 -0.3166742 -0.6495798 0.7601687 -0.01377862 -0.6554207 0.7415692 0.1431744 -0.6536874 0.7527829 0.07753068 -0.6674042 0.6352723 0.3885881 -0.7835116 0.2678937 0.5606626 -0.8298168 0.1084058 0.5474051 -0.2365081 0.9466881 0.2187366 -0.6004796 0.5617786 0.56906 -0.6122111 -0.7906943 5.42629e-4 -0.8201707 -0.5720723 -0.007315099 -0.3461341 -0.9381439 -0.008801281 0.9434528 -0.2649828 0.1992014 0.9298157 0.01442766 0.3677428 0.9987165 0.01581662 -0.04811698 -0.7434926 -0.5308433 0.4067239 -0.8137312 -0.5764897 0.07417041 -0.7435315 -0.5307626 0.406758 -0.3197696 -0.9343824 0.1570892 -0.3197696 -0.9343824 0.1570892 -0.3200677 -0.9342638 0.1571877 0.3902949 -0.9206828 0.003627181 0.2178953 -0.9759721 5.76942e-4 0.5846881 -0.8112578 -8.92219e-4 0.8566672 -0.1610251 -0.4900942 0.9003264 -0.1808002 -0.3958833 0.6324707 -0.3990819 -0.6638633 -0.7270867 -0.3859649 0.5677819 -0.8093877 -0.1583703 0.5655179 -0.9000768 -0.3145934 0.3014843 -0.9665758 -0.1806982 -0.181878 -0.9612762 -0.2731561 0.0365225 -0.8333749 -0.3169215 0.4528213 0 -0.4053331 -0.9141691 0 -0.4053339 -0.9141687 0 -0.5027135 -0.8644531 0 -0.5951917 -0.8035839 0 -0.7546155 -0.6561673 0 -0.8217141 -0.5699002 8.14162e-6 -0.9249903 -0.3799908 -8.10251e-6 -0.8217757 -0.5698112 0 -0.9250248 -0.3799068 0 -0.961072 -0.2762985 0 -0.9981223 -0.06125313 0 -0.9987459 0.05006599 0 -0.9647981 0.2629921 0 -0.9311313 0.3646844 0 -0.8314464 0.555605 0 -0.764698 0.644389 0 -0.6894917 0.7242937 0.3079629 -0.9449686 -0.1104229 0.06646394 -0.9967553 0.0454027 0.252967 -0.9525796 0.1691156 0.2275716 -0.2858498 -0.9308605 -0.0932312 -0.2034983 -0.9746263 0.4874657 -0.1768526 -0.855044 0.2380176 0.7391917 0.6300343 0.08116084 0.5989235 0.7966829 0.04721558 0.943943 0.3267146 -0.4510307 -0.1739699 -0.8753889 -0.4510327 -0.1739702 -0.8753879 -0.2079849 0.1149474 -0.9713544 0.4613313 -0.1170654 0.8794709 0.4717481 -0.02985268 0.8812279 0.7948596 0.01549923 0.6065956 -0.8777998 0.4789304 -0.009649157 -0.9623556 0.1958227 0.1884816 -0.9360217 0.3491381 -0.04434138 0.2589296 0.07655662 -0.9628575 -0.1603384 -0.1909444 -0.9684172 -0.1603384 -0.1909444 -0.9684172 -0.160375 -0.1907587 -0.9684478 -0.6256169 -0.436505 -0.6465809 -0.196517 0.4866061 0.8512318 -0.1145919 0.5379467 0.8351539 -0.2351386 0.4517857 0.8605809 0.1599631 -0.2590052 0.9525378 0.4964916 -0.2117807 0.8418105 -0.6084681 -0.7935779 -0.00101155 -0.8168992 -0.5767284 -0.00775063 -0.3379026 -0.9411146 -0.01118272 0.8393477 0.5141431 -0.1765007 0.8393477 0.5141431 -0.1765007 0.8393477 0.5141431 -0.1765008 -0.02779388 0.5964111 0.8021979 0.1288087 0.371523 0.919445 -0.02779704 0.5964071 0.8022008 -0.5240556 0.5562419 0.6449503 -0.8723348 0.2108354 0.4411127 -0.8900005 0.4382947 0.1256858 -0.8252726 0.2113887 0.5236794 -0.4780424 0.3734842 0.7949749 -0.7806865 0.06338179 0.6217004 -0.6390242 0.7644957 -0.08482027 -0.4271726 0.7850708 -0.4485392 -0.2336204 0.9712983 -0.04473507 0.8401681 -0.5410332 0.03742587 0.7366269 -0.4975683 0.4580467 0.8874396 -0.3184747 0.3332042 0.7397952 -0.3650644 -0.5651825 0.6032785 -0.1820262 -0.7764803 0.2224337 -0.1277744 -0.9665387 0.6666514 -0.7364929 -0.1146915 0.52168 -0.8281279 0.2050712 0.9123776 -0.4093351 0.003479123 0.1248997 0.01463526 0.9920614 -0.04090642 0.1572226 0.9867156 -0.04093843 0.157238 0.9867119 0.1738133 0.3476131 0.921387 -0.9695163 0.08768528 0.2287998 -0.8769686 -0.1488419 0.456916 -0.9702062 -0.008385717 0.2421356 0.02281516 0.5922297 0.8054462 -0.01187938 0.7862923 0.6177406 -0.04136508 0.3529437 0.9347298 0.02633512 -0.1841359 0.9825479 -0.1564574 -0.3509577 0.9232279 -0.01883733 -0.4964306 0.8678721 0.008879065 -0.5740743 0.8187552 -0.02579802 -0.3862044 0.9220525 0.4858675 0.6495258 0.5848497 0.9880899 0.107318 0.1102775 -0.01181358 0.7863878 0.6176204 -0.01179593 0.7863831 0.6176267 0.1406742 0.9163808 0.3747761 0.9100773 0.06280481 0.4096523 0.4633862 -0.3282788 -0.8231077 0.2503153 -0.646272 -0.7208847 0.07066094 -0.4423171 -0.8940708 0.120094 -0.1757694 0.9770786 -0.009420394 -0.2617449 0.9650912 0.2009105 -0.4642521 0.8626152 0.3076015 0.4903268 0.8154515 0.1697567 0.5007633 0.8487749 0.1871281 0.7828918 0.5933495 -0.7195529 -0.2773954 0.6366283 -0.4640275 -0.5249224 0.713537 -0.1145385 0.537844 0.8352274 0.1070893 0.4869115 0.8668617 5.85951e-5 0.5016019 0.8650986 -0.4279288 0.7959383 0.4282048 -0.5372709 0.7635482 0.3582375 -0.5372701 0.7635503 0.3582345 -0.5225349 0.01571244 0.8524732 -0.7243363 0.00550574 0.6894249 -0.3406803 0.006793498 0.9401548 0.01492679 -0.9987227 0.04827255 0.01723074 -0.9997405 0.01490801 0.007424414 -0.999684 0.02401793 0.8020199 -0.118048 0.5855158 0.8959898 -0.02089971 0.4435826 0.8020178 -0.1180356 0.5855213 -0.2857175 0.8709173 -0.3998358 -0.63608 0.160872 -0.7546672 -0.6359633 0.1608762 -0.7547646 -0.8631654 0.1170041 -0.4911776 0.9957726 0.089441 0.02091038 -0.3304732 0.1848699 -0.9255327 -0.9922319 0.1211352 0.0283246 -0.9635827 0.06601428 0.2591342 -0.9924717 0.1224706 9.38258e-4 0.9705377 0.01029175 0.2407301 0.9854708 -0.02470743 0.1680381 0.973665 -0.01926267 0.2271684 -0.2824214 0.9398729 0.192034 0.07194364 -0.9973827 -0.007198572 -0.0618354 -0.9907009 0.1211946 0.1433945 -0.9895624 -0.01429677 -0.8464271 0.5322912 -0.01508045 -0.7433997 0.6097806 0.2748174 -0.6426448 0.7563852 0.122021 0.5148409 0.8499493 -0.111916 0.6731087 -0.4634466 -0.5763177 -0.4738215 0.6408275 -0.6040145 -0.3984022 0.8784909 -0.2636845 -0.140116 0.9703937 -0.1967325 0.1077143 -0.9929479 -0.04952085 -0.5221172 -0.033917 0.8521992 -0.2280973 0.1471167 0.9624596 -0.5220918 -0.03388845 0.8522159 0.3464281 0.8171377 -0.4607317 -0.05140656 -0.7356507 0.6754077 0.09688681 -0.8577703 0.5048199 -0.03917026 -0.5959094 0.8020959 0.9997321 -0.003062367 0.02294528 -0.9994236 0.0281459 -0.01898318 -0.9995445 0.02417731 -0.018067 -0.9934999 -0.04919278 0.1026554 0.9868192 0.1615997 0.008574128 0.9917463 0.1267294 0.01946616 0.9623842 0.2689569 -0.03845524 0.3147907 -0.08284068 -0.9455392 0.3144744 -0.08281004 -0.9456471 -0.01132941 -0.003127396 0.999931 -0.4507002 -0.002801716 0.8926711 -0.186999 -0.4647646 0.8654624 -0.9539827 0.2510524 0.1639814 -0.9182426 0.3902605 0.06728535 -0.2543928 0.9178418 0.3047143 -0.1960238 0.9662035 0.1674088 -0.3106025 0.8196952 0.4812753 -0.3037486 0.8980948 0.3180609 -0.2169327 0.9588838 0.182981 0.4091195 0.821359 -0.3974803 0.04826098 0.9877938 -0.1481031 0.2167883 0.9192258 -0.3286747 0.3385586 0.8490331 -0.4056119 0.1088691 0.9735311 -0.2009595 -0.2752646 -0.7895735 0.5484553 -0.5753222 -0.4932537 0.6524609 -0.2141088 -0.8572579 0.4682589 -0.2408782 -0.7513597 0.6143586 -0.05488723 -0.7370828 0.67357 -0.2139133 -0.8572885 0.4682921 0.009075164 -0.8709134 0.4913527 -0.1293236 -0.8946971 0.4275425 -0.117636 -0.7814117 0.6128275 0.009142696 -0.8708862 0.4913998 0.0511111 -0.5177627 0.8539962 0.01132339 -0.6122277 0.7906005 0.914611 0.4004458 -0.05594629 0.580521 0.6812828 -0.4459252 0.4092767 0.8212565 -0.3975304 -0.8920301 0.2453685 0.3795743 -0.9322345 0.3413926 0.1199584 -0.9733774 -0.05886119 0.2215217 -0.2920206 0.8257341 0.482584 -0.5432308 0.7538013 0.3697078 -0.7040301 0.5563647 -0.4413616 -0.837818 0.4613267 -0.2919565 -0.8631234 0.3625493 -0.351534 0.008721053 -0.8101163 -0.5862045 0.1191327 -0.9171637 -0.3802868 0.4477108 0.06344324 0.8919249 0.1519783 -0.1202542 0.9810411 -0.1389304 -0.07160991 -0.9877097 0.1188866 0.03493481 -0.9922931 0.1189066 0.03490811 -0.9922917 -0.9733152 -0.005679428 0.2294021 -0.8741629 0.4701294 -0.1217286 -0.9654696 -0.2498394 0.07381671 0.1098316 -0.1739168 -0.9786164 0.1642417 -0.1333871 -0.97736 0.06658172 0.1997154 -0.9775892 0.6379781 -0.4979274 0.5874115 0.8040854 -0.5211136 0.2861596 0.5852885 -0.6028886 0.5421833 0.7971734 -0.5841242 0.152688 -0.6759433 -0.347644 0.6498034 -0.6759433 -0.347644 0.6498034 -0.6759433 -0.347644 0.6498034 -0.9182361 0.3902973 0.06716167 -0.9466106 0.2556236 -0.1964305 -0.9612836 0.2755348 0.003811717 0.9787865 0.08151495 -0.1879687 0.9632629 -0.2223948 -0.1505494 -0.8920196 0.2453744 0.379595 -0.9468768 0.1638706 0.2767145 -0.896309 0.03653162 0.4419229 0.4289116 -0.03464108 0.9026821 0.2429981 -0.09060341 0.9657862 -0.9158859 0.3994997 -0.03941148 0.1188572 0.03510469 -0.9922906 0.1188414 0.03510081 -0.9922927 -0.1869996 0.1420801 -0.9720311 0.1981151 -0.7969595 0.570619 0.07613551 -0.5877414 0.8054586 0.238595 -0.8184852 0.5226418 0.6380141 -0.4978646 0.5874257 0.4584372 -0.3531091 0.8155668 0.6696504 -0.1350997 0.7302852 -0.7011201 -0.02730572 0.7125203 -0.8518689 0.16006 0.4986986 -0.8163896 -0.221621 0.5332844 -0.9654197 -0.2500092 0.07389366 -0.9505116 -0.2508243 0.183344 -0.8899803 -0.4475136 0.08755964 -0.8572192 0.2390382 0.4561098 -0.6277409 0.5138122 0.5847551 -0.9445727 -0.1837487 0.2720642 0.9050996 -0.3002797 0.3010427 0.7839117 -0.4400045 0.4380393 0.6074174 -0.725713 0.3230862 -0.7507936 0.6204524 0.2266007 -0.8183392 0.543054 0.188184 -0.8885126 0.4585755 0.01593846 -0.7805544 0.1749633 -0.6001022 -0.2199409 0.009090542 -0.9754709 -0.02368092 0.7002127 0.7135415 0.277801 0.5602073 0.780381 0.02056282 0.8054664 0.5922847 0.8241482 0.4104933 0.3902243 0.9632262 -0.2225716 -0.1505231 0.8570793 -0.5055178 -0.09933131 -0.2087511 0.7820043 -0.5872753 -0.6231319 0.6457188 -0.4413093 -0.4855384 0.7160027 -0.5015901 -0.09214121 -0.9753619 0.2004476 0.1357532 -0.9761993 -0.1691328 -3.13804e-4 -0.9865769 0.1632974 -0.009297907 0.03341978 0.9993982 -0.01857864 0.0668053 0.9975931 -0.00620377 0.02231109 0.9997318 3.69658e-6 0 1 -0.006189227 0.02225977 0.9997331 3.25269e-6 0 1 7.25034e-6 0 1 1.29787e-5 0 1 0 -0.005615293 0.9999843 -0.001693844 -0.005114197 0.9999856 -0.003404021 0.001608729 0.999993 -0.003419339 0.007167279 0.9999685 -0.001721143 0.006764769 0.9999758 -0.09642004 -0.8976259 0.4300828 -3.29231e-4 -0.9865486 0.1634681 -0.423066 -0.8314967 0.3600398 0.2386474 -0.8185312 0.522546 0.3162871 -0.8506882 0.4198716 0.3162871 -0.8506882 0.4198716 0.04679441 -0.1428304 0.9886404 0.2428309 -0.09066891 0.9658221 0.9017007 -0.4322734 -0.008701264 -0.64642 0.5728651 0.5039513 -0.6818813 0.4305699 0.5913101 -0.1417437 -0.803812 -0.5777499 -0.2797442 -0.9062103 -0.3170587 -0.5921866 0.698646 0.4015082 -0.2515137 0.8726112 0.4186773 -0.4224734 0.7538056 0.5032826 0.1266026 0.9187293 0.3740433 -0.2513177 0.8726626 0.4186881 -0.2513219 0.872676 0.4186574 0.07168126 0.9133068 -0.4009147 0.002486646 0.9375149 -0.3479364 -0.003636002 0.8001807 -0.5997479 0.1655281 0.7233728 -0.6703225 0.1025844 -0.5416676 0.8343098 -0.1397799 -0.8346832 0.5326967 -0.1632724 -0.6326265 0.7570508 -0.001766204 0.02504044 -0.9996849 0.063578 -0.0968613 0.9932653 0.00624746 -0.3293129 0.9442003 -0.1476169 -0.6435413 0.7510418 0.3559652 0.6053329 -0.7119417 0.1947063 0.8492847 -0.4907189 0.3059311 0.8414069 -0.4454668 0.09261655 0.9234402 -0.372398 -0.1194621 0.948219 -0.2942949 -0.07377117 0.988687 -0.1305975 -0.1119781 0.9713272 -0.209725 -0.07376354 0.9886976 -0.1305225 -0.01991629 0.9996686 -0.01631546 0.002009391 0.9994412 0.03336817 -4.23478e-4 0.9984503 0.05565053 -0.3456142 0.9382867 0.01300096 -4.61717e-4 0.9984509 -0.0556392 -0.111673 0.9936749 0.01180171 -0.01992189 0.9996684 -0.01632243 -4.24541e-4 0.9984489 0.05567651 0.9907941 -0.1006351 -0.09055179 0.8965384 -0.02508246 -0.4422553 0.6833322 -0.2072147 -0.7000852 0.173978 -0.9618599 0.2110863 0.0111913 -0.9899201 0.1411841 -0.1409289 -0.889757 0.4341332 0.006833434 0.007086277 0.9999516 0.01369905 0.01411581 0.9998065 0.2523846 0.3497673 0.9022001 0.539169 0.2283989 0.810636 -0.6817862 -0.2107964 0.7005229 -0.4419997 0.1642327 0.8818526 -0.1952189 -0.2535564 0.947417 0.990805 -0.1006363 -0.09043139 0.941406 0.008727312 0.3371628 0.973784 -0.007492959 -0.2273514 -0.1680982 -0.249106 0.9537764 -0.1642511 -0.2285165 0.9595842 -0.2755281 -0.3069952 0.9109545 0.2282571 0.7944218 -0.5628435 0.3058546 0.8415018 -0.4453401 0.03704386 0.8018452 -0.5963826 -0.1720291 0.1452779 -0.9743204 -0.2643166 0.6635583 -0.6998765 -0.1533036 0.06169098 -0.9862516 -0.1040975 -0.9844661 0.1413865 0.1294738 -0.9887892 -0.07438158 -0.1041082 -0.9844667 0.1413746 -0.9586836 -0.264514 0.1046813 -0.6924306 -0.7213683 0.01294529 -0.8377721 -0.5186843 0.1706004 -0.5298814 -0.6583716 0.5345772 -0.4097222 -0.8927915 0.1872198 -0.1042023 -0.9844338 0.1415351 -0.6790171 0.1440768 -0.7198456 -0.9855182 -0.01564025 -0.1688467 -0.8534026 0.09349244 -0.5127994 -0.4282796 0.03461432 -0.9029831 -0.3157017 -0.06237268 -0.9468063 -0.1391254 -0.07158046 -0.9876844 0.1340676 -0.5228846 0.8417943 0.5434644 -0.4416522 0.7138556 0.2814715 -0.3828529 0.879885 -0.2788996 -0.9032654 0.3260778 -0.3317657 -0.7579691 0.5616177 -0.1100932 -0.7579191 0.6429916 -0.1100095 -0.7579023 0.6430258 -0.08988559 -0.872628 0.4800428 0.1339321 -0.5229711 0.8417621 -0.1100915 -0.7578311 0.6430957 -0.05016922 -0.5174668 0.8542314 -0.07271808 -0.3685798 0.9267476 -0.07264518 -0.3684635 0.9267995 -0.3026663 -0.2573729 -0.9176887 -0.1792185 -0.2086589 -0.9614272 -0.1969909 -0.2591533 -0.9455339 0.9023277 -0.4166523 0.1104792 0.9960693 -0.0809161 0.0360381 0.9023247 -0.4166705 0.1104351 -0.2988756 -0.1926704 0.9346398 -0.4957624 -0.07500559 0.8652132 -0.2784249 -0.4238675 0.8618678 -0.2520935 -0.9270765 0.2774491 0.02224051 -0.9988264 0.04302561 -0.03772461 -0.8279506 0.5595309 -0.325879 -0.2851421 -0.9013862 -0.3693127 -0.3764904 -0.8496254 -0.2124519 -0.3477752 -0.9131904 -0.176396 -0.7209347 -0.6701774 -0.09552824 -0.4047178 -0.9094383 -0.2124117 -0.3479143 -0.9131468 -0.2123493 -0.347756 -0.9132216 -0.1610796 -0.138197 -0.977218 -0.1532865 0.06152802 -0.9862645 -0.1532828 0.06155103 -0.9862636 -0.6373617 -0.7100528 0.2993246 -0.8899917 -0.4474966 0.08753126 -0.7748789 -0.589626 0.2278243 -0.9891144 0.03594458 -0.1426909 -0.9185034 -0.3768034 0.1198788 -0.956982 -0.1793985 0.2280388 0.9632018 0.2653377 -0.0428735 0.9960814 -0.08075129 0.03606981 0.6281704 0.5324731 0.5673398 0.2207117 0.8127414 0.5392012 0.6281704 0.5324731 0.5673398 0.9760704 0.180361 -0.1214768 -0.7342002 -0.1947779 -0.6503934 -0.4154235 -0.4419484 -0.7950503 -0.2194068 -0.2552959 -0.9416394 0.138108 -0.7017467 -0.698912 0.4197825 -0.6601218 -0.6229141 0.4197825 -0.6601218 -0.622914 -0.08557212 0.5927362 -0.8008379 0.03741788 0.652525 -0.7568428 0.1457002 0.6564457 -0.7401692 -0.01688218 0.8352304 0.5496411 0.2817508 0.3727729 0.8841136 -0.01686793 0.835242 0.5496239 -0.5500022 0.0327695 -0.8345201 -0.2157391 0.1354247 -0.9670144 -0.5053936 -0.1825984 -0.8433476 -0.3737976 -0.9078801 0.1898135 -0.4813529 -0.8459759 0.2293999 -0.2500005 -0.8273067 0.5030542 -0.08890438 -0.9887478 0.1203072 -0.3617538 -0.9318712 0.02739089 -0.1176111 -0.9930552 0.003031194 -0.06720358 -0.7701406 0.6343243 -0.08887547 -0.9887328 0.1204522 -0.02071708 -0.9751468 0.220589 0.002655565 -0.9999702 0.007257223 -0.01685684 -0.9996129 0.02213233 -0.01358461 -0.9998732 0.008320152 -0.01037311 -0.9998822 0.01131695 0.08193761 -0.9957877 -0.04115009 -0.01528412 -0.9991982 -0.03700542 0.003401577 -0.9985907 0.05296403 -0.1205037 0.9912478 0.05391484 0.1708106 0.9467874 0.2727956 -0.1204798 0.9912522 0.0538873 -0.9988707 0.01759511 -0.04413437 -0.9453195 0.2919723 -0.1453387 -0.9272413 0.3206288 -0.1934448 0.03875988 0.9386649 0.3426454 0.07272893 0.7624171 0.6429858 0.07262247 0.7621217 0.643348 -0.8865563 0.07080316 -0.4571704 -0.8865528 0.07078921 -0.4571796 -0.9662204 -0.08799195 -0.2422305 0.9999858 -9.60869e-4 0.00524944 0.9998788 -0.009100615 -0.01263517 0.9995604 0.003998398 -0.02937895 0.9994595 -0.002094388 0.03280627 0.9999922 0.003367424 -0.002075552 0.9991974 0.01080632 -0.03857505 0.9999805 0.002433717 0.005768835 0.9999807 0.00334078 0.005251348 0.9999978 0.001694858 0.001250267 0.9999579 0.001782119 -0.009007155 0.9997988 -8.17052e-4 -0.02004337 0.9998854 0.004410564 -0.01448696 0.9999446 0.006243109 -0.008472859 0.007026493 -0.8342205 0.5513863 0.01453703 -0.4261658 0.9045283 -0.00583589 -0.4209474 0.9070663 -0.522691 -0.5526684 0.6491161 -0.2550306 -0.696219 0.6709982 -0.6033302 -0.3499082 0.7166289 0.3566873 0.9250953 -0.1302803 0.3566873 0.9250954 -0.1302799 0.3566425 0.9251124 -0.1302815 0.9232122 -0.2619644 -0.281165 -0.9337521 -0.1797925 -0.3094862 -0.4521205 -0.248062 -0.8567686 -0.7067827 -0.01466399 -0.7072787 -0.7453777 -0.630697 -0.215948 -0.7345068 -0.5404349 -0.4104021 -0.9875286 -0.1534374 -0.03527671 -0.1581677 0.1762747 0.9715505 0.06374466 -0.214271 0.9746921 -0.03992885 0.4311261 0.9014078 -0.1217337 0.783339 0.6095581 0.08020949 0.7557919 0.6498809 0.05618429 0.9811948 0.1846624 -0.07197105 0.9645771 -0.2537938 0.07858794 0.9429191 -0.3236163 -0.04463565 0.7819358 -0.621759 -0.0705105 0.6645262 -0.743931 0.05861955 0.416267 -0.907351 -0.07967638 0.1482955 -0.9857283 0.1190657 -0.2110283 -0.9702012 -0.07981103 0.1482531 -0.9857237 -0.02094984 -0.0405327 -0.9989586 -0.3273541 -0.5029298 -0.799938 0.03768181 -0.3327443 -0.942264 -0.162967 -0.1537289 -0.9745816 -0.3737691 -0.9079132 0.189711 -0.1821233 -0.9470444 0.264458 -0.2844 -0.9100463 0.30155 -0.6182546 -0.3364136 -0.710343 -0.4839907 -0.5308936 -0.6956329 -0.3738507 -0.2265251 -0.899401 0.03920394 0.03201121 0.9987184 -0.02164506 0.3411918 0.9397445 -9.67682e-5 -0.2794792 0.9601519 -0.07934319 0.5747006 0.8145084 -0.02156215 0.3413598 0.9396854 -0.03648167 0.7823721 0.621742 0 1 0 -0.8860941 -0.2510313 0.3896415 -0.8861566 0.0024212 0.4633798 -0.5052011 0.00196284 0.8629995 -0.6974878 0.4577758 -0.5513185 -0.4741932 0.874633 -0.1007872 -0.7398654 0.6679267 -0.08045578 -0.7687848 0.4490137 -0.4553644 -0.7399431 0.6678491 -0.0803852 -0.9205222 0.3642863 -0.1411899 0.3586245 -0.3068115 0.8816209 0.3586139 -0.3068061 0.881627 0.4454548 -0.5635322 0.6957021 0.01606965 -0.9989718 -0.0423938 -0.8028476 0.4351285 -0.4075524 -0.7658068 0.2053087 -0.6094164 -0.5987109 0.3852136 -0.7022505 0.01670408 0.3707461 0.9285841 -0.2791979 -0.8473525 -0.4517105 -0.4067358 -0.4519762 -0.7939039 -0.2414137 -0.3937919 -0.8869315 -0.7215598 -0.6753058 0.152688 -0.607873 -0.7920051 0.05673009 -0.6573112 -0.7532231 0.02443659 -0.5131615 0.2284948 -0.8273182 -0.4275487 0.1200019 -0.8959921 -0.5176521 0.1216313 -0.8469015 0.04601621 -0.6740906 -0.737214 0.3513329 -0.202531 -0.9140824 0.08218896 -0.7999805 -0.5943704 -0.4274245 0.1200647 -0.896043 -0.5051117 0.4317029 -0.7473251 -0.4482405 0.2732255 -0.8511336 -0.5463478 0.1986393 -0.8136624 -0.5464584 0.1987148 -0.8135699 -0.5464453 0.1987056 -0.8135808 -0.7658135 0.2052666 -0.6094221 -0.8676558 0.1071996 -0.4854707 -0.9715674 -0.1344631 -0.1948757 -0.5782898 -0.4076118 -0.7067062 -0.8504214 -0.2059138 -0.4841312 -0.3165972 -0.009009182 -0.9485173 -0.7380158 -0.008205533 -0.6747336 -0.2107424 -0.1695628 -0.9627233 -0.3589138 -0.01887106 -0.9331799 -0.08106452 -0.008087933 -0.9966761 -0.30458 -0.3458631 -0.8874738 -0.8218351 -0.004415512 -0.5697085 -0.9975363 0.001033902 -0.07014644 -0.9736745 -0.2243989 0.04004079 -0.09094744 -0.5468042 -0.8323064 -0.4734453 -0.1514478 -0.8677058 -0.5781611 -0.4076336 -0.7067989 -0.4759265 0.6847922 0.5518639 -0.4758442 0.6847218 0.5520222 -0.4758442 0.6847219 0.552022 0.1621312 -0.9866076 0.0178647 0.1621312 -0.9866075 0.0178647 0.1622723 -0.9865841 0.01787972 -0.02215319 -0.8818538 -0.4710023 -0.2791421 -0.8473893 -0.4516759 -0.1653189 -0.7152848 -0.6789973 -0.008305907 -0.9999634 -0.002132117 -0.01207602 -0.9999113 -0.005642712 -0.03049218 -0.999437 -0.01400095 0.6889116 -0.4099209 -0.5978007 0.4833497 -0.451434 0.7500537 0.7065299 -0.5166582 0.4836113 0.6739427 -0.2308406 0.7017934 -0.9776059 -0.01756095 -0.2097105 -0.9293272 -0.007615983 -0.369179 -0.9951737 -0.04886192 -0.08509939 0.9473361 0.2483139 0.2022237 -0.007310867 -0.5124546 0.8586833 0.2565853 -0.5562291 0.790426 0.391951 -0.1271924 0.9111512 -0.8700674 -0.06130146 -0.4891062 -0.9711559 0.1175544 -0.2074542 -0.8700705 -0.06129831 -0.4891012 -0.09604966 -0.01762324 0.9952206 -0.1582694 0.1762416 0.9715399 -0.3924537 -0.5066528 0.7676478 -0.0595299 -0.2345379 -0.9702826 -0.00744152 -0.5125924 0.8585999 -0.007451415 -0.5125908 0.8586007 -0.2143194 -0.6539114 0.7255805 0.602622 0.3426588 -0.7207161 0.8338077 -0.1704455 -0.5250841 0.8921896 -0.06973403 -0.4462454 0.8556624 0.0136094 -0.5173555 0.7035893 -0.5185685 -0.4858487 0.7963823 -0.2223754 -0.5624273 -0.9540299 -0.01453667 -0.2993587 -0.9488543 -0.1010531 -0.2991053 -0.8412537 0.002919614 -0.5406327 -0.9049265 -0.04365849 0.4233226 -0.9049263 -0.04365468 0.4233234 -0.976373 0.1243622 0.1767198 -0.8677021 -0.08495533 0.4897711 -0.8441727 -0.0320037 0.5351151 -0.9353879 -0.00781095 0.353537 0.02552813 -0.999669 -0.003190755 8.43517e-4 -0.9999952 -0.002988874 -0.002443432 -0.9999802 0.005807936 0.2405933 -0.1463097 0.9595355 0.6428338 -0.2909936 0.7085812 -0.9886986 -0.1438126 -0.04234713 -0.9135047 -0.3727928 0.162895 -0.5755605 -0.7032945 -0.4172615 0.8926777 -0.3583414 -0.2733461 0.8926777 -0.3583415 -0.2733461 0.8928274 -0.3581339 -0.2731291 -0.2791725 -0.8474166 -0.4516057 -0.2064244 -0.9183634 -0.3376355 0.007831096 -0.9772475 -0.2119576 -0.3485111 -0.9233543 0.1611118 -0.607876 -0.7919964 0.05682194 -0.5312353 -0.7953807 0.2918194 -0.5095379 -0.02107936 -0.86019 -0.5095371 -0.02108937 -0.8601902 -0.6730921 -0.2361752 -0.700834 -0.9740116 0.1264476 -0.1879168 -0.9517518 0.24876 -0.179686 -0.9813982 0.1597171 -0.1065271 -0.9713713 -0.1383227 -0.1931442 -0.446116 0.3271701 0.8330308 -0.4100558 0.5872467 0.6978508 -0.147495 0.7179137 0.6803274 -0.9950987 -0.02751094 0.09498417 -0.9751002 -0.01767539 0.2210592 -0.9135042 -0.3727452 0.163007 -0.8864226 -0.137221 0.4420694 0.6738769 -0.2307003 0.7019027 0.5539216 0.08529144 0.8281885 0.3920854 -0.1270495 0.9111133 -0.005629122 -0.9376022 -0.3476642 -0.01207309 -0.9999113 -0.005642235 0.001713991 -0.999995 0.00265944 -0.9354364 -0.007748842 0.3534104 -0.9404622 -0.03636151 0.3379481 -0.9779182 0.01632308 -0.2083495 -0.8115705 0.5530719 -0.1883207 -0.8115873 0.5530624 -0.1882768 -0.9543932 0.2898578 -0.07152712 -0.9778996 0.01625823 -0.2084425 -0.9738821 -0.04129117 -0.2232685 -0.7401441 -0.01487576 -0.6722837 -0.2990151 -0.04360342 -0.9532517 -0.5929914 -0.0494619 -0.8036883 -0.1786225 0.05693858 -0.9822689 -0.8867115 0.4363369 -0.1528164 -0.8826935 0.3737475 0.2848949 -0.9772644 0.2055689 0.05192065 -0.8255404 -0.1877536 -0.5321952 -0.8056346 -0.4595752 -0.3738229 -0.960102 -0.2593977 -0.1044852 -0.1487106 0.7203684 0.6774619 -0.2856863 0.06633055 0.9560249 -0.09460735 0.02607542 0.9951732 -0.3211655 -0.4099023 0.8537172 -0.8019824 -0.1377076 0.581258 -0.6179907 -0.05881905 0.783982 -0.4011742 -0.9010378 -0.1648946 -0.3909769 -0.7485371 -0.5355645 -0.662496 -0.6955178 -0.278126 -0.627263 -0.3695843 -0.6855281 -0.7616106 -0.3799089 -0.5249938 -0.8216518 -0.4633377 -0.3319739 0.9972826 -0.06867843 0.02665704 -0.4252732 0.7230535 -0.5443679 -0.5762439 0.8051997 -0.1399871 -0.4300581 0.793488 -0.4306122 0.1813541 0.4556431 -0.871493 0.1813541 0.4556431 -0.871493 0.1813541 0.4556432 -0.8714931 0.002287268 0.3854478 0.9227269 0.0460025 0.004235506 0.9989324 0.06650906 0.6541512 0.7534341 0.001869797 0.863058 0.5051015 0.04275834 0.9787504 0.2005476 0.007001459 0.9951156 -0.09846895 0.04504895 0.9682139 -0.2460337 0.006981432 0.9950987 -0.09864038 0.02132856 0.8810955 -0.4724574 -0.02161544 0.7925174 -0.6094663 0.1103701 0.9890213 0.0982629 -0.7804959 0.6246078 0.02629673 -0.7421457 0.6702386 1.46776e-6 -0.9860482 0.1544617 0.06205278 -0.6387551 -0.756424 -0.1407647 -0.7137153 -0.6933016 0.09971672 -0.2570285 -0.9300481 0.2625777 0.629212 -0.0583778 0.7750384 0.4129353 0.004496753 0.9107493 0.9061823 6.32727e-4 0.4228868 0.8927066 -0.09740823 0.4399848 0.963302 -0.03421628 0.2662301 0.9062613 6.22189e-4 0.4227176 0.9908419 -0.05746769 0.122188 0.9693734 -0.108927 0.2201139 -0.5706591 0.7389084 -0.3582773 -0.4763478 0.718458 -0.5068639 -0.4252879 0.7230618 -0.5443454 0.9617841 0.1782481 -0.2078434 0.9651451 0.1155005 -0.2348501 -0.0645135 -0.2364134 0.9695085 -0.2809569 -0.9417154 -0.1850282 -0.01266252 -0.9998859 -0.008241117 -0.2452239 -0.8949143 -0.3728186 0.1192306 0.5555663 -0.8228792 -0.1026984 0.6140073 -0.7825906 -0.602858 -0.534332 0.5924962 -0.5929667 -0.5575593 0.5809632 -0.672508 -0.6879314 0.2729163 0.1392868 -0.4255758 0.894139 0.6292271 -0.05844408 0.7750211 0.6857908 -0.1273024 0.7165787 -0.3195431 0.6389445 -0.6997444 -0.1028894 0.6140512 -0.7825312 0.08238106 -0.9924257 -0.09113043 0.6964333 -0.5440081 -0.4680128 0.4292147 -0.7861031 -0.4447661 0 -1 0 0.03748428 -0.9976546 -0.05727458 -0.1486994 0.7204823 0.6773432 -0.1487017 0.7204834 0.6773415 -0.1279844 0.962082 0.2408698 0.8753862 -0.05516779 0.4802661 0.9732374 0.1265455 0.1918209 0.8753828 -0.05516719 0.4802727 -0.8644053 0.02539318 -0.5021542 -0.8644182 0.02537596 -0.5021327 -0.7454681 0.2022711 -0.6351093 0.4103019 0.4652981 0.7843151 0.1732568 0.8375995 0.5180821 0.4515196 0.709528 0.5410176 0.2681767 2.28206e-4 0.9633697 0.2625688 -0.1764087 0.9486505 0.3860321 -0.0469861 0.921288 -0.1192033 -0.9784906 0.1683648 -0.6532427 -0.5727887 0.4951637 -0.1860077 -0.8754137 0.4461528 0 -1 6.4353e-6 -0.1108979 -0.989409 -0.09365689 0 -1 3.73584e-6 -0.08954751 -0.993672 0.06780278 -0.008153259 -0.9982138 0.05918455 -0.008175551 -0.9982162 0.05914151 2.5785e-4 -0.9971593 -0.07532113 -0.01241308 -0.9958443 0.09022283 -0.008172214 -0.998206 0.05931419 -0.1304324 -0.9635353 0.233639 -0.06087541 -0.987551 0.145042 0 -1 2.07555e-6 0.001714169 -0.999995 0.002659261 -0.01704645 -0.9969205 -0.07654422 -0.01057618 -0.9999401 0.002837359 -5.3409e-5 -0.9999994 -0.001108348 -0.005813419 -0.9999809 0.002087771 -0.5478062 0.8323212 -0.08455687 -0.2198617 0.9440524 -0.2458167 -0.110903 -0.9894067 -0.09367483 -0.4624563 -0.536038 -0.706256 -0.5155691 -0.728954 -0.4503495 0.1405493 0.9177693 -0.37141 -0.2196869 0.9440705 -0.2459037 0.1486079 0.8911871 0.428604 0.3550229 0.5748119 0.7372585 0.04718089 0.7372808 0.673937 0.9584073 0.2133457 0.1895763 0.7820276 0.6084057 0.135187 0.781736 0.604418 -0.153518 -0.1104763 -0.7480483 -0.6543843 -0.0302093 -0.918603 -0.3940255 -0.1957421 -0.7668951 -0.6111931 0.02406305 0.674846 -0.7375662 -0.006151616 0.3125211 -0.949891 -0.02163618 0.7924278 -0.609582 0.7961319 0.548388 -0.2558217 -0.9994063 -0.02923774 0.01822364 -0.9990518 -0.04318171 -0.005553841 -0.990545 -0.1164188 0.0725764 0.007351815 -0.9993085 0.0364499 0.01461201 -0.9990266 0.04162192 0.01830422 -0.9993951 0.02957183 -0.03013402 -0.9186588 -0.393901 -0.03011929 -0.9186559 -0.3939089 0.1381233 -0.9807267 -0.1381924 0.1223913 -0.02089178 -0.9922621 -0.05467307 -0.1118152 -0.9922239 -0.05468028 -0.111827 -0.9922221 0.0885176 0.02738595 0.9956982 0.02581685 0.08060926 0.9964115 0.00370115 -0.02097457 0.9997732 -0.2300733 -0.1982672 -0.9527626 -0.1099911 -0.3576197 -0.9273673 -0.05486226 -0.1118803 -0.9922061 -0.5973445 -0.04513835 -0.8007136 -0.7614369 0.2015821 -0.6160995 -0.5973485 -0.04513686 -0.8007107 0.8491361 0.4672936 -0.2461802 -0.6117308 -0.3040812 -0.7302877 -0.360508 -0.2863544 -0.8877135 -0.5972272 -0.04524135 -0.8007953 0.30913 -0.05946123 -0.9491592 0.04861837 0.06403642 -0.9967626 0.5914213 -0.108329 -0.7990531 0.5915021 -0.1084715 -0.7989739 0.718995 -0.2741758 -0.6386501 0.5915034 -0.1084753 -0.7989724 0.08853411 0.02739429 0.9956964 -0.01907896 0.06449168 0.9977359 0.004768013 0.970717 0.2401785 -0.001658618 0.9987819 0.04931533 -0.04801982 0.869067 0.4923584 -0.102727 0.5549211 0.8255361 -0.1012195 0.7773365 0.6208886 -0.04804664 0.8689905 0.4924908 0.01735484 0.8715316 0.4900321 0.004787504 0.970691 0.2402836 -0.2378047 0.9140918 0.328459 -0.1280304 0.9620796 0.2408551 -0.1452687 0.9736924 0.1755567 -0.09577202 -0.009021282 0.9953625 0.7207006 0.05014431 0.6914306 0.7206674 0.05014467 0.6914651 0.8131902 0.2042531 0.5449792 -0.1279502 0.9621191 0.2407396 -0.9999563 0.006305932 -0.006918311 -0.9361062 0.1569887 -0.3147377 -0.9536762 0.1207861 -0.2755221 -0.543887 -0.1816887 0.8192535 -0.3513218 -0.2964441 0.8880844 -0.4348197 0.0151481 0.9003902 -0.1957497 -0.9676411 0.1592254 0.03749465 -0.9976536 -0.05728441 0.07493889 -0.9905945 -0.1144854 0.1111887 -0.9922056 0.05625909 0.2314352 -0.9282587 -0.2911593 -0.5959747 -0.6259978 -0.5029323 -0.5960156 -0.6260583 -0.5028085 -0.5959746 -0.6259979 -0.5029324 -0.2031303 -0.9138655 0.3515511 -0.3747369 -0.8788619 0.2952527 -0.9911312 0.05989712 -0.1186228 -0.9991275 -0.001553893 -0.04173696 -0.9997074 -0.01311534 -0.02032685 -0.9999787 0.002951622 0.005828499 -0.9927344 -0.01112455 0.1198108 -0.9719527 -0.1352244 -0.1924119 -0.9902105 -0.1162382 -0.07727819 -0.9997321 0.01277571 0.01930361 -0.9991984 0.01495271 0.03713393 -0.9879634 -0.1546842 -0.00111562 -0.999709 -0.02410894 -8.68222e-4 -0.9999038 -0.01340121 0.003582954 -0.9998484 -0.01740634 6.04773e-4 -0.999945 -0.007820725 0.006991863 -0.9999541 -0.006866276 0.006695628 -0.9966426 0.04786467 -0.06642782 -0.9995378 -0.03034704 0.001764118 -0.9911237 0.0599358 -0.1186655 -1 0 0 -0.9991056 -0.003009676 0.04217863 -0.9997079 -0.00615555 0.02337604 -1 5.10376e-7 0 -0.8754345 0.2357506 -0.4219434 0.9458976 0.2805442 0.1630117 0.9787518 0.1983999 -0.05179369 0.01105803 -0.8822524 0.470647 -0.03117477 -0.7943586 0.6066488 -0.004291594 -0.995056 0.09922397 0.03386908 -0.9684708 0.2468143 -0.004288733 -0.9950733 0.0990495 0.0336306 -0.9784374 -0.2037877 -0.003463983 -0.8612356 -0.5081942 0.06421834 -0.6528727 -0.7547405 0.001725494 -0.3870909 -0.92204 0.01050412 -0.2091026 -0.9778374 0.9639874 0.05219972 -0.260775 0.9651484 0.1154356 -0.2348688 -0.3084652 -0.0584613 -0.9494376 -0.3084198 -0.05845665 -0.9494525 -0.3084651 -0.05846136 -0.9494376 -0.05445253 -0.9984873 -0.007625162 -0.04297047 -0.9714072 -0.2334985 -0.1006937 -0.9653484 0.2407556 -0.09991973 -0.8736179 0.4762434 -0.09996253 -0.8735763 0.4763107 -0.1516538 -0.916032 0.371331 -0.05850392 -0.6549676 0.7533889 0.04257285 -0.5872294 0.8083003 0.01576769 -0.370764 0.9285933 0.0440998 -0.2678432 0.9624528 -0.009365022 -0.007736802 0.9999262 0.01884973 0.114324 0.9932647 -0.006552994 0.3704956 0.9288111 0.03901791 0.4726656 0.8803777 0.02562624 0.678857 0.7338233 0.01727193 0.7658047 0.6428412 -0.004431903 0.9055399 0.4242379 0.009942412 0.9527535 0.303582 0.02200609 0.9979408 0.06024879 -0.0135957 0.9841027 0.1770793 0.8620172 0.347392 0.3691142 0.813259 0.2043299 0.5448478 0.9458514 0.2806063 0.1631727 -0.2468616 0.4230455 0.8718325 -0.1417286 0.1798636 0.973428 -0.4903784 0.1640285 0.8559344 -0.1365991 -0.9777966 0.1589167 -0.4065287 -0.8958238 0.1795387 -0.4146621 -0.9099529 -0.006409108 -0.7144238 0.6996847 -0.006322801 -0.7145671 0.6995421 -0.005888164 -0.6200687 0.7434618 0.2505581 -0.1299416 -0.7638458 0.6321827 -0.005737006 -0.6964401 0.7175921 -0.004275381 -0.9393797 0.3428521 0.700308 -0.5392844 0.4676977 0.8895894 -0.1691036 0.424305 0.7833349 -0.6060389 0.1382155 -0.4781853 0.7300683 0.4881998 -0.6199765 0.7434815 0.2507277 0.758152 -0.627184 -0.1784537 0.7601454 -0.6309061 -0.1553598 0.8454279 -0.4160963 -0.3348369 0.0893132 -0.9946204 0.05247485 0.3564105 -0.9109958 0.2075046 -0.09493219 -0.5008155 -0.8603324 -0.2272614 -0.7423818 -0.6302552 -0.1165182 -0.3374953 -0.9340881 -0.4839856 -0.01692825 -0.8749123 -0.219225 0.3211435 -0.9213073 -0.2107578 -0.0795319 -0.9742977 -0.03774946 -0.01210731 -0.9992139 -0.1032286 -0.06524682 -0.9925153 -0.219167 0.3211897 -0.9213051 -0.3124214 -0.2557747 -0.9148619 -0.7189562 -0.165682 -0.6750196 -0.2828645 -0.3034576 -0.9098908 0.7530943 0.0177474 -0.6576732 0.7530944 0.01774746 -0.6576732 0.7530943 0.0177474 -0.6576732 0.03871607 0.9387112 0.3425237 0 1 7.00673e-5 0.8979833 -0.02943611 -0.4390439 0.9277572 0.1299541 -0.3498266 0.7653229 -0.009391129 -0.643578 0.7919613 0.2301667 0.5655268 -0.208828 0.8459439 -0.490683 -0.2460423 0.7537671 -0.6093425 -0.03688347 0.7228479 -0.6900221 0.1658397 -0.2675691 -0.9491596 0.5302287 -0.2284628 -0.8164939 0.6375942 -0.04390764 -0.7691203 0.9246501 4.79646e-4 -0.3808175 0.863088 -0.04471004 -0.503071 -0.03362226 -0.5879311 -0.8082119 0.03708916 -0.7850301 -0.6183463 -0.2225564 -0.8295752 -0.5121267 -0.7003426 -0.481092 -0.5273241 -0.4777604 -0.8019201 -0.358705 -0.6551905 -0.4615232 -0.5980985 -0.4776741 -0.8019993 -0.3586429 -0.2271638 -0.7424956 -0.6301563 0.9970177 -0.07644516 0.01057976 0.5121613 0.06353491 0.8565362 0.2574887 -0.1005483 0.9610358 0.5121585 0.06354123 0.8565375 -0.8446005 -0.2326712 0.4821974 -0.9729753 -0.06728196 0.2208901 -0.5920072 -0.008160352 0.8058914 -0.1373382 -0.07705682 -0.9875224 -0.009592413 0.08894461 -0.9959904 -0.09479868 -0.5007975 -0.8603576 0.05184173 0.1299205 0.9901683 0.1431037 0.4682167 -0.8719487 0.1431029 0.4682161 -0.8719493 0.1431394 0.4682413 -0.8719296 -0.8979238 -0.01577633 -0.4398684 -0.858803 -0.01104837 -0.5121868 -0.9424033 0.1549429 -0.296427 -0.7034214 0.3239666 -0.6326485 -0.2182354 0.3871809 -0.8958037 -0.2859526 0.7393483 -0.6095861 0.9950338 0.09915381 -0.008736789 -0.683662 0.2051845 -0.7003611 -0.4171505 0.001798033 -0.9088357 -0.216251 0.2483956 -0.9442114 0.1273792 0.1339579 -0.9827665 -0.07865834 0.9962304 0.03658014 -0.1377075 0.9855312 0.09881794 -0.06208372 0.9974057 0.03643608 -0.07869476 0.9968949 -0.002794027 -0.04724514 0.9988409 0.009207367 -0.04550236 0.9988262 0.01660788 -0.1451675 0.9737303 0.1754305 0.890472 -0.346781 -0.2946231 -0.9999903 0.004130065 0.001605927 -0.9574769 -0.1061348 -0.2682787 -0.9946972 -0.02474945 -0.09982508 -0.7508086 -0.5182309 0.4095401 -0.8843293 -0.4251124 0.1929794 -0.8572155 -0.5149388 0.004447221 -0.2581392 -0.005493223 -0.9660921 -0.2608509 0 -0.9653791 -0.2608379 0 -0.9653826 -0.2596935 -8.01354e-4 -0.9656909 -0.1714504 2.85508e-4 -0.9851927 -0.01973181 -0.01368981 -0.9997116 0.1814441 9.11714e-4 -0.9834009 0.4091649 -0.02001661 -0.9122409 0.5255643 0.002754509 -0.8507495 0.9006105 -3.49202e-4 -0.4346271 0.8851652 0.01064336 -0.4651554 0.9362475 0.06638216 -0.3450133 0.2639165 0.01076054 -0.9644855 0.9009214 0.005175709 -0.4339519 0.942713 -0.1051526 -0.3165996 0.8561114 0.0759657 -0.5111777 0.7718551 0.1162799 -0.6250752 0.9361916 0.06649851 -0.3451424 0.7800799 0.3208204 -0.5371682 0.7381569 -0.4467658 -0.5054947 0.8340234 -0.3921356 -0.3881168 0.7174614 -0.2322197 -0.656752 0.9008725 0.005232393 -0.4340522 0.7173643 -0.2322043 -0.6568636 0.5370702 -0.01147007 -0.8434597 0.6117104 -0.7142672 -0.3400483 0.4117273 -0.684378 -0.6017535 0.7174257 -0.2322775 -0.6567705 0.4102534 -0.6073732 -0.6802867 0.3928092 -0.2191781 -0.8931193 0.4882031 -0.05758321 -0.8708283 0.3523094 -0.3121377 -0.8822972 0.5015125 -0.3345311 -0.797856 0.5577777 -0.1749137 -0.8113502 0.4882516 -0.05771881 -0.8707922 0.3698121 -0.2539193 -0.893736 0.3174264 -0.3782301 -0.8695876 0.3927938 -0.2192599 -0.8931059 0.2276139 -0.7577662 -0.6115409 0.2904026 -0.6309326 -0.7194376 0.2092964 -0.8038037 -0.5568616 0.4115673 -0.6844518 -0.6017792 0.173118 -0.9633746 -0.2047919 0.154832 -0.7703408 -0.6185485 0.2269257 -0.7647216 -0.6030801 0.443568 -0.7385229 -0.5077712 0.5015221 -0.334697 -0.7977804 0.1980329 -0.6688681 -0.7165183 0.5014306 -0.3346101 -0.7978743 0.3174321 -0.3781179 -0.8696343 -0.002812325 0.9999929 0.002544283 0.00339353 0.9999154 0.01256024 0.004868328 0.9999845 0.002736866 0 1 -2.43809e-7 -0.001148641 0.9999971 -0.002156674 -0.002450764 0.9999967 -7.21097e-4 -2.75273e-4 0.9999998 -6.0254e-4 -0.001168549 0.9999971 -0.002158463 -2.56376e-4 0.9999999 -6.11071e-4 -0.009426355 0.999955 -0.001056373 -0.02326512 0.9995431 0.0192964 0.002697408 0.9999964 7.62038e-5 0.01655501 0.9998528 -0.004533052 -0.03265267 0.9960522 0.08254593 -0.05216097 0.9978991 0.0384283 -0.02575176 0.9996684 -2.81273e-4 0 1 0 -0.002439737 0.9999968 -7.09538e-4 -0.002439618 0.9999968 -7.0948e-4 -0.00338006 0.9999923 0.002006769 -0.002436816 0.9999969 -7.2823e-4 -0.003475904 0.9999919 0.00206393 -2.58635e-4 0.9999998 -6.32021e-4 0.001819133 -0.9999901 -0.004050254 0.004922628 -0.9999502 -0.008682668 0.01161271 -0.9997227 -0.02048671 0 -1 4.75122e-7 0 -1 0 -4.44015e-4 -0.9999997 7.39885e-4 -4.4365e-4 -0.9999997 7.39254e-4 0 -1 -8.49589e-7 -9.26979e-4 -0.9999995 5.02125e-4 -4.3573e-4 -0.9999997 7.26001e-4 -9.49266e-4 -0.9999995 5.23676e-4 0.001758694 -0.9999906 -0.003970682 -9.87398e-4 -0.9999995 4.37536e-4 -0.001618385 -0.9999982 0.001022994 0.2123203 -0.947613 -0.2386413 0 -1 4.15682e-7 0.1466774 -0.9870173 -0.06544131 0 -1 0 0.1119143 -0.9739074 0.1974328 -0.1171767 -0.9788043 0.167964 0.1552243 -0.9768426 0.1472554 -0.08645027 -0.9926136 0.08511674 0.1899055 -0.9773322 0.09358221 0 -1 -1.31997e-7 0.1816873 -0.9829726 0.02747058 0 -1 0 -0.2803576 -0.7494577 -0.5997607 -0.132022 -0.9705421 -0.2015393 -0.0779488 -0.9591681 -0.2718834 -0.2749068 -0.9142376 -0.297651 -0.2621777 -0.963533 -0.05354601 -0.0998035 -0.9936599 -0.05176204 -0.006746351 -0.9988811 -0.04680883 -0.03075587 -0.8490278 -0.5274525 -0.4148756 -0.7095801 -0.5695387 -0.4148513 -0.7755282 -0.4758723 -0.4475064 -0.4847006 -0.7515341 -0.7880375 -0.5315483 -0.3105697 -0.6705593 -0.7315897 -0.1229915 -0.4162503 -0.9069969 -0.06397116 -0.1906748 -0.7771171 -0.5997768 -0.2440027 -0.6839252 -0.6875384 -0.03073918 -0.8489417 -0.5275918 -0.01660329 -0.2387143 -0.970948 -0.6047973 -0.2835118 -0.7442051 -0.6757939 -0.2100103 -0.7065397 -0.7880727 -0.5314573 -0.3106358 -0.6482571 0.2566588 -0.7168606 -0.7562585 -0.08060598 -0.6492888 -0.5741371 0.02640265 -0.8183333 -0.604785 -0.2833584 -0.7442736 -0.8103328 -0.1720453 -0.5601439 -0.8481834 -0.03497391 -0.5285468 -0.8271256 -0.1788786 -0.5327906 -0.9116088 -0.01081198 -0.4109169 -0.9687676 -0.2058951 -0.1381909 -0.9116755 -0.01072472 -0.410771 -0.9687917 -0.2059019 -0.1380118 -0.9829375 -6.75568e-4 0.1839389 -0.9452357 -0.317075 0.07741457 -0.9977185 -0.06640249 0.01219636 -0.9808282 -0.1604555 0.1105899 -0.9451828 -0.3172506 0.07734191 -0.839785 -0.4786701 -0.2561953 -0.997714 -0.06648451 0.0121119 -0.9073771 -0.3901123 -0.1564581 -0.9807549 0.07808178 -0.1789503 -0.8238956 -0.2742242 -0.4959809 -0.7477682 -0.5248687 -0.4066395 -0.8103086 -0.1722019 -0.5601308 -0.9433864 -0.3110325 -0.1152427 -0.6706928 -0.7314817 -0.122905 -0.9642377 0.009633839 0.264864 -0.9815976 5.09567e-4 0.1909611 -0.9925524 0 0.1218183 -0.9959213 0 -0.09022611 -0.9722411 0 -0.2339815 -0.9290027 0 -0.3700729 -0.9290027 0 -0.3700729 -0.4061045 0.09663921 -0.9087024 -0.4778146 -0.1324536 -0.8684177 -0.4449422 -0.08416944 -0.8915953 -0.5713202 -0.2409918 -0.7845484 -0.6047793 -0.2834305 -0.7442508 -0.3989368 -0.3867679 -0.8314205 -0.4781423 -0.4141609 -0.7745005 -0.6285468 -0.1608754 -0.7609521 -0.7615642 -0.1042954 -0.6396425 -0.6225352 -0.01196187 -0.7825005 -0.8248209 -0.02894228 -0.5646529 -0.4148232 -0.7095198 -0.5696521 -0.8397209 -0.4786842 -0.2563797 -0.4149322 -0.7095187 -0.5695741 -0.6460565 -0.3234554 -0.6913664 -0.5683861 -0.3353973 -0.7512962 -0.3351859 -0.7029634 -0.6272901 -0.6639216 -0.4196285 -0.6189669 -0.4149871 -0.7754147 -0.475939 -0.67723 -0.3419104 -0.6515035 -0.4782023 -0.4142998 -0.774389 -0.5030267 -0.3379658 -0.7954517 -0.677278 -0.3417539 -0.6515358 -0.6184574 -0.3474382 -0.7048384 -0.1280569 -0.1298288 -0.9832324 -0.01662993 -0.2385143 -0.9709967 -0.02687692 0.1904661 -0.9813258 -0.1281179 -0.129817 -0.983226 -0.0269038 0.1904587 -0.9813266 -0.272949 0.02132117 -0.9617922 -0.3746352 0.1175386 -0.9196919 -0.4670954 -0.01705491 -0.8840425 -0.5006499 0.03609585 -0.8648971 -0.7562336 0.05878865 -0.6516553 -0.7076891 0.3408352 -0.6188761 -0.7562329 0.05889618 -0.6516464 -0.4937467 0.4881339 -0.7196802 -0.832138 0.2764471 -0.480753 -0.8736385 0.2422516 -0.4219837 -0.756304 0.05881369 -0.6515713 -0.6536543 -0.03337699 -0.7560569 -0.4669406 -0.01705789 -0.8841242 -0.5710138 -0.2252687 -0.7894285 -0.1282189 -0.1297659 -0.9832196 -0.1281715 -0.1298661 -0.9832125 -0.6183279 -0.3475208 -0.7049114 -0.2441096 -0.6839034 -0.6875222 -0.1124778 -0.4201663 -0.9004495 -0.358364 0.002857208 -0.9335776 -0.1069548 0.04929071 -0.9930414 -0.3460122 0.1045604 -0.9323855 -0.1068914 0.04926955 -0.9930492 -0.2118934 0.4475876 -0.868773 -0.127452 -0.07576721 -0.9889466 -0.1164482 -0.1511086 -0.9816343 -0.2554394 -0.05438762 -0.9652941 -0.5651399 0.09814327 -0.8191366 -0.5743783 0.1462896 -0.8054123 -0.2555351 -0.05432313 -0.9652725 -0.2124746 0.241073 -0.9469628 -0.1215474 0.1886658 -0.9744904 -0.9457948 -0.06316924 -0.3185625 -0.9763594 -0.07190304 -0.2038443 -0.8534181 -0.07415682 -0.5159249 -0.9686799 -0.03131943 -0.2463299 -0.9457836 -0.06324374 -0.3185807 -0.8482698 -0.03498518 -0.5284075 -0.8239904 -0.2740645 -0.4959118 -0.9993348 -0.03055632 0.01990956 -0.9897583 -0.1231002 -0.07228291 -0.9807733 -0.06321477 0.184629 -0.8915088 -0.4360912 0.1226248 -0.9733581 -0.1673924 0.156697 -0.9386311 -0.24617 0.2416034 -0.8914877 -0.4360971 0.1227564 -0.9386337 -0.246239 0.2415229 -0.8575411 -0.4837487 0.1749586 -0.8919323 -0.302686 0.3359135 -0.9527659 -0.07192152 0.2950671 -0.9897703 -0.1230201 -0.07225644 -0.973376 -0.1673917 0.1565864 -0.9763861 -0.07194393 -0.2037019 -0.8734728 -0.4439666 -0.1998469 -0.9652799 0.2612135 -0.0014925 -0.9995808 0.005808234 0.02836602 -0.99212 0.1252595 0.002831816 -0.9492022 0.151619 -0.2757298 -0.9910174 0.01522856 -0.1328634 -0.9552674 -0.0243557 0.294739 -0.02502477 -0.7795181 0.6258797 -0.2847345 -0.4171827 0.8630672 -0.02819418 -0.1861487 0.9821171 -0.518908 -0.8523902 0.06454151 -0.1694059 -0.9851673 0.02733153 -0.5157428 -0.8127862 -0.2709025 -0.3381828 -0.9303105 -0.1419673 -0.5158112 -0.8127061 -0.2710129 -0.6256486 -0.7149562 -0.3120923 -0.7825711 -0.3616021 -0.5067805 -0.2138164 -0.9767068 0.01807165 -0.4264423 -0.8985809 0.1034382 -0.6338929 -0.7632348 0.1251096 -0.7982523 -0.5929862 0.1056442 -0.7240571 -0.6679693 -0.1719254 -0.7707785 -0.4410497 -0.459756 -0.5481035 -0.8315449 0.09008675 -0.6789299 -0.7341596 0.007997453 -0.2140175 -0.9766626 0.01807689 -0.3607718 -0.9325365 -0.01481556 -0.1784728 -0.9799619 0.08844363 -0.03425729 -0.9940945 0.1029698 -0.2691644 -0.960544 -0.07004195 -0.3426411 -0.9181509 0.1989879 -0.1575434 -0.9088196 0.3862991 -0.005172014 -0.9869607 0.1608781 -0.4301766 -0.8253172 0.3657866 -0.4237099 -0.4903641 0.7615858 -0.1575142 -0.9088074 0.3863398 -0.3191363 -0.6019272 0.7320081 -0.02496147 -0.7796363 0.625735 -0.9574891 0.1085258 -0.2672767 -0.8744847 0.3348981 -0.3508843 -0.8593736 -0.007228791 -0.5112971 -0.8637534 -0.5038312 0.009191095 -0.9573763 -0.2661578 -0.1122089 -0.8732234 -0.3424596 -0.3467023 -0.8732097 -0.3423458 -0.3468489 -0.957786 -0.1150615 -0.2634518 -0.8593685 -0.007392883 -0.5113036 -0.7862448 0.5248938 0.3260456 -0.8679603 0.222543 0.4439815 -0.8878602 0.3216632 0.3289941 -0.2073016 0.337178 0.9183338 -0.1409862 0.03504157 0.9893912 -0.1928683 0.1548407 0.9689305 -0.2914071 -0.01100039 0.9565359 -0.4492247 -0.07746189 0.8900544 -0.6678372 -0.01834982 0.7440813 -0.8415745 0.04724067 0.5380715 -0.9268737 0.03965604 0.3732728 -0.926452 0.2429996 0.2874685 -0.9688031 0.01319998 0.2474803 -0.9264535 0.2430717 0.2874025 -0.9687722 0.01311928 0.2476052 -0.8974751 0.1050407 0.4283748 -0.8991758 -0.009249508 0.43749 -0.8973999 0.1050403 0.4285326 -0.7832545 -0.02977275 0.620988 -0.7874549 0.3681494 0.494349 -0.3282742 0.6085014 0.7224694 -0.2934283 0.3344979 0.8955507 -0.3866772 0.8541072 0.3478241 -0.942619 0.2174733 0.2533275 -0.8527407 0.416877 0.3147169 -0.8974322 0.1051582 0.4284358 -0.9590095 -0.2599577 0.1127958 -0.8637495 -0.5038343 0.009380698 -0.8718177 -0.3432869 0.3494111 -0.8732567 0.3489845 0.340048 -0.9579755 0.1142013 0.2631369 -0.8656021 0.004718184 0.5007103 -0.8656101 0.004582047 0.5006978 -0.9581561 -0.1094104 0.2645114 -0.8718059 -0.3431483 0.3495764 -0.2226201 -0.1172369 -0.9678305 -0.5455351 -0.2607365 -0.7964974 -0.6119868 -0.1446928 -0.7775192 -0.1745931 -0.2029306 -0.9635022 -0.2225891 -0.1173591 -0.9678229 -0.4367415 -0.1282991 -0.890391 -0.2238278 -0.1845644 -0.9569939 0.4026322 -0.1923405 -0.8949261 -0.1680766 -0.07402503 -0.9829907 -0.6731958 -0.1340771 -0.7272075 -0.7074816 -0.03882718 -0.7056645 -0.705025 -0.03322851 -0.7084036 -0.7074621 -0.03333032 -0.7059649 -0.7027505 0.01237303 -0.7113288 -0.5556473 -0.1051539 -0.8247417 -0.6279929 0.007229149 -0.7781855 -0.4389132 -0.05948621 -0.8965583 -0.7148842 -0.03361326 -0.6984346 -0.705657 -0.03422719 -0.7077265 -0.701034 -0.03544759 -0.7122464 -0.7056125 -0.03417509 -0.7077734 -0.7010462 -0.03544038 -0.7122347 -0.7062205 -0.03040558 -0.7073388 -0.7056605 -0.03422564 -0.707723 -0.7062238 -0.03039956 -0.7073357 -0.7057653 -0.03612887 -0.707524 -0.7070333 -0.03948801 -0.7060769 -0.7065508 -0.03508013 -0.7067924 -0.7063371 -0.0390923 -0.7067954 -0.7056144 -0.03377932 -0.7077904 -0.7057649 -0.03613227 -0.7075241 -0.7036064 -0.03403669 -0.7097744 -0.7017443 -0.03026378 -0.7117858 -0.759098 -0.09572273 -0.6439002 -0.7066153 -0.03435778 -0.7067634 -0.7116295 -0.03592824 -0.7016357 -0.703814 -0.02502137 -0.7099435 -0.7047578 -0.02407163 -0.7090395 -0.7059491 -0.03121668 -0.7075744 -0.5252799 -0.4577574 -0.7173139 -0.5682834 -0.5881676 -0.575424 -0.6944351 0.2013069 -0.6908223 -0.7182517 -0.02709364 -0.6952557 -0.9504677 -0.1555907 -0.2690774 -0.9855051 -0.1536647 -0.07188057 -0.7591921 -0.09565693 -0.643799 -0.9818172 -0.1895976 -0.009377658 -0.8629288 -0.08573609 -0.4979993 -0.8543078 -0.125477 -0.5043944 -0.8358041 -0.08508014 -0.5423955 -0.9190321 -0.1314967 -0.3716028 -0.9646366 -0.2371473 -0.1150537 -0.1404935 -0.9853047 -0.09713989 -0.5900858 -0.559746 -0.5817931 -0.5682137 -0.5883302 -0.5753268 -0.7455976 -0.3980215 -0.5344747 -0.9855036 -0.1536678 -0.07189482 0.1821973 0.6767355 0.7133255 0.04891967 0.2195041 0.9743843 0.4138692 0.2641116 0.8711817 0.8463263 -0.1400979 0.5139108 0.8227111 -0.2112256 0.5277597 0.5564499 -0.05298459 0.8291901 0.5563957 -0.05301403 0.8292246 0.4580377 -0.09883117 0.8834218 0.1262267 -0.04196709 0.9911134 0.320266 0.2419049 0.9159212 0.1598658 0.3966929 0.9039236 0.1822389 0.6767688 0.7132832 0.4702718 0.3554118 0.8077914 0.5016263 0.3230463 0.8025038 0.4139329 0.2639381 0.871204 -0.9998345 -0.01012498 -0.01511925 -0.999825 -0.01813954 0.00458616 -0.9997883 0.02006083 0.004588782 -0.9990563 -0.04306042 -0.005680859 -0.9996832 0.004636406 -0.02474194 -0.9997289 -0.02280753 0.00469309 -1 1.04428e-5 0 -0.9997286 -0.0228185 0.004692077 -1 3.77464e-6 0 -0.9994094 -0.02916193 0.0181806 -0.9999805 0.006034493 -0.001670539 -0.9996834 0.004640102 -0.02473348 -0.9999783 -0.00549829 -0.0036574 -0.9999105 0.01208716 0.005747437 -0.9999731 -0.006312906 -0.003741204 -0.9996463 -0.02301466 -0.01332789 -0.9996461 -0.02302271 -0.01332873 -0.9999992 6.96546e-4 -0.001033544 -1 -1.93367e-6 0 -0.9999992 6.96183e-4 -0.001032531 -0.6768066 0.7359889 -0.01591324 -0.5175974 0.8313242 -0.2024675 -0.4032077 0.9113991 -0.08231157 -0.5954764 0.7978038 0.09443014 -0.8509086 0.5252119 0.01034164 -0.6768203 0.7359752 -0.01596534 -0.6769189 0.7358867 -0.01586621 -0.9526224 0.2718201 0.1364716 -0.7989386 0.5974912 -0.06856805 -0.6938754 0.7087603 -0.1272624 -0.5176754 0.8312774 -0.2024602 -0.7988743 0.5975643 -0.06867921 -0.9154399 0.3936613 -0.08367013 -0.5177027 0.8312612 -0.2024567 -0.8348867 0.5383772 -0.1145177 -0.5399279 0.8107987 -0.2260164 -0.64177 0.7562084 -0.1275939 -0.6346659 0.7512561 0.1811452 -0.676921 0.7358852 -0.01584661 -0.6024247 0.7910928 0.1060987 0.9708538 0.2012434 -0.1301704 0.9795497 0.1631384 -0.1177639 0.999273 0.0354914 -0.01392811 0.935326 0.269706 -0.228963 0.9708018 0.201429 -0.1302705 0.9158385 0.3667217 -0.1635699 0.07178115 0.9133173 -0.4008728 0.062231 0.9317916 -0.3576194 0.07115828 0.9785884 -0.1931354 0.9158426 0.3667233 -0.1635433 0.924373 0.3719325 -0.08485794 0.9623413 0.2691007 -0.03852277 0.8249804 -0.4666327 0.3188436 0.6169948 -0.430995 0.6584534 0.6730352 -0.6345413 0.379975 -0.6789518 -0.24849 0.6908525 -0.5492932 -0.307657 0.7769325 -0.3192326 -0.2242152 0.9207705 -0.3007616 -0.4047645 0.8635439 -0.5491627 -0.3078094 0.7769644 0.04264682 -0.3185409 0.9469494 -0.3190571 -0.2242465 0.9208236 0.04267978 -0.3184285 0.9469857 0.30735 -0.2546024 0.9169045 0.3342357 -0.4233295 0.8420682 0.04280096 -0.3185334 0.946945 0.6168901 -0.4309455 0.6585837 0.6806278 -0.4758672 0.5570424 0.6666549 -0.5808574 0.4670932 0.06103271 -0.9970242 -0.04709237 0.3116669 -0.9463418 0.0854454 0.3725888 -0.9122183 -0.1703979 0.3726992 -0.9121833 -0.1703438 0.5052118 -0.8413041 0.1922721 0.7885724 -0.6144254 -0.02520334 0.9979977 -0.03590965 0.05207008 0.9977654 -0.03828209 0.05476164 0.9977666 -0.03764104 0.05518281 0.9984247 -0.03251749 0.04572486 0.9979987 -0.03589874 0.05205678 0.9991591 -0.02315813 0.0338366 0.9991593 -0.02315258 0.03383147 0.9980002 -0.03589272 0.05203324 0.9977666 -0.0375964 0.05521255 -0.005581915 0.9989569 0.04532206 0.002550721 0.9969242 0.07833147 -0.0133118 0.9993267 0.03419047 0 1 -4.6853e-6 -0.008412361 0.9999288 0.00847274 -0.02784264 0.9991871 0.02915328 -0.01605027 0.9998171 0.01040297 -0.04131621 0.9987978 0.02638375 -0.02065533 0.9996997 0.01318913 0 1 1.80716e-7 -6.7039e-4 0.9999908 -0.004235863 -0.001304686 0.9999992 -1.4942e-4 -0.03225111 0.9993047 -0.01870942 -0.003117501 0.9999936 0.001815378 0 1 0 0.01191562 0.9883515 -0.1517215 0.05334347 0.9962462 -0.06817668 0.04156237 0.9976463 -0.05453932 -0.04636859 0.9976024 -0.05137664 -0.03660172 0.9962974 -0.07779431 -0.07956331 0.9867866 -0.1411448 0.09437835 0.9003747 -0.4247565 -0.1580035 0.9822802 -0.1007993 -0.8617266 -0.1178618 0.4934938 -0.8918058 0.1223347 0.4355648 -0.9490309 -0.272714 0.1580111 -0.9995478 0.02405917 -0.01803958 -0.9962051 -0.06622052 0.05648273 -0.9973435 -0.06718349 0.02815073 -0.9786697 -0.2035422 0.02786195 -0.9489936 -0.2728422 0.1580138 -0.8716193 -0.441242 0.2135076 -0.8901111 -0.3075199 0.3363538 -0.4026662 0.3011131 0.864402 -0.4494954 0.6191326 0.6439167 -0.6387267 0.2578264 0.7249509 -0.6387059 0.2578206 0.7249712 -0.3424813 0.750906 0.5646652 -0.4292856 0.2843565 0.8572371 -0.742743 0.2964345 0.6003829 -0.4461263 0.3271656 0.8330271 -0.359366 0.2032045 0.910804 -0.3592886 0.2031824 0.9108395 -0.3105348 0.3935891 0.865249 -0.3989336 0.1555731 0.9036864 -0.5669166 0.1210308 0.8148357 -0.3105212 0.3936057 0.8652464 -0.2044878 0.5939638 0.7780694 -0.3655996 0.2906033 0.8842437 -0.001656651 0.9987857 0.04923903 -0.1148468 0.9910993 0.0673235 9.63102e-4 0.999988 0.004821658 0 1 0 -0.117022 0.9931164 0.005063176 -7.94861e-4 0.9474445 -0.3199193 -0.8070147 -0.3400371 -0.4828066 -0.6862482 -0.4704753 -0.554722 -0.7231051 -0.2606664 -0.6396657 -0.7153775 -0.01640862 -0.6985456 -0.9881793 -0.09197938 -0.1226438 -0.7231546 -0.2606194 -0.6396288 -0.827591 -0.3563081 -0.4337485 -0.8603055 -0.2527372 -0.4427171 -0.8601916 -0.2528309 -0.4428848 -0.8029144 -0.2356308 -0.5475462 -0.9034956 -0.2774516 -0.3266747 -0.0784403 -0.9963747 0.03293466 -0.1881694 -0.9760897 0.1088173 -0.5388286 -0.8151703 0.2125114 6.4003e-4 -0.9999377 -0.01114565 0 -1 9.52313e-7 -0.01344728 -0.9995412 -0.02714169 -0.01077014 -0.9998959 -0.009598195 -0.008876323 -0.9998922 -0.01169997 -0.01251381 -0.9998942 -0.007422804 1.23149e-5 -1 3.1098e-4 0.004080951 -0.9999868 0.003139138 0.004340112 -0.999968 0.006724476 0.001739978 -0.9999949 0.00272274 -0.008271932 -0.9999636 -0.002117753 0.00171411 -0.999995 0.00265932 0.001714289 -0.999995 0.002659201 0.004125535 -0.9999866 0.003127992 -0.01208227 -0.9999111 -0.005645036 -0.007812082 -0.9997848 -0.01922249 -0.003215312 -0.999974 -0.006464242 0.32092 -0.9406326 -0.1105482 -0.9798136 0.04728025 0.1942419 -0.9993484 0.01814782 0.03120326 -0.9888924 -0.1076426 -0.1024944 -0.9997907 0.01776355 0.01015263 -0.9976899 -0.03217267 -0.05983138 -0.9941734 0.03374332 -0.1023752 -0.9565192 -0.006933689 -0.2915869 -0.9386923 -0.05845212 -0.3397649 -0.8600313 -0.3848238 -0.3350479 -0.883188 -0.4518513 -0.1257362 -0.7997267 -0.5751157 -0.1722766 -0.6055513 -0.7187613 -0.3415989 -0.378284 -0.9185401 -0.1148273 -0.6780356 -0.7239515 -0.1271294 -0.2868034 0.9521261 -0.1058291 -0.3695708 0.8713827 -0.3226602 -0.08336156 0.9597215 -0.2683015 -0.5744037 0.7128191 -0.4024295 -0.3182307 0.7923988 -0.5204164 -0.0834043 0.9596903 -0.2683995 -0.1458692 0.9267544 -0.3461914 0.06042915 0.9312341 -0.3593766 0.03345352 0.9874575 -0.1543002 -0.09291744 0.9917619 0.08817493 0.03920125 0.9758304 -0.2149844 0.05818474 0.9459052 -0.3191834 -0.02506244 0.9243025 -0.380837 -0.01700878 0.8353294 0.5494866 -0.03337454 0.926055 0.3759101 -0.09296321 0.9917438 0.08832955 -0.1309377 0.9750045 0.1795037 -0.998319 0.03899675 0.04287844 -0.987501 0.01883888 -0.1564835 -0.9965658 0.08241796 0.007994532 -0.97817 0.2031409 -0.04378718 -0.9974198 0.04281866 -0.05762213 -0.991528 0.1208394 0.04764413 -0.9781691 0.2031487 -0.04377186 -0.9947004 -0.07125717 0.07411891 -0.9974243 0.04274785 -0.05759829 -0.9953028 0.09178203 0.03079611 -0.9991973 0.01499551 0.03714829 -0.9967349 -0.01313823 0.07966834 -0.9758196 -0.2152832 -0.03780555 -0.9557082 -0.2700441 0.1170389 -0.9869788 -0.1597054 -0.01916062 -0.9946981 -0.07132512 0.07408446 -0.9953067 0.09174382 0.0307843 -0.9998775 0.01542687 0.002659797 -0.9781387 0.2033045 -0.04372823 -0.9901854 -0.1164183 -0.07732957 -0.9758164 -0.2152938 -0.03782951 -0.9869632 -0.1597958 -0.0192126 -0.9817734 -0.1706265 0.08371186 -0.9556564 -0.2701656 0.1171817 -0.9323654 -0.2624881 0.2485857 -0.9983201 0.03898268 0.0428636 -0.9996685 -0.01561635 0.0204764 -0.9999742 0.001334786 -0.007059454 -0.9874984 0.01883369 -0.1565008 -0.9996687 -0.01560944 0.02047109 -0.9980596 -0.03905129 -0.04849785 -0.9999743 0.001342535 -0.007064759 -0.9980579 -0.03907048 -0.04851806 -0.9907268 -0.06551522 -0.1190305 -0.9699871 -0.132912 -0.2036163 -0.9324378 -0.2623385 0.2484721 -0.995787 -0.05693989 0.0718764 -0.9989831 -0.001512646 0.04506206 -0.9738035 0.1240944 0.1905452 -1 -1.5045e-6 0 0.006310403 -0.1887893 0.9819974 -0.3246791 -0.005246341 0.9458097 -0.6179499 -0.05874621 0.7840197 -0.759903 0.01139014 0.6499368 -0.147639 -0.8932207 -0.4246876 0.09607332 -0.8585918 -0.5035774 -0.008971989 -0.8673192 -0.4976716 -0.2148683 -0.780785 -0.5866912 -0.05406552 -0.7643074 -0.6425817 0.2412652 -0.5953283 -0.7664042 -0.001818656 -0.5867301 -0.8097805 -0.05414623 -0.7642945 -0.6425903 -0.05060982 -0.6975603 -0.7147365 -0.4199385 -0.6124709 -0.6697246 -0.2262459 -0.8510729 -0.4738016 -0.355633 -0.7083138 -0.6097679 -0.02988106 -0.9985796 0.04411309 0 -1 -1.70798e-6 -0.07835918 -0.9963821 0.03290408 -0.4936442 -0.869649 0.0050987 -0.1074562 -0.9942076 0.00207448 -0.1280806 -0.9917634 9.36761e-4 -0.02989476 -0.9985783 0.04413354 0 -1 5.29724e-7 -0.2936593 0.9557212 -0.01900714 -0.2650969 0.9611099 0.07740461 -0.3894186 0.9110677 -0.1353098 -0.5646488 0.7951272 -0.2212343 -0.3894317 0.9110584 -0.1353356 -0.3602637 0.9325814 0.02240753 -0.2217959 0.9747228 0.02687358 -0.2978433 0.9519669 -0.07105249 -0.2650091 0.9611357 0.07738488 -0.08423751 0.9964343 -0.004763603 -0.9418402 0.3211393 0.09902882 -0.9992911 0.03731 0.005018591 -0.864897 0.4976715 -0.06539362 -0.8944742 0.3005177 0.3310666 -0.9994649 -0.03271144 -4.12217e-5 -0.9649644 0.2455416 0.09248286 -0.9966307 0.07383424 0.03571689 -0.9994655 -0.03269141 -4.21852e-5 -0.9992712 -0.02444148 0.02932363 -0.9826714 0.1781981 0.05101287 -0.9819973 0.08604907 0.1681577 -0.9992921 0.03728657 0.005020141 -0.1778994 0.7123413 -0.6789122 -0.03276032 0.931195 -0.3630464 -0.1843789 0.8540696 -0.4863844 -0.4672194 0.503978 -0.7264381 -0.1780415 0.7122706 -0.6789491 -0.3456373 0.7804478 -0.5209953 -0.2515851 0.8411899 -0.4786486 -0.2929359 0.8859095 -0.3596567 -0.1845064 0.8541083 -0.4862679 -0.3314288 0.9287438 -0.1661021 -0.0257861 0.9675696 -0.251285 -0.1146636 0.9194901 -0.3760188 -0.02563214 0.9675682 -0.2513061 0.2326906 0.9671348 -0.1024962 -0.1881204 0.9805558 -0.05586719 -0.02572238 0.9675864 -0.2512268 -0.07192939 0.995436 0.06271761 0.246634 -0.7191409 -0.6496216 0.4337819 -0.8056964 -0.4033441 0.05164301 -0.9893408 -0.1361539 -0.04971855 -0.9987483 0.005467712 -0.02476733 -0.9996896 0.002725601 -0.01652538 -0.9998618 0.001820743 0.05213385 -0.9839879 -0.170441 -0.02477598 -0.9996894 0.002724528 0 -1 0 0.05168485 -0.9893441 -0.1361142 0 -1 -1.39265e-7 0 -1 -2.60752e-7 -0.9594981 -0.02354753 0.2807293 -0.9969408 -0.07553714 0.02008527 -0.8719174 -0.01240462 0.4894961 -0.8715872 -0.02365052 -0.4896697 -0.9753128 -0.02972626 -0.2188186 -0.9950038 -0.08036738 -0.05923485 -0.9595033 -0.02356058 0.2807105 -0.9876379 -0.1473301 0.05352669 -0.8029636 0.0145564 0.5958503 -0.9320598 0.1315438 0.3375809 -0.7394862 0.09560048 0.6663488 -0.9499017 0.05865311 0.3069964 -0.9563415 -0.01561927 0.2918342 -0.9499608 0.05868083 0.3068079 -0.9973274 -0.02509635 0.06861668 -0.9986072 -0.0494979 0.01826661 -1 -1.75507e-6 0 -1 5.79777e-6 0 -0.1997246 0.943768 0.263462 -0.353262 0.9189818 0.1751532 -0.3095672 0.9508313 -0.009378612 -0.2461639 0.8265771 0.5061361 -0.5136982 0.8290778 0.220781 -0.1998162 0.9437195 0.2635663 -0.46247 0.8732116 0.1536979 -0.471832 0.8787025 0.07250219 -0.273409 0.6763821 0.6839261 -0.1997039 0.943754 0.2635279 -0.2971398 0.6805383 0.6697579 -0.1855096 0.855439 0.4835394 -0.3265919 0.9292104 0.1729329 -0.4783948 0.8704064 -0.1163235 -0.9228753 -0.2361548 -0.3041908 -0.8235465 -0.3685957 -0.4311708 -0.7778628 -0.2878108 -0.5586542 -0.8137344 -0.5765079 0.07399404 -0.8234788 -0.3687214 -0.4311929 -0.7926865 -0.5921936 -0.1447584 -0.8478778 -0.436674 -0.3006977 -0.9994686 -0.01782107 0.02729547 -0.9998191 -0.0190193 -1.5462e-4 -0.9995379 -0.03034603 0.001765131 -0.9879652 -0.1546724 -0.001111805 -0.9960758 -0.05396652 -0.07014924 -0.9941087 0.05799245 0.09156823 -0.9907397 -0.0654577 -0.1189545 -0.9707326 0.1441735 0.1920737 -0.9981579 -7.40333e-4 0.06066656 -0.8551758 0.01472365 -0.5181289 -0.9907141 -0.0655595 -0.1191115 -0.9566704 -0.1258379 -0.2625773 -0.9246281 -0.2672463 -0.2713713 -0.9265168 0.1928075 0.3230973 -0.9940871 0.05810314 0.09173244 -0.973764 0.1241778 0.1906931 -0.9707201 0.1441926 0.1921226 -0.8531093 0.3234835 0.4093448 0.3727217 -0.9121569 -0.1704356 0.7293284 -0.6743788 -0.115297 0.5313755 -0.7143423 -0.4553627 0.8250691 -0.4665613 0.3187187 0.9309498 -0.3285818 -0.1592688 0.8278812 -0.5507862 -0.1060531 0.9225158 -0.1841905 -0.3391732 0.9048151 -0.3529262 -0.2382282 0.9225039 -0.1840882 -0.3392611 0.6818097 -0.4341113 -0.5887979 0.2851405 -0.2579854 -0.9231135 0.3521112 -0.6577897 -0.6658307 0.6696375 -0.4957661 -0.5529933 0.6072773 -0.6399387 -0.4708426 0.3520576 -0.6579009 -0.6657491 0.3577238 -0.8567562 -0.3714869 0.6743739 -0.5676864 -0.4721781 0.3577793 -0.8567557 -0.3714349 0.4534178 -0.8319129 -0.319896 0.08181297 -0.9499233 -0.3015833 0.3725739 -0.9122138 -0.1704545 0.4533759 -0.8319489 -0.3198616 0.6073192 -0.6399854 -0.4707251 -0.842223 0.1853621 -0.5062622 -0.999157 -0.004788339 -0.04077088 -0.9784836 0.06342124 -0.1963356 -0.9991602 -0.004784345 -0.04069554 -0.999554 -0.02931976 -0.005660414 -0.9984275 0.01920205 -0.0526672 -0.9984313 0.01913315 -0.05261993 -0.9995548 -0.02929764 -0.005656778 -0.9972596 0.02008086 -0.07120466 -0.9984284 0.01925122 -0.05263298 -0.9972575 0.02021414 -0.07119643 -0.9810128 0.05383622 0.1863216 -0.9601503 1.35621e-5 0.2794843 -0.9280811 0.1960428 0.3165956 -0.9600947 -3.02773e-6 0.2796754 -0.6428872 0.4064486 0.6492269 -0.2970418 -0.9370846 0.1834091 -0.1484121 -0.9829991 0.1081056 0.007435083 -0.9996833 0.02404153 -0.2979003 -0.93952 0.16899 -0.2971763 -0.9370151 0.1835458 -0.3043404 -0.92275 0.2364514 -0.194653 -0.9647999 0.1768373 -0.2971008 -0.9370521 0.1834791 -0.105628 -0.9869994 0.1211407 9.80789e-4 -0.9990666 0.04318505 0.01622945 -0.9997534 -0.01515686 0.01723241 -0.9997407 0.01489537 -0.3306776 0.3171378 0.8888621 -0.404255 0.1860781 0.8955182 0.236821 0.1337711 0.9623 -0.1811355 0.3819519 0.9062576 -0.04623264 0.3541495 0.9340454 -0.04631811 0.3540997 0.93406 0.997048 0.04566472 0.06172668 0.9968237 0.05265092 0.05975395 0.9648177 0.05832666 0.2563685 0.9987237 -0.01933652 -0.04665929 -0.6251054 -0.6802434 0.3827693 -0.9612616 -0.2584488 0.09581404 -0.6743621 -0.6121295 0.4129567 -0.4231479 -0.8314579 0.3600331 -0.5500667 -0.7132227 0.4344424 -0.008941531 0.645913 0.7633587 -0.08313614 0.7693185 0.6334332 -0.0795992 0.5945895 0.8000795 -0.1795184 0.5008189 0.8467311 -0.07967633 0.5945279 0.8001178 -0.1442622 0.7278025 0.6704416 -0.2581247 0.7492236 0.6099473 -0.4758074 0.793902 0.3785855 -0.9404133 -0.03640693 0.3380787 -0.6380198 -0.008015453 0.7699784 -0.9704824 -0.04484134 0.2369666 -0.9950473 -0.05333352 0.08388364 -0.9907749 -0.09308069 0.09849423 -0.9982112 -0.05918508 -0.008467614 -0.9998777 -0.0156086 0.001071989 -0.9950597 -0.05327475 0.08377408 -0.6065669 -0.02709281 0.7945707 -0.637891 -0.007970631 0.7700854 -0.6064342 -0.02700763 0.7946749 -0.3646249 0.02141416 0.9309083 -0.2633135 -0.003491163 0.964704 -0.09584999 -0.009017229 0.995355 -0.01913833 0.06447678 0.9977357 -0.006600558 0.9443472 0.3288846 -0.01578104 0.9839534 0.1777268 -0.01238626 0.9079026 0.4189983 0.1430099 0.8387718 0.5253666 -0.04026377 0.796 0.6039561 -0.02933913 0.8803819 0.473357 -0.04029947 0.7960317 0.6039118 -0.2523522 0.8948788 0.3681175 -0.03797924 0.5109691 0.8587598 -0.003554522 0.6259286 0.7798723 -0.07158458 0.6026892 0.7947589 -0.06762671 0.7044442 0.7065303 -0.0716784 0.6027612 0.7946957 -0.06759035 0.7044599 0.7065181 -0.04025936 0.7959384 0.6040374 0.003926336 0.7678275 0.6406446 -0.03944098 0.8416334 0.5386071 -0.1684407 0.4544535 0.8746999 -0.002536118 0.9843412 0.1762561 -0.004529356 0.9998198 0.01843792 -0.01464825 0.9968163 -0.07837563 -6.23554e-4 0.982118 -0.1882659 -0.01466006 0.9968078 -0.07848072 -6.42596e-4 0.9821034 -0.1883413 -0.02103197 0.9399823 -0.3405746 -0.0096156 0.9334296 -0.3586319 -0.1587675 0.9155 -0.3696658 -0.0830391 0.813403 -0.5757431 -0.2047817 0.887279 -0.4132803 -0.01440936 0.8169507 -0.5765275 -0.07462435 0.773054 -0.6299355 -0.08306366 0.8133669 -0.5757907 -0.1761994 0.7530589 -0.6339211 -0.2332462 0.7411573 -0.6295094 -0.1329057 0.9755461 0.1750596 -0.3689962 0.7178068 0.5904196 -0.01235312 0.8846791 0.4660369 -0.04975223 0.7925005 0.6078385 -0.3690488 0.7177352 0.5904737 -0.102458 0.6815773 0.7245377 0.02544689 0.7836992 0.6206191 -0.7274031 0.6315836 0.2683041 -0.7649734 0.4353336 0.4746583 -0.8259246 0.4295789 0.3651173 -0.8167892 0.2713105 0.5091623 -0.7043763 0.6820647 0.1965754 -0.3483871 0.936342 0.04347568 -0.4817674 0.8720282 -0.08641165 -0.5961431 0.3589745 0.7181579 -0.8238388 0.4620082 0.3283873 -0.7102432 0.4890349 0.506359 -0.7701186 0.5251626 0.3621073 -0.8214905 0.531027 0.2077593 -0.8214402 0.5311532 0.2076352 -0.550921 0.8230569 0.1380701 -0.4846491 0.8677839 0.1098467 -0.7650825 0.6255516 0.1527552 -0.4455639 0.7764172 0.4457007 -0.7590008 0.5430957 0.359117 -0.0970574 0.9762893 0.1934921 -0.3585833 0.8653486 0.3501283 -0.03974694 0.9483751 0.3146502 -0.01358914 0.9849447 0.1723349 0.0259996 0.9491366 0.3137896 0.02148836 0.9693923 0.244575 0.0188378 0.9173564 0.3976208 -0.76064 0.3243799 0.5623207 -0.492142 0.5277059 0.6923314 -0.8039929 0.5426023 0.2432656 -0.5091463 0.7277047 0.4595823 -0.7871024 0.6107327 0.08646082 -0.7748075 0.6321973 6.46058e-5 -0.4846262 0.8677517 -0.1102032 -0.122913 0.9922773 -0.01668155 -0.1064572 0.9676937 -0.2285518 -0.74253 0.652197 -0.1526051 -0.8078554 0.5772023 -0.1191938 -0.4145233 0.8190843 -0.3965744 -0.007215321 0.9994817 0.03137207 0.07113492 0.9786061 -0.1930544 -0.4335783 0.6399586 -0.6343996 -0.4143694 0.8191074 -0.3966878 -0.06023675 0.9166641 -0.395093 -0.06021386 0.9167039 -0.3950041 -0.3672656 0.8694908 -0.3303059 -0.02362871 0.8853735 -0.4642795 -0.001018643 0.6383381 0.7697555 -0.1259346 0.5120352 0.8496826 0.005879104 0.5130538 0.8583363 -0.09493702 0.3131911 0.944933 -0.006492316 0.2922385 0.9563235 -0.0435124 0.1463966 0.9882685 0.01204878 0.1953196 0.9806657 -0.01236832 0.09370219 0.9955235 -0.02800273 -0.1838037 0.9825641 -0.1189436 -0.1932074 0.9739217 -0.0124672 0.09357362 0.9955344 -0.1068153 -0.05581468 0.9927111 -0.2242424 -0.2244834 0.9483262 -0.1662912 -0.02211642 0.9858287 -0.4956141 -0.07496553 0.8653016 -0.4263052 0.2295377 0.8749723 -0.4957841 -0.07492071 0.8652082 -0.462493 0.3609102 0.8098421 -0.7493345 0.1374821 0.6477627 -0.5775452 0.550428 0.6028853 -0.5458773 0.2863907 0.7873998 -0.7658317 0.1908789 0.614058 -0.4507616 -0.002726733 0.8926402 -0.4929481 0.3365157 0.8023462 0.02544629 0.7836726 0.6206527 -0.8345236 0.196903 0.5145871 -0.7582849 -0.05192738 0.649852 -0.8583083 0.4004685 0.3208298 -0.9965755 0.06441801 0.0518431 -0.8731987 0.2492669 0.4187961 -0.9786468 0.0703054 0.1931517 -0.9116501 0.1987161 0.3597306 -0.7301717 0.5178344 -0.4457544 -0.536108 0.5207431 -0.6643905 -0.8268107 0.4675258 -0.3127359 -0.4836766 0.7748687 -0.4069834 -0.4433895 0.503937 -0.7412511 -0.5227962 0.2980632 -0.7986504 -0.751824 0.5912767 -0.2918095 -0.8089658 0.5107574 -0.2910348 -0.6875481 0.7090085 -0.156795 -0.8216814 0.5125042 -0.2493575 -0.6243868 0.7805606 0.02943515 -0.7598009 0.5839367 -0.2858681 -0.8226 0.4061567 -0.3979524 -0.7480628 0.4545486 -0.4835159 -0.7785549 0.3239734 -0.5374882 -0.4923004 0.5271139 -0.6926697 -0.4929365 0.3367265 -0.802265 -0.1219242 0.4850107 -0.8659672 -0.1075005 0.2862843 -0.952095 -0.5175303 0.7516206 -0.4089362 -0.4528847 0.8914955 0.01145142 -0.4542001 0.7652394 -0.4561919 -0.1034937 0.6603778 -0.7437676 -0.05996984 0.7980629 -0.5995827 -0.3700053 0.7362108 -0.5666479 0.5073477 0.6400054 -0.5770543 0.4978173 0.594195 -0.6317517 0.4074898 0.7341548 -0.5431104 -0.6030347 -0.09411549 -0.7921437 -0.1579401 -0.1897459 -0.9690467 -0.158829 0.0315141 -0.9868031 0.03181242 -0.6087648 0.7927127 0.03149455 -0.7839354 0.6200432 -0.003466963 -0.8023647 0.5968242 0.07214242 -0.9100939 0.4080743 -1.56676e-4 -0.9367825 0.3499122 0.06685131 -0.986177 0.151611 -0.001831114 -0.9973599 0.07259541 0.09028464 -0.9872549 -0.1310596 0.002067685 -0.9779515 -0.2088221 0.09840172 -0.9149925 -0.3912878 -0.0172708 -0.8770167 -0.4801496 -0.03430235 -0.7749028 -0.6311491 -0.02401179 -0.7112037 -0.7025759 -0.0122357 -0.5658091 -0.8244456 -1.9997e-7 -0.4784332 -0.8781239 4.13551e-7 -0.3046213 -0.9524737 -5.45328e-7 -0.02326482 -0.9997294 0.008297979 0.3085885 -0.9511595 0.004883289 0.348573 -0.9372689 0.001849949 0.5296552 -0.8482111 -0.005035102 0.5970382 -0.8021969 0.008871793 -0.5740771 0.8187533 0.008901953 -0.5741553 0.8186981 -0.1325415 -0.7074258 0.6942489 -0.07011121 -0.5858716 0.8073654 -0.1441816 -0.5442107 0.8264663 -0.3871883 -0.2518157 0.8869466 -0.4433487 -0.4467253 0.7770962 -0.5494053 -0.2837252 0.7859097 -0.4095281 -0.1176748 0.9046764 -0.7478356 -0.197892 0.633704 -0.4435262 -0.4467552 0.7769778 -0.7478908 -0.1979892 0.6336084 -0.6664776 -0.5619522 0.4899157 -0.822144 -0.3870361 0.4174714 -0.7978552 -0.5152956 0.3128861 -0.8318626 -0.2520775 0.4944306 -0.5392107 0.1237041 0.8330361 -0.662483 -0.2172644 0.7168769 -0.535698 -0.1129383 0.8368229 -0.7777493 -0.3510351 0.5214217 -0.6229343 -0.392433 0.6767195 -0.6029444 -0.5342724 0.5924619 -0.7978094 -0.5154107 0.3128131 -0.6624369 -0.5962298 0.4535278 -0.4947299 -0.8653632 0.07993054 -0.6361849 -0.6456897 0.4223193 -0.8232266 -0.3160151 0.4716275 -0.6976858 -0.5108992 0.5022117 -0.7525551 -0.3714858 0.5437455 -0.8232883 -0.3158764 0.4716127 -0.3227821 -0.8091502 0.4910067 -0.560354 -0.4379305 0.703008 -0.6305044 -0.6963787 0.3428133 -0.7799707 -0.359739 0.5120876 -0.7906934 -0.2382382 0.5639563 -0.7148057 -0.2889217 0.6368494 -0.8213227 -0.1699418 0.5445629 -0.8171362 -0.1733517 0.5497615 -0.8189373 0.07280957 0.5692456 -0.8428246 2.89063e-4 0.5381885 -0.7395809 -0.07116985 0.6692945 -0.8107143 -0.07064896 0.5811637 -0.614839 -0.4336706 0.658713 -0.3425133 0.7688559 0.5399494 -0.8344938 0.196999 0.5145984 -0.8644204 0.3346349 0.3752292 -0.8929793 0.4229882 0.1538475 -0.8612362 0.5081312 -0.008661329 -0.8903415 0.420837 -0.1737474 -0.8428598 0.3686678 -0.3920096 -0.7898334 0.2937971 -0.5383741 -0.7666748 0.1912124 -0.612901 -0.4261201 0.0417329 -0.9037035 -0.3792418 0.1204655 -0.9174224 -0.06771236 0.06895059 -0.9953195 0.007010936 0.1245902 -0.9921836 -0.007914066 -0.0912199 -0.9957994 -0.01028096 -0.1953729 -0.9806752 -0.008019804 -0.09138911 -0.995783 -0.2009079 -0.1995162 -0.9590773 -0.0594452 -0.1472076 -0.9873178 -0.999858 -0.01336264 -0.01027101 -0.9997044 -0.01228606 -0.02098524 -0.9998455 -0.009647667 -0.01470094 -0.9999498 -0.008179724 -0.005797624 -0.9954516 0.09525734 -0.001486063 -1 -1.63455e-6 0 -1 7.23821e-7 0 -0.9956725 0.07121455 -0.05970609 -1 2.01901e-6 0 0.1497548 0.6868327 -0.7112204 -0.03103345 0.6876941 -0.725337 -0.06001275 0.7981138 -0.5995106 -0.01999413 0.7926737 -0.6093182 -0.02366602 0.885326 -0.4643683 0.159096 0.7691787 -0.6189125 0.2313806 -0.9648965 -0.1242492 0.2919946 -0.9019345 -0.3182031 0.09852474 -0.9149903 -0.3912619 0.09845304 -0.9150019 -0.3912526 -0.1430776 -0.9623577 -0.2310767 -0.2032078 -0.9412643 -0.2696816 0.09845888 -0.9149668 -0.3913332 -0.1493762 -0.9271528 -0.3436197 0.01258456 -0.7912176 -0.6114053 -0.1315248 -0.8563634 -0.4993425 -0.1530837 -0.7350141 -0.660545 -0.4401298 -0.7712036 -0.4599246 -0.6179334 -0.5684266 -0.5431846 0.5657007 -0.8245115 -0.01279097 0.2313876 -0.9649 -0.1242092 0.1859809 -0.9704934 0.1534724 0.03211283 -0.9663716 0.2551366 0.18601 -0.9704825 0.1535058 0.07223504 -0.9101004 0.4080435 -0.2906854 -0.9358748 0.1990992 0.07214164 -0.9100971 0.4080675 -0.2040681 -0.919256 0.3366373 -0.1151711 -0.920753 0.3727594 -0.1635149 -0.8401876 0.5170568 -0.6663642 -0.5620316 0.4899787 -0.3802354 -0.5616725 0.7348096 -0.256903 -0.9300687 0.2626274 -0.1635495 -0.8402443 0.5169537 -0.5148137 -0.8143566 0.2679375 -0.4884681 -0.7644236 0.4207798 -0.6095875 -0.7778177 0.15298 -0.8553755 -0.5130878 0.07123059 -0.8048746 -0.5772465 -0.1377081 -0.7978488 -0.5153697 0.3127804 -0.5491588 -0.8349068 -0.03681677 -0.8614733 -0.2080723 0.4632169 -0.8713935 -0.3027193 0.3860498 -0.7203658 -0.4272309 0.5463945 -0.8030822 -0.2421123 0.5444638 -0.7906372 -0.238249 0.5640303 -0.876585 -0.1832818 0.4449794 -0.9274138 -0.1590455 0.3385387 -0.7906865 -0.2382434 0.5639636 -0.7579873 -0.321859 0.5673291 -0.4559458 -0.4067405 0.7916285 -0.7579413 -0.3218852 0.5673756 -0.8170787 -0.1734367 0.5498201 -0.6790686 -0.497635 0.5396529 -0.8953952 -0.2836489 0.3432359 -0.9643562 -0.1354575 0.2273073 -0.9814882 0.004529714 0.1914694 -0.6742035 -0.1742061 0.717706 -0.8618562 -0.1886163 0.4707736 -0.6362174 -0.1219491 0.7618109 -0.483401 -0.2685053 0.8332038 -0.2137184 -0.120523 0.9694321 -0.3162286 -0.2462176 0.9161749 -0.9318436 0.2828435 0.2273042 -0.936387 0.2255669 0.2688847 -0.9637228 0.1940816 0.1832234 -0.9999796 0.002731621 0.005788087 -0.8618901 -0.1884795 0.4707666 -0.07827013 -0.04515779 0.9959089 -0.4937227 -0.100268 0.8638195 -0.2447192 0.1994234 0.9488639 -0.2455883 0.379476 0.8920115 -0.1509929 0.09688377 0.9837758 -0.2468227 0.1374511 0.9592632 -0.01035332 -0.03626382 0.9992887 -0.9686405 0.2046651 0.1408822 -0.9411852 0.1067721 0.3205781 -0.7695322 0.3697269 0.5206939 -0.8352755 0.2081315 0.5089167 -0.809747 0.006384491 0.5867446 -0.5204751 0.2011643 0.8298425 -0.6219142 -0.01350927 0.7829689 -0.2957632 -0.06861388 0.952794 -0.9433389 0.07669764 -0.3228455 -0.9683623 0.1534658 -0.1967808 -0.7805669 0.3045073 -0.5458853 -0.8371942 0.1227156 -0.5329605 -0.8143711 0.007401943 -0.5802974 -0.5513291 0.239202 -0.7992612 -0.5734618 0.1092542 -0.8119146 -0.5707679 -0.01366102 -0.8209979 -0.5706484 -0.01367419 -0.8210808 -0.5512241 0.2391811 -0.79934 -0.2809864 0.1345485 -0.9502334 -0.1584411 -0.03039592 -0.9869005 -0.3098082 0.4780388 -0.8218868 -0.2974003 0.2380575 -0.9245982 -0.1723431 0.04654204 -0.9839369 -0.1173581 -0.04099941 -0.9922431 -0.100798 -0.1678557 -0.9806448 -0.2927327 -0.2282437 -0.9285539 -0.1008228 -0.1678704 -0.9806398 -0.3968474 -0.2850345 -0.8725066 -0.4390826 -0.324905 -0.8376416 -0.5474715 0.3432978 -0.7631655 -0.227052 0.7001536 -0.6769286 -0.5072712 0.4107102 -0.7576233 -0.2969707 0.8148 -0.4979051 -0.3974263 0.632871 -0.6644748 -0.5076922 0.7922165 -0.338588 -0.2969916 0.8148469 -0.4978157 -0.6268488 -0.04075258 -0.7780745 -0.1723616 0.04653155 -0.9839341 -0.5444799 0.3432207 -0.7653374 -0.3081367 -0.03004842 -0.9508675 -0.582942 -0.233101 -0.7783589 -0.2149016 -0.03406214 -0.9760416 -0.3706341 3.40623e-4 -0.928779 -0.5138685 -0.08344584 -0.853801 -0.8212787 -0.02519565 -0.5699707 -0.9738844 -0.04125261 -0.2232654 -0.99984 0.01770561 -0.002599656 -0.9995487 -0.02725446 -0.01264393 -0.970485 -0.04484063 0.2369561 -0.8153647 -0.02971976 0.5781845 -0.004546046 -0.07298433 0.9973227 -0.08258348 -0.09920591 0.9916342 -0.03145325 -0.140545 0.9895746 -0.5241783 0.2951306 0.7988337 -0.246867 0.1375245 0.9592412 -0.2200992 0.5150589 0.8284146 -0.4059977 -0.08100241 0.9102772 -0.9071184 0.1751806 -0.3826853 -0.9600993 0.1522422 -0.2345883 -0.9999325 8.11267e-4 -0.01159328 -0.9999328 8.10807e-4 -0.01157242 -0.7724152 0.2598353 -0.5795348 -0.7483173 -0.106017 -0.6548142 -0.7786551 0.1630617 -0.6058938 -0.8161291 -0.07642203 -0.5727942 -0.7626128 -0.03090178 -0.6461167 -0.7388052 0.0696991 -0.6703051 -0.8112998 0.06326001 -0.5811978 -0.1025378 -0.6829634 -0.72322 0.02606344 -0.6686779 -0.7430953 -0.2874588 -0.9233617 -0.2545008 -0.3482698 -0.8803046 -0.3221366 -0.1315684 -0.8564091 -0.4992527 -0.4800189 -0.3813126 -0.7900523 -0.1650928 -0.5123949 -0.8427312 -0.4923994 -0.628241 -0.6023755 -0.1650319 -0.5122418 -0.8428362 -0.4603748 -0.2895925 -0.839161 -0.3061537 -0.1732451 -0.9360856 -0.1071285 -0.4313971 -0.895779 -0.1335722 -0.3110847 -0.9409489 -0.01048225 -0.4009011 -0.9160614 0.009498119 -0.511097 -0.8594706 -0.0290783 -0.3225317 -0.9461119 -0.1532373 -0.7278141 -0.6684347 -0.2621069 -0.4224225 -0.8676747 -0.7464607 -0.4427633 -0.4967466 -0.4369645 -0.7225236 -0.5357441 -0.5569733 -0.7807311 -0.2832663 -0.6450068 -0.5280336 -0.5524009 -0.7465521 -0.4425674 -0.496784 -0.5201866 -0.6770797 -0.5205467 -0.8211619 -0.34517 -0.4544785 -0.8580358 -0.1806496 -0.4807705 -0.7819138 -0.2810839 -0.5564195 -0.8070579 -0.3400138 -0.4827507 -0.8142485 -0.2557403 -0.521149 -0.550147 0.03266924 -0.8344287 -0.7931242 -0.2833721 -0.5391235 -0.4605026 -0.2896813 -0.8390603 -0.6180264 -0.5683432 -0.5431661 -0.6705368 -0.7268036 -0.1487854 -0.8872861 -0.4497742 -0.1021104 -0.6180444 -0.5683712 -0.5431163 -0.6741865 -0.5417388 -0.5019879 -0.8872908 -0.4497655 -0.1021087 -0.8424184 -0.3803653 -0.3816459 -0.6483693 -0.1074459 -0.7537059 -0.9349709 -0.2237915 0.2752217 -0.8873097 -0.4497569 -0.1019817 -0.810657 -0.3430224 0.4745218 -0.8340045 -0.4004628 0.3795605 -0.8873004 -0.4497938 -0.1018999 -0.7824589 -0.6165143 0.08756959 -0.8149349 -0.5507687 -0.1803746 -0.8325562 -0.5531177 -0.03018563 -0.5205209 -0.8490172 0.0907076 -0.4427298 -0.8651873 0.2354602 -0.7894139 -0.5253611 -0.317524 -0.8149249 -0.5507742 -0.180403 -0.8149502 -0.5506898 -0.1805465 -0.7657752 -0.5015 -0.4025992 -0.4739275 -0.3119787 -0.8234452 -0.7522331 -0.5762074 -0.3195786 -0.4392068 -0.3249595 -0.8375553 -0.8215252 -0.1424572 -0.5520892 -0.8029438 -0.2355653 -0.5475311 -0.7748117 0.06319308 -0.6290258 -0.5575477 0.03957641 -0.8292011 -0.5293408 -0.3279276 -0.7824717 -0.6549654 -0.1803246 -0.733828 -0.7482843 -0.1061895 -0.654824 -0.5522022 -0.5306703 -0.6430099 -0.4662657 -0.4207223 -0.7781962 -0.4968655 0.005466997 -0.8678104 -0.6837806 0.2051378 -0.700259 -0.6097199 0.4390512 -0.6599059 -0.6096544 0.439186 -0.6598767 -0.4685791 0.4778562 -0.7430257 -0.2090039 0.8458765 -0.4907243 -0.240068 0.7801392 -0.5777112 -0.2088512 0.8459694 -0.4906293 -0.02395051 0.9343468 -0.3555595 -0.1370476 0.8504996 -0.5078074 0.01788991 0.7775831 -0.6285257 -0.227851 0.6317049 -0.7409676 0.0179333 0.7774782 -0.6286543 -0.004875302 0.1755055 -0.9844664 -0.00478667 0.8426001 -0.5385185 -0.2841363 0.4309005 -0.8564995 -0.4478179 -0.3042012 -0.8407859 -0.4913787 -0.3775454 -0.7848608 -0.3197751 -0.1239407 -0.9393523 -0.2946168 -0.3009817 -0.906979 -0.2203906 -0.2807832 -0.9341247 -0.1612426 -0.4684253 -0.8686648 -0.4912433 -0.3776239 -0.7849078 -0.1031819 -0.06538432 -0.9925112 -0.02906411 -0.3224018 -0.9461566 -0.09049081 -0.3047574 -0.9481216 -0.4056044 -0.6434808 -0.6491669 -0.5352517 -0.4003432 -0.743795 -0.4914005 -0.3775466 -0.7848466 -0.7464882 -0.4425858 -0.4968635 -0.5575284 0.03941679 -0.8292216 -0.4259583 0.04164874 -0.9037837 -0.06775987 0.06878578 -0.9953277 -0.4416417 -0.2821366 -0.8516758 -0.8414915 0.3091295 -0.4430927 -0.8192788 0.2351535 -0.5229579 -0.7723363 0.2598646 -0.5796267 -0.738391 0.283035 -0.6121029 -0.3646994 0.1142216 0.924093 -0.07724559 0.1109845 0.9908157 -0.3402526 0.3500757 0.8727401 -0.1662872 -0.02201664 0.9858316 -0.5603169 -0.4378351 0.7030971 -0.05520397 -0.5459387 0.8360045 -0.2190324 -0.4121619 0.8843911 -0.2500538 -0.7482931 0.6144352 -0.4876107 -0.4128699 0.7692687 -0.4956311 -0.07501304 0.8652878 -0.01887804 -0.4963628 0.86791 -0.1864407 -0.3574005 0.9151529 -0.0748887 -0.4074037 0.9101725 -0.1188933 -0.193279 0.9739136 -0.2189611 -0.412035 0.8844678 -0.1117295 -0.432341 0.8947613 -0.1188771 -0.1932761 0.9739162 -0.09295916 -0.2106486 0.973132 -0.6028299 0.0941444 0.7922961 -0.1607858 0.1923828 0.9680583 -0.1586918 -0.03143262 0.9868277 0.001161456 0.9865932 -0.163195 -0.003594636 0.997663 -0.06823241 -0.01359874 0.9849494 0.1723074 -5.92874e-4 0.9761926 0.216905 0.002231359 0.9178618 0.3968939 -0.003327846 0.8775672 0.4794421 -0.004422187 0.770999 0.6368212 -0.00528723 0.7058452 0.7083465 0.003907442 0.4774127 0.8786706 -0.00597012 0.02699756 0.9996178 -0.1680141 -0.2491254 0.953786 0.01611304 -0.3378983 0.9410447 0.003378331 -0.9947209 -0.1025625 0.02655154 -0.9955059 -0.09090143 -0.003270387 -0.9986319 -0.05219089 0.01307815 -0.9995435 -0.02723711 0.0249207 -0.9991812 -0.03187459 0.0255624 -0.997296 -0.06890034 -0.02031278 -0.9992168 -0.03396177 -0.002446949 -0.9962607 -0.0863648 0.01931369 -0.9983833 0.05345833 0.01719444 -0.9988532 -0.04468733 0.01756423 -0.9996008 0.02213019 0.004674017 -0.9999456 0.009327888 0.002939343 -0.966744 -0.2557291 -0.02098625 -0.9997425 -0.008633017 -0.03181147 -0.995721 0.08676326 -0.06302726 -0.9933429 0.09642386 -0.06069678 -0.9951261 0.07771784 -0.06984001 -0.9948797 0.07305395 -0.002470433 -0.99998 0.005823433 8.20473e-4 -0.9999952 -0.002991437 -0.05903023 -0.9965712 -0.05797803 -0.05207419 -0.9965631 -0.06442242 -0.05170613 -0.9960858 -0.07169258 -0.03123807 -0.02002328 -0.9993115 -0.1779263 -0.02368062 -0.9837589 -0.06950002 -0.008856415 -0.9975427 0.005817711 0.04146641 -0.999123 -0.05024176 0.02587771 -0.9984018 -0.3450981 0.001216113 -0.9385659 -0.5305672 -0.03781431 -0.846799 -0.7991884 -0.002820611 -0.6010741 0.01123595 0.02064204 -0.9997238 0.1936199 -0.02718746 -0.9807 -1 2.2079e-6 0 -0.9999912 0.00185436 -0.003748536 -0.9996421 0.02247208 -0.01451265 -0.9992302 0.03631269 -0.01485437 -0.9993461 0.03443759 -0.01102429 -0.9999052 0.01377266 -3.25072e-4 -1 -1.08507e-5 0 -0.9999048 0.01380193 -3.27006e-4 -1 -6.94954e-6 0 -0.9999717 0.004894018 0.005721151 -0.9642448 0.1368424 -0.2269501 -0.9999717 0.004896879 0.005726218 -0.964253 0.1368483 -0.2269113 -0.9999564 0.006298303 -0.006899058 -0.9999477 -0.004203081 0.009333133 -0.9999488 -0.01011842 -5.91786e-5 -0.9999976 -0.00191617 -0.00105232 -0.9911016 0.1327736 0.009425878 -1 -4.70155e-6 0 -0.991101 0.1327756 0.009458243 -0.9999981 0.001786947 8.18364e-4 -0.9999981 0.001786947 8.18443e-4 -0.9999956 0.002702534 0.001236915 -0.999998 0.00183618 8.40438e-4 -0.9999957 0.002708137 0.001239299 -0.9997097 -0.01967835 0.01390457 -0.9995436 -0.03020334 -6.7976e-4 -0.9978064 0.05300682 -0.0396583 -0.999406 0.0293262 -0.01809918 -0.9997637 -0.01621776 -0.01447814 -0.9991552 -0.006987929 -0.04050117 -0.9997094 -0.01969081 0.01391029 -0.997802 -0.05211108 0.04093384 -0.9985001 -0.03847211 0.03895395 -0.9996246 -0.01935464 0.01939332 -0.999995 -0.001725435 0.002660095 -0.9999057 -0.01365333 0.001504242 -0.9969419 0.02082198 0.07532083 -0.999967 0.001206398 -0.008047103 -0.9959648 0.02532994 0.08609747 -0.9274795 -0.1589593 0.3383989 -0.9999057 -0.0136469 0.001566112 -0.9005373 -0.1836809 0.3940736 -0.9375804 -0.1672258 0.3049239 -0.9716072 -0.1274323 0.1993503 -0.9946616 -0.03409397 0.09739649 -0.994414 -0.009930372 0.1050822 -0.9961228 0.007773339 0.08763027 -0.99896 -0.008545339 0.04478883 -0.9117095 0.198702 0.3595879 -1 -2.95264e-5 0 -1 1.63418e-5 0 -1 1.87561e-5 0 -0.9999614 0.006800055 0.005560696 -0.9836719 0.05076438 0.1726638 -0.9393855 0.2692531 -0.2122679 -0.989674 0.07157748 -0.1241856 -0.9962273 0.06814193 -0.05374026 -0.9961173 -0.06943893 0.05411583 -0.9984765 -0.01932817 -0.05168384 -0.9862871 -0.05782264 -0.1545784 -0.9984894 0.0191347 0.05150532 -0.986418 0.05719548 0.1539751 -0.9894932 -0.07351773 0.1244925 -0.9374178 -0.2746544 0.2140401 -0.8999342 -0.06809586 -0.4306756 -0.9901596 -0.01567941 -0.1390616 -0.9728575 0.128031 -0.1927601 -0.9619657 0.217899 -0.164749 -0.9904642 0.1146972 -0.07632285 -0.997114 -0.02676355 0.07104605 -0.9693622 0.03755581 -0.2427482 -0.9996657 -0.02180981 -0.01388841 -1 1.53996e-7 0 -0.991367 0.08936905 -0.09594088 -0.9913671 0.08936381 -0.09594577 -0.991367 0.08937495 -0.09593552 -1 1.94628e-6 0 -1 2.23186e-6 0 -1 9.61501e-6 0 -0.9989991 -0.004138112 -0.04454064 -0.9433934 0.01601737 -0.3312892 -0.986177 0.1226673 -0.1113901 -0.9999893 -5.39716e-4 -0.004616558 -0.9999982 6.31628e-4 -0.001791119 -1 2.86934e-6 0 -0.9999983 6.0554e-4 -0.001719057 -1 -8.91949e-6 0 -0.7228259 -0.01450955 0.6908779 -0.9754785 -0.03049921 0.2179715 -0.9178193 -0.1041525 0.383093 -0.6240951 0.2529645 0.7392661 -0.6392421 -0.03283709 0.7683042 -0.5996021 -0.137389 0.7884172 -0.6240947 0.2528608 0.7393019 -0.345049 0.02080929 0.9383541 -0.3651108 0.6702554 0.6461052 -0.6240687 0.2530414 0.7392621 -0.5718926 0.4977845 0.652035 -0.2839359 0.3810679 0.879868 -0.6240126 0.2529821 0.7393298 -0.2451792 0.4766074 0.844235 -0.3839295 0.09740865 0.91821 -1 -4.24831e-6 0 -1 3.69134e-6 0 -1 1.83199e-6 0 -1 -1.85421e-6 0 -1 -5.53921e-7 0 -0.9999644 -0.007458031 0.003945827 -0.9999645 -0.007451355 0.003942549 -0.9998593 -0.01322627 0.01032191 -0.9902935 -0.05734914 0.1266099 -0.9999824 8.34838e-4 0.005869746 -0.9755176 -0.03050005 0.2177963 -1 7.27781e-7 0 -1 4.29218e-6 0 -1 8.87422e-6 0 -1 -8.2002e-6 0 -1 3.11692e-6 0 -1 -5.82897e-6 0 -0.8597639 0.3480967 -0.3736776 -0.9510073 0.1637262 -0.2622576 -0.9913492 0.08943903 -0.09605944 -0.5185837 0.6248944 0.5835906 -0.6623424 0.4123655 0.6255055 -0.7448334 0.5127183 0.4270167 -0.7447496 0.5127943 0.4270716 -0.4497678 0.4836719 0.7508465 -0.8448671 0.2366114 0.4798071 0.004357516 0.4413118 0.8973433 0.00314337 0.8792864 0.4762832 -2.62227e-4 0.7362279 0.6767337 0.003131449 0.879354 0.4761583 0.004826068 0.9605007 0.2782359 -0.002211153 0.9984352 -0.0558784 -0.002471268 -0.07829213 0.9969274 0.004368007 0.4412384 0.8973794 -0.004128038 0.05735647 0.9983453 0.003966212 0.5780773 0.8159724 -0.008044064 -0.9981965 0.05949068 0.002522647 -0.8709065 -0.4914425 0.004422366 -0.9571688 -0.2894968 0.002551674 -0.8708398 -0.4915603 -2.58249e-4 -0.7351371 -0.6779186 0.005017042 -0.4547265 -0.890617 -0.00119102 0.05873572 -0.9982729 0.00500375 -0.4545873 -0.8906883 -0.003381431 -0.08173823 -0.9966482 0.00415498 -0.5823777 -0.8129078 -0.007690191 -0.997954 0.06347209 0.003132581 -0.8792509 -0.4763488 0.004810094 -0.9604749 -0.2783252 0.003158748 -0.8791617 -0.4765132 1.76865e-4 -0.7431622 -0.6691114 0.006173133 -0.4503946 -0.8928084 0.001126527 0.09373545 -0.9955965 0.00615555 -0.450312 -0.8928501 -0.001750111 -0.05836635 -0.9982938 0.004572033 -0.5913669 -0.8063898 -0.963881 0.1389706 0.2272021 -0.8944267 0.3005407 0.3311741 -0.7166437 0.2720825 0.6421784 -0.5950428 0.6059705 0.5279433 0.00601679 0.8965446 -0.4429126 0.00227797 0.4667582 -0.8843821 -3.89521e-4 0.6676282 -0.7444948 0.002242922 0.4666085 -0.8844612 0.003823161 0.2617107 -0.9651388 -0.003367662 -0.08156895 -0.9966621 -0.7525527 -0.06164819 -0.6556401 -0.8104209 -0.03788697 -0.5846219 -0.8109537 -0.06282305 -0.5817281 -0.9314946 -0.03049421 -0.3624748 -0.9189053 0.2168481 -0.32953 -0.9676012 0.2325018 -0.09844249 -0.7783586 -0.6129648 0.1357654 -0.9142019 -0.3446049 0.2132664 -0.7845119 -0.6197413 0.02149325 -0.7844944 -0.619764 0.02147287 -0.9141929 -0.3446261 0.2132706 -0.6982157 -0.7158656 -0.005611658 0.9761872 0.2123118 0.0445224 0.9750902 -0.2181734 0.03999352 0.9999831 -7.11702e-4 -0.00578022 0.975066 -0.2182989 0.03990018 0.9005146 -0.4238668 0.09700798 0.7926413 -0.6078581 0.04720562 -0.003064692 -0.9981038 0.06147676 0.002133786 -0.873906 -0.4860904 0.004251897 -0.957915 -0.2870207 0.002145051 -0.8738108 -0.4862614 -5.33628e-4 -0.7378528 -0.6749616 0.005887985 -0.4441701 -0.8959231 0.005907356 0.8957642 -0.4444906 0.003441035 0.4820106 -0.8761587 4.42178e-4 0.6760043 -0.7368975 0.003432571 0.4818574 -0.8762429 0.005467593 0.2844313 -0.9586809 -0.001769661 -0.05821275 -0.9983026 0.00112152 0.09373259 -0.9955968 0.005896627 -0.4440006 -0.8960071 -0.001774668 -0.05838751 -0.9982925 0.00415337 -0.5823776 -0.8129079 0.2213882 -0.975182 0.002707779 -0.3539637 -0.9352249 -0.008004307 -0.07285594 -0.997296 -0.009633779 -0.354134 -0.9351602 -0.008041143 -0.6110341 -0.7916042 3.66072e-4 -0.8177356 -0.5755434 -0.007648348 -0.91027 -0.005737006 0.4139753 -0.7481918 -0.2093663 0.6295831 0.8077042 0.5895603 -0.005722463 0.3388538 0.9407871 -0.009881854 0.6011705 0.7991206 4.59379e-4 0.3386775 0.940851 -0.009857296 0.06523966 0.9978076 -0.01113063 -0.216769 0.9762228 6.41732e-4 0.8128281 0.5824823 -0.004995405 0.3470617 0.9378128 -0.007442057 0.6064216 0.7951402 0.002237498 0.3469048 0.9378708 -0.007453083 0.07068622 0.9974637 -0.00834304 -0.2167494 0.9762198 0.003813922 0.3083395 -0.9395502 0.1489034 0.3057397 -0.951353 0.03809237 0.4886094 -0.8610686 0.1407901 0.6369479 -0.7484464 0.1847311 0.5908448 -0.8034302 0.07350099 0.6437306 -0.7634925 -0.05186814 -0.9861397 0.07651901 0.1472193 -0.9103121 -0.005681812 0.4138838 -0.9953867 -0.00339806 0.09588497 -0.8305037 -0.01465117 0.5568204 -0.2169289 0.97618 0.003813385 -0.5669226 0.8237711 1.18725e-4 -0.3764327 0.9264277 0.00550419 -0.3764231 0.9264314 0.005521357 -0.7581494 0.6520336 -0.007865011 -0.8684019 0.4958074 -0.007293879 0.221553 -0.9751447 0.002688109 0.5877162 -0.809067 -5.9932e-4 0.3927447 -0.9196336 0.005069732 0.5878481 -0.8089712 -5.93456e-4 0.7687258 -0.6395424 -0.006801486 0.8777455 -0.4791055 -0.004548013 0 0.8662745 0.4995682 0.3408336 0.001344501 -0.9401228 0.5394802 -0.2428161 -0.8062267 0.5394812 -0.2428261 -0.806223 0.6750234 -0.4585177 -0.5780181 8.76678e-4 -0.9998526 -0.0171529 -1.49748e-5 -1 2.96379e-4 -7.8451e-6 -1 1.56032e-4 -8.99111e-4 -0.9998449 0.01759594 -0.3297552 0.1409431 0.9334862 -0.5642151 -0.07431632 0.8222764 -0.5642097 -0.07430952 0.8222807 -0.7345954 -0.281008 0.6175794 -0.9999471 7.63253e-4 0.01026642 -0.9999484 7.53758e-4 0.01013869 -0.9997874 0.001528859 0.02056467 -0.5197712 0.8540347 -0.02150851 -0.150521 0.9617756 -0.2287601 -0.1879805 0.9722453 0.1392925 -0.03227651 0.997464 -0.06343352 -0.1159753 0.8203065 -0.560042 -0.1159729 0.8202339 -0.560149 -0.01958948 0.9573579 -0.2882398 -0.3452995 0.6629985 -0.6642298 -0.4762815 0.7184584 -0.5069254 0.6433072 -0.274945 0.7145355 0.7664836 -0.1416143 0.626457 0.7664785 -0.1416211 0.6264616 0.8585515 -0.002648949 0.5127205 -0.9983624 -0.03893303 0.04191642 -0.9989324 -0.02921444 0.03578501 -0.9989324 -0.02921426 0.03578555 -0.9989342 -0.02918022 0.0357629 -0.9989342 -0.02918016 0.03576296 -0.9993593 -0.01978576 0.02982532 0.1815613 -0.6041644 0.7759001 0.02377873 -0.4674528 0.8836982 0.02404886 -0.4677358 0.8835411 -0.1348077 -0.3054947 0.9426028 -0.2169214 0.9761816 0.003829777 -0.5764047 0.8171638 0.001006305 -0.3835289 0.9235085 0.006138384 -0.5765141 0.8170867 0.001007497 -0.7635014 0.6457806 -0.005763947 -0.8740856 0.4857538 -0.004199564 0.8129184 0.5823565 -0.004968941 0.9974985 0.07067811 0.001213073 0.938765 0.3444098 -0.01010936 0.9975115 0.07049465 0.00117743 0.9753908 -0.2204414 0.004291594 0.877845 -0.4789234 -0.004550158 -0.2848273 0.7895487 -0.5435866 -0.1068674 0.9485086 -0.2981792 -0.1068721 0.9485098 -0.2981738 -0.1068029 0.9485523 -0.2980634 -0.1482639 0.9887411 0.02021956 -0.05268532 0.9461551 0.3193975 -0.8741727 0.4855967 -0.004235506 -0.9983555 -0.05732738 3.65246e-4 -0.9721034 0.2345185 0.004034698 -0.9983472 -0.05746996 3.91411e-4 -0.9403413 -0.3400154 -0.01215511 -0.8170207 -0.5765564 -0.007743418 0.009887635 -0.9996441 -0.02478235 0.008921504 -0.9999603 1.55846e-4 0.008871197 -0.9999605 6.595e-4 0.007916569 -0.9996321 0.02594584 0.9297523 0.01440531 0.367904 0.706655 0.008823335 0.7075033 0.8523608 0.005878388 0.5229213 0.7065529 0.008788943 0.7076058 0.5182315 0.01375931 0.8551298 0.2306916 -0.03610384 0.972357 0.0263381 0.8093848 0.5866879 -0.03932279 0.9126979 0.4067387 -0.06129527 0.8550394 0.5149278 -0.06140941 0.8550881 0.5148333 -0.01365977 0.9840931 0.1771281 -0.1481891 0.8879671 0.4353787 0 0 -1 -6.67684e-4 -0.9998486 0.01739156 -3.33524e-4 -0.9999624 0.008673965 -3.33801e-4 -0.9999624 0.008673965 -3.32738e-4 -0.9999625 0.00867033 -3.33315e-4 -0.9999625 0.00867033 -0.6215226 -0.3736603 -0.6885402 -0.8428176 -0.142495 -0.5189931 -0.8428034 -0.1425145 -0.5190107 -0.9535779 0.1074073 -0.2813413 -0.4541283 0.765307 -0.4561498 -0.2402464 0.9654675 -0.1007688 -0.04519003 0.8706097 -0.4898947 -0.02630871 0.9976954 -0.06254589 -0.1386555 0.9038571 0.4047435 0.02459168 0.8897238 0.4558365 -0.1971835 -0.8835629 -0.4247769 -0.0497272 -0.8029991 -0.5939021 -0.04973787 -0.802996 -0.5939055 -0.04961454 -0.802927 -0.5940091 -0.08212369 -0.5947524 -0.7997033 -0.012564 -0.3824166 -0.9239047 -0.2953854 -0.7015073 0.6485639 -0.08555912 -0.1640708 0.9827312 -0.08555871 -0.164058 0.9827333 0.06425541 0.1232791 0.9902896 -0.2178251 -0.6562476 -0.7224205 -0.11005 -0.5713965 -0.813262 -0.1100552 -0.5714001 -0.8132588 7.39094e-4 -0.4711394 -0.8820585 -0.01265019 -0.3822499 -0.9239724 0.002054512 0.2074987 -0.9782332 0.03971284 -0.1053631 -0.9936406 0.002110898 0.207669 -0.9781969 0.002135515 0.2076621 -0.9781984 0.127956 0.4350778 -0.8912546 0 -1 0 -0.009638249 -0.8950577 -0.4458463 0.1519091 -0.8219766 -0.5488882 0.1875383 -0.716139 -0.6722904 -0.1733745 0.571008 -0.8024283 -0.1498781 0.5952165 -0.7894643 -0.1496856 0.5953864 -0.7893727 -0.04020637 0.811329 -0.5832056 0.8488314 -0.05553615 0.5257385 0.7661338 -0.16893 0.6200821 0.7661135 -0.1689555 0.6201003 0.6614646 -0.2776587 0.6966853 0.1326263 -0.6276482 0.7671167 0.3418087 -0.6511051 0.6776645 0.341749 -0.6511055 0.6776941 0.5328095 -0.6406058 0.552936 -0.8990362 -0.2753459 0.3404681 -0.8477947 -0.2388852 0.4734745 -0.956944 -0.179449 0.2281584 -0.9733634 -0.05898255 0.2215511 -0.8478165 -0.2388632 0.4734464 -0.8962928 0.03640931 0.4419655 -0.9997924 0.001280486 0.02033466 -0.9999999 -3.71286e-5 -5.82509e-4 -1 -7.18103e-6 -1.21682e-4 -0.999772 -0.001341223 -0.02131438 -0.9997725 0.001340746 0.02129173 -0.9999999 3.51733e-5 5.63431e-4 -1 8.854e-6 1.33018e-4 -0.9997924 -0.001279592 -0.02033478 0.2015634 0.6296428 0.7502814 0.07787907 0.7339118 0.6747655 0.07791131 0.7338871 0.6747885 -0.04831677 0.8146798 0.5778949 -0.03120231 -0.02000105 -0.9993129 0.01123881 0.02063709 -0.999724 0.0374732 -0.008647441 -0.9992603 0.03749746 -0.008662045 -0.9992592 0.3274801 -0.1386675 0.9346274 0.4370962 -0.004243135 0.8994048 0.4370923 -0.004249811 0.8994067 0.5329828 0.1306326 0.8359813 -0.1067508 -0.3333987 0.9367229 0.0235641 -0.4678105 0.8835147 0.02360039 -0.4678518 0.8834918 0.1529648 -0.584728 0.7966776 -0.9048556 -0.04376912 0.4234628 -0.5213998 -0.03290247 0.852678 -0.7403485 0.02379614 0.671802 -0.5212396 -0.03285473 0.8527778 -0.5212476 -0.03283828 0.8527734 -0.2260275 0.1461989 0.9630875 0.6526331 -0.273114 0.7067382 0.7912569 -0.1235244 0.5988776 0.7912489 -0.1235338 0.5988861 0.8877682 0.03250032 0.459142 0.3287969 -0.2842358 0.9006124 0.5656763 0.01626241 0.824467 0.5656356 0.01620572 0.8244962 0.968068 0.1153199 0.222589 -0.256954 -0.1184665 -0.9591353 -0.528169 0.05605602 -0.8472871 -0.5281348 0.05604988 -0.8473087 -0.5282654 0.05613917 -0.8472214 -0.729622 0.006660461 -0.6838183 -0.8864717 0.07090723 -0.4573184 -0.005178928 -0.1629065 -0.9866279 -0.009233832 0.4320015 -0.9018256 0.05473089 0.046382 -0.9974234 0.01770204 0.2628207 -0.9646823 -0.009074389 0.4320958 -0.9017821 0.05251753 0.5935583 -0.8030757 0.03271234 -0.9994645 8.8713e-4 -0.006711661 -0.9998614 -0.01523715 -0.006362974 -0.9998652 -0.01514548 -0.04635471 -0.9984273 -0.03153097 -0.210659 -0.07956719 -0.9743161 -0.03773981 -0.0123167 -0.9992118 -0.02910518 -0.3223879 -0.9461601 -0.1335526 -0.3110113 -0.940976 -0.8921301 -0.1175612 0.4362146 -0.8588941 -0.03259128 0.5111153 -0.8588916 -0.03258872 0.5111195 -0.8137716 0.05273562 0.5787873 0 -0.8653601 -0.5011508 0 -0.86536 -0.5011509 -0.2982488 -0.2242341 -0.9277752 -0.4767215 -0.05874472 -0.8770893 -0.2410443 -0.02542221 -0.9701811 -0.6256496 0.1104066 -0.7722519 -0.05219846 0 0.9986368 0.07275044 -0.008296668 0.9973157 0.07260137 -0.008283674 0.9973267 0.1965302 -0.01642787 0.9803602 -0.2110918 0.9474968 -0.2401876 -0.4569005 0.504858 -0.7323662 -0.3674449 0.7298203 -0.5764951 -0.4448112 0.4506642 -0.7739799 -0.5052198 0.4317244 -0.7472396 -0.5176366 0.1217086 -0.8468999 -0.3064488 0.9409875 -0.1436375 -0.1476823 0.9218229 -0.3583751 -0.2109504 0.9475614 -0.240057 -0.2020968 0.8371042 -0.5083441 0 -1 -8.20525e-6 0 -1 4.20783e-6 -0.09505939 0.9941354 0.05156147 0.1223289 0.9923855 0.01438021 0.122327 0.9923855 0.01439547 0.1221911 0.9924026 0.01436704 0.1221897 0.9924026 0.01437938 -0.5629696 -0.4179201 -0.7130274 -0.2792834 -0.8473564 -0.4516502 -0.7835287 -0.5113618 -0.3529759 -0.8362071 -0.4463056 -0.3186991 -0.2792628 -0.8473909 -0.4515985 -0.687981 -0.7254289 0.0208643 -0.9997976 0.001486182 0.02006691 -0.9999493 7.42137e-4 0.01004523 -0.999948 7.51243e-4 0.01016789 -1 -3.71515e-6 0 0 1 -1.86973e-6 0 1 9.58185e-7 6.51622e-4 -0.9998559 -0.01696819 3.31039e-4 -0.9999628 -0.008620202 3.15961e-4 -0.9999661 -0.008227586 -0.8395579 0.5169217 0.1671363 -0.6566639 0.7541783 -0.002763748 -0.6566656 0.7541767 -0.00275731 -0.656545 0.7542814 -0.002865493 -0.4081305 0.907152 0.1024925 -0.1206253 0.9912388 0.05380684 -0.3158645 0.1430009 0.9379661 -0.5464379 -0.07818412 0.8338423 -0.54641 -0.07815223 0.8338636 -0.7151708 -0.2905718 0.6356877 -0.9716065 -0.1343664 -0.1947469 -0.9716024 -0.1344256 -0.1947265 -0.9900957 -0.009335458 -0.1400836 -0.9978633 -0.06165379 -0.02162998 -0.0189557 -0.9997901 -0.007778167 -3.42314e-4 -1 -1.40464e-4 -1.22584e-5 -1 -5.02999e-6 0.01811408 -0.9998083 0.007432878 -0.747558 -0.6299835 0.2104231 -0.8724575 -0.4871712 0.03850042 -0.8724457 -0.4871904 0.03852343 -0.9401332 -0.3125314 -0.1359181 -0.2767104 -0.2201586 -0.9353939 -0.4662351 -0.01683139 -0.8845009 -0.4662181 -0.01685428 -0.8845093 -0.6184358 0.1880726 -0.7629981 0.06486946 0.7140932 0.6970387 -0.008579671 0.7643411 0.6447552 -0.008570551 0.7643362 0.644761 -0.08163994 0.8064854 0.5855906 0.1122574 0.01843285 -0.9935082 0.07155376 2.96946e-4 -0.9974367 0.004522383 -0.01323091 -0.9999023 -0.01001465 -0.03576791 -0.99931 -0.1355745 -0.7272793 0.6728184 -0.04351568 -0.3913069 0.9192308 -0.04349994 -0.3913246 0.919224 -0.0951038 -0.3350204 0.9373989 -0.9960015 -0.08933782 -1.05247e-4 -0.971477 -0.09486114 -0.2173335 -0.9601507 -0.2592077 -0.1045091 -0.8770573 -0.2146201 -0.4297778 -0.9614661 -0.2481738 0.1182904 -0.9731314 -0.1824469 0.1404584 -0.9486973 -0.2883611 0.1296969 -0.9601079 -0.2593783 -0.1044791 -0.9434558 -0.3314586 0.005147457 -0.9078865 -0.4192129 0.001624286 -0.9000626 -0.4355221 -0.01442235 -0.8844527 -0.4588467 -0.08487182 -0.8147295 -0.5789537 0.0320692 -0.9714326 -0.09491175 -0.2175098 -0.8844245 -0.4588853 -0.08495742 -0.777438 -0.09439039 -0.6218366 -0.8255125 -0.1876181 -0.5322864 -0.7666342 -0.2250839 -0.6013396 -0.7773095 -0.09445768 -0.6219869 -0.6272075 -0.3695563 -0.6855939 -0.8254807 -0.1877422 -0.5322918 -0.5382322 -0.5340721 -0.6519764 -0.7263578 -0.5336912 -0.4331028 -0.5742322 -0.4604976 -0.6769043 -0.7773743 -0.09444266 -0.6219083 -0.7804775 -0.240388 -0.5771209 -0.9343557 -0.1505498 -0.3229769 0.008812248 0.9999291 0.008010864 0.008392512 0.9999648 -4.50421e-4 0.008531212 0.9999635 -4.23008e-4 0.007965922 0.9999275 -0.009037554 0.04029512 -0.9990659 0.01560848 0.01989519 -0.9997724 0.007706522 0.02008527 -0.999768 0.007779777 0 -0.8642044 0.5031411 0 -0.8642038 0.5031421 -0.8656552 -0.2520383 0.4325713 -0.7994627 -0.07753515 0.5956909 -0.7062492 -0.3570812 0.6113142 -0.7993798 -0.0773999 0.5958198 -0.7993761 -0.0774061 0.5958241 -0.1788213 0.01578742 0.9837549 0 0.8679952 -0.4965728 0.8727061 -0.2306644 -0.4303231 0.8221706 -0.01594382 -0.5690178 0.8311885 -0.2099302 -0.5148349 0.8764337 0.0124402 -0.481362 0.822104 -0.01579213 -0.5691183 0.7156361 0.1999271 -0.669249 0.001667022 -0.3869538 -0.9220976 -0.006183505 0.312344 -0.949949 0.04535514 -0.005891203 -0.9989537 0.006187915 0.1838407 -0.9829366 -0.006079137 0.3124687 -0.9499086 0.03953665 0.4722208 -0.8805932 4.30942e-4 -0.9999644 -0.008433699 4.32294e-4 -0.9999641 -0.008460164 8.56376e-4 -0.9998592 -0.01675963 0 0.8653751 0.5011248 0 0.8653756 0.5011239 0 -0.8659449 -0.5001394 0 -0.8659455 -0.5001385 5.08953e-4 0.9999663 0.008205056 5.02616e-4 0.999967 0.008102893 0.001029193 0.999861 0.01664191 0 1 -1.94472e-6 0 1 9.24597e-7 0 -0.8653415 0.5011828 0 -0.8653409 0.5011838 1 1.40331e-5 0 1 -3.2141e-6 0 1 -2.62031e-4 -2.52582e-5 0.9999508 0.009877204 0.001044154 0.999771 0.02129036 0.002176582 0.999949 0.0100556 0.001062333 1 0 0 1 -3.69836e-6 0 0.999949 0.01005536 0.001060724 1 1.959e-6 0 1 -1.20883e-6 0 0.9994049 -0.03432792 -0.003406345 1 -2.96927e-6 0 1 -4.48628e-7 0 1 7.26164e-6 0 1 -4.77445e-6 0 1 -2.12103e-6 0 1 4.09091e-6 0 1 1.71149e-5 0 1 2.38954e-5 0 1 -3.77727e-6 0 1 2.00571e-6 0 1 -2.45013e-6 0 1 -4.73027e-6 0 1 -1.09032e-6 0 1 -1.61221e-6 0 1 -1.97672e-6 0 1 1.20367e-5 0 1 -3.09902e-7 0 1 -9.84969e-6 0 1 -1.94711e-6 0 1 3.6087e-6 0 1 -4.90244e-6 0 1 4.93621e-6 0 -0.02416008 0.9996213 -0.01317262 0.04451495 0.9989854 -0.006837189 0.04451555 0.9989853 -0.006843984 0.04454493 0.9989842 -0.006827771 0.04454517 0.998984 -0.006830155 0.112912 0.9936049 -4.55374e-4 -0.8637765 0.5038651 -0.003207862 -0.8744673 0.3420825 -0.3439282 -0.9595354 0.2591657 -0.1101137 -0.9589478 0.1086866 -0.2619282 -0.8744753 0.3419573 -0.3440325 -0.8655948 -0.006837487 -0.5006985 -0.9592867 -0.1148293 -0.2580377 -0.8655831 -0.007006406 -0.5007164 -0.8732581 -0.3490021 -0.3400262 -0.8637806 0.5038591 -0.003016769 -0.9575579 0.2644117 0.1147578 -0.8732166 0.3424612 0.3467176 -0.8732262 0.3423336 0.3468198 -0.956444 0.1145086 0.2685195 -0.8593776 0.005349576 0.5113134 -0.9151425 0.2284425 -0.332157 -0.9697643 0.1652997 -0.1795365 -0.9620278 -0.01473456 -0.2725536 -0.9456465 0.01961594 -0.3246044 -0.9989287 -0.001642584 -0.04624849 -0.9999694 0.007817804 -5.30712e-4 -0.9998495 2.02973e-4 0.01735109 -0.9962096 1.25729e-6 -0.0869857 -0.9997639 0.004524946 -0.02125895 -0.9998494 2.01818e-4 0.01735162 -0.9991597 -0.03993034 0.009255588 -0.9999784 -0.006541728 6.86977e-4 -0.9999756 0.006646037 0.002184867 -0.9999101 -0.01230859 -0.005318045 -0.9994694 -0.03140687 -0.008633732 -1 -2.15444e-4 3.74106e-4 -0.9991355 -0.04132682 -0.004522204 -1 -4.72555e-7 0 -0.999952 0.008044064 -0.005604803 -0.9999822 0.005939543 6.80142e-4 -0.9998518 -1.66146e-4 -0.01722395 -0.998919 0.001689076 0.04645484 -0.9997757 0.003691673 0.02085691 -0.9962074 -1.36066e-6 0.0870108 -0.9997625 -0.004487097 0.02133148 -0.999852 -1.65745e-4 -0.01720821 -0.9989454 0.04506009 -0.008813142 -0.9999978 -0.001187086 -0.001726269 -0.9999474 0.009862244 0.002842843 -0.999953 0.009464919 0.002120256 -0.9997342 0.01998651 0.01149487 -0.9991111 0.04190409 0.004586458 -0.9999997 7.5115e-4 -3.54012e-4 -0.9999854 -0.005368173 -6.7714e-4 -0.9999052 0.0126425 0.005462646 -0.9994698 0.03139078 0.008648931 -0.9999319 0.01146024 0.002226412 -0.9997785 -0.003667771 -0.02072578 -1 -2.16641e-6 0 -0.9999543 -0.007749378 0.005613327 -0.9999604 -0.00865513 -0.002050817 -0.9999523 -0.009404718 -0.002679884 -0.9997519 -0.01921337 -0.01127362 -0.9999367 -0.01103389 -0.002199947 -0.9913933 0.04440575 -0.1231563 -0.9915784 0.04147672 -0.1226868 -0.9915784 0.04147672 -0.1226869 -0.9915802 0.0414499 -0.1226813 -0.9915803 0.04145002 -0.1226809 -0.9917781 0.03845292 -0.1220554 -0.8637744 0.5038688 -0.003199756 -0.8744995 0.3349968 -0.3507533 -0.9588423 0.2583602 -0.1177778 -0.9575372 0.1046571 -0.2686438 -0.8744894 0.3348956 -0.350875 -0.8592824 -0.01649779 -0.5112353 -0.9569959 -0.1190498 -0.2645489 -0.8592698 -0.01665163 -0.5112517 -0.8692462 -0.3506014 -0.3485538 -0.8637823 0.5038562 -0.003008544 -0.9594135 0.2609503 0.1069139 -0.8732483 0.349116 0.3399345 -0.8732585 0.3489804 0.3400476 -0.9579751 0.1142051 0.2631371 -0.8656021 0.004712104 0.5007104 -0.1917298 0.9814393 -0.004083454 -0.1646586 0.9840667 -0.06708526 -9.81176e-4 0.9993652 -0.03561478 -9.91987e-4 0.9993632 -0.03567028 -0.1826596 0.9615377 -0.2051363 0 0.9748085 -0.223044 0 1 -1.90023e-7 0 1 -1.83613e-7 0 1 2.54588e-7 0 1 1.79461e-7 -9.78194e-4 0.9993658 -0.03559702 0 1 0 -0.3003019 -0.3858159 0.872333 -0.3532445 -0.1178324 0.9280808 -0.4814399 0.1236888 0.8677077 -0.4813553 0.1238868 0.8677265 -0.3213714 0.2855453 0.9028757 -0.1762264 0.4951072 0.850772 -0.176032 0.4951623 0.8507804 0.07133597 0.4189167 0.9052183 0.3006617 0.3855705 0.8723177 0.3007816 0.385472 0.8723199 0.3548239 0.1220886 0.9269275 0.4833346 -0.1166704 0.8676266 -0.3532776 0.9189461 0.1753084 -0.4724406 0.8695353 0.1439039 -0.2822441 0.9567334 0.0707069 -0.424485 0.9053707 0.01079499 -0.6515957 0.7215508 0.2340674 -0.7758725 0.5763136 0.2566801 -0.4853966 -0.2102271 0.8486429 -0.7473558 -0.1136938 0.6546243 -0.3624213 -0.3555144 0.8615454 -0.5854991 -0.510977 0.6293594 -0.9619604 -0.02544337 0.2720016 -0.9660952 -0.03456366 -0.2558624 -0.9573021 0.2497103 0.1456627 -0.9676195 0.2324405 -0.09840703 -0.9052463 0.3848578 0.180038 0.02165007 0.9997234 -0.009187877 0.06696212 0.9977449 -0.004612505 0.06696224 0.9977449 -0.004613578 0.06697803 0.9977439 -0.004607081 0.06697827 0.9977439 -0.004609346 0.1122444 0.9936807 0 -0.8732653 -0.3489981 -0.3400119 -0.9592851 -0.1148301 -0.2580428 -0.8655924 -0.007021546 -0.5007 -0.9593147 0.1086236 -0.2606074 -0.8744581 0.3419787 -0.3440547 0.003671586 -0.9999489 0.009431898 0.001545131 -0.9999882 0.004606962 0.003401041 -0.9999229 0.01194036 -5.00202e-4 -0.9999994 -0.001010715 -3.76794e-4 -0.9995169 0.03108179 -1.41274e-4 -0.999931 0.01174926 -0.001169979 -0.9999718 0.007436692 -0.002719819 -0.9999837 -0.005033433 0.9862726 -0.1139266 -0.1195294 0.9223067 -0.1275476 -0.3648042 0.9306547 -0.1938819 -0.3103092 0.9306518 -0.1938095 -0.3103631 0.813466 -0.1619375 -0.5586138 0.6522078 -0.1953467 -0.7324376 0.9306288 -0.1939668 -0.3103337 0.6933344 -0.4583199 -0.5560849 0.7251428 -0.5080656 -0.4647982 0.3092301 -0.9002482 -0.30648 -0.03315067 -0.9854717 -0.1665731 -0.115403 -0.8684127 -0.4822256 -0.29155 -0.7873076 -0.5432728 -0.03323656 -0.9854817 -0.1664966 -0.5682082 -0.5882971 -0.575366 -0.3072381 -0.3807772 0.8721315 -0.3621206 -0.1156315 0.9249314 -0.4925935 0.1264052 0.8610305 -0.4925154 0.1266098 0.861045 -0.3297841 0.2874202 0.8992398 -0.1828417 0.4929248 0.8506433 0.4832945 -0.116867 0.8676224 0.3236487 -0.2808994 0.9035193 0.1798914 -0.4892981 0.8533619 0.1797297 -0.4893335 0.8533756 -0.07333433 -0.411907 0.9082702 -0.3070893 -0.3809058 0.8721278 0.04960799 -0.2460653 -0.967983 0.5996952 -0.07759511 -0.7964578 0.4196061 -0.1085268 -0.9011952 0.4196993 -0.1086686 -0.9011347 0.6520677 -0.1953683 -0.7325565 0.7067838 -0.1103519 -0.6987698 -0.2661519 -0.4447014 -0.8552215 -0.133796 -0.1369823 -0.981496 -0.3761929 -0.1891375 -0.9070314 -0.5224509 -0.08475893 -0.8484463 -0.3762642 -0.188985 -0.9070337 -0.4561155 0.08179712 -0.8861535 0.3007825 0.3854722 0.8723194 0.3548247 0.1220887 0.9269271 0.4833354 -0.11667 0.8676261 0.4832758 -0.1168462 0.8676357 0.3236541 -0.2809062 0.9035152 0.1798938 -0.4893075 0.853356 0.1797036 -0.4893646 0.8533633 -0.07006555 -0.4140672 0.9075458 -0.3019256 -0.3846504 0.8722873 -0.302072 -0.3845514 0.8722801 -0.3506868 -0.1150024 0.9294049 -0.4777672 0.1279732 0.8691154 -0.9796316 -0.07886981 0.1846662 -0.9665947 0.03131073 0.2543902 -0.9566239 -0.03880935 0.2887293 -0.8869752 -0.1006522 0.4507151 -0.8885089 0.01496213 0.4586153 -0.618094 -0.05873155 0.7839071 -0.002889513 0.6546473 -0.755929 -0.06747603 0.6304682 -0.7732768 -0.04069268 0.7005764 -0.7124162 -0.07291978 0.6195169 -0.7815892 -0.01345092 0.6335937 -0.773549 0.5891954 0.4147709 -0.6934076 0.5964469 0.4628261 -0.6557768 0.5964472 0.4628344 -0.6557706 0.6012522 0.509496 -0.6155564 -0.0136646 0.9998131 -0.01368093 -0.01334315 0.9998225 -0.01329952 0.9980229 0.06141686 0.01335388 0.9855515 0.02682328 -0.1672391 0.9981458 0.04090833 0.04507201 0.9705712 0.01029777 0.2405941 -0.09579163 0.9953258 -0.01227104 -0.09571301 0.9953335 -0.01226317 -0.1904886 0.9813861 -0.02440226 -0.2345592 -0.9703776 -0.0578736 -0.04589444 -0.9454421 -0.3225413 -0.0458936 -0.9454413 -0.322544 0.1474592 -0.8200734 -0.5529336 -0.01531499 -0.9993699 0.03202003 0.01483452 -0.9967633 -0.07901293 0.02862936 -0.9928622 -0.1157803 -0.001839101 -0.9983574 -0.05726426 0.1221449 -0.9924221 0.0133841 -0.02774149 -0.9992955 -0.02527743 -0.001827418 -0.998357 -0.05727088 -0.02775233 -0.9992954 -0.02527177 -0.01819407 -0.9987913 0.04566037 0.1797391 -0.4893521 0.853363 -0.07441353 -0.4111828 0.9085105 -0.3087897 -0.3796448 0.8720774 -0.3089327 -0.3795816 0.8720542 -0.3594446 -0.1127794 0.9263263 -0.4888107 0.1307265 0.8625397 0.7949669 0.01555901 0.6064532 0.9060838 6.52599e-4 0.4230979 0.9773905 0.01650422 0.2107976 0.9774282 0.01643425 0.2106279 0.9774281 0.016433 0.2106286 0.9995529 -0.02830797 0.00962764 0.3007998 0.3854793 0.8723103 0.3547904 0.1220749 0.9269421 0.4833333 -0.1166757 0.8676264 0.4832937 -0.116866 0.8676229 0.323648 -0.2808986 0.9035198 0.1798906 -0.4892975 0.8533624 -0.4887642 0.1308785 0.8625429 -0.3267413 0.2902335 0.8994469 -0.1770302 0.4948403 0.8507606 -0.1768622 0.4948725 0.8507768 0.0708301 0.4187682 0.9053267 0.3006753 0.3855946 0.8723023 -0.1660311 -0.9108581 0.3778509 0.01350116 -0.6175762 0.7863953 0.02002578 -0.8893474 0.4567934 0.006086885 -0.7415836 0.6708329 0.01347416 -0.6175515 0.7864151 -0.006467521 -0.7256805 0.6880015 0.2626892 -0.9628769 0.06214934 0.32507 -0.9345749 0.144567 0.2195773 -0.9706972 0.09763675 0.3838727 -0.8955128 0.2251636 0.9225329 -0.184022 -0.3392183 0.8211423 -0.04360222 -0.5690557 0.735356 -0.269267 -0.6218898 0.7457101 -0.142992 -0.6507455 0.5972279 -0.06224173 -0.799653 0.2030737 -0.1424156 -0.9687513 0.3034394 0.5841074 0.7528234 0.3226868 0.089989 0.9422183 0.0774666 0.3428906 0.9361758 0.07538729 0.1410338 0.9871304 0.515244 0.03337424 0.8563935 0.3266081 0.08428812 0.941394 -0.1309714 0.3615409 0.9231115 0.2160478 0.3270319 0.9199856 0.05247837 0.7501152 0.6592218 0.08605861 0.8778498 0.4711408 0.4391485 0.6529415 0.6171029 0.5988106 0.7859491 0.1539801 -0.1586734 -0.9862869 0.04539632 -0.008235335 -0.985355 -0.1703166 -0.008232831 -0.9853543 -0.170321 0.1426382 -0.9163166 -0.37419 -0.1468827 0.1086789 -0.9831655 -0.05029982 0.1853895 -0.981377 0.2223708 0.381653 -0.897158 -0.1900937 0.43281 -0.881215 -0.05036807 0.1854475 -0.9813625 -0.2090077 0.2820553 -0.936355 -0.1839051 0.004678785 -0.9829329 -0.1195561 -0.06957215 -0.9903869 -0.1065979 0.05884575 -0.9925594 0.06837016 -0.02742916 -0.9972829 -0.6788901 0.1440954 -0.7199617 -0.2091882 0.2820225 -0.9363246 -0.2517935 0.05947387 -0.9659519 -0.3834382 0.274374 -0.8818697 -0.3339119 0.1832479 -0.9246206 -0.1670277 0.9789528 0.1172747 -0.00432384 0.9191399 -0.3939075 0.008707761 0.9998031 0.0178371 -0.01105993 0.9682032 -0.2499208 -0.004380345 0.9191269 -0.3939372 -0.04172074 0.9516193 -0.304434 0.178855 0.2311908 -0.9563272 -0.004072606 -0.04544949 -0.9989584 -0.004066348 -0.04544132 -0.9989588 -0.1865851 -0.3172259 -0.9298138 0.9306876 -0.193848 -0.3102316 0.9362546 -0.03257948 0.3498087 0.958262 -0.09280544 0.2704092 0.9017751 -0.03313976 0.4309333 0.9362078 -0.03259944 0.3499317 0.7045404 -0.0346415 0.7088179 0.5799086 -0.0138579 0.8145637 0.03610187 -0.9993482 0 0.01795303 -0.9998365 0.002203881 0.01798242 -0.9998359 0.002199947 0 -0.9999903 0.004419863 0.9450261 0.02524566 0.3260189 0.9907012 0.1320791 0.03265511 0.9906955 0.1321181 0.03267014 0.984903 -0.1669958 -0.04559022 0.9964649 0.01230597 -0.0831049 0.9225564 -0.1840507 -0.3391389 0.05966246 0.5034976 0.8619343 -0.329397 0.7523986 0.5704332 0.02628147 0.9118589 0.4096618 0.04707831 0.9439817 0.3266226 -0.2796854 0.8496166 0.4471328 -0.05662715 0.9982363 0.01782613 8.7254e-4 -0.1003873 -0.9949482 0.2222746 -0.1277412 -0.9665797 0.2772286 -0.02512174 -0.9604756 0.4024761 -0.02430254 -0.9151079 0.2223082 -0.1276814 -0.9665798 0.4507674 -0.09400713 -0.8876776 0.4026516 -0.0242812 -0.9150313 0.6033456 -0.1818804 -0.7764622 0.8625767 -0.1000178 -0.4959415 -0.9995453 0.01456934 0.02639824 -0.9974356 0.001934289 -0.07154458 -0.9974371 0.00193727 -0.07152426 -0.9856124 -0.01072639 -0.1686807 0.2358027 -0.9292823 0.2843089 -0.7755439 -0.6243261 0.09353512 -0.4704262 -0.8606764 -0.1947702 -0.4702007 -0.8608416 -0.1945847 0.1885167 -0.9467314 0.2610771 -0.03833138 -0.9992642 0.001389443 -0.03829103 -0.9992656 0.001430392 -0.2600421 -0.930234 -0.2589265 0.9929513 0.01525622 0.1175368 0.9896438 0.01468968 0.1427913 0.9953877 0.009806394 0.09543114 0.9964247 0.007083356 0.08418911 0.9991604 -0.02313846 0.03381305 -0.5145261 -0.03962361 0.8565588 -0.4328647 -0.4883084 0.7577488 0.006303668 -0.2479749 -0.968746 0.1922451 -0.4891178 -0.8507677 0.1097952 -0.1740292 -0.9786005 0.1098833 -0.1740673 -0.9785838 0.1456562 -0.6156337 -0.7744543 0.1642987 -0.1335725 -0.9773251 -0.07481598 0.9971337 0.0112707 -0.1931349 0.9702391 0.1460658 -0.1931224 0.9702444 0.1460469 -0.2597498 0.9334424 0.2474174 0.09107154 -0.1331555 0.9869021 0.1518351 -0.1203496 0.9810516 -0.004409432 -0.2070386 0.9783229 0.0760622 -0.5876541 0.8055293 -0.0211299 0.4835083 0.8750848 -0.05206418 0.8975284 0.4378723 -0.1727476 0.8164026 0.5510401 -0.1742984 0.9059115 0.3859332 -0.05217665 0.8975867 0.4377397 -0.07574456 0.9546652 0.287884 -0.2314417 0.8726377 0.4300445 -0.02772539 0.7795585 0.6257154 -0.2303997 0.4250344 0.8753638 -0.02375644 0.7001596 0.7135911 -0.0792303 0.4302173 0.8992417 -0.02161449 0.1824152 0.9829841 -0.03179872 0.631928 0.7743746 -0.005404114 0.3083015 0.9512735 0.238528 -0.8184834 0.5226752 0.1541891 -0.7818379 0.6041153 0.1980834 -0.7969493 0.5706443 -0.5611724 -0.4920482 0.665563 -0.863152 0.3623961 -0.3516215 -0.9001283 0.3533956 -0.2547172 -0.8215923 0.4411183 -0.3611105 -0.7039623 0.5563945 -0.4414322 -0.8741015 0.4702101 -0.1218575 -0.5810208 0.7741097 -0.2513346 0.2305903 -0.9329749 0.27638 -0.2672906 -0.9088037 -0.3203618 0.3058886 -0.3374505 0.8902581 0.6234129 -0.1325036 0.7705838 0.7180511 -0.2842589 0.6352949 0.7181584 -0.2841344 0.6352292 0.8663435 -0.07867211 0.4932138 0.9287138 -0.1026124 0.3563166 0.9090556 -0.3687421 0.194029 -0.1632107 -0.4776749 0.8632434 -0.0736618 -0.360735 0.9297549 0.06693464 -0.2856961 0.95598 0.3057046 -0.3374096 0.8903368 0.06703031 -0.2856833 0.955977 0.305724 -0.3373739 0.8903437 0.5272052 -0.3452529 0.7764375 0.6221997 -0.4936134 0.6076292 0.9051075 -0.3002277 0.301071 -0.01793879 0.9994544 -0.0277329 -0.2802717 0.949863 0.1385936 -0.2802902 0.9498609 0.1385709 -0.2804486 0.9497957 0.1386965 -0.2804392 0.9497973 0.1387054 -0.4179645 0.8743625 0.2465689 -0.9556472 -0.04062777 -0.2916982 -0.9997915 0.01775211 0.01009851 -0.1519747 0.1345772 -0.9791796 -0.00630474 -0.38467 -0.9230327 0.01587814 0.03641051 -0.9992108 0.003564357 -0.2240175 -0.9745787 -0.006331443 -0.3846752 -0.9230303 -0.01907306 -0.2664052 -0.9636724 0.1424131 -0.9861391 -0.08513605 0.01395094 -0.9998994 0.002576172 -0.1139152 -0.9914611 0.06346845 -0.2090381 -0.9776121 0.02403479 -0.3465378 -0.9230726 -0.1668786 -0.2091091 -0.9775986 0.02396851 -0.4207908 -0.8669786 -0.2669893 -0.2065716 -0.9720229 -0.1118028 -0.05123585 -0.9852403 -0.1633291 0.2062282 -0.9041359 -0.3741768 -0.02313363 -0.9116181 -0.4103867 -0.05136322 -0.9852249 -0.1633824 -0.2713937 -0.9369416 -0.2201954 -0.2296254 -0.972194 -0.04594618 -0.9993367 0.03226268 -0.01689553 -0.9999164 -0.004673063 -0.01206624 -0.9998899 -0.002464056 -0.0146408 -0.999997 0.002386868 -6.48661e-4 -0.9999748 -0.006213963 -0.003439843 -0.9998153 -0.0190522 -0.0025357 -0.9999747 -0.00623095 -0.003429293 -0.9998156 -0.01904153 -0.002504706 -0.9998283 -0.01382523 0.01234 -0.9977684 0.06454515 -0.01709616 -0.9991061 0.0405628 -0.01190459 -0.9999639 0.00849694 -4.3513e-4 -0.9999768 0.005348324 0.004237532 -0.9999401 0.008104503 0.007359921 -0.9996349 -0.02675974 0.00377196 -0.9998279 -0.01379191 0.01241582 -0.9999929 -0.003494024 0.001474499 -0.9999814 0.003424108 -0.00506854 -0.6007394 -0.2705788 0.7522629 -0.690704 -0.3325205 0.6421512 -0.8039996 -0.1755603 0.5681226 -0.8040275 -0.1755599 0.5680834 -0.7465167 -0.3627551 0.5577827 -0.7591661 -0.2887122 0.583363 -0.9745672 -0.04087096 0.2203369 -0.9614472 -0.2481921 0.1184064 -0.9487056 -0.2882793 0.1298178 -0.8041136 -0.1756001 0.5679489 -0.8319954 -0.4241922 0.3575538 -0.5856962 -0.4456037 0.6770505 0.502649 -0.862572 -0.05756306 0.3210806 -0.9405837 -0.1104975 0.4729993 -0.8763554 -0.09095585 0.4729729 -0.8763659 -0.09099352 0.3211011 -0.9405715 -0.1105415 0.4423962 -0.8881325 -0.1245244 -0.9999565 0.004300713 0.008289098 -0.9783654 0.1974995 -0.06160444 -0.9673295 0.2077271 -0.1453376 -0.9783212 0.1977151 -0.06161612 -0.9272398 0.3205394 -0.1936002 -0.8294907 0.5152738 -0.2154955 -0.9910839 0.1329032 0.009454011 -0.0353955 0.2832813 -0.9583835 -0.1652525 0.475589 -0.8640062 -0.2256283 0.3588078 -0.9057312 -0.3191939 0.1427 -0.9368842 -0.16537 0.4754841 -0.8640415 -0.486275 0.1002054 -0.8680412 0.0372501 0.477549 -0.8778151 -0.1652579 0.475646 -0.8639739 0.03725725 0.6525612 -0.7568196 -0.1561508 0.4776788 -0.8645462 -0.1559714 0.2373536 -0.9588202 -0.3660098 0.8563689 -0.3642376 -0.1760505 0.8701851 -0.4602001 -0.2665846 0.8866983 -0.3777551 -0.2968353 0.8149165 -0.497795 0.9760349 0.158824 -0.1487646 0.9737455 0.2179474 -0.06571787 0.9737462 0.2179444 -0.06571543 0.973738 0.2180117 -0.06561565 0.9737383 0.2180106 -0.06561368 0.9613701 0.274648 0.01832991 0.8709086 -0.2948914 -0.3931379 0.7607112 -0.08805298 -0.6430904 0.8631533 -0.04484301 -0.5029468 0.7002602 -0.0655961 -0.7108676 0.760643 -0.08793157 -0.6431877 0.2949455 0.01774138 -0.9553495 0.338106 -0.02333432 -0.9408188 0.358557 -0.3066697 0.8816975 0.1173462 -0.008683145 0.9930532 0.2411344 -0.2061884 0.9483357 0.1171923 -0.008666992 0.9930715 0.1171926 -0.008663475 0.9930715 -0.9995753 -0.001187145 -0.02911818 -1 -1.18065e-6 0 -1 -3.27368e-7 0 -0.9747786 0.1376309 0.1756833 0.1471167 -0.4394938 -0.8861162 0.2073085 -0.3008912 -0.9308532 0.4947852 -0.3003697 -0.8154543 0.9428989 -1.68383e-6 -0.3330794 0.9997968 0 0.02016055 0.9428988 -5.56585e-6 -0.3330793 -0.2076508 0.9711886 -0.1169366 -0.1154109 0.7265514 -0.6773504 -0.2019011 0.8371469 -0.5083515 -0.2434972 0.744001 -0.6222313 -0.4475712 0.459856 -0.7669501 -0.5050838 0.4317644 -0.7473084 -0.8610221 0.3264974 -0.3899237 -0.8763649 0.08308064 -0.4744282 -0.6780555 0.5586003 -0.4777097 -0.7568987 0.46121 -0.4630225 -0.8763441 0.08309674 -0.4744639 -0.5609631 0.1018469 -0.821552 -0.1415017 -0.05837118 -0.9882157 -0.2096164 0.1318538 -0.9688528 -0.4019097 0.09443563 -0.9107967 -0.4019259 0.0945608 -0.9107765 -0.2268328 0.241167 -0.9436023 -0.440761 0.3945083 -0.8062835 -0.9975367 0.001050472 -0.07013911 -0.9448465 -0.1475967 -0.2923704 -0.8662965 -0.002170622 -0.4995257 -0.8661909 -0.002194702 -0.4997085 -0.821747 -0.004423081 -0.5698354 -0.3167646 -0.008991479 -0.9484617 0.06608295 0.01767665 0.9976575 -0.5761836 0.01817119 0.8171183 -0.2621437 -5.17453e-5 0.965029 -0.4594215 -5.21988e-5 0.8882184 -0.8964055 0.009842753 0.4431257 -0.9506362 -0.02166026 0.3095508 0 0.9999881 -0.004890441 0.01648867 0.9998612 -0.002432942 0.01648586 0.9998611 -0.002434492 0.03276079 0.9994633 0 0.07079571 -0.8296646 -0.5537552 -0.005630493 -0.9375527 -0.3477979 -0.008172094 -0.8623881 -0.5061818 -0.08714896 -0.8868394 -0.4537853 0 -1 -5.84549e-6 -0.2453454 -0.8948652 -0.3728565 -0.2452505 -0.894876 -0.3728929 -0.4638677 -0.6639477 -0.5865154 -0.3473825 -0.8964328 -0.2751976 -0.4729918 -0.8771103 0.08340376 -0.6624873 -0.7482656 0.03477346 -0.7045453 -0.6561569 -0.2703222 -0.7538166 -0.4906274 -0.4370875 -0.7719677 -0.6322656 -0.06562089 -0.8048992 -0.5771855 -0.1378206 0.4953085 0.05417907 0.867026 0.6064869 -0.03837084 0.7941672 0.4240622 0.009198963 0.9055864 0.813171 -0.0282768 0.5813376 0.7064281 -0.09914004 0.7008072 0.8765062 0.01243191 -0.48123 0.9882599 0.03353863 -0.149056 0.9947316 0.02567094 -0.09924834 0.9938826 -0.006277561 0.110264 0.9882866 0.03348445 -0.1488906 0.9940039 0.004595518 -0.1092485 0.9947471 0.02562916 -0.09910368 0.9940043 0.004602193 -0.1092441 0.9247204 4.88428e-4 -0.3806468 -0.1784523 0.05683857 -0.9823055 0.005745887 -0.03394705 -0.9994071 -0.1200664 0.04915231 -0.9915484 -0.005691468 0.03369861 -0.9994159 -0.9976813 0.06395012 -0.0232945 -0.9858582 0.1621572 -0.04229289 -0.9860763 0.1543002 0.06200844 -0.98607 0.1542921 0.06212788 -0.99231 0.1165552 0.04166215 -0.9671379 0.2423794 0.07678925 0.002671957 0.9885187 -0.1510755 -0.002097129 0.8839934 -0.4674948 -0.001463413 0.9473981 -0.3200546 -0.04067814 0.700672 -0.7123231 0.01890367 -0.9989832 0.04093164 -0.123016 -0.9720929 0.1997563 -0.1230253 -0.9720934 0.1997485 -0.08655279 -0.8735433 0.4789894 -0.1231419 -0.9720468 0.1999033 -0.2593612 -0.9003793 0.3493551 -0.5123596 -0.8587616 -0.00401324 -0.4065327 -0.8958197 0.1795505 -0.8146063 -0.5791251 0.03210633 -0.3844937 -0.9119993 0.1429054 0.9450079 0.07696819 0.3178615 0.9925841 -0.1054835 0.06041508 0.9925842 -0.1054806 0.06041985 0.9390586 -0.2771444 -0.2033715 0.4200425 0.8793962 0.2241131 -0.1176511 0.9355485 -0.3330276 -0.4762737 0.7185189 -0.5068472 -0.4299755 0.7936114 -0.4304673 -0.3898421 0.8428981 -0.3708719 -0.3718852 0.7872448 -0.4918811 -0.3899195 0.8428065 -0.3709988 -0.4583853 0.5675133 -0.6839675 -0.3914499 0.2470674 -0.8864111 -0.5415083 0.636808 -0.5488572 -0.7166873 0.35992 -0.5973416 -0.3839294 0.7384962 -0.5542758 -0.2858472 0.7394548 -0.6095064 -0.4241768 0.7524547 -0.5038711 -0.3346959 0.6656412 -0.6670087 0.7867576 -0.08111625 0.611909 0.8811308 -0.05708163 0.4694147 0.889621 -0.1689649 0.4242941 0.9618027 -0.01367759 0.2734018 0.9477216 -0.3175258 0.03164446 -0.270466 0.5659222 0.7788327 -0.1276179 0.914879 0.3830279 0.04706919 0.737272 0.6739544 0.01974505 0.6463381 0.7627957 -0.1441597 0.8894943 0.4336104 0.04768192 0.8672168 0.4956425 0.04825687 0.8201133 0.5701627 0.02979212 0.9518244 0.3051931 0.1485662 0.8912666 0.428453 -0.4519847 -0.2480738 -0.8568369 -0.3737257 -0.2264233 -0.8994786 -0.3540207 -0.01546126 -0.9351099 -0.6145857 -0.01100689 -0.7887732 -0.3738645 -0.2263728 -0.8994336 -0.3914771 0.2469903 -0.8864206 -0.3540252 -0.01541316 -0.9351089 -0.3913617 0.2470254 -0.8864619 -0.3211962 0.3731652 -0.8703912 0.05051279 0.7852082 0.6171682 0.008130729 0.3182461 0.9479733 0.08624279 0.2385684 0.9672886 0.08623045 0.23843 0.9673238 0.05189234 0.1299269 0.9901648 0.002801537 -0.2976147 0.954682 -0.1585054 0.60341 -0.7815194 0.02606105 0.1197516 -0.9924619 0.01951676 0.5122911 -0.8585901 0.01651561 0.2642438 -0.9643146 0.02604258 0.1196974 -0.9924688 -0.02072793 0.1871904 -0.982105 -0.3210204 -0.08837801 -0.9429397 -0.1172565 0.08520919 -0.9894394 -0.1172462 0.08519047 -0.9894423 -0.0125336 0.3827366 -0.9237725 -0.1170952 0.08532381 -0.9894486 0.09550404 0.2525219 -0.9628664 -0.1347495 0.9908612 -0.006060898 -0.06746357 0.9977165 0.003235399 -0.06749683 0.9977143 0.003225147 0 0.9999222 0.0124728 -0.2524565 0.4988974 0.8290762 -0.429203 0.284369 0.8572743 -0.318205 0.6231191 0.7144706 -0.4494497 0.6191304 0.6439508 -0.01326096 0.9998703 0.009149491 -0.01712787 0.9998069 0.009636878 -0.006743431 0.9999665 0.004648625 -0.007430195 0.9999662 0.003541946 0.002839803 0.999996 -3.60924e-6 0.004450738 0.9999871 -0.002482891 0.002224683 0.9999975 2.75869e-4 0.002883493 0.9999959 -9.52836e-6 0.002240598 0.9999975 2.79512e-4 0.008320689 0.999963 0.002203047 0.01488417 0.2055253 -0.9785387 -0.0268585 0.190618 -0.9812968 -0.206505 0.4058188 -0.8903185 -0.2679437 0.6509442 -0.710266 -0.02692711 0.1906222 -0.9812941 -0.0355066 0.8134707 -0.5805213 0.001999557 -0.4632586 0.886221 -0.00112152 -0.6600632 0.7512094 0.004989445 -0.8899986 0.4559361 0.004993379 -0.8900517 0.4558324 0.003479599 -0.8030475 0.5959048 -0.00277853 -0.9979729 0.06357949 -4.42318e-4 -0.9959934 -0.08942627 0.003436744 0.4819998 -0.8761646 4.37888e-4 0.6759939 -0.7369072 0.005906879 0.8957586 -0.4445017 0.005875408 0.8957997 -0.4444192 0.004797577 0.8141528 -0.5806311 -0.002229988 0.9984248 -0.05606251 -3.19746e-4 0.9959837 0.08953452 -0.868614 -0.007013916 -0.4954398 -0.6482922 0.2567414 -0.7167993 -0.9697415 0.133022 -0.2047106 -0.7790093 0.3159143 -0.5416112 -0.5960465 0.3527846 -0.7212986 -0.4906928 0.373288 -0.7873224 -0.565232 0.0982576 -0.8190594 0.003192126 -0.4789053 0.8778609 -2.65151e-4 -0.6687283 0.7435069 0.004981875 -0.8900406 0.4558541 0.005015015 -0.8900974 0.4557429 0.003482699 -0.8030474 0.5959051 -0.002930521 -0.9982175 0.05961054 -4.91563e-4 -0.9954168 -0.095631 0.002137601 0.8739069 0.4860886 0.004257738 0.9579236 0.2869917 -0.002533197 0.9985353 -0.05404597 -0.002511382 0.9985247 -0.05424267 3.79101e-4 0.9957363 0.09224539 0.006038069 0.8966091 -0.4427818 0.004808604 0.8141527 -0.580631 -0.4255754 0.5649807 -0.7068821 -0.4653025 0.4776926 -0.7451869 -0.3301702 0.6700646 -0.6648317 -0.3300942 0.6701111 -0.6648225 -0.4025332 0.6031871 -0.6885727 -0.3437713 0.668336 -0.6596577 -0.3300389 0.6700146 -0.6649472 -0.4074167 0.1759585 -0.8961307 -0.1916433 0.530487 -0.8257461 -0.9433907 -0.311069 -0.1151086 -0.6706175 -0.731557 -0.1228675 -0.8147722 -0.5703137 -0.104349 -0.4883098 -0.8337929 -0.2575716 -0.3383204 -0.9302765 -0.1418629 0.002143621 0.8738126 0.4862583 -5.34399e-4 0.7378439 0.6749712 0.005803763 0.4452452 0.8953899 0.005798697 0.4451095 0.8954575 0.004140794 0.5823764 0.8129088 -0.00167334 0.05698049 0.998374 4.68364e-4 -0.09599041 0.9953822 -0.8732554 -0.3491371 -0.3398949 -0.8637453 -0.5038442 0.009222507 -0.9592274 -0.2626639 -0.1043576 -0.9573111 -0.2626797 0.1206438 -0.8718527 -0.3360254 0.3563141 -0.9566842 -0.109156 0.2698896 -0.8718523 -0.3358866 0.3564459 -0.8593787 0.005172848 0.5113137 -0.2908148 0.7104413 -0.6408588 -0.208101 0.8180847 -0.5361263 -0.2303645 0.664448 -0.7109439 -0.1627475 0.6291686 -0.7600396 -0.2904174 0.912074 -0.2894457 -0.984627 -0.09207463 0.148432 -0.9925535 -0.09280169 0.07890242 -0.9633091 -0.1843812 0.1950362 -0.9723621 0.007908403 0.2333446 -0.9927757 0.03709644 -0.1141067 -0.9972582 0.04655396 0.05752426 -0.9596891 0.138955 0.2443121 -0.8692518 -0.3507161 -0.3484245 -0.8637726 -0.5038477 0.005870163 -0.9561648 -0.2700344 -0.1132704 -0.9580547 -0.2639289 0.1116815 -0.8637733 -0.5038447 0.006025075 -0.8718008 -0.3433075 0.349433 -0.9585235 -0.1093469 0.2632037 -0.8717994 -0.3431677 0.3495736 -0.8656016 0.004555225 0.5007126 0.02844595 0.124094 -0.9918627 0.0780937 -0.08103203 -0.9936475 0.02687758 -0.03478878 -0.9990333 0.1552225 -0.1610457 -0.9746642 -0.02124923 -0.01212531 -0.9997007 -0.01068502 -0.006105184 -0.9999243 0.02844494 0.1240895 -0.9918633 0.08396434 0.3662698 -0.9267127 0.002524077 0.8709073 0.491441 0.004411876 0.9571654 0.2895083 -0.002378582 0.998646 -0.05196583 -0.002390146 0.9986359 -0.05216062 -5.19933e-4 0.9954158 0.09564107 0.00587511 0.8957998 -0.4444192 0.004796028 0.8141527 -0.580631 0.00254476 0.8708181 0.4915987 -2.62034e-4 0.7351286 0.6779277 0.004938483 0.4560929 0.8899185 0.00492227 0.4559357 0.8899992 0.004147112 0.5823768 0.8129085 -0.003338456 0.08088761 0.9967176 -0.001868069 -0.06021481 0.9981837 -0.3517398 0.9068696 -0.232092 -0.1918942 0.9814071 -0.004122972 -0.3215235 0.9411087 -0.1045806 -0.2142227 0.9752739 0.05431121 -0.1912441 0.9446891 0.266436 -0.1899548 0.9167519 0.3514017 -0.2141032 0.9752934 0.05443072 -0.09054583 0.9631289 0.253346 -0.3480475 0.925377 -0.1501349 -0.2988246 0.9389531 -0.1705023 -0.3517569 0.906867 -0.2320766 -0.2904638 0.912104 -0.2893048 -0.1827849 0.9615289 -0.2050656 0.003180205 -0.4787271 0.8779581 0.005216002 -0.2812831 0.9596107 -0.006894767 0.05683672 0.9983597 -0.001666009 0.05696219 0.9983751 5.02947e-4 -0.09602016 0.9953793 0.00607562 0.4513964 0.8923029 0.004561781 0.591374 0.8063845 -0.3881151 -0.9216047 -0.003407359 -0.5982962 -0.7988931 0.06173729 -0.7578508 -0.6523286 0.01139575 -0.8920716 -0.4505318 -0.03506171 -0.757934 -0.6522304 0.01147139 -0.9777039 -0.2077112 0.03084015 0.4765594 0.3008655 -0.8260576 0.6454526 0.3093761 -0.6983391 0.1945704 0.4845268 -0.8528634 0.120182 -0.01303952 -0.9926663 0.003195583 -0.4788673 0.8778815 -2.66237e-4 -0.668733 0.7435026 0.003497242 -0.8029277 0.5960661 0.005605578 -0.8938356 0.4483599 -0.001337707 -0.9984925 0.05487418 0.001079022 -0.9700873 0.2427542 -0.4191489 0.4422712 0.7929126 -0.4454748 0.7764114 0.4458 -0.1769382 0.5094116 0.8421358 -0.002280771 0.8838557 0.4677543 0.1391533 0.1300324 -0.9816966 -0.03791713 0.3536213 -0.9346199 -0.03792321 0.3536289 -0.9346168 -0.2118162 0.5474617 -0.8095799 0.003127396 0.8792462 0.4763574 0.004818201 0.9604804 0.2783063 -0.002237975 0.9984288 -0.05599123 -0.00223416 0.9984182 -0.05618 -4.40201e-4 0.9959923 0.08943825 0.005894541 0.8957631 -0.4444928 -3.85649e-4 0.6676156 -0.744506 0.005850911 0.895721 -0.4445782 0.002279162 0.4667705 -0.8843756 0.1414636 0.9891052 -0.04073089 -0.05626219 0.9817955 0.1814175 0.01874136 0.9174351 0.397444 -0.2491015 0.8875331 0.3875997 0.005385696 -0.8060504 -0.5918225 -0.08984494 -0.7337418 -0.6734619 -0.08985155 -0.7337363 -0.673467 -0.1832986 -0.6458858 -0.7411026 -0.9722274 0.05754876 0.2268527 -0.884613 0.08072912 0.459285 -0.8835861 0.1421402 0.4461746 -0.8835271 0.1422312 0.4462626 -0.6240512 0.1044579 0.7743698 -0.7535679 0.326051 0.5708119 -0.9605996 0.1122426 0.2542637 -0.8815112 0.3220396 0.3452951 -0.937866 0.3404057 0.06731462 -0.9254097 0.3785366 0.01808351 -0.9922687 0.1087468 -0.05980783 0.00644648 -0.9600319 -0.2798165 8.43993e-4 -0.7410191 -0.6714835 0.004742741 -0.4457888 -0.8951257 0.004722237 -0.4456877 -0.895176 0.004341185 -0.5861068 -0.8102223 -0.004246294 -0.05853825 -0.9982761 -0.001877188 0.07638472 -0.9970767 -0.8592997 0.01460057 0.511264 -0.8692517 0.3505867 0.3485547 -0.9556425 0.1184915 0.2696429 -0.9563587 0.2682656 0.1158086 -0.8692464 0.3507162 0.3484377 -0.8637825 0.5038648 3.51474e-4 -0.9585773 0.2631486 -0.109007 -0.8637825 0.5038649 1.47756e-4 0.9917522 0.1266816 0.01947969 0.9886136 0.1329177 0.07054233 0.9878998 0.1341637 0.07780891 0.9826505 0.1552786 0.1014237 0.9907928 0.1027732 0.08813393 0.1303452 0.112416 0.9850751 -0.08299273 -0.2089378 0.974401 -0.08299642 -0.2089288 0.9744026 3.96036e-4 -0.5027896 0.8644089 -0.08307898 -0.2091013 0.9743585 -0.06918895 -0.7500151 0.6577919 -0.3452372 0.9381436 0.02642065 0.09088104 0.993525 0.06818354 0.3672492 0.9279133 0.0640698 0.3673605 0.9278709 0.06404715 0.2602133 0.9648756 0.03611195 0.7107597 0.7032294 0.01700216 0.7591184 0.6508719 0.01025402 -0.7863479 0.6165771 0.03859663 -0.628982 0.774222 0.0704419 -0.3453649 0.9380968 0.02641087 -0.3452255 0.9381462 0.02648115 -0.4512767 0.8921499 0.02044034 -0.1785226 0.9806991 0.07974481 0.002001166 -0.4633009 0.8861988 -0.001111268 -0.6600652 0.7512075 0.005133867 -0.8908506 0.4542676 0.005156695 -0.8909047 0.4541609 -0.003079175 -0.9980931 0.06164985 4.09712e-4 -0.9957377 -0.09222936 -0.9141845 -0.3445867 0.2133706 -0.7630763 -0.5356593 0.3616405 -0.573655 -0.7629373 0.2980718 -0.4364371 -0.8743397 0.2122567 -0.2728804 -0.952863 0.1326216 -0.1834288 -0.952539 0.2429475 -0.5157673 -0.8207044 0.2458222 -0.3514496 -0.8108183 0.4680351 -0.3235448 -0.7453886 0.5828505 -0.1452469 -0.9522614 0.2685177 -0.1834079 -0.9525404 0.2429577 -0.08209782 -0.9318126 0.3535328 -0.2553969 -0.8482848 0.4638809 -0.1382529 -0.7981474 0.5863847 -0.11449 -0.87277 0.4745154 -0.5753594 0.8178988 -0.001779615 -0.7617943 0.6477547 -0.009139835 -0.8721151 0.4892406 -0.007683098 -0.9738034 0.2273909 6.43546e-4 -0.8722003 0.4890889 -0.007671713 -0.9975065 -0.07051378 -0.002943038 -0.8732481 -0.3491492 -0.3399013 -0.9592179 -0.2626962 -0.1043642 -0.9583276 -0.2590306 0.1204634 -0.9567265 -0.105294 0.2712706 -0.8718637 -0.3358812 0.3564233 -0.8593062 0.01443237 0.511258 0.08686715 0.8589308 0.50467 -0.07190698 0.3576248 0.9310929 -0.02109354 0.6377897 0.7699217 -0.03257542 0.2850809 0.9579498 -0.1642873 0.6502896 0.7417096 -0.2076078 0.3677842 0.9064403 0.594453 -0.8041304 3.21651e-5 0.3981288 -0.9173134 0.00544852 0.2297147 -0.9732525 0.003260791 -0.06233912 -0.9980077 -0.009732604 0.2295343 -0.9732952 0.003251194 -0.3459675 -0.9382053 -0.008796393 -0.9855313 0.1522502 0.0744853 -0.9751644 -0.07489514 0.2084348 -0.9301531 -0.1286314 -0.3439028 -0.8971261 -0.1265953 -0.4232476 -0.9641833 -0.1504949 -0.2184076 -0.8520306 -0.3091125 -0.422485 -0.5957261 -0.2636529 -0.7586816 -0.9414421 0.2347214 0.2420591 -0.7861735 0.5250126 0.3260262 -0.745405 0.2630662 0.6125094 -0.6907903 0.2193813 0.6889708 -0.7972639 0.4473309 0.4052966 -0.4886761 0.5522003 0.6754781 -0.6178753 0.3098121 0.7226663 -0.4885969 0.5521638 0.6755651 -0.1554014 0.668196 0.7275744 -0.9594852 -0.02355855 0.2807726 -0.756195 -0.05685931 0.6518714 -0.5263609 -0.0290879 0.8497636 -0.5262253 -0.02918905 0.8498441 -0.6057346 -0.01562029 0.7955135 -0.1716452 -0.04256832 0.9842388 -0.5262072 -0.02916312 0.8498562 -0.06318765 -0.03901153 0.9972389 -0.2149924 -0.0202037 0.9764068 -0.185568 -0.02902567 0.9822027 0.1872786 -0.2138864 0.9587384 0.4800284 -0.2304997 0.8464294 0.4830923 -0.4476943 0.752457 0.1873638 -0.2140532 0.9586846 0.7332728 -0.3907057 0.5564712 0.4801782 -0.2304472 0.8463587 0.7333667 -0.3905782 0.556437 0.8577737 -0.4280463 0.2846064 0.7271267 -0.6427988 0.2410323 0.7333558 -0.3906992 0.5563663 0.9132978 -0.387375 -0.1258087 0.857804 -0.4280242 0.2845482 0.913317 -0.3872917 -0.1259253 0.8353918 -0.3610426 -0.41445 0.6404978 -0.4850733 -0.595371 0.7380329 -0.4117042 -0.5346094 -0.8732528 0.3491109 0.3399281 -0.8637875 0.5038473 -0.003017544 -0.9594161 0.2609431 0.1069091 -0.957818 0.2620443 -0.1179724 -0.8744893 0.3350175 -0.3507591 -0.5493154 -0.3077927 0.7768631 -0.8084621 -0.3881414 0.44242 -0.9217841 -0.3395609 0.187117 -0.9218226 -0.3394769 0.1870791 -0.8280431 -0.4720406 0.3025268 -0.9576138 -0.2858406 -0.03565073 -0.9218022 -0.3395467 0.1870528 -0.8645919 -0.4869557 -0.123916 -0.9026358 -0.4198552 -0.0947113 -0.5948601 0.2800364 0.7534728 -0.7578916 0.2848296 0.5869179 -0.6608687 0.4321341 0.6136064 -0.83702 0.3783941 0.3952413 0.3469081 0.9378696 -0.007460117 0.06308442 0.9979699 -0.008751273 -0.2285615 0.9735239 0.003288984 -0.3975871 0.9175481 0.005485355 -0.2287643 0.9734764 0.003279209 -0.5944761 0.8041133 3.52273e-5 0.9975104 0.07050985 0.001187682 0.9753862 -0.2204621 0.004301667 0.8778294 -0.4789521 -0.004549205 0.7722759 -0.6352559 -0.006335616 0.8777453 -0.479106 -0.004560351 0.5945976 -0.8040235 5.14956e-5 -0.0738185 -0.995909 0.05211669 0.04831486 -0.9986998 -0.01626527 0.2014663 -0.963695 -0.1752238 0.2016306 -0.9636552 -0.1752536 0.07651096 -0.9939462 0.078848 0.2694911 -0.9601938 0.073502 0.2451927 -0.9691196 -0.02622479 0.1279553 -0.9895958 0.06578606 0.2693176 -0.9602351 0.07359784 0.1793302 -0.9521786 0.2473797 -0.9715875 -0.2250274 0.07335186 -0.9971413 0.006790578 0.07525444 -0.9646081 0.2427832 0.1028962 -0.9118753 0.3376877 0.2333461 -0.9971291 0.006813108 0.07541412 -0.9270234 0.1583188 0.3399453 -0.3541314 -0.9351611 -0.00804156 -0.6126662 -0.7903416 5.7365e-4 -0.8196284 -0.5728482 -0.007375299 -0.940808 -0.338677 -0.01335465 -0.8197305 -0.5727023 -0.007351696 -0.9975433 -0.06999862 -0.002777636 0.1765393 0.9503723 0.2561768 -0.04287368 0.891314 0.451355 -0.0428912 0.8913243 0.451333 -0.3403792 0.8560597 0.3889778 -0.0430147 0.8912537 0.4514607 -0.2587679 0.752137 0.6060768 -0.03225433 -0.2751405 -0.9608628 -0.002307474 -0.09320974 -0.9956439 -0.03214484 -0.004803776 -0.9994717 0.2268648 -0.336188 0.9140624 0.03453689 -0.5195632 0.8537338 0.03450578 -0.519595 0.8537157 -0.1605386 -0.6643582 0.7299696 -0.7082463 -0.01048564 -0.7058876 -0.7079535 -0.01752483 -0.7060416 -0.7079534 -0.01752471 -0.7060418 -0.7079526 -0.01754283 -0.7060421 -0.7079525 -0.01754277 -0.7060421 -0.7076181 -0.02434051 -0.7061758 0.1517539 -0.9194357 -0.3627792 -0.02362632 -0.8578366 -0.5133792 -0.02364987 -0.8578221 -0.5134024 -0.1976904 -0.7472221 -0.63449 -0.1047341 0.5267016 -0.8435736 -0.3914581 0.2218689 -0.8930481 -0.2262287 0.114819 -0.9672834 -0.3473404 0.09917366 -0.9324802 -0.04270511 -0.0563721 -0.9974961 -0.4078838 -0.03033649 -0.9125297 -0.3346759 -0.005669116 -0.9423163 -0.3347705 -0.005699455 -0.9422826 -0.8516777 -0.01740437 -0.5237771 -0.9382743 0.02323311 -0.3451111 -0.3346821 -0.005622506 -0.9423144 -0.4755899 0.02114289 -0.879413 -0.1926489 0.04030144 -0.9804399 -0.7103295 0.356373 0.6069845 -0.6550299 0.4465325 0.6095446 -0.6550278 0.4465296 0.6095491 -0.6549504 0.4466323 0.6095569 -0.6549569 0.4466313 0.6095507 -0.5922822 0.5321615 0.6049842 -0.2208784 0.6613275 -0.7168394 -0.0130428 0.5171757 -0.85578 -0.01303786 0.5171763 -0.8557797 -0.012914 0.5170632 -0.8558499 0.2530475 0.5599704 -0.7889235 0.3901255 0.1273142 -0.9119173 0.7262752 0.6119719 0.3130732 0.9514518 0.301873 0.06010293 0.5585829 0.8277108 -0.05366826 0.5438319 0.692553 -0.4739381 0.7319907 0.3700483 -0.5720611 0.5387283 0.4549136 -0.7091019 -0.009379208 0.9294817 0.3687492 -0.009413838 0.9295527 0.3685691 -0.125881 0.8415803 0.5252586 -0.2363662 0.946716 0.218769 -0.03228622 0.9974724 -0.06329631 0.8771621 0.1774286 0.4462127 0.7969025 -0.02359741 0.6036469 0.7923086 0.1448176 0.5926845 0.8680722 0.06159019 0.4926028 0.8295535 0.2706882 0.4884352 0.8681331 0.06164586 0.4924884 0.9514166 0.2245408 0.2106845 0.9696395 0.0523743 0.2388644 0.9970296 0.01649361 0.07523316 0.4715739 -0.03024917 0.8813076 0.2538198 -0.2369115 0.9377892 0.1426482 0.001843154 0.9897717 -0.1263399 -0.0058555 0.9919698 0.2537593 -0.2369738 0.9377898 -0.1534334 -0.2043638 0.9667955 0.9578924 -0.04230678 0.2839933 0.9579358 -0.04235142 0.2838404 0.9119169 0.09035992 0.4003034 0.9359284 0.3358325 0.1060876 0.9918203 -0.01329928 0.1269473 0.7184306 0.6919168 0.07147407 0.9358804 0.3359706 0.1060743 0.7074754 0.6749947 0.2094299 0.7783676 0.590453 0.213329 0.9358783 0.3359751 0.1060784 0.8771857 0.1775573 0.4461152 0.8234041 0.5176627 0.232446 0.8771653 0.1774947 0.4461801 0.7284262 0.402412 0.5544906 0.2876746 0.9567717 0.04279392 0.6509826 0.7454146 0.1434533 0.04892456 -0.9987652 -0.008632361 0.02455735 -0.9996891 -0.00433439 0.01631587 -0.9998628 -0.002878785 -0.001142323 -0.9999994 1.37058e-4 -0.001134157 -0.9999983 0.00148642 -0.001261055 -0.9999982 0.00149852 -0.001233637 -0.9999993 1.481e-4 -0.00214076 -0.9999938 0.002816557 -0.001152873 -0.9999982 0.001584947 -0.002147853 -0.9999938 0.002805054 -0.003893017 -0.999989 0.002651095 -0.003804802 -0.999989 0.002734005 -0.002138197 -0.9999939 0.002794563 -0.00580424 -0.9999814 0.001901745 -0.003895044 -0.9999889 0.002644896 -0.005837559 -0.9999812 0.001880228 -0.008731961 -0.9999619 0 -0.07375943 -0.3608314 0.9297099 -0.3144615 -0.403889 0.859062 -0.5914549 -0.3672191 0.7178658 -0.5915826 -0.3670833 0.71783 -0.4189497 -0.4293529 0.8000859 -0.7380909 -0.285846 0.6111579 -0.9966642 0.08158707 0.001994192 -0.9995967 0.02839124 6.9665e-4 -0.9999482 -0.001722216 0.01004105 -0.9989617 -0.04332399 0.01409852 -0.9976328 -0.06243181 0.02882778 0.9800729 -0.198453 0.008573114 0.959919 0.004176557 -0.2802463 0.8626315 -0.1000775 -0.4958341 0.8625548 -0.1000691 -0.4959691 0.8936998 0.00665003 -0.4486162 0.5264173 0.003150641 -0.8502206 -0.09361106 -0.4938386 0.8645002 0.3676013 -0.5396283 0.7574105 0.1718685 -0.4869928 0.856329 0.36777 -0.5395645 0.7573739 0.3677655 -0.53956 0.7573794 0.862361 -0.1714292 0.4763879 -0.7551259 -0.1424035 0.6399267 -0.785094 -0.1044886 0.6104996 -0.7850788 -0.1045083 0.6105156 -0.8125468 -0.06642979 0.5790984 -6.2796e-6 0 1 8.53517e-5 0 1 0.005715429 7.23042e-4 0.9999834 -5.08973e-5 0 1 0.005707144 7.21068e-4 0.9999836 1.01374e-4 0 1 -7.87907e-5 0 1 -1.2719e-4 0 1 1.88122e-5 0 1 1.8325e-4 0 1 1.83291e-4 0 1 1.83277e-4 0 1 -1.08698e-5 0 1 0.05447667 0.09926021 0.9935692 0.05449211 0.09924238 0.9935702 1.67064e-4 0 1 4.98435e-6 0 1 2.32983e-4 0 1 2.32988e-4 0 1 2.32989e-4 0 1 9.40267e-5 0 1 -6.29092e-6 0 1 1.00581e-4 0 1 -7.54041e-5 0 1 0.3873447 -0.0236693 0.9216312 0.199643 -0.001561164 0.9798675 0.3845679 0.1499132 0.9108422 0.02126556 0.003618359 0.9997673 0.02494716 0.003605544 0.9996823 0.01655715 0.002399921 0.9998601 2.34985e-6 0 1 1.91921e-4 0 1 1.91917e-4 0 1 1.91915e-4 0 1 -0.9146071 -0.02948129 0.4032675 -0.8430207 -0.1217684 0.5239166 -0.8430191 -0.12176 0.5239211 -0.687308 -0.03389245 0.725575 -0.8429453 -0.1218423 0.5240207 -0.5222536 -0.03398066 0.852113 -0.002530097 -0.9995721 -0.02914297 -0.001259684 -0.999894 -0.01451349 -8.33662e-4 -0.9999535 -0.00960642 0 -1 -2.96276e-7 0 -1 9.71711e-7 6.68477e-4 -0.9999853 0.005385279 0.001027584 -0.9999653 0.008272051 0.002065718 -0.9998594 0.0166428 -0.9993267 -0.01996248 0.03078562 -0.9979659 0.02901917 0.05676203 -0.9037089 -0.06884419 0.4225764 -0.9994922 0.02800899 0.01519733 -0.9987837 0.04421716 0.02181553 -0.9979646 0.02908092 0.05675512 -0.998044 0.06096762 0.01382702 -0.9963113 0.0844475 -0.01524537 -0.9850006 0.01699078 -0.1717125 -0.9997888 -0.006160199 -0.01960664 -0.9996262 -0.004320859 -0.02699851 -0.9981032 -0.03121787 0.05306392 -1 -1.14384e-6 0 -0.998001 -0.06164431 -0.01393502 -0.9986826 -0.04606473 -0.02261006 -0.999104 -0.03840112 -0.01779139 -0.9994648 -0.03053593 -0.01174271 -0.9998086 -0.01944911 0.002143561 -0.9909211 0.07698571 -0.1102203 -0.8143339 -0.2716473 0.5129017 -0.9849917 -0.09631448 0.1432306 -0.9951137 0.02750557 -0.09482705 -0.9684963 -2.63005e-6 -0.2490279 -0.9993365 -0.03371387 0.01378989 -1 1.14376e-6 0 -0.9947464 0.09773707 0.03044766 -0.9994308 0.0302062 0.01502805 -0.9994306 0.03021031 0.01502901 -0.998536 -0.01000148 -0.05315989 -0.9934785 -0.005917906 -0.1138651 -0.9973016 -0.007354557 -0.07304555 -0.988714 0.1437286 0.04227173 -0.9997876 -0.006178975 -0.01966404 -0.988714 0.143727 0.04227793 -0.9963291 -0.0841307 0.01582926 -0.9904412 -0.01664268 0.1369286 -0.999787 0.00618577 0.01969105 -0.9951137 -0.02750599 0.09482705 -0.9887139 -0.143728 -0.04227572 -0.9751355 0.01759719 -0.2209098 -0.9993349 -0.03375589 0.01380079 -0.9751312 -0.01760685 0.2209283 -0.9993359 0.03372979 -0.01379519 -0.9850012 0.09628653 -0.1431843 -0.9978553 0.03127807 -0.05750358 -0.8143593 0.2715821 -0.5128959 -0.9999215 -3.56701e-4 0.01253175 -0.9999268 -0.003365039 -0.01163011 -0.9999474 0.002916455 0.009830117 -0.999674 0.02088952 0.01467704 -0.9908027 -0.0061571 0.1351743 -0.9989818 -0.002050578 0.04507052 -0.9993366 0.03371077 -0.01378774 -0.9820444 4.86523e-6 0.1886505 0.3604792 0.005399703 0.9327516 0.01177275 -0.04556238 0.9988921 0.2305966 -0.03613018 0.9723784 -0.02908068 -0.1130045 0.9931688 -0.4273378 0.5215706 0.7384759 0.07733649 0.3429931 0.9361489 -0.2916592 0.1328052 0.947258 -0.2916467 0.132663 0.9472818 0.07525438 0.1410554 0.9871374 -0.06825298 0.1529175 0.9858793 0.02459013 0.8896574 0.4559662 -0.1394168 0.8164991 0.560261 -0.002524256 0.7500083 0.6614238 -0.2142656 0.8319905 0.5117444 0.003338396 0.8752579 0.4836451 -0.2142096 0.8320249 0.5117118 -0.05149161 0.9627298 0.2655187 -0.2567775 0.8618212 0.4374124 -0.5822306 0.8081913 0.08851301 -0.2143794 0.8320226 0.5116446 -0.3413522 0.9313423 0.126809 -0.1670774 0.978926 0.1174275 0.1064613 0.2657775 0.958138 -0.03200346 -8.34074e-5 0.9994878 0.1201584 -0.1756225 0.9770972 0.1200058 -0.1756729 0.9771068 -0.2621294 -5.84936e-5 0.9650328 -0.3316995 -0.1929782 0.9234365 -0.9625525 0.2134184 0.1671687 -0.9987825 -0.04215157 0.02562981 -0.9746505 -0.01859766 0.2229588 -0.9967294 -0.08079797 -0.001485943 -0.9999033 0.009092271 -0.01053017 -0.9855487 -0.01567208 -0.168666 -0.9996406 0.02514755 -0.009290337 -0.9994322 0.03293281 -0.007134437 -0.9695515 0.08773231 0.2286331 -0.2595351 -0.9652142 0.03167468 -0.5918877 -0.7474105 0.301739 -0.2186304 -0.9752261 -0.03368741 -0.2186118 -0.9752349 -0.03355228 -0.6304466 -0.6964778 0.3427183 -0.4732352 -0.7795484 0.4103081 -0.2184618 -0.9752652 -0.03365248 -0.2571452 -0.9541921 0.1529502 -0.04989814 -0.9695394 0.2397993 -0.2281958 -0.6819413 0.6948976 -0.6975529 -0.5110069 0.5022867 -0.4277176 -0.4759142 0.7684813 0.0222398 -0.9988335 0.04286038 -0.1435559 -0.9860663 -0.08405435 -0.004785418 -0.9781482 -0.2078541 -0.2185016 -0.9752542 -0.0337091 0.001208484 -0.9999573 0.009165883 -0.04129523 0.3528307 0.9347755 -0.1055653 0.04267477 0.9934963 -0.04233169 -0.4039711 0.9137918 -0.0189132 -0.4964686 0.8678487 -0.06058424 -0.2516286 0.9659258 -0.05151474 -0.7355413 0.6755185 0.003853499 0.9292896 -0.3693317 -0.1442891 0.9439519 0.2968762 -0.1443234 0.943956 0.2968463 -0.1444 0.9439015 0.2969825 -0.1444047 0.9439002 0.2969844 -0.3231142 0.8188472 0.4744328 0.9737017 -0.01930427 0.2270076 0.9995968 -0.02090227 -0.01921981 0.9981245 -0.0362178 0.04935312 0.998147 -0.03500705 0.04977083 -0.1400105 0.9704378 -0.1965903 -0.1946395 0.9808041 0.0117864 -0.1475943 0.9576486 0.2472348 -0.1477 0.9575974 0.2473706 -0.1476898 0.957598 0.2473742 -0.2734636 0.8709207 0.4083073 -0.006913602 0.1036272 0.9945922 -0.2667886 0.285107 0.9206182 -0.5079056 0.2022224 0.8373399 -0.3048442 0.4373595 0.8460417 -0.8060269 0.1490833 0.5727958 -0.6685361 0.2751373 0.6909117 -0.9994338 0.03288263 -0.007128119 -0.9953667 0.08641725 -0.04215902 -0.9965906 0.08206242 -0.008539736 -0.9924723 0.1224657 9.64986e-4 -0.995616 0.07308232 0.05837613 0 -0.04703491 -0.9988933 -0.04106843 -0.02349579 -0.99888 -0.04109334 -0.02348262 -0.9988793 -0.4326316 -9.37283e-6 -0.9015709 0.8019079 -0.1181358 0.5856516 0.6413019 -0.01830965 0.7670702 0.4623715 -0.01567405 0.8865478 0.4622394 -0.01558697 0.8866183 0.4622429 -0.01558107 0.8866166 0.193374 0.1813982 0.9642102 0.9126015 0.04296058 -0.4065873 0.8421783 -0.09726732 -0.5303534 0.8421734 -0.09727317 -0.5303603 0.738196 -0.2336225 -0.6328406 0.1611518 0.9289449 0.3333039 -0.01275289 0.8647 0.5021269 -0.01275753 0.8646944 0.5021365 -0.1858131 0.7460898 0.6393931 -0.1520143 0.8219082 0.5489615 -0.4335478 0.694031 0.5747674 -0.3106116 0.8195914 0.4814461 -0.9988445 0.0107609 0.04683965 -0.9998774 0.01124262 0.0109049 -0.9991341 -0.01691883 -0.03801155 -0.9962872 -0.03072082 -0.08042395 -0.99913 -0.01696902 -0.03809827 -0.9962821 -0.03075557 -0.08047538 -0.9880961 -0.07299661 -0.1354167 -0.02102774 -0.9997787 7.23029e-4 -0.01125675 -0.9996529 -0.02381795 0.00123018 -0.9999893 -0.004486918 0.008702397 -0.9998452 -0.01529473 0.02430003 -0.9996993 0.003282308 0.01844084 -0.9992211 0.03489065 0.0135805 -0.9988491 0.0460025 -0.02199089 -0.9971744 0.07183128 -0.02822929 -0.9994571 0.01698637 -0.03030484 -0.9995205 0.006368935 -0.02102726 -0.9997786 7.13173e-4 -0.2837069 -0.7571383 0.588432 -0.2837214 -0.7571376 0.5884258 -0.2143511 -0.6791049 0.7020471 -0.8962662 0.03649181 0.4420128 -0.7419698 -0.2024047 0.6391503 -0.7926226 0.1849733 0.580977 -0.2981395 0.09870237 0.9494056 -0.5105717 -0.04171764 0.8588225 -0.04106467 0.1570969 0.9867292 -0.2047338 0.7518272 0.6267695 0.02093178 0.9107683 0.4123871 0.02093607 0.9107716 0.4123796 0.2441337 0.9584442 0.1475924 0.2486806 -0.2288309 0.9411665 -0.004574358 -0.4812846 0.8765525 -0.004627764 -0.4813327 0.8765259 -0.2572296 -0.6702228 0.6961569 0.1844244 -0.3265705 0.9270057 -0.01565504 -0.5096083 0.8602642 -0.0156511 -0.509611 0.8602627 -0.2142673 -0.6528295 0.7265695 0.07327473 -0.7046906 0.7057209 -0.06472325 -0.7862172 0.6145513 -0.0647332 -0.7862237 0.6145421 -0.2004243 -0.8409551 0.5026177 0.2084892 0.5691781 -0.7953419 -0.01690107 0.7192895 -0.6945049 -0.01690757 0.7192786 -0.6945161 -0.965435 -0.2499765 0.07380539 -0.9313177 -0.3641755 -0.004872679 -0.9140377 -0.3980207 0.07819664 -0.9505422 -0.250775 0.1832528 -0.9313502 -0.3640937 -0.004771113 -0.9143929 -0.3781327 0.1445729 -0.141638 -0.8037264 -0.5778952 0.1115062 -0.6606665 -0.7423518 0.1115096 -0.6606678 -0.7423501 0.2113622 -0.6898658 -0.6923954 -0.3631858 0.759044 0.5403224 -0.2315963 0.8725775 0.4300835 -0.5774964 0.5505741 0.6027986 -0.4134564 0.6507003 0.6369011 -0.2315912 0.8725478 0.4301465 -0.02380299 0.7002376 0.713513 -0.03413379 0.2332885 -0.9718083 -0.1651906 0.5235617 -0.8358202 -0.04692941 0.2003442 -0.978601 -0.2267135 0.2410742 -0.9436547 -0.04690283 0.2003471 -0.9786017 -0.2097975 0.4060679 -0.8894346 -0.1493589 0.1113134 -0.9824975 -0.8106586 -0.07073551 0.5812307 -0.6818982 -0.2107469 0.7004289 -0.6188458 -0.348563 0.7039416 -0.6147574 -0.4338254 0.6586872 -0.4648516 -0.4774201 0.7456427 -0.2140237 -0.8572108 0.4683842 0.003032863 -0.9671984 0.2540043 -0.02822577 -0.8307834 0.5558799 -0.01926875 -0.8811138 0.4725117 -0.02516543 -0.7508049 0.6600444 -0.008189797 -0.6901824 0.7235891 0.003224611 -0.5560857 0.8311188 -0.008000791 -0.4063721 0.9136726 0.005991935 -0.1749462 0.9845598 -0.005029678 0.04416072 0.9990118 0.008679807 0.2927125 0.9561611 -0.002629995 0.4374507 0.8992387 1.70063e-4 0.6425012 0.7662847 -0.004482686 0.7424631 0.6698721 0.002010405 0.8794491 0.4759889 -0.004062235 0.9400631 0.3409767 0.003914654 0.9934794 0.1139447 -0.004671931 0.9992589 -0.03821009 0.004372417 0.9643051 -0.2647578 -0.01279926 0.8820299 -0.4710197 -0.01557457 0.833878 -0.551729 -0.01780468 0.7634338 -0.6456407 -0.009152829 0.694 -0.7199169 0.001729905 0.5586586 -0.829396 -0.009640336 0.403842 -0.914778 0.005453944 0.1722485 -0.9850384 -0.005002617 -0.04537785 -0.9989575 0.008878052 -0.2933107 -0.955976 -0.002617716 -0.4380133 -0.8989647 1.71243e-4 -0.6424939 -0.7662907 -0.004480421 -0.7424578 -0.6698778 0.002008378 -0.8794462 -0.4759942 -0.003740012 -0.9397508 -0.3418399 0.004017055 -0.993377 -0.1148298 -0.004666864 -0.999327 0.0363835 0.2487381 0.2287922 -0.9411607 -0.004567146 0.4812994 -0.8765445 -0.004596829 0.4813289 -0.8765281 -0.2573315 0.6702931 -0.6960515 -0.1792138 -0.2086477 -0.9614306 -0.2400592 -0.2109056 -0.9475708 -0.2916057 -0.2239453 -0.9299542 -0.3027444 -0.2573771 -0.9176617 -0.3915146 -0.2477568 -0.8861902 -0.8930729 0.4079172 -0.189801 -0.898792 0.4270714 -0.09890973 -0.9544901 0.205862 -0.2157993 -0.8506188 0.4562339 -0.2613399 -0.7898441 0.5785825 -0.203442 -0.5582681 0.7192064 -0.413617 0.1593741 -0.9310815 -0.3281576 -0.0162065 -0.8684093 -0.4955832 -0.01623958 -0.8683905 -0.495615 -0.1907348 -0.7512414 -0.6318677 -0.20483 -0.7517299 -0.6268548 -0.012039 -0.8944371 -0.4470317 -0.01203197 -0.8944402 -0.4470257 0.1819487 -0.9567526 -0.2269786 -0.2015876 0.648715 -0.733847 -0.03018313 0.4775763 -0.8780717 -0.03015756 0.4775471 -0.8780884 0.1435749 0.2684534 -0.952533 0.905184 -0.3001579 0.3009107 0.9287709 -0.1025044 0.3561987 0.997338 -0.07104831 0.01640689 0.9413837 0.008782267 0.3372235 -0.6210302 -0.6320198 0.4635434 -0.5925437 -0.1948074 0.7816278 -0.2102466 -0.5481864 0.8094987 -0.1873453 -0.3789157 0.9062697 0.049263 -0.9737569 -0.2221954 0.01006603 -0.9268108 -0.3753936 0.03157806 -0.686578 -0.7263701 0.03153145 -0.6865456 -0.7264028 -0.01387399 -0.80486 -0.5933027 0.0282579 -0.5952332 -0.8030561 0.03160697 -0.6864343 -0.7265046 -0.02675855 -0.3925663 -0.9193344 -0.005096197 -0.1630247 -0.9866088 -0.957619 0.1031672 -0.2689284 -0.9895343 0.05530869 -0.1332782 -0.995265 0.0385791 -0.08921557 -0.9999731 0.004606127 0.005717515 -0.9999981 0.001643657 -0.001097381 -0.9946394 -0.03793936 0.09619319 -0.9887157 -0.05827683 0.138004 -0.9512885 -0.112266 0.2871354 0.9998278 -0.01312839 -0.01312279 0.9999566 -0.006599664 -0.006590545 0.9997661 -0.01538097 -0.01520538 0.9961279 -0.04836153 -0.07341969 0.99382 -0.05864077 -0.0942505 0.9895849 -0.07137537 -0.1250095 0.9971134 -0.01856434 -0.07362204 -0.2249633 -0.8752426 0.4281847 -0.04334098 -0.7556743 0.653512 -0.04331558 -0.7556931 0.6534921 -0.08503967 -0.5295379 0.844013 -0.04320675 -0.7555775 0.6536329 -4.89652e-5 -0.2796386 0.9601054 -0.2705752 0.4864627 -0.8307486 -0.2865799 0.3455476 -0.8935708 -0.2865726 0.3455543 -0.8935706 -0.4431569 0.1596969 -0.8821048 -0.2865732 0.3453871 -0.893635 -0.5094278 -0.02100116 -0.8602572 -0.7466005 -0.3628486 0.5576097 -0.7824015 -0.6165717 0.08767688 -0.7104428 -0.5715628 0.4105935 -0.5935464 -0.7845017 0.1796104 -0.6975892 -0.7164749 0.005770802 -0.3955069 -0.9054778 -0.1538968 -0.5936009 -0.784489 0.1794855 -0.287541 -0.9233548 -0.254433 -0.7036784 -0.7055801 -0.08362787 -0.01044678 -0.4009088 -0.9160584 -0.1590788 0.03179186 -0.9867539 -0.09949284 0.3480714 -0.9321736 -0.09958505 0.3482239 -0.9321067 -0.0996046 0.3482135 -0.9321085 -0.2912951 0.5742928 -0.7650719 -0.9981532 8.11225e-4 -0.06074315 -0.999949 1.33796e-4 -0.01009702 -0.9989435 0.02453035 0.03886151 -0.9954047 0.03630596 0.08860802 -0.9879764 0.07301396 0.1362774 0.1021215 -0.9174956 -0.3844129 -0.06340777 -0.7846466 -0.6166923 0.02198547 -0.661254 -0.7498399 0.009292185 -0.5111062 -0.8594674 -0.06350791 -0.7845461 -0.6168097 -0.06441116 -0.2661515 -0.9617769 0.7504072 -0.1802617 -0.6359204 0.8322929 -0.07474046 -0.5492745 0.8323027 -0.07472604 -0.5492616 0.8931216 0.03269696 -0.4486256 -0.6425909 0.119295 0.7568657 -0.643248 0.1204072 0.7561311 -0.643269 0.1204434 0.7561076 -0.6433439 0.12055 0.7560266 -0.643344 0.12055 0.7560266 -0.6441006 0.1215448 0.7552227 -0.1414655 -0.9223037 0.3596433 -0.4072875 -0.733257 0.5444733 -0.1300913 -0.763831 0.6321696 -0.1300424 -0.7638363 0.6321734 -0.3279806 -0.8225452 0.4645947 -0.2657582 -0.4216356 0.8669463 -0.1415064 -0.9223049 0.3596244 -0.2552534 -0.9597509 0.1171492 -0.2695954 -0.8847261 0.3802345 -0.2695248 -0.8848077 0.3800945 -0.2121294 -0.9755011 0.05829876 -0.4516717 -0.8812077 0.1395194 -0.3280865 -0.8225528 0.4645063 -0.4517748 -0.8811371 0.1396315 -0.6716629 -0.6842716 0.2839745 -0.6662296 -0.7450724 -0.03170853 -0.6014251 -0.798068 -0.03708684 -0.004399538 -0.9992069 -0.03957688 0.008891165 -0.9061765 -0.4228064 -0.173833 -0.9225711 -0.3444485 -0.1738933 -0.9225121 -0.344576 0.008898615 -0.9060997 -0.4229707 -0.2345456 -0.9000184 -0.3673628 -0.587134 -0.7858271 -0.1942925 -0.2540812 -0.9275922 -0.2738899 -0.2345039 -0.9000679 -0.3672677 -0.09237468 -0.9904155 -0.1026854 0.04837644 -0.9845523 -0.1682749 -0.404629 -0.8812044 -0.2444465 -0.4112614 -0.9020496 -0.1310378 -0.1740004 -0.9225414 -0.3444435 -0.212053 -0.9755201 0.05825936 -0.1738641 -0.9844249 -0.02605777 -0.004400253 -0.9992142 -0.03939229 -0.2119776 -0.9755305 0.05835962 -0.1413291 -0.9223722 0.3595212 -0.004268825 -0.9394512 0.3426561 -0.09709483 -0.8192916 0.5650964 -0.5919049 -0.008061826 0.8059676 -0.4030571 -0.03750526 0.9144061 -0.1186805 -0.001598 0.9929313 -0.1185413 -0.00168401 0.9929477 -0.1777389 0.06590002 0.9818687 0.002651095 -0.1104957 0.9938731 -8.3691e-4 -0.1328339 0.9911381 -0.6625099 0.1984538 0.7222858 -0.502306 -0.01445227 0.8645692 -0.5022726 -0.01448982 0.864588 -0.2961142 -0.2260876 0.9280092 -0.00920099 0.4321681 -0.9017461 -0.0215668 0.8750916 -0.4834766 0.02468609 0.8278131 -0.5604606 -0.02427345 0.9089347 -0.4162316 -0.02152442 0.8751629 -0.4833493 0.03706777 0.9964502 -0.0755856 0.04624658 0.9988621 0.01165378 -0.006403088 -0.9988448 -0.0476256 -0.1495729 -0.9596537 0.2381024 -0.2209607 -0.94302 0.2487765 -0.2210433 -0.9429668 0.2489047 -0.373828 -0.9078614 0.1898429 -0.3123357 -0.8264665 0.4684013 -0.2210839 -0.9429688 0.2488612 -0.4312713 -0.7480555 0.5043988 -0.7325459 -0.5844816 0.3489383 -0.7466055 0.1504361 -0.6480349 -0.8576716 -0.01179242 -0.5140628 -0.857663 -0.01177322 -0.5140776 -0.9201613 -0.1731526 -0.3511716 -0.4698811 -0.8764227 -0.1053329 -0.6048747 -0.7828381 -0.1459144 -0.9113674 -0.411551 0.00594449 -0.899991 -0.4356697 -0.01443105 -0.2907499 -0.9358735 0.1990106 -0.414509 -0.910022 -0.006495416 -0.2767326 -0.9367398 -0.214331 -0.1637785 -0.9792423 -0.1194201 -0.2874745 -0.9233612 -0.2544853 0.01252704 -0.543666 0.8392081 0.007003247 -0.8343221 0.551233 0.02464282 -0.9344176 0.3553262 0.01258659 -0.983275 0.1816922 0.02467769 -0.9344923 0.3551272 0.02204728 -0.9975553 -0.06631278 0.04925066 -0.9737963 -0.222025 0.08020079 0.9859909 -0.1462528 -0.04834121 0.9893 0.1376541 -0.04837036 0.9892938 0.1376889 0.003589332 0.9215546 0.3882323 -0.04842048 0.9892674 0.137861 -0.03657317 0.7824673 0.6216167 0.09038746 0.6828464 -0.7249489 0.09438067 0.9003058 -0.4249023 0.0685808 0.74177 -0.6671386 0.0119428 0.988326 -0.1518855 0.02079623 -0.9827381 -0.1838299 0.01049101 -0.9530602 -0.3025991 0.01050859 -0.9531028 -0.3024643 0.1288024 -0.8006403 -0.5851369 -0.9204277 0.00223875 -0.3909067 -0.6288743 -0.1095242 -0.7697543 -0.5534208 0.002184689 -0.832899 -0.3288121 -0.005904018 -0.9443769 -0.4734553 -0.1512648 -0.8677322 -0.1168219 0.005910992 -0.9931353 -0.9997786 -0.02092134 0.002273797 -0.9999445 -0.01047956 0.001140058 -0.9999758 -0.006920039 7.52528e-4 -1 -2.55361e-7 0 -1 -5.27679e-6 0 -1 1.44089e-6 0 -1 2.66259e-6 0 -0.9999762 0.006627261 -0.001940667 -0.9999754 0.006728768 -0.001970469 -1 -2.80417e-6 0 -0.999947 0.009887874 -0.002896428 -0.9997854 0.01988726 -0.005823194 -0.280727 -0.2081609 0.9369426 -0.4798295 -0.00412172 0.8773522 -0.4798334 -0.004120886 0.8773501 -0.638329 0.200486 0.7431969 -0.1676601 0.6711959 -0.7220708 0.02867066 0.5240902 -0.85118 0.02866345 0.5240867 -0.8511825 0.2229455 0.3367694 -0.9148124 -0.5958254 -0.002702534 0.8031095 -0.5050933 0.001975715 0.8630625 -0.2187215 -0.001475811 0.9757863 -0.1834854 -0.003142654 0.9830175 -0.04511648 -0.01693236 0.9988383 -0.1166455 0.005896389 -0.9931561 0.1668154 -0.2957895 -0.940575 0.5625391 0.005136251 -0.8267548 0.562668 0.005164802 -0.8266668 0.4407594 0.007678389 -0.8975925 0.7073735 -0.1097998 -0.6982598 0.5626894 0.005129456 -0.8266526 0.8312261 -0.08720415 -0.5490525 0.9428409 2.51131e-6 -0.3332433 -0.1090567 0.1796006 -0.977676 -0.4154707 -0.02842742 -0.9091624 -0.4155024 -0.02845245 -0.909147 -0.6765339 0.02496981 -0.735988 -0.415606 -0.0285077 -0.909098 -0.8699821 -0.06135463 -0.4892512 -0.7310329 0.2102453 -0.6491439 -0.8884259 0.04519301 -0.4567899 -0.8884208 0.04517495 -0.4568015 -0.888491 0.04509323 -0.4566731 -0.8884916 0.04508996 -0.4566723 -0.9667662 -0.1240321 -0.22356 0.7454445 0.1615744 0.6466887 0.8884228 -0.05689287 0.4554866 0.8884382 -0.0569244 0.4554527 0.9384245 -0.2692517 0.2164787 0.1385171 0.9215571 0.3626924 -0.03318935 0.8595004 0.5100563 -0.03318226 0.8595038 0.5100512 -0.2031484 0.7500541 0.6294043 -0.2523479 -0.7501925 -0.6111724 -0.3334585 -0.857437 -0.3919277 -0.03181481 -0.8902861 -0.454289 -0.03170567 -0.8903579 -0.4541559 -0.03171151 -0.8903607 -0.45415 0.1918979 -0.9476954 -0.2550463 0.011783 -0.02286827 -0.9996691 -0.08092206 -0.008083164 -0.9966877 -0.08088564 -0.008077263 -0.9966906 -0.1743949 0.004526972 -0.9846655 -0.1645861 -0.003002643 -0.9863582 -0.008988261 -0.9997649 -0.01973581 0.01876986 -0.9997277 -0.01386946 0.01732635 -0.9998077 -0.009183406 0.04648625 -0.9989014 0.005929112 0.01731103 -0.9998081 -0.009171485 0.0464943 -0.9989011 0.005913496 0.01103186 -0.9997856 0.01752144 0.01073801 -0.9999369 0.003326117 -0.0492739 -0.9974956 0.05074137 -0.03379285 -0.9989697 0.03029459 -0.06592375 -0.9969762 0.04114079 0.002964735 -0.9998546 -0.01679784 0.2254609 0.5863466 -0.7780521 0.09198963 0.6751952 -0.7318807 0.09197205 0.6752074 -0.7318717 -0.0441671 0.7453899 -0.6651641 -0.999283 0.007385194 0.037135 -0.9987254 0.04089444 0.02958333 -0.9987254 0.04089796 0.02958256 -0.9969658 0.07470393 0.02187812 -0.01103937 -0.02669638 -0.9995827 -6.12084e-5 -1.46303e-4 -1 -4.26988e-5 -1.03523e-4 -1 0.01092863 0.02648645 -0.9995895 -0.093207 -0.532122 -0.8415217 0.08206689 -0.8000157 -0.5943401 -0.09808301 -0.9338012 -0.3440862 0.1022053 -0.9937571 -0.04473328 -0.06129121 -0.9673184 0.2460458 0.1183111 -0.8116484 0.5720396 -0.1429951 -0.5555947 0.8190647 0.0157715 -0.711473 0.7025365 0.1184477 -0.8115606 0.572136 0.3129933 -0.2174398 0.9245297 -0.5216885 -0.03187149 0.8525405 -0.5225552 -0.2603458 0.8118844 -0.9451223 -0.136314 0.2969213 -0.5326873 -0.3699477 0.7611722 -0.2683517 -0.3654741 0.8913002 -0.204352 -0.6918553 0.6925146 -0.4488547 -0.6640149 0.5980081 -0.2536252 -0.8939116 0.3695895 -0.4807466 -0.8329797 0.2739119 -0.2236427 -0.9746081 -0.01109588 -0.5146234 -0.8566976 -0.03510344 -0.2492517 -0.8951219 -0.3696356 -0.5147857 -0.8565992 -0.03512305 -0.4880629 -0.829713 -0.2708709 -0.912435 -0.3759468 -0.1616369 -0.3175125 0.9266197 0.2013998 -0.2205554 0.9010707 0.3733993 -0.415716 0.8006037 0.4315252 -0.2354055 0.6679517 0.7059922 -0.4239961 0.5799139 0.6956489 -0.2500503 0.3709307 0.8943631 -0.4905101 0.2716739 0.8280056 -0.2215362 -0.01151746 0.9750842 -0.5215169 -0.03184539 0.8526465 -0.2683434 -0.3653063 0.8913716 -0.5244785 0.7945631 -0.3059281 -0.402623 0.6887149 -0.6029649 -0.1998135 0.9081667 -0.3678423 -0.1996455 0.9081904 -0.3678749 -0.4026538 0.6886531 -0.6030149 -0.1940296 0.6912837 -0.6960456 0 0.8977248 -0.440557 0 0.6561383 -0.7546408 -0.4781509 0.3802461 -0.7916973 -0.2399855 0.3694469 -0.8977283 -0.1368593 0.413772 -0.9000347 0 0.319815 -0.9474801 0 0.319648 -0.9475365 -0.2398962 0.3693392 -0.8977964 -0.1961613 0.003957629 -0.9805637 0 -0.0659005 -0.9978263 -0.219922 -0.3627127 -0.9055793 0 -0.43878 -0.8985946 -0.2243139 -0.6910006 -0.6871693 0 -0.7525807 -0.6585001 -0.1370845 -0.8994125 -0.4150483 0 -0.9475582 -0.3195831 0 -0.9978074 0.06618481 0 -0.8977354 0.440535 0 -0.6561505 0.75463 -0.1516647 -0.4116645 0.8986269 0 -0.3189022 0.9477877 0 0.0672515 0.9977361 0 0.4391636 0.8984072 0 0.7525724 0.6585096 0 0.9475566 0.3195879 -0.1622925 0.9859464 0.03963369 0 0.9978057 -0.06621056 -0.2963273 0.03536921 -0.9544314 -0.3879597 -0.2851261 -0.8764648 -0.4706929 -0.5790178 -0.6657226 -0.6267437 -0.5095006 -0.5895773 -0.5309153 -0.7665587 -0.3612711 -0.2492317 -0.8950674 -0.3697811 -0.2817461 0.9594884 -0.001121401 -0.09521335 0.994121 0.05155551 -0.1911538 0.9810678 0.03108441 -0.1126095 0.9936327 -0.003665566 0.04656016 0.9981283 -0.03964912 0.04167604 0.9966104 -0.07092952 0.9395564 -0.163967 0.3005807 0.8661655 0.04099768 0.4980729 0.8661629 0.04100161 0.498077 0.7179352 0.2423871 0.652547 -0.9937806 0.1108186 -0.01092886 -0.9990585 0.04123705 -0.01348137 -0.9999989 -0.00121808 9.23507e-4 -0.9983377 -0.0572232 0.006897091 -0.9958357 -0.08617949 0.02974015 -0.9998441 0.01765978 -3.85316e-4 -0.9999976 -0.002093613 6.82458e-4 -0.9999579 0.003414094 0.008518695 -0.999944 0.003126263 0.0101155 -0.9997102 -0.02000123 0.01340436 -0.9993524 -0.03396362 0.01188945 -0.9998292 -0.01847732 5.1166e-4 -0.9997262 0.01929157 -0.01324713 -0.9998884 0.01486295 0.001603484 -0.9999573 -0.003563225 -0.008530974 -0.9999436 -0.003175854 -0.01014029 -0.9994047 0.032494 -0.0115959 -0.9998879 -0.01488775 -0.001597106 -0.9999982 0.001882553 -6.13703e-4 0.1062102 -0.9939389 -0.02837485 0.1708445 -0.985026 -0.02315211 0.1150255 -0.9933232 -0.008849263 0.007316529 -0.9993097 0.03642332 0.01830786 -0.9993955 0.02955734 0.02121204 -0.9995983 0.01879394 0.01428681 -0.9998973 -0.001224696 0.03967952 -0.9991609 -0.01015526 0.05511194 -0.9981616 0.02522391 0.04823476 0.7776656 -0.626825 -0.01898813 0.8172494 -0.5759713 -0.01896828 0.8172378 -0.5759884 -0.08602851 0.8496487 -0.520285 0.1167626 -0.5605749 -0.8198308 -0.01771956 -0.450681 -0.8925093 -0.01772832 -0.4506727 -0.8925132 -0.1512628 -0.3248891 -0.9335773 -0.02371466 0.9676749 0.2510835 -0.1086243 0.8370677 0.5362074 -0.06851339 0.6286889 0.7746331 -0.06857782 0.6285538 0.774737 -0.06861257 0.6285596 0.7747292 -0.2359712 0.337538 0.9112551 -0.3530499 -0.1732568 0.9194226 -0.5199267 0.005457162 0.8541935 -0.5199435 0.005473852 0.8541831 -0.6533136 0.1838651 0.7344216 0.8753054 -0.05525338 0.4804036 0.7604275 -0.05587673 0.6470145 0.5712103 -0.1422542 0.8083826 0.5711112 -0.1421666 0.8084681 0.5711017 -0.1421808 0.8084724 0.4596221 -0.05068814 0.886667 0.4916346 -0.01786506 -0.8706185 0.2922316 -0.2199177 -0.9307184 0.4916053 -0.01789075 -0.8706343 0.6497164 0.1858413 -0.7371103 0.1370857 -0.3338808 0.9325938 -0.03363549 -0.6061774 0.7946179 -0.03360915 -0.6061398 0.7946478 -0.2003961 -0.8044916 0.5591375 -0.928746 -0.1530259 -0.3376594 -0.03120505 -0.7942648 0.6067699 0.01755017 -0.6767055 0.7360447 -0.008387863 -0.3151826 0.9489939 -0.008354425 -0.3150342 0.9490436 0.03626024 -0.4758736 0.8787659 -0.01124578 0.02719563 0.999567 1.18618e-4 -2.85917e-4 1 1.10077e-4 -2.65184e-4 1 0.01147925 -0.0277602 0.9995488 -0.9609583 -0.247853 -0.1229966 -0.9937887 0.03875774 0.1043169 -0.9937884 0.03876018 0.1043196 -0.8926116 0.3200996 0.31746 -0.7171158 -0.350842 0.6022084 -0.8709667 -0.1441956 0.469707 -0.8709726 -0.1441872 0.4696987 -0.951715 0.07459652 0.297782 -0.006766259 0.05384117 0.9985266 0.02582812 0.08068484 0.996405 -0.01907175 0.06449955 0.9977355 -0.01901555 0.06457591 0.9977316 0.02587026 0.08075582 0.9963982 0.2680056 3.13669e-4 0.9634174 -0.9966614 -0.08162164 -0.001995086 -0.9995982 -0.02833652 -6.95584e-4 -0.9893552 0.1087495 -0.09669607 -0.9682775 0.2044478 -0.1436666 -0.8844121 0.3733649 -0.280025 0.07749617 0.03856718 0.9962465 0.05330997 0.00539565 0.9985635 0.05331933 0.005409181 0.9985629 0.02895534 -0.02777743 0.9991948 -0.3496918 0.9117165 0.2156126 -0.3685143 0.6334565 0.6803897 -0.284074 0.7983094 0.5310407 -0.2840182 0.7982717 0.5311272 -0.5242041 0.2951527 0.7988085 -0.2106831 0.6155269 0.7594335 -0.2839322 0.7983652 0.5310328 -0.2198989 0.7833058 0.5814436 -0.09556585 0.9383115 0.3323235 -0.09557205 0.9383164 0.3323077 -0.1757234 0.8648077 0.47035 -0.1223652 0.9526682 0.2782987 -0.2206564 0.9010501 0.3733893 -0.5020439 0.8618107 0.07234883 -0.2817689 0.9594819 -9.48451e-4 -0.5464276 0.8345623 -0.07016146 -0.9395475 0.3423614 -0.006260216 -0.524629 0.7944845 -0.305874 -0.9057013 -0.3473422 -0.2430199 -0.9671181 -0.1385473 -0.2132778 -0.9724599 -0.2330064 -0.005456507 -0.9435207 -0.3312734 0.005157887 -0.9671151 -0.1385782 -0.2132709 -0.9729974 -0.06727874 0.2207935 -0.9930279 -0.1178653 0.001857817 -0.9729978 -0.06722265 0.2208085 -0.8944364 -0.1803319 0.4092239 -0.02374666 0.9677153 0.2509251 0.1271919 0.9918269 -0.01008176 0.1211491 0.9457793 -0.3013711 0.1212522 0.9457287 -0.3014885 0.1212131 0.9457256 -0.3015138 0.3789274 0.7791656 -0.4993146 0.04848468 0.06401091 -0.9967708 -0.2125276 -0.08176803 -0.973728 -0.5079278 -0.144645 -0.8491685 -0.5080685 -0.1447626 -0.8490644 -0.5080742 -0.144751 -0.8490629 -0.6431529 -0.3316643 -0.6901835 -0.1044284 0.3714312 0.922569 0.01875317 0.5084531 0.8608855 0.01878583 0.5084875 0.8608644 0.141107 0.6262201 0.7667707 0.9769649 0.2069084 -0.05223631 0.9985802 0.05289494 -0.006295144 0.9771719 0.2124384 0.002213537 0.9591882 0.09437382 0.2665549 0.9704427 0.02813196 0.2396866 0.9768245 0.1023082 0.1880086 0.9592166 -0.02878117 0.2812033 0.9765714 -0.05551713 0.2079094 0.9770227 -0.206643 0.05220448 0.9986381 -0.05180799 0.006165742 0.9769918 -0.2132645 -0.002287447 0.9591125 -0.09445291 -0.2667998 0.969932 -0.02900362 -0.2416422 0.9766908 -0.1025502 -0.1885704 0.9723064 0.01685416 -0.2331016 0.9721768 -0.07178908 -0.2229769 0.9721103 -0.1056441 -0.2093819 0.9810701 -0.136918 -0.136949 0.9812008 -0.1489399 -0.1227279 0.9812347 -0.1692543 -0.09236609 0.9812725 -0.1770312 -0.07592386 0.9811356 -0.1888654 -0.04126578 0.9632015 -0.2668851 0.03186494 0.9811317 -0.1740027 0.08428382 0.9770165 -0.2066682 0.05222237 0.9811316 -0.1740007 0.08428823 0.9811209 -0.1549779 0.1156883 0.981196 -0.1427687 0.1298913 0.981154 -0.115656 0.1547926 0.9810866 -0.1005889 0.1653814 0.9720204 -0.05330151 0.2287696 0.9724468 -0.01659524 0.2325336 0.9739311 0.06874412 0.2161766 0.9722978 0.01686537 -0.2331367 0.9699323 -0.02900207 -0.2416411 0.9720112 0.05329781 -0.2288091 0.9765723 0.05551713 -0.2079051 0.9810866 0.1005902 -0.1653808 0.9811533 0.115698 -0.1547653 0.9811959 0.1427723 -0.1298873 0.9811208 0.1549783 -0.1156876 0.9811317 0.1739977 -0.08429437 0.9769608 0.2069224 -0.05225759 0.9811317 0.1740015 -0.08428531 0.963418 0.2661243 -0.03168487 0.9814091 0.1874809 0.04107439 0.9814088 0.1764559 0.07549971 0.9813638 0.1687169 0.0919761 0.9814847 0.1477816 0.1218544 0.9813436 0.1359966 0.1359038 0.9732216 0.1036145 0.2051921 0.9591972 0.02878409 -0.2812691 0.2226758 0.902311 -0.3691208 0.3095555 0.8505822 -0.4250711 0.446507 0.7088899 -0.5459915 0.1913762 0.6377609 -0.7460806 0.3873702 0.4371417 -0.8116967 0.3586835 0.6805389 -0.6389155 -0.07349836 0.6725364 -0.7364054 -0.1862387 0.2536647 -0.9491941 0.1530544 0.6049008 -0.7814535 -0.1863014 0.2535442 -0.9492141 0.1157678 0.191107 -0.9747184 0.3529008 0.1201884 -0.9279094 0.5243707 0.1486288 -0.8384181 0.5412357 0.01184052 -0.8407876 0.7370535 0.2047633 -0.6440685 0.8445032 0.008448302 -0.5354839 0.897981 -0.02934175 -0.4390551 0.9715651 0.0171945 -0.2361475 0.9290077 0.1422559 -0.3416257 0.9771075 0.1851316 -0.1048198 0.834398 0.3770453 -0.4020159 0.163571 0.9109348 -0.378738 -0.06510007 0.7311984 -0.6790515 0.1913872 0.6379057 -0.745954 -0.03010129 0.9684598 -0.2473452 0.01106441 0.9870371 -0.1601108 -0.2089276 0.9772117 -0.03750652 0.4133892 0.7290055 -0.5455826 0.4045783 0.7658686 -0.4997617 0.5690219 0.5972139 -0.5652872 0.5499293 0.5170927 -0.655891 0.6942271 0.2754365 -0.6649689 -0.3705093 0.6489574 -0.6645128 -0.1863054 0.2536882 -0.9491747 -0.06516993 0.7311012 -0.6791494 -0.2109716 0.9475646 -0.2400261 -0.261946 0.8185079 -0.5113015 -0.04968905 0.809426 -0.5851159 -0.2075492 0.9712141 -0.116905 -0.739876 0.6679232 -0.08038759 -0.3066035 0.9409484 -0.1435641 -0.774666 0.6321269 -0.01755952 -0.2091041 0.9771739 -0.03750503 -0.6416864 0.7562981 -0.1274826 -0.4178067 0.8955764 -0.1529069 0.01861095 0.9322427 -0.3613547 0.3096018 0.850538 -0.4251258 0.240145 0.6780669 -0.6946623 0.3587474 0.6806111 -0.6388027 -0.9367177 0.3495693 -0.01900738 -0.9936527 0.1124603 0.002650439 -0.9849652 0.1709299 -0.02503466 -0.8119583 0.5757974 -0.09581857 -0.9360002 0.3491911 -0.0443781 -0.9779071 0.2085453 0.01437312 -0.9904621 0.1286321 0.04938316 -0.9873229 0.1060849 0.1180663 -0.8689607 0.4890837 0.0755279 -0.8974515 0.1947737 0.3957828 -0.6766142 0.67362 0.2973708 -0.6558638 0.4589324 0.5993528 -0.6556007 0.6325928 0.4123278 -0.4246761 0.8497341 0.3124139 -0.6558225 0.4590856 0.5992808 -0.627281 0.361132 0.6900017 -0.969547 0.0829119 0.2304437 -0.9928922 0.1072751 0.05154889 -0.8371732 0.07325023 0.5420106 -0.88727 -0.07910537 0.4544164 -0.9644488 -0.01283448 0.2639582 -0.8872985 -0.07893002 0.4543914 -0.5954415 0.1760169 0.7838798 -0.6968816 0.1117535 0.7084259 -0.7417446 0.1859214 0.6443977 -0.5334938 0.08512037 0.8415099 -0.3594604 0.2183932 0.9072446 -0.7099626 0.2662466 0.6519707 -0.8028733 0.01457834 0.5959715 -0.5334463 0.08517599 0.8415344 -0.3815923 0.4567994 0.8035681 -0.1940822 0.2622466 0.9452824 0.00583136 0.01574718 0.999859 -0.03011208 0.0227366 0.999288 -0.1956909 0.1741795 0.9650734 -0.19397 0.2621979 0.9453191 -0.03019779 0.02277129 0.9992846 -0.3100675 0.03224992 0.9501674 -0.1957913 0.1741426 0.9650597 -0.3101245 0.03220868 0.9501503 -0.5854079 0.04230999 0.8096342 -0.4370961 0.7504599 0.495739 -0.6799327 0.7235064 0.1192896 -0.4059909 0.8935534 0.191661 -0.4224619 0.9033199 0.07442647 -0.05664926 0.9982349 0.01782983 -0.4245954 0.8498387 0.3122387 -0.6752349 0.642486 0.3623114 -0.8900315 0.4382573 0.1255968 -0.9078639 0.2671334 0.3231456 -0.87237 0.2107328 0.4410921 -0.9851637 0.04793709 0.1647867 -0.9022547 0.004879832 0.431176 -0.9927287 0.008013844 0.1201066 -0.986337 0.07966166 0.1441996 -0.9331876 0.1520317 0.3256491 -0.8659132 0.3176962 0.3863464 -0.7952063 0.4621448 0.3925164 -0.9223051 0.3583844 0.1446168 -0.9896107 0.1316109 -0.05787169 -0.7117766 0.5646597 0.4177721 -0.6726271 0.7275811 0.1349021 -0.8281346 0.5582136 -0.05089843 -0.8679792 0.4402928 -0.2296835 -0.9428291 0.1333345 -0.3054425 -0.7281194 0.2893921 -0.6213651 -0.681196 0.425091 -0.596045 -0.8032131 0.1031323 -0.5866963 0.1275812 0.9881612 0.08520966 -0.2162368 0.9674501 0.1314606 0.1025376 0.9398449 0.3258491 0.08586341 0.8778618 0.4711541 -0.2161767 0.9674443 0.1316027 -0.4252111 0.7188542 0.5499493 0.5723319 0.8069313 0.1459389 0.3755254 0.8798896 0.2911617 0.1650391 0.9852147 0.04598087 -0.1173339 0.9453285 -0.3042806 0.1649 0.9852442 0.04584676 0.1791794 0.9761415 -0.1226482 0.3545233 0.9331231 0.05995547 0.5970863 0.7555088 0.2696194 0.7885957 0.4054042 0.4623464 0.5025915 0.7895672 0.3521159 0.8395521 0.237858 0.4884425 -0.5807598 0.586022 -0.5650631 -0.3604881 0.9181866 -0.1642617 -0.2343391 0.8342521 -0.4991079 -0.3604514 0.9182233 -0.1641369 -0.1139574 0.9921811 -0.050897 0.7073357 0.6751448 0.2094178 -0.448886 0.8933302 -0.02150911 -0.6564813 0.7165454 -0.2357864 -0.6432733 0.6661713 0.3773796 0.07362562 0.2706013 -0.959872 -0.07366317 0.1278102 -0.9890593 -0.2271475 0.4121584 -0.8823432 -0.3026164 0.1218396 -0.9452928 -0.2578125 0.5064362 -0.8228337 -0.5618805 0.1307472 -0.8168204 -0.6486505 0.2309659 -0.7251947 -0.6035813 0.4709814 -0.6433243 -0.2174854 0.7401129 -0.6363435 0.26577 0.8232305 -0.5016553 0.1898639 0.4296762 -0.8827967 -0.1660532 0.04281556 -0.9851869 0.05818796 0.05665767 -0.9966966 -0.04690241 0.2002295 -0.9786258 0.02119511 0.1993982 -0.9796893 0.09479296 0.196252 -0.9759609 0.01069146 0.4016412 -0.9157347 0.007791459 0.2970077 -0.9548433 0.2213247 0.2312684 -0.9473809 0.256221 0.09498077 -0.9619405 0.4356198 0.1279229 -0.8909945 0.05822145 0.05669605 -0.9966925 0.1279084 0.4568334 -0.8803083 0.01060414 0.401564 -0.9157696 0.04958277 0.5665215 -0.8225539 0.00448811 0.5774051 -0.8164455 -0.06073623 0.7371711 -0.6729711 0.1279076 0.4570166 -0.8802133 -0.07168525 0.6340534 -0.7699594 0.127865 0.4570038 -0.8802261 0.355798 0.6053626 -0.712 0.3982532 0.4682561 -0.7887526 0.6684501 0.2342132 -0.705917 0.4764585 0.1443687 -0.8672629 0.0639854 0.1254559 -0.9900338 0.01745957 0.1210568 -0.992492 -0.0314325 0.01129078 -0.9994421 0.01768165 0.1943238 -0.9807782 -0.2260673 0.1147373 -0.9673308 -0.1657559 0.3431522 -0.9245386 -0.009682178 0.01294338 -0.9998694 -0.1737703 0 -0.9847862 -0.08421486 1.22935e-7 -0.9964476 -0.8797336 0.1234171 -0.4591702 -0.9115422 0.09498149 -0.4000867 -0.7280609 0.2893418 -0.621457 -0.6810827 0.4250622 -0.5961951 -0.9775778 -0.01753729 -0.2098433 -0.9576432 0.005119204 -0.2879121 -0.9929994 0.02924424 -0.1144427 -0.9958586 0.09035903 -0.0100457 -0.999161 -0.004789352 -0.04067301 -0.992888 0.001329779 -0.119045 -0.9972522 0.02011024 -0.07130092 -0.2149336 0.9076101 -0.3606212 0.09000223 0.9142708 -0.3949791 -0.2710181 0.9490008 -0.1610801 -0.2593417 0.9636229 -0.06459885 -0.4030977 0.9114517 -0.08226811 -0.259482 0.9635928 -0.06448394 -0.5953796 0.7978704 0.09447741 0.5920661 0.5986604 -0.5395031 0.5582863 0.5283967 -0.6396198 0.4501287 0.6839417 -0.574115 0.7954474 0.4634278 -0.39051 0.5693601 0.684858 -0.4547512 0.4742872 0.6689485 -0.5723282 0.4087206 0.7726312 -0.4857865 0.3102405 0.6786439 -0.6657277 0.3390705 0.8295544 -0.443701 0.2176566 0.782714 -0.5830819 0.2418301 0.9141694 -0.3252884 0.1396078 0.8669429 -0.4784556 0.1341989 0.9688345 -0.2082077 0.08462852 0.9225613 -0.3764555 0.02432531 0.9954759 -0.09184813 -0.00480473 0.9611172 -0.2760992 -0.08266633 0.9907653 -0.1074735 -0.1194179 0.9485861 -0.293128 -0.3252403 0.9446228 0.04366636 -0.3748123 0.8645283 -0.3348232 -0.6333767 0.7625904 0.1314921 -0.6054762 0.7935261 0.06095224 -0.6634933 0.6840314 -0.3031135 -0.6635739 0.6839864 -0.3030384 -0.6552476 0.7287234 0.1990296 -0.8826702 0.3738451 0.284839 -0.6636181 0.683926 -0.3030782 -0.9035264 0.4270751 0.03531247 -0.8075202 0.4820479 -0.3399134 0.6534319 0.6708279 -0.3507375 0.7448858 0.6386072 -0.1931995 0.6533278 0.6709112 -0.3507722 0.695918 0.6772729 -0.2387461 0.3976997 0.8571241 -0.3273735 0.3976586 0.8571664 -0.3273126 0.7448555 0.638662 -0.1931349 0.3675568 0.9224573 -0.118214 0.7417243 0.6668556 0.07175475 0.4787642 0.8511603 0.2152002 0.3361327 0.8595757 0.3848957 0.1576787 0.9874736 0.005790472 0.1231091 0.9877513 0.09587341 0.01592135 0.9973657 0.07076907 -0.06799709 0.9969649 0.03791582 0.07145285 0.9371602 0.3415045 0.0159226 0.9973598 0.07085168 -0.414228 0.6361582 0.6509363 -0.4523608 0.8094992 0.374274 -0.3050251 0.8702524 0.386808 -0.2480089 0.9440429 0.2174276 -0.1462618 0.9347648 0.3237629 0.03225994 0.9829207 0.1811808 -0.1689276 0.8498443 0.4992277 -0.1739558 0.519213 0.8367541 -0.3819546 0.2831446 0.8797386 -0.2705602 0.110114 0.956385 -0.4098535 0.04844164 0.9108642 -0.3765633 -0.05022436 0.9250284 -0.5096215 -0.0730443 0.8572925 -0.2650784 -0.3429556 0.9011742 -0.4695506 -0.3896395 0.7922775 -0.1899778 -0.70671 0.6815201 -0.3417782 -0.7367218 0.5834627 -0.1416167 -0.8881803 0.4371276 -0.2252038 -0.9308145 0.2878674 -0.01921439 -0.9962058 0.08488249 -0.02720016 -0.9978306 0.05995297 0.02647495 -0.975927 0.2164848 -0.02967697 -0.9994676 -0.01355975 -0.2221895 0.718271 0.6593321 -0.3181807 0.6232615 0.7143573 -0.1738298 0.888348 0.4249953 -0.3102531 0.8069537 0.5025622 -0.1737198 0.8883905 0.4249517 -0.2114509 0.9081699 0.3612703 -0.02555787 0.8870584 0.4609493 -0.007663607 0.9904635 0.1375628 -0.1812651 0.9277076 0.3263458 -0.0374639 0.5838384 0.8110051 -0.1497089 0.8375251 0.5254893 -0.2086237 0.6551548 0.7261188 -0.05675321 0.1491698 0.9871816 -0.1413216 0.3671261 0.919373 -0.02010285 0.1297034 0.9913491 -0.0405721 0.41554 0.9086695 0.09585928 0.2380419 0.9665129 0.2114677 0.6263198 0.7503366 -0.3311027 0.7290289 0.5990725 -0.3853504 0.8359771 0.3907012 -0.2086768 0.6552321 0.7260338 -0.1813945 0.9277049 0.3262816 -0.3561391 0.7838203 0.5087147 -0.181348 0.9276918 0.3263448 -0.4078978 0.9080249 0.09544754 -0.07095605 0.9956654 0.06012988 -0.07979249 0.9656447 0.2473124 -0.1648275 0.830936 0.531392 -0.1473807 0.718003 0.6802577 -0.07985091 0.9656024 0.2474588 -0.1617608 0.7155941 0.6795282 -0.2108931 0.6450691 -0.7344453 -0.3911912 0.8897562 -0.2351666 -0.3062135 0.7682228 -0.5621985 -0.3949714 0.8898503 -0.2283948 -0.3912325 0.8897697 -0.2350469 -0.4078333 0.9080619 0.09537184 -0.3531608 0.9352186 -0.02537447 -0.195846 0.9461663 0.2577087 -0.007681071 0.9904839 0.1374142 -0.1438055 0.9471417 0.2867796 -0.0798766 0.965603 0.2474486 -0.3102334 0.8069966 0.5025055 -0.3810834 0.7301871 0.5671 -0.3457676 0.9382299 0.01301449 -0.1531342 0.9730449 0.1724345 -0.46254 0.8731894 0.1536133 -0.1832496 0.8928572 0.4113705 -0.5213232 0.8113116 0.264567 -0.2981861 0.9310823 0.2101693 0.1506738 0.727607 0.6692425 0.1820729 0.6768549 0.713244 -0.1831645 0.8928548 0.4114136 0.2103258 0.7241047 0.6568375 -0.1994674 0.7523614 0.6278258 -0.619323 0.729404 0.2905324 -0.1995398 0.7522653 0.627918 -0.3622288 0.7757721 0.5166895 -0.52143 0.81127 0.2644838 -0.4912383 0.8532136 0.1752473 -0.4719004 0.8786666 0.07249337 -0.4180285 0.9073796 0.04375404 -0.3457159 0.9382496 0.01297646 -0.4231052 0.906079 0.001713991 0.1820628 0.6767646 0.7133323 -0.1993864 0.7522746 0.6279553 -9.39354e-4 0.1229341 0.9924144 0.2141133 0.008745551 0.9767697 0.1260665 -0.04200333 0.9911322 -0.04967522 -0.1100713 0.9926816 0.01638877 -0.08583992 0.9961742 -0.06301248 -0.03895902 0.9972521 0.1838074 -0.1330701 0.9739134 0.183978 -0.1330127 0.9738889 0.03680408 -0.01259618 0.9992431 0.5797433 -0.0138691 0.8146812 0.4623 -0.2422171 0.8530004 0.1323257 -0.442752 0.8868262 -0.06099247 -0.3585012 0.9315347 -0.182907 -0.08796477 0.9791871 -0.1251388 0.1372405 0.9826014 -0.048792 -0.6798918 0.7316874 -0.0029096 -0.5624917 0.8267978 0.0761193 -0.839308 0.5383011 0.2968028 -0.8445259 0.4457399 0.07518529 -0.9597628 0.27056 -0.02563047 -0.9216383 0.3872029 0.2933409 -0.8616425 0.4141538 0.174595 -0.9692088 0.1736406 0.1279219 -0.9896031 0.0657401 -0.00129956 -0.9968031 0.07988822 0.1793786 -0.9521753 0.2473573 0.3099448 -0.9232407 0.2270702 0.174633 -0.9691929 0.173691 0.4629636 -0.8216592 0.3324769 0.1679859 -0.9810455 0.09659427 0.1680284 -0.9810376 0.0966013 0.3099719 -0.9232417 0.227029 0.2818889 -0.9556892 0.08483415 0.4885314 -0.8611186 0.1407554 0.1552478 -0.9876599 0.02064168 0.37199 -0.9282164 0.006152391 0.06434971 -0.9979214 -0.00347501 0.155302 -0.987651 0.02066105 0.2818789 -0.9556949 0.0848031 0.2365364 -0.9715402 -0.01266384 0.2364708 -0.971556 -0.01266855 0.1103188 -0.9909713 -0.076195 0.1468347 -0.9869889 -0.06551826 0.2351818 -0.9312157 -0.2784366 -0.04019057 -0.9794956 -0.197416 -0.2574446 -0.9661416 -0.01711481 -0.2080691 -0.9537737 0.216848 -0.169481 -0.8222365 0.5433263 0.02648544 -0.9758877 0.2166606 -0.1315945 -0.910075 0.392997 0.1737146 -0.8960126 0.4086376 0.1389737 -0.9530394 -0.2690765 0.1181037 -0.8228645 -0.5558288 0.02994042 -0.8066042 -0.5903332 -0.0677219 -0.8660575 -0.4953363 -0.2424797 -0.6810277 -0.690945 -0.362847 -0.745072 -0.5596516 -0.1791715 -0.7705565 -0.6116701 0.003931045 -0.7702599 -0.6377182 0.29136 -0.4454764 -0.8465579 0.2093031 -0.8037129 -0.5569899 -0.04836499 -0.8115227 -0.5823158 -0.02281355 -0.890061 -0.4552702 0.1354923 -0.8977135 -0.4192285 -0.02348846 -0.9851948 -0.1698223 -0.2500765 -0.8804397 -0.4028494 -0.009702742 -0.9432557 -0.3319258 0.1775674 -0.8520864 -0.4923602 0.05030715 -0.9825766 -0.1789206 0.172998 -0.9634233 -0.2046638 0.01582205 -0.9963054 -0.08441263 0.08943742 -0.9488503 -0.3027939 0.01582336 -0.9962984 -0.08449369 0.1485098 -0.9239156 -0.3525974 0.01938003 -0.9222349 -0.3861443 0.0288735 -0.7447188 -0.6667536 0.1963962 -0.8382573 -0.508678 0.2108893 -0.8045959 -0.5551136 0.05447924 -0.4187465 -0.9064676 0.1964772 -0.8381466 -0.5088291 0.05452811 -0.4185526 -0.9065542 0.3001871 -0.365469 -0.8810903 0.04668122 -0.1744313 -0.9835622 0.1249524 -0.1434028 -0.9817447 0.108796 -0.01009953 -0.9940128 0.4061186 -0.8299733 -0.3823768 0.394415 -0.8664829 -0.3060137 0.173162 -0.9633805 -0.2047268 0.1486232 -0.9239376 -0.3524917 0.3306801 -0.731549 -0.5962271 0.1663684 -0.6549219 -0.7371559 0.4247221 -0.6655315 -0.6137419 0.1791018 -0.1134423 -0.9772684 0.1664885 -0.6548133 -0.7372254 0.05196893 -0.1825761 -0.9818173 -0.01223808 0.1652807 -0.9861707 -0.005854606 0.1617534 -0.9868139 0.1087182 -0.0848295 -0.9904465 -0.01209831 0.1653512 -0.9861606 0.05901443 0.4826803 -0.8738061 -0.2138823 0.5545998 -0.8041601 -0.5113346 0.558373 -0.653266 -0.140178 0.7311661 -0.6676423 -0.2032826 0.4772377 -0.8549388 0.05904459 0.4828092 -0.8737328 -0.1185033 0.3622008 -0.9245364 -0.4585045 0.4583472 -0.7613748 -0.1083554 0.1187152 -0.9869984 -0.2686965 0.129645 -0.9544603 -0.2009511 0.03103297 -0.9791096 -0.2365276 0.1640474 -0.9576759 -0.3656972 0.01537346 -0.930607 -0.5739911 0.02651095 -0.8184323 -0.4857079 0.1002693 -0.8683512 -0.3657126 0.01549309 -0.9305989 -0.4678038 0.368725 -0.8032444 -0.413159 0.4794487 -0.7742277 -0.5958883 0.3528063 -0.7214187 -0.4906029 0.2586798 -0.832102 -0.5740693 0.02646523 -0.8183789 -0.4061904 0.09666162 -0.9086617 -0.2630145 0.6112723 -0.7464379 -0.2364933 0.1641691 -0.9576635 -0.2631233 0.6113673 -0.7463219 -0.284816 0.3510546 -0.8919869 -0.4255157 0.5649892 -0.7069113 -0.3517186 0.9068552 -0.2321806 -0.392838 0.6450394 -0.6554408 -0.2845729 0.6504808 -0.7041968 -0.3261571 0.8613793 0.3894192 -0.3051044 0.9405244 -0.1494167 -0.2668719 0.8666975 -0.4214439 -0.1900315 0.9167369 0.3513996 -0.3813313 0.9145631 0.1347624 -0.3444778 0.917793 0.1974617 -0.2800143 0.9566479 -0.08010637 -0.3050482 0.9405162 -0.1495821 -0.1215414 0.9707317 -0.2071416 -0.2107495 0.8764569 -0.4329064 -0.305086 0.9405152 -0.149512 0.04213297 0.6238431 -0.7804131 -0.1901943 0.7169484 -0.6706796 -0.379224 0.9236267 0.05570465 -0.4704616 0.8563978 0.212718 -0.2594957 0.9635881 -0.06449812 -0.2800409 0.9566408 -0.08009761 -0.3791908 0.9236422 0.05567282 -0.1214383 0.9707509 -0.2071124 0.1801739 0.8311039 -0.5261216 0.09017688 0.9142081 -0.3950844 0.2303956 0.8391094 -0.4927608 0.5298689 0.5598545 -0.6370258 0.5571359 0.4460671 -0.7004454 0.635988 0.2779546 -0.7199031 0.3961156 0.4789186 -0.783409 0.4967892 0.2743678 -0.8233607 0.6171981 0.7136763 0.3312594 0.3676164 0.9224479 -0.1181015 0.7819327 0.6085403 0.1351295 -0.6551025 0.7288333 0.1991047 -0.6109729 0.582459 0.5361471 -0.5876504 0.3413833 0.7335697 -0.5444115 0.08789771 0.8342003 -0.08750307 -0.6676124 -0.739349 0.1542125 -0.9156461 -0.3712286 0.2720754 -0.8959537 -0.3510587 0.2376023 -0.8944784 -0.3787525 -0.04851692 -0.8115579 -0.5822542 0.3576825 -0.8568282 -0.3713606 0.2544526 -0.8342955 -0.4890859 0.08183443 -0.9499192 -0.3015905 0.3251482 -0.8813068 -0.342895 0.3473525 -0.8289923 -0.4383128 0.2442982 -0.8544549 -0.4585032 0.4006556 -0.7909128 -0.4625282 0.4153066 -0.6591709 -0.6269086 0.2037393 -0.867347 -0.4540922 -0.004136145 0.01063448 -0.9999349 -0.001726567 -0.06386095 -0.9979574 -0.01066637 0.003980338 -0.9999353 -0.01737719 0.008780658 -0.9998105 0.04484349 0.01071149 -0.9989367 0.1472092 0.005462169 -0.9890903 0.1002741 0.01218068 -0.9948854 0.09931421 0.5301949 -0.8420392 -0.005894422 0.1619356 -0.9867838 -0.09055262 0.5384029 -0.8378081 -0.2252166 0.4752334 -0.8505473 0.3330531 0.7072143 -0.6236373 0.4504766 0.3610611 -0.8165206 0.3450578 0.1374613 -0.9284608 0.5570243 0.4461972 -0.7004513 0.1080777 0.5793491 -0.8078823 0.06371349 0.8054741 -0.5891963 0.06971019 0.7065933 -0.7041779 0.02013683 0.743695 -0.6682158 0.01552265 0.649944 -0.7598237 0.002506136 0.7817223 -0.6236218 -7.66804e-4 0.8275809 -0.5613461 -0.001996874 0.9277182 -0.3732762 0.005252301 0.9372394 -0.3486472 -0.05345308 0.9521777 -0.3008331 0.004278838 0.9137094 -0.4063458 -0.2370169 0.9019882 -0.3608884 0.004217267 0.9136558 -0.406467 -0.3124896 0.8778883 -0.3628531 -0.01882642 0.9956427 -0.0913313 -0.01879435 0.9956449 -0.09131348 -0.2370834 0.9019943 -0.3608294 -0.02285963 0.9992163 -0.03231567 -0.001176297 0.9999989 -8.8552e-4 -0.04267948 0.9168872 -0.3968582 -0.02526271 0.9115417 -0.4104312 0.02255451 0.8528937 -0.5215972 0.007817924 0.4798408 -0.8773209 0.1624275 0.4327906 -0.8867411 0.2084746 0.5589357 -0.8025768 0.004609167 0.8058929 -0.5920436 -0.09774708 0.8408256 -0.5324077 -0.2043386 0.8732074 -0.4424417 -0.4400359 0.7292254 -0.5240217 -0.7427328 0.4983269 -0.447234 -0.4479092 0.4935159 -0.745533 -0.1476305 0.6897469 -0.7088403 -0.3869468 0.5175068 -0.76319 -0.0425468 0.5905463 -0.8058814 -0.02644145 0.6946696 -0.7188428 -0.1510597 0.5413271 -0.8271312 -0.3234477 0.5418939 -0.7757143 -0.3582351 0.5309801 -0.7679374 -0.4478812 0.4934108 -0.7456194 -0.3695417 0.3138512 -0.8746065 -0.2443821 0.9609809 -0.1295887 -0.2311885 0.9275889 -0.2934804 -0.001103639 0.9969659 -0.07783323 -0.3126271 0.8778506 -0.3628261 -0.2921998 0.9406398 -0.1726735 -0.02540171 0.9996681 -0.004313766 -0.01949328 0.999795 -0.005469441 0.009097158 0.9999577 0.001345336 -0.6666178 0.6501222 0.3646394 -0.714878 0.3289868 0.6170228 -0.6608161 0.1063832 0.7429702 -0.6641205 -0.08397191 0.7428949 -0.6681851 -0.4438467 0.5971004 -0.136687 -0.9632502 0.2312263 0.3465095 -0.647626 0.6786102 0.4537962 -0.8463713 0.2787918 0.02655744 -0.975891 0.2166369 0.3115556 -0.9463655 0.08558928 -0.1317433 -0.9100664 0.3929669 -0.2081156 -0.9537481 0.2169164 -0.3914837 -0.9054617 0.1639496 -0.6442865 -0.7227612 0.2500227 -0.391525 -0.905465 0.1638342 -0.2575493 -0.9661132 -0.01713919 -0.3349152 -0.9234774 -0.1871401 -0.5502844 -0.7714532 -0.3194482 -0.3347991 -0.9235023 -0.1872249 -0.04021167 -0.9794912 -0.1974341 0.1000204 -0.8816061 -0.4612666 0.5807569 0.06154745 -0.8117471 0.5954015 0.3493783 -0.723486 0.660184 0.1459586 -0.7367857 0.6583414 0.02295696 -0.7523695 0.7063441 0.03882843 -0.7068029 0.6804772 -0.08726519 -0.7275546 0.6757325 0.06225806 -0.7345132 0.7066497 -0.02778774 -0.7070177 0.6602607 -0.1574076 -0.7343561 0.6223446 -0.3139909 -0.7170056 0.5296812 -0.2165485 -0.8200883 0.4532886 -0.443592 -0.7731466 0.4302421 -0.3092166 -0.8481018 0.2248974 -0.5397024 -0.8112599 0.4445376 0.05100303 -0.8943071 0.455869 -0.1035389 -0.8840042 0.5084146 -0.08826273 -0.8565772 0.4607938 -0.1696506 -0.8711416 0.3171225 -0.6591534 -0.6818726 0.08727204 -0.6467776 -0.7576692 0.004747569 -0.6152828 -0.7882923 0.04144608 -0.7410508 -0.6701686 0.04422271 -0.8672801 -0.4958525 0.1097084 -0.7765052 -0.6204867 0.04144316 -0.741061 -0.6701575 0.1297863 -0.7023811 -0.6998687 0.2893128 -0.8947567 -0.3401597 0.1824902 -0.9418577 -0.2821373 0.3596627 -0.9274557 -0.1023164 0.2167834 -0.9740673 -0.06479018 0.3479392 -0.9330146 0.09177249 0.2142627 -0.9650527 0.1508798 0.0243228 -0.8830423 0.4686627 0.1246384 -0.8948753 0.4285598 0.1571063 -0.9286876 0.335942 0.3422136 -0.8877087 0.3079987 -0.0060575 0.261177 0.965272 -0.1446676 0.3284313 0.9333832 -0.02217978 0.3903099 0.9204165 -0.06032717 0.5863231 0.807828 -0.01303499 0.6033324 0.7973835 0.1128426 0.6383381 0.7614402 0.001621961 0.4921659 0.8705 0.1431386 0.3948501 0.9075267 0.001501798 0.2534974 0.967335 0.1487436 0.1496883 0.9774809 0.001170814 0.003667354 0.9999927 0.09889453 -0.09861236 0.9901998 0.003454983 -0.3110139 0.9503992 0.01876378 -0.2153521 0.9763563 0.04620993 -0.2244312 0.9733937 -0.006034374 0.2611699 0.965274 -0.3693972 0.2369956 0.8985427 -0.1448254 0.3283428 0.9333899 -0.6368758 0.3025974 0.7091009 -0.564027 0.3582918 0.7439763 -0.5461799 0.2142654 0.8098011 -0.1295478 0.8253074 0.5496227 -0.4994723 0.609089 0.6160667 -0.5949349 0.6060671 0.5279538 -0.1277291 0.7114077 0.6910747 -0.4579467 0.692501 0.5574291 -0.1276412 0.7114086 0.6910902 -0.5823352 0.8121704 -0.03556668 -0.2191882 0.9742565 0.05273264 -0.4510607 0.8573343 0.2480365 -0.1011344 0.9349001 0.3401967 -0.03803759 0.8611978 0.5068446 -0.006004035 0.9901373 0.139972 -0.244454 0.9609566 -0.1296331 -0.3126168 0.8778978 -0.3627206 -0.141185 0.3051521 0.9417798 -0.1142875 0.4707905 0.8748113 -0.06391507 0.4463055 0.8925954 -0.143195 0.6279773 0.7649444 -0.0552321 0.6886629 0.722975 -0.07834273 0.7966996 0.5992765 -0.1295096 0.8253479 0.5495709 -0.4579459 0.6925596 0.557357 -0.451166 0.8572787 0.2480376 -0.5950334 0.6060773 0.5278311 -0.8870423 0.441778 0.1341201 -0.838669 0.5214166 0.1573509 -0.5824767 0.8120664 -0.03562533 -0.9196549 0.3759737 0.1134854 -0.8648168 0.4978085 -0.06541258 -0.4312547 0.8055052 -0.4064245 -0.2281241 0.5294955 0.8170643 -0.4496818 0.4836837 0.7508906 -0.2815959 0.7588275 0.587269 0.07537519 0.787762 0.6113507 -0.01604312 0.8891199 0.4573933 0.1349973 0.8310858 0.5395111 0.2289032 0.9268553 0.2975612 0.1351635 0.8310212 0.5395689 0.2643111 0.8966642 0.3551519 0.519456 0.6366351 0.5699661 -0.1605889 0.7985509 0.5801101 -0.2873737 0.9191652 0.2693545 -0.1988115 0.9416685 0.2715409 0.209829 0.9487748 0.2362162 -0.1988375 0.9416874 0.2714562 0.0400319 0.9988006 0.02819454 -0.2874733 0.9191082 0.2694426 -0.2815316 0.7588596 0.5872581 -0.666462 0.5832108 0.4644284 0.04003274 0.9987983 0.02827209 -0.2874213 0.9191684 0.269293 -0.346565 0.9348948 0.07658022 -0.9528049 0.2881367 0.09560513 -0.8127402 0.4434784 0.3778631 -0.9197714 0.1728101 0.3523594 -0.9528354 0.2880206 0.09565025 -0.8304615 0.1248204 0.5429121 -0.6018952 0.2346982 0.7633079 -0.4513779 0.02200853 0.8920614 -0.1204752 -0.3514471 0.9284238 -0.3714972 -0.1963516 0.9074337 -0.06394952 -0.1369155 0.9885165 -0.3712184 0.04950308 0.9272252 -0.06398087 -0.1368433 0.9885244 -0.3712302 0.04948383 0.9272215 -0.07222324 0.1424843 0.9871586 -0.07210063 0.1425943 0.9871517 -0.184887 0.05225688 0.9813695 -0.1412086 0.3050463 0.9418105 -0.4694086 -0.2743331 0.8392836 -0.3325495 -0.3241961 0.8856115 -0.2404655 -0.2979358 0.9238024 -0.58625 -0.2639087 0.7659394 -0.5082426 -0.1807528 0.8420321 -0.4951984 -0.2259486 0.8388836 -0.5019668 -0.243503 0.8299009 -0.3716892 -0.1963427 0.907357 -0.6958516 -0.20776 0.6874782 -0.8502798 -0.10814 0.5151021 -0.8439221 0.004106223 0.5364501 -0.9627023 -0.03086203 0.2687968 -0.9810059 0.02984148 0.1916695 -0.7226954 -0.01459294 0.6910126 -0.7017053 -0.08774161 0.7070439 -0.6958652 -0.2077434 0.6874696 -0.4953521 -0.2259117 0.8388028 -0.8778038 -0.1026292 0.4678972 -0.7788863 -0.06522959 0.6237638 -0.9821032 -0.04209005 0.1835804 -0.842641 -0.1571781 0.5150255 -0.8778803 -0.1025656 0.4677675 -0.9613105 -0.2583006 0.09572386 -0.887907 -0.1257342 0.4425067 -0.7789749 -0.06515961 0.6236605 -0.7227671 -0.01452225 0.6909391 -0.7807916 -0.4737718 0.407314 -0.8879097 -0.125793 0.4424843 -0.5996984 -0.1374448 0.7883342 -0.5997009 -0.1374217 0.7883364 -0.84119 -0.1480194 0.5200862 -0.7227445 -0.01461726 0.6909607 -0.6743749 -0.6121054 0.4129716 -0.9655748 -0.2389391 0.1028283 -0.8879348 -0.1258469 0.4424188 -0.9163128 -0.128774 0.3791942 -0.9656145 -0.2388335 0.1026997 -0.9820787 -0.04210788 0.183707 -0.8824307 -0.02779924 0.4696203 -0.7936084 -0.4994701 0.3474411 0.7976472 0.6030924 0.006215095 0.9913215 0.1308086 0.01307463 0.9651142 0.2455562 0.09086644 0.9880735 0.04133117 0.148333 0.8884871 0.1883265 0.4184783 0.863033 0.07285958 0.4998656 0.4922901 0.2216533 0.8417364 0.9788924 9.88409e-4 0.2043742 0.6111549 -0.138539 0.7792924 0.8996853 -0.09015709 0.4271276 0.8094536 -0.0377233 0.5859709 0.9371219 -0.04240244 0.3464168 0.9959897 -0.02847105 0.08481717 0.9451008 -0.1091744 0.3080024 0.9863227 -0.1647467 -0.005101561 0.9744206 -0.1034064 0.1995289 0.9447528 -0.2949519 0.1429883 0.7749063 -0.5038628 0.3816316 0.6139957 -0.04497337 0.7880271 0.8920879 -0.0228219 0.4512853 0.5469932 -0.0238437 0.8367974 0.9891537 -0.04026681 -0.1412574 0.9891514 -0.04027873 -0.1412697 0.8534286 0.3585049 0.3783307 0.7270119 0.6574369 0.1980673 0.4474314 0.8908812 0.07833158 0.3518599 0.9360454 0.003694057 -0.0687654 0.9976329 -1.39533e-4 -0.4811635 0.8766099 0.006067454 -0.8515953 0.5240533 0.01239508 -0.995438 0.09290277 0.02173715 -0.9785842 0.08908236 0.1855726 -0.9810407 0.02984493 0.1914899 -0.981024 0.02989673 0.1915678 -0.9197677 0.1728251 0.3523619 -0.8305818 0.1248102 0.5427304 -0.8438925 0.004131734 0.5364966 -0.3713976 0.04949438 0.9271538 -0.451395 0.02194893 0.8920542 0.5023964 0.4427114 0.7427009 0.2290989 0.9268276 0.2974969 0.5195129 0.6366538 0.5698933 0.6044713 0.6191412 0.5012771 0.7061547 0.37071 0.6032577 0.5194612 0.636617 0.5699815 0.5023072 0.4427406 0.7427437 0.3297308 0.006406664 0.9440534 0.1487424 0.1496702 0.9774838 0.294707 0.2504518 0.9221832 0.4921628 0.221703 0.841798 0.2946997 0.2505577 0.9221567 0.1430627 0.394831 0.9075471 0.2818756 0.4926629 0.823304 0.6696506 -0.1350125 0.7303012 0.9239866 -0.0369597 0.3806348 0.5424089 -0.4954646 0.6784597 0.3684789 -0.3697674 0.8529334 0.5423126 -0.4955669 0.6784619 -0.2101098 -0.5480839 0.8096036 -0.0402522 -0.1602398 0.9862571 0.1025118 -0.5415199 0.8344145 0.1071332 -0.3250346 0.9396144 0.2702579 -0.3344573 0.9028284 0.3684408 -0.3696019 0.8530216 0.1072969 -0.32494 0.9396283 0.3448536 -0.06079304 0.9366858 0.6695747 -0.1349694 0.7303787 0.68436 -0.04338544 0.7278524 0.6697134 -0.1349999 0.7302458 0.8095008 -0.03760057 0.5859135 0.945057 -0.1091548 0.3081438 -0.0402826 -0.1600323 0.9862896 0.05175918 -0.01875245 0.9984835 0.2075758 -0.09156608 0.973924 0.4369234 -0.1798008 0.8813453 -0.2398877 -0.004961609 0.970788 -0.005262136 0.1664427 0.9860371 -0.03294146 0.02590894 0.9991214 -0.1288164 0.005425989 0.9916537 -0.2621111 0.03356856 0.9644538 -0.1666047 0.04189157 0.9851335 -0.02851611 -0.01130998 0.9995294 0.0330199 -7.8501e-4 0.9994544 -0.002868711 -0.01483488 0.9998859 0.03412169 -0.07309317 0.9967413 0.2109191 -0.1872856 0.9593942 0.4367998 -0.1798686 0.8813928 0.5468324 -0.02383971 0.8369027 -0.2621699 0.03362566 0.9644357 -0.2838922 0.3810031 0.8799102 -0.005450487 0.166446 0.9860355 -0.2450166 0.4766841 0.8442389 -0.005121648 0.4265888 0.9044312 -0.006745159 0.7531729 0.6577881 -0.005115747 0.05058103 0.9987069 4.93536e-7 0 1 -0.04699432 -0.08254367 0.9954788 -0.09457248 0.02599245 0.9951786 -0.2453474 -0.1537231 0.9571698 -0.3967885 -0.08299165 0.9141507 -0.4135233 -0.2396882 0.8783782 -0.5437777 -0.1817971 0.8193021 -0.332555 -0.3707533 0.8671501 -0.002122282 -0.1043775 0.9945355 -0.005559504 -0.3317151 0.9433633 -0.1076317 -0.5407817 0.8342486 -0.1594042 -0.7114892 0.6843781 -0.0864647 -0.3680637 0.9257716 0.07190781 0.04471051 0.9964088 -0.1425777 -0.4250286 0.8938806 -0.1877573 -0.540431 0.8201717 -0.05057644 -0.5121444 0.857409 -0.04471045 -0.6608784 0.7491601 0.001003742 -0.5091677 0.8606668 0.04178202 -0.5459035 0.8368058 -0.1335117 -0.4277933 0.8939617 -0.007203757 -0.3336191 0.9426805 -0.5389367 -0.1001927 0.8363665 -0.4313284 -0.1432027 0.8907575 -0.5261219 -0.107401 0.8435999 -0.5259848 -0.1074293 0.8436818 -0.4346413 0.01520073 0.9004755 -0.1636221 -0.01702356 0.9863762 -0.147045 -0.08685982 0.9853087 -0.2008613 0.001472175 0.9796187 -0.08794718 -0.06760245 0.9938286 -0.1042493 -0.2558935 0.9610674 -0.3304619 -0.2227969 0.9171459 -0.2289977 -0.340035 0.9121055 -0.3055963 -0.0751245 0.949193 -0.2660906 -0.3551598 0.8961347 -0.116243 -0.3444077 0.931596 -0.1208677 -0.4943023 0.8608463 -0.1923298 -0.4544689 0.8697513 -0.4173603 -0.3608905 0.8340076 -0.6018926 -0.6389856 0.478981 -0.1477575 -0.6805142 0.7176826 -0.1476995 -0.6805602 0.7176508 -0.5040108 -0.7101823 0.4915429 -0.1264992 -0.9238667 0.361204 -0.07592165 -0.7529408 0.6536942 -0.1794161 -0.7955361 0.5787332 -0.3624459 -0.683435 0.6336795 -0.2893211 -0.8516018 0.4371129 -0.1975854 -0.9302687 0.3091285 -0.3321935 -0.3843242 0.8613608 -0.2889065 -0.4155514 0.8624675 -0.3323273 -0.3842737 0.8613318 -0.5138539 -0.2864779 0.8086314 -0.4345596 -0.2458796 0.8664301 -0.3322529 -0.3842442 0.8613736 -0.4964216 -0.1514865 0.8547616 -0.1560975 -0.2938432 0.9430216 -0.4174291 -0.1921162 0.8881691 -0.1991558 -0.1961809 0.9601302 -0.1993099 -0.1962962 0.9600747 -0.3306292 -0.2228249 0.9170787 -0.2822769 -0.06606435 0.9570555 -0.4310525 -0.2724102 0.8602247 -0.1460796 -0.9647297 0.2189922 -0.1265015 -0.9239214 0.3610633 -0.09787946 -0.9936923 -0.05472803 -0.4213072 -0.906851 0.01103067 -0.1266103 -0.9238702 0.361156 -0.671069 -0.5885948 0.4508022 -0.5352625 -0.8426712 0.05830401 -0.2791587 -0.8474473 -0.4515569 -0.09502011 -0.9927679 -0.07336932 -0.211445 -0.977097 -0.0239256 -0.1977774 -0.9302206 0.3091502 -0.2663779 -0.9625786 0.0498526 -0.5311817 -0.7953926 0.2918847 -0.362432 -0.6835505 0.6335628 -0.2231304 -0.9076378 0.3555371 -0.4775763 -0.87795 -0.0335378 -0.7216118 -0.6752147 0.1528449 -0.7391774 -0.6476694 0.1847733 -0.4631866 -0.8698633 0.1696941 -0.7925373 -0.6077095 0.05073457 -0.6180405 -0.7835546 0.06378293 -0.7193282 -0.6899812 0.08058005 -0.4914135 -0.8678898 0.07266539 -0.571357 -0.7752851 0.2692293 -0.3070344 -0.9106326 0.2765468 -0.4431948 -0.7059816 0.5524205 -0.1432797 -0.6796277 0.7194283 -0.3861304 -0.3717468 0.8442202 -0.995396 -0.001072764 0.09584152 -0.9150626 -0.3438672 0.2107509 -0.9466373 -0.3062297 0.1005041 -0.7392379 -0.647621 0.1847008 -0.8863612 -0.3866091 0.2547495 -0.7392361 -0.6475937 0.1848036 -0.8195013 -0.5669192 0.08378809 -0.9049786 -0.4040476 0.1332646 -0.9150409 -0.3439759 0.2106673 -0.9585937 -0.2733113 0.07999497 -0.9462848 -0.3228105 0.01840239 -0.9707453 -0.2396928 0.01417851 -0.9708097 -0.2240847 0.08552539 -0.9968338 -0.06909668 -0.03934675 -0.9999992 0.001266598 8.21135e-5 -0.999929 -0.004720449 0.01093953 -0.9969295 -6.44069e-4 -0.0783022 -0.9787556 -0.02190572 0.2038568 -0.9491263 -0.1493486 0.2772263 -0.8654357 -0.04628074 0.4988781 -0.8699593 0.007181704 0.4930713 -0.9066388 -0.1959085 0.3736659 -0.8362683 -0.4462468 -0.3186208 -0.8813183 -0.4703555 -0.04520702 -0.9748806 -0.2083719 -0.07866972 -0.9595407 -0.252336 0.1249326 -0.949157 -0.1494335 0.2770752 -0.8139641 -0.4828816 0.3229366 -0.9491174 -0.1494611 0.2771958 -0.7394343 -0.5213088 0.425998 -0.768412 -0.3488333 0.5365242 -0.7413465 -0.4515281 -0.4965156 -0.8362656 -0.4461721 -0.3187325 -0.9713276 -0.1384379 -0.1932811 -0.9713501 -0.1383994 -0.1931964 -0.8910881 -0.3870534 -0.2369633 -0.9749048 -0.2082458 -0.07870447 -0.9594869 -0.252492 0.1250311 -0.8235829 -0.5656549 0.04178214 -0.6711643 -0.5885056 0.4507769 -0.6824538 -0.0782141 0.7267321 -0.2009659 0.001484096 0.9795972 -0.869872 0.007164657 0.4932256 -0.9996986 -0.01993173 0.01433962 -0.9917854 0.1278505 -0.004014372 -0.9653825 0.2480639 0.08062833 -0.9907401 0.08032697 0.1094608 -0.9941179 -0.08080106 0.07211816 -0.6717903 -0.6841422 0.2839845 -0.7783174 -0.624435 0.06559813 -0.9225678 -0.3631855 0.1302497 -0.9226125 -0.3631171 0.130124 -0.8508013 -0.5162665 0.09801149 -0.9540828 -0.2995426 6.5485e-4 -0.9875525 -0.1532866 -0.03526175 -0.9971631 -0.003622412 -0.07518553 -0.9999933 -0.002989709 0.002119362 -0.9897666 0.04584121 -0.1351319 -0.9754596 -0.001587033 0.2201733 -0.9908974 0.08395296 0.1052347 -0.9746345 0.0432952 0.2195748 -0.9779433 0.1831886 0.1003437 -0.9631648 -0.03228056 -0.2669673 -0.778343 -0.6244152 0.06548243 -0.8211704 -0.5505334 -0.1503076 -0.954039 -0.2996819 5.89635e-4 -0.9799059 -0.1434962 -0.1385403 -0.9539495 0.2996632 0.01351058 -0.9858379 0.1622876 -0.04226666 -0.9391413 0.2208567 -0.2631274 -0.8693774 0.3282237 -0.3693944 -0.9737995 0.2077607 -0.09246683 -0.9897691 0.04588031 -0.1351004 -0.9391315 0.2207484 -0.2632534 -0.8750619 -0.01712787 -0.483708 -0.9318096 -0.02077591 -0.3623523 -0.9971607 -0.0036152 -0.07521748 -0.9799367 -0.1433191 -0.1385055 -0.9858348 0.1623027 -0.04227972 -0.8866958 0.4159661 -0.2018484 -0.7936878 0.595782 0.122897 -0.9996813 0.02496474 0.003747463 -0.9999312 0.01167958 0.001057863 -0.9999314 0.01166605 0.001057207 -0.9897805 0.04579281 -0.1350473 -0.9858562 0.1621717 -0.04228526 -0.9231735 0.3842892 -0.008526921 -0.999182 0.01425355 -0.03784501 -0.9402666 0.3136385 0.1323997 -0.9231321 0.3843888 -0.008512675 -0.9206263 0.3870832 -0.05112797 -0.800795 0.595286 -0.06604683 -0.820163 0.5360662 -0.1999142 -0.6654038 0.737063 -0.11822 -0.7333234 0.5896418 -0.3384662 -0.7932157 0.5759329 -0.1977629 -0.8363167 0.3854425 -0.3898825 -0.9049453 0.4162366 -0.08843755 -0.7075708 0.7033557 -0.06807702 -0.5551187 0.825944 0.09828525 -0.6695313 0.7420731 -0.032489 -0.9640881 0.225783 -0.1398441 -0.9953922 0.08710199 -0.04009521 -0.9943092 0.09459865 -0.04899525 -0.9909796 0.1339393 0.004450261 -0.9979329 -0.001661658 0.06424534 -0.9666652 0.2356511 0.1001353 -0.9429376 -0.04342961 0.330125 -0.9006708 0.162009 0.4031689 -0.9861699 0.122697 -0.1114206 -0.9861614 0.1228168 -0.1113636 -0.9688881 0.2182223 -0.1167688 -0.9500626 0.2895732 0.1163123 -0.9538098 0.09903329 0.2836184 -0.9689168 0.2181164 -0.116729 -0.974875 0.04227417 -0.2187042 -0.9989316 0.03707242 -0.02759391 -0.8677272 0.2297862 -0.4407357 -0.9989241 0.03712379 -0.02779382 -0.7931488 0.08199495 -0.6034831 -0.8588884 -0.01111066 -0.5120423 -0.7255219 -0.04445385 -0.6867619 -0.5255822 0.06775575 -0.8480404 -0.5801327 -0.09231734 -0.8092736 -0.7627765 -0.02104192 -0.6463198 -0.5551607 0.2502999 -0.7931876 -0.5080376 0.4736576 -0.719407 -0.555062 0.2503436 -0.7932429 -0.9698228 0.2429202 -0.02082383 -0.8677599 0.2298472 -0.4406394 -0.8075958 0.4819005 -0.3399425 -0.7428157 0.4981787 -0.4472616 -0.8677216 0.2298132 -0.4407325 -0.5736094 0.4495279 -0.6847605 -0.3695358 0.3137571 -0.8746427 -0.9050734 0.06080478 0.420886 -0.7767628 0.04285115 0.6283339 -0.9049968 0.06076705 0.4210562 -0.7419992 0.064516 0.6672893 -0.8691249 0.31729 0.3794064 -0.665736 0.6887938 0.2869819 -0.7894849 -0.1399624 0.5975986 -0.8547902 -0.4054269 0.3239796 -0.9089605 -0.2193537 0.3545063 -0.5418092 -0.697558 0.4688878 -0.8125925 -0.4926161 0.3114849 -0.6305996 -0.7693252 0.1023866 -0.4909521 -0.866474 0.09049254 -0.09922087 -0.9950439 -0.006561577 0.04907673 -0.9976212 0.0484091 -0.09918922 -0.9950467 -0.006589889 -0.1689578 -0.9819312 0.08523201 0.09686404 -0.9807641 -0.1694673 0.2087796 -0.9779627 -6.59267e-5 0.55173 -0.8306642 0.07477247 0.3607581 -0.9301591 -0.06824773 0.6165686 -0.7512357 0.235559 0.4039027 -0.8935203 -0.1961737 0.2486925 -0.9315769 -0.265173 0.2933903 -0.8889052 -0.3518095 0.252905 -0.8624417 -0.4384441 0.4351364 -0.7605395 -0.4819086 0.378859 -0.5984444 -0.7059251 0.6111628 -0.5004255 -0.6132328 0.5724271 -0.3424035 -0.7450417 0.454331 -0.5151003 -0.7268116 0.4368592 -0.1870808 -0.8798608 0.319561 -0.2406838 -0.916489 0.2390245 -0.05805462 -0.9692766 0.3324951 -0.1084454 -0.9368493 0.2662242 0.06695312 -0.9615831 0.4752542 -0.035986 -0.8791124 0.4950748 0.02004551 -0.8686191 0.59568 -0.06216591 -0.8008126 0.7070485 0.007558286 -0.7071247 0.7029243 -0.09291464 -0.7051697 0.7959664 -0.07031011 -0.6012438 0.6667931 -0.3116936 -0.6769299 0.7091975 -0.2740889 -0.6495493 0.4947905 -0.6236814 -0.6051479 0.4437031 -0.5478883 -0.7091868 0.3039702 -0.7370212 -0.6036573 0.55182 -0.8306157 0.07464927 0.4609088 -0.8193159 -0.3410055 0.3545665 -0.852888 -0.3832292 0.4808668 -0.8767866 -0.003527164 0.6329038 -0.6541447 -0.4141591 0.4188123 -0.7545994 -0.5051498 0.3908236 -0.7922838 -0.4685544 0.9907953 -0.1007395 -0.09042382 0.843789 -0.3838465 -0.3750763 0.9091007 -0.3686718 0.1939516 0.8987928 -0.4380814 -0.01600885 0.8437527 -0.383884 -0.3751194 0.6020332 -0.4974997 -0.62454 0.6182204 -0.4217938 -0.6632447 0.5593474 -0.5155094 -0.6491383 0.6254417 -0.03293651 -0.7795755 0.5917875 -0.08028954 -0.8020856 0.5202642 -0.08021861 -0.8502296 0.5518489 -0.2869169 -0.7830336 0.2991547 -0.06928604 -0.9516858 0.6456665 -0.04267519 -0.7624262 0.5600994 0.05784595 -0.8264034 0.5286032 0.3788645 -0.7596317 0.3742861 0.2527706 -0.8921979 0.1625333 0.4326608 -0.8867851 0.5005995 -0.6427221 -0.5799211 0.666575 -0.5234246 -0.5307586 0.6208106 -0.2247089 -0.7510659 0.6626633 -0.2527591 -0.7049753 0.6208426 -0.224652 -0.7510566 0.8437489 -0.3838443 -0.3751685 0.9586964 -0.1304736 -0.2527406 0.324046 -0.6687154 -0.669189 0.358218 -0.7902114 -0.4972381 0.1246992 -0.8546137 -0.504069 0.04420095 -0.8672878 -0.4958409 0.6863352 -0.6595678 0.3064546 0.2846609 -0.8103892 0.5120915 0.07724016 -0.8205853 0.5662807 0.01836198 -0.7342904 0.6785872 0.2118899 -0.7362365 0.6426963 0.5250535 -0.62717 0.5753058 0.882718 -0.3483471 0.315378 0.922776 -0.3793509 0.06765741 0.9906173 -0.1234801 0.05856662 0.9527315 -0.3015788 -0.03678244 0.9973167 -0.07310706 -0.003862261 0.9722667 -0.2161681 -0.08926755 0.9962635 -0.03673493 -0.07816541 0.8858913 -0.3092948 -0.3457362 0.9643372 -0.0851078 -0.2506201 0.8272432 -0.2438692 -0.5061588 0.9507122 -0.05944371 -0.3043236 0.8878356 -0.06566005 -0.4554523 0.9701579 0.02924537 -0.2407041 0.8747368 0.01853024 -0.4842439 0.924292 -0.03672099 -0.3799156 0.8278442 -0.1885257 -0.5283297 0.8234611 -0.4173522 -0.3843552 0.7035058 -0.5447233 -0.4564604 0.7283862 -0.6150748 -0.3018885 0.5814562 -0.7155973 -0.3870776 0.7581459 -0.6272 -0.1784237 0.6065182 -0.7739871 -0.1818783 0.7951012 -0.6055688 -0.03317487 0.642407 -0.7642737 -0.05656069 0.6977685 -0.7149019 0.04510563 0.5032802 -0.8629153 0.04567795 0.5932958 -0.7903866 0.1526079 0.325299 -0.944898 0.03672176 0.3548506 -0.925117 0.1350541 0.08568257 -0.9961161 0.02028554 0.2359228 -0.9312933 0.2775489 0.03258728 -0.996042 0.08269548 0.09925597 -0.9139522 0.3934968 0.01671212 -0.9696115 0.2440788 0.03730887 -0.8698669 0.4918736 -0.02634429 -0.9551953 0.2948019 -0.05291771 -0.8392555 0.5411561 -0.2046427 -0.7069624 0.6769974 -0.1208758 -0.4942985 0.8608474 0.2184337 -0.6981732 0.6817924 0.3577578 -0.6035925 0.7125206 0.7524242 -0.323598 0.573709 0.9213258 -0.1265311 0.3676257 0.9807664 -0.07812893 0.1788665 0.3013782 -0.2724351 0.9137561 0.1335761 -0.4508341 0.8825566 0.05896395 -0.4085265 0.91084 0.1413401 -0.2436114 0.959519 0.3348247 -0.07884281 0.9389762 0.3336172 -0.1420776 0.9319407 0.03792524 -0.3411224 0.9392536 0.1879567 -0.09332394 0.9777336 0.008275985 -0.5324918 0.8463947 0.04364806 -0.5988912 0.7996401 0.1142886 -0.6891133 0.7155844 0.1075737 -0.08010786 0.9909645 0.225158 0.01744747 0.9741661 0.4883976 0.02002704 0.8723914 0.5150318 -0.06447398 0.854743 0.6922526 0.001513302 0.7216538 0.6843737 -0.06697738 0.7260487 0.8550744 0.01021391 0.5184049 0.7846515 -0.1025443 0.6113974 0.1350184 -0.02982747 0.9903941 0.02409976 -0.1498529 0.9884146 0.0538572 -0.3488174 0.935642 0.03358983 -0.4189898 0.9073694 0.07796317 -0.5042596 0.8600256 -0.01483738 -0.2189096 0.9756323 -0.08888006 -0.2200172 0.9714386 0.01005429 -0.4282312 0.9036132 0.1391359 -0.4255993 0.8941513 0.05263471 -0.3519671 0.9345314 -0.03930008 -0.9936682 0.1052569 -0.0940532 -0.9949595 0.0347777 -0.3196407 -0.9474183 0.01511281 -0.2357313 -0.9700472 0.05864566 -0.8615651 -0.5029394 0.0689755 -0.9346948 -0.3342143 0.1210228 -0.9057043 -0.2502352 0.3421726 -0.9741052 -0.1312441 0.1841039 -0.9898725 -0.001406192 0.1419527 -0.9995759 -0.001169145 -0.02910131 -0.8606195 0.0101071 -0.5091484 -0.9631348 -0.03224945 -0.2670797 -0.7261676 0 -0.6875178 -0.8804848 0.4681346 -0.07480973 -0.7886569 0.5187671 -0.330002 -0.4265683 0.8985891 -0.1028457 -0.2869287 0.9520808 -0.1058973 -0.7885988 0.5188245 -0.3300505 -0.624691 0.6510202 -0.4312007 -0.8611081 0.3264098 -0.389807 -0.9943922 -0.09294855 -0.05044537 -0.9980512 0.03756237 -0.04982894 -0.8908187 -0.3352059 0.3067232 -0.9808499 -0.1316447 0.1435377 -0.8548642 -0.4053178 0.3239209 -0.9447338 -0.325081 0.04243135 -0.8764064 0.08293634 -0.4743768 -0.8867442 0.2652037 -0.3786184 -0.9817869 -2.57146e-4 -0.1899859 -0.9818033 -2.2648e-4 -0.1899011 -0.965936 -0.1451079 -0.2142696 -0.9076651 0.03695464 -0.4180653 -0.87677 -0.4304098 -0.2145273 -0.7577806 -0.6335352 0.1562112 -0.6964898 -0.7062768 0.1267876 -0.842451 -0.476871 -0.2507399 -0.9741997 0.1607269 0.1584357 -0.9772802 0.2055058 0.05187261 -0.9898923 -0.001421213 0.141814 -0.9980541 -0.04079228 0.04715913 -0.9895895 -0.1001822 0.1033263 -0.9994598 -0.006423711 0.03223156 -0.9916661 -0.102429 -0.07814455 -0.9819394 -0.1688946 0.08526319 -0.8378747 -0.5184948 0.1706728 -0.9963302 -0.02679038 0.08129203 -0.9975412 0.07007282 0.001229703 -0.9779957 0.2085934 0.003638505 -0.518607 -0.7214035 -0.4589378 -0.2578747 -0.9278717 -0.2693603 -0.3249194 -0.8062251 -0.4943971 -0.1036337 -0.9195525 -0.379056 -0.1999142 -0.6508837 -0.7323828 -0.006617665 -0.804223 -0.594291 -0.01263517 -0.6069839 -0.7946137 0.09471857 -0.675644 -0.731118 0.06057101 -0.464374 -0.8835655 0.2356513 -0.4092346 -0.8814736 0.3439356 -0.3102863 -0.8862454 0.3488252 -0.1531985 -0.9245817 0.1366155 -0.2175169 -0.9664486 0.04398572 -0.03517794 -0.9984127 0.02497178 -0.1620068 -0.9864736 -0.05145233 -0.01051086 -0.9986202 -0.05471658 -0.2345382 -0.9705659 -0.1045106 -0.06006389 -0.9927085 -0.1451089 -0.2654144 -0.953152 -0.2333608 -0.2182335 -0.9475848 -0.1834234 -0.4239051 -0.8869388 -0.507599 -0.403352 -0.7613478 -0.5306748 -0.5795564 -0.6184648 -0.7345165 -0.6043756 -0.3085705 -0.03908884 -0.9936457 -0.1055486 0.001069009 -0.9997112 -0.02400815 0.00185126 -0.959088 -0.283102 -0.01611644 -0.992515 -0.1210548 0.08280384 -0.9302178 -0.3575451 -0.5557925 -0.8266991 0.08754074 -0.6306264 -0.7693262 0.1022136 -0.2579322 -0.9278489 -0.2693837 -0.7835099 -0.5510308 -0.2871887 0.6287421 -0.4787318 -0.61278 0.6486076 -0.6092247 -0.4562385 0.8336011 -0.5106128 -0.210675 0.6199167 -0.7360382 -0.2719395 0.8205104 -0.5681937 -0.06260013 0.6134188 -0.785005 -0.0865134 0.804434 -0.5910111 0.0599333 0.5988587 -0.7939072 0.1052601 0.114367 -0.6890717 0.7156119 0.04367285 -0.59887 0.7996546 0.2273284 -0.5120826 0.8283075 0.501891 -0.2662834 0.8229208 0.5059971 -0.158856 0.8477805 0.5149974 -0.06453651 0.8547589 0.2675043 -0.2413073 0.9328517 0.3161888 -0.3591265 0.8780962 0.349273 -0.1412777 0.9263094 0.5328811 -0.2333843 0.8133692 0.05249428 -0.351858 0.9345803 -0.01483476 -0.2189148 0.9756313 0.006340146 -0.1889588 0.9819646 -0.07573294 -0.4752482 0.8765864 0.04888981 -0.7461374 0.6639947 0.1566829 -0.7489302 0.6438588 0.377394 -0.7161945 0.5870599 0.54885 -0.7442788 0.3805429 0.5754818 -0.5470091 0.607949 0.730135 -0.5541588 0.3997637 0.78881 -0.2439274 0.5641617 0.8459938 -0.4004852 0.3520031 0.9105044 -0.1802933 0.3721238 0.947471 -0.1888427 0.2581418 -0.7506981 -0.5857437 0.3055436 -0.7654914 -0.184171 0.6165258 -0.9199934 0.02710199 0.3909958 -0.9702461 -0.1553708 0.1856942 -0.9520784 -0.2496442 -0.1767047 -0.7340487 0.1271882 0.6670799 -0.7219175 -0.136959 0.6782901 -0.7305952 -0.001823544 0.6828085 -0.8387116 -0.01808685 0.5442755 -0.9747436 0.1377491 0.1757845 -0.9612563 -0.2732163 0.0365954 -0.9817993 -0.1896964 -0.009246289 -0.7271884 -0.3859331 0.5676731 -0.9572131 -0.2056512 0.2035949 -0.8213475 -0.2632533 0.5060495 -0.6254324 -0.3059586 0.7177909 -0.704216 -0.4015703 0.5855094 -0.7812842 -0.3440375 0.5208007 -0.8300467 -0.3842087 0.4042357 -0.616702 -0.3964371 0.6800856 -0.5468619 -0.2420817 0.8014603 -0.4739655 -0.1476711 0.8680726 -0.6228931 -0.5217057 0.5829471 -0.7906362 -0.2415109 0.5626429 -0.08702743 -0.2858425 0.9543166 0.2507362 -0.7890681 0.5608057 -0.1138913 -0.5817399 0.8053619 -0.005497336 -0.498871 0.8666588 -0.1139555 -0.5816628 0.8054084 -0.2847141 -0.7994892 0.5289186 -0.01156765 -0.9509893 0.3090074 -0.1544354 -0.9789002 0.1338064 -0.06635528 -0.997488 0.02479344 0.1827581 -0.7510488 0.6344487 0.1125122 -0.9461622 0.30351 0.0324037 -0.9151762 0.4017497 0.001574695 -0.996936 0.07820576 0.02545869 -0.9473087 0.3193089 -0.1404234 -0.9853231 -0.09705585 -0.03317004 -0.9854949 -0.1664322 0.01816231 -0.9997076 -0.01596367 0.09647768 -0.9951575 0.01880532 0.1253638 -0.9746811 -0.1851507 -0.01779431 -0.9746553 -0.2230033 -0.01369643 -0.9982073 -0.05826401 0.01881444 -0.9979368 -0.06138628 0.3228175 -0.9425396 0.08606934 0.1610227 -0.9868869 0.011222 0.03038448 -0.9979537 -0.05626177 0.3079955 -0.9449461 -0.110525 0.2047243 -0.9504926 -0.2337771 0.1266688 -0.9833483 -0.1303119 0.1278184 -0.9912625 0.0325756 0.4241322 -0.8995771 0.1042744 0.2530159 -0.9525611 0.1691464 0.4244101 -0.8879335 0.1773422 0.4241384 -0.8995537 0.1044501 0.4242255 -0.8995131 0.1044456 0.5939204 -0.7957547 -0.1184607 0.4057216 -0.8381562 -0.364533 0.8779337 -0.3500404 -0.3266561 0.6133442 -0.6582176 -0.4365302 0.6666094 -0.7365044 -0.1148617 0.9446653 -0.3256412 -0.03956735 0.7597699 -0.6418393 -0.1038856 0.7736591 -0.5967342 0.2129786 0.9816339 -0.1839256 0.0506612 0.9446648 -0.325661 -0.0394141 0.9718372 -0.2254085 -0.06872737 0.9500993 -0.2625724 -0.1684256 0.8567381 -0.1609023 -0.4900104 0.8567046 -0.1609396 -0.4900568 0.7248893 -0.3788266 -0.5753485 0.4730109 -0.6706055 -0.5714446 0.1853488 -0.8599997 -0.4754435 0.0210393 -0.96606 -0.2574597 0.003869593 -0.9865548 -0.1633855 0.03136408 -0.9961407 -0.08197653 0.1047015 -0.9387558 -0.3282914 0.2590867 -0.9352642 -0.2411536 0.3584496 -0.7465667 -0.5604928 0.5507264 -0.566699 -0.6128236 0.6428976 -0.3134823 -0.6988646 0.6792717 -0.1134324 -0.7250676 0.6154668 -0.2062275 -0.7607043 0.7128469 -0.1971572 -0.6730368 0.6584171 -0.3674653 -0.6568533 0.6479095 -0.1862071 -0.7386069 0.5052282 -0.3024082 -0.8082659 0.6437001 0.04891967 -0.7637127 0.4875984 -0.1768091 -0.8549773 0.6246523 -0.3088757 -0.7172206 0.5935515 -0.1469209 -0.7912718 0.5561703 -0.2012945 -0.8063221 0.3680962 -0.331301 -0.8687605 0.4335103 -0.2469449 -0.8666528 0.1057349 0.01823818 -0.9942272 0.4634448 -0.3281466 -0.8231273 0.05117398 -7.83987e-4 -0.9986895 0.1870351 -0.04859119 -0.9811508 -0.1647205 -0.05883347 -0.9845841 -0.1073543 -0.001499593 -0.9942197 -0.1598711 -0.0963338 -0.9824261 -0.03229385 -0.2751458 -0.96086 -0.2190843 -0.412008 -0.8844499 -0.06730359 -0.7244034 -0.6860831 -0.2380079 -0.1721599 -0.9558835 -0.2773212 -0.2912409 -0.9155719 -0.3393915 -0.6217593 -0.7058532 -0.2612404 -0.8239294 -0.5028855 -0.3857787 -0.8513903 -0.3554007 -0.2511385 -0.9504296 -0.1833387 -0.605531 -0.7503632 -0.2651179 -0.4055189 -0.8720692 -0.2739518 -0.6056641 -0.7502554 -0.265119 -0.7979001 -0.5890531 -0.1279532 -0.5680401 -0.8042719 -0.1745771 -0.6055924 -0.7503219 -0.2650941 -0.6393914 -0.7567048 -0.1362959 -0.6924204 -0.7213785 0.01293241 0.04322379 -0.9753613 -0.2163379 -0.05496227 -0.8319327 -0.5521478 -0.08493506 -0.9631773 -0.2550995 -0.08505922 -0.9631407 -0.255196 -0.05519175 -0.7812994 -0.6217114 -0.169982 -0.972283 -0.1605366 -0.2219657 -0.9015306 0.3714485 -0.1137866 -0.9750885 0.1904075 -0.07566046 -0.9890629 0.1266103 0.02849239 -0.9936595 -0.1087619 -0.05516713 -0.9979208 -0.03332495 0.05810511 -0.9528176 -0.2979304 -0.0552473 -0.997915 -0.03336894 -0.2510335 -0.9504781 -0.1832308 -0.5679967 -0.8042945 -0.1746147 -0.0419259 -0.9237814 -0.3806181 -0.03214001 -0.004787087 -0.9994719 2.40063e-6 0 -1 -0.002284944 -0.093077 -0.9956563 -8.04819e-4 0.0399267 -0.9992023 0.01101237 0.2277669 -0.9736535 -0.1125377 0.07401919 -0.9908867 -0.3918235 0.07756119 -0.9167653 -0.4752179 0.1194189 -0.8717265 -0.3732699 -0.0690186 -0.9251519 -0.5913424 -0.2357604 -0.7711882 -0.4172511 -0.229153 -0.8794263 -0.7845384 -0.3178727 -0.5324064 -0.6912095 -0.07377666 -0.7188787 -0.8763805 0.08290493 -0.4744301 -0.9659201 -0.1451599 -0.2143062 -0.8424936 -0.4767648 -0.2507985 -0.7835487 -0.5509401 -0.287257 0.07932847 -0.8203123 -0.5663874 0.3145952 -0.8046875 -0.5034956 0.3685372 -0.7239429 -0.5831698 0.4398956 -0.7566045 -0.4837785 0.9992728 -6.57036e-4 0.03812462 0.2014861 -0.5409426 0.8165688 0.5973761 -0.3220024 0.734477 0.3705035 -0.5228833 0.767672 0.1986789 -0.5940155 0.7795333 0.2754393 -0.5536783 0.7858585 0.08279705 -0.639362 0.764435 0.22647 -0.9738974 -0.01533609 0.06731504 -0.9972438 -0.03120279 0.5767244 -0.4350172 -0.6914831 0.316024 -0.5094535 -0.8003662 0.1901873 0.1908015 -0.9630283 0.1234555 0.142134 -0.9821185 0.3136075 0.1380409 -0.9394653 0.4253472 -0.3353033 -0.8406258 0.588444 -0.3135411 -0.7452689 -0.6912286 -0.07368487 -0.7188697 -0.4657093 0.2423402 -0.8511087 -0.8513831 0.1134588 -0.5121269 -0.03083699 -0.4331857 -0.9007771 0.5149337 -0.5825141 -0.6289044 0.8780253 -0.08233934 0.4714782 0.6712707 -0.1723542 0.7208951 0.6843387 -0.06708842 0.7260714 0.9244647 -0.05712318 0.3769642 0.3469308 0.01673054 0.9377416 0.3492167 -0.1411635 0.926348 0.2251738 0.01735115 0.9741641 0.135114 -0.02987891 0.9903795 0.1562636 0.1444377 0.9770975 0.4541766 -0.8901232 -0.03747624 0.3704293 -0.9228503 -0.1054967 0.02033668 -0.9210671 -0.3888725 -0.01029324 -0.8966102 -0.4427013 0.1100904 -0.829254 -0.5479215 0.2168458 -0.6983382 -0.6821302 0.1567201 -0.7765246 -0.6102855 0.223897 -0.6996225 -0.6785266 0.176114 -0.7604706 -0.6250347 0.1247669 -0.5884219 -0.7988698 0.1345957 -0.7719417 -0.621281 0.2240986 -0.6098352 -0.7601849 0.3819563 -0.5300908 -0.7570424 0.1057394 -0.4926092 -0.863803 0.133265 -0.4501919 -0.8829314 0.07422202 -0.2750851 -0.9585506 0.07311218 -0.01280093 -0.9972416 0.2073553 -0.3008165 -0.9308669 0.1045652 0.08200812 -0.9911311 0.2323674 0.02909904 -0.9721927 0.1044787 0.0820198 -0.9911393 0.104573 0.08215135 -0.9911185 0.1007412 0.3314324 -0.9380852 0.3169973 -0.00648427 -0.9484043 0.4744907 -0.1948192 -0.8584312 0.3207068 -0.1146773 -0.9402109 0.2978828 -0.3842721 -0.8738425 0.1055857 -0.543222 -0.8329235 0.1054955 -0.543209 -0.8329434 0.1630087 -0.4309519 -0.8875295 0.2899614 -0.4923031 -0.8207071 0.7249898 -0.6450766 0.2413836 0.7959944 -0.5870066 0.1477031 0.1566218 -0.7765532 -0.6102744 0.9314854 -0.3637699 -0.002548575 0.83831 -0.5169221 -0.1732858 0.9861708 -0.1226407 -0.1114737 0.9725912 0.1086488 0.2055771 0.8875766 0.2034487 0.4132993 0.9256462 0.2617866 0.2732162 0.9639865 0.1829262 0.1930496 0.9530259 0.06628811 0.2955464 0.9813792 -0.1744929 0.08029443 0.9648261 0.05823117 0.2563587 0.9105575 -0.180213 0.3720329 0.9852026 -0.009565532 0.1711267 0.8538659 -0.5202769 0.01500189 0.8463296 -0.5326252 0.006062805 0.8330931 -0.5522614 -0.03103828 0.782721 -0.5492724 -0.2926563 0.5632208 -0.3150391 -0.7638931 0.9409925 -0.3307415 0.07171696 0.7894243 -0.6071305 0.09056425 0.8109967 -0.57907 0.08344227 0.9259499 -0.3226823 -0.1961966 0.2468478 -0.004988074 -0.9690414 0.3132485 -0.1570044 -0.9366029 0.6174013 0.009555876 -0.7865903 0.7756742 -0.1482692 -0.6134703 0.6821894 -0.4524939 -0.5743406 0.7826985 -0.5492171 -0.29282 0.8830794 -0.4442003 0.1511848 0.79598 -0.5870376 0.1476575 0.789388 -0.60716 0.09068346 0.2048398 -0.2241243 -0.9527901 0.08818936 -0.2287884 -0.9694734 0.0604031 -0.3611593 -0.9305458 0.003082156 -0.3669529 -0.9302344 0.1174331 -0.2783188 0.9532828 0.2538235 -0.2370886 0.9377434 0.1986832 -0.5940021 0.7795425 0.1986027 -0.593961 0.7795943 0.1457578 -0.2832589 0.9479025 -0.005576372 -0.3318709 0.9433084 0.402113 -0.7320403 -0.5499293 0.07931137 -0.8147501 -0.5743624 0.3765452 -0.5333986 -0.7574296 0.4740285 -0.6625985 -0.5798796 0.5064609 -0.6840171 -0.5249934 0.5176747 -0.6529712 -0.5528486 0.5332146 -0.5491732 -0.643499 -0.3210167 -0.3211819 -0.8909491 -0.1163476 -0.1433162 -0.9828143 -0.2080239 -0.1168537 -0.9711187 0.1326235 -0.09846228 -0.9862638 -0.2079498 -0.1168915 -0.97113 0.1326198 -0.09838145 -0.9862723 0.2804923 -0.01918542 -0.9596645 0.5511537 -0.2285124 -0.8025035 0.2806602 -0.01919078 -0.9596154 0.6207799 -0.224578 -0.7511305 0.772983 -8.31515e-4 -0.6344263 -0.6227398 -0.3642742 -0.6924591 -0.2080146 -0.1169288 -0.9711115 -0.7777609 -0.2878303 -0.558786 0.04178053 -0.3835663 -0.9225678 -0.1165027 -0.1434268 -0.9827797 -0.2169938 -0.4338897 -0.8744448 0.1091149 -0.466432 -0.8778013 0.3711365 -0.4692579 -0.8012832 0.6207238 -0.2246515 -0.751155 0.5734567 -0.2571374 -0.7778354 0.376477 -0.5334357 -0.7574375 0.20634 -0.498134 -0.8421915 0.2544727 -0.8342043 -0.4892311 0.2544019 -0.8342011 -0.4892733 0.1092033 -0.466558 -0.8777235 -0.05360174 -0.5846157 -0.8095378 -0.385369 0.836003 0.3906276 -0.3996675 0.8697615 0.2894492 -0.2081575 0.5435286 0.813171 -0.256432 0.5765205 0.7758008 0.1881077 0.01024127 -0.982095 -0.1495477 9.02284e-5 -0.9887546 -0.5174859 0.1217104 -0.8469917 -0.4496 0.3117595 -0.8370579 0.6088504 0.1223554 0.7837924 0.8228948 0.250535 0.5099768 0.8722913 0.002112448 0.4889822 0.9849551 -0.02485907 0.1710133 -0.1415801 0.1798905 0.9734447 0.04613506 0.4567508 0.8883977 0.2432721 0.1248409 0.9618906 0.2433776 0.1246882 0.9618837 0.0672304 0.06635272 0.9955288 0.4171373 0.01636916 0.9086961 0.2434492 0.1248259 0.9618477 0.3987497 0.3701049 0.8390598 0.6088081 0.122435 0.7838128 0.4422142 0.2640175 0.8571706 0.6304215 0.3782785 0.6778453 0.721004 0.5512013 0.4199172 0.8283089 0.5191978 0.2105659 0.05611777 0.2305295 0.9714458 -0.141637 0.1797578 0.9734609 -0.2727044 0.1994374 0.9411998 0.6172546 0.7135552 0.3314149 0.6303485 0.3784757 0.6778032 0.744967 0.6385421 -0.1931016 0.1929336 0.8374257 -0.5113657 0.03648978 0.8132571 -0.5807594 -0.001478791 0.9619805 -0.2731145 -0.001581132 0.9620184 -0.2729802 -0.001584231 0.9620185 -0.2729797 -0.1955724 0.980678 -0.004709601 -0.4250793 0.79658 -0.4298465 -0.2858697 0.7394526 -0.6094985 -0.07005649 0.7075267 -0.7032056 -0.06993061 0.7074653 -0.70328 -0.1831338 0.7511569 -0.6342124 -0.04035043 0.4738996 -0.8796539 -0.07002931 0.7074145 -0.7033213 -0.07105141 0.2640269 -0.9618948 -0.036731 0.1101508 -0.993236 -0.1191154 -0.8459023 0.5198662 0.003761589 -0.7730585 0.6343236 0.003744125 -0.7730709 0.6343088 0.1264163 -0.6742713 0.7275831 0.1042814 0.5535618 0.8262536 -0.1026163 0.5548587 0.8255918 -0.03046655 0.4449473 0.8950384 -0.0975095 0.3845506 0.9179394 0 0.3635218 0.9315857 0.8454505 -0.4160079 -0.3348895 0.7769443 -7.35978e-5 -0.6295695 0.662514 -0.1106715 -0.7408286 0.4847312 0.003932416 -0.8746544 0.9971131 -0.01855641 -0.07362943 0.9832724 -0.003157198 -0.1821138 0.9859632 0.005624055 -0.166868 0.9781482 0.01154452 -0.2075887 0.99042 0.02302372 -0.1361547 -0.8943552 0.1403778 -0.4247622 -0.7557279 0.3859462 -0.5290757 -0.92725 0.3205153 -0.1935911 -0.8818209 0.4020986 -0.2463911 -0.6279089 0.5761031 -0.5232931 -0.5758154 0.7569466 -0.3089796 0.6594229 0.1067388 -0.7441561 0.665641 0.1163157 -0.7371519 0.6656481 0.1163255 -0.7371439 0.6717655 0.1257863 -0.7300062 0.6485838 0.194598 -0.735847 0.4923367 -0.007999777 -0.8703681 0.4922972 -0.00804001 -0.87039 0.2949849 -0.2098385 -0.9321758 -0.9999994 6.70217e-4 -9.94308e-4 -0.9999733 -0.006281912 -0.003731191 -0.9999864 0.004940032 -0.001734733 -0.9999909 0.004238724 -6.99895e-4 -0.9999907 0.004256665 -7.0336e-4 0.01348328 0.6637542 0.7478292 0.05035686 0.7852614 0.6171132 -0.001095592 0.8850332 0.4655267 -0.003372848 0.9943641 0.1059656 0.05046623 0.7853166 0.617034 0.04631215 0.9988569 0.01183736 -0.9964522 -0.08413851 -0.001966953 -0.9995672 -0.02941256 -6.84829e-4 -0.9999639 -1.54527e-4 -0.008499741 -0.9990707 0.04147332 -0.01173859 -0.9980166 0.058182 -0.02404069 0.9146891 -0.1600853 0.3711017 0.8522748 -0.01285403 0.5229364 0.8522534 -0.01281613 0.5229722 0.7484391 0.1351518 0.6492866 -0.1853567 -0.2614054 -0.9472646 -0.1109404 0.170077 -0.9791661 -0.63714 0.01582151 -0.7705858 0.01763516 0.06792646 -0.9975345 0.01881498 0.2161639 -0.9761758 0.3464457 0.2312279 -0.9091255 0.9669949 -0.1221357 0.2236157 0.8831317 0.05191636 0.4662436 0.8831259 0.05188322 0.4662584 0.7237127 -5.18259e-4 0.6901012 0.8830693 0.051988 0.466354 0.5122693 0.06363302 0.8564643 -0.00318551 0.9999439 -0.01011061 -0.04044377 0.9987827 0.02823805 0.0331968 0.9990055 -0.0297684 0.02953386 0.9995194 -0.009432733 -0.02257215 0.9995949 -0.01733875 0 1 0 0 1 0 -0.01247107 0.9996703 -0.02244347 -0.02253919 0.9993891 -0.02671301 -0.03439694 0.9987364 -0.03664159 -0.004628717 0.9999888 -0.00101161 0.006221354 0.9999806 -3.12048e-4 0.00397998 0.9999921 -1.94322e-4 0 1 -7.62025e-7 0.004069924 0.9999917 -1.98818e-4 0 1 -4.88063e-7 0.02956449 0.9995176 -0.009519159 0.02957701 0.999517 -0.00953871 0.1466205 0.9824333 -0.1154432 0.03335171 0.9989972 -0.02986967 0.0398882 0.9990754 0.01604104 -0.005080997 0.9999812 -0.003440558 0.01622819 0.9994279 0.02967602 0 1 0 -0.02251595 0.9993894 -0.0267176 0.00612837 0.9999812 -3.06941e-4 0.03914588 0.997268 0.0626437 0.09398347 0.9889068 0.1150245 0.09410399 0.9906674 0.09860354 0.06206178 0.9968013 0.05035579 0.04184186 0.9990727 -0.01014852 0.02608013 0.999633 0.007338881 0.01035314 0.999885 -0.01108914 0 1 0 0.001057803 0.9997665 -0.02158683 -0.09494745 0.9941498 0.05149078 0.005540907 0.9999534 -0.007906496 0.04122519 0.9988315 -0.02522695 -0.2137792 0.003131926 -0.976877 -0.2725695 -0.06170254 -0.9601556 -0.3284971 -0.003072381 -0.9445 -0.5477473 -0.002253592 -0.8366408 -0.4810009 -6.64161e-4 -0.8767198 -0.3333617 -2.64379e-4 -0.942799 -0.2544527 -1.00067e-4 -0.9670853 -0.09026044 -6.31998e-5 -0.9959182 -0.007735192 0.001167356 -0.9999694 -0.1600469 -0.003389239 -0.9871037 -0.4070307 -0.006100535 -0.9133942 -0.452618 -7.51393e-4 -0.8917043 -0.247369 3.64064e-4 -0.9689213 1.84686e-4 0.006710529 -0.9999775 0.2245736 -0.003726124 -0.9744501 0.3380175 -8.51038e-4 -0.9411395 0.3634011 0.1682149 -0.9163207 0.5952627 0.01358425 -0.8034164 0.7920635 0.01370716 -0.6102848 -0.3198684 0.004757046 -0.9474501 -0.970144 -0.05385005 0.2364755 -0.9324131 -0.2852885 0.2218479 -0.8784916 -0.2386211 0.4138991 -0.7147973 -0.01831674 -0.6990917 -0.3760216 -0.004640161 -0.9265994 -0.7147974 -0.01831692 -0.6990916 -0.2417842 0.004660427 -0.9703189 -0.1077012 0.004312455 -0.994174 -0.5965136 0.007457435 -0.8025684 0.9868019 -0.03611207 0.1578543 0.8545015 0.009717285 0.519358 0.9155442 0.0225088 0.401587 -0.7351588 -0.1969598 -0.6486513 -0.8160338 -0.04575169 -0.5761907 -0.8687543 0.1073297 -0.4834734 -0.8160949 -0.04562348 -0.5761142 -0.8687542 0.1073296 -0.4834734 -0.9701821 -0.05372244 0.2363485 -0.9701842 -0.05373471 0.2363376 -0.9899671 0.1350645 0.04150897 -1.84396e-4 0 -1 -1.84399e-4 0 -1 -1.84386e-4 0 -1 -0.9544283 -0.2613217 0.1441445 -0.9544283 -0.2613217 0.144145 -0.9544282 -0.2613217 0.1441448 0 1 6.50933e-7 0.4281102 -0.4174077 -0.8015564 0.4281449 -0.4174166 -0.8015331 0.237879 -0.7193557 -0.6526415 0.5638816 0.02773952 -0.8253897 0.7455726 -0.2195862 -0.6292086 0.2602749 -0.1893619 -0.9467836 0.3737952 0.01030093 -0.9274541 0.2461334 0.009035348 -0.9691939 -0.1239158 0.03967303 -0.9914994 -0.4034987 -0.002353072 -0.9149772 -0.5741963 -0.006461203 -0.8186922 0.1934445 0.0115751 -0.9810431 0.3332714 0.01009994 -0.9427769 0.8169932 -0.01526755 -0.5764453 0.9735816 -0.0306921 0.2262676 0.9803309 0.02128118 -0.1962105 0.8972664 -0.01379787 0.4412742 -0.8783787 -0.4779654 -2.91318e-5 -0.9011567 -0.375301 0.2169466 -0.05393105 -0.9975945 -0.04354977 -0.05385577 -0.9976013 -0.04349082 -0.05393105 -0.9975945 -0.04354983 0 -1 -1.05281e-5 0 1 -7.80021e-7 0.1918588 0.9272863 -0.3214504 0.04399389 0.7764011 -0.6287016 0.04393231 0.7764139 -0.6286903 0.5403559 -0.8382268 -0.07342672 0.7748919 0.629617 -0.05590331 0.7748919 0.6296169 -0.05590331 0.8856341 0.4360568 0.1597087 0.1642965 0.007791519 -0.9863802 0.07739728 0.002847492 -0.9969963 0.2592319 7.36315e-4 -0.9658148 0.4500903 -0.02491724 -0.8926355 0.1784846 -0.003213524 -0.9839375 0.1783382 0.009877979 -0.9839197 0.04809939 -0.1087552 0.9929043 -0.1918082 -0.980995 -0.02929908 -0.004681169 0.998589 -0.05289882 -0.004681169 0.998589 -0.05289882 -0.004681229 0.998589 -0.05289882 -0.07189679 0.996922 -0.03126364 -0.07189673 0.996922 -0.0312637 -0.07180953 0.9969296 -0.0312246 0.9850009 -5.38485e-4 -0.1725488 0.966646 0.004925489 -0.2560689 0.9668415 0.003051519 -0.2553589 0.2774012 -0.9479438 0.1563692 0.5577805 0.30838 -0.7705731 0.9981745 0.01820003 -0.05758905 0.9999231 -0.01235014 0.001211822 0.2914739 0.1323884 0.9473734 0 1 -8.10909e-7 0.02909767 -0.9807049 -0.1933168 -0.0142427 -0.9715911 0.2362372 -0.01434993 -0.971567 0.2363299 -0.0142427 -0.9715911 0.2362372 0.6858825 -0.6833078 -0.2503116 0.6858824 -0.6833078 -0.2503116 0.9072561 -0.4188526 0.03806257 -0.9059113 -2.81886e-4 -0.4234676 -0.8666346 -0.001513719 -0.4989413 -0.9661337 -0.001446008 -0.2580384 -0.9519317 -0.01858478 -0.3057464 -0.9849854 -0.009964525 -0.1723496 -0.8922868 -0.01967388 -0.4510402 -0.983705 -0.007857739 -0.1796188 -0.2350399 0.9469114 0.2193515 0.5509847 0.001636743 0.8345138 0.7613375 -0.003261089 0.6483477 0.7140653 -0.004500925 0.7000647 0.6912946 -0.00613898 0.7225471 0.7140496 -0.004506349 0.7000806 0.6835314 -0.02248603 0.7295747 0.9655691 0.001035094 0.2601446 0.8814007 -0.001132667 0.4723682 0.853103 -0.009372889 0.5216584 0.8813939 -0.001098275 0.4723808 0.6914029 -0.002448022 0.7224653 0.7445886 0.001216828 0.6675226 0.432574 0.003307163 0.9015924 0.7027443 -0.002071261 0.7114395 0.6767323 -0.01007455 0.7361602 0.6913743 -0.002460837 0.7224927 -0.9113755 0.2050845 -0.3568403 -0.9834799 0.179058 0.02656227 -0.9607623 -0.03874367 -0.274654 -0.8285486 -0.1693388 0.5336961 -0.8285486 -0.1693389 0.5336961 -0.8285487 -0.169339 0.5336961 -0.9011386 -0.3752414 0.217125 -0.8713195 -0.2514227 0.4214133 -0.2163937 -0.9762589 -0.009612202 -0.1437752 -0.9831796 -0.1126344 0.9584647 -0.1466806 -0.2446026 0.9995832 -0.006343245 -0.02816641 0.9558916 -0.01434916 -0.2933692 0.3403703 1.52685e-4 -0.9402915 0.6229582 0.0781275 -0.778344 0.4387301 -0.09145629 -0.8939529 0.8264676 0.003209412 -0.5629752 0.6230998 0.0782302 -0.7782203 0.9450546 0.05394315 -0.3224315 0.930292 0.3657633 0.02782344 0.7837462 0.6116191 0.1080003 0.9844153 0.1647088 -0.06162548 -0.06867146 -0.9744362 -0.2139123 -0.1436769 -0.9831802 -0.1127556 -0.4634541 0.3759298 -0.8024259 -0.6475743 0.620214 -0.4426989 -0.8752075 0.4290749 -0.223398 -0.6394742 0.3859289 -0.66493 0.3145805 -0.7402551 -0.59419 0.3145749 -0.7402547 -0.5941934 0.4757684 -0.6167404 -0.627117 0.04585272 0.007828056 0.9989175 -0.02292692 -0.01024723 -0.9996846 -0.04002636 0.006403923 -0.9991781 -0.2796288 -0.01099294 -0.9600453 -0.3134347 0.199379 0.9284433 0 1 1.23847e-4 0 1 1.23849e-4 0 1 1.23848e-4 0.6193367 -0.03821128 0.7841951 0.3653021 -0.2324044 0.9014115 0.6193451 -0.03822708 0.7841878 -0.02523976 -0.01018607 -0.9996296 -0.1066498 -0.01098269 -0.9942361 -0.02294433 -0.01023453 -0.9996843 0.1572726 -0.924773 -0.3464972 0.107369 -0.742192 -0.6615309 0.1574103 -0.9247401 -0.3465225 -0.0930255 0.01015108 0.995612 -0.1085894 0.01704955 0.9939405 -0.08779042 0.006773471 0.9961159 -0.07604032 9.02299e-4 0.9971044 -0.07474184 -2.71498e-4 0.9972029 -0.1425091 0.03014808 0.9893343 -0.1769961 0.04554802 0.983157 -0.2781898 0.09075319 0.9562292 -0.2845107 -0.9568954 -0.05835276 0.9972849 -0.004369318 -0.07351052 0.9850087 -5.35027e-4 -0.1725039 0.9919252 0.009269595 -0.126485 0.9848574 0.04321885 -0.1678931 0.9931845 0.02505767 -0.113828 0.9982181 0.001909315 -0.05964159 -0.8003745 0.009529471 -0.5994247 -0.6430248 -0.02227967 -0.7655212 -0.9020313 -0.01357126 -0.4314574 0.1152255 -1.72012e-4 0.9933394 0.4308781 0.003263175 0.9024043 -0.184805 0.005734324 0.9827585 0.09764438 0.03687465 -0.9945381 0.09764438 0.03687465 -0.9945381 0.09764444 0.03687465 -0.9945381 0.1440622 -0.7124205 -0.6868065 0.9755461 -0.001483857 -0.2197901 0.9616622 0.007088482 -0.2741453 0.8856027 -0.004570484 -0.4644213 -0.4274696 -0.4187741 0.8011854 -0.4274572 -0.4187718 0.8011932 -0.2378544 -0.7193758 0.6526284 0.00603193 0.9985988 0.05257606 0.00603944 0.9985937 0.05267149 0.0060395 0.9985937 0.05267149 0.2420833 0.95957 0.1436005 0.7243775 0.6021277 -0.3357372 0.6768004 0.4255245 -0.6007247 -0.6424567 0.6194257 -0.4511776 -0.8570557 0.3434924 -0.3840163 -0.9786365 -0.1838504 -0.0920307 -0.9786359 -0.1838513 -0.09203612 -0.9214344 -0.3778232 0.09060066 0.2073246 0.008141636 0.9782384 0.01709967 0.009241759 0.9998111 0.1137264 0.01360374 0.9934189 -0.2924759 -0.4200148 -0.8590958 -0.4673232 -0.5939975 -0.65481 -0.4673594 -0.5939205 -0.654854 -0.4987731 -0.8232856 0.2709727 -0.4001629 -0.90606 0.1375682 -0.8810781 -0.004524409 -0.4729492 -0.5086516 0.009790718 -0.8609168 -0.9302636 -0.001540184 -0.3668887 -0.9771085 0.005840837 -0.2126614 -0.9828481 0.00150597 -0.184411 -0.9771086 0.005841851 -0.2126609 -0.9000335 0.001321852 -0.4358188 -0.7314592 -2.29759e-4 -0.6818853 -0.9997642 0.005040228 0.02112782 -0.9351729 4.19178e-4 -0.3541916 -0.9419342 0.002324461 0.3357896 0.0216214 -0.9992536 0.03201431 -0.9982843 -0.01252645 -0.05719846 -0.9925087 -0.005160331 0.1220649 -0.9671373 -0.01588183 0.2537581 0.04545283 -0.9972298 -0.05888146 0.04545295 -0.9972298 -0.0588814 0.04545289 -0.9972298 -0.0588814 0.1600881 0.008109986 -0.9870694 0.0258162 0.01292794 -0.9995831 0.06560552 0.003674626 -0.997839 0.1602576 0.008093893 -0.9870421 0.2172119 0.008935809 -0.9760836 0.2254428 0.001413762 -0.9742555 0.199545 0.00977987 -0.9798399 1.43044e-4 0.009929955 -0.9999507 -0.005241096 0.01466786 -0.9998788 2.59876e-5 0.009928226 -0.9999507 -0.005407929 0.01466333 -0.9998779 -0.176021 0.006332337 -0.9843661 0.264818 0.02084046 -0.9640732 -0.2483974 0.003489077 -0.968652 -0.1746668 0.01962697 -0.9844321 -0.1577773 0.01885068 -0.9872949 -0.0119937 0.00965619 -0.9998815 -0.1745201 0.01965051 -0.9844576 0.3331161 0.0101369 -0.9428314 -0.08831501 0.01364398 -0.9959992 -0.1929994 0.007750034 -0.9811683 -0.01211988 0.00963962 -0.9998802 -0.1931732 0.007746934 -0.9811341 0.01446604 0.9998809 0.005384504 0 1 3.78416e-7 0.6123705 0.0150296 -0.7904282 0.7838039 -4.86746e-4 -0.6210083 0.4508274 -0.01619493 -0.8924643 0.4031475 -6.98676e-4 0.9151348 -0.08510822 0.003357529 0.996366 0.4229121 -0.02061605 0.9059363 -0.798612 0.02241176 -0.6014288 -0.2767877 -0.002759158 -0.9609272 -0.7986161 0.02240711 -0.6014237 0.396246 0.003982901 -0.9181358 0.09168082 -0.005699872 -0.9957721 0.3108875 -0.002135753 -0.9504443 0 1 -7.44243e-7 0.09171861 -0.00570935 -0.9957687 0.1449253 -0.01355409 -0.9893499 0.4435617 0.001723468 -0.8962423 0.01394563 0.008899211 -0.9998632 0.01396441 0.008868753 -0.9998633 0.3094547 0.1969878 -0.930287 0.6476017 9.19493e-4 -0.7619785 0.6624367 0 -0.749118 0.440504 -5.53225e-5 -0.8977507 0 -1 1.82793e-6 0.01446551 0.9998809 0.005385518 -0.0259549 0.01288259 0.9995802 -0.1599848 0.004146397 0.9871109 -0.8844271 0.003660023 -0.4666642 -0.9999531 -0.004725575 0.008464276 0.9911631 -0.03151625 -0.1288515 0.9838214 -0.1110245 -0.1406032 0.9926878 0.07529801 -0.09434628 0.8266872 0.027004 0.5620134 0.6303447 -0.2185351 0.7449215 0.9464283 -0.1859367 0.2640095 0.9278892 0.009937107 0.3727238 0.9683275 0.01008254 0.24948 0.9916106 0.04204148 -0.1222329 0.9146373 0.001186668 -0.4042739 0.8144786 -0.003256022 -0.5801846 0.5341067 0.8075476 0.2501944 0.3767774 0.847083 -0.3748189 0.4149854 0.9097787 0.009474456 -0.7120922 0.002660036 0.702081 -0.4538678 0.02106547 0.89082 0.9938791 -0.02005445 -0.1086372 0.9927619 0.1190085 -0.01615393 0.9886522 0.1493997 0.01570844 0.09283632 -0.01867896 0.9955062 0.2147645 0.003620445 0.9766592 0.2147643 0.003602743 0.9766593 -0.584544 -0.004988491 0.8113467 -0.587195 -0.00987643 0.8093852 -0.5301713 -0.003329575 0.847884 -0.5845195 -0.004943192 0.8113647 -0.5301316 -0.003327667 0.8479088 -0.468966 0.005683243 0.883198 -0.4093955 0.008504807 0.9123174 -0.4042088 0.0170558 0.9145077 0.9966952 -0.01767647 -0.07928675 0.8869097 0.004902899 0.461917 0.8869103 0.00489813 0.4619157 0.01720768 0.9997128 -0.01668435 0.02366435 0.99962 0.01414066 -0.1183634 0.9929663 0.002869069 0.9702798 0.001878619 -0.2419787 0.7838928 -3.8119e-4 -0.6208962 0.9811957 0.0463283 -0.1873731 0 -1 1.92621e-5 -0.2457745 -0.9326705 0.2640469 -0.08243864 -0.8626206 0.4990889 -0.3338034 -0.9425628 0.01227819 0.2149145 0.003641843 0.9766261 0.3334171 0.02585971 0.9424248 0.440894 0.00662887 0.8975347 -0.8843467 0.01397073 -0.4666218 -0.9999425 1.70485e-4 -0.01072961 0.8033339 -0.4123368 0.4296897 0.8032936 -0.4123569 0.4297456 0.6590176 -0.7117086 0.2432424 0.007311403 0.9999707 0.00227195 0.003494679 0.9999657 0.007516503 -0.01536101 0.999554 0.02560901 -4.55136e-4 0.9999183 0.01277893 0.01454281 0.9998918 0.002250432 0.8048918 0.01454776 0.5932434 0.9381451 -0.003706455 -0.3462228 0.9337177 -0.001983344 -0.3580046 0.9860667 -0.00338459 -0.1663166 0.9381427 -0.003706157 -0.3462291 0.9860969 -0.002458155 -0.1661539 0.9999282 -0.004953801 0.01091349 0.983052 9.42058e-4 0.1833249 0.9999381 -0.001207411 0.01107108 0.9830614 9.48965e-4 0.1832743 0.9878728 0.004243671 0.1552076 -0.4625439 -0.8545981 -0.2360409 -0.3203933 -0.8184702 -0.4769222 -0.3203933 -0.8184702 -0.4769223 -0.3339623 -0.9425063 0.01229536 -0.3339611 -0.9425065 0.01230818 -0.4626128 -0.8546156 -0.2358425 0.5646758 0.1978706 0.8012419 0.564636 0.1978823 0.801267 0.3843151 0.3821513 0.8403941 -0.9903729 4.91795e-4 0.1384245 -0.9910892 0 0.1331996 -0.9997046 0.001904964 -0.02423095 -0.9774314 0.001110196 -0.21125 -0.9254356 -3.47968e-4 -0.3789052 -0.9773913 9.94429e-5 -0.2114387 -0.9254207 -3.55615e-4 -0.3789411 -0.9122597 -0.004443228 -0.4095885 -0.9950367 -0.009692609 0.09903609 -0.6938865 -0.004749715 0.7200688 -0.4539426 0.01068586 0.8909668 -0.4229743 -0.5120483 0.7475958 -0.9533646 -0.3007838 0.02500426 -0.98715 -0.1368583 0.08249163 -0.9631579 -0.02366334 0.2678937 -0.01815485 -0.9980883 -0.05907958 1.6786e-4 -0.9994677 -0.03262615 0.003275036 -0.9995982 0.02815836 -0.3905509 -0.893657 0.2210139 0.2388725 0.723687 -0.6474697 0.3767417 0.8470337 -0.374966 -0.331309 0.6042624 -0.7246388 -0.331309 0.6042625 -0.7246387 -0.5552787 0.323387 -0.7662157 0 1 8.59697e-6 -0.07115906 -0.6052364 -0.792859 0.1808237 -0.4199835 -0.889335 -0.5698056 0.005398154 -0.8217619 -0.5345205 9.95923e-4 -0.8451551 -0.4456346 0.007348895 -0.8951849 -0.333184 0.0230087 -0.9425811 -0.1193498 0.006341218 -0.9928321 -0.3329838 0.02298539 -0.9426524 -0.1193372 0.006340742 -0.9928336 -0.0688318 -5.07353e-4 -0.9976282 0.4134078 -0.1898983 -0.8905239 0.3325325 -0.2176982 -0.9176217 0.4977367 0.007726073 -0.8672938 0 -1 -3.96222e-6 -0.82539 -0.4801385 0.2969824 -0.6106392 -0.7617259 0.2165494 -0.9242417 -0.3715737 0.08780854 0.06967991 -0.007721304 0.9975396 0.06967991 -0.007721424 0.9975395 0.06967991 -0.007721483 0.9975396 -0.2405049 -0.9454699 -0.2196456 0.1477578 -0.964324 -0.2196518 0.984059 -0.1179617 -0.1330897 0.9815974 0.1816583 -0.05887979 0.992681 0.07545477 -0.09429311 0.4062792 -0.2292259 0.8845298 0.4062792 -0.2292258 0.8845298 0.4062792 -0.2292258 0.8845298 0.2625705 -0.1481068 -0.9534785 -0.461008 -0.6084669 0.645941 -0.2896308 -0.4284806 0.8558729 -0.461008 -0.6084669 0.6459409 0.782417 0.006825149 0.6227176 0.9221978 -0.003732442 0.3867008 0.8122949 0.01139795 0.5831357 0.9222587 -0.003770947 0.386555 0.9222589 -0.00374943 0.3865547 0.938547 0.01470762 -0.344838 0.6245762 0.2271593 -0.7471969 0.497783 0.007904052 -0.8672657 0.5588361 0.2048742 -0.8035726 0.9372736 -0.3335971 0.1011493 0.7945728 -0.6021181 -0.07815378 0.7947126 -0.6019281 -0.07819616 -0.4565082 0.007954478 0.8896837 -0.5980185 0.006168067 0.8014585 -0.2106603 -0.02472537 0.9772466 0.537441 0.03780251 -0.8424537 0.6927231 0.01834136 -0.7209705 0.2071021 0.01074653 -0.9782603 0.3372328 0.02445501 -0.9411036 0.2069011 0.01076352 -0.9783027 -0.1397373 0.03748965 -0.9894787 -0.2969988 0.01865273 -0.9546957 -0.1399202 0.03745454 -0.9894542 -0.4680622 -0.02131587 -0.8834385 -0.642908 -0.02220636 -0.7656216 -0.9793036 -0.006627917 -0.2022883 -0.9718122 -0.01176005 -0.2354629 -0.9458761 -0.005655646 -0.3244789 -0.8980927 -0.001559495 -0.4398035 -0.8271142 -0.001546919 -0.5620319 -0.8210623 -0.002613008 -0.5708326 0.7340372 -0.6493246 -0.1989147 0.5138179 -0.8374513 -0.1861897 0.1479307 -0.9643028 -0.2196283 0.9655936 0.001455366 0.2600514 0.9994246 0.001521289 0.03388351 0.9994565 0.001477479 0.03293442 0.999525 0.003446638 0.03062707 0.9994841 0.001543045 0.03208309 0.9994568 0.00148648 0.03292369 0.9994841 0.001544594 0.03208112 0.9197497 0.001284718 0.3925034 -0.6439521 0.6251288 0.4410666 -0.8655798 0.3236932 0.382092 -0.6441295 0.6247648 0.4413233 0.6365542 0.1664838 -0.7530484 0.2227074 0.9582148 -0.1795157 0.116377 0.9687881 -0.2188746 -0.4686623 -6.99517e-4 0.8833771 -0.4587392 -0.00207138 0.8885686 -0.2539319 4.54919e-4 0.967222 -0.4245526 0.003775894 -0.9053955 0.06140106 0.005305469 -0.9980991 -0.4245532 0.003786861 -0.9053951 0.1550554 -0.9849616 0.076213 0.2509998 -0.9676766 0.02451699 0.1550555 -0.9849616 0.07621276 -0.4888106 -0.04093462 0.8714291 -0.211993 0.003884732 0.9772635 -0.7139872 0.01371324 0.7000246 0.0370481 0.03294622 0.9987702 -0.2118455 0.003789365 0.9772959 0.2883955 -0.02673923 0.957138 0.1176199 -0.9891687 0.08781266 0.2509803 -0.9676815 0.02452361 0.1175818 -0.9891756 0.0877844 -0.05595111 0.9975594 -0.04177147 0.01880192 0.9998208 0.002180218 -0.05602788 0.9975526 -0.04182851 0.5299526 -0.04035806 0.8470665 0.8198791 0.01746171 0.5722705 0.2885928 -0.02665293 0.9570809 -0.02637267 0.999628 0.006951928 0 1 0 0.2511481 -0.9676405 0.02442598 0.4674739 -0.8792219 -0.09185236 0.4674739 -0.879222 -0.0918523 -0.2537983 1.26931e-4 0.9672572 -0.03231191 -3.28369e-4 0.9994779 -0.03668773 -0.00111103 0.9993262 -0.04034423 -0.005117356 0.9991728 -0.03822356 -0.002455294 0.9992662 -0.3882261 0.001671493 0.9215626 0.2890369 0.005802929 -0.9573004 0.01885491 0.01273626 -0.9997412 0.4010148 -0.01500701 -0.9159486 0.2517246 0.02611887 -0.9674465 0.7230439 0.01380437 -0.6906642 -0.9768995 0.001241803 0.2136961 -0.999632 0.01177299 0.02443909 -0.9762375 0.03413707 0.2139978 -0.9977322 0.008755862 -0.06673759 -0.9891995 0.02749192 0.1439743 -0.9176444 0.04149287 0.3952304 -0.9994121 -1.33418e-4 0.03428632 -0.98904 -0.003199577 -0.147614 -1 1.90362e-7 0 -0.9998286 0.01558291 -0.01000058 -0.999951 0.006534278 0.007454097 -0.9999452 0.00964272 0.004083335 -0.9999687 -0.004165947 -0.006739377 -0.9978244 0.005783975 0.06567317 -0.9744546 0.0108512 0.2243223 -0.9908396 -0.01163184 0.1345425 -0.9354783 0.02858388 0.3522264 -0.9544038 0.009223461 -0.2983763 -0.9985955 0.008183658 -0.05234593 -0.9939233 0.007814288 -0.109797 -0.9565281 8.16733e-5 -0.2916405 -0.9939159 0.007827818 -0.1098637 -0.9564859 6.21723e-5 -0.2917789 -0.9141947 -0.002151608 -0.4052697 -0.7655408 -0.007941603 -0.6433383 -0.6441806 -0.01461875 -0.7647337 -0.4020556 -0.016092 -0.9154739 -0.2867515 -0.01269924 -0.9579208 -0.1828961 -0.002336025 -0.9831295 -0.0970717 0.00114119 -0.9952768 -0.09695035 0.001128077 -0.9952886 -0.06809115 9.49359e-4 -0.9976787 0 -0.007744491 -0.99997 -0.8684915 0.02406394 -0.4951198 -0.7943006 -0.008107662 -0.6074709 -0.9997912 0.02028697 0.002447903 -0.4060823 -0.005871474 0.9138178 -0.6460469 -0.02224022 0.7629737 -0.7566902 -0.02630555 0.6532444 -0.912123 -0.0221287 0.4093189 -0.9583316 -0.006186723 0.2855913 -0.998275 -0.01247894 -0.05737066 -0.8865703 -0.02660286 -0.4618282 -0.2680971 -0.004794359 0.96338 -0.08370369 -0.004319429 0.9964814 -0.1461608 -0.003863692 0.9892534 -0.07943397 0.003545284 0.9968339 -0.0211696 -0.01476949 0.9996668 0.01353335 -0.002680361 0.9999049 7.76588e-4 0.01099675 0.9999393 7.05378e-4 0.01105099 0.9999388 0.01351571 -0.002679109 0.9999051 -0.184437 -0.005595326 0.9828285 0.04476326 0.01943582 0.9988086 0.04476952 0.01945292 0.998808 -0.1601253 0.00413537 0.987088 -0.1844937 -0.005582213 0.9828178 -0.4299749 -0.01644468 0.9026911 -0.1845959 -0.005582511 0.9827987 -0.4299781 -0.01644444 0.9026896 -0.4502188 -0.02061343 0.8926803 -0.1090827 -0.9932949 0.03829258 -0.8935982 0.1582335 -0.4200528 -0.9626685 -5.07711e-4 0.2706825 -0.9492947 0.004707455 0.3143526 -0.9946703 0.003001332 0.1030635 -0.9626693 -5.08266e-4 0.2706798 -0.9946898 0.003030836 0.1028741 -0.9945935 0.002875089 -0.1038063 -0.9643148 0.007063925 -0.2646645 -0.9576502 0.004291117 -0.2879025 -0.8081057 1.07133e-4 -0.5890376 -0.8081064 1.1906e-4 -0.5890367 -0.9982362 -0.001970827 -0.05933529 0 -1 -4.4672e-5 0.9994695 2.3499e-4 -0.03257054 0.9935532 -0.01134365 -0.1127986 0.9996693 -0.00509876 -0.02520769 -0.923634 -0.2285239 0.3076967 0.9755526 -0.001493215 -0.2197613 0.9862859 -0.01002746 -0.1647409 0.9755527 -0.001486778 -0.2197604 0.3920591 -0.9196717 -0.02221626 -0.7755693 0.002438843 -0.6312579 -0.7610045 -0.001264512 -0.6487455 -0.908704 -0.001549959 -0.4174382 -0.9992275 -0.02291542 0.03192871 -0.9851367 -0.005514085 -0.1716841 -0.9087782 -0.001563668 -0.4172766 -0.8684421 0.009211063 -0.4957051 -0.7755916 0.002442955 -0.6312304 0.4414281 -0.07931238 0.8937845 0.3525533 -0.1373673 0.9256546 0.457841 -0.03872478 0.8881904 0.5381859 0.0523737 0.8411974 0.5436996 0.08872616 0.8345768 0.5959216 0.1347795 0.7916515 0.999669 -0.005074203 -0.02522641 0.9978507 0.02937424 -0.05857658 0.9580292 -0.00378406 -0.286646 0.6406339 7.67618e-4 -0.7678462 0.6404868 7.60242e-4 -0.7679689 0.6406339 7.67681e-4 -0.7678462 -0.8309156 6.9099e-4 0.5563981 -0.816572 -0.00915879 0.5771711 -0.9622364 -0.001717746 0.2722099 0.914891 0.004681289 -0.4036737 0.8998998 0.01341146 -0.4358906 0.9317432 0.009358406 -0.3629974 0.8446646 -0.298789 -0.4441475 0.8709549 -0.1780206 -0.4579807 0.967624 -0.08614146 -0.2372418 -0.00935316 0.995768 0.09142524 0.9747334 0.2049378 -0.08885598 0.9908007 -0.001647651 0.1353194 0.9747295 0.204968 -0.08882975 0.9058747 0.008572459 -0.4234594 0.7921841 0.01372379 -0.610128 0.9905042 0.004928231 -0.1373947 -0.183406 0.01187205 0.9829656 -0.3301917 0.01059436 0.9438545 -0.8092705 -0.01112794 0.5873308 -0.9385342 -0.003870427 0.3451649 -0.9386968 -0.003952741 0.3447215 -0.9853737 -0.002888083 0.1703829 -0.9383974 -0.003818273 0.345537 -0.9854046 -8.75278e-4 0.1702262 -0.9999923 -0.003374159 -0.00203979 -0.9843803 0.001795053 -0.1760465 -0.9999977 -3.99426e-5 -0.002170443 -0.9843844 0.001797735 -0.1760234 -0.9878711 0.00424236 -0.1552184 -0.2138755 0.001346826 0.97686 -0.2225249 0 0.974927 -0.5066543 0.001650214 0.8621478 -0.7705263 0.00499469 0.6373887 -0.7495996 0.001823425 0.6618891 -0.5068136 0.001677691 0.8620542 -0.4888527 7.1227e-4 0.8723661 -0.2138526 0.001350283 0.9768651 -0.4345405 0.03357094 -0.9000265 -0.3331587 0.02304005 -0.9425893 -0.4880293 0.02244949 -0.8725385 -0.5334177 -3.01171e-4 -0.8458521 -0.5891656 -5.22646e-4 -0.8080122 -0.5889921 -8.48985e-4 -0.8081384 -0.8892555 0.001859128 0.4574071 -0.9384709 -0.006766498 0.3452924 -0.5923137 0.007381498 0.8056737 0.003631293 -0.9986073 0.0526337 0.1999062 -0.9783456 -0.05364245 -0.06531858 0.9978099 0.01043796 0.3177049 0.935287 -0.1558907 -0.06691634 0.9977528 -0.003408014 0.2177345 3.55703e-4 -0.9760081 0.220142 0 -0.9754679 0.5055464 8.11961e-4 -0.8627991 0.7705172 0.004994451 -0.6373997 0.7452784 0.001184999 -0.6667523 0.5056919 8.20184e-4 -0.8627138 0.4878108 -9.8839e-4 -0.8729488 0.2177049 3.605e-4 -0.9760146 0.3763461 0.4822514 0.7910735 0.2968836 0.4749623 0.8284147 0.5084502 0.5052236 0.6973002 0.9931803 -0.1037139 0.05325728 0.9728124 -0.1523633 0.1744179 0.9022706 -0.3311196 0.2761662 0.04132729 0.5834162 -0.8111213 0.04132735 0.5834163 -0.8111212 0.04132735 0.5834162 -0.8111212 0.2357228 -0.8239315 -0.5153365 0.08220905 -0.960977 -0.2641305 -0.005769073 0.2362021 -0.9716868 0.007038116 0.06851035 -0.9976257 0.003601491 -0.1110345 0.9938101 -0.3558349 -0.02185851 0.9342933 0.003599107 -0.1110649 0.9938067 0.529203 0.7920289 0.3043592 0.529325 0.7919583 0.3043307 0.529203 0.7920289 0.3043592 0.004162669 0.9995788 0.02872157 0.0261569 0.9995814 0.0123611 0.002026677 0.9997855 0.02061152 -0.07040446 -0.9849523 0.1578356 -0.3014422 -0.9417514 0.1491209 -0.2392064 -0.9019427 0.359555 0.9990228 -0.04391211 0.005034029 0.9608769 -0.02689313 -0.2756673 0.9274365 -0.005854487 0.3739351 0.9179067 0.004596233 0.3967697 0.8931983 -0.003721714 0.4496477 0.9895572 0.02281385 0.1423241 0.917902 0.004592418 0.3967807 0.9895854 0.02277183 0.1421349 0.9995593 0.01075839 -0.02767145 0.9771515 0.009136319 -0.2123482 0.9931303 0 -0.1170136 -0.04235583 -0.9990859 -0.005782485 0.9728492 -0.152212 0.1743445 0.9959058 0.03760397 0.08220517 0.05213016 -0.9983152 -0.02548098 -0.8645346 -0.0204423 0.5021574 -0.8825377 -0.03777718 0.4687217 -0.9479203 -0.01403975 0.318198 -0.9890567 0.02476423 0.1454427 -0.9996312 0.02375644 -0.01316183 -0.9991977 -0.0240035 -0.03206217 -0.9967493 -0.07317984 -0.03369808 -0.9791892 -0.1420184 -0.1449806 -0.5780498 0.01677644 0.815829 0.1107785 -0.993843 0.002044379 -0.0313785 0.02854192 -0.9991 0.2169184 -0.001069545 -0.9761892 -0.280721 -0.03040605 -0.9593077 0.2605516 0.329769 0.9073948 0.3807659 0.6027404 0.7012285 0.5072605 0.4481803 0.7360851 -0.5845713 0.3098082 -0.7498636 -0.5845711 0.3098083 -0.7498637 -0.5845709 0.3098082 -0.7498639 -0.05345582 -0.9984115 0.01780748 0.05139541 0.9985684 -0.01482111 -0.8778104 0.1232811 0.4628723 -0.458097 -0.8521009 -0.2531234 -0.4579895 -0.8521761 -0.2530645 -0.4579895 -0.8521761 -0.2530645 0.4949564 -0.4763008 0.7267432 0.03465747 -0.9993961 0.002510547 0.1374818 -0.9905043 -5.06639e-7 -0.6420993 3.22194e-4 0.7666214 -0.6654305 -0.001147389 0.746459 -0.6420995 3.20007e-4 0.7666212 0.9479485 0.2646057 -0.1771369 0.9970371 -0.001525402 -0.07690775 0.006804108 0.8362907 0.5482442 -0.155696 0.9443515 0.2897567 0.006470143 0.8363107 0.5482178 0.9479014 0.2647456 -0.1771805 0.7679341 0.5949186 -0.2373796 0.9697499 0.003605186 0.2440745 0.9748781 3.41485e-4 0.2227393 0.9846486 -0.002288997 0.1745337 0.9404308 -0.00567013 0.339938 0.9491844 0.009629786 0.3145734 0.9970856 0.02486509 0.07212507 0.1159642 -0.9299801 0.3488402 -0.5952382 -0.1807057 0.7829668 -0.1751341 -0.7786759 -0.6024881 -0.1746639 -0.7787677 -0.6025059 -0.174664 -0.7787678 -0.602506 0.6942524 -0.6906735 -0.2024444 0.9438815 -0.2548154 -0.2101354 0.9834775 -0.1526396 -0.09733098 0.533195 8.32161e-4 0.845992 0.5345641 9.96416e-4 0.8451274 0.4197757 0.001296401 0.9076271 0.2820872 7.31282e-4 0.9593885 0.149099 -0.001486718 0.9888212 0.2819345 -7.7966e-4 0.9594334 0.1490884 -0.001491248 0.9888228 0.1260707 -0.004576623 0.9920107 0.9908677 -0.1339185 0.01571822 0.1966969 -0.9800039 0.03004527 -0.1922325 -0.9813271 0.00662887 0.6479496 0.6122775 -0.4530758 0.6505923 0.3225466 -0.6875271 0.6427339 0.3360346 -0.6884576 0.6942372 -0.6907008 -0.2024033 0.7726384 -0.6328378 0.05046212 0.7223353 -0.6906291 -0.03554278 -0.9709817 -0.001169621 0.2391512 -0.9616625 0.004239439 0.2742032 -0.8778939 -0.003652632 0.4788413 0.9873823 0.01340055 0.1577873 0.9873859 0.01342916 0.1577619 0.9829657 -0.1746184 -0.05733078 0.5558198 0.007484912 0.8312692 0.4639495 -0.004424989 0.8858506 0.9554244 0.02908241 0.2938 0.8652194 0.02681106 0.5006763 0.9926657 0.02152806 0.1189603 0.9904953 0.02201092 -0.1357743 0.9904774 0.02197784 -0.1359105 0.9997038 0.02432972 -7.34977e-4 0.93839 0.006717145 -0.3455128 0.9904828 0.0219683 -0.1358726 0.9383966 0.006713151 -0.3454952 0.9460003 0.004102528 -0.3241401 0.3069726 -1.19825e-5 -0.9517184 -0.05997979 3.87665e-4 -0.9981996 0.5063539 0.007064521 -0.8622968 0.9008476 -0.002374291 0.434129 0.9538484 -0.004672706 0.3002522 0.7505882 0.0022704 0.6607665 -0.4109246 -7.44043e-4 -0.9116691 -0.06013292 3.49544e-4 -0.9981903 -0.431561 -0.02183896 -0.9018194 0.943157 -0.00108689 0.332346 0.9091687 -6.65385e-4 0.4164276 0.989009 9.32159e-4 0.1478524 0 1 7.21176e-7 0 -1 -1.54486e-5 0.9740768 0.02902925 0.2243472 0.9963182 8.61605e-4 0.08572888 0.9740769 0.02902948 0.2243471 -0.03742551 0.9927538 0.1141898 -0.04655587 0.9988962 -0.006253719 -0.01174771 0.9996998 -0.02149826 -0.08016937 0.9276863 0.3646518 -0.02334827 0.9942985 0.1040455 -0.004992425 0.9993185 -0.03657358 0.9942893 -0.08502608 -0.06449282 0.9380372 -0.2822172 0.2010967 0.9765113 -0.215466 3.55453e-4 -0.4232012 -0.9057059 -0.0244466 -0.7123028 -0.6992247 -0.060907 -0.5043267 -0.8488906 0.1582386 0.3287214 -0.003090858 0.9444219 0.3172615 0.001315653 0.9483372 0.2107363 0.001600801 0.9775416 0.2632867 0.1062368 0.9588503 0.5469337 -0.001703798 0.8371742 0.4796383 -9.33516e-4 0.8774659 0.3326159 -6.46804e-4 0.9430623 0.2536628 -4.91085e-4 0.9672927 0.08976954 -1.74596e-4 0.9959626 0.006968379 0.001085221 0.9999752 0.3020607 0.004576683 0.9532778 0.2982378 0.006852924 0.954467 0.4477882 0.005835592 0.8941207 0.002353549 0.00108087 0.9999967 0.1339687 0.003825068 0.9909782 -0.006742477 0.009045243 0.9999365 -0.003212153 0.005981564 0.9999771 0.002712249 0.00145328 0.9999954 0.1331986 -0.9832573 0.1243516 0.1645534 -0.9857356 -0.03532141 -0.05944055 -0.9686345 0.241276 0.2055311 -0.9358935 -0.2861126 0.1644752 -0.9857457 -0.03540217 -0.07031595 -0.9849844 0.1576753 0.357531 -0.9334395 -0.02936577 -0.02898746 -0.980856 0.1925654 0.2439157 -0.002780973 0.9697926 0 -0.001948893 0.9999981 0 -0.001948893 0.9999981 0.8651421 2.24721e-4 0.5015271 0.4110335 1.33289e-4 0.9116203 0.3692966 -0.003160238 0.9293063 0.3691434 -0.003178358 0.929367 0.9359882 0.01163113 0.3518393 0.7777948 -0.00327295 0.6285098 0.5499785 -0.001781642 0.8351769 0.7812712 0.001260578 0.6241905 0.7661349 -0.002648353 0.6426743 0.9098164 -0.001951336 0.4150064 0.9996371 -0.021631 -0.0160588 0.9843604 -0.005131006 0.1760922 0.90988 -0.001958727 0.4148672 0.8726945 0.008437752 0.4881938 0.7812815 0.001264035 0.6241776 -0.8366537 -0.01141542 0.5476133 -0.8289594 -0.001297831 0.5593075 -0.7758019 -5.96788e-4 0.6309764 -0.6953765 0.004335522 0.7186326 -0.7066281 0.01020574 0.7075116 -0.7757676 -5.96087e-4 0.6310186 -0.861191 0.006663739 0.5082377 -0.7851341 -0.002717792 0.6193198 0.9965782 0.02990496 0.07705771 0.98958 0.02282249 0.1421641 0.9926739 0.02149415 0.1188981 0.9965778 0.02989262 0.07706648 0.9926757 0.0214771 0.1188856 0.9993635 0.007425725 -0.03489506 0.9993603 0.00743401 -0.0349828 0.999705 0.02428233 -7.24405e-4 0.9948511 0.0110951 -0.1007385 0.9993591 0.007437467 -0.0350157 0.99485 0.01110982 -0.1007477 0.9938967 0.02228039 -0.108041 0.5065164 0.007048308 -0.8622016 0.6712073 -0.008693158 -0.7412187 0.4364516 0.004390835 -0.8997171 -0.5135849 -0.002665638 -0.8580347 -0.7137176 -8.77875e-4 -0.7004331 -0.2139628 0.003117442 -0.9768368 0.989004 9.28118e-4 0.1478857 0.986467 -0.001797795 0.1639504 0.8819801 0.002483367 0.4712803 -0.970983 -0.001176893 0.2391459 -0.9790043 -0.006632208 0.2037317 -0.970983 -0.001175403 0.2391455 0.9995303 0.02854883 -0.01113873 0.9949745 0.09059023 -0.04265367 0.9931057 0.02768862 0.1139066 0.9931086 0.02763152 0.1138942 0.9997609 -0.01834994 0.01188933 0.9995313 0.02852046 -0.01112586 0.9735862 -0.1848657 -0.1339953 0.9990332 0.04144364 -0.0146687 0.999507 0.02981513 -0.009847462 0.9990331 0.04144328 -0.01467216 0.9995057 0.02985721 -0.009851753 0.98867 0.1492831 0.0156899 0.9996138 -0.0256586 -0.01066976 0.9565892 0.2691436 0.1117981 0.9644526 0.04488593 0.2604164 0.9644073 0.04494071 0.2605744 0.9054592 0.3144543 0.2850654 0.9780702 0.05055713 0.2020465 0.9930976 0.0276885 0.1139773 0.9975345 0.02897351 0.06391805 0.9975375 0.02894985 0.06388294 0 -1 -4.21678e-6 -5.24048e-4 -0.9998371 0.01804959 3.93548e-4 -0.9999924 -0.003905951 -0.003726363 -0.9994326 -0.03347665 -5.13727e-5 -0.9993584 0.03581553 0.002062618 -0.9976789 0.06806498 7.25509e-4 -0.9999738 -0.007201611 0.001468598 -0.9998929 -0.01456791 0.002748191 -0.9995993 -0.02816969 0.002747178 -0.999599 -0.02818256 0 -1 9.16851e-6 -5.26194e-4 -0.9998367 0.01806616 0 -1 2.41411e-4 0 -1 4.93873e-5 0 -1 5.00405e-5 0 -1 9.16842e-6 0 -1 -4.2155e-6 0.9985522 -0.03497481 0.04087007 0.9990447 -0.03263366 0.0290665 0.9997366 0.00850743 0.02131849 0.9928238 -0.02747428 0.1163886 0.9512253 -0.02053153 0.3078131 0.9561443 0.004322707 0.2928641 0.900896 -0.002377867 0.4340286 0 -1 2.76039e-6 0 -1 2.41099e-6 -0.1764472 0.9765104 -0.1236687 -0.08117127 0.9966176 0.01282846 -0.01642662 0.9946902 -0.1015956 0.1982977 0.9715493 0.1294993 0.08179932 0.9965322 -0.01525324 0.01795518 0.9945477 0.1027263 0.1275948 0.975767 -0.1777596 -0.1431024 0.9719682 0.1865464 -0.00622493 0.9999806 -1.18272e-4 -0.005791187 0.9999828 -8.64219e-4 -0.006586313 0.9999783 -4.19983e-4 -0.005758285 0.999983 8.97505e-4 -0.006210446 0.9999808 1.62582e-4 -0.006344318 0.9999798 5.70484e-4 -0.006675899 0.9999777 3.84821e-4 -0.006481409 0.999979 1.30607e-5 -0.006676614 0.9999777 -3.68952e-4 0.01062011 0.9986711 0.05043137 -0.02820366 0.9992083 -0.02805936 0.01732021 0.999781 -0.01174807 -0.002942383 0.9847095 0.1741799 0.02174049 0.9966551 0.07877892 0.02776008 0.9985937 -0.0451672 0.1053115 0.9860764 -0.1286967 0.007202744 0.9531581 -0.3023869 -0.1005946 0.9467229 -0.3059355 0.02775102 0.9985949 -0.04514807 -0.0712856 0.9664224 -0.2468725 0.1001244 0.9807641 0.1675618 0.004931509 0.999823 -0.01815855 0.08444482 0.9782207 0.1896142 0.004947602 0.9998226 -0.01817405 0.008063316 0.9993846 0.03413873 0.03346192 0.9982434 -0.04889297 -0.075778 0.965613 0.2486952 -0.2610433 0.576283 -0.7744382 -0.1006309 0.9466919 -0.3060193 -0.07788729 0.5818342 -0.8095695 0.1988263 0.7698776 -0.6064293 -0.07792782 0.5817326 -0.8096385 0.239246 0.6014756 -0.762226 0.1109253 0.5134778 -0.8509032 0.446488 0.5066692 -0.7375195 0.2719456 0.5061579 -0.8184435 0.6345698 0.4464154 -0.6308998 0.6521967 0.4719017 -0.5932524 0.5766993 0.4280025 -0.6958677 0.5766783 0.4280297 -0.6958684 0.5834103 0.6278517 -0.5152036 0.5347113 0.4013581 -0.7436367 0.4048805 0.324584 -0.85482 0.5346702 0.4012563 -0.7437213 0.2083227 0.1613529 -0.964659 0.452648 0.00743407 -0.8916583 0.7167141 0.105302 -0.6893711 0.2560094 0.6149542 -0.745849 0.4905363 0.5179248 -0.7008053 0.3980657 0.7587892 -0.5155412 0.473123 0.638637 -0.6068751 0.4906198 0.5179134 -0.7007553 0.5346383 0.4013828 -0.7436759 0.5710715 0.3648864 -0.7353471 0.3763722 0.5114177 -0.7725259 0.1836906 0.5158373 -0.8367615 -0.420071 0.4868832 -0.7658231 -0.1949944 0.5109621 -0.8371948 0.006174325 0.5534701 -0.8328462 0.009323537 0.829383 -0.5586028 -0.07779663 0.581803 -0.8096006 0.2259573 0.6931459 -0.6844648 -0.6941562 0.600081 -0.3975551 -0.7056683 0.582176 -0.4038607 -0.6383191 0.5373854 -0.5511496 -0.4813913 0.6729795 -0.5615702 -0.6382768 0.5373166 -0.5512654 -0.4812844 0.6729436 -0.5617049 -0.4739588 0.4928039 -0.7297311 -0.7837904 0.5588312 -0.270888 -0.846017 0.5187208 0.1232243 -0.780037 0.6031863 -0.1664592 -0.8451352 0.5344613 0.009882867 -0.4503386 0.2251005 -0.8640167 -0.681742 0.3730797 -0.6293167 -0.4503386 0.2251005 -0.8640167 -0.7274289 0.6861211 0.009228885 -0.8340107 0.5274994 -0.1617729 -0.7838343 0.5588048 -0.270816 -0.8440182 0.4967486 -0.2021738 -0.783753 0.5588446 -0.2709686 -0.7672442 0.5735813 -0.2869512 -0.7056621 0.5821743 -0.4038739 -0.2001444 0.9547957 0.2197897 -0.5869061 0.6230615 0.5170451 -0.4263569 0.8625534 0.2724361 -0.4237312 0.4941073 0.7591508 -0.6559439 0.6043192 0.4522565 -0.5869284 0.6229299 0.5171782 -0.7044903 0.5612766 0.4343525 -0.4947804 0.8132965 0.3061719 -0.6782897 0.6857398 0.2639775 -0.6314135 0.6649693 0.3989146 -0.678339 0.6857066 0.2639374 -0.8180198 0.5236666 0.2379432 -0.8180606 0.5236385 0.2378649 -0.7367296 0.6113873 0.2888513 -0.4808202 0.7171852 0.5044378 -0.3609738 0.9131631 0.1892914 -0.1599991 0.9869773 -0.01661777 -0.5139665 0.8237982 0.2391549 -0.6424305 0.73681 0.2106993 -0.1601011 0.9869612 -0.01659739 -0.7171257 0.6930243 -0.07381254 -0.4337982 0.6814755 0.5894153 -0.4576678 0.8500804 0.260583 -0.4604005 0.7136105 0.5280072 -0.160123 0.9869558 -0.01669907 -0.100699 0.9466966 -0.3059825 -0.4813048 0.6730251 -0.5615897 -0.1603156 0.8607215 -0.4831745 -0.2611351 0.5762584 -0.7744255 -0.4201581 0.4868727 -0.7657821 -0.5792183 0.486357 0.6541889 0.164174 0.8552097 0.4915926 0.1001595 0.9807533 0.1676045 -0.01251977 0.8945708 0.4467511 -0.01155418 0.9500246 0.3119611 -0.06163471 0.7573549 0.6500883 -0.07572489 0.9655902 0.2487999 -0.171611 0.5918905 0.7875375 -0.4336224 0.6815186 0.5894949 -0.171671 0.591776 0.7876105 -0.4535381 0.6052404 0.6542074 -0.4235506 0.4941049 0.7592532 -0.4236628 0.4940879 0.7592016 -0.7282031 -0.003895044 -0.6853503 -0.8804475 -0.005646407 -0.4741102 -0.6884686 0.002144336 -0.7252631 -0.7240478 4.32795e-4 -0.6897497 -0.6767634 0.001737892 -0.7361987 -0.6992528 0.001128435 -0.7148737 -0.6146528 -5.01372e-4 -0.7887976 -0.7240376 4.41338e-4 -0.6897605 -0.4871033 0.00473833 -0.8733316 -0.607744 -0.004104554 -0.7941225 -0.4167879 -0.00217086 -0.9090012 0 -1 8.27712e-6 0.0136463 -0.9999027 -0.002892911 0 -1 -4.69159e-7 0.01149696 -0.9999337 7.64724e-4 0.01347315 -0.9999052 -0.002855896 0.02295327 -0.9997354 0.001538038 -0.002244651 -0.9999903 0.003786623 0 -1 -4.58727e-7 0.00282526 -0.9999497 -0.009630918 0.00660777 -0.9999527 0.00713694 0.0994482 -0.9950418 0.001409888 -0.007260918 -0.9998996 -0.01217132 0.1109418 -0.9938248 0.002027809 0.07806426 -0.9967814 0.018247 0.1376292 -0.9904838 7.78167e-6 0.1832026 -0.9830752 -6.22759e-7 -0.02700185 0.9996355 -2.64068e-4 -0.08357542 0.9965016 0 -0.03055214 0.9994155 -0.01533919 6.88106e-4 0.9999898 0.004473149 -0.005390107 0.9994536 -0.03261274 -0.03171241 0.9991981 0.02444404 -0.02700334 0.9996354 -2.38908e-4 -0.01120322 0.9990296 0.0425961 -0.01116079 0.9990286 0.04263216 0 -1 -4.14876e-6 1.61962e-4 -0.9994672 -0.03264045 0 -1 -1.08382e-6 0 -1 -6.77541e-7 0 -1 -2.45106e-7 0 -1 -5.62777e-6 1.62111e-4 -0.9994671 -0.03264403 0 -1 -5.64176e-6 0 -1 -1.69722e-4 0 -1 5.48796e-6 0 -1 -3.18542e-6 0.07428705 -0.00580722 -0.99722 -0.01295179 0.01971423 -0.9997218 0.135508 0.02686458 -0.9904121 -0.07609325 0.01654011 -0.9969636 0.2889048 0.005812764 -0.9573403 -0.2134956 0.008899927 -0.9769036 -0.3379161 0.02655673 -0.9408016 -0.1279211 -0.008357167 -0.9917492 0.9733101 0.05820584 -0.2219899 0.9994167 -0.006495833 -0.03353059 0.9938738 -0.002792119 -0.1104858 0.9528974 0.001985371 -0.3032863 0.907993 0 -0.4189854 0.7598707 7.38434e-6 -0.6500744 0.6508968 -3.69436e-5 -0.7591663 0.4206773 -8.42027e-6 -0.9072104 0.2620157 0.01912158 -0.9648743 0.1066424 0.0253756 -0.9939736 0.2618812 0.01918089 -0.9649096 -0.107675 0.004350721 -0.9941766 0.004161119 1.06915e-4 -0.9999914 -0.002625823 -0.004140794 -0.999988 -0.005343019 0.01467847 -0.999878 -0.07607227 0.01653367 -0.9969653 -0.02310597 0.04983264 -0.9984903 -0.7240226 4.41438e-4 -0.6897761 -0.737573 0.002744376 -0.6752619 -0.6146981 0.01922589 -0.7885283 -0.5085687 0.009809911 -0.8609657 -0.5358649 0.03230458 -0.8436856 -0.6067185 4.20677e-4 -0.7949168 -0.2464634 0.004496932 -0.9691417 -0.1934855 -0.02062124 -0.9808864 -0.3200739 -0.004318237 -0.9473828 -0.3574385 -0.0327211 -0.9333634 -0.377608 0.009549558 -0.9259163 -0.5085554 0.00982511 -0.8609734 -0.3574585 -0.0326879 -0.9333568 -0.4524054 0.02229988 -0.8915337 -0.5358551 0.03230708 -0.8436917 -0.3565602 -0.1080236 -0.9280064 0.9839513 -0.159229 0.08053547 0.8026637 -0.5790371 0.1429933 0.9520391 -0.2983761 0.06777423 0.9884911 0.1134027 0.1001256 0.9970358 0.06390494 0.04284638 -0.9849749 -0.1538571 -0.0784372 -0.8130127 -0.5660544 -0.1363558 -0.9547235 -0.2904906 -0.06417334 -0.9882857 0.1142834 -0.1011469 -0.996971 0.06447166 -0.04350095 -4.07284e-4 -0.9999912 0.004181802 -7.20642e-4 -0.9999724 0.007395863 -0.001442611 -0.9998893 0.01481539 -0.002733945 -0.9944183 -0.1054749 0.1583105 0.01742285 0.9872357 0.2074337 0.008135735 0.9782153 0.2464048 0.002149462 0.9691647 7.02289e-4 0.01106703 0.9999386 -2.72579e-6 0.009367048 0.9999561 -0.1992037 0.009269297 0.9799143 -0.2257242 4.62105e-4 0.9741912 -0.2186014 0.009903669 0.975764 -0.1617687 0.01057702 0.9867721 -0.0668022 0.004483461 0.9977562 -0.1615936 0.01059675 0.9868006 -0.02589792 0.01852685 0.999493 -0.2656463 0.02098798 0.9638422 -0.3300157 0.01060563 0.9439159 0.01696097 0.009253442 0.9998134 0.1655133 0.0170266 0.9860606 0.1656643 0.01698905 0.9860358 0.1748728 0.005409479 0.9845762 6.76215e-5 0.009370565 0.9999561 0.1748505 0.005409836 0.9845802 0.07226568 0.002635657 0.997382 0.3379315 -0.007418394 0.9411415 0.3034496 0.006985962 0.952822 0.1649186 0.03121018 0.9858133 0.1889368 0.01715391 0.9818394 0.1469355 -0.01404225 0.9890464 0.3198019 0.03573495 0.9468104 0.02470147 -0.01257306 0.9996159 0 1 -1.80112e-5 0 1 2.83841e-6 0 1 -9.7414e-7 0 1 -1.45251e-6 0 1 1.26473e-5 0.9373875 -0.007389485 -0.3482099 0.9844723 0.01811283 -0.1746034 0.9905232 0.004900276 -0.1372583 0.931002 -0.009655237 -0.3648867 0.8195205 6.68202e-4 -0.5730497 0.8801803 -0.007538437 -0.4745797 0.833404 0.1496675 -0.5320128 0.9584417 -0.1466938 -0.2446845 0.8802136 -0.007545888 -0.4745179 0.005753874 0.9999797 0.002746045 -0.01429957 0.9998579 0.008928239 -0.001266002 0.9999944 0.003097116 0.09938371 0.9948278 0.02099424 0.03319358 0.9994244 0.007009625 0.03078448 0.9994745 0.0101552 0.01229774 0.9999244 -7.51095e-5 0.0135827 0.999894 -0.005268812 0.01459532 0.9998527 -0.009044468 -0.008892059 0.9999383 -0.006679296 -0.001801252 0.9999964 -0.002006888 -0.008886098 0.9999383 -0.006679892 -0.001733303 0.9999967 -0.001954972 0.00553286 0.9999844 -7.52836e-4 0.005780994 0.9999796 0.002739906 0.005559623 0.9999843 -7.57036e-4 0.005784153 0.9999796 0.002738833 0.008662283 0.9999622 -7.5706e-4 0.008645892 0.9999624 -6.93738e-4 0.03315442 0.9994258 0.00700283 0.004172921 0.9990295 0.04384934 0.003575503 0.999979 0.005417287 0.006440401 0.9999656 -0.005227386 0.9987041 0.01346105 0.04908174 0.991657 0.01756352 -0.1277031 0.9988716 0.01284998 -0.04572325 0.9957677 0.01586353 -0.09052705 0.999991 -0.002599895 -0.003365933 0.9999883 0.001825213 -0.004477798 0.9999301 -0.006457269 -0.009912729 0.9950705 -3.19012e-4 0.0991699 0.9994211 -0.006505131 -0.03339582 0.9992656 0.0264641 -0.02771627 0.9971655 0.0231899 0.07157731 0.9601637 0.01962906 0.2787479 0.9971647 0.0231865 0.07159024 0.9601154 0.01957553 0.278918 0.9118657 -0.005813837 0.4104475 0.7593986 -0.01181995 0.6505185 0.6606231 0.01393932 0.7505884 0.4152812 0.02181863 0.9094315 0.4674174 0.01485794 0.8839119 0.2250295 0.006006956 0.9743335 0.1808959 0.04484164 0.9824795 0.01353287 -0.002683043 0.9999049 0.08737176 0.006148993 0.9961568 0.9999997 1.0434e-4 -9.55641e-4 0.9992665 0.02648967 -0.0276553 0.9861606 0.002925217 0.1657671 0.9950585 -2.98701e-4 0.09929025 0.8867051 -0.0266025 0.4615696 0.999816 0.01918739 0 0.8228108 0.03146338 -0.5674438 0.9916449 0.01755249 -0.1277979 0.9514735 0.02714174 -0.3065313 0.9733327 -0.01391315 0.2289763 -0.1774359 0.9761165 -0.1253514 -0.07675319 0.9969579 0.01356172 -0.01737254 0.9946523 -0.101809 0.1791908 0.9757669 0.125577 0.0769785 0.996949 -0.01292121 0.01769274 0.9945561 0.1026901 0.125826 0.9761716 -0.176796 -0.1267231 0.9756401 0.1790743 -0.08557337 -0.99626 0.01197248 -0.04404324 -0.9988249 0.02022367 -0.002549946 -0.9996187 0.02749896 -0.975979 0.008283197 0.2177071 -0.9539245 0.04427921 0.2967614 -0.9712066 -0.004250824 0.2382009 -0.9836775 0.005859136 0.1798448 -0.985489 0.01526588 0.169052 -0.9893655 0.007050871 0.14528 -0.9760019 0.008282363 0.2176046 -0.9999984 -0.001297056 -0.001256644 -0.9938908 -0.005506634 0.1102308 -0.9369304 -0.0300582 0.3482213 -0.9324098 -0.08847916 0.3504047 -0.8991753 0.01903212 0.4371748 -0.8991118 0.009447038 0.4376171 -0.9478939 -0.003416478 0.3185682 -0.9766426 0.001903116 0.2148625 -0.9886438 0.004112303 0.1502217 -0.7866759 0.01947593 0.617059 -0.8409483 0.03211688 0.5401616 -0.4375132 0.004360675 0.8992015 -0.4960088 0.007738769 0.868283 -0.491113 -0.002220809 0.8710931 -0.5922208 0.007399559 0.8057419 -0.4912468 -0.002217769 0.8710177 -0.5922498 0.007405996 0.8057204 -0.6873066 5.97685e-4 0.7263672 -0.7934504 -6.55202e-4 0.6086345 -0.2548742 -0.001253366 0.9669735 -0.004599809 0.001455783 0.9999884 -0.1447875 0.001503348 0.9894617 -0.2547928 -0.001239061 0.966995 -0.266478 0.00300157 0.9638364 -0.3092321 1.7731e-4 0.9509867 -0.9968428 -0.002729058 0.07935398 -0.9997758 0.01214504 -0.01734793 -0.9998875 0.006254613 0.01363623 -0.9922322 -0.001810848 -0.1243876 -0.932695 0.003516852 -0.360649 -0.9998294 0.01558417 -0.009919464 -0.9784177 0.004278957 -0.2065927 -0.9813217 -7.83754e-4 -0.1923726 -0.9600507 -0.001757383 -0.2798207 -0.9600172 -0.001751244 -0.2799355 -0.9813398 -0.003907203 -0.1922419 -0.9979779 -0.002419412 -0.06351798 -0.9933295 0.001173198 -0.1153045 -0.9659906 -0.007667243 0.258464 -0.9453459 0.005199253 0.3260278 -0.9608236 0.001312255 0.2771575 -0.9608697 0.001282334 0.276998 -0.9961277 0.00410366 0.08782184 -0.9821346 -0.005375981 0.1881026 -0.9660429 -0.007659971 0.2582685 -0.9932243 -0.006392657 -0.1160378 -0.9726169 0.004397332 -0.2323729 -0.999828 0.01557046 -0.01008689 -0.9784328 0.004281103 -0.2065215 -0.1284002 0.9723745 0.194939 0.01567453 0.9966064 0.08081018 -0.1028562 0.9945591 0.01651829 0.1783809 0.9757249 0.1270483 0.1026701 0.9945555 -0.01784235 -0.01253777 0.9965264 -0.08233004 -0.1880588 0.9715404 -0.1440253 0.1262316 0.975546 -0.1799322 0.003282666 0.9998424 -0.01745063 -0.007303237 0.9988591 -0.047194 0.005422472 0.9999643 -0.006489932 0 1 3.32264e-6 0.006900787 0.9999759 8.18506e-4 0.008702456 0.9999156 0.009649455 0 1 6.33314e-6 0 1 -1.16561e-6 -0.1276096 0.9719315 0.1976489 0.01594287 0.9965451 0.08150982 -0.1027283 0.9945588 0.01731002 0.1787682 0.9756496 0.1270825 0.1034751 0.9944658 -0.01819187 -0.01215165 0.9964998 -0.08270794 -0.1883063 0.9714382 -0.1443911 0.1281372 0.975085 -0.1810805 0.003276765 -0.9995987 0.02813792 0 -1 -3.03829e-6 0 -1 -1.82009e-6 0 -1 -8.16983e-7 0 -1 7.83089e-7 0.02098375 -0.9997544 -0.007127583 0 -0.99965 -0.02645528 0.02043408 -0.9997673 -0.006922841 0.04188656 -0.9991217 -0.001173555 0.02146601 -0.9997431 -0.007282495 -0.02116751 -0.01477193 0.9996668 0.00740689 -0.02484881 0.9996638 -0.1758788 -0.03923201 0.9836298 0.3277817 -0.01384127 0.9446521 0.1820154 -0.002079784 0.9832935 -0.06294655 -0.0141136 0.9979171 0.064543 0.9979138 -0.00153321 0.01628005 0.9998672 -8.93042e-4 -0.01302033 0.999912 0.00257641 1.93747e-4 0.9999938 0.003514647 -0.02248436 0.9997043 0.009266018 -0.03108316 0.9994655 0.010131 -0.001945972 0.9999907 0.003843724 0.1006816 0.9949187 -4.4331e-7 0 1 3.64583e-7 -0.03838324 0.9992386 0.007010757 -0.04630774 0.9989063 0.006467163 0.04359149 0.9990442 -0.003253698 0.04623794 0.9989304 5.6305e-4 0.0741865 0.9972444 4.60537e-4 0.02350538 0.9997067 -0.005845844 -0.05585646 0.9984348 0.002867817 -0.1147424 0.9933952 3.61742e-4 -0.112882 0.9935991 0.004314422 0 1 8.01722e-7 -0.001410961 0.9998719 -0.01594519 -0.009478211 0.9999503 0.003131151 0.00112611 0.9999963 -0.002515077 -0.03200572 0.9992808 0.02033704 -0.06391072 0.9970214 0.04317331 -0.04215061 0.9990758 0.008420288 -0.01899272 0.9998196 -3.32707e-4 -0.04422253 0.9990212 9.92794e-4 -0.009888827 0.9999378 -0.005180478 -0.0117731 0.9998387 -0.01356589 -0.001512348 0.999982 -0.005814611 -0.001425027 0.9998694 -0.0161004 -0.001425027 0.9998693 -0.01610696 -0.01280528 0.9997868 -0.01620119 -0.006669759 0.9999771 -0.00114727 -0.002355277 0.9999972 -3.07904e-4 0 1 -1.64338e-7 0 1 2.52165e-6 0.01195478 0.9999286 1.35029e-4 0.007955253 0.9999495 0.006158232 0.02448523 0.9996942 0.003479838 -0.00945127 0.9999337 0.006576538 0.02293813 0.9997367 -6.35705e-4 0.01704651 0.9998486 -0.003537118 0.00576663 0.9999783 -0.003178656 0 1 2.49654e-6 -0.002523243 0.999986 -0.004654049 0.02521806 0.999682 4.94238e-4 0.01570057 0.9998703 -0.003603041 0.008719444 0.9999429 -0.006177067 0.01189541 0.9999291 -6.6708e-4 0.03988695 0.9992042 -1.43942e-4 0.01413327 0.9998899 -0.004557609 0.01256448 0.999921 -5.74719e-4 0 1 6.39301e-7 0 1 1.71737e-7 0.005493104 0.9999758 -0.004277825 0.01865267 0.9998074 -0.006119549 0.02786588 0.9996102 -0.001727283 0 1 1.22684e-6 0 1 -2.20723e-6 0 1 2.15452e-6 0 1 -3.43562e-7 0.02784317 0.9996109 -0.001724004 0 1 1.70354e-6 0 1 -3.15141e-6 0 1 -6.16174e-6 -0.0131542 0.9999135 1.03656e-6 1.33351e-4 0.9999978 -0.002102136 6.20714e-4 0.9999667 -0.00814414 0.0137996 0.9998717 -0.008146703 1.65046e-4 0.999998 -0.002012729 0 1 -6.11718e-6 0 1 3.31361e-6 0 1 1.00493e-5 1.63464e-4 0.9999981 -0.001996695 0 1 4.98105e-6 0 1 -1.45859e-5 -0.005270063 0.9999856 0.00101161 -0.005352854 0.9999852 0.001026451 0 1 -1.3686e-6 0 1 1.98507e-6 -0.005617439 0.9999774 0.003721177 0.01374304 0.9999053 -7.79655e-4 -8.35645e-4 0.9999876 0.004921913 0.006356596 0.9999795 8.68147e-4 0.0734927 0.9972687 0.007339656 0.0586394 0.9982791 5.43904e-4 0.1021508 0.9947429 0.007196187 -0.007203936 0.9999316 -0.009210288 0.008028924 0.9999544 -0.005181133 -0.00127834 0.9999988 -0.001038312 -0.01114386 0.9999373 0.001097261 0.01908093 0.9997829 -0.008369684 0.01954144 0.9997783 -0.007847249 0.01774752 0.9998161 -0.007272839 0.02965831 0.9995487 -0.004781067 0.009898126 0.9999498 -0.001596093 -0.001268386 0.9999988 -9.4541e-4 -0.001268744 0.9999988 -9.45716e-4 0 1 -8.0586e-7 1.64324e-4 0.999998 -0.002007484 1.64484e-4 0.999998 -0.002007007 0.01880055 0.9998208 0.002202391 0.02772521 0.9994595 0.01767104 0.009145677 0.9994578 0.03162878 -0.009547948 0.9988885 0.04615849 1.62026e-4 -0.9994672 -0.03263902 -0.004176616 -0.9999885 0.002370834 -0.06442999 -0.9979208 -0.001702725 -0.01050323 -0.999927 0.005980312 -0.004167854 -0.9999885 0.002380073 0.02171695 -0.999741 0.006820023 0 -1 -5.58031e-7 0 -1 4.15858e-7 -0.1891515 3.06949e-4 0.9819479 0.01598078 0.07373255 0.99715 0.03548288 0.04864054 0.9981859 -0.1405164 -0.01446366 0.9899727 -0.4043422 -0.04815679 0.9133391 -0.475318 -0.04420524 0.8787029 0.3187735 0.7008517 0.6381146 -0.07229989 0.6843492 0.7255611 0.1442989 0.5308341 0.8351006 -0.1715888 0.5917754 0.7876288 -0.1965016 0.503952 0.8410824 -0.09173846 0.5851593 0.8057126 -0.01855909 0.6581817 0.7526303 0.1442727 0.5308025 0.8351253 0.144464 0.5307935 0.8350978 -0.02956396 0.5126233 0.8581046 -0.4235878 0.4940934 0.7592398 -0.2866327 0.4839767 0.8268061 0.3593268 0.6050446 0.7104966 0.1332851 0.1182284 0.9840006 0.2338629 0.1762879 0.9561542 0.1331317 0.1181382 0.9840322 0.01675134 0.0309993 0.9993791 0.08872753 0.0601477 0.9942383 0.07113677 0.01758378 0.9973116 -0.1571971 0.9831219 -0.09359723 -0.3013477 0.9257545 -0.2284036 -0.0931403 0.9944275 -0.04938739 -0.03779339 0.9992725 0.005108416 0.09956765 0.9947185 0.02492833 0.1100785 0.9931789 0.03845268 0.3530374 0.9317415 0.08498537 -0.003731191 -0.9994338 -0.03343915 0 -1 -2.94164e-6 0 -1 -1.99641e-6 0 -1 1.56682e-6 0.9978542 0.06543827 -0.002242743 0.9987623 -0.002995491 -0.04964774 0.9741783 -0.08484816 -0.209231 0.9999901 -3.1232e-4 -0.00445801 0.9991148 -0.03676003 0.0204541 0.9649238 -0.2622691 0.01170647 0.9999196 -0.01262032 -0.001319229 0.9999939 -0.001526594 -0.003154575 0.9930465 0.1020068 -0.05876684 0.9990902 7.97106e-4 -0.04264134 0.9834853 -0.1525945 -0.09732264 0.9976387 -0.03416293 -0.05958306 0.8591417 -0.5103132 -0.03815931 0.969962 0.001322746 -0.2432533 0.875218 0.4836969 0.005550026 -0.005418539 0.9999609 0.006999373 0 1 -9.67298e-7 -0.008827447 0.9999153 -0.00957328 -0.00684446 0.9999763 -8.11656e-4 0 1 2.40973e-6 0.004043281 0.9984553 0.05541509 -0.003276765 0.9998187 0.01876145 0 1 -8.95489e-7 -8.36234e-4 0.9999717 0.007478713 0 1 3.39438e-7 0 -1 1.40791e-6 0 1 -2.58842e-6 0 1 3.30028e-6 0 1 -6.58974e-7 0 1 -4.8058e-6 0 1 -1.61332e-6 0 1 -1.08084e-6 0 1 4.99151e-6 0.9924013 -0.1196466 0.02871316 0.9648719 -0.2624582 0.01174426 0.9932669 -0.1154389 -0.009724318 0.9741717 -0.08485895 -0.209257 0.9681453 -0.008169054 -0.2502561 0.9924199 -0.1195124 0.0286265 0.9924175 -0.1195043 0.02874606 0.9996976 -0.01384913 -0.02032166 -0.115813 -0.002374649 0.9932682 -0.1464842 -0.007142424 0.9891873 -0.4391353 0.002855777 0.8984164 -0.7365081 0.01034414 0.6763497 -0.8480447 0.01421159 0.5297343 -0.4093081 0.004046678 0.9123873 0 1 -1.82258e-6 0 1 4.01884e-6 0.4767017 0.7818707 -0.4017881 0.6465281 0.5402548 -0.5386338 0.6517795 0.5656647 -0.5051801 0.7485618 0.236007 -0.6196417 0.7843986 0.1396023 -0.6043428 0.7653937 -0.1453177 -0.6269412 0.7930752 -0.1734696 -0.5839008 0.6643335 -0.51786 -0.538964 0.6637089 -0.5715204 -0.4825506 0.4229534 -0.8413794 -0.3364392 0.4705454 -0.8199026 -0.3261085 0.2014271 -0.970492 -0.1325622 0.4259238 -0.8723618 -0.2399453 0.1305214 -0.9899958 -0.05359584 0.1783497 -0.9813505 -0.07171344 -0.165094 -0.9773693 0.132263 -0.2338307 -0.9590824 0.1596377 -0.47705 -0.818814 0.3193227 -0.547715 -0.769563 0.3283004 -0.715899 -0.5232957 0.4622232 -0.7643262 -0.4716788 0.4396869 -0.844693 -0.1495987 0.5139204 -0.8666304 -0.1135619 0.4858554 -0.8356819 0.2273769 0.4999357 -0.861631 0.1846725 0.4727453 -0.770755 0.4853165 0.4128011 0.09396213 -0.9934114 -0.06561118 -0.1094377 -0.9889454 0.1000518 -0.2123886 -0.9591056 0.187103 -0.4067296 -0.8556723 0.3199936 -0.4786746 -0.779562 0.403923 -0.6506044 -0.5667148 0.5055179 -0.64698 -0.5389433 0.5394043 -0.7399848 -0.2604343 0.6201585 -0.7501885 -0.3160699 0.5807901 -0.7910107 -0.1432385 0.5947981 -0.7400147 -0.260274 0.6201901 -0.7607803 0.2507541 0.5986115 -0.7913991 0.1914303 0.5805531 -0.8124029 -0.1764222 0.5557669 -0.789905 0.1824408 0.5854617 -0.7607415 0.2509191 0.5985917 -0.6387876 0.5689952 0.5178754 -0.7581938 0.3160263 0.5703242 -0.6857389 0.5377953 0.4904472 -0.3768457 0.8769866 0.2981309 -0.2007567 0.9707717 0.1315258 -0.4827395 0.8047624 0.3454275 -0.4247648 0.8735499 0.2376669 -0.6787232 0.6153988 0.4007732 -0.5522875 0.7843745 0.2823745 -0.09168338 0.9938057 0.06280452 0.1097472 0.9889573 -0.09959411 -0.1306568 0.9899456 0.05418998 0.1663312 0.9769642 -0.133697 -0.1792385 0.9814003 0.06875318 0.2322303 0.9590541 -0.1621245 0.2102916 0.9601739 -0.1839666 0.4078568 0.8551782 -0.3198797 0.4777913 0.8175511 -0.3214431 0.5428063 0.7708622 -0.3333659 0.728816 0.4902407 -0.4780076 0.8121126 0.1414619 -0.5660933 0.8322075 0.1927697 -0.5198757 0.8308603 -0.2329535 -0.5053752 0.6772899 -0.6149141 -0.4039296 0.7583656 0.4718883 -0.4496701 0.8600836 0.1103125 -0.4980837 0.5506035 -0.7817524 -0.292744 0.7645784 -0.4849658 -0.4245331 0.8552898 -0.1798709 -0.4859279 0.03058767 0.9995155 -0.00576359 0.01491612 0.9998878 0.001387119 0.06674742 0.9977635 -0.003592193 -0.008580923 0.9998897 0.01212775 4.60508e-4 0.9999464 0.01034826 -0.0092085 0.9999519 -0.00339514 -0.5453385 -0.1085633 0.8311559 -0.3604887 0.001306533 0.9327627 -0.600556 -0.0161544 0.7994196 0.2849651 0.00872457 0.9584983 -0.3604258 0.001341402 0.932787 -0.1302745 -0.0807712 0.9881825 -0.3252904 -0.07170557 0.9428916 -0.3252702 -0.07173997 0.942896 -0.5453189 -0.1086667 0.8311553 -0.5035694 -0.2231951 0.8346269 -0.002017021 0.9999909 -0.003785252 0.001163542 0.9999979 -0.001722157 0.01076167 0.9999381 0.002849936 0.05772262 0.9979736 0.0267753 0.02463912 0.9996312 0.01142537 -0.004199206 0.9999722 -0.006169617 -0.002038836 0.9999907 -0.003800809 0 1 1.47102e-6 0.001129567 0.999998 -0.001665174 0.001187682 0.9999978 -0.001724481 0.004281759 0.9999699 -0.006482183 0.001942873 0.9998758 -0.01564526 0.006373286 0.9999325 -0.009722828 0.1514013 -0.01579147 0.9883463 0.1943638 -0.01664054 0.9807884 0.1411561 -0.00749427 0.989959 0.352095 -0.0291233 0.9355111 0.319795 -0.004692375 0.9474753 0.1944481 -0.01663595 0.9807717 0.2443947 0.004615783 0.9696649 0.1157352 0.003236413 0.9932749 0.3547724 -0.08847743 0.9307569 0.5184873 0.01335388 0.8549812 0.4444379 0.02167701 0.8955473 0.538315 0.0336489 0.8420718 0.6347629 0.002190589 0.7727039 0.6453783 -0.05289381 0.7620297 0.6707213 -0.06613826 0.7387549 0.6651571 -0.1392375 0.7336069 0.5585795 -0.00314635 0.8294452 0.6348255 0.002205073 0.7726526 0.6520937 0.002036809 0.7581357 0.7594847 -0.006219923 0.6504957 0 1 2.89689e-6 0.008340775 0.9999633 0.002017855 0 1 3.22997e-6 0 1 -1.13205e-6 0.008908033 0.999958 0.002153098 0 1 2.3305e-6 0 1 -4.94375e-6 0.06672859 0.9977648 -0.0035851 0.02095186 0.9997677 0.005068004 0.03961724 0.9991882 -0.007318794 0.01383906 0.9999041 -5.73132e-4 0.04756158 0.9988454 -0.006777644 -0.0436117 0.9990433 0.003252029 -0.01512712 0.9998856 4.79053e-4 -0.07418453 0.9972445 -4.57186e-4 0 1 -3.54802e-7 0 1 2.08135e-6 0 1 -3.29601e-7 0.01188552 0.9999184 -0.00468856 -0.03040969 0.9995371 -0.001017212 -0.01797688 0.9998382 7.48351e-4 -0.05826103 0.998301 9.13909e-4 0 1 7.09099e-7 -0.01795876 0.9998385 7.43937e-4 0 1 -6.56396e-7 0 1 -6.31355e-7 0.001419365 0.9999975 -0.001744508 -0.003336727 0.9999929 -0.00182414 2.54844e-4 0.9999983 0.001875221 0.01725178 0.9998482 0.002484142 0.005923211 0.9999786 0.002802193 0.04427969 0.9990187 -0.001006186 0 1 3.8949e-6 -0.005878627 0.9999775 0.003240406 -0.01768267 0.9998379 0.003396213 -0.02078568 0.9997832 0.001179873 0.01210445 0.999905 0.006602644 0.03432089 0.9994083 -0.002312719 0.00459665 0.9999889 0.001087784 0.009925186 0.9999508 2.62699e-4 0 1 -1.96438e-6 -0.01104557 0.999939 -2.4788e-4 -0.007362246 0.9999538 -0.006203293 0.01314252 0.9999127 -0.001372337 0.01701509 0.9998517 -0.002661108 0.003474414 0.9999409 0.01030468 0 1 -6.39884e-7 0 1 -1.72052e-7 -0.004535794 0.9999834 0.003575861 -0.01174932 0.9999139 0.005854666 -8.45132e-4 0.9999717 0.00747776 0.02640736 0.9996467 0.0030182 -0.03006577 0.9995397 0.004078507 -8.3384e-4 0.9999834 0.005691766 0.01231801 0.9999206 -0.00267136 -0.02951186 0.9995532 0.004758775 0.005262792 0.9999857 -9.37352e-4 0.01409655 0.9999004 -8.0414e-4 0.02321654 0.9997275 -0.00244081 -0.01067423 0.9999275 0.005568206 0.006436169 0.999979 8.43389e-4 0 1 7.04431e-7 0 1 -3.5544e-7 0.03389209 0.9993934 -0.008018016 0.2894239 0.1363594 -0.9474387 0.04362821 0.061378 -0.9971607 0.2089863 -0.04812902 -0.9767336 0.1069733 -0.03120124 -0.9937722 0.1242716 0.144668 -0.9816454 0.04354864 0.06142354 -0.9971614 0.2081532 0.1612911 -0.9647059 -0.004903435 0.1813357 -0.9834091 0.03688591 -0.00636208 0.9992992 0.09975928 0.00998646 0.9949616 0.006381571 -0.9999198 0.01094299 0.003177165 -0.9999802 0.005445718 -0.001296818 -0.9978889 0.06493294 0.007027566 -0.9997426 -0.02157306 0 -1 9.10856e-7 0 1 -4.1526e-6 0 1 9.30281e-7 0 1 2.80323e-6 0 1 3.88416e-6 0 1 2.76757e-6 0 1 -4.74726e-6 -0.008159279 0.9999567 -0.004495382 0.05011779 0.9987374 0.003456056 0.001240372 0.9987084 0.05079483 0.02024221 0.9997497 -0.009537041 0.04552006 0.9989153 -0.009802043 0.0788303 0.996827 0.01103311 0.05018711 0.9987338 0.003474056 0.07881981 0.9968279 0.01104068 -0.008773207 0.9995179 -0.0297833 0.002121329 0.9996179 0.02756065 -0.00146079 0.997879 -0.06507891 0.04546374 0.9989179 -0.009796559 0.02326083 0.9946948 -0.1002062 0.02326238 0.9946984 -0.1001701 0 1 2.11393e-6 0.01129704 0.9998266 0.0148043 0.02882808 0.99946 0.01577067 -0.08841931 -0.00583285 -0.9960663 -0.06775778 -0.0122835 -0.9976262 -0.09837794 -0.002025544 -0.9951472 -0.09656596 0.004903554 -0.9953146 -0.1366518 -0.00629884 -0.9905991 -0.1143744 -0.0131275 -0.9933511 -0.1146275 0.01121336 -0.9933453 -0.2428303 0.003849387 -0.9700611 -0.0984528 -0.00200504 -0.9951397 -0.2076383 0.009655237 -0.978158 -0.1678099 0.03659796 -0.9851398 -0.1223657 0.0215736 -0.9922506 -0.01222348 0.9996984 -0.02130532 -0.006095409 0.9999251 -0.01062399 -0.007338345 0.9988593 -0.04718405 0 1 3.28603e-7 0 1 4.71861e-7 0 1 1.24004e-6 0 1 2.23818e-6 0 1 4.29347e-6 0 -1 -2.10807e-6 0 -1 3.08401e-6 0 -1 -2.40305e-6 0 -1 2.3005e-6 0 -1 2.64178e-6 -0.007222056 0.999413 -0.03349125 0.01444339 0.9998813 0.005368113 0.06578546 0.9971083 0.03804463 0.05087637 0.9974517 0.05001986 -0.04410392 0.9980858 -0.04335707 0 1 4.73422e-6 0 1 -5.34502e-6 0.01447421 0.9998836 -0.004834949 0.004599392 0.9999871 0.002201914 0 1 2.58102e-7 -0.003410398 0.9999755 0.006134033 0.009254992 0.9999472 0.004465997 -0.1208457 0.9864187 0.1112404 -0.105845 0.9858348 0.130103 -0.05331498 0.9917118 0.1168991 -0.007205486 0.9991497 -0.0405966 -0.009249627 0.999456 0.03165674 -0.008518695 0.9975813 0.06898629 0.01117014 0.9958305 0.09053635 0.4363581 0.00438416 -0.8997625 0.4919106 -0.002050697 -0.8706434 0.2533994 -8.71233e-4 -0.9673615 -0.04500138 -0.01352304 -0.9988954 0.04453504 0.005734264 -0.9989914 0.02276551 0.002039432 -0.9997388 0.1462606 8.42955e-4 -0.9892458 0.2532821 -8.57596e-4 -0.9673922 0.2597756 0.004071474 -0.9656605 0.2598379 0.004067063 -0.9656437 0.8434181 0.03080254 -0.5363742 0.7934442 -6.59967e-4 -0.6086428 0.7867739 0.01981496 -0.6169232 0.6870651 6.8796e-4 -0.7265955 0.7866901 0.01982599 -0.6170296 0.6869966 6.88165e-4 -0.7266603 0.5895603 0.007946848 -0.8076854 0.4978584 0.007628798 -0.8672249 0.8941027 0.02134341 -0.4473532 9.20815e-4 0.999774 -0.02124482 0.002280831 0.9998157 -0.0190649 -0.002382338 0.9999619 0.008411765 -0.02227056 0.9969411 0.07491761 -0.008878648 0.9983766 0.05626142 -0.002391695 0.9999615 0.008443415 -0.008880078 0.9983765 0.05626499 -0.004731476 0.9998921 0.01391059 -0.009464144 0.9995678 0.02783483 -0.01453763 0.9991667 -0.03814089 -0.1207108 0.9864493 0.1111165 0.001826167 0.999994 -0.002960741 0.002132892 0.9999888 -0.004247426 0.002228915 0.9999436 -0.01039654 -0.03385806 0.9988092 -0.03512561 -0.06615638 0.9978087 -0.001062273 -0.1986893 0.9772142 0.07466578 0.02322101 0.9975367 -0.06619161 -0.007207572 0.9991497 -0.04059576 -0.02863508 0.9994043 -0.01926696 -0.02912127 0.951726 0.3055646 -0.09286046 0.9825803 0.1609748 -0.07349705 0.8349298 0.5454269 0.008693218 0.9992737 0.03710329 -0.1527624 0.9881375 0.01575213 -0.1557936 0.9443843 0.2895972 0.05416685 0.9926588 0.1081412 0.0963 0.9743289 0.203493 0.1290221 0.9859364 0.1062201 -0.01113981 0.9631102 -0.2688767 0.01409202 0.9981547 -0.05906552 0.1043526 0.9908741 -0.08531755 0.104413 0.9908815 -0.08515721 0.0649811 0.9939043 0.08906096 0.1290322 0.985946 0.1061193 0.104455 0.990877 -0.08515888 0.187119 0.9759225 0.1120798 2.19239e-4 0.9999979 -0.002049624 2.16197e-4 0.9999979 -0.002022564 0.01145941 0.9998919 -0.009220719 0.004544556 0.9999827 -0.003728628 0.01110607 0.9999192 -0.006195008 0 1 -1.80621e-6 0.004553616 0.9999829 -0.003669917 2.1423e-4 0.999998 -0.002001941 0.08254075 0.9965848 0.002396285 2.53622e-4 0.9999909 0.004278421 -0.01152563 0.9999232 0.004553973 -0.013242 0.9999106 0.001885175 -0.05694562 0.9983689 0.004119932 -0.03189605 0.9994887 0.002245962 -0.01498526 0.9998858 0.001993 0.1048979 0.9944814 0.001827299 0.107377 0.9942153 0.002510428 0.08268493 0.996573 0.002397894 0.01390141 0.9999034 8.4127e-5 0.01392102 0.9999032 8.32332e-5 0.02792608 0.9996087 -0.001582264 0.01408815 0.9999005 -8.01429e-4 -0.006987214 0.9999281 0.009750425 -0.02096539 0.9997618 0.006077647 0.1842452 0.9733324 0.1366675 0.4918603 0.7574716 0.4293138 0.2595179 0.94319 0.2074685 0.08347409 0.9797932 0.1817621 0.4256534 0.527992 0.7348766 0.2050588 0.9403176 0.2715764 0.1332244 0.1181694 0.984016 0.5110298 0.3928743 0.7645248 0.3041357 0.3763167 0.8751499 0.4257891 0.5278724 0.7348839 0.5073562 0.4482279 0.7359902 0.5450897 0.6918715 0.4734883 0.4257223 0.5279723 0.7348509 0.4919173 0.7573889 0.4293944 0.3930765 0.7616233 0.5151901 0.2051275 0.9403039 0.271572 0.009850323 -0.9999332 -0.006047427 0.003951191 -0.9999893 -0.002410888 0.06442612 -0.9979211 0.001694262 -5.24492e-4 -0.9998375 0.01802176 -0.02233737 -0.999727 -0.006875932 0 -1 6.1093e-6 0.8862178 0.00269562 -0.463261 0.9381853 -0.005732238 -0.346086 0.5896182 0.007915019 -0.8076434 0.938246 -0.005705595 -0.3459218 0.972013 -0.004449546 -0.2348849 0.9255544 0.001241266 -0.3786128 0.92431 -0.002465069 -0.3816347 0.9255021 -7.35381e-4 -0.3787419 0.9242565 -2.80146e-4 -0.3817723 0.7645573 -9.01009e-4 -0.6445553 0.8049513 8.09218e-4 -0.5933404 0.8430668 0.001191496 -0.5378077 0.8418586 0.002395272 -0.5396928 -0.09677571 0.9920507 -0.0804373 -0.09340298 0.9955918 -0.008533477 -0.07396525 0.9972459 0.005469918 -0.001516878 0.9970641 -0.0765562 -0.09967988 0.9833515 -0.1519331 -0.09684628 0.9920387 -0.08049941 -0.195117 0.9760969 -0.09573 -0.09355103 0.9955778 -0.008553266 0.004516243 0.9998888 0.01421368 -0.009318172 0.9999533 -0.00258553 -0.01851058 0.9996644 -0.01812779 -0.009322643 0.9999533 -0.002589404 -0.01399451 0.9998946 -0.003898143 -0.01398551 0.9998947 -0.003877878 -0.3870588 -0.05633741 -0.9203324 -0.3531067 -0.1032236 -0.9298713 -0.3531028 -0.1032188 -0.9298734 -0.09583395 -0.1070566 -0.9896236 -0.3530995 -0.1032348 -0.9298728 -0.317783 -0.1498708 -0.9362439 0.9996457 0.00148946 -0.02657628 0.8367063 -0.01878291 -0.5473298 0.9802987 0.02124422 -0.1963753 0.724662 0.002602219 -0.6890996 -0.4602569 0.003462255 0.8877791 -0.4528171 0.004149734 0.8915939 -0.2584064 0.001708626 0.9660348 -0.2583969 0.001735866 0.9660373 -0.4528231 0.004148602 0.8915908 -0.4459133 0.004863023 0.8950629 0.02032142 1.09059e-4 0.9997935 0.4694842 0.002663016 0.882937 0.4695301 0.002671599 0.8829125 0.4934538 0.005208849 0.8697565 0.9991571 0.003839135 0.04087316 0.9978222 0.008375585 0.06542754 0.9978201 0.008381664 0.06545829 0.9958549 0.01291817 0.09003472 -0.7854787 0.001061916 0.6188879 -0.4539634 -0.01183432 0.8909418 -0.6142318 0.01802879 0.7889198 -0.4538117 -0.01177036 0.89102 -0.2840286 -0.0227226 0.9585466 0.1461464 0.01631695 0.9891284 0.7880135 -0.00433886 -0.6156427 0.7992288 -0.006291151 -0.6009939 0.7992287 -0.006291091 -0.6009942 0.7992318 -0.006293356 -0.60099 0.799232 -0.00629276 -0.6009898 0.9732194 -0.05099809 -0.2241502 -0.7917587 -7.13375e-4 0.6108336 -0.7863445 -3.65674e-4 0.6177883 -0.7863444 -3.66929e-4 0.6177883 -0.7863503 -3.6606e-4 0.6177809 -0.7863503 -3.6588e-4 0.617781 -0.7806054 0 0.6250243 0.9993299 -0.02777332 0.02384299 0.9693325 -0.009820878 0.2455568 0.9998326 -0.013884 0.01191943 0.9998325 -0.01389473 0.01192671 0.9693383 -0.009815871 0.245534 1 0 0 0.4963281 -0.001936137 -0.868133 0.5144432 -9.78625e-4 -0.8575239 0.5144485 -9.77123e-4 -0.8575208 0.5322741 0 -0.8465721 -0.04108572 5.88455e-5 0.9991557 -0.04080855 0 0.999167 -0.5222926 0.00151813 -0.8527651 -0.537604 7.58954e-4 -0.8431972 -0.5376042 7.5948e-4 -0.8431971 -0.5529056 0 -0.8332439 0.9972609 -0.03332793 -0.06602942 0.8564581 -0.002658247 -0.5162098 0.8564575 -0.002664923 -0.5162107 0.8563879 -0.002651453 -0.5163264 0.8563873 -0.00264728 -0.5163272 0.793425 0.007244467 -0.6086248 -0.4830856 0.004034101 -0.8755639 -0.5231312 0.002025723 -0.8522498 -0.5231285 0.002029001 -0.8522515 -0.5617774 0 -0.8272884 0.02401244 -0.009337663 -0.9996681 0.05597889 -0.003555774 -0.9984256 0.05597448 -0.003560781 -0.9984259 0.08796596 0.002258062 -0.9961209 -0.7389115 0 -0.6738026 -0.7483695 9.06385e-4 -0.6632816 -0.7483688 9.08786e-4 -0.6632823 -0.7574091 0.001801311 -0.6529382 -0.8765403 -0.002746403 -0.4813205 -0.9012122 -3.56362e-4 -0.4333778 -0.9012125 -3.56635e-4 -0.4333773 -0.901229 -3.50242e-4 -0.4333431 -0.901229 -3.49454e-4 -0.4333429 -0.8209292 0.007756054 -0.5709774 0.4959978 -0.001953125 -0.8683216 0.5144312 -9.79121e-4 -0.8575311 0.514419 -9.7833e-4 -0.8575385 0.5322717 0 -0.8465737 -0.9869865 0.001840651 -0.1607925 -0.7639174 5.32342e-4 -0.645314 -0.9020707 8.45413e-4 -0.4315878 -0.7638894 5.32923e-4 -0.6453471 -0.7638893 5.29386e-4 -0.6453472 -0.7428283 -0.001029074 -0.6694813 -0.9573322 0.001242637 -0.2889872 -0.9964635 0.001379907 0.08401578 -0.9869998 0.001727163 -0.1607122 -0.9963811 0.001428127 0.08498704 -0.5776685 0.01048547 0.8162043 -0.3587588 0.002803623 0.9334262 -0.6559404 0.005281388 0.7547942 -0.9109976 4.3094e-4 0.4124113 -0.6560551 0.005265712 0.7546947 -0.7276083 0 0.685993 -0.01571244 -2.30994e-5 -0.9998766 -0.01563417 0 -0.9998779 0 0.01693528 -0.9998566 -0.2546867 -0.005587041 -0.9670076 -0.2026057 0.009241938 -0.9792169 -0.3969551 -0.01326429 -0.9177422 -0.8332896 -0.005787253 0.5528064 -0.7902286 -0.002373993 0.6128076 -0.7902255 -0.002362251 0.6128118 -0.7428259 0.001091897 0.6694839 0.8325167 0.00255239 -0.5539943 0.8637263 -0.001363396 -0.5039595 0.8637259 -0.00135982 -0.5039603 0.8637512 -0.001361429 -0.5039168 0.8637512 -0.001365363 -0.5039168 0.8917231 -0.005292654 -0.4525506 -0.02007228 2.95148e-5 0.9997986 -0.01999509 5.61658e-6 0.9998002 -0.2141287 0.003641486 0.9767987 -0.01997691 0 0.9998005 0.02083092 0.007737874 0.9997531 0.0263704 -0.001794815 0.9996507 0.04794406 -0.01246953 0.9987722 0.0750575 -0.03266322 0.9966442 0.9998478 -1.36498e-4 0.01745086 0.9996344 0.001809656 0.02698153 0.9996345 0.001807928 0.02697777 0.9993262 0.00375384 0.03651183 -0.1303187 -0.6996997 0.7024511 -0.08241432 -0.8625785 0.4991655 -0.07725554 -0.7101346 0.6998145 -0.05438143 -0.9254361 0.374981 -0.836376 0.002912938 -0.5481485 -0.8081603 8.91212e-4 -0.588962 -0.8081596 8.8582e-4 -0.5889629 -0.8081668 8.90695e-4 -0.5889531 -0.8081676 8.84857e-4 -0.588952 -0.7780797 -0.001143515 -0.6281646 -0.7847611 -0.01023161 -0.6197139 -0.8371276 -0.006487548 -0.5469692 -0.8371275 -0.006492376 -0.5469694 -0.8371304 -0.006496906 -0.546965 -0.8371299 -0.006490826 -0.5469657 -0.8828495 -0.002739965 -0.469648 -0.9992232 -0.0314356 -0.02376639 -0.9699944 -0.0149964 -0.2426641 -0.999603 -0.02286452 -0.01646554 -0.9996035 -0.02285361 -0.01645535 -0.969999 -0.01497834 -0.2426471 -0.9998552 -0.01435053 -0.009143173 -0.2250049 -0.3126529 -0.9228331 0.06302112 -0.4337844 -0.89881 0.258607 -0.2634422 -0.9293657 0.2587655 -0.263536 -0.929295 0.2470811 -0.5404168 -0.8043014 0.4581471 -0.414663 -0.7862289 -0.02299332 -0.001536846 -0.9997345 -0.02232199 -0.001390635 -0.99975 -0.02241617 -0.001408219 -0.9997478 -0.02175664 -0.001284837 -0.9997625 -0.9837321 -0.007827699 -0.1794716 -0.9999626 -0.008524119 0.001454174 -0.9999855 -0.004414498 -0.003098309 -0.9895133 -0.009178459 -0.1441496 -0.9970446 7.72906e-4 -0.07682174 -0.9753767 0.02787333 -0.2187774 -0.9753871 0.02785861 -0.2187329 -0.8914539 0.01337003 -0.4529141 -0.975373 0.02788299 -0.2187921 -0.798725 0.02244526 -0.6012775 0.008417069 0.9999526 0.004895985 0 1 8.84898e-7 0.004698514 0.9999843 0.003054022 0.01384782 0.9998807 0.006862521 0.01226007 0.9998978 0.007364034 0.00594598 0.9999756 0.003659069 -0.1158812 0.9852604 -0.1258316 0.01375395 -0.9955123 0.09362792 0.01465409 -0.9953091 0.09563076 0.01465409 -0.9953091 0.09563076 0.01472604 -0.9952932 0.0957846 0.0147261 -0.9952932 0.09578454 0.01561236 -0.9950998 0.09763556 0.00873059 -1.07629e-4 0.999962 -0.008626878 0.01312798 0.9998767 -0.00861603 0.01312053 0.9998768 -0.02578514 0.02640461 0.9993188 -0.1613962 -0.4337067 0.8864818 -0.08597564 -0.2661893 0.9600789 -0.08596205 -0.2662039 0.960076 -0.08589106 -0.2660568 0.9601233 -0.08588469 -0.2660499 0.9601258 -0.007133007 -0.08778107 0.9961143 0.9931426 0.001636266 -0.1168988 0.9951153 6.8591e-4 -0.0987181 0.9951153 6.85161e-4 -0.09871804 0.9951177 6.84125e-4 -0.09869259 0.988574 0.001180589 0.1507322 0.9569874 -2.29542e-4 0.2901296 0.02436906 -0.002577841 0.9996997 0.02009892 -0.001300275 0.9997972 0.0200988 -0.001300573 0.9997972 0.02011704 -0.001306176 0.9997968 0.02011722 -0.001305341 0.9997968 0.01569831 -2.25805e-5 0.9998768 0.02301502 -3.303e-5 0.9997352 0.01915985 7.30577e-4 0.9998162 0.01915979 7.30669e-4 0.9998162 0.01911467 7.39906e-4 0.999817 0.01911467 7.39459e-4 0.999817 0.01535934 0.001514971 0.999881 -0.3701648 -0.002033233 -0.9289639 -0.2472409 -0.002049624 -0.9689519 -0.003958225 -9.76045e-4 -0.9999917 -0.007880806 -0.001948833 -0.9999671 0.7428635 -0.001067578 0.6694421 0.7638641 4.14867e-4 0.6453772 0.7638638 4.12698e-4 0.6453776 0.7638993 4.18373e-4 0.6453354 0.9017488 2.26046e-4 0.4322605 0.9569432 0.001775622 0.2902696 -0.9999894 9.27646e-4 -0.004517495 -0.9999896 9.14521e-4 -0.004455149 -0.9999571 0.001862525 -0.009078025 0.03397464 0.9969518 -0.07023507 -0.03851795 0.9989925 -0.02303266 -0.04593712 0.9981466 -0.03991502 -0.01973521 0.999798 -0.003815233 0.09733587 0.989203 -0.1095589 0.07295459 0.9964168 -0.04279565 -0.001598477 0.9999984 -9.0032e-4 0.007224082 0.9999736 8.48416e-4 -0.00154525 0.9999985 -8.70787e-4 0.007238268 0.9999735 8.37099e-4 0.02451455 0.9996243 0.0122599 -0.005271673 0.9999861 -4.51887e-4 6.36331e-4 0.9999558 -0.009381353 0.004780292 0.9999852 -0.002633869 -0.002373635 0.9999949 -0.002109885 -0.008818566 0.9999517 -0.004370152 -0.00154525 0.9999985 -8.70737e-4 -0.008760333 0.999952 -0.004375159 0.001763105 0.9999938 -0.003072261 -0.00232619 0.9999951 -0.002141594 -0.002344965 0.999995 -0.002124011 0.001741409 0.9999939 -0.003035426 0.7950227 -0.001480162 -0.606578 0.4605724 -0.002422869 -0.8876188 0.4605706 -0.002432465 -0.8876197 0.460564 -0.002428293 -0.8876232 0.2110142 -0.007023155 -0.9774579 0.4007207 0.004926264 -0.9161871 0.3640249 0.01401275 -0.9312839 0.1146364 0.005686819 -0.9933912 0.4430228 0.005465805 -0.8964937 0.6744326 -0.003578603 -0.7383278 0.2468809 0.004624009 -0.9690348 0.5187422 -0.003122806 -0.8549251 -0.9999936 -8.79048e-4 0.003486216 -0.9999936 -8.79092e-4 0.003486216 -0.9999936 -8.78392e-4 0.00348258 -0.9999936 -8.7867e-4 0.00348252 -0.9999735 -0.001781165 0.00706166 0.01670265 0.01239073 -0.9997838 0.05629026 0.03028017 -0.9979553 0.05622011 0.03022414 -0.9979608 0.06559735 0.03713607 -0.9971549 -0.9800504 0.0157451 0.198125 -0.8964609 -0.01886856 -0.4427211 -0.9731758 -0.03635549 -0.2271725 -0.8963776 -0.01889741 -0.4428884 -0.7943465 -5.16076e-4 -0.6074649 -0.4581341 -0.03699016 -0.8881131 0.7424377 0.001029729 -0.6699144 0.795256 -0.002970933 -0.6062666 0.7952684 -0.002980172 -0.6062503 0.8423339 -0.006976485 -0.538911 0.7576867 7.12037e-4 0.6526181 0.7483922 -1.74199e-4 0.6632565 0.7483784 -1.77088e-4 0.663272 0.739109 -0.001061618 0.6735851 0.6643516 4.11625e-4 -0.7474201 0.6668869 2.02429e-4 -0.745159 0.666887 2.0251e-4 -0.7451589 0.6669223 1.99214e-4 -0.7451273 0.6669223 1.99288e-4 -0.7451273 0.6690933 0 -0.7431785 0.02779346 0.9988417 0.03927916 0.003918468 0.999977 0.005537688 0.003895699 0.9999772 0.005505502 -0.02012836 0.9993926 -0.02844893 -0.5505 -0.007012546 -0.8348059 -0.6095665 -0.003528118 -0.7927271 -0.6095811 -0.003515124 -0.7927159 -0.6655687 0 -0.7463367 -0.9999935 -0.003639817 0 -0.9950512 -0.009674668 0.09889191 -0.9999833 -0.005514681 0.001722574 -0.9999688 -0.007197976 0.003269195 0 0.001948952 -0.9999981 -0.009501576 -2.31772e-5 -0.9999549 -0.009524822 -2.75973e-5 -0.9999547 -0.018871 -0.001984655 -0.99982 0.9741446 0.009423851 0.2257289 0.9840891 -0.003820061 0.1776349 0.9651174 0.007096707 0.2617214 0.9741336 0.001099407 0.2259707 0.9802891 -0.04975324 -0.1912013 0.9992243 -0.01552635 0.03619307 0.9801292 0.008832991 0.1981638 0.999957 0.009279012 5.23825e-5 0.9998163 0.01916623 8.06004e-5 0.999957 0.009279608 -5.15059e-5 0.9998164 0.01916605 -8.29941e-5 0.9844934 0.005295217 -0.1753415 0.9688609 0.002283513 -0.2475954 0.9853544 0.01821708 -0.169543 0.9870672 0.01777571 -0.1593182 0.9941663 0.01265174 -0.1071147 0.9792022 0.006897091 -0.2027695 0.9998645 0.008542478 -0.0140773 0.9791664 0.006888151 -0.2029432 -0.5219516 0 0.8529751 -0.5224261 0 0.8526846 0.9998053 0 -0.01973313 0.9998053 0 -0.01973313 -0.3703342 -0.002036154 -0.9288964 -0.8625088 0.002938568 -0.5060335 -0.4140568 7.93106e-4 -0.9102507 -0.752396 0.002448976 -0.6587066 -0.905856 -2.81168e-4 -0.4235859 -0.9572259 -0.003914952 -0.2893155 -0.9897928 0.01265633 0.1419507 -0.8918644 -0.01542419 -0.4520399 -0.9584699 -0.02606326 -0.2840005 -0.8917835 -0.0154519 -0.4521985 -0.7907052 0.01451218 -0.6120252 -0.6220879 -0.00162971 -0.7829458 -0.9755765 3.44938e-4 0.2196598 -0.9341915 -0.009805977 0.3566371 -0.9925072 -0.00514096 0.122078 -0.8750795 -0.006028115 0.4839419 -0.9341267 -0.009822785 0.3568063 -0.8735395 -0.01977974 0.4863515 0.9461259 0.0204699 0.3231515 0.9269 0.008595705 0.3752099 0.9268999 0.008595466 0.3752101 0.8085272 -0.001237034 0.5884575 0.9268799 0.008577525 0.3752602 0.9046458 -0.003334522 0.4261514 -0.9992611 5.84227e-5 -0.03843712 -0.999261 5.94077e-5 -0.0384373 -0.6710575 -0.008699595 0.7413542 -0.4376018 0.004376351 0.8991582 -0.5082362 0.006869792 0.8611903 -0.5080819 0.006916522 0.8612811 -0.3092194 1.83513e-4 0.9509908 0.05318629 8.89324e-4 0.9985843 -0.9996237 0.001435995 -0.0273962 -0.9933185 -0.006034255 0.1152476 -0.99334 -0.006035983 0.1150618 -0.9922411 -0.007832407 0.1240819 0.9985084 0.02077585 -0.05049145 0.9795162 0.0107209 0.2010798 0.9795163 0.0107147 0.2010799 0.9794762 0.01070374 0.2012755 0.979478 0.01068967 0.2012681 0.8978679 0 0.440265 -0.5265023 -0.00133419 -0.8501726 -0.5480316 -2.42781e-4 -0.8364576 -0.5480319 -2.40025e-4 -0.8364574 -0.5480259 -2.43344e-4 -0.8364614 -0.5480246 -2.40731e-4 -0.8364622 -0.5697105 8.17856e-4 -0.8218451 -0.9993171 0.001932978 -0.03690063 -0.9995045 8.17152e-4 -0.03146737 -0.9995006 8.42768e-4 -0.03159254 -0.99966 -2.54214e-4 -0.02607876 0.5776141 0.001678705 -0.8163082 0.5944586 8.40934e-4 -0.8041257 0.5944584 8.39616e-4 -0.8041259 0.5944644 8.38994e-4 -0.8041216 0.5944646 8.37891e-4 -0.8041214 0.6110135 0 -0.7916202 -0.5938083 -0.001724958 -0.8046047 -0.6232649 -2.81062e-4 -0.7820108 -0.6232724 -2.7526e-4 -0.7820048 -0.6518051 0.001170217 -0.7583857 0.8576326 -0.02682292 0.513563 0.997968 0.02843326 -0.05702066 0.91751 -0.01288813 0.397504 0.9812228 0.04634749 -0.187227 -0.1317853 0.006886065 0.9912545 -0.1316343 0.006883263 0.9912745 0.04470002 0.0194469 0.9988112 -0.4797707 -0.004798889 -0.8773808 -0.5341045 -0.001497924 -0.8454172 -0.5341041 -0.001492381 -0.8454174 -0.5341269 -0.001494288 -0.8454031 -0.5341267 -0.001489043 -0.8454033 -0.5864856 0.001837909 -0.8099577 0.9518346 -0.01545763 -0.3062221 0.867515 -0.007364809 -0.4973566 0.8674082 -0.007339179 -0.4975433 0.7451602 0.001070737 -0.6668847 -0.8675074 0.001528739 0.4974218 -0.8760937 7.66732e-4 0.4821403 -0.8760938 7.68816e-4 0.4821401 -0.8761 7.67325e-4 0.4821288 -0.8760998 7.65833e-4 0.4821291 -0.8843939 0 0.4667416 0.04099988 0.00159198 -0.9991579 0.03763747 8.24001e-4 -0.9992911 0.03763753 8.24237e-4 -0.9992911 0.03761357 8.18452e-4 -0.9992921 0.0375669 8.07579e-4 -0.9992938 0.03425103 4.91272e-5 -0.9994133 0.009905457 0.01389098 -0.9998545 0.01668697 0.01238703 -0.9997841 0.001053631 0.0046314 -0.9999887 -0.003368198 -3.59319e-5 -0.9999943 -0.897184 -0.01602768 0.441366 -0.8747586 -0.003165006 0.4845488 -0.940337 -0.009847283 0.3401023 -0.9403921 -0.009838879 0.3399502 -0.9922394 -0.007816553 0.1240974 -0.9720081 -0.003491818 0.2349216 0.01380127 0.008813619 -0.999866 -0.5833464 0.01785278 -0.8120273 -0.3009099 0.08964252 -0.9494301 -0.5834813 0.01790708 -0.8119292 -0.5834734 0.01791667 -0.8119347 -0.7979641 0.2135231 -0.5636144 0.9996238 -0.002569794 -0.02730935 0.9997808 -0.001285314 -0.02090191 0.9997808 -0.001285195 -0.02089911 0.9998949 0 -0.01449739 0.9783827 0.01253807 -0.2064224 0.8962607 -0.0167309 0.443212 0.9746514 -0.04027867 0.2200738 0.8961707 -0.01677465 0.4433922 0.7943995 0.01344388 0.607247 0.6313267 -0.009363532 0.7754605 -0.7728921 0.1990706 0.6025021 -0.9224972 -0.01704609 0.3856275 -0.9224893 -0.01702523 0.3856471 -0.9649901 -0.2310387 0.1241585 0.5220882 0 0.8528915 0.4957292 0.001363277 0.8684762 0.4957415 0.00136131 0.8684691 0.4690353 0.00271517 0.8831753 0.8772597 -5.22156e-4 0.4800161 0.973294 -0.01387149 0.2291428 0.9130506 0.003682672 0.4078299 0.9427341 0.007876217 0.333452 -0.02380293 -0.007395744 0.9996894 -0.05552864 -0.001586019 0.9984558 -0.05551522 -0.001589536 0.9984567 -0.08707398 0.004189729 0.9961931 0.7496807 -0.008169531 0.6617493 0.8266081 -0.002818822 0.5627709 0.8266061 -0.002818286 0.562774 0.8266765 -0.002818644 0.5626705 0.8266779 -0.002811372 0.5626686 0.8908383 0.002590119 0.4543132 -0.495782 -0.001441657 0.8684459 -0.5113661 -7.21941e-4 0.8593627 -0.5113491 -7.22601e-4 0.8593728 -0.5262827 0 0.8503097 -0.999919 -0.001331031 0.01265561 -0.8587915 -4.82314e-4 0.5123252 -0.8587906 -4.92296e-4 0.5123265 -0.8587283 -4.66019e-4 0.5124312 -0.8587289 -4.72614e-4 0.51243 -0.7935025 0.009852766 0.6084873 0.01996564 0.001536905 -0.9997996 0.01932013 0.001353681 -0.9998125 0.01932013 0.001353681 -0.9998125 0.0189926 0.001241445 -0.9998189 0.0191282 0.001289248 -0.9998163 0.01867616 0.001129925 -0.999825 0.5021538 0.008546829 0.8647361 0.4163532 0.002197504 0.9092003 0.4163532 0.002202987 0.9092003 0.4161978 0.002187728 0.9092715 0.4162374 0.00219351 0.9092534 -0.06562399 0.00465548 0.9978336 -0.5931689 -0.005324661 0.8050606 -0.4022194 0.004681825 0.9155314 -0.5363937 4.04774e-4 0.8439679 -0.5363662 4.07083e-4 0.8439853 -0.4021625 0.004680097 0.9155564 -0.4767781 0.006139516 0.8790023 0 -0.03413611 -0.9994172 0.1630817 -0.01729369 -0.9864611 0.162907 -0.01732724 -0.9864894 0.3215073 0 -0.9469071 0.7705174 0.004082679 -0.637406 0.7813797 0.002308368 -0.6240517 0.7813799 0.002310574 -0.6240514 0.7813943 0.002307176 -0.6240335 0.7813941 0.002306461 -0.6240338 0.9326316 -0.01188433 -0.3606342 0.3311116 -0.1923875 0.9237707 0.2955196 -0.2381438 0.9251788 0.2955347 -0.2381241 0.925179 0.2589416 -0.2830674 0.9234838 0.07373756 0.01534581 -0.9971596 0.04159623 0.008654594 -0.9990971 0.04163318 0.008664906 -0.9990954 0.009511709 0.00198394 -0.9999529 0.4692073 0.002728939 0.8830839 0.4958022 0.001358389 0.8684345 0.4958021 0.001357495 0.8684346 0.4957802 0.001355946 0.868447 0.4957821 0.00135833 0.868446 0.5221619 0 0.8528465 0.06733387 0.9034078 0.4234627 0.3146848 0.8077895 0.4984472 0.3146014 0.807839 0.4984197 0.534123 0.8074855 0.2503597 -0.884486 0 0.4665669 -0.8761256 7.65747e-4 0.4820823 -0.8761255 7.65462e-4 0.4820826 -0.8761333 7.64846e-4 0.4820684 -0.8761332 7.63922e-4 0.4820686 -0.8676438 0.001527309 0.4971842 0.6928406 0.01836854 -0.7208567 0.9783457 0.01255327 -0.206597 0.8154546 -0.01528573 -0.5786194 0.9217857 -0.01038098 -0.3875612 0.9783596 0.01246136 -0.2065361 0.9992938 -0.01162201 -0.03573322 0.064655 -0.01269567 0.9978269 0.01295804 7.69822e-4 0.9999158 0.01293498 7.71323e-4 0.9999161 0.02581757 0 0.9996668 0.9961301 -2.41431e-4 -0.08789068 0.9791936 -0.001774609 -0.2029212 0.756841 0.03496307 -0.6526632 0.891351 0.004814386 -0.4532883 0.9776366 0.01111978 -0.210007 0.9776749 0.01109856 -0.2098303 0.9821987 0.01168674 -0.1874814 -0.9981856 -0.01298666 0.0587958 -0.9992467 -0.00837028 0.03789484 -0.9992463 -0.008374273 0.03790557 -0.9998489 -0.003750324 0.01697897 0.7264506 0.01265931 0.6871021 0.9209833 -0.01659518 0.3892487 0.8199504 0.01745915 0.5721684 0.9483044 0.02548265 0.3163375 -0.9268105 -5.83237e-4 0.3755292 -0.9673707 -4.15585e-4 0.2533652 -0.999895 -2.26031e-5 0.0144999 -0.9998949 -2.20367e-5 0.0144999 0.9998242 0 0.01875269 0.999746 0.001165747 0.02250599 0.999746 0.00116533 0.02250611 0.9997443 0.001190245 0.02258521 0.9997454 0.001175761 0.02253955 0.9996516 0.00233823 0.02629351 -0.9354806 0.00805515 0.3532862 -0.7991326 0.001964092 0.6011517 -0.7991319 0.001960635 0.6011526 -0.7991154 0.001964449 0.6011744 -0.7991156 0.001965343 0.6011743 -0.7864392 0.004101872 0.6176542 0.999849 -0.003717482 -0.01697844 0.9990784 -0.009181857 -0.04193162 0.9990792 -0.00917381 -0.04191154 0.9976631 -0.01461476 -0.06674391 0.5827698 -0.003764033 -0.8126288 0.3960096 0.005477666 -0.91823 0.5269538 0.002031445 -0.8498917 0.4685299 0.007769465 -0.8834134 -0.009448766 -0.01526081 0.999839 -0.003139674 -0.007602453 0.9999663 -0.232917 -0.005283772 0.9724823 -0.2329393 -0.005304515 0.9724769 -0.003130018 -0.007589042 0.9999663 0.003235518 2.33446e-5 0.9999948 0.9992599 0.001528143 0.03843891 0.9992606 0.001523435 0.03841984 0.5938761 -0.001232624 -0.8045557 0.4079511 0.007447004 -0.9129734 0.4077928 0.00747019 -0.913044 0.2029001 0.01583415 -0.9790715 0.6471428 0 0.7623689 0.5999595 -0.002874016 0.8000253 0.5999125 -0.002882659 0.8000604 0.5505616 -0.005732536 0.8347749 -0.9998304 -0.001038968 0.01838821 -0.9998182 -0.001245439 0.01902669 -0.9998165 -0.001275002 0.01911789 -0.9998171 -0.001263022 0.01908677 -0.9998171 -0.001263022 0.01908677 -0.9998043 -0.001436233 0.01973509 -0.009427726 0.001983642 0.9999536 -0.03724956 0.007822036 0.9992754 -0.03723978 0.007816016 0.9992759 -0.06512588 0.01367169 0.9977835 -0.6524059 0.001458048 0.7578685 -0.6665642 2.31575e-4 0.7454476 -0.6665893 2.26595e-4 0.7454252 -0.6805545 -9.78096e-4 0.7326968 -0.01170444 -4.99372e-4 -0.9999315 -0.4623408 0.001918911 -0.8867003 -0.4623415 0.001916646 -0.8866999 -0.4623654 0.001924157 -0.8866874 -0.4623659 0.001919627 -0.8866872 -0.502368 0.006132006 -0.8646322 0.4516656 0.002506971 -0.8921839 0.4420945 0.003438532 -0.896962 0.2556509 0.001444578 -0.9667681 0.2556324 0.001453816 -0.966773 0.4420688 0.003440618 -0.8969746 0.4322298 0.004376411 -0.9017529 -0.9982596 0.00572443 -0.05869424 -0.9989566 0.003219485 -0.04555726 -0.9989556 0.003223657 -0.04557925 -0.9994678 7.04503e-4 -0.03261417 -0.3222724 -0.9460023 -0.03493064 -0.3302575 -0.9344779 0.1329705 -0.3302633 -0.9344736 0.1329864 -0.3290817 -0.8963595 0.2970605 0.9975314 -0.00666815 -0.06990551 0.992962 -0.01495724 -0.1174865 0.99296 -0.01495462 -0.1175023 0.9860856 -0.02320414 -0.1646112 -0.8258212 0.3549595 -0.4382046 -0.7371665 0.1283092 -0.6634172 -0.7371695 0.1283113 -0.6634134 -0.7370884 0.1281801 -0.6635289 -0.7371025 0.1281858 -0.6635122 -0.5670856 -0.1125908 -0.8159273 0.01509863 -0.9996303 0.02261745 0.007533609 -0.999908 0.01128381 0.007563531 -0.9999073 0.01132845 0.1388377 0.9526148 0.2706459 0.2814325 0.6221935 0.7305279 0.1012263 0.9572088 0.2711173 0.08444505 0.9782099 0.1896698 0.1603142 0.8996679 0.4060753 0.009223282 0.9876233 0.156574 -0.9765736 -9.88934e-5 0.2151839 -0.7918709 -0.004085719 0.6106749 -0.7918707 -0.00408703 0.6106752 -0.7918676 -0.004086256 0.6106791 -0.791868 -0.004084527 0.6106788 -0.7852494 -0.002893507 0.6191731 -0.925105 0.007700324 0.3796333 -0.9999899 -8.78564e-4 0.004407703 -0.9728685 -0.005086064 0.231303 -0.9385324 -0.006762742 0.3451253 0.05480277 0.9952504 -0.08045774 0.01362591 0.9997071 -0.02000582 0.01360422 0.9997079 -0.01997441 -0.02761739 0.9987956 0.04055458 0.9570834 -0.04125356 -0.2868618 0.9566812 -0.03872412 -0.2885509 0.9566874 -0.03876388 -0.2885249 0.9566797 -0.0387156 -0.288557 0.9566797 -0.03871554 -0.2885569 0.9562519 -0.03606063 -0.2903133 -0.9534894 0.2607142 0.1512821 -0.9887506 0.1474364 0.02519834 -0.9887454 0.1474653 0.02523308 -0.9943447 0.02995872 -0.1018876 1 1.73708e-6 0 1 -1.57102e-6 0 0.9998403 0.001862287 0.01777946 0.9999134 8.79992e-4 0.01313465 0.9999134 8.80071e-4 0.01313489 0.9999648 -8.18084e-5 0.00839132 -0.5187406 -0.004068195 0.8549221 -0.6744343 -0.004160583 0.7383231 -0.2468891 0.003952026 0.9690358 -0.1160313 0.004965424 0.9932332 -0.4430209 0.004651963 0.8964992 -0.3642162 0.01332557 0.9312191 0.07342094 -0.01346981 0.9972101 0.03676581 -0.00576663 0.9993073 0.03677648 -0.005767762 0.9993069 0 0.001948952 0.9999982 0.422473 0.002107203 -0.9063732 0.9451215 0.001095235 -0.3267173 0.7886334 -0.003450095 -0.614854 0.9451857 0.001102387 -0.3265316 0.9999125 0.00406146 -0.01259535 0.9256458 -0.002084076 0.3783857 -0.9094657 -0.002533674 -0.4157716 -0.8140627 -0.00149101 -0.5807752 -0.9303498 0.008809387 -0.3665674 -0.9303703 0.008828163 -0.3665151 -0.9303702 0.008829355 -0.3665151 -0.948444 0.02012962 -0.3163052 0.4986411 0.002049207 -0.8668062 0.5207111 0.001032173 -0.8537324 0.5207214 0.001030564 -0.853726 0.5425804 0 -0.8400039 0.8908666 5.8162e-4 0.4542648 0.8941223 2.95663e-4 0.4478229 0.8941028 2.9843e-4 0.447862 0.8974682 0 0.4410794 0.9999989 0.001469492 0 0.9827454 0.01109945 0.1846309 0.9827453 0.01109123 0.1846312 0.982715 0.01109713 0.1847918 0.8004899 0.007063865 0.5993048 0.996392 1.19342e-4 0.08487224 0.4690362 0.002047181 0.8831766 0.4613563 0.001679122 0.8872134 0.6551896 0.008381724 0.7554181 0.4541316 0.001315832 0.8909337 0.3135054 -0.01342397 0.9494916 0.4919291 -0.005767583 0.8706161 0.4920902 -0.005756139 0.8705252 0.6518599 0.00212121 0.7583365 0.8980295 0.002603769 -0.4399277 0.8846334 0.001299023 -0.4662854 0.8846263 0.00130099 -0.4662988 0.8706362 0 -0.4919276 -0.5094035 -0.007672965 0.8604936 -0.5101413 -0.007764041 0.8600556 -0.5101413 -0.007763922 0.8600556 -0.5103915 -0.007795929 0.8599069 -0.5103915 -0.007795929 0.8599069 -0.7923228 -0.001968443 0.610099 0.01261711 -0.0188837 -0.9997421 0.2382303 -0.01281279 -0.9711242 0.01113891 -0.01712095 -0.9997915 0.01103764 -0.0169999 -0.9997946 0.2382411 -0.0127989 -0.9711217 0.009596526 -0.01526844 -0.9998374 0.9996834 0 0.02516156 0.99932 6.51315e-4 0.03686702 0.9861752 0.002904951 0.1656804 0.9988331 0.001319766 0.04827684 0.9963577 0.007265746 0.08496183 0.996321 8.574e-4 0.08569645 0.9983875 0.002447843 0.05671435 0.9995865 -0.002367556 0.02865904 -0.9267419 -5.91428e-4 0.3756982 -0.542514 0.007845044 0.8400102 -0.8784649 0.004376888 0.477787 -0.5423377 0.007829189 0.8401242 -0.2291896 -0.002766311 0.973378 -0.325435 0.01628065 0.9454243 0.7614225 -0.003277301 0.6482477 0.875122 -0.02666944 0.483167 0.846514 -0.005301654 0.5323401 0.8464928 -0.005313515 0.5323736 0.8751311 -0.02671396 0.4831479 0.8646902 -0.03657817 0.500972 0.9032043 -0.0133906 0.4290021 0.01572281 0.9996949 0.01905333 -0.008850753 0.9966899 0.08081459 -0.0063591 0.9992519 0.03815013 -0.02488464 0.9947872 0.09888994 0.004341542 0.9870784 0.1601794 0.008575856 0.9916954 0.1283236 0.04780215 0.9746547 0.2185481 -0.04457658 0.9055924 0.4218002 0.04780417 0.9746505 0.2185662 0.07808136 0.9724144 0.2198032 0.1046243 0.9777739 0.1816926 0.1255294 0.9801215 0.1536366 0.2020651 0.9479821 0.2459667 0.1046456 0.9777749 0.1816747 0.05425381 0.9926574 0.1081106 0.125537 0.9801297 0.1535788 0.05421024 0.9926683 0.1080328 0.1840981 0.9733731 0.136575 -0.02225965 0.9997521 -6.96717e-4 0.1380376 0.9695282 0.2023873 -0.118573 0.9929413 0.002876639 -0.2216058 0.9750003 0.0162869 0.01137012 0.9997724 0.01805657 -0.004617989 0.9997738 0.02076649 0.02325618 0.9996281 0.01424425 -0.5064786 0.8619268 0.02370136 -0.250366 0.9670362 0.04645383 0.05976945 -0.4025045 -0.9134647 0.02996271 -0.3240808 -0.9455548 0.02998161 -0.3241179 -0.9455415 0 -0.2428994 -0.9700516 0.1074712 -0.9929196 -0.05060338 0.1059985 -0.9931119 -0.04993194 0.1059985 -0.9931119 -0.04993194 0.1059429 -0.9931192 -0.04990464 0.1059429 -0.9931192 -0.04990476 -0.2105489 -0.9703808 0.1184491 -0.9903396 -0.01328521 0.1380251 -0.9938521 -0.008410751 0.1103964 -0.9938483 -0.008417487 0.1104292 -0.9965564 -0.003544807 0.08284366 -0.4036758 -0.002381801 -0.914899 -0.8574554 -0.03134185 -0.5136032 -0.844562 -0.002684712 -0.5354511 -0.9186708 -0.01557236 -0.3947172 -0.8575353 -0.03132337 -0.5134706 -0.9978359 0.02691107 0.05999487 -0.980381 0.04680114 0.191475 -0.9803492 0.04673498 0.1916543 -0.9700505 0.001502156 0.2428985 -0.7855772 0.001150369 0.6187627 0.6302864 0.06158596 0.7739162 0.7524401 0.003021657 0.6586539 0.8646365 0.03257441 0.5013411 0.941465 0.01612806 0.3367248 0.9871048 0.08688104 0.134447 0.02637094 -0.001792371 0.9996507 -0.005096256 0.00980848 0.9999389 -0.003397703 0.006538152 0.9999729 -0.003402113 0.006541907 0.9999728 -0.005094408 0.009810268 0.999939 0.003342926 8.88257e-6 0.9999945 0.09318816 0.01293575 -0.9955646 0.05713546 0.006409347 -0.9983459 0.05718576 0.006420075 -0.998343 0.02094465 -1.1539e-4 -0.9997807 -0.7962522 0.5106967 0.3243016 -0.7045413 0.5611841 0.4343893 -0.6915351 0.6023409 0.398704 0.1558965 0.9826787 -0.100194 0.2219554 0.9607178 -0.1666051 0.4677368 0.7819631 -0.4120146 0.2219411 0.9607211 -0.1666049 -0.07436615 -0.02493107 0.9969193 -0.0373733 0.04497778 0.9982887 -0.03739541 0.04493415 0.9982898 0 0.1145355 0.9934192 0.06798452 0.9976842 0.002116024 0.03401386 0.9994208 0.001058459 0.02270448 0.999742 7.05441e-4 -0.01053369 0.9999421 0.002212107 -0.02230352 0.9997449 0.003576219 -0.02702534 0.9996348 -2.43405e-4 -0.007673859 0.9999117 0.01085585 -7.91412e-4 0.9987387 -0.05020523 0.008631229 0.9999529 0.004434227 0.009016335 0.9995235 0.02952206 -0.9985384 0.002902388 -0.05397033 -0.9988167 0.006214499 -0.04823404 -0.963495 0.003163158 -0.2677075 -0.9384201 -0.004824101 -0.3454627 -0.8830974 -0.009113729 -0.4691014 0.6761164 0.7290763 0.106369 0.6110056 0.788257 0.07296031 0.6526067 0.7216874 0.2308068 0.5598645 0.8047825 0.1971725 0.6109139 0.7883322 0.07291501 0.5402285 0.8406286 0.03868764 0.01059573 -0.001987755 0.999942 0.05109858 0.005318582 0.9986795 0.0510993 0.005316019 0.9986795 0.05109125 0.005317151 0.9986799 0.05109077 0.005320847 0.9986799 0.09141087 0.01261442 0.9957334 0 0.01847207 -0.9998294 0.31404 0.009371817 -0.9493635 0.1297283 0.004605114 -0.991539 0.1297954 0.004604518 -0.9915301 0.6535637 0.00457549 -0.7568578 0.7737135 3.01845e-4 -0.6335356 0.7810914 -0.0819025 -0.619022 0.6055172 -0.02384477 -0.795475 0.5457521 -0.01580345 -0.8377977 0.4065194 0.01757663 -0.9134732 0.4217162 0 -0.9067279 0.9450247 -0.2794788 0.1697645 0.9841257 -0.1773786 0.005778372 0.9841344 -0.1773298 0.005795955 0.9073173 -0.4187228 0.03803592 -0.002021193 0.9976483 0.0685119 -0.001013994 0.9994109 0.03430545 -6.782e-4 0.9997378 0.02289062 0 1 4.10466e-7 -0.8621894 0.008254647 -0.506519 -0.8254995 0.005234658 -0.5643788 -0.8665811 -0.001509487 -0.499034 -0.8254693 0.005219399 -0.5644232 -0.7240911 4.27785e-4 -0.6897042 0.0447418 0.9950159 0.08911484 0.02493697 0.9992911 0.02820765 6.71848e-5 0.9999915 -0.004113912 -0.02219009 0.9984694 -0.05066227 -0.04936653 0.9964328 -0.06844496 0.9997947 -0.00201106 0.02016013 0.9997187 -0.01190906 0.02051794 0.9980389 -0.02278852 0.05830222 0.9998301 -0.01490354 0.01085752 0.9781007 0.05051952 0.2019079 0.9991877 0.03549176 -0.01908957 0.9857618 0.1681469 6.84623e-4 0.9997949 -0.001990556 0.02016186 0.9857645 0.1681311 6.795e-4 0.9999866 -0.004296064 -0.002914965 0.9998356 0.01758259 0.004442691 0.9998371 0.001578986 -0.0179826 0.9735447 -0.1849876 -0.1341285 0.9892468 -0.1030465 -0.1037891 0.989563 -0.09607827 -0.107397 0.9999281 -0.004007637 -0.01130771 0.9995484 0.00159794 -0.03001123 0.9999917 -0.002363026 0.003327786 -0.8166954 -0.4176702 -0.3981963 -0.7730172 -0.4423403 -0.45473 -0.6651079 -0.5599268 -0.4940785 -0.625118 -0.4882622 -0.6089562 -0.7730134 -0.442339 -0.4547379 -0.7223322 -0.5420569 -0.4294306 -0.6650611 -0.5600197 -0.4940361 -0.7223123 -0.5421501 -0.4293462 -0.5350266 -0.6653568 -0.5206217 0.3607673 0.05904585 -0.930785 0.1962156 -6.96089e-4 -0.9805606 0.0116983 0.02345597 -0.9996565 -0.1669453 0.004154741 -0.9859575 -0.3526 0.06832379 -0.9332765 0.008094906 0.9996852 -0.02374851 -9.21e-4 0.9997734 0.02126759 0.00112468 0.9999706 -0.007592439 -0.002280414 0.9998155 0.01907616 0.1207133 0.9864497 -0.1111099 -0.001827418 0.999994 0.002962291 -0.002115845 0.9999889 0.004217028 -0.002233862 0.9999439 0.01035743 -0.02160722 0.9997308 -0.008454501 0.001367568 0.9999988 -8.07781e-4 -1.05779e-4 0.9991559 -0.04108095 0.01123529 0.9999247 -0.004934489 0.0148862 0.9991384 0.03874295 -0.1160092 0.9852303 -0.1259486 -0.1494079 0.9799545 -0.1317823 -0.1114097 0.9898663 -0.08804911 -0.0198003 0.9997941 -0.004446506 0.2011514 -0.004756271 -0.9795486 0.2154909 0.008463084 -0.9764692 0.2380742 -0.002883851 -0.9712428 0.3374685 -0.006418645 -0.9413149 0.607236 -0.01568198 -0.7943668 0.5294597 0.05377584 -0.846629 0.2156289 0.008480131 -0.9764387 0.3560249 0.008933305 -0.9344338 0.2012987 -0.004781603 -0.9795183 0.2595649 0.007461667 -0.9656969 0.2155802 0.008468508 -0.9764495 0.2461956 0.01236629 -0.9691414 0.2948013 0.02449971 -0.9552444 -0.9981113 -0.003117084 0.06135296 -0.9851354 -5.85827e-4 0.1717782 -0.9927803 0.009081065 0.1196033 -0.9674594 0.003566384 0.2530011 -0.9851273 -5.82496e-4 0.1718254 -0.9665521 0.004951715 0.2564226 -0.9825529 0.04735147 0.1798551 -0.9938051 0.02332317 0.1086635 -0.9927794 0.009076356 0.1196114 -0.9993311 -4.6943e-4 0.03656607 -0.998113 -0.003111898 0.0613265 0.4310551 0.003246068 0.9023198 0.8277142 -0.003580927 0.5611385 0.7549414 0.004226922 0.6557787 0.8772887 -7.24237e-4 0.4799626 0.8278419 -0.003574311 0.5609503 0.9495046 0.00451982 0.3137207 0.8772772 -7.27048e-4 0.4799836 0.9495225 0.004529535 0.3136664 0.9500975 0.004844963 0.3119155 0.01856362 0.999665 0.01803779 0 1 1.70226e-6 -0.5483658 -0.01305943 -0.8361366 -0.9804683 0.001292288 -0.1966734 -0.9373335 0.004705846 -0.3484016 -0.9374009 0.004728913 -0.3482202 -0.9999983 -0.001273334 -0.001399159 -0.9855176 0.01532155 0.1688801 0.06469231 -0.012703 0.9978245 0.04485291 0.01943928 0.9988045 0.2639288 0.03825891 0.9637832 0.1810588 0.04489076 0.9824472 -0.2493825 -0.02089941 -0.9681795 0.4340485 -0.009445726 -0.90084 0.2341641 -0.007780969 -0.972166 0.4818126 0.02554869 -0.8759018 0.4341951 -0.009500741 -0.9007689 0.6366215 0.005994856 -0.7711531 0.5663927 0.09132814 -0.8190596 -0.001758635 0.9999349 -0.01127922 -0.003578662 0.9997215 -0.02332937 -1.15498e-4 0.9996055 -0.02808725 -0.0108512 0.9999069 -0.008274972 0.05059999 0.9987186 -9.98388e-4 -0.003508806 0.9999585 0.008423626 -0.00175172 0.9999352 -0.01126134 -0.003518819 0.9999584 0.008423686 -0.02881479 0.999545 0.008912086 -0.9998242 0 -0.01875269 -0.9997437 0.001198828 -0.02261286 -0.9738744 -0.002600431 -0.2270726 -0.9431132 -0.003898561 -0.3324491 -0.7951135 -0.009844243 -0.6063807 -0.04446071 0.995108 -0.08822321 -0.02486205 0.9992994 -0.0279774 3.63664e-4 0.9999911 0.004228532 0.02308237 0.9984462 0.0507192 0.05130034 0.9962967 0.06900274 -0.02122706 -1.16696e-4 -0.9997747 -0.05628943 0.006257772 -0.998395 -0.05624306 0.006248295 -0.9983976 -0.05626577 0.006251752 -0.9983963 -0.05626457 0.006253302 -0.9983964 -0.09154868 0.01261067 -0.9957208 0.03235381 0.9994625 -0.005296289 0.01504111 0.9993903 -0.03151118 -1.21525e-4 0.9996051 -0.02810484 -0.09453767 0.9944564 -0.04603546 -0.005188584 0.9999863 7.82628e-4 -0.04352736 0.9989792 -0.01208692 -1.44104e-4 0.9996051 -0.02810084 -0.043522 0.9989793 -0.01209104 -0.0250588 0.9991092 -0.03395646 -0.981935 -0.0516588 -0.1820306 -0.9447497 -3.68487e-5 -0.3277928 -0.8599152 -0.03526467 -0.5092174 -0.7563987 -0.02511316 -0.6536288 -0.8598352 -0.03527271 -0.509352 -0.5117684 0.004780352 -0.8591102 -0.2495397 -0.02096396 -0.9681376 -0.2106463 -0.02470588 0.9772501 0.03311336 0.007355749 0.9994246 0.1882208 0.04295808 0.9811868 0.1883821 0.04300963 0.9811536 0.3960815 -0.00272566 0.9182114 0.6312139 -0.009260654 0.7755536 -0.09466999 0.9944469 -0.04596757 -0.09360331 0.9946211 -0.04435592 -0.09360659 0.9946204 -0.04436373 -0.09347337 0.9946305 -0.04441726 -0.09347134 0.9946309 -0.04441249 0.002151072 0.9965366 -0.08312809 -0.9924479 0.004895806 0.1225697 -0.9651588 0.003026962 0.2616478 -0.9624524 -0.004667699 0.2714104 -0.9999849 0.005500853 -4.60825e-5 -0.9236671 -0.2540577 0.2868691 -0.9651185 4.18211e-4 0.2618133 -0.9451082 -0.001156866 0.3267555 -0.8348078 0.001019001 0.5505406 -0.8765842 0.0011065 0.4812474 -0.9431966 5.96289e-4 0.3322346 -0.9677395 -1.26486e-4 0.2519528 -0.9957969 -6.86422e-5 0.09158992 -0.9999086 0.001677691 0.01342272 -0.9525565 -0.0471369 0.3006896 -0.9535468 -0.00312072 0.3012287 -0.8909289 -0.002110898 0.4541379 -0.9525125 -0.04716587 0.3008245 -0.7554472 -0.04342162 0.6537691 -0.9388882 -0.04367393 0.3414407 -0.8752208 0.001391708 0.4837219 -0.7463498 -0.005592405 0.6655305 -0.9798676 -0.006393849 -0.1995463 -0.9524776 -0.00766766 -0.304512 -0.97983 -0.006419956 -0.1997296 -0.8667279 3.3034e-5 -0.4987813 -0.7138363 -8.90304e-4 -0.7003121 -0.997659 0.006444036 -0.06808251 -0.9970477 7.72213e-4 -0.07678174 -0.9711927 -0.001829206 -0.238289 -0.9457704 -0.006150662 -0.3247779 -0.9711455 -0.001839995 -0.2384806 -0.9457039 -0.006124675 -0.324972 -0.8050324 -0.01255428 -0.5930981 -0.8160452 0.4729945 -0.3321846 -0.8660536 -0.02344548 -0.4994014 -0.8660727 -0.02365255 -0.4993582 -0.8324421 -0.3315625 -0.4439669 0.1848297 -0.01786267 0.9826083 0.1357287 -0.01099783 0.990685 0.3544938 0.001357793 0.9350574 0.4409395 0.01164329 0.8974614 0.3545663 0.001365184 0.9350299 0.6896962 0.002051591 0.724096 0.8868237 0.004928827 0.4620817 0.04389607 0.7763218 -0.6288067 0.04474687 0.5669744 -0.8225193 -0.02535277 0.202259 -0.9790039 -0.02530586 0.2021062 -0.9790367 -0.03803521 0.2934603 -0.9552143 0.01818734 0.03509068 -0.9992187 0 0.02027004 -0.9997946 0.9996145 -0.02565175 -0.01061898 0.9902099 -0.01626342 0.1386353 0.9999683 -0.007752537 -0.001862883 0.9906705 0.1347616 0.0202828 0.9999682 -0.007755339 -0.001861751 0.9906713 0.1347594 0.02026063 0.9999958 0.001225113 -0.002618551 0.9901877 -0.01627814 0.1387926 0.995976 0.06027227 0.06632518 0.999374 0.02691584 0.02296054 0.9906688 0.1347813 0.02023369 0.9959826 0.0603429 0.06616246 0.9970002 0.0376299 -0.06763541 0.9998487 0.01017367 -0.01411026 0.9913636 -0.09203231 -0.09342575 0.9927797 0.1188579 -0.01616305 0.9838274 -0.1109541 -0.140616 0.9913491 -0.0921629 -0.09345084 0.9615185 -0.2042434 -0.1837573 0.9735413 -0.1850418 -0.1340782 0.9735452 -0.1850163 -0.134085 0.9838042 -0.1111681 -0.1406095 0.9010255 -0.40079 -0.1658936 0.9395763 0.01870405 0.3418281 0.9709692 0.008999288 0.2390353 0.9701808 0.002251744 0.2423724 0.9814873 -0.005988955 0.1914334 0.9683896 -0.01121401 0.2491903 0 -1 -1.22309e-4 0.7105412 2.17891e-4 -0.7036557 0.4790404 -0.003246307 -0.877787 0.7231771 -4.59305e-4 -0.6906625 0.430203 -0.01051861 -0.9026709 0.781337 -2.51992e-4 -0.6241093 0.6870198 6.85492e-4 -0.7266384 0.7383106 9.32378e-4 -0.6744602 0.9035447 0.009814143 -0.4283816 0.785553 -0.003888845 -0.6187822 0.9208025 -0.009850859 -0.3899047 0.8686943 0.005669832 -0.4953162 0.9961244 -2.45587e-4 -0.08795553 -0.6219783 -0.001550376 -0.7830331 -0.1893022 0.04305016 -0.9809747 -0.2419243 -9.87269e-4 -0.9702947 -0.05729573 0.02465534 -0.9980528 -0.1891369 0.04308277 -0.9810052 0.3963886 -0.01574313 -0.9179479 0.5114284 -0.0293799 -0.8588237 0.511606 -0.02937519 -0.8587179 0.5349006 -0.001894533 -0.844913 0.9145571 0.001162946 -0.4044552 -0.006024658 0.9999465 0.008413732 -0.0070073 0.9999754 4.89222e-4 -0.006081283 0.999979 0.002287924 0 1 -3.64532e-6 0.005591452 0.9998595 0.01580673 -0.001445531 0.9999675 0.007935166 0.5696393 -0.01270008 0.8217968 0.9816066 0.01040536 0.1906312 0.9411674 0.008887648 0.3378242 0.9412213 0.008892536 0.3376736 0.9998655 0.008559584 -0.01399391 0.9853823 0.0182743 -0.169375 0.8794872 0.02447652 0.4752929 0.7978407 0.02225798 0.6024573 0.8896614 0.01416897 0.4564011 0.7977252 0.02225637 0.6026103 0.7977305 0.02222967 0.6026043 0.2767874 1.34483e-4 0.9609313 0.005989015 0.9999472 -0.008358895 0.007044613 0.999975 -5.80879e-4 0.006075263 0.9999789 -0.002317428 -0.006030559 0.999858 -0.01574307 0.001314938 0.9999681 -0.007895827 0.002167284 0.9976026 -0.06916922 -4.02951e-5 0.9999993 0.001256585 -2.65921e-5 0.9999998 8.0863e-4 0.004163205 0.9990275 0.04389512 -0.8852269 0.03259748 -0.464016 -0.9550195 0.01791036 -0.2960017 -0.9583487 0.008405148 -0.2854771 -0.9814323 -0.003839373 -0.1917709 0.6882432 -0.0307582 -0.7248278 0.7725166 0.01140385 -0.6348922 0.8735164 -0.02163195 -0.4863138 0.9376875 -0.01617974 -0.3471029 0.9860994 -0.08484405 -0.1428619 -0.1847861 -0.01786822 -0.9826163 -0.1410688 -0.01174092 -0.9899303 -0.3578908 3.602e-4 -0.9337634 -0.4457861 0.01014602 -0.8950821 -0.1103487 -0.02220344 -0.993645 -0.2357307 5.71255e-5 -0.9718184 -0.2357326 4.61056e-5 -0.971818 -0.4523032 0.002670526 -0.8918603 -0.2359079 7.96847e-5 -0.9717755 -0.3576698 0.02231711 -0.9335815 -0.1153066 0.9926146 -0.03769427 0.1608467 0.9822033 0.09697967 0.09460955 0.9942007 0.05112999 0.3082404 0.9218796 0.2347894 -0.3680409 0.9261405 -0.08252221 -0.1052477 0.9941557 -0.02402943 0.03648453 0.9993231 -0.004714846 -0.4844511 0.02791458 -0.8743729 -0.2503964 0.01641559 -0.9680043 -0.1660491 0.009573876 -0.9860711 0.1660652 -0.009488403 -0.9860692 0.2503712 -0.01630693 -0.9680126 0.4011144 -0.01502287 -0.9159049 0.9930047 -0.01669591 -0.1168882 0.9969747 -0.009124457 -0.07718986 0.9969729 -0.009134352 -0.07721138 0.999302 -0.001576721 -0.03732383 0.9858449 -0.03909742 -0.1630383 0.9992635 0.02643686 -0.02781718 0.9465641 0.04434579 -0.3194526 0.9465127 0.04441231 -0.3195957 0.9914391 0.02736622 -0.1276706 0.9732632 0.05824804 -0.2221851 -0.01430177 0.9722186 0.2336373 0.1724236 0.5579127 0.8117904 0.1671347 0.7859731 0.5952414 0.1725497 0.5578024 0.8118393 0.1725534 0.5578089 0.8118342 0.5744087 -0.007003009 0.8185388 0.03343605 -0.00565958 -0.9994249 0.0436713 0.001692175 -0.9990446 0.260607 -0.001303553 -0.9654442 0.2606123 -0.001319766 -0.9654427 0.04366058 0.001701831 -0.9990451 0.4789388 -0.003228425 -0.8778424 0.2607151 -0.001284897 -0.9654149 0.4790396 -0.003242015 -0.8777874 0.4639351 -0.007214069 -0.8858399 0.04366964 0.0017066 -0.9990447 0.02902156 0.02181464 -0.9993408 0.04257595 0.004180729 -0.9990845 0.2951845 8.14402e-4 -0.9554399 -0.9842784 0.04231131 0.1714814 -0.9482294 -0.008055329 0.317484 -0.8725345 0.02208834 0.4880529 -0.7773382 0.01070815 0.6289917 -0.6298562 0.07912796 0.7726707 -0.1301927 -0.01434141 -0.9913851 -0.1125967 -0.01158815 -0.9935733 -0.3287197 -0.003669917 -0.9444205 -0.4288464 0.002042949 -0.9033752 -0.3288449 -0.003668844 -0.9443769 -0.6168869 -0.003124177 -0.7870456 -0.8079984 1.42882e-4 -0.5891847 -0.09224587 0.01276677 0.9956545 -0.05679547 0.006348609 0.9983657 -0.05682432 0.006353735 0.998364 -0.02118802 -7.79649e-5 0.9997755 -0.03855311 0.9967939 -0.0701124 -0.0386545 0.9968031 -0.06992542 -0.004939973 -0.0254088 -0.999665 0.007055938 0.06840574 -0.9976327 0.01336956 -0.01617443 -0.9997798 0.03179621 -0.006902813 -0.9994705 0.2532418 -0.06081312 0.9654897 0.1487337 0.003166973 0.9888723 0.1487344 0.003169357 0.9888722 0.04204756 0.06715553 0.9968562 0.96083 -0.02698087 -0.2758222 0.7157458 0.007329821 -0.6983225 0.8545172 0.03059685 -0.5185211 0.7156344 0.007390677 -0.698436 0.492768 -0.0470072 -0.8688902 0.2170695 -9.82806e-4 -0.9761556 0.05048424 0.9914459 -0.1203594 0.01382637 0.9972904 -0.07225471 0.02301609 0.9983102 -0.05335915 0.02617895 0.9995809 0.01235616 0.1208572 0.9864162 -0.1112504 0.105836 0.985834 -0.1301162 -0.01694947 0.9971355 -0.07371324 0.1388497 0.9526102 0.2706559 0.318902 0.7009007 0.6379967 0.5403546 0.4878022 0.6856136 0.5073139 0.4482989 0.735976 0.3593834 0.6050986 0.710422 0.3830843 0.7646911 0.518164 0 -0.01982122 -0.9998036 -0.0449382 0.08375847 -0.9954724 -0.01585555 0.2320606 -0.9725722 -0.02354896 0.3545588 -0.9347371 -0.01583069 0.2321933 -0.9725409 -0.02349692 0.354714 -0.9346796 0.04314136 0.5106098 -0.8587296 0.9926672 -0.004942238 -0.1207787 0.9980596 0.01464909 -0.06051886 0.9931985 -0.1035901 0.05315899 0.9994145 0.0342189 0 0.4844045 0.02965492 0.8743414 0.2503795 0.01732248 0.9679928 0.1660434 0.01017302 0.9860661 -0.1545128 -0.009495556 0.9879452 -0.2329275 -0.01628202 0.9723578 -0.5066195 -0.02130651 0.8619065 0.07808899 0.9724155 0.2197962 0.120423 0.9662318 0.2278035 0.1204295 0.9662365 0.2277798 0.2021105 0.9479601 0.2460147 -0.06872367 0.9976333 -0.002252817 -0.03438818 0.999408 -0.001126825 -0.0229364 0.9997367 -7.50794e-4 -0.2883074 -9.02575e-4 -0.9575375 -0.8146705 -0.008019268 -0.5798688 -0.7077237 0.002360582 -0.7064855 -0.8701568 -0.002603411 -0.4927683 -0.8147771 -0.007994294 -0.5797192 -0.9462412 0.005473494 -0.3234158 -0.9504655 0.007816314 -0.3107321 0.3718799 0.6482972 0.6643915 0.4936876 0.834561 0.2445006 0.346615 0.8424063 0.4125649 0.3466048 0.8424903 0.4124022 0.5598176 0.8048002 0.1972339 0.3690388 0.9294011 -0.004921674 -0.9732672 -0.2214996 0.06073737 -0.9918718 -0.1121334 0.06013745 -0.99325 -0.07962751 0.08434462 -0.9953984 -0.008008182 0.09548884 -0.9911285 -0.01460719 0.1321026 0.003307521 -0.9999907 0.002770304 0 -1 1.37029e-6 0.003308653 -0.9999907 0.002770304 0.02642196 -0.999641 0.004452943 0.02643561 -0.9996406 0.004454791 0.003335118 -0.9999905 0.002793967 0.09952557 -0.995034 0.001419842 0.03467124 -0.9993956 0.002513468 0.2851102 0.008667647 0.9584556 0.7361829 0.06071817 0.6740536 0.5471981 0.08095043 0.8330794 0.7362781 0.06078898 0.6739431 0.9263899 0.1684405 0.3367931 0.9873588 0.01351112 0.1579248 0.9126608 -0.01196306 -0.4085429 0.9678838 -0.02326095 -0.2503198 0.8824709 0.003303885 -0.4703556 0.9723261 0.003326237 -0.2336043 0.9785727 -0.005110204 0.2058387 0.9493641 -0.006745994 0.3141055 0.1876506 0.9822213 0.005356967 0.09325987 0.9946469 0.04450005 0.09321731 0.9946504 0.04450994 -0.002154767 0.996521 0.08331483 0.06964313 -0.003683626 0.9975652 0.1561838 8.39221e-4 0.9877277 0.1219791 0.009488284 0.9924874 0.2520422 0.003083348 0.9677114 0.1562231 8.42151e-4 0.9877215 0.2358966 0.006071627 0.9717593 0.1694284 0.04165148 0.9846621 0.1168781 0.02436381 0.9928474 0.06363123 0.00193876 0.9979717 -0.01849371 0.999665 -0.01810944 0 1 4.52847e-6 0 1 2.22341e-6 0 1 -1.9388e-6 0 1 4.59928e-6 0 1 -4.48036e-6 0 1 1.18994e-5 0.9942942 -0.08495044 -0.06451731 0.9728192 -0.1523746 0.1743701 0.967647 -0.252255 0.005196273 0.9380065 -0.2823072 0.201113 0.00390464 0.9998844 -0.01469695 0.003558993 0.999961 -0.008093118 0.00410217 0.9999895 0.002079963 0 1 -4.99244e-6 0.004080057 0.9984551 0.05541694 0.006237208 0.9997799 0.02003216 -0.001960992 0.999886 -0.01496803 0 -1 -6.16097e-6 1.99547e-5 0 -1 -6.51117e-6 0 -1 2.48254e-5 0 -1 -3.31885e-6 0 -1 -3.0306e-5 0 -1 2.07705e-5 0 -1 1.00758e-5 0 -1 -3.99115e-5 0 -1 5.91513e-5 0 -1 0 -1 -1.43573e-6 0 -1 2.1514e-6 0 -1 1.71427e-6 -0.002445399 -0.9999899 -0.003766179 0 -1 1.73457e-6 0.001166999 -0.9980412 -0.06255054 -0.006151735 -0.9999365 -0.009450018 -0.006717383 -0.9997397 0.02180433 9.51924e-4 -0.004517614 -0.9999893 -0.0680834 9.69653e-4 -0.9976792 -0.1077026 0.004335343 -0.9941737 -0.1084508 -0.001449108 -0.9941008 -0.04049235 0.01158642 -0.9991127 0.1297075 0.004588723 -0.9915418 -0.2545223 -0.005587041 -0.9670509 -0.4240924 -0.02270668 -0.9053342 -0.4240814 -0.02270925 -0.9053394 0.8971878 -0.01382189 0.4414331 0.7961876 0.004755496 0.6050313 0.4615595 -0.03143894 0.8865521 0.4614104 -0.03144246 0.8866295 0.6322236 -0.02430272 0.7744048 0.1463365 0.01629704 0.9891007 -0.05024433 0.003441989 0.9987311 -0.5953167 0.01557558 0.8033403 -0.5035772 0.006701529 0.8639243 -0.5037006 0.006708979 0.8638523 -0.09125155 -0.02396601 0.9955395 -0.3821032 0.006236732 -0.9240987 -0.04020345 0.007784366 -0.9991613 -0.08407264 -9.90244e-4 -0.9964592 -0.03084713 -0.00917524 -0.999482 -0.4869511 0.004697144 -0.8734167 -0.08420336 -9.91425e-4 -0.9964481 -0.3832116 -0.009559035 -0.9236112 0.4638197 -0.004452824 0.8859185 0.3601952 -0.007940411 0.9328432 0.3780549 -0.010239 0.9257266 0.1528847 -0.01426303 0.9881411 -0.7282607 -0.003906011 -0.6852892 -0.9305527 0.002319097 -0.3661507 -0.975391 5.18486e-5 -0.2204825 -0.9988169 0.006217002 -0.04823356 -0.9992234 0.02479392 -0.03062641 0 1 1.31917e-7 0.001252889 0.9999991 7.06141e-4 0 1 0 0.00125283 0.9999991 7.0611e-4 -0.03496271 0.996837 0.07137006 -0.0738269 0.9963137 0.0436874 0.001338958 0.9999988 7.54917e-4 -0.007024168 0.999975 -8.37747e-4 0.001252889 0.999999 7.06042e-4 -0.006996452 0.9999753 -8.41144e-4 -0.001894116 0.9999935 0.003083109 0.002257525 0.9999952 0.002141892 0.00867182 0.9999529 0.004367113 0.008678257 0.9999529 0.004367411 0.002386868 0.9999951 0.002057552 0.01979082 0.9997969 0.003816246 0.03878706 0.998975 0.02333778 0.04627072 0.9981165 0.04028147 -0.0997579 0.9887508 0.1114467 -0.001907646 0.9999934 0.003104448 0 1 5.38181e-7 0.002246022 0.9999953 0.002090513 -0.004808604 0.9999849 0.002675712 -6.3066e-4 0.9999553 0.00943917 0.005198776 0.9999865 3.41803e-4 -0.02387034 0.9996405 -0.01221716 -0.4199438 0.01790928 0.9073734 -0.1352618 0.005761146 0.9907932 -0.01564729 0.004790782 0.9998661 0.187651 -0.002082645 0.9822337 0.2140659 0.002693176 0.9768156 -0.9908655 -0.01164436 0.1343503 -0.9895073 -0.009176611 -0.1441913 -0.9748428 -0.004675626 -0.2228446 -0.9748093 -0.004665672 -0.2229913 -0.9894852 -0.009165406 -0.144344 -0.9006658 0.009773731 -0.4344027 0.5310028 -0.01928323 0.8471507 0.3009907 0.001660645 0.9536257 0.1470912 -0.01403057 0.9890235 0.3868429 -0.004345715 0.9221355 0.1469268 -0.01403999 0.9890478 0.2540322 -0.01252472 0.9671147 0.02467596 -0.01258325 0.9996163 0.8615403 -0.002503633 -0.5076833 0.8841288 -5.9577e-4 -0.4672428 0.8058871 -6.562e-4 -0.5920689 0.7738319 3.06882e-4 -0.6333909 0.8826673 0.05681622 0.4665519 0.9700099 0.02749437 0.2415055 0.986864 0.01827627 0.1605159 0.9999987 -0.001327335 9.66328e-4 1 9.10005e-7 0 0.5343929 -0.006623268 0.8452103 0.4897687 -0.002085804 0.8718499 0.286943 -0.01844227 0.9577701 0.4436651 0.002453446 0.8961893 0.128135 0.9917134 -0.009285807 0.06983834 0.8961316 -0.438259 0.04635071 0.8374948 -0.5444761 0.08378291 0.6998285 -0.7093805 0 0.6915283 -0.7223495 0.1448313 -0.01722121 0.9893065 0.03473991 -0.002648293 0.999393 -0.06504237 -0.00417453 0.9978738 -0.169321 0.002423942 0.985558 -0.2617785 -0.007118165 0.9651017 0.9449746 -0.2795489 0.1699283 0.8900819 -0.3711519 0.2645761 0.7553932 -0.2440761 0.6081184 0.7553163 -0.2439936 0.608247 0.7552937 -0.2440435 0.608255 0.7917315 0.01647913 0.610647 0 1 1.49919e-6 0 1 -4.65346e-6 0 1 2.20748e-6 -8.37129e-4 0.9999833 0.005716145 -0.01269572 0.9998772 0.00919795 -0.008455395 0.9999455 0.00614798 -0.008476674 0.9999455 0.006115257 -0.01269787 0.9998771 0.009196996 -0.01142674 0.9999346 6.41415e-4 0.7781534 -0.00409013 0.6280611 0.7806882 -0.00454986 0.6249041 0.7806884 -0.004549503 0.6249041 0.7807106 -0.0045529 0.6248762 0.7807106 -0.004553675 0.6248762 0.955536 -0.03076487 0.2932654 -0.00236392 0.9999615 0.008450448 0.04944455 0.9987412 0.008447527 0.02490657 0.9996609 -0.007601499 0.03694748 0.9992502 0.01158356 -0.007923126 0.9999554 -0.005156397 -0.0282123 0.9992079 -0.02806848 -0.00792092 0.9999555 -0.005142152 2.6023e-4 0.9999262 0.01215356 2.88647e-4 0.9999257 0.01218712 -0.9700751 -0.02069312 0.2419217 -0.9756159 -0.01727843 0.2188039 -0.8859332 -0.01384693 0.4636061 -0.9756225 -0.01727259 0.2187749 -0.9756224 -0.01727139 0.218775 -0.980562 -0.01385581 0.1957196 0 -1 -9.05178e-6 0 -1 1.93132e-5 0 -1 -6.63048e-6 -0.2474738 -0.6782209 -0.6919344 -0.2250559 -0.3126786 -0.922812 -0.6250372 -0.4883132 -0.6089982 -0.4949014 -0.4443448 -0.7467465 -0.2251297 -0.3126199 -0.9228138 -0.3446978 -0.1123729 -0.9319634 -5.23535e-4 -0.9998375 0.01802265 0 -1 6.40951e-6 0 -1 -2.46257e-7 -6.73068e-4 0.9997386 0.02285468 0 1 1.87484e-7 0 1 0 -0.01226556 0.9998873 0.008668124 -0.01837223 0.9997469 0.01298117 -0.0367729 0.998986 0.02597576 0.9450941 0.05383634 -0.3223335 0.9948171 0.1013472 -0.008233845 0.9509816 0.009705781 0.3090953 0.82108 -0.08142232 0.5649763 0.9509454 0.009785294 0.309204 0.6194363 -0.03814858 0.7841196 0.4404965 0.08169108 -0.8940299 0.4795384 0.03679066 -0.8767493 0.434049 -0.1815955 -0.8823972 0.4186169 -0.3152171 -0.8517031 0.2769006 -0.5899498 -0.7584758 0.3144338 -0.7403455 -0.5941548 0.2704654 -0.8882358 -0.3713296 0.1410831 -0.9679838 -0.2076128 0.1411004 -0.9680249 -0.2074096 0.1411111 -0.9680225 -0.2074133 0.1244951 -0.9812407 0.1471996 -0.3901894 0.03086119 0.9202173 -0.5039531 -0.06085026 0.8615849 -0.5360896 0.06594765 0.8415812 -0.6050751 0.08337938 0.7917904 -0.5718269 0.3130021 0.7583163 -0.960725 -0.03884369 -0.2747705 -0.870582 0.01430153 -0.4918155 -0.7088268 -0.07263159 -0.7016332 -0.7348396 0.1749269 -0.6552948 -0.7087419 -0.07251501 -0.701731 -0.5645503 0.1110207 -0.8178982 0.4522337 -0.342612 -0.8234694 0.4755445 -0.2087353 -0.8545683 0.4942616 -0.1500528 -0.856265 0.5078281 -0.05156409 -0.859914 0.5257388 -0.0323646 -0.8500303 0 1 2.27095e-6 0 1 -1.22376e-6 0 1 -1.59155e-6 0 1 1.32926e-6 0.02266186 0.999743 7.05744e-4 0.008696079 0.9998859 0.01235014 0.01305246 0.999743 0.01854038 0.02610886 0.9989711 0.03708237 -0.9021227 -0.01351875 -0.431268 -0.9801303 -0.02935642 -0.1961706 -0.9743156 0.03071057 0.2230832 -0.9742906 0.03060829 0.2232066 -0.9982009 0.008306562 0.05937999 -0.9115899 0.008482694 0.4110133 -0.9742826 0.03070449 0.223228 -0.7578504 -0.01580607 0.6522369 -0.598176 0.006204366 0.8013408 -0.7383382 9.26736e-4 0.67443 -0.720243 -6.40933e-4 0.6937215 -0.6872665 6.09482e-4 0.7264052 -0.7192348 -0.007082521 0.694731 -0.7510691 -0.002506375 0.660219 -0.7073095 0.001879096 0.7069016 -0.468647 -6.54429e-4 0.8833853 -0.7202803 -6.50418e-4 0.6936829 -0.7053282 -0.001436233 0.7088795 -0.7351555 -0.009550034 0.6778313 -0.9418627 0.002342402 0.3359898 -0.7828477 -0.001969218 0.6222103 -0.4268041 0.002336561 0.9043411 -0.4266989 0.0023427 0.9043908 -0.5477625 0.005830585 0.8366136 -0.3031526 -1.83315e-4 0.952942 -0.3382079 0.004584312 0.9410604 -0.4903284 0.01340121 0.8714348 -0.4432393 -0.01921397 0.8961974 -0.6087217 -1.18943e-4 0.7933839 -0.8892768 -0.03550732 0.4559893 -0.8893595 -0.03549683 0.4558285 -0.7789701 -0.02892971 0.6263936 -0.9897688 0.01262038 0.142122 -0.9986461 -1.09345e-4 -0.05201804 -0.5708771 0.004250943 0.8210245 -0.4755463 0.002096116 0.8796882 -0.0501548 -0.001939415 0.9987396 -0.04996383 -0.001965761 0.9987491 -0.04997384 -0.002005338 0.9987486 0.2466794 -0.02467334 0.968783 0 1 -1.33759e-6 0 1 3.27786e-6 0 1 -1.2351e-6 0 1 1.78225e-5 0.05652964 0.9965045 0.06150931 0.006438434 0.9992183 0.03900521 0.004158854 0.9995793 0.02870589 -0.0139693 0.9998434 0.01087456 8.52248e-4 0.9999669 0.008098483 -1.13696e-5 0 -1 0.9385808 0.009757637 -0.3449218 0.9361414 0.01434004 -0.3513313 0.9713596 -0.0379914 -0.2345576 0.9751008 -0.01347696 -0.2213526 0.9470903 0.009265303 -0.3208336 -0.2596493 -0.1903017 0.9467669 -0.5622566 0.02451443 0.8265995 -0.7440661 -0.2234422 0.6296343 -0.8357161 -0.02378714 0.5486465 -0.7230939 -0.001709938 0.6907477 -0.9800136 0.01573443 0.1983073 -0.9996137 -0.00385493 0.02752912 0.4506791 -0.01619684 -0.892539 0.2819423 -0.02770304 -0.9590314 -0.1448701 0.01068049 -0.9893931 -0.1450327 0.01066887 -0.9893693 0.04969191 -0.002112567 -0.9987624 -0.4579887 -0.03694689 -0.8881899 -0.6278792 -0.0294255 -0.7777544 -0.8568204 0.007934391 0.5155543 -0.7415897 -0.004105031 0.6708413 -0.5989577 -0.002599477 0.8007765 -0.4388393 4.07299e-4 0.8985655 -0.3525241 0.008969843 0.9357599 -0.4485715 0.01720076 0.8935814 0.08752542 0.2032198 -0.9752134 0.170338 0.2248065 -0.9593994 4.43445e-5 9.90778e-5 -1 -0.3899444 -0.004100918 -0.9208294 -0.6454452 -9.02691e-4 -0.7638062 -0.5932821 2.27621e-4 -0.8049947 -0.7314042 -2.55542e-4 -0.6819441 -0.8172163 6.14107e-4 -0.5763309 -0.4182754 0.0124455 -0.9082351 -0.03195476 -0.006295382 -0.9994695 -0.3786033 -0.002520084 -0.9255556 -0.8036418 0.009288609 -0.5950408 -0.8255399 0.005219697 -0.5643197 -0.8730735 -0.001051783 -0.4875876 -0.9280552 -0.01142942 -0.3722674 -0.1849989 0.005754292 0.9827219 -0.3379738 0.006783962 0.9411311 -0.5669589 7.50691e-4 0.8237459 -0.5669739 7.56229e-4 0.8237355 -0.5669734 7.59928e-4 0.8237358 -0.5995578 0.008272647 0.8002888 0.8059373 -0.2266914 0.5468785 0.5331524 -0.397086 0.7470418 0.2374469 -0.3196571 0.9172995 2.06381e-5 7.40215e-5 1 0.08755236 0.2032798 0.9751985 3.58596e-5 6.18845e-5 1 0.9631624 -0.02338123 0.2679024 0.9558455 -0.1023846 0.2754576 0.8242681 -0.02211862 0.5657678 0.8929746 0.1713319 0.4162232 0.892974 0.171323 0.4162281 0.7649218 0.3553742 0.5372186 -0.1277962 -0.009052693 -0.9917592 0.1949884 -0.001062095 -0.980805 0.1948087 -0.001077115 -0.9808407 0.3822 0.01027876 -0.9240226 -0.7791453 -0.004290342 -0.6268289 -0.7766306 -0.003861308 -0.6299446 -0.7766306 -0.003861844 -0.6299446 -0.7766187 -0.003859579 -0.6299592 -0.7766187 -0.003859698 -0.6299592 -0.9665942 6.09456e-4 -0.2563108 -0.2738057 0.9513998 -0.1409574 -0.1060635 0.9928591 -0.0546028 -0.07125818 0.9971285 -0.02563327 0.02249789 0.9991764 0.03377097 9.29182e-4 0.9994295 0.03376275 0.004381775 0.999337 0.03614759 -0.1174804 0.003312468 -0.9930698 -0.1411768 -0.007232248 -0.989958 -0.1934 -0.02063769 -0.980903 -0.1530611 -0.01713126 -0.9880682 -0.04503238 -0.01354885 -0.9988937 -0.1223196 0.005993187 -0.9924727 0.02267223 0.002042233 -0.9997409 0.172488 0.00168389 -0.9850102 -0.07387733 6.81926e-4 -0.9972671 -0.09015101 0.001526772 -0.995927 0.9826412 -0.01229137 -0.1851084 0.9767935 -0.01649928 -0.2135473 0.9767934 -0.01649689 -0.2135477 0.9767847 -0.01650762 -0.2135868 0.8876319 -0.01298421 -0.4603706 0.9701294 -0.02066022 -0.2417066 0 1 -4.18088e-7 0.4853272 0.00497806 -0.8743185 0.4499756 0.001722633 -0.8930392 0.4500212 0.001731097 -0.8930162 0.09730368 -0.0252434 -0.9949346 0.1038818 0.9133772 -0.3936378 0.1086052 0.9728804 -0.2042272 -0.4520276 0.00165981 -0.8920024 -0.2910632 -0.02023309 -0.9564899 -0.5014215 -0.00325036 -0.865197 -0.5492989 -0.00814259 -0.8355863 0.411404 0.01831322 -0.9112691 0.1305196 0.005802214 -0.9914288 0.01258867 0.004682183 -0.9999098 -0.1876384 -0.002432882 -0.9822351 -0.2141463 0.002303004 -0.976799 0.8520153 -0.0158388 -0.5232774 0.9176197 -0.005069911 -0.3974276 0.9492008 -0.006677627 -0.3146001 0.9790256 -0.001953899 -0.2037281 0.9896346 -0.00972402 -0.1432785 0.9998614 0.01573985 -0.005455255 0.9996351 0.007175564 0.02604389 0.9997595 0.01003652 0.01950144 0.9997539 0.008320987 0.02056521 0.9999666 0.007573008 0.003086328 0.9999992 -5.63468e-4 -0.001229405 0.9981974 0.02102631 -0.05621236 0.9981753 0.01819372 -0.05757665 0.9831668 0.07503283 -0.1665934 -0.5616592 0.030357 0.8268116 -0.3730502 0.01125675 0.9277429 -0.2814705 0.008256614 0.9595344 -0.1311397 -0.003108859 0.9913591 -0.09463089 0.002138137 0.9955102 0.9841904 -0.09537482 -0.1492413 0.9943554 -0.03728139 -0.09933471 0.9713634 -0.03798925 -0.2345426 0.9943604 -0.03718233 -0.09932303 0.998555 -0.03497636 0.04080283 -0.8514557 -0.01042324 0.524323 -0.7346659 -0.03968679 0.6772674 0.7693935 0.01251542 -0.6386525 0.8599069 0.01764875 -0.5101458 0.5679759 0.00151664 -0.8230438 0.4437267 0.001729428 -0.8961605 0.8599015 0.01764887 -0.5101549 0.3964249 0.003983199 -0.9180586 0 1 1.50743e-5 0 1 1.63616e-6 0 1 -1.54887e-6 -0.3727042 0.008474349 0.9279115 -0.2453508 0.007805645 0.969403 0.1257935 0.0395708 0.9912669 0.404803 -0.001149177 0.9144032 0.5759302 -0.00472337 0.8174852 0.8439738 -5.68599e-4 0.5363843 0.4049692 -0.001164495 0.9143296 0.8575496 -0.02685606 0.5136997 0.9834224 0.179577 -0.02514845 0.9348303 0.2812399 -0.2167864 0.9673604 -0.0251758 -0.2521507 0.9673138 -0.02530699 -0.2523165 0.9673189 -0.02525472 -0.2523022 0.8604999 -0.2280837 -0.4555412 0 1 -3.11519e-6 0 1 -4.03182e-6 -0.4430933 -0.01914519 0.896271 -0.2282215 -0.03589069 0.9729475 0.1971883 0.01787275 0.9802027 0.197334 0.01783704 0.9801741 0.0257796 -0.002889394 0.9996635 0.548216 -0.02067458 0.8360813 0.6910018 0.001889467 0.7228507 -0.8339721 -0.373226 -0.4064395 -0.8236826 -0.2760175 -0.4953397 -0.9226852 -0.3808181 -0.06024581 -0.9533497 -0.3008414 0.02487796 0.4295307 -3.90367e-4 0.9030522 0.8226083 0.2716712 0.4995103 0.746589 0.3867484 0.5413231 0.8359774 0.3682536 0.4068552 0.8226569 0.2717763 0.499373 0.92469 0.3758067 0.06097394 0.9545164 0.2967625 -0.02882063 -0.5399138 0.01674252 0.8415539 -0.4165599 0.005808949 0.9090898 -0.3584874 0.004179179 0.9335252 -0.262184 -0.002172529 0.9650155 -0.3583338 0.004164576 0.9335843 -0.2621803 -0.002171516 0.9650165 -0.238791 8.79726e-4 0.9710707 0.9044337 -0.01907455 -0.4261875 0.9921401 -0.004518032 -0.125051 0.9988647 0.01282531 -0.04587739 0.9988715 0.01280158 -0.04573816 0.9921601 -0.004505813 -0.1248922 0.9819676 0.01043415 0.1887614 -0.04359096 0.9963758 -0.07304298 0.01223689 0.999656 -0.02319765 8.06429e-4 0.9999771 -0.006719589 -4.12645e-4 0.9999868 0.005141556 -0.009482443 0.9999549 -6.613e-4 -0.00272113 0.9999845 -0.004883587 -0.00210005 0.9999953 0.002249538 -8.72651e-4 0.9999985 0.001544177 -0.07107275 0.9968679 -0.03468763 -8.9266e-4 0.9999985 0.001579463 -8.72571e-4 0.9999985 0.001544296 7.95872e-4 0.9999772 -0.006712138 0 1 0 -0.004355728 0.999954 0.008557021 -0.003795266 0.9997987 0.01970434 -0.02310526 0.9989887 0.03857219 -0.0400089 0.9981389 0.04602414 -0.1110842 0.9888707 -0.09897071 -0.003088891 0.9999932 -0.002021014 0 1 -1.60239e-7 -0.002088129 0.9999955 0.002181708 -0.00212562 0.9999953 0.00220859 -0.004352509 0.999954 0.008556663 -0.003115653 0.9999932 -0.00203824 -0.004557967 0.9998881 -0.01425015 0.009325385 0.9999534 0.002513289 0.01401132 0.9998947 0.003797471 0.009330928 0.9999533 0.002523064 0.01401835 0.9998946 0.003808915 0.01856344 0.9996651 0.01803725 -0.6097739 -0.009263098 -0.7925214 -0.5373417 -0.001662492 -0.843363 -0.3873581 0.001810193 -0.9219276 -0.4607496 0.005983829 -0.88751 -0.9738768 0.2174407 0.06544935 -0.8397217 0.3787872 0.3890857 -0.6669753 0.3025001 0.6809095 -0.1788059 -0.1046124 0.9783071 -0.3189416 -0.1427999 0.936955 0.4268053 -0.2072974 0.8802642 0.1364488 0.9880638 -0.07149714 0.117659 0.9905115 -0.07101655 0.1558172 0.982698 -0.1001284 0.199448 0.9787641 -0.04734379 0.1994338 0.9787665 -0.04735302 -0.03057551 0.9994741 0.01080763 0.1338171 0.9815387 -0.1366558 -0.009182572 0.9928699 -0.1188493 0.1336982 0.9815474 -0.13671 -0.001630544 0.9108551 -0.412723 -0.001511454 0.9992753 -0.03803545 -0.007033526 0.9999454 -0.007737815 0.01846688 0.9980528 -0.05957919 0.203853 0.9779105 -0.04620683 0.4084491 0.9115725 -0.04695713 0.2038486 0.9779115 -0.04620391 0.0920276 0.9913874 -0.09317678 -0.07408505 0.997237 0.005454719 -0.03507763 0.9993773 0.003838598 0.01813077 0.9997184 0.01531404 -0.03192675 0.9994878 -0.0022583 -0.1081372 0.9941123 0.006868481 -0.07404452 0.9972401 0.005455672 -0.1822566 0.9828018 -0.02971857 -0.06691682 0.9977529 -0.0033831 -0.001902341 0.9999933 -0.00313872 0.008804976 0.9999458 0.005565345 -0.01017183 0.9996434 -0.0246939 0.008813679 0.9999456 0.005584239 -0.01033842 0.9996446 -0.0245735 0.01980566 0.9993358 -0.03059107 -0.1081451 0.9941113 0.006881177 -0.1162749 0.991477 0.05876725 -0.3560799 0.899217 0.2541968 -0.242697 0.9518846 0.18712 -0.1162598 0.9914784 0.05877321 -0.2502031 0.9670745 0.04653257 -0.03874808 0.998049 0.04895579 -0.2501956 0.9670782 0.04649668 0.0232681 0.9996278 0.01424628 -0.009958624 0.9999154 -0.008376598 -0.01015752 0.9996432 -0.02470356 0.009139418 0.9879724 -0.1543602 -0.03611439 0.9821449 -0.1846275 0.040394 0.9528768 -0.3006563 -0.03601336 0.982139 -0.1846784 0.03622126 0.9343837 -0.3544223 -0.01331764 0.9916203 -0.1284989 -0.00604999 0.9842767 -0.1765305 -0.01334804 0.9916265 -0.1284482 -0.01684576 0.9969579 -0.07609987 -0.01469361 0.9976423 -0.06703847 -0.03531593 0.9970915 -0.06753772 -0.04149192 0.9976323 -0.05484676 -0.001510679 0.9970654 -0.07654023 0.6648117 0.7071963 0.2406221 0.6648117 0.7071963 0.2406221 0.5808261 0.8088787 0.09141302 0.2613365 0.9589789 -0.1098312 0.03509843 0.9877544 -0.1520178 -0.7808408 0.004098534 -0.6247167 -0.8064038 -1.30512e-4 -0.5913654 -0.806389 -1.27344e-4 -0.5913856 -0.9326328 0.003506541 -0.3608101 -0.2417888 -0.01379489 0.9702309 0.00750631 -0.02483665 0.9996634 0.1951703 -0.009059846 0.9807276 0.1953472 -0.009061574 0.9806923 0.007590353 -0.0248335 0.9996628 0.4003811 -0.01860815 0.9161598 -0.8465999 -0.01656544 0.5319722 -0.917412 -0.00509566 0.3979061 -0.9526407 -0.007566213 0.3040044 -0.9831833 -0.002863109 0.182599 -0.993959 -0.01220226 0.1090723 0.07169407 -0.0208351 -0.997209 0.2288717 -0.001968383 -0.9734547 0.3178811 6.87791e-4 -0.9481304 0.4336096 0.01145941 -0.901028 0.4856916 0.005965113 -0.8741099 -0.6420614 3.24331e-4 0.7666533 -0.4361366 1.62494e-4 0.8998805 -0.16592 0.001577019 0.986138 -0.1657812 0.001164674 0.9861619 -0.2997404 -1.55253e-4 0.9540208 0.07517194 7.47647e-4 0.9971704 0.09297007 0.001662671 0.9956675 -0.05108517 0.998694 9.39258e-4 0.004275977 0.9999582 -0.008083701 0.001411736 0.9999955 -0.002684652 0.02952319 0.9995276 -0.008536458 0 1 0 -0.01254743 0.9999212 5.5076e-4 0.001387119 0.9999956 -0.002629339 0 1 -1.05573e-6 0.001387238 0.9999957 -0.002628505 0 1 -1.29321e-6 -0.02640491 0.9996272 0.006960809 -0.02512902 0.9996837 0.001113057 -0.01255959 0.999921 5.61856e-4 0.001284182 0.9999821 -0.005844712 0.001285135 0.9999821 -0.00585103 -0.9492137 0.009859681 0.3144776 -0.9117975 -0.007030427 -0.4105801 -0.9117983 -0.00702846 -0.4105783 -0.7767003 0.003119349 -0.6298628 -0.9117233 -0.007004976 -0.4107453 -0.8083895 0.007368028 -0.5886018 -0.0831772 0.9955999 0.04315495 -0.03507316 0.999338 0.009679436 -0.01641821 0.9997919 0.01211476 0.005854845 0.9998485 0.01639747 -0.02193367 0.9992603 0.03158885 -0.004920721 0.999329 0.03629684 0.01610082 0.9994535 0.02887094 -0.4246919 0.003792941 -0.9053301 -0.6587569 -0.00100255 -0.7523552 -0.7956576 -1.73077e-4 -0.6057466 -0.8934204 8.16702e-4 -0.4492208 -0.795754 -1.55161e-4 -0.6056202 -0.9583721 0.008386671 -0.2853992 0.1226836 0.9924409 0.003123998 0.01881259 0.9998207 0.002164304 0.06590014 0.997812 -0.005327939 0.008999168 0.9998625 -0.01392984 0.5525741 0.01532423 -0.8333229 0.5413138 0.2243955 -0.8103247 0.3625151 0.003823697 -0.9319701 0.3623338 0.003834247 -0.9320406 0.428961 0.004339933 -0.9033126 0.2609334 -0.002003192 -0.9653548 0.2251435 0.002719223 -0.9743219 -4.74317e-4 0.9999439 -0.01058483 0.00850135 0.9998859 -0.01248437 -0.00788033 0.9999675 -0.001750171 0.009178996 0.9999525 0.003306031 0 1 -2.95587e-6 0 1 4.12662e-6 -0.01876819 0.9998092 0.005422592 -0.04991519 0.9987493 0.00289905 -0.8292788 -6.96715e-4 0.5588347 -0.9457898 -4.17694e-4 0.3247793 -0.9841723 0.01814359 0.176283 -0.9703773 -0.002975881 0.2415765 -0.898495 7.42908e-4 0.4389833 -0.9647996 -0.006032526 0.262917 -0.9934077 -0.001126706 0.1146298 -0.9562384 9.3772e-4 0.2925871 0 -1 5.71625e-7 0 -1 3.45222e-6 -0.008219182 0.9998904 0.01232284 0 1 9.53427e-6 -0.01281332 0.999787 -0.01618582 -0.01071441 0.9999127 0.007736504 -0.01071429 0.9999127 0.007736563 -0.01068836 0.9999131 0.007716298 -0.01068824 0.9999131 0.007716417 -0.008844912 0.9999586 -0.002139389 -0.02184289 0.9997475 -0.005284249 -0.04990714 0.9987498 0.002877533 0 1 2.01374e-6 -0.008712947 0.9999598 -0.002107322 0 1 3.19836e-6 -0.3579598 4.0598e-4 -0.9337369 -0.6909959 9.63195e-4 -0.7228581 -0.885752 0.004208862 -0.4641398 -0.8858486 0.004210591 -0.4639555 -0.8858467 0.004182577 -0.4639592 -0.9967411 0.002530336 0.08062827 0.01823604 0.9998314 -0.002144992 9.07879e-4 0.9999362 0.01125854 9.08101e-4 0.9999363 0.01125878 8.75069e-4 0.999936 0.01128196 8.74512e-4 0.9999361 0.01128113 -0.008240759 0.9998898 0.01235485 0.2632058 0.1064125 0.9588531 0.1453223 0.1959656 0.969783 0.065521 0.253642 0.9650766 0.02684366 0.2269539 0.9735356 0.06543725 0.2536934 0.9650688 0.02671289 0.2270969 0.9735057 -0.09486907 0.3607389 0.9278294 -0.8007487 -0.009584903 -0.5989238 -0.8151727 -0.02910441 -0.5784864 -0.9277073 0.009623706 -0.3731843 -0.9699218 0.01965796 -0.2426219 0.9746933 0.2050713 -0.08898717 0.929672 0.1065 -0.3526583 0.8013375 0.153563 -0.5781667 0.8012719 0.1535033 -0.5782735 0.8012441 0.1535231 -0.5783067 0.6257101 -0.1065403 -0.7727459 0.9708446 -0.02614891 -0.2382798 0.9999374 0.01091206 -0.002478599 0.9998158 0.0178157 -0.00714153 0.2654866 0.01728171 -0.9639598 0.1251766 -3.03923e-4 -0.9921344 -0.04610764 0.006703019 -0.9989141 -0.2029275 0.001048326 -0.9791932 -0.04629302 0.006669521 -0.9989057 -0.203075 0.001060962 -0.9791626 -0.3817014 0.01994842 -0.9240704 0.1298468 -0.5910738 -0.7960978 0.05994701 -0.3008459 -0.9517869 0.07430607 -0.1577218 -0.984684 0.04022252 0.0727967 -0.9965354 0.09711045 0.1219318 -0.9877765 -0.9277399 0.009605944 -0.3731036 -0.999563 -0.02909338 -0.005223929 -0.9606405 -0.01555031 0.2773591 -0.8536148 0.04052609 0.519326 -0.9605866 -0.0156784 0.2775386 -0.714114 0.01368242 0.6998958 0.002237617 0.9999948 0.002355337 -0.009179711 0.9999214 0.008549213 -0.003076612 0.9999912 0.002851784 -0.01126849 0.9999169 0.006285488 0 1 -5.86611e-6 0 1 -3.00445e-5 -0.003074347 0.9999912 0.002858519 -0.003054261 0.9999913 0.002839922 -0.008647441 0.0366773 0.9992898 -0.05190628 -0.05804795 0.9969636 -0.03086584 -0.2428805 0.969565 -0.01562339 -0.2633939 0.9645619 -0.03284758 -0.2431055 0.9694436 -0.01555031 -0.2633717 0.9645691 0.01720899 -0.212399 0.9770315 0.02048945 -0.01288419 0.9997072 0.9785346 -0.005103886 0.2060194 0.8607636 -2.82844e-4 0.5090051 0.7017957 -0.002317011 0.7123746 0.5057942 -0.005038797 0.8626396 0.7016526 -0.002293646 0.7125155 0.210936 0.001628875 0.9774985 0.9728121 -0.1523021 0.1744727 0.8366153 -0.01013582 0.5476971 0.862482 -0.2807922 0.4210471 0.6307903 -0.1573495 0.7598322 0.3633522 -0.01209789 0.9315733 0.00376302 -0.111037 0.9938092 0.7955863 -0.01999318 0.6055105 0.8131399 -0.04335206 0.5804518 0.9273822 -0.005837619 0.3740698 0.9708262 0.001861751 0.2397776 -0.02358013 -0.02328681 0.9994508 -0.07671302 0.01586341 0.9969271 -0.07669472 0.01585072 0.9969286 -0.1294474 0.05485236 0.990068 0.9993044 -0.01441371 -0.03439605 0.9990811 -0.03309571 -0.02723371 0.9899796 0.1404201 -0.01491641 0.9983266 0.05758672 -0.005270361 0.9899564 0.1405866 -0.01488977 0.9983208 0.05769348 -0.005221128 0.9980574 0.06192886 0.00681585 0.9990689 -0.0296303 0.0313614 0.9996933 -0.005914092 0.02405029 0.9998418 -0.00244069 0.01762735 0.9917784 -0.1279647 -7.99221e-4 0.07969862 0.7545239 -0.6514154 0.07794761 0.5430874 -0.8360504 -0.06670415 0.2206979 -0.9730586 -0.06666344 0.2205641 -0.9730917 -0.03796851 0.3424529 -0.9387675 -0.03063029 -0.004695773 -0.9995198 -0.1175863 -0.01804912 -0.9928987 0.7952572 0.01309823 0.6061308 0.8465526 -0.005317151 0.5322786 0.8796585 3.85406e-4 0.4756059 0.9427604 -0.01234668 0.3332426 -0.04235541 0.9990149 0.01324629 0.06487905 0.9939085 0.08908909 -0.01587158 0.9998574 0.005782306 0.1380563 0.9695283 0.2023742 0.0178014 0.9997355 -0.01456427 -0.280884 -0.03031754 -0.9592629 -0.5252794 -0.04576814 -0.8496981 -0.8215711 0.01377791 -0.5699396 -0.8216457 0.01378303 -0.569832 -0.7244038 0.007357835 -0.6893367 -0.9237047 -0.02052938 -0.3825548 -0.9526717 0.02509886 -0.3029632 0.3823716 0.859551 0.3390637 0.1759979 0.9718979 0.1563308 0.2594092 0.9432327 0.2074108 0.2020943 0.9479851 0.245931 0.6681265 0.4965898 0.554081 0.5085834 0.5052288 0.6971993 0.3688912 0.7172492 -0.5911623 0.03687781 0.8874959 -0.4593377 0.3284649 0.9175152 -0.2242245 0.1185588 0.9788734 -0.1665858 0.1205576 0.9562463 -0.2665691 -0.01424205 0.9722337 0.2335786 0.006378114 0.9332165 0.3592583 0.798664 -0.6012175 -0.02594828 0.800538 -0.5988404 -0.02300983 0.800538 -0.5988403 -0.02300995 0.80058 -0.5987864 -0.02294886 0.8005799 -0.5987866 -0.0229485 0.9668538 -0.1570459 -0.2013213 0 1 -1.49334e-7 0 1 -6.55652e-6 0 1 5.91576e-6 0.5627108 0.004921197 -0.8266392 0.4723384 0.003334999 -0.881411 0.03861618 9.16691e-4 -0.9992538 0.03840017 8.53738e-4 -0.9992622 0.03839832 8.50247e-4 -0.9992622 -0.2517224 -0.02035498 -0.9675854 -0.2724472 -0.06181174 -0.9601833 -0.1742742 -0.07016384 -0.9821943 -0.1280832 0.02265906 -0.9915046 -0.1050509 0.1208057 -0.987102 -0.1280269 0.0228461 -0.9915076 -0.1049556 0.1209128 -0.9870991 -0.03211003 0.2070215 -0.9778094 0.01043778 0.9999438 0.001869797 0.003926098 0.9999316 0.01101845 0.00153166 0.9999895 0.004345893 -0.01184284 0.9998952 0.008331716 0 1 1.21933e-5 0 1 1.78406e-5 0.6059491 -0.00778377 0.7954655 0.535347 -4.69455e-4 0.8446322 0.3849682 0.002111375 0.9229274 0.4604091 0.006818652 0.8876807 -0.01155024 0.999923 0.004553914 -0.07281285 0.9973454 8.24755e-4 -0.08276963 0.9965581 -0.004587531 -0.07596725 0.9971067 -0.002715051 -0.01302206 0.9999119 0.002566456 -0.01274675 0.9999079 0.004678666 -0.04585671 0.998941 0.003766477 -0.0075019 0.9998719 0.01414483 -9.18015e-4 0.9999291 0.01187878 -0.006906747 0.9999284 0.009777069 -0.07279419 0.9973466 8.32684e-4 0.03734374 0.9989438 -0.02677136 0.01867932 0.9997359 -0.0133897 0.01244884 0.9998827 -0.008924424 0 1 -1.43026e-7 -2.70956e-5 0.9999997 8.62322e-4 -0.02639406 0.9989628 -0.03710699 -0.01320362 0.9997406 -0.0185635 -0.008788645 0.9998851 -0.01235395 -0.02290034 0.9997375 -7.47459e-4 0.1646519 -0.9857141 -0.03546333 0.4411766 -0.8767213 -0.1916327 0.1568151 -0.9562425 -0.247001 0.2195121 -0.7803798 -0.5855098 0.2124744 -0.7886897 -0.5769084 0.1639313 0.2622671 0.9509692 0.3812885 0.05220961 0.9229806 0.3812421 0.05221468 0.9229996 0.3813884 0.05211299 0.9229449 0.3814179 0.05208629 0.9229342 0.5637196 -0.1628503 0.8097531 0.6319721 0.01059859 -0.7749186 0.5708112 -0.001303553 -0.8210805 0.4232578 0.004536211 -0.9059979 0.4232315 0.004500567 -0.9060103 0.5707722 -0.001303255 -0.8211073 0.3063743 0.00127691 -0.9519103 0.4230767 0.004484713 -0.9060828 -0.010553 -0.006052315 -0.999926 -0.2881473 -0.001500904 -0.957585 0.8330899 0.01596963 0.5529071 0.9101449 0.004013955 0.4142708 0.9345913 0.001580774 0.3557201 0.9680901 -0.00563687 0.2505391 0.9718238 -0.003261804 0.2356863 0.08682453 -0.9950236 -0.04888284 0.04346287 -0.9988528 -0.02010232 0.1567278 -0.9562999 -0.246834 -0.04005759 -0.9991255 0.01199358 0.02807962 -0.972318 -0.2319686 -0.04007637 -0.9991247 0.01199364 0.08212757 -0.9610256 -0.2639792 0.389271 -0.002620756 0.9211195 0.6451104 -4.39158e-4 0.7640892 0.5924245 -3.18424e-4 0.8056259 0.5371978 -3.09513e-4 0.8434562 0.5361523 -9.77207e-4 0.8441208 0.4164584 0.005805432 0.9091362 0.03178125 -0.004244387 0.9994859 0.3786315 -7.00252e-4 0.9255473 0.9942936 -0.08490645 -0.06458491 0.9689856 -0.01514035 -0.246653 0.9668565 -0.1569753 -0.2013634 0.9360204 0.1641309 -0.3113308 0.9479403 0.2645991 -0.177191 0.9478944 0.2647619 -0.1771929 0.8444049 0.3642405 -0.3928221 0.8888831 0.399963 -0.2234201 0.9479538 0.2646371 -0.1770618 0.9754738 0.1971679 -0.09785509 0.999732 0.02210909 -0.006875753 0.997704 -0.05630451 -0.03763812 0.9997397 -0.02279925 -9.13709e-4 0.9779466 -0.0477342 0.2033272 0.9728505 -0.1521905 0.1743561 0.4344679 0.01678502 -0.9005309 0.3435069 0.00884658 -0.9391085 0.436345 2.80526e-6 -0.8997794 0.6011104 -0.003254711 -0.7991594 0.7453008 -0.005128383 -0.6667087 0.8566784 0.006359577 -0.5158117 0.5867003 0.01242125 0.8097089 0.5185444 0.01337158 0.8549463 0.8168463 0.001984357 0.576852 0.8818818 0.002454578 0.4714644 0.518617 0.01335895 0.8549023 0.9090932 -6.82637e-4 0.4165924 0.4904355 0.01966249 -0.8712556 0.326205 0.008764564 -0.9452585 0.298519 0.002105772 -0.9544014 0.4223752 0.002146124 -0.9064186 0.5523079 0.004437863 -0.8336285 0.9511963 -0.02049851 0.307905 0.8063819 -1.26428e-4 0.5913951 0.8064113 -1.31976e-4 0.5913552 0.7806273 0.004093885 0.6249835 0.5939266 0.01228475 0.8044255 0.4945398 -2.67616e-4 0.869155 0.3044596 -0.006681501 0.9525018 0.4945486 -0.01046097 0.8690871 -0.6872379 5.97277e-4 0.7264323 -0.8308698 6.87917e-4 0.5564665 -0.954496 0.01050865 0.2980384 -0.9545277 0.01052814 0.2979366 -0.8653206 0.001203775 0.5012174 -0.9934024 -0.001123607 0.1146764 -0.9981123 0.02619314 0.05554944 0.00504446 0.9958043 -0.0913701 0.009096086 0.9991957 -0.03905528 0.006061494 0.9996998 -0.02374064 0.004350483 0.9999678 0.006747066 -0.003109931 0.9999952 -2.03127e-4 -0.008062958 0.9999675 -5.61423e-5 -0.01199346 0.9999282 1.15811e-4 -0.01462298 0.9998629 0.007765233 0.4120617 -0.5813206 0.7016208 0.2185202 -0.1309875 0.9670012 0.6006526 -0.1314524 0.7886297 0.666083 -0.06189841 0.7433048 0.2185795 -0.1309741 0.9669895 0.367414 -9.08213e-4 0.9300572 0.7864058 -7.31138e-4 0.6177099 0.9733077 -0.1257429 0.1919922 0.8016145 -1.9809e-5 0.5978414 0.7002556 -0.09613132 0.7073902 0.6059281 -7.55345e-6 0.7955195 0.7096878 4.82053e-6 0.7045163 0.1193631 0.001368582 0.9928498 0.135513 -0.04191035 0.9898888 0.1264976 -0.1097763 0.9858741 0.2371346 -0.532064 0.8128192 0.9452537 0.03339058 0.324624 0.986406 -8.04632e-4 0.1643245 0.9850502 -0.1285898 0.1146335 0.9653193 -0.1007178 0.2408622 0.9850441 -0.1287193 0.1145409 0.7980374 -0.5306693 0.2855285 0.9183794 4.16559e-5 0.3957011 0.8123115 -0.1865804 0.5525738 0.9776645 -4.40238e-4 0.2101711 0.9985435 -4.57285e-4 -0.0539512 -0.1409246 -0.8125885 -0.5655442 -0.2544587 -0.7294597 -0.6349327 -0.2535009 -0.7501527 -0.6107441 -8.50026e-4 -0.9976875 0.06796371 0.02785813 -0.9765077 -0.2136741 -0.946272 -0.2465316 -0.2092648 -0.8823825 -0.3132141 -0.3511384 -0.9450122 -0.1705964 -0.2790144 -0.5408641 -0.0714361 -0.8380711 -0.4377937 -0.1269397 -0.8900691 -0.6086942 -0.2756299 -0.743989 0.07268613 -0.9746925 -0.2114036 -0.1138672 -0.9545055 -0.2755966 -0.1235423 -0.865751 -0.4849871 0.6865842 0.2462692 -0.6840714 0.4424414 0.4449603 -0.7786244 0.6010296 0.1927171 -0.7756441 -0.9610772 0.06780272 -0.2678313 -0.1234732 -0.8657415 -0.4850218 0.09210425 -0.7869772 -0.6100686 0.2297613 -0.6593759 -0.7158445 -0.9964281 -0.08272999 -0.01693302 -0.9314458 -0.3638801 0 -0.9798009 -0.1302907 -0.1517061 0.1301646 -0.00381416 0.9914851 0.4763861 -0.234859 0.8472884 0.3664938 -2.67622e-4 0.9304205 -0.1096187 0.813453 -0.5712077 -0.2085249 0.9173725 -0.3390355 -0.02890467 0.925002 -0.3788613 0.8197034 -0.0161724 -0.5725598 0.9116426 -0.02206152 -0.4103917 0.7012318 -0.02922511 -0.712334 -0.230523 -0.04075628 -0.972213 0.7814922 0.08531135 -0.6180551 0.9461635 0.08076584 -0.3134509 0.8197876 -0.01614308 -0.5724403 0.6792812 -0.3229776 0.6589861 0.8623411 -0.0226038 0.505823 0.8063154 0.01489329 0.5912983 -0.6852611 -0.247033 -0.6851219 -0.4427174 -0.4446581 -0.7786402 -0.6014977 -0.1916424 -0.7755475 0.220244 -0.5170298 -0.8271474 0.2102 -0.7918304 -0.5734289 -0.1407874 -0.8126118 -0.5655449 0.4915143 -0.5305554 -0.6905973 0.3514682 -0.3516071 -0.8676651 0.7409502 -0.174045 -0.6486148 -0.2562663 -0.8985905 0.3561778 0.1622493 -0.89036 0.4253638 -0.1368243 -0.68402 0.7165164 0.8645244 -0.3711577 0.3388802 0.9850347 -0.1286919 0.114652 0.8018194 -0.2663148 0.5349413 -0.05903261 -0.9980949 0.01793998 -0.9713726 0.1808736 -0.1540136 -0.9504145 0.1354892 -0.2799196 0.3524119 -0.7211503 0.5964462 0.797953 -0.5307571 0.2856012 0.3494175 -0.8847647 0.3083812 0.9623295 -0.06812417 -0.2632133 0.9623551 -0.0681191 -0.263121 0.9623294 -0.06812417 -0.2632133 0.2324637 0.04086166 -0.9717463 0.9963758 0.003939211 -0.08497023 0.9986288 0.03857517 0.03539299 0.998677 -0.05112975 0.005494356 0.9563891 -0.04313373 -0.2888935 0.9914191 -0.07908517 -0.1040856 0.9781364 -0.2069391 -0.02063089 0.9964369 0.08275461 -0.0162878 0.9314416 0.3638909 0 0.9800762 0.1300336 -0.1501399 0.9461908 0.08076274 -0.3133695 0.9992575 -0.01898968 -0.03352522 0.9964479 0.08261853 -0.01630973 0.9964435 0.08267486 -0.01628965 0.9992577 -0.01898819 -0.03352153 0.9999766 -0.003328025 -0.005975782 0.9999962 0 0.002787888 0.1096197 -0.8134559 -0.5712034 0.2085225 -0.9175953 -0.3384334 0.02901601 -0.9250767 -0.3786703 0.08635598 -0.9814597 -0.1711125 0.2286394 -0.8822478 -0.4115373 0.3073682 -0.6484601 0.6964369 0.1546135 -0.95269 0.2616804 0.2307854 -0.8439332 0.4842675 0.2299337 -0.8001909 0.5539179 0.3523211 -0.7212275 0.5964066 0.2273924 -0.7591596 0.609893 0.2273863 -0.7591399 0.6099198 -0.1168333 -0.9547859 0.2733752 -0.01793217 -0.9889134 0.1474067 0.01071566 -0.9961819 0.08664268 0.1280001 -0.9912006 -0.03372585 0.1175171 -0.9926936 -0.02737331 0.05005931 -0.998086 0.03631156 0.2717018 -0.953031 -0.133829 0.1087394 -0.9343775 -0.3392853 0.03072726 -0.993141 -0.1128137 4.28699e-4 -0.9946987 -0.1028326 -0.1296378 -0.9911785 0.02755898 -0.08895581 -0.9955437 0.03129935 0.01183921 -0.9996972 0.0215736 -0.3076868 -0.942053 0.1336601 -0.05008763 -0.9980858 -0.03627771 0.004976451 -0.489417 -0.8720358 0.004814028 -0.3578634 -0.9337615 0.04320937 -0.8675476 -0.4954736 0.06838268 -0.2388755 -0.9686394 -0.0819714 0.1561396 -0.9843278 0.08156859 -0.1560313 -0.9843784 -0.06906205 0.2388732 -0.9685918 -0.04953247 -0.1730384 -0.9836688 -0.06918573 0.2388733 -0.968583 -0.1913512 0.008540987 -0.9814845 0.04899233 0.1730079 -0.9837012 0.06844425 -0.2388547 -0.9686402 0.1888301 -0.008615553 -0.981972 -0.3273351 -0.5533667 -0.7659225 -0.3318881 -0.5659615 -0.7546774 -0.1963499 -0.147926 -0.9693115 -0.5883542 -0.2799655 -0.7585901 -0.9515952 -0.2273024 0.2068824 -0.9734649 -0.1257765 -0.1911713 -0.8118917 -0.5552557 -0.1803417 -0.7574023 -0.3463103 -0.5535442 -0.8118469 -0.5552897 -0.1804384 -0.6639775 -0.2361385 -0.7094875 -0.3970654 -0.6620604 -0.6356218 -0.7293075 -0.1787447 0.6604249 -0.6608043 -0.6110964 0.4357738 -0.7664487 -0.6205169 0.1658772 -0.4157063 -0.8943666 0.1652173 -0.8118451 -0.5553256 -0.1803363 -0.3406703 -0.9295804 -0.1407985 0.1258919 -0.6357371 0.7615704 0.1543295 -0.2538843 0.9548431 -0.1023939 -0.614584 0.7821778 -0.127516 -0.4690044 0.873942 0.1544225 -0.2537428 0.9548657 -0.2765545 -0.1858758 0.942851 -0.1025019 -0.6146305 0.7821271 -0.4461141 -0.6283301 0.6373254 -0.06540423 4.88536e-4 0.9978588 0.1300028 -0.003828227 0.9915063 0.6649093 -0.162338 0.7290694 0.2289732 0.02117776 0.9732024 0.1900653 -0.0186097 0.981595 0.2290841 0.0212059 0.9731757 0.543789 -0.03301364 0.8385725 0.7353418 8.96938e-4 0.6776959 -0.3805935 2.72554e-4 0.9247425 -0.6449795 -3.11778e-4 0.7641997 -0.9060758 1.79237e-4 0.4231154 -0.9992225 8.97471e-4 0.03941524 -0.9491189 -0.05278623 -0.3104625 -0.9662616 -0.003277838 -0.257542 -0.9923436 -4.36486e-6 -0.1235088 -0.8082118 -1.06274e-4 -0.588892 -0.7184109 -0.1888962 -0.6694804 -0.6052015 -0.205408 -0.7691157 -0.8081724 -3.10899e-4 -0.5889459 -0.2096613 -5.8702e-5 -0.9777742 -0.6051753 -0.2054507 -0.7691248 -0.2095012 -5.64996e-5 -0.9778085 -0.1963464 -0.1477679 -0.9693363 -0.124767 0.04394918 -0.9912123 -0.09195536 -0.1436375 -0.985349 -0.8867912 -0.00250554 -0.4621638 -0.9662249 -0.003214836 -0.2576802 -0.8660585 -0.009398579 -0.4998544 -0.7049453 -0.04504925 -0.7078297 -0.04636406 -6.122e-4 -0.9989244 -0.3660579 -0.001025259 -0.9305915 -0.1770038 -0.08027052 -0.9809314 -0.3662496 -0.00101763 -0.9305161 -0.5996189 -0.1790265 -0.7800045 -0.7852835 -8.31728e-4 -0.6191357 -0.6803423 -0.1609958 -0.7149928 -0.785389 -8.19569e-4 -0.6190021 -0.9449761 -0.1705922 -0.2791388 -0.9860054 -8.66666e-4 -0.1667115 -0.2552503 -0.7081051 -0.6583575 -0.915524 -0.1190247 -0.3842512 -0.9856892 -0.1266774 -0.1112191 -0.3048107 0.9523758 -0.008430421 -0.3131716 0.9496881 0.004009842 -0.3131163 0.9497067 0.003926873 -0.3214389 0.9467878 0.01643228 0 0.8662633 -0.4995878 0.3674701 0.002397537 -0.9300323 0.7074393 -0.02645593 -0.7062788 0.7074949 -0.02652257 -0.7062206 0.730269 -0.05369603 -0.6810463 0.4423441 0.4451217 -0.7785875 0.3816589 0.6785037 -0.6276698 -0.04302579 0.867439 -0.4956798 -0.02875721 0.9250358 -0.3787902 0.2208025 0.8521017 -0.4745199 0.09142994 0.8629539 -0.4969419 -0.04309117 0.8674223 -0.4957035 -0.005521655 0.4893888 -0.8720483 -0.005272448 0.3578299 -0.933772 -0.9208045 -0.2042378 -0.3322739 -0.5053877 -0.5910443 -0.6286891 -0.6924535 -0.452782 -0.5616909 -0.5550121 -0.342058 -0.7582598 -0.3639006 -0.6641806 -0.6530242 -0.4687498 -0.3551506 -0.8087903 -0.9998555 0.01651352 0.004033982 -0.9475023 -0.03248083 -0.318095 -0.9842371 -0.1036824 -0.1432737 -0.7943009 -0.08222192 -0.601935 -0.9602398 -0.2709512 -0.06726896 -0.9731811 -0.2249076 -0.04832381 -0.996446 -0.08364254 -0.009961903 0.03182029 0.9991846 -0.02485531 -0.07864969 0.9679488 -0.2385149 0.009786605 0.999935 -0.005859732 -0.08618628 0.9815021 -0.1709553 -0.9200159 1.32139e-4 -0.3918809 -0.8284315 -0.0942434 -0.5521047 -0.9794653 -4.12416e-4 -0.2016125 -0.985706 -0.1265258 -0.1112428 -0.9982853 -4.75844e-4 0.0585345 -0.9672368 -0.07655256 -0.2420596 -0.9860287 -8.52246e-4 -0.166574 -0.1409276 -0.8126094 -0.5655133 -0.1139497 -0.9544691 -0.275689 -0.3638739 -0.6642208 -0.6529982 -0.2426989 -0.7975912 -0.5522189 -0.004001319 0.009806394 0.999944 -7.35054e-4 0.03692883 0.9993177 -7.34537e-4 0.03692132 0.9993179 0.002449989 0.06407755 0.997942 0.3672555 -9.19085e-4 0.9301196 0.1265661 -0.1097251 0.9858709 -0.1193614 0.002185881 0.9928486 -0.1195254 0.002199232 0.9928288 -0.05523794 -0.03024959 0.998015 0.1192698 0.001333892 0.992861 -0.4425831 -0.4447843 -0.7786445 -0.3817954 -0.6784335 -0.6276626 0.04316788 -0.8675597 -0.4954563 0.0288695 -0.925113 -0.3785929 -0.220506 -0.852298 -0.4743051 -0.0912891 -0.8630174 -0.4968575 -0.4804666 0.008173048 0.876975 -0.7544712 -0.05006015 0.6544213 -0.5867425 -0.01433956 0.8096466 -0.7603176 -0.05592542 0.6471397 -0.1139208 -0.954496 -0.2756076 0.06037205 -0.9980387 -0.01655739 0.03945779 -0.9991829 0.008752405 0.07554858 -0.9889818 0.1273089 0.06044155 -0.9980348 -0.01653873 0.2307953 -0.8439692 0.4842 0.2017262 -0.9544285 0.2199383 -0.1407133 -0.9848141 0.10169 0.07543516 -0.9889892 0.1273182 -0.1407485 -0.9848092 0.1016892 -0.1596083 -0.969124 -0.1879466 -0.03637796 -0.9971854 -0.06555873 -0.04161149 -0.9948627 -0.09228646 -0.03704661 -0.9993125 -0.001501262 -0.03732544 -0.998824 0.03094255 -0.02713167 -0.9833608 0.1796261 -0.03506273 -0.9992881 -0.01393014 0.1725977 -0.9842399 -0.03849458 0.1682269 -0.9843541 -0.05241125 0.267793 -0.9608599 -0.07095974 0.1601332 -0.9838836 -0.07956403 -0.03168833 -0.9991887 -0.02485722 0.07873409 -0.9680005 -0.2382776 -0.009785234 -0.999935 -0.00586754 0.08629238 -0.9814938 -0.1709486 -0.7806633 -0.1783605 0.5989594 -0.732955 -0.1368358 0.666373 -0.7329485 -0.1368476 0.6663777 -0.7329005 -0.1368041 0.6664395 -0.7329038 -0.1367993 0.6664367 -0.6788002 -0.09420537 0.7282553 0.904968 0.005341291 0.4254462 0.8558906 0.1870782 0.4821339 0.9175105 0.1183252 0.3797022 0.6999363 0.05404567 0.7121576 0.0712518 -0.9846381 -0.1594088 0.05086952 -0.9978158 -0.04214245 0.05086505 -0.9978185 -0.04208576 0.03015273 -0.996654 0.07597112 -0.03347527 0.0285862 -0.9990307 -0.01955771 0.0128417 -0.9997264 -0.02017372 -0.2836412 -0.9587183 0.02898418 -0.4093745 -0.911906 0.009224176 -0.6770097 -0.7359163 0.2058129 -0.7823444 -0.5878593 0.1000225 -0.9411022 -0.3229895 0.2101952 -0.9691802 -0.1284828 -0.00610274 -0.9999582 -0.006816029 -0.03943639 -0.8892974 -0.4556258 -0.05708861 -0.6497467 -0.758004 -0.7806417 -0.08464968 -0.6192196 -0.9455555 -0.0809769 -0.3152261 -0.8176423 0.0162242 -0.5754981 -0.817546 0.01624035 -0.5756343 -0.9106128 0.02182167 -0.4126842 -0.7013438 0.02949625 -0.7122127 -0.1962757 0.02304798 -0.9802778 -0.6813358 0.02584284 -0.7315147 -0.7013044 0.02949976 -0.7122514 -0.7720596 -0.01308953 -0.6354154 -0.7805985 -0.08466488 -0.6192721 0.1962673 -0.02279651 -0.9802855 0.6801385 -0.02548801 -0.7326406 0.7011838 -0.02923482 -0.7123811 0.7709823 0.01331764 -0.6367174 0.7814254 0.08528232 -0.6181435 -0.08627241 0.9814742 -0.1710717 -0.2284783 0.882024 -0.412106 0.9535593 -0.04140317 0.2983463 0.9835311 -0.02982062 0.1782619 0.9992878 0.002762675 -0.03763335 0.9920642 0.003597021 0.1256811 0.9733121 -0.1258797 0.19188 0.9262919 -1.17682e-4 0.3768067 0.9521529 -0.225898 -0.2058516 0.8481383 -0.4687839 -0.246786 0.892935 -0.4342107 0.1188613 0.9082591 -0.1790041 0.3781837 0.7571848 -0.4900828 -0.4318451 0.7409983 -0.1739649 -0.6485814 0.9062132 1.29433e-4 -0.4228211 0.655665 8.90303e-6 -0.755052 0.4524385 -0.1224056 -0.8833552 0.3044285 -3.24841e-4 -0.9525352 0.9987471 -0.03710561 -0.03357905 0.9447578 -0.06716948 -0.3208131 0.79505 -0.01599025 -0.6063331 0.7949562 -0.01599645 -0.606456 0.8479418 -0.005739629 -0.5300583 0.6681044 -0.03065687 -0.7434358 0.6738818 -0.03540086 -0.7379906 0.1040106 0.1499328 -0.98321 -0.001028418 0.5759732 -0.8174681 -0.007777154 0.301091 -0.9535637 -0.1007282 0.1507386 -0.9834286 -0.004781186 -3.18506e-4 -0.9999886 -0.09535574 8.24213e-4 -0.9954429 -0.3687959 -2.32085e-4 -0.9295104 -0.09549832 8.33198e-4 -0.9954293 -0.3760468 -1.14441e-4 -0.9266007 -0.7023897 -1.58292e-5 -0.7117927 0.05005502 5.93257e-4 -0.9987464 -0.004246592 2.27003e-4 -0.9999909 8.07747e-5 0 -1 -0.0787118 -0.03322201 -0.9963437 0.05838358 -0.01906889 -0.9981122 -0.006982088 8.27962e-4 -0.9999753 0.007853388 6.67471e-4 -0.999969 0.1041007 0.1498541 -0.9832126 0.3042744 -3.11642e-4 -0.9525844 0.3924009 -0.2435082 -0.8869754 -0.01461899 -0.001841306 -0.9998915 -0.4802947 0.00820589 0.8770688 -0.4043341 -0.06471371 0.9123191 0.02903521 -0.05185675 0.9982324 0.4362017 -0.01729488 0.8996828 0.03468263 -0.06713497 0.997141 0.5596712 -0.07122427 0.8256485 -0.9455891 -0.08096939 -0.3151274 -0.9992101 0.01910048 -0.03484958 -0.9964431 -0.08253961 -0.01698493 -0.9964383 -0.08260208 -0.01695555 -0.9992111 0.01908707 -0.03482979 -0.9999657 0.003846585 -0.00734049 -0.9999962 0 0.002787888 0.8776834 0.001275539 0.4792395 0.6551303 -0.03425747 0.7547389 0.9629218 -0.03847134 0.2670238 0.7657423 -0.1163297 0.6325396 0.9835136 -0.02994 0.1783387 0.9285853 -0.06011396 0.3662182 0.9942747 -0.08160018 -0.06898778 0.7979711 -0.5306688 0.2857148 0.7047238 -0.1952021 0.6821001 0.680114 -0.4621108 0.5691209 0.5302772 -0.3779495 0.7589204 0.5756056 -0.2694528 0.772058 0.1544618 -0.2538756 0.954824 -0.2793668 -0.05536621 -0.9585868 -0.1575521 -0.02383154 -0.9872231 -0.3699705 -0.1202172 -0.9212327 -0.437671 -0.1267931 -0.8901504</float_array>
          <technique_common>
            <accessor source="#f_1-06vxh12-a00_lk3_1-mesh-normals-array" count="12426" stride="3">
              <param name="X" type="float"/>
              <param name="Y" type="float"/>
              <param name="Z" type="float"/>
            </accessor>
          </technique_common>
        </source>
        <vertices id="f_1-06vxh12-a00_lk3_1-mesh-vertices">
          <input semantic="POSITION" source="#f_1-06vxh12-a00_lk3_1-mesh-positions"/>
        </vertices>
        <triangles material="Surface_3_002-material" count="5239">
          <input semantic="VERTEX" source="#f_1-06vxh12-a00_lk3_1-mesh-vertices" offset="0"/>
          <input semantic="NORMAL" source="#f_1-06vxh12-a00_lk3_1-mesh-normals" offset="1"/>
          <p>1485 0 1486 1 1487 2 1487 2 1486 1 1488 3 1489 4 1490 5 1491 6 1491 6 1492 7 1489 4 1489 4 1492 7 1493 8 1489 4 1493 8 1494 9 1494 9 1493 8 1495 10 1494 9 1495 10 1496 11 1496 11 1495 10 1497 12 1496 11 1497 12 1498 13 1498 13 1497 12 1499 14 1498 15 1499 16 1500 17 1500 17 1499 16 1501 18 1500 17 1501 18 1502 19 1502 19 1501 18 1503 20 1502 19 1503 20 1504 21 1504 22 1503 23 1505 24 1503 23 1506 25 1505 24 1507 26 1508 27 1509 28 1500 29 1502 30 1504 30 1505 31 1500 32 1504 33 1510 34 1511 35 1512 36 1513 37 1514 38 1515 39 1516 40 1512 41 1509 42 1517 43 1518 44 1519 45 1520 46 1521 47 1522 48 1523 49 1524 50 1525 51 1526 52 1527 53 1528 54 1528 54 1527 53 1529 55 1528 54 1529 55 1530 56 1530 57 1529 58 1531 59 1530 60 1531 61 1532 62 1528 63 1533 64 1534 65 1535 66 1523 67 1536 68 1536 69 1523 70 1525 71 1536 69 1525 71 1537 72 1537 73 1525 74 1526 75 1537 73 1526 75 1538 76 1538 77 1526 52 1528 54 1538 78 1528 79 1539 80 1539 81 1528 82 1534 83 1540 84 1523 85 1535 86 1541 87 1542 88 1543 89 1543 90 1544 90 1545 90 1546 91 1547 92 1548 93 1549 94 1550 95 1551 96 1552 97 1553 98 1554 98 1552 99 1555 100 1553 101 1556 102 1555 103 1552 104 1557 105 1558 106 1535 107 1540 108 1535 109 1558 110 1559 111 1553 112 1560 113 1535 114 1561 115 1557 116 1562 117 1537 118 1538 119 1540 120 1563 121 1564 122 1536 123 1537 124 1565 125 1566 126 1567 127 1545 128 1541 129 1567 130 1568 131 1565 132 1535 66 1536 68 1569 133 1570 134 1571 135 1572 136 1573 137 1574 138 1575 139 1576 140 1577 141 1578 142 1579 143 1580 144 1570 145 1569 146 1581 147 1569 148 1582 149 1581 150 1583 151 1584 152 1585 153 1586 154 1584 155 1583 156 1587 157 1588 158 1582 159 1589 160 1534 161 1579 162 1581 163 1582 164 1590 165 1591 166 1592 167 1590 168 1590 169 1592 170 1593 171 1590 172 1593 173 1581 174 1581 175 1593 176 1570 177 1592 178 1594 179 1593 180 1593 180 1594 179 1570 181 1595 182 1596 183 1597 184 1562 185 1538 186 1539 187 1598 188 1599 189 1600 190 1601 191 1583 192 1602 193 1534 194 1589 195 1539 196 1591 197 1590 198 1603 199 1595 200 1556 201 1596 202 1577 203 1604 204 1575 205 1579 206 1575 207 1604 207 1578 208 1575 209 1579 210 1605 211 1606 212 1607 213 1608 214 1609 215 1610 216 1611 217 1612 218 1613 219 1614 220 1615 221 1616 222 1534 223 1580 144 1579 143 1617 224 1603 225 1618 226 1618 227 1603 228 1619 229 1620 230 1621 231 1622 232 1623 233 1624 234 1625 235 1625 235 1624 234 1626 236 1625 235 1626 236 1627 237 1627 237 1626 236 1628 238 1627 239 1628 240 1629 241 1629 241 1628 240 1630 242 1629 241 1630 242 1631 243 1631 243 1630 242 1632 244 1631 243 1632 244 1633 245 1633 245 1632 244 1634 246 1633 245 1634 247 1635 248 1636 249 1628 250 1637 251 1637 252 1628 253 1626 254 1637 252 1626 254 1638 255 1638 256 1626 236 1624 234 1628 257 1634 246 1630 242 1630 242 1634 246 1632 244 1635 248 1639 258 1633 245 1633 245 1639 258 1640 259 1633 245 1640 259 1631 243 1631 243 1640 259 1622 232 1641 260 1640 261 1639 262 1642 263 1643 264 1641 265 1641 266 1643 267 1620 268 1641 260 1620 269 1640 261 1640 259 1620 230 1622 232 1644 270 1514 271 1645 272 1616 273 1646 274 1600 275 1646 276 1617 277 1600 278 1647 279 1648 280 1649 281 1650 282 1651 283 1652 284 1645 285 1653 286 1644 287 1654 288 1655 289 1656 290 1645 291 1657 292 1658 293 1659 294 1660 295 1661 296 1662 297 1660 298 1663 299 1663 299 1664 300 1662 297 1662 297 1664 300 1665 301 1662 302 1665 303 1660 304 1666 305 1664 300 1667 306 1667 306 1664 300 1663 299 1664 300 1666 307 1665 301 1665 301 1666 307 1668 308 1573 309 1572 310 1669 311 1670 312 1671 313 1672 314 1671 315 1670 316 1673 317 1674 318 1675 318 1676 319 1676 320 1677 321 1674 322 1574 323 1678 324 1572 325 1679 326 1624 327 1680 328 1681 329 1679 330 1682 331 1682 332 1679 326 1680 328 1683 333 1684 334 1685 335 1686 336 1687 337 1688 338 1689 339 1635 340 1634 341 1690 342 1691 343 1692 344 1693 345 1694 346 1695 347 1696 348 1694 349 1697 350 1635 351 1689 352 1532 353 1698 354 1699 355 1700 356 1628 250 1636 249 1634 357 1701 358 1702 359 1703 360 1681 361 1704 362 1705 363 1706 364 1707 365 1708 366 1709 367 1699 368 1708 369 1709 370 1708 371 1707 372 1704 373 1681 374 1682 375 1682 376 1710 377 1704 378 1711 379 1712 380 1707 381 1713 382 1666 383 1714 384 1666 385 1713 386 1668 387 1578 388 1715 389 1716 390 1621 391 1620 392 1717 393 1718 394 1719 395 1720 396 1721 397 1718 398 1722 399 1722 399 1718 398 1720 400 1718 401 1721 402 1529 403 1723 404 1724 405 1725 406 1530 407 1533 407 1528 407 1726 408 1727 409 1728 410 1683 411 1685 412 1729 413 1725 414 1730 415 1723 416 1731 417 1635 418 1721 419 1530 420 1732 421 1533 422 1733 423 1734 424 1735 425 1736 426 1737 427 1738 428 1701 429 1739 430 1740 431 1733 432 1741 433 1742 434 1743 435 1744 436 1745 437 1735 438 1746 439 1733 440 1737 441 1736 442 1747 443 1748 444 1749 445 1750 446 1751 447 1752 448 1753 449 1754 450 1755 450 1756 450 1746 451 1735 452 1757 453 1733 454 1746 455 1741 456 1741 457 1746 451 1757 453 1741 457 1757 453 1758 458 1759 459 1760 460 1761 461 1762 462 1760 463 1763 464 1764 465 1750 466 1761 467 1759 468 1763 469 1760 470 1747 471 1765 472 1737 473 1694 474 1693 475 1766 476 1767 477 1768 478 1769 479 1767 480 1770 481 1765 482 1766 483 1697 484 1694 485 1695 486 1771 487 1693 488 1772 489 1773 490 1774 491 1696 492 1697 493 1772 494 1775 495 1776 496 1777 497 1703 498 1778 499 1701 500 1713 501 1714 502 1779 503 1780 504 1781 505 1782 506 1783 507 1784 508 1785 509 1708 510 1786 511 1706 512 1787 513 1788 514 1769 515 1789 516 1787 517 1710 518 1710 518 1787 517 1769 519 1710 518 1769 519 1790 520 1680 521 1684 522 1682 523 1682 524 1684 525 1683 526 1729 527 1791 528 1683 529 1650 530 1652 531 1791 532 1791 533 1652 534 1789 535 1791 536 1789 516 1683 537 1683 537 1789 516 1710 518 1683 537 1710 518 1682 538 1707 539 1706 540 1711 541 1792 542 1765 482 1770 481 1788 514 1792 543 1770 544 1793 545 1782 546 1794 547 1795 548 1796 549 1797 550 1798 551 1796 552 1799 553 1800 554 1801 555 1802 556 1803 557 1804 558 1805 559 1806 560 1807 561 1808 562 1809 563 1810 564 1811 565 1812 566 1813 567 1814 568 1815 569 1816 570 1817 571 1818 572 1796 573 1798 574 1819 575 1820 575 1821 575 1821 576 1822 576 1819 576 1823 577 1824 577 1825 577 1806 578 1826 579 1807 580 1827 581 1828 582 1821 583 1829 584 1830 585 1831 586 1832 587 1833 588 1834 589 1815 590 1834 591 1833 592 1835 593 1836 594 1837 595 1838 596 1825 597 1839 598 1840 599 1841 599 1842 599 1843 600 1844 601 1845 602 1846 603 1799 604 1847 605 1848 606 1808 607 1849 608 1798 609 1799 610 1845 611 1808 612 1848 613 1806 614 1845 615 1799 616 1843 617 1850 618 1851 619 1852 620 1852 621 1851 622 1853 623 1849 624 1854 624 1848 624 1855 625 1856 626 1857 627 1745 628 1738 629 1743 630 1858 631 1859 632 1860 633 1861 634 1862 635 1863 635 1864 636 1865 637 1866 638 1867 639 1868 640 1859 641 1869 642 1870 643 1871 644 1869 642 1871 644 1872 645 1872 645 1871 644 1873 646 1872 645 1873 646 1874 647 1874 647 1873 646 1875 648 1874 647 1875 648 1876 649 1876 649 1875 648 1877 650 1876 649 1877 650 1878 651 1878 651 1877 650 1879 652 1878 651 1879 652 1880 653 1880 653 1879 652 1881 654 1880 653 1881 654 1882 655 1882 655 1881 654 1883 656 1882 657 1883 658 1884 659 1885 660 1886 661 1887 662 1738 663 1745 664 1736 665 1888 666 1889 667 1865 668 1890 669 1891 670 1892 670 1760 671 1762 672 1893 673 1894 674 1895 675 1896 676 1895 677 1894 677 1897 677 1898 678 1899 679 1900 680 1750 681 1764 682 1748 683 1842 684 1869 685 1840 684 1901 686 1902 687 1734 688 1836 689 1903 690 1840 690 1904 691 1905 692 1906 693 1907 694 1908 695 1909 696 1905 697 1910 698 1911 699 1912 700 1905 701 1913 702 1913 703 1905 704 1911 705 1914 706 1915 707 1916 708 1917 709 1915 710 1914 711 1918 712 1829 713 1919 714 1920 715 1921 716 1922 717 1923 718 1800 719 1920 720 1920 715 1800 721 1924 722 1920 715 1924 722 1921 716 1921 716 1924 722 1925 723 1921 716 1925 723 1922 717 1922 717 1925 723 1926 724 1800 721 1918 725 1924 722 1924 722 1918 725 1919 726 1924 722 1919 726 1925 723 1749 727 1748 728 1927 729 1897 730 1928 731 1929 732 1930 733 1796 734 1931 735 1917 736 1932 737 1933 738 1859 739 1858 740 1867 741 1934 742 1935 743 1936 744 1937 745 1938 746 1939 747 1940 748 1939 749 1938 750 1941 751 1942 752 1943 753 1941 751 1943 753 1944 754 1944 754 1943 753 1945 755 1944 754 1945 755 1946 756 1946 756 1945 755 1947 757 1946 758 1947 759 1948 760 1948 760 1947 759 1949 761 1948 760 1949 761 1950 762 1950 762 1949 761 1951 763 1950 762 1951 763 1952 764 1952 764 1951 763 1953 765 1952 764 1953 765 1954 766 1954 766 1953 765 1955 767 1954 766 1955 767 1956 767 1957 768 1958 769 1959 770 1960 771 1961 772 1962 773 1916 774 1904 775 1914 776 1963 777 1928 778 1964 779 1965 780 1966 781 1967 782 1968 783 1969 784 1970 785 1971 786 1966 786 1907 786 1958 787 1957 788 1972 789 1928 778 1963 777 1973 790 1974 791 1975 792 1976 793 1977 794 1978 795 1979 795 1860 796 1980 797 1858 798 1981 799 1888 800 1853 801 1865 802 1864 803 1888 804 1932 805 1982 806 1983 807 1982 808 1932 809 1984 810 1862 811 1861 812 1985 813 1986 814 1987 815 1988 816 1894 817 1896 818 1989 819 1990 820 1991 821 1992 822 1993 823 1994 823 1995 823 1996 824 1997 825 1998 826 1995 827 1994 828 1999 829 2000 830 2001 831 2002 832 2003 833 2004 834 2005 833 2006 835 2007 836 2008 837 2009 838 2010 838 2011 838 1999 839 2012 839 1995 839 2001 840 2000 841 2013 842 2014 843 2015 843 2016 843 2017 844 2018 845 2019 846 2020 847 2021 848 2022 849 2023 850 2024 851 2025 852 1994 853 1993 854 2026 854 1975 855 2027 856 1976 857 2028 858 2029 859 2030 860 1908 861 1907 862 2031 863 2031 864 1907 865 1966 866 2032 867 1907 868 2033 869 2013 870 2034 870 2001 870 2035 871 2036 872 2037 873 2038 874 2039 874 1994 874 2040 875 2036 872 2035 871 2041 876 1994 877 2039 878 1815 879 1833 880 2043 881 2011 882 2042 882 2009 882 1967 883 2024 884 2044 885 2045 886 2030 887 2029 888 2029 889 2028 889 2046 889 1907 890 2032 890 1971 890 2047 891 2048 892 2049 893 2026 894 2038 894 1994 894 2050 895 2051 896 2052 897 2042 898 2011 898 2053 898 2054 899 2055 900 2006 901 2056 902 2006 902 2055 902 2027 903 2006 904 2056 905 2057 906 2058 907 2059 908 2010 909 2060 910 2009 909 2061 911 2062 912 2063 913 2060 914 2010 914 2064 915 2065 916 2066 916 2067 917 2040 918 2068 919 2069 920 2040 921 2069 922 2030 923 2065 924 2067 925 2070 924 2063 926 2071 927 2072 928 2073 929 2074 930 2072 931 2072 931 2074 930 2075 932 2072 931 2075 932 2063 933 2063 934 2075 935 2061 936 2074 930 2076 937 2075 932 2064 938 2077 938 2042 938 2035 939 2078 939 2040 940 1996 941 2048 942 2067 943 2079 944 2060 944 2064 945 2080 946 2081 947 2082 948 2083 949 2084 950 2085 950 2086 951 2087 952 2069 951 2048 953 2066 954 2067 955 2030 956 2045 957 2069 958 2069 959 2068 960 2086 961 2088 962 2089 963 2090 964 2077 965 2091 965 2053 965 2010 966 2009 967 2079 968 2064 969 2053 970 2091 971 2060 972 2079 973 2009 972 1996 974 2067 975 2070 976 2083 977 2092 978 2067 977 2059 979 2093 979 2057 979 2067 980 2066 981 2083 982 2094 983 2095 984 2096 985 2088 986 2097 987 2098 988 2066 989 2048 990 2083 991 2069 992 2086 993 2030 994 2068 995 2095 996 2086 997 2099 998 2100 999 2101 1000 2077 1001 2064 1002 2091 1003 2087 1004 2086 1004 2095 1004 2053 1005 2064 1005 2042 1005 2102 1006 2103 1007 2104 1008 2096 1009 2078 1009 2105 1009 2079 1010 2064 1011 2010 1011 2046 1012 2080 1013 2029 1014 2106 1015 2088 1016 2090 1017 2107 1018 2090 1019 2089 1020 2107 1018 2089 1020 2108 1021 2108 570 2089 1022 2109 570 2108 570 2109 570 2110 570 2108 570 2110 570 2111 570 2111 570 2110 570 2112 570 2111 1023 2112 1023 2113 1023 2113 1024 2112 1025 2114 1026 2113 1024 2114 1026 2115 1027 2115 1027 2114 1026 2116 1028 2115 1027 2116 1028 2117 1029 2117 1029 2116 1028 2118 1030 2117 1029 2118 1030 2119 570 2119 570 2118 1030 2120 570 2106 1031 2090 1032 2107 1033 2096 1034 2082 1035 2081 1036 2121 1037 2092 1038 2048 1037 2122 1039 2123 1039 2124 1039 2105 1040 2037 1041 2125 1041 2096 1042 2087 1043 2082 1043 2078 1044 2035 1045 2105 1046 2037 1047 2105 1048 2035 1049 2126 1050 2127 1051 2128 1052 1899 1053 2126 1050 2128 1052 2129 1054 2106 1055 2130 1056 2131 1057 2132 1057 2133 1057 2103 1058 2076 1059 2074 1060 2134 1061 2135 1062 2136 1063 2135 1064 2137 1065 2138 1066 2135 1067 2138 1068 2139 1069 2139 1069 2138 1068 2140 1070 2139 1069 2140 1070 2141 1071 2142 1072 2143 1073 2144 1074 2144 1074 2143 1073 2139 1075 2144 1074 2139 1075 2141 1076 2145 1077 2146 1078 2147 1079 2148 1080 1844 1081 1843 1082 1817 1083 2149 1084 2150 1084 2103 1085 2073 1086 2151 1086 2073 1087 2103 1088 2074 1089 2145 1090 2152 1091 2146 1092 2153 1093 2154 1094 2008 1095 2134 1096 2136 1097 2155 1098 2156 1099 2047 1100 2091 1101 2157 1102 2158 1103 2159 1104 2160 1105 2161 1106 2162 1107 2163 1108 2157 1109 2159 1110 2164 1111 2165 1112 1999 1113 2092 1114 2083 1115 2048 1116 2166 1117 2167 1118 2168 1119 2169 1120 2170 1121 2171 1122 2171 1123 2170 1124 2166 1125 2171 1126 2166 1127 2172 1128 2172 1129 2166 1117 2168 1119 2157 1130 2046 1131 2158 1132 2046 1133 2157 1134 2105 1135 2173 1136 2174 1137 2175 1138 2176 1139 2177 1140 2178 1141 2084 1142 2083 1143 2077 1144 2083 1145 2156 1146 2077 1147 2077 1148 2156 1149 2091 1150 2077 1144 2091 1151 2084 1142 2163 1152 2030 1153 2157 1154 2156 1155 2083 1156 2067 1157 2086 1158 2157 1159 2030 1158 2179 1160 2180 1161 2181 1162 2182 1163 2183 1163 2184 1163 2185 1164 2186 1165 2187 1166 2186 1167 2185 1168 2188 1169 2189 1170 2190 1171 2191 1172 2192 1173 2193 1174 2194 1175 2195 1176 2189 1177 2196 1178 2197 1179 2198 1180 2199 1181 2200 1182 2201 1183 2202 1184 2203 1185 2200 1186 2204 1187 2204 1187 2200 1186 2205 1188 2204 1187 2205 1188 2206 1189 2206 1189 2205 1188 2207 1190 2206 1189 2207 1190 2208 1191 2209 1192 2200 1182 2210 1193 2210 1193 2200 1182 2202 1184 2210 1193 2202 1184 2208 1191 2208 1191 2202 1184 2211 1194 2208 1191 2211 1194 2206 1189 2212 1195 2213 1196 2214 1197 2215 1198 2216 1199 2217 1200 2218 1201 2219 1202 2220 1203 2221 1204 2222 1205 2223 1206 2224 1207 2225 1208 2226 1209 2227 1210 2224 1207 2228 1211 2228 1211 2224 1207 2226 1209 2228 1211 2226 1209 2229 1212 2227 1210 2228 1211 2230 1213 2230 1213 2228 1211 2231 1214 2230 1213 2231 1214 2232 1215 2230 1213 2232 1215 2233 1216 2233 1216 2232 1215 2234 1217 2233 1216 2234 1217 2235 1218 2233 1216 2235 1218 2236 1219 2237 1220 2238 1221 2239 1222 2240 1223 2199 1224 2241 1225 2242 1226 2243 1227 2244 1228 2245 1229 2246 1229 2247 1229 2248 1230 2249 1231 2250 1232 2251 1233 2249 1234 2248 1235 2252 1236 2229 1237 2226 1238 2252 1236 2226 1238 2253 1239 2253 1239 2226 1238 2225 1240 2253 1239 2225 1240 2254 1241 2254 1241 2255 1242 2253 1239 2254 1241 2256 1243 2255 1242 2255 1242 2256 1243 2236 1244 2255 1242 2236 1244 2257 1245 2257 1245 2236 1244 2235 1246 2257 1245 2235 1246 2258 1247 2258 1247 2235 1246 2234 1248 2258 1249 2234 1250 2259 1251 2260 1252 2261 1253 2262 1252 2197 1254 2199 1255 2240 1256 2249 1257 2263 1258 2264 1259 2265 1260 2266 1261 2267 1262 2266 1263 2265 1264 2182 1265 2268 1266 2269 1266 2270 1266 2271 1267 2201 1268 2200 1269 2272 1270 2273 1271 2274 1272 2272 1273 2274 1274 2275 1275 2276 1276 2277 1277 2278 1278 2278 1279 2277 1279 2279 1279 2275 1280 2016 1281 2272 1282 2280 1283 2281 1283 2282 1283 2283 1284 2284 1285 2285 1286 2286 1287 2287 1288 2285 1289 2288 1290 2289 1291 2290 1292 2259 1293 2234 1294 2232 1295 2289 1296 2288 1297 2272 1298 2289 1296 2272 1298 2291 1299 2291 1300 2272 1282 2016 1281 2291 1301 2016 1302 2292 1303 2293 1304 2294 1305 2295 1306 2211 1307 2286 1308 2285 1309 2233 1310 2296 1311 2284 1312 2286 1313 2201 1314 2297 1315 2294 1316 2298 1317 2295 1318 2298 1319 2294 1320 2299 1321 2300 1322 2290 1323 2301 1324 2287 1325 2283 1326 2285 1327 2302 1328 2303 1329 2304 1330 2305 1331 2306 1331 2307 1331 2308 1332 2309 1333 2310 1334 2311 1335 2312 1336 2313 1337 2306 1338 2305 1338 2314 1338 2315 1339 2308 1340 2316 1341 2317 1342 2318 1343 2319 1344 2229 1345 2252 1346 2320 1347 2321 1348 2301 1348 2322 1348 2308 1349 2315 1350 2323 1351 2301 1352 2321 1352 2324 1352 2325 1353 2326 1354 2327 1355 2303 1356 2325 1353 2304 1357 2304 1357 2325 1353 2327 1355 2328 1358 2295 1359 2298 1360 2329 1361 2207 1362 2205 1363 2330 1364 2331 1365 2302 1366 2332 1367 2333 1368 2334 1369 2335 1370 2213 1370 2336 1370 2314 1371 2337 1371 2306 1371 2309 1372 2308 1373 2338 1374 2338 1375 2339 1376 2309 1377 2283 1378 2287 1379 2340 1380 2340 1381 2287 1382 2341 1383 2205 1384 2342 1385 2329 1386 2296 1387 2236 1388 2256 1389 2236 1388 2296 1387 2233 1390 2343 1391 2311 1392 2313 1393 2310 1394 2316 1395 2308 1396 2302 1366 2344 1397 2330 1364 2310 1398 2345 1399 2316 1400 2346 1401 2303 1402 2269 1403 2302 1404 2269 1405 2303 1406 1908 1407 2347 1408 1909 1409 2303 1410 2333 1411 2348 1412 1810 1413 1809 1414 2349 1415 2350 1416 2351 1417 2352 1418 2353 1419 1809 1420 2354 1421 2355 1422 2356 1423 2357 1424 1805 1425 1804 1426 2358 1427 2359 1428 2360 1429 2361 1430 2360 1431 2362 1432 2361 1433 2363 1434 2364 1434 2365 1434 1801 1435 1800 1436 2366 1437 2355 1438 2357 1439 2367 1440 2368 1441 2369 1442 2370 1443 2368 1441 2370 1443 2371 1444 2371 1444 2370 1443 2372 1445 2371 1444 2372 1445 2373 1446 2373 1446 2372 1445 2374 1447 2373 1448 2374 1449 2375 1450 2376 1451 2377 1451 2378 1451 1800 1452 1923 1453 2379 1454 2362 1455 2380 1456 2381 1457 2382 1458 1821 1459 2383 1460 2382 1458 2383 1460 2384 1461 2384 1462 2383 1463 1838 1464 2384 1462 1838 1464 2385 1465 2366 1466 2386 1467 1801 1468 2387 1469 1874 1469 1876 1470 2388 1471 2389 1471 2390 1471 2359 1472 2391 1473 2349 1474 2385 1475 2392 1476 2382 1475 2393 1477 2391 1478 2359 1479 2385 1480 2382 1481 2384 1482 1805 1483 2358 1483 2392 1484 2394 1485 2395 1486 2396 1487 2367 1488 2397 1489 2355 1488 2356 1490 2355 1491 2397 1492 2398 1493 2399 1494 2378 1495 2400 1496 2401 1497 2402 1498 2403 1499 2404 1500 2405 1501 2406 1502 2407 1503 2408 1504 2409 1505 2410 1506 2406 1507 2411 1508 2412 1509 2413 1510 2413 1510 2412 1509 2409 1511 2413 1510 2409 1511 2414 1512 2414 1513 2409 1514 2406 1515 2414 1516 2406 1517 2415 1518 2411 1519 2413 1519 2268 1519 2268 1488 2413 1488 2269 1520 2394 1521 2412 1509 2416 1522 2416 1522 2412 1509 2411 1508 2417 1523 2394 1521 2418 1524 2418 1524 2394 1521 2416 1522 2410 1525 2409 1525 2412 1526 2412 1527 2396 1528 2410 1529 2396 1530 2412 1531 2394 1530 2404 1532 2403 1533 2419 1534 2420 1535 2421 1536 2422 1537 2423 1538 2424 1539 2425 1540 2374 1541 2426 1542 2375 1543 2427 1544 2428 1544 2386 1544 2427 1545 2386 1546 2429 1547 2377 1548 2430 1549 2431 1550 2424 1551 2423 1552 2432 1553 2425 1554 2433 1555 2423 1556 2406 1557 2434 1558 2435 1559 2436 1560 2423 1561 2433 1562 2437 1563 2410 1564 2396 1565 2438 1566 2439 1566 2440 1566 2396 1567 2441 1568 2437 1569 2442 1570 2443 1571 2399 1572 2399 1573 2398 1574 2442 1575 2406 1576 2444 570 2445 1577 2446 1578 2447 1579 2448 1580 2449 1581 2450 1582 2448 1583 2448 1583 2450 1582 2451 1584 2448 1583 2451 1584 2446 1585 2452 1586 2397 1587 2453 1588 2415 1589 2406 1557 2435 1559 2454 1590 2455 1591 2456 1592 2397 1593 2367 1266 2457 1266 2458 1594 2459 1595 2460 1596 2457 1597 2461 1598 2453 1599 2453 1600 2397 1601 2457 1602 2415 1603 2435 1604 2462 1604 2463 1605 2464 1606 2465 1607 2415 1608 2462 1609 2466 1609 2436 1610 1878 1611 1880 1612 1880 1612 2456 1613 2455 1614 1882 1615 1486 1616 1880 1612 1880 1612 1486 1616 2467 1617 1880 1612 2467 1617 2456 1613 2456 1613 2467 1617 2468 1618 1836 1619 1840 1620 1837 1621 1837 1621 1840 1620 1872 1622 1837 1621 1872 1622 2469 1623 2469 1623 1872 1622 1874 1624 2469 1623 1874 1624 2455 1614 2455 1614 1874 1624 2387 1625 1840 1620 1869 1626 1872 1622 2436 1627 2470 1628 2387 1625 2387 1625 2470 1628 2471 1629 2387 1625 2471 1629 2455 1614 2455 1614 2471 1629 2432 1630 2455 1614 2432 1630 1880 1612 1880 1612 2432 1630 2423 1631 1880 1612 2423 1631 2436 1610 1876 1632 2436 1627 2387 1625 2468 1633 2467 1634 2472 1634 2473 1635 2474 1636 2475 1637 2473 1638 2475 1639 2476 1640 2476 1640 2475 1639 2477 1641 2476 1640 2477 1641 2478 1642 2478 1642 2477 1641 2479 1643 2478 1642 2479 1643 2480 1644 2436 1645 1876 1646 1878 1645 2415 1647 2481 1648 2445 1649 1884 659 1883 658 2482 1650 1884 1651 2482 1652 2483 1653 2483 1654 2482 1655 2484 1656 2483 1654 2484 1656 2364 1657 2364 1657 2484 1656 2485 1658 2364 1657 2485 1658 2486 1659 2486 1659 2485 1658 2487 1660 2486 1659 2487 1660 1891 1661 1891 1661 2487 1660 2488 1662 1891 1661 2488 1662 1892 1663 1892 1663 2488 1662 2489 1664 1892 1663 2489 1664 2490 1665 2490 1665 2489 1664 2491 1666 2490 1665 2491 1666 2492 1667 2492 1667 2491 1666 1870 1668 2492 1667 1870 1668 1869 1669 2493 1670 2456 1671 2468 1672 2494 1673 2495 1674 2496 1675 2497 1676 2498 1677 2499 1678 2500 1679 2501 1680 2502 1681 2503 1682 2504 1683 2505 1684 2506 1685 2507 1686 2508 1687 2507 1688 2502 1689 2508 1688 2509 1690 2508 1691 2502 1692 2220 1693 2219 1694 2510 1694 2511 1695 2512 1696 2513 1697 2261 1698 2514 1699 2515 1700 2516 1701 2515 1702 2514 1703 2517 1704 2518 1705 2519 1706 2520 1707 2521 1708 2522 1709 2218 1710 2523 1711 2524 1711 2525 1712 2526 1713 2527 1714 2528 1715 2529 1715 2246 1715 2530 1716 2531 1717 2532 1718 2533 1719 2531 1720 2534 1720 2535 1721 2536 1722 2510 1723 2511 1724 2537 1725 2528 1726 2538 1727 2539 1728 2528 1729 2528 1726 2539 1730 2512 1731 2528 1726 2512 1731 2511 1724 2540 1732 2541 1732 2542 1732 2543 1733 2544 1734 2545 1735 2546 1736 2547 1737 2548 1738 2513 1739 2549 1740 2511 1741 2238 1221 2550 1742 2239 1222 2521 1743 2551 1744 2552 1745 2553 1746 2554 1747 2555 1748 2556 1749 2549 1750 2557 1751 2558 1752 2559 1752 2560 1752 2531 1753 2533 1754 2532 1755 2561 1756 2464 1756 2562 1756 2563 1757 2564 1758 2565 1759 2566 1760 2563 1757 2567 1761 2567 1761 2563 1757 2565 1759 2567 1761 2565 1759 2568 1762 2568 1762 2565 1759 2453 1763 1486 1764 1882 1764 1884 1764 2569 1765 2538 1766 2215 1767 2546 1768 2570 1769 2571 1770 2572 1771 2573 1772 1491 1773 1491 1773 1490 1774 2572 1771 2572 1771 1490 1774 2574 1775 2572 1771 2574 1775 2575 1776 2575 1776 2574 1775 1505 1777 2575 1776 1505 1777 2576 1778 2576 1778 1505 1777 2577 1779 2576 1778 2577 1779 2578 1780 2578 1780 2577 1779 2579 1781 2578 1780 2579 1781 2580 1782 1505 1777 1506 1783 2577 1779 2581 1784 2578 1780 1586 1785 1586 1785 2578 1780 2580 1782 1586 1785 2580 1782 1584 1786 1584 1787 2580 1788 2582 1789 1583 1790 2583 1791 1586 1785 1586 1785 2583 1791 2584 1792 1586 1785 2584 1792 2581 1784 2581 1793 2584 1794 2585 1795 2583 1796 2586 1797 2584 1798 2584 1794 2586 1799 2587 1800 2584 1794 2587 1800 2585 1795 2585 1795 2587 1800 2588 1801 1725 1802 2589 1803 2590 1804 2590 1804 2589 1803 2588 1805 2590 1804 2588 1805 1725 1802 1725 1806 2588 1801 2587 1800 1725 1807 2587 1808 2591 1809 2591 1810 2587 1800 2586 1799 2591 1811 2586 1812 2592 1813 1740 431 1739 430 1724 1814 1724 1815 1739 1816 2589 1817 1724 1818 2589 1819 1725 1820 1492 1821 1491 1822 2573 1823 2593 1266 2594 1824 2573 1823 2573 1823 2594 1824 2595 1825 2573 1823 2595 1825 1492 1821 2596 1826 1495 1827 2595 1828 2595 1825 1495 1829 1493 1830 2595 1825 1493 1830 1492 1821 2577 1831 2580 1832 2579 1833 1506 1834 1503 1835 2577 1831 2577 1831 1503 1835 1501 1836 2577 1831 1501 1836 2580 1832 2580 1832 1501 1836 1499 1837 2580 1832 1499 1837 2596 1838 2596 1839 1499 1266 1497 1840 2596 1841 1497 1842 1495 1843 2578 1844 2575 1845 2576 1846 2589 1488 2597 1488 2588 1488 2588 1847 2597 1847 2598 1847 2588 1488 2598 1488 2585 1488 2585 1848 2598 1848 2599 1848 2585 1488 2599 1488 2581 1849 2581 1850 2599 1851 2600 1852 2581 1853 2600 1854 2578 1855 2578 1844 2600 1856 2572 1857 2578 1844 2572 1857 2575 1845 2589 1488 1739 1858 2597 1859 2597 1859 1739 1858 1701 1860 2597 1859 1701 1860 2601 1861 1765 482 1792 542 1737 1862 1737 1862 1792 542 2602 1863 1737 1862 2602 1863 1738 1864 1738 1864 2602 1863 2603 1865 1738 1864 2603 1865 1743 1866 1743 1866 2603 1865 2604 1867 1743 1866 2604 1867 1778 1868 1778 1868 2604 1867 2605 1488 1778 1868 2605 1488 1701 1860 1701 1860 2605 1488 2606 1869 1701 1860 2606 1869 2601 1861 2607 1870 2608 1871 2609 1872 2610 1873 2611 1874 2608 1871 2608 1871 2611 1874 2612 1875 2608 1871 2612 1875 2609 1872 2609 1872 2612 1875 2613 1876 2609 1872 2613 1876 2614 1877 2615 1878 2616 1879 2617 1880 2618 1881 2619 1882 2615 1878 2615 1878 2619 1882 2610 1873 2615 1878 2610 1873 2616 1879 2616 1879 2610 1873 2608 1871 2616 1879 2608 1871 2607 1870 2620 1883 2613 1876 2612 1875 2609 1872 2614 1877 2607 1884 2607 1885 2614 1886 2621 1887 1520 1888 2622 1889 2618 1890 2623 1891 2622 1892 1522 1893 1522 1893 2622 1892 1520 1894 2624 1895 2601 1896 2625 1897 2601 1896 2624 1895 2597 1898 2597 1898 2624 1895 2626 1899 2597 1900 2626 1901 2598 1902 2598 1902 2626 1901 2627 1903 2598 1902 2627 1903 2628 1904 2628 1905 2627 1906 2618 1907 2628 1908 2618 1909 2622 1910 2625 1911 2611 1912 2624 1913 2624 1913 2611 1912 2626 1914 2619 1915 2618 1907 2627 1906 2628 1904 2595 1916 2598 1902 2598 1902 2595 1916 2594 1917 2598 1902 2594 1917 2599 1918 2599 1918 2594 1917 2593 1919 2599 1918 2593 1919 2600 1920 2600 1920 2593 1919 2573 1921 2600 1920 2573 1921 2572 1922 1521 1923 2629 1924 2630 1925 1521 1923 1520 1926 2629 1924 2629 1924 1520 1927 2631 1928 2629 1924 2631 1928 2630 1925 2630 1925 2631 1928 2617 1929 2630 1925 2617 1929 2632 1930 2632 1930 2617 1929 2633 1931 2632 1930 2633 1931 2634 1932 2634 1932 2633 1931 1564 1933 2615 1934 2617 1929 2631 1928 2618 1935 2615 1936 1520 1937 1520 1938 2615 1934 2631 1928 2607 1939 2635 1940 2616 1941 2616 1941 2635 1940 2636 1942 2616 1941 2636 1942 2617 1943 2617 1944 2636 1945 2633 1931 2633 1931 2636 1945 2635 1946 2637 1947 2621 1948 2638 1949 2637 1950 2638 1951 2639 1952 2639 1952 2638 1951 2640 1953 2639 1954 2640 1955 2641 1956 2641 1956 2640 1955 1523 1957 2641 1958 1523 1959 1540 1960 1540 1961 1564 1933 2641 1962 2641 1962 1564 1933 2633 1931 2641 1962 2633 1931 2639 1963 2639 1963 2633 1931 2635 1946 2639 1964 2635 1965 2637 1966 2637 1967 2635 1968 2607 1969 2637 1947 2607 1970 2621 1948 2632 1930 2634 1932 2630 1925 2630 1925 2634 1932 2642 1971 2630 1925 2642 1971 1521 1923 1521 1923 2642 1971 2643 1972 1521 1973 2643 1974 2644 1975 2582 1976 2580 1977 2596 1978 2595 1979 2645 1980 2596 1981 2596 1981 2645 1980 2646 1982 2596 1981 2646 1982 2582 1983 2647 1984 2648 1985 2625 1986 2606 1987 2647 1988 2601 1989 2601 1989 2647 1988 2625 1990 2606 1987 2605 1991 2649 1992 2649 1992 2605 1991 2650 1993 2649 1992 2650 1993 2651 1994 2651 1995 2650 1993 1651 1996 2651 1997 1651 1998 2652 1999 2603 2000 1651 1996 2604 2001 2604 2001 1651 1996 2650 1993 2604 2001 2650 1993 2605 1991 2649 2002 2651 2003 2648 2004 2648 2005 2647 1988 2649 1992 2649 1992 2647 1988 2606 1987 1579 2006 1604 2007 1589 2008 1535 2009 1589 2008 1561 2010 1561 2010 1589 2008 1604 2007 1561 2010 1604 2007 1577 2011 2653 2012 1722 2013 1720 2014 2654 2015 2655 2016 2620 1883 2620 1883 2612 1875 2656 2017 2656 2017 2612 1875 2611 2018 2656 2019 2611 2020 2625 2021 2657 2022 2655 2016 2652 2023 2652 2023 2655 2016 2654 2015 2652 2024 2654 2015 2651 2025 2651 2025 2654 2015 2620 1883 2651 2025 2620 1883 2648 2026 2648 2026 2620 1883 2656 2017 2648 2026 2656 2017 2625 2027 2652 2028 2658 2029 2657 2030 2657 2022 2658 2031 2659 2032 2657 2022 2659 2032 2660 2033 1643 2034 1642 2035 2659 2032 2659 2032 1642 2035 2661 2036 2659 2032 2661 2036 2660 2033 2660 2033 2661 2036 2662 2037 2660 2033 2662 2037 2613 1876 1642 2038 1722 2039 2661 2040 2661 2036 1722 2041 2653 2042 2661 2036 2653 2042 2662 2037 2657 2022 2660 2033 2655 2016 2655 2016 2660 2033 2613 1876 2655 2016 2613 1876 2620 1883 2663 2043 1688 2044 1687 2045 1691 2046 2663 2047 1692 2048 1692 2049 2663 2050 1687 2051 1532 2052 2664 2053 1530 2054 2144 2055 2141 2056 1780 2057 1780 2057 2141 2056 2665 2058 1780 2057 2665 2058 1781 2059 1781 2059 2665 2058 2666 2060 1781 2059 2666 2060 2664 2061 2664 2061 2666 2060 2667 2062 2664 2061 2667 2062 1530 2063 1530 2063 2667 2062 2668 2064 1530 2065 2668 2066 2669 2067 2669 2067 2668 2066 2670 2068 2669 2069 2670 2070 1732 2071 2144 2072 1780 2073 1782 2074 1732 2075 1530 2076 2669 2077 2663 2078 1691 2079 2671 2080 1647 2081 2663 2082 2672 2083 2672 2084 2663 2085 2671 2086 2673 2087 2674 2088 2675 2089 1960 2090 2673 2091 2676 2092 2676 2093 2673 2094 2675 2095 2675 2096 2677 2097 2678 2098 2678 2098 2679 2099 2675 2096 2675 2096 2679 2099 2680 2100 2675 2096 2680 2100 2676 2101 2676 2101 2680 2100 1961 2102 2676 2092 1961 2103 1960 2090 2681 2104 2682 2105 2679 2099 2679 2099 2682 2105 2680 2100 2681 2104 2683 2106 2682 2105 2682 2107 2683 2108 2684 2109 2682 2110 2684 2111 2685 2112 2686 2113 2687 2114 2688 2115 2688 2115 2687 2114 2682 2116 2688 2115 2682 2116 2685 2117 2687 2114 2686 2113 2689 2118 2690 2119 2691 2120 2692 2121 2692 2121 2691 2120 2687 2114 2692 2121 2687 2114 2693 2122 2693 2122 2687 2114 2689 2118 2690 2119 2694 2123 2691 2120 2691 2120 2694 2123 2695 2124 2691 2120 2695 2124 2696 2125 2675 2096 2674 2126 1756 2127 1961 2102 2680 2100 2697 2128 2687 2114 2691 2120 2698 2129 1752 2130 1751 2131 2691 2132 2691 2120 1751 2133 2699 2134 2691 2120 2699 2134 2698 2129 2698 2129 2699 2134 2700 2135 2698 2129 2700 2135 1940 2136 1940 2137 2700 2135 1939 2138 1755 2139 1752 2140 1756 2141 1756 2127 1752 2142 2691 2120 1756 2127 2691 2120 2675 2096 2675 2096 2691 2120 2696 2125 2675 2096 2696 2125 2677 2097 1939 2138 2700 2135 1751 2143 1751 2143 2700 2135 2699 2134 2701 2144 2702 2145 2703 2146 1885 2147 1887 2148 2704 2149 2704 2150 1887 2151 2705 2152 2704 2150 2705 2152 2706 2153 2707 2154 2701 2155 2706 2156 2706 2156 2701 2155 2703 2157 2706 2153 2703 2158 2704 2150 2708 2159 2709 2160 2710 2161 2386 2162 2428 2163 2708 2159 2708 2159 2428 2163 2711 2164 2708 2159 2711 2164 2709 2160 2709 2160 2711 2164 1830 1628 2712 1628 2713 1628 2714 1628 2714 1628 2713 1628 2715 1628 2714 1628 2715 1628 2716 1628 2716 2165 2715 2165 1830 2165 2716 1628 1830 1628 2711 2166 2712 1628 2714 1628 2717 1628 2717 1628 2714 1628 2718 1628 2717 2167 2718 2167 2719 2167 2719 1628 2718 1628 2720 1628 2719 1628 2720 1628 2721 1628 2721 1628 2720 1628 2427 2168 2721 1628 2427 2168 2264 2169 2427 2168 2720 1628 2428 2170 2721 1628 2264 2169 2722 2171 2264 2169 2263 2172 2722 2171 2722 2171 2263 2172 2540 2173 2722 2171 2540 2173 2542 2174 2542 2175 2541 2176 2723 1628 2723 2177 2541 2178 2712 2177 2723 1628 2712 1628 2717 1628 2724 2179 2725 2180 2726 2181 1857 2182 1969 2183 2724 2184 2724 2185 1969 2186 1968 2187 2724 2179 1968 2188 2725 2180 2725 2189 1968 2190 1970 2191 2725 2192 1970 2193 2727 2194 2727 2194 1970 2193 2728 2195 1857 2196 2724 2197 2726 2198 2729 2199 1899 2200 2730 2201 1899 2202 2729 2203 2126 2204 2126 2205 2729 2206 2093 2207 2126 2208 2093 2209 2059 2210 1988 2211 2731 2212 1902 2213 2732 2214 2733 2215 2734 2216 2734 2217 2733 2218 2735 2219 2734 2220 2735 2221 2736 2222 2736 2223 2735 2224 2731 2225 2736 2223 2731 2225 1987 2226 1987 2227 2731 2212 1988 2211 1818 572 1798 2228 1987 2229 1796 573 1818 572 2737 2230 2737 2230 1818 572 1987 2229 2737 2231 1987 2232 1986 2233 2007 2234 2738 2235 2739 2236 2008 2237 2007 2238 2153 2239 2153 2240 2007 2241 2739 2242 2740 2243 2279 2244 2741 2245 2162 2246 1940 2247 2741 2245 2741 2245 1940 2247 2742 2248 2741 2245 2742 2248 2740 2243 2743 2249 2698 2250 2744 2251 2744 2251 2698 2250 1940 2247 2744 2251 1940 2247 2161 1266 2161 1266 1940 2247 2162 2246 2743 2249 2744 2251 2745 2252 2745 2252 2746 2253 2743 2249 2743 2249 2746 2253 2747 2254 2743 2249 2747 2254 2748 2255 2748 2255 2747 2254 2749 2256 2748 2255 2749 2256 2750 2257 2019 2258 2018 2259 2750 2257 2750 2257 2018 2259 2751 2260 2750 2257 2751 2260 2697 2261 2697 2261 2751 2260 1962 2262 2697 2261 1962 2262 1961 2263 2018 2259 2017 2264 2751 2260 2680 2265 2748 2255 2697 2261 2697 2261 2748 2255 2750 2257 2752 2266 2056 2267 2013 2268 2006 2269 2178 2270 2000 2271 2000 2271 2178 2270 2177 2272 2000 2271 2177 2272 2013 2273 2013 2273 2177 2272 2753 2274 2013 2273 2753 2274 2752 2275 2754 2276 2755 2277 2756 2278 2756 2279 2755 2280 2757 2281 2758 2282 2343 2283 2759 2284 2759 2285 2343 2286 2754 2287 2759 2285 2754 2287 2760 2288 2760 2288 2754 2287 2756 2279 2760 2288 2756 2279 2496 1675 2496 1675 2756 2279 2757 2281 2496 1675 2757 2281 2494 1673 2343 2289 2313 2290 2754 2291 2447 2292 2446 2293 2761 2294 2761 2294 2762 2295 2447 2292 2447 2292 2762 2295 2763 2296 2447 2292 2763 2296 2482 2297 2246 2298 2245 2299 2764 2300 2216 2301 2215 2302 2764 2303 2764 2304 2215 1767 2765 2305 2764 2300 2765 2306 2246 2298 2246 2298 2765 2306 2528 2307 2528 2307 2765 2306 2538 2308 2538 1766 2765 2305 2215 1767 2218 2309 2766 2310 2219 2311 2767 2312 2218 2309 2768 2313 2768 2313 2218 2309 2524 1488 2769 2314 2770 2315 2771 2316 2771 2316 2770 2315 2772 2317 2325 2318 2773 2319 2331 2320 2331 2320 2773 2319 2269 2321 2331 2320 2269 2321 2302 2322 2270 1488 2269 2323 2774 1488 2774 1488 2269 2324 2773 2325 2303 2326 2772 2317 2325 2318 2325 2318 2772 2317 2770 2315 2325 2318 2770 2315 2773 2319 2775 2327 2766 2310 2776 2328 2776 2328 2766 2310 2218 2309 2776 2328 2218 2309 2771 2316 2771 2316 2218 2309 2767 2312 2771 2316 2767 2312 2769 2314 2336 2329 2775 2327 2776 2328 2777 2330 2183 2331 2182 2332 2778 2333 2191 2334 2779 2335 2779 2335 2191 2334 2190 2336 2779 2335 2190 2336 2265 2337 2265 2337 2190 2336 2780 2338 2265 2337 2780 2338 2182 2339 2182 2340 2780 2341 2781 2342 2182 2340 2781 2342 2777 2343 2782 2344 2783 2345 2784 2346 2783 2347 2785 2348 2784 2349 2784 2346 2785 2350 2786 2351 2784 2346 2786 2351 2787 2352 2345 2353 2787 2352 2788 2354 2788 2354 2787 2352 1833 2355 2788 2354 1833 2355 2789 2356 2192 2357 2194 2358 2345 2359 2345 2353 2194 2360 2782 2344 2345 2353 2782 2344 2787 2352 2787 2352 2782 2344 2784 2346 2790 2361 1851 2362 2440 2363 2439 2364 2791 2365 2440 2363 2440 2363 2791 2365 2792 2366 2440 2363 2792 2366 2790 2361 2439 2367 2363 2368 2791 2369 2793 2370 2468 2371 2472 2372 1884 2373 2483 2374 1488 2375 1488 2375 2483 2374 2363 2376 1488 2375 2363 2376 2793 2377 2793 2370 2363 2378 2439 2379 2793 2370 2439 2379 2468 2371 1486 2380 1884 2381 1488 2382 2363 2383 2483 2384 2364 2385 2790 2386 2486 2387 1851 2388 1851 2389 2486 2390 2794 2391 1851 2392 2794 2393 1853 2394 1853 2394 2794 2393 1981 2395 2364 2396 2486 2387 2365 2397 2365 2397 2486 2387 2790 2386 1891 2398 1890 2399 2486 2390 2486 2390 1890 2399 2795 2400 2486 2390 2795 2400 2794 2391 2392 2401 1821 1459 2382 1458 1821 1459 2392 2401 1827 2402 1827 2402 2392 2401 2358 2403 1827 2402 2358 2403 1828 2404 2796 2405 2797 2406 2798 2407 2799 2408 2800 2409 2533 2410 2533 2411 2800 2412 2801 2413 2799 2414 2802 2415 2800 2412 2800 2412 2802 2415 2798 2407 2800 2412 2798 2407 2801 2413 2799 2414 2796 2416 2802 2415 2802 2415 2796 2405 2798 2407 2220 2417 2523 2418 2218 2419 2510 2420 2394 2421 2220 2422 2220 2423 2394 1521 2417 1523 2220 2423 2417 1523 2523 2424 1537 2425 1562 2426 1565 2427 1535 2428 1565 2429 1589 2430 1589 2431 1565 2432 1562 2433 1589 2431 1562 2433 1539 2434 1566 2435 2803 2436 2804 2437 1545 2438 1544 2439 1566 2440 1566 2441 1544 2442 1543 2443 1566 2444 1543 2445 2803 2446 1588 2447 1587 2448 2805 2449 1600 2450 1588 2451 1616 2452 1616 2453 1588 2447 2805 2449 1616 2454 2805 2455 2806 2456 2806 2456 2805 2455 1587 2457 2806 2458 1587 2459 1569 2460 1569 2461 1587 2462 1582 2463 1717 2464 2807 2465 1621 2466 2808 2467 2809 2468 2807 2469 2807 2470 2809 2471 1623 2472 2807 2470 1623 2472 1621 2473 1621 2473 1623 2472 1625 2474 1621 2473 1625 2474 1627 2475 1621 2473 1627 2475 1622 1488 1622 1488 1627 1488 1629 1488 1622 1488 1629 1488 1631 1488 2810 2476 2811 2477 2812 2478 1768 2479 2811 2477 1769 2480 1769 2480 2811 2477 2810 2476 1769 2481 2810 2482 1790 2483 2813 2484 2814 2485 2815 2486 2813 2484 2816 2487 2814 2485 2814 2488 2816 2489 2817 2490 2814 2488 2817 2490 1917 2491 1917 2491 2817 2490 1910 2492 1917 2491 1910 2492 1915 1628 1915 2493 1910 2493 1916 2493 2818 2494 1781 2495 1689 2496 1638 2497 1794 2498 2818 2499 2818 2499 1794 2498 1782 2500 2818 2494 1782 2501 1781 2495 1638 2502 2818 2503 1637 2504 1637 2505 2818 2494 1636 2506 2818 2494 1689 2496 1636 2506 1636 2506 1689 2496 1634 2507 1847 2508 1795 2509 2819 2510 1796 2511 1795 2512 1799 2513 1799 2514 1795 2509 1847 2508 2820 2515 2492 2516 1869 2517 2820 2515 1836 2518 2492 2516 2492 2516 1836 2518 2821 2519 2492 2516 2821 2519 2490 2520 2490 2520 2821 2519 1853 2521 2490 2520 1853 2521 1888 2522 1903 2523 1836 2518 2820 2515 1852 2524 1853 2525 2822 2526 2822 2526 1853 2525 2821 2527 1892 2528 2490 2529 1890 2530 1890 2530 2490 2529 1888 2531 1890 2530 1888 2531 1864 2532 2737 2533 1986 2534 2823 2535 1988 2536 2824 2537 1986 2538 1986 2538 2824 2537 1901 2539 1986 2540 1901 2541 2823 2542 1733 2543 1742 2544 2823 2545 2823 2546 1742 2547 1930 2548 2823 2549 1930 2550 1931 2551 1796 2552 2737 2553 1931 2554 1931 2554 2737 2553 2823 2555 2016 2556 2015 2557 2292 2558 2015 2559 2825 2560 2292 2561 2292 2562 2825 2563 2826 2564 2292 2565 2826 2566 2758 2567 2758 2567 2826 2566 2827 2568 2758 2569 2827 2570 2343 2571 2828 2572 1967 2573 1966 2574 1967 2575 2828 2576 2024 2577 2024 2578 2828 2579 2829 2580 2024 2578 2829 2580 2025 2581 2025 2581 2829 2580 2033 2582 2025 2581 2033 2582 1907 2583 1975 2584 1974 791 2830 2585 1977 2586 2830 2587 2831 2588 2831 2589 2830 2585 1974 791 2831 2589 1974 791 1976 793 2832 2590 2833 2591 2834 2592 2833 2591 2832 2590 2835 2593 2130 1056 2106 1055 2836 2594 2108 2595 2836 2596 2107 2597 2107 1033 2836 2598 2106 1031 2837 2599 2838 2600 2168 2601 2172 2602 2168 2603 2839 2604 2839 2604 2168 2603 2838 2605 2839 2604 2838 2605 2840 2606 2269 2607 2841 2608 2334 2609 2346 2610 2269 2607 2842 2611 2842 2611 2269 2607 2334 2609 2842 2611 2334 2609 2843 2612 2843 2612 2334 2609 2333 1411 2843 2612 2333 1411 2844 2613 2844 2613 2333 1411 2303 1410 2844 2613 2303 1410 2346 2614 2269 2607 2413 2615 2841 2608 2841 2616 2413 2617 2414 2618 2841 2616 2414 2618 2845 2619 2845 2619 2414 2618 2415 2620 2845 2619 2415 2620 2445 2621 2846 2622 2847 2623 2848 2624 2846 2622 2848 2624 2180 2625 2180 2625 2848 2624 2849 2626 2180 2627 2849 2628 2850 2629 2851 2630 2852 2631 2853 2632 2853 2632 2852 2631 2854 2633 2853 2634 2854 2635 2849 2636 2849 2636 2854 2635 2855 2637 2849 2636 2855 2637 2850 2638 2851 2630 2853 2632 2856 2639 2846 2622 2857 2640 2847 2623 2847 2623 2857 2640 2558 2641 2847 2623 2558 2641 2858 2642 2858 2642 2558 2641 2560 2643 2858 2644 2560 2645 2859 2646 2859 2646 2560 2645 2379 2647 2859 2646 2379 2647 1923 2648 2859 2646 1923 2648 2860 2649 2860 2649 1923 2648 1920 2650 1920 2651 1922 2652 2860 2653 2860 2653 1922 2652 1926 2654 2860 2653 1926 2654 2861 2655 1616 2656 1615 2657 1646 2658 1646 2659 1615 2660 2862 2661 1646 2659 2862 2661 1677 2662 1615 2660 1614 2663 2863 2664 2863 2664 1614 2663 2864 2665 2863 2664 2864 2665 2865 2666 1614 2667 1616 2668 2806 2669 1594 2670 2866 2671 1570 2672 1570 2673 2866 2671 2864 2665 1570 2673 2864 2665 1571 2674 1571 2674 2864 2665 1614 2663 1571 2675 1614 2667 1569 2676 1569 2676 1614 2667 2806 2669 2867 2677 2868 2678 2869 2679 2869 2679 2868 2678 2870 2680 2867 2677 2869 2679 2871 2681 2871 2681 2869 2682 1591 2683 2871 2681 1591 2683 2058 2684 2058 2684 1591 2683 2872 2685 2872 2685 1591 2683 1603 2686 2872 2685 1603 2686 1617 2687 2872 2685 1617 2687 1677 2662 1677 2662 1617 2687 1646 2659 2865 2666 2873 2688 2863 2664 2863 2664 2873 2688 2874 2689 2863 2664 2874 2689 1615 2660 1615 2660 2874 2689 2862 2661 2866 2671 2875 2690 2864 2665 2875 2690 2866 2671 2870 2680 2870 2680 2866 2671 1594 2670 2870 2680 1594 2670 2869 2691 2870 2680 2868 2678 2875 2690 2875 2690 2868 2678 2876 2692 2876 2692 2868 2678 2877 2693 2877 2693 2868 2678 2867 2677 2877 2693 2867 2677 2878 2694 2878 2694 2867 2677 2879 2695 2878 2694 2879 2695 2880 2696 2880 2696 2879 2695 2093 2207 2880 2696 2093 2207 2729 2206 2878 2694 2881 2697 2877 2693 2877 2693 2881 2697 2882 2698 2877 2693 2882 2698 2876 2692 2881 2697 2878 2694 2883 2699 2880 2696 2883 2699 2878 2694 2879 2695 2057 2700 2093 2701 2058 2684 2057 2700 2871 2681 2871 2681 2057 2700 2879 2695 2871 2681 2879 2695 2867 2677 2884 2702 2883 2703 2165 2704 2165 2705 2883 2706 2880 2696 2165 2705 2880 2696 2729 2206 2729 2206 2885 2707 2165 2705 1674 2708 2886 2709 1675 2710 1675 2710 2886 2709 2887 2711 1675 2710 2887 2711 2888 2712 2888 2712 2887 2711 2061 2713 2888 2712 2061 2713 2889 2714 2889 2714 2061 2713 2890 2715 2889 2714 2890 2715 2154 2716 2154 2717 2890 2718 2891 2719 2154 2717 2891 2719 2173 2720 2173 2720 2891 2719 2892 2721 2173 2720 2892 2721 2174 2722 2174 2722 2892 2721 2893 2723 2174 2724 2893 2725 2005 2726 2005 2726 2893 2725 2104 2727 2005 2726 2104 2727 2103 2728 2894 2729 2062 2730 2895 2731 2895 2731 2062 2730 2887 2711 2895 2731 2887 2711 2886 2709 2865 2666 2894 2729 2873 2688 2873 2688 2894 2729 2895 2731 2873 2688 2895 2731 2874 2689 2874 2689 2895 2731 2886 2709 2874 2689 2886 2709 2862 2661 2862 2661 2886 2709 1674 2708 2862 2661 1674 2708 1677 2732 2865 2666 2837 2733 2894 2729 2894 2729 2837 2733 2896 2734 2894 2729 2896 2734 2062 2730 2897 2735 2898 2736 2899 2737 2899 2737 2898 2736 2900 2738 2899 2737 2900 2738 2840 2739 2901 2740 1861 2741 1863 2742 2883 2743 2884 2744 2901 2740 2901 2740 2884 2744 2902 2745 2901 2740 2902 2745 1861 2741 1862 2746 2903 2747 1863 2742 1863 2742 2903 2747 2882 2698 1863 2742 2882 2698 2901 2740 2901 2740 2882 2698 2881 2697 2901 2740 2881 2697 2883 2699 1862 2746 2904 2748 2905 2749 2905 2749 2904 2750 2906 2751 2905 2749 2906 2751 2907 2752 2907 2752 2906 2751 2908 2753 2907 2752 2908 2753 2909 2754 2909 2754 2908 2753 2910 2755 2909 2754 2910 2755 2911 2756 2911 2756 2910 2755 2912 2757 2911 2756 2912 2757 2913 2758 2906 2751 2904 2750 2914 2759 2914 2759 2904 2750 2915 2760 2914 2761 2908 2753 2906 2751 2908 2753 2914 2761 2910 2755 2910 2755 2914 2761 2916 2762 2910 2755 2916 2762 2912 2757 2917 2763 2916 2762 2914 2764 1899 2765 1898 2766 2730 2767 2918 2768 2919 2769 2920 2770 2921 2771 2738 2772 2922 2773 2922 2773 2738 2772 2923 2774 2922 2773 2923 2774 2924 2775 2924 2775 2923 2774 2497 2776 2924 2775 2497 2776 2925 2777 2925 2777 2497 2776 2926 2778 2925 2777 2926 2778 2927 2779 2927 2779 2926 2778 2928 2780 2927 2779 2928 2780 2929 2781 2929 2781 2928 2780 2930 2782 2929 2781 2930 2782 2931 2783 2931 2783 2930 2782 2932 2784 2931 2783 2932 2784 2933 2785 2933 2785 2932 2784 2518 2786 2933 2785 2518 2786 2919 2769 2919 2769 2518 2786 2934 2787 2919 2769 2934 2787 2920 2770 2920 2770 2934 2787 2935 2788 2920 2770 2935 2788 2936 2789 2936 2789 2935 2788 1900 2790 2936 2789 1900 2790 2937 2791 2937 2791 1900 2790 1899 1053 2937 2791 1899 1053 2128 1052 2921 2771 2007 2792 2738 2772 2738 2772 2007 2793 2938 2794 2938 2794 2007 836 2027 2795 2938 2794 2027 2795 2939 2796 2939 2796 2027 2795 1975 2797 2939 2796 1975 2797 2940 2798 2940 2799 1975 2800 2941 2801 2940 2802 2941 2803 2942 2804 2942 2804 2941 2803 2943 2805 2942 2804 2943 2805 2944 2806 2007 836 2006 835 2027 2795 1979 2807 2943 2805 2941 2803 1975 2800 2830 2808 2941 2801 2941 2801 2830 2808 1977 2809 2941 2803 1977 2810 1979 2807 1979 2807 2945 2811 2943 2805 2943 2805 2945 2811 2946 2812 2943 2805 2946 2812 2944 2806 2944 2806 2946 2812 2393 2813 2944 2814 2393 2815 2359 2816 2947 2817 2948 2818 1978 2819 1978 2820 2948 2821 2945 2811 1978 2820 2945 2811 1979 2807 2176 2822 2004 2823 2947 2824 2947 2824 2004 2823 2949 2825 2947 2824 2949 2825 2948 2821 2948 2821 2949 2825 2950 2826 2948 2821 2950 2826 2945 2811 2945 2811 2950 2826 2951 2827 2003 2828 2005 2726 2167 2829 2167 2829 2005 2726 2151 2830 2167 2829 2151 2830 2168 2831 2168 2831 2151 2830 2073 2832 2168 2831 2073 2832 2952 2833 2005 2726 2103 2728 2151 2830 2071 2834 2896 2734 2952 2833 2952 2833 2896 2734 2837 2733 2952 2833 2837 2733 2168 2831 2838 2835 2837 2836 2840 2837 2840 2739 2837 2733 2865 2666 2840 2739 2865 2666 2899 2737 2899 2737 2865 2666 2864 2665 2899 2737 2864 2665 2897 2735 2897 2735 2864 2665 2875 2690 2897 2735 2875 2690 2953 2838 2953 2838 2875 2690 2876 2692 2953 2838 2876 2692 2954 2839 2954 2839 2876 2692 2882 2698 2954 2839 2882 2698 2955 2840 2955 2840 2882 2698 2903 2747 2955 2840 2903 2747 2956 2841 2956 2841 2903 2747 2907 2752 2956 2841 2907 2752 2957 2842 2957 2842 2907 2752 2909 2754 2957 2842 2909 2754 2958 2843 2958 2843 2909 2754 2911 2756 2958 2843 2911 2756 2959 2844 2959 2844 2911 2756 2913 2758 2959 2845 2913 2758 2797 2846 2797 2846 2913 2758 2960 2847 2797 2846 2960 2847 2961 2848 2961 2848 2960 2847 2517 2849 2961 2850 2517 2851 2516 2852 1945 2853 1943 2854 2898 2736 2898 2736 1943 2854 1942 2855 2898 2736 1942 2855 2900 2738 1945 2853 2898 2736 1947 2856 1947 2856 2898 2736 2962 2857 1947 2856 2962 2857 1949 2858 1949 2858 2962 2857 1951 2859 2954 2839 2962 2857 2953 2838 2953 2838 2962 2857 2898 2736 2953 2838 2898 2736 2897 2735 2954 2839 2955 2840 2962 2857 2962 2857 2955 2840 2963 2860 2962 2857 2963 2860 1951 2859 1951 2859 2963 2860 1953 2861 2963 2860 2955 2840 2956 2841 2907 2752 2903 2747 2905 2749 2905 2749 2903 2747 1862 2746 2960 2847 2913 2758 2935 2788 2935 2788 2913 2758 2912 2757 2935 2788 2912 2757 1900 2790 1900 2790 2912 2757 2916 2762 1900 2790 2916 2762 1898 2862 1898 2862 2916 2762 2917 2763 1898 2863 2917 2864 2730 2865 2730 2865 2917 2864 2885 2866 2730 2867 2885 2707 2729 2206 2926 2868 2964 2869 2928 2870 2928 2871 2964 2872 2965 2873 2928 2874 2965 2875 2966 2876 2966 2876 2965 2875 2967 2877 2966 2876 2967 2877 2968 2878 2968 2878 2967 2877 2969 2879 2968 2878 2969 2879 2970 2880 2499 2881 2926 2882 2497 2883 2498 2884 2497 2885 2923 2886 2498 2887 2923 2888 2381 2889 2381 2890 2923 2774 2738 2772 2381 2890 2738 2772 2971 2891 2971 2891 2738 2772 2938 2794 2971 2891 2938 2794 2942 2892 2942 2892 2938 2794 2940 2893 2381 2894 2971 2895 2972 2896 2972 2897 2971 2891 2942 2892 2972 2898 2942 2804 2361 2899 2361 2899 2942 2804 2944 2806 2361 2900 2944 2901 2359 2902 2938 2794 2939 2796 2940 2893 2951 2903 2973 2904 2945 2811 2945 2811 2973 2904 2974 2905 2945 2811 2974 2905 2946 2812 2951 2906 2950 2907 2169 2908 2169 2909 2950 2910 2170 2911 2166 2912 2170 2913 2167 2914 2167 2829 2170 2915 2950 2826 2167 2829 2950 2826 2003 2828 2003 2828 2950 2826 2949 2825 2003 2828 2949 2825 2004 2823 2973 2904 2975 2916 2974 2905 2951 2903 2976 2917 2973 2904 2973 2904 2976 2917 2977 2918 2973 2904 2977 2918 2975 2916 2975 2916 2977 2918 2978 2919 2975 2916 2978 2920 2974 2905 2974 2905 2978 2921 2979 2922 2974 2905 2979 2922 2946 2812 2946 2812 2979 2922 2980 2923 2946 2812 2980 2923 2393 2924 2388 2925 2981 2926 2982 2927 2982 2927 2981 2926 2977 2918 2982 2927 2977 2918 2983 2928 2983 2928 2977 2918 2976 2917 2977 2918 2981 2926 2978 2929 2984 2930 2980 2923 2978 2931 2978 2931 2980 2923 2979 2922 2981 2932 2985 2933 2986 2934 2986 2934 2985 2933 2987 2935 2986 2934 2987 2935 2988 2936 2762 2937 2989 2938 2763 2939 2763 2940 2989 2938 2990 2941 2763 2940 2990 2941 2991 2942 2991 2942 2990 2941 2992 2943 2991 2942 2992 2943 2993 2944 2994 2945 2761 2946 2446 2947 2994 2945 2446 2948 2995 2949 2995 2949 2446 2948 2996 2950 2995 2949 2996 2951 2997 2952 2997 2953 2996 2954 2998 2955 2997 2953 2998 2955 2999 2956 3000 2957 3001 2958 2998 2955 2998 2955 3001 2958 3002 2959 2998 2955 3002 2959 2999 2956 2999 2956 3002 2959 3003 2960 2999 2956 3003 2960 3004 2961 3004 2961 3003 2960 2245 2962 3004 2963 2245 2964 3005 2965 2998 2955 2996 2966 3000 2957 3000 2967 2996 2968 2451 2969 2996 2970 2446 2971 2451 2972 2216 2973 3002 2974 3001 2975 2245 2962 3003 2960 2764 2976 2764 2977 3003 2960 3006 2978 3003 2960 3002 2959 3006 2978 3006 2978 3002 2959 2216 2979 3006 2978 2216 2980 2764 2977 2997 2952 3007 2981 2995 2949 2995 2949 3007 2981 2333 2982 2995 2949 2333 2982 2994 2945 2994 2945 2333 2982 3008 2983 2994 2945 3008 2983 2761 2946 2333 2982 2332 2984 3008 2983 3008 2983 2332 2984 2334 2985 3009 2986 2990 2941 2334 2985 2334 2985 2990 2941 2989 2938 2334 2985 2989 2938 3008 2983 3008 2983 2989 2938 2762 2937 3008 2983 2762 2937 2761 2946 2990 2941 3009 2986 2992 2943 2391 2987 2393 2988 3010 2989 3010 2989 2393 2988 2988 2936 3010 2989 2988 2936 2993 2944 2993 2944 2988 2936 2987 2935 2993 2944 2987 2935 2991 2942 2991 2990 2987 2991 2985 2992 2393 2988 2980 2923 2988 2936 2988 2936 2980 2923 2984 2930 2988 2936 2984 2930 2986 2934 2986 2934 2984 2930 2978 2931 2986 2934 2978 2993 2981 2932 2957 2842 2459 2994 2956 2841 2956 2841 2459 2994 3011 2995 2956 2841 3011 2995 2963 2860 2963 2860 3011 2995 1955 2996 2963 2860 1955 2997 1953 2861 2957 2842 2958 2843 3012 2998 3012 2998 2958 2843 3013 2999 3012 2998 3013 2999 2556 3000 2556 3000 3013 2999 2534 3001 2556 3000 2534 3001 2537 3002 2537 3002 2534 3001 2531 3003 2537 3002 2531 3003 3014 3004 3015 3005 3016 3006 2966 2876 2965 3007 2969 3008 2967 3009 2196 3010 3017 3011 2970 3012 2970 2880 3017 3013 2968 2878 2196 3014 2189 3015 3017 3013 3017 3013 2189 3015 3015 3005 3017 3013 3015 3005 2968 2878 2968 2878 3015 3005 2966 2876 2777 3016 2519 3017 2778 3018 2778 3019 2519 3020 3016 3006 2778 3019 3016 3006 2191 3021 2191 3021 3016 3006 3015 3005 2191 3021 3015 3005 2189 3022 2262 3023 3018 3024 3019 3025 3019 3025 2186 3026 2262 3023 2262 3027 2186 3028 2188 3029 2262 3027 2188 3029 2529 3030 2529 3030 2188 3029 2185 3031 2529 3030 2185 3031 2246 3032 3020 3033 2195 3034 3021 3035 3021 3035 2195 3034 2196 3036 2970 3037 3021 3035 2196 3036 2969 3038 2198 3039 2970 3040 2970 3041 2198 3042 2247 3043 2970 3041 2247 3043 3021 3035 3021 3035 2247 3043 2246 3032 3021 3035 2246 3032 3020 3033 3020 3033 2246 3032 2185 3031 3020 3033 2185 3031 2195 3044 2199 3045 2198 3046 2241 3047 2241 3048 2198 3049 2969 3050 3022 3051 2198 3052 2197 3053 2197 3054 2245 3055 3022 3056 3022 3057 2245 3058 2247 3043 3022 3057 2247 3043 2198 3042 2245 3059 2197 3060 3005 3061 2529 3030 2260 3062 2262 3027 2529 3030 2528 3063 2260 3062 2260 3062 2528 3063 3023 3064 2260 3062 3023 3064 2261 3065 2959 2844 3013 2999 2958 2843 2534 3001 3013 2999 2533 3066 2533 3067 3013 3068 2799 3069 2799 3069 3013 3068 2796 3070 2796 3070 3013 3068 2959 3071 3014 3004 2531 3072 3024 3073 3024 3074 2531 3075 2530 3076 3024 3074 2530 3076 2514 3077 2530 3078 3025 3079 2514 3080 2514 3080 3025 3079 3026 3081 2514 3082 3026 3083 2516 3084 3025 3085 2530 1716 2532 1718 2514 3086 2261 3065 3024 3073 3024 3073 2261 3065 3023 3064 3024 3073 3023 3064 3014 3004 3014 3004 3023 3064 2528 3063 3014 3004 2528 3063 2537 3002 2261 1698 2515 1700 3027 3087 3027 3088 2515 3089 3028 3090 3028 3091 3029 3092 3027 3093 2515 3094 2519 3095 3028 3096 3028 3091 2519 3017 2777 3016 3028 3091 2777 3016 3029 3092 3029 3092 2777 3016 3018 3097 3029 3092 3018 3097 3027 3093 3027 3098 3018 3024 2262 3023 3027 3099 2262 3100 2261 3101 2959 3102 2797 3103 2796 3104 2460 3105 2459 3106 3012 3107 3012 2998 2459 3108 2957 2842 2061 2713 2887 2711 2062 3109 2891 3110 2893 3111 2892 3112 2005 2726 2004 3113 2174 2724 2178 3114 2175 3115 2176 3116 2176 3116 2175 3115 2004 3117 2175 3115 2174 3118 2004 3117 2006 3119 2008 3120 2178 3121 2178 3121 2008 3120 2154 3122 2178 3121 2154 3122 2175 3123 2175 3124 2154 3125 2173 3126 3030 3127 3031 3128 3032 3129 2127 1051 2059 3130 3033 3131 3033 3131 2059 3130 2058 3132 3033 3131 2058 3132 3034 3133 3034 3133 2058 3132 3035 3134 3034 3133 3035 3134 3036 3135 3036 3135 3035 3134 1676 3136 3036 3135 1676 3136 3037 3137 3037 3137 1676 3136 1675 2710 3037 3137 1675 2710 3038 3138 3038 3138 1675 2710 2888 2712 3038 3138 2888 2712 3031 3128 3031 3128 2888 2712 3039 3139 3031 3128 3039 3139 3032 3129 3032 3129 3039 3139 2153 3140 3032 3129 2153 3140 3040 3141 3040 3141 2153 3140 2007 2792 3040 3141 2007 2792 2921 2771 2127 1051 2126 1050 2059 3130 3004 3142 2548 3143 2999 3144 2547 3145 2536 3146 2548 3143 2548 3143 2536 3146 2535 3147 2548 3143 2535 3147 2999 3144 2999 3144 2535 3147 3041 1488 2999 3144 3041 1488 3042 3148 2445 3149 2444 3150 1810 3151 1810 3151 2444 3150 3043 3152 1810 3151 3043 3152 1811 3153 1811 3153 3043 3152 2536 3146 1811 3153 2536 3146 2547 3145 1810 3151 3010 3154 2445 3149 2445 3149 3010 3154 2993 3155 2445 3149 2993 3155 2845 3156 2845 3156 2993 3155 2992 3157 2845 3156 2992 3157 2841 3158 2841 3158 2992 3157 3009 3159 2841 3158 3009 3159 2334 3160 2333 3161 3007 3162 2348 3163 2348 3163 3007 3162 2997 3164 2348 3163 2997 3164 3042 3148 3042 3148 2997 3164 2999 3144 2336 3165 2776 3166 3044 3167 2212 3168 3044 3167 3041 3169 3041 3169 3044 3167 2776 3166 3041 3169 2776 3166 3042 3170 3042 3170 2776 3166 2771 3171 3042 3170 2771 3171 2348 1412 2348 1412 2771 3171 2772 3172 2348 1412 2772 3172 2303 1410 2212 3168 3041 3169 2213 3173 2213 3173 3041 3169 2535 3174 1956 3175 1873 3176 1954 3177 1954 3177 1873 3176 1871 3178 1954 3177 1871 3178 1952 3179 1952 3179 1871 3178 1870 3180 1952 3179 1870 3180 1950 3181 1950 1628 1870 3182 2491 1628 1950 3183 2491 3183 1948 3183 1956 3175 1875 3184 1873 3176 1956 3175 2459 3185 1875 3184 1875 3186 2459 3187 2458 3188 1875 3186 2458 3188 1877 3189 1877 3189 2458 3188 3045 3190 1877 3189 3045 3190 1879 3191 1879 3191 3045 3190 2449 3192 1879 3191 2449 3192 1881 3193 1881 1628 2449 3194 2448 1628 1881 1628 2448 1628 1883 3195 1883 3196 2448 1628 2447 3197 1883 3198 2447 3199 2482 3200 2458 3188 2539 3201 3045 3190 2460 3202 3046 3203 2458 3188 2458 3188 3046 3203 2512 3204 2458 3188 2512 3204 2539 3201 2512 3204 3046 3203 2513 3205 2482 3206 2389 3207 2484 3208 2484 3208 2389 3207 3047 3209 2484 3208 3047 3209 2485 3210 2485 3210 3047 3209 3048 3211 2485 3210 3048 3211 2487 3212 2487 3212 3048 3211 1941 3213 2487 3212 1941 3213 1944 3214 2169 3215 3048 3216 2951 3217 2951 3218 3048 3211 3047 3209 2169 3219 2171 3220 3048 3211 3048 3211 2171 3220 3049 3221 3048 3211 3049 3221 2839 3222 2839 3222 3049 3221 2171 3220 2839 3222 2171 3220 2172 3223 1941 3213 3048 3211 2840 3224 2840 3224 3048 3211 2839 3222 1948 3225 2491 3225 1946 3225 1946 3226 2491 3227 2489 3228 1946 3226 2489 3228 1944 3214 1944 3214 2489 3228 2488 3229 1944 3214 2488 3229 2487 3212 2375 3230 2426 3231 2373 3232 2475 3233 2373 3232 2477 3234 2477 3234 2373 3232 2426 3231 2477 3234 2426 3231 2479 3235 2373 3232 2475 3233 2371 3236 2368 3237 2371 3236 3050 3238 3050 3238 2371 3236 2475 3233 3050 3238 2475 3233 2474 3239 2801 3240 2798 3241 3025 3242 3026 3243 3025 3242 2961 3244 2961 3244 3025 3242 2798 3241 2961 3244 2798 3241 2797 3245 2516 3246 3026 3243 2961 3244 3051 3247 3052 3248 3053 1628 3053 1628 3052 1628 3054 1628 3053 1628 3054 1628 3055 1628 3055 1628 3054 1628 3056 1628 3055 1628 3056 1628 3057 3249 3057 3250 3056 1628 3058 1628 3057 3250 3058 1628 3059 3251 3059 3251 3058 1628 3060 3252 3059 3251 3060 3252 3061 3253 3061 1628 3060 1628 3062 1628 3061 3254 3062 3254 1613 3254 1613 1628 3062 1628 3063 1628 1613 1628 3063 1628 3064 1628 3064 1628 3063 1628 3065 1628 3064 1628 3065 1628 3066 1628 3051 3247 3067 3255 3052 3248 3051 3247 2553 3256 3067 3255 3067 3255 2553 3256 2856 3257 3067 3255 2856 3257 3068 3258 3068 3258 2856 3257 2853 3259 3068 3258 2853 3259 3069 1628 3069 3260 2853 3261 2849 3260 3069 1628 2849 1628 3070 1628 3070 1628 2849 1628 2848 1628 3070 1628 2848 1628 3071 1628 3071 1628 2848 1628 3072 1628 2847 3262 2858 3262 2859 3262 1926 724 3073 3263 2861 3264 2861 3264 3073 3263 3074 3265 1926 724 1925 723 3073 3263 3073 3263 1925 723 3075 3266 3073 3263 3075 3266 3076 3267 3076 3268 3075 3269 3077 3270 3075 3266 1925 723 1919 726 1919 726 1829 3271 3075 3266 3075 3272 1829 3273 1831 3274 3075 3275 1831 3276 3077 3277 3064 3278 3066 3278 3078 3278 3078 3279 3066 3279 3079 3279 3078 1628 3079 1628 1657 1628 1657 1628 3079 1628 3080 1628 1657 1628 3080 1628 1658 1628 1658 3280 3080 3280 3081 3280 1658 1628 3081 1628 3082 1628 3082 3281 3081 3281 3083 3281 3082 3282 3083 3282 3084 3283 3084 3284 3083 1628 3085 3285 3084 3284 3085 3285 3074 3286 3074 3286 3085 3285 3086 3287 3074 3286 3086 3287 2861 3288 2861 3288 3086 3287 3087 3289 2861 3288 3087 3289 2860 3290 2860 3291 3087 3291 3072 3291 2860 1628 3072 1628 2859 1628 2859 3292 3072 3292 2848 3292 2859 3293 2848 3293 2847 3293 1613 3294 1612 3294 3061 3294 3088 3295 3057 3296 3059 3297 1515 3298 1514 3299 1519 3300 1519 3301 1514 3302 1644 3303 3089 3304 3090 3305 3091 3306 3091 3307 3090 3308 3092 3309 1549 3310 3089 3311 1550 3312 1550 3312 3089 3311 3091 3313 3093 3314 3094 3315 3095 3316 3095 3317 3094 3318 3096 3319 3097 3320 3096 3321 3098 3322 3098 3322 3096 3321 3094 3323 3099 3324 3100 3325 3101 3326 3101 3327 3100 3328 3102 3329 1546 3330 3102 3331 1547 3332 1547 3332 3102 3331 3100 3333 1543 3334 1545 3335 1541 3336 1541 3336 1545 3335 1567 3337 3103 3338 3097 3339 3104 3340 3104 3341 3097 3342 3098 3343 1578 3344 1580 3345 1715 3346 1715 3347 1580 3348 1534 3349 2652 3350 1651 3351 2658 3352 2658 3353 1651 3354 1650 3355 1654 3356 1678 3357 1655 3358 1655 3359 1678 3360 1574 3361 3105 3362 3106 3363 3107 3364 3107 3365 3106 3366 3108 3367 3109 3368 3110 3369 3111 3370 3111 3371 3110 3372 3112 3373 3110 3374 3108 3375 3112 3376 3112 3376 3108 3375 3106 3377 1708 3378 1699 3379 1786 3380 1786 3381 1699 3382 1698 3383 1794 3384 1638 256 1679 3385 1679 3385 1638 256 1624 234 1711 3386 1784 3387 1712 3388 1712 3389 1784 3390 1783 3391 3113 3392 3114 3393 3115 3394 3115 3395 3114 3396 3116 3397 1743 3398 1778 3399 1744 3400 1744 3401 1778 3402 1703 3403 1793 3404 1794 3405 3117 3406 3117 3406 1794 3405 1679 3407 1766 3408 1773 3409 1697 3410 1697 3411 1773 3412 1772 3413 1775 3414 1771 3415 1776 3416 1776 3417 1771 3418 1695 3419 3118 3420 2716 3420 3119 3420 3119 3420 2716 3420 2711 3420 3120 570 2714 570 3118 570 3118 570 2714 570 2716 570 1821 3421 1828 3422 1822 3423 1822 3423 1828 3422 3121 3424 3122 3425 1819 3426 3121 3427 3121 3427 1819 3426 1822 3428 3123 3429 1820 3430 3122 3431 3122 3431 1820 3430 1819 3432 3124 1628 3125 3433 3126 3434 3126 3434 3125 3433 3127 3435 1800 3436 1802 3437 1918 3438 1918 3438 1802 3437 2710 3439 2710 3439 1802 3437 2708 3440 2708 3441 1802 3442 1801 3443 2708 3441 1801 3443 2386 3444 3122 3445 3121 3446 3123 3447 3123 3447 3121 3446 1828 3448 3128 3449 3129 3450 1841 3451 1841 3452 3129 3453 1842 3454 1903 3455 2820 3456 3128 3457 3128 3457 2820 3456 3129 3458 3114 3459 3130 3460 3116 3461 3116 3462 3130 3463 3131 3464 3115 3465 1868 3466 3113 3467 3113 3468 1868 3469 1867 3470 3132 3471 1889 3472 1981 3473 1981 3474 1889 3475 1888 3476 3130 3477 1980 3478 3131 3479 3131 3480 1980 3481 1860 3482 3133 1628 3134 1628 3135 1628 3135 1628 3134 1628 3136 1628 2050 3483 1973 3484 3137 3485 3137 3485 1973 3484 1963 3486 1897 3487 3138 3488 1928 3489 1928 3490 3138 3491 3139 3492 2820 3493 1869 3494 3129 3495 3129 3496 1869 3497 1842 3498 3134 3499 3133 3499 2015 3499 2015 3499 3133 3499 2825 3499 1971 3500 2032 3501 3140 3502 3140 3503 2032 3504 3141 1488 1971 3505 3140 3506 1966 3507 1966 3507 3140 3506 2828 3508 2914 3509 2915 3510 2917 3511 2917 3512 2915 3513 2039 3514 2054 3515 3142 3516 2055 3517 2055 3518 3142 3519 2056 3520 2163 3521 3143 3522 2030 3523 2030 3523 3143 3522 2028 3524 2026 3525 3144 3526 2038 3527 2038 3527 3144 3526 3145 3528 3142 3529 2034 3530 2056 3531 2056 3532 2034 3533 2013 3534 3136 1488 3134 1488 3146 1488 3146 3535 3134 3535 2015 3535 2094 3536 2036 3537 2095 3538 3144 3539 3147 3540 3145 3541 3145 3541 3147 3540 2885 3542 3148 3543 2051 3544 3137 3545 3137 3545 2051 3544 2050 3546 2037 3547 2036 3548 2078 3549 2078 3549 2036 3548 2040 3550 2083 3551 3149 3552 2067 3553 2067 3554 3149 3555 2070 3556 3150 3557 3151 3558 3152 3559 3152 3559 3151 3558 3153 3560 3154 3561 3155 3562 3156 3563 3156 3563 3155 3562 3157 3564 2842 3565 2843 3566 3158 3567 3158 3567 2843 3566 3159 3568 3160 3499 2721 3499 3161 3499 3161 3499 2721 3499 2722 3499 2336 3569 2213 3570 2775 3571 2775 3572 2213 3173 2535 3174 2330 3573 2326 3574 2331 3575 2331 3575 2326 3574 2325 3576 3158 3577 3162 3578 2842 3579 2842 3579 3162 3578 2346 3580 2329 3581 3163 3582 2207 3583 2207 3584 3163 3585 2208 3586 3163 3587 3164 3588 2208 3589 2208 3589 3164 3588 2210 3590 3165 3591 3166 3592 2219 3593 2219 3593 3166 3592 2510 3594 3167 3595 2222 3596 3168 3597 3168 3598 2222 3599 2221 3600 3169 3601 3170 3602 3171 3603 3171 3604 3170 3605 3172 3606 3173 3607 3174 3608 3165 3609 3165 3609 3174 3608 3166 3610 2515 3611 2516 3612 2519 3613 2519 3614 2516 2852 2517 2851 3173 3615 3165 3616 2766 3617 2766 3617 3165 3616 2219 3618 2542 3619 3175 3619 2722 3619 2722 3620 3175 3620 3161 3620 3174 3621 3173 3622 2775 3623 2775 3623 3173 3622 2766 3624 3135 3625 3136 3626 2826 3627 2826 3627 3136 3626 3146 3628 3176 3629 2288 3630 3177 3631 3177 3632 2288 3633 2290 3634 2273 3635 3178 3636 3176 3637 3176 3629 3178 3638 2288 3630 2307 3639 2306 3639 2317 3639 2317 3640 2306 3640 2337 3640 2826 3641 2825 3642 3135 3643 3135 3644 2825 3645 3133 1266 2284 3646 2283 3647 3179 3648 3179 3649 2283 3650 3180 3651 3181 3652 2323 3653 3182 3654 3182 3654 2323 3653 2315 3655 3183 3656 2324 3656 3184 3656 3184 3657 2324 3657 2321 3657 3163 3658 2329 3659 3164 3660 3164 3660 2329 3659 2342 1488 3044 3661 2212 3662 3185 3663 3185 3664 2212 3665 2214 3666 2314 3667 2318 3668 2337 3669 2337 3669 2318 3668 2317 3670 2295 1359 2328 1358 2293 3671 2293 3672 2328 3673 3186 3674 2326 3675 2330 3676 2327 3677 2327 3677 2330 3676 2344 3678 2336 3679 3044 3680 3187 3681 3187 3681 3044 3680 3185 3682 2327 3683 2344 3684 2304 3685 2304 3685 2344 3684 2302 3686 2790 3687 2792 3688 3188 3689 3188 3689 2792 3688 3189 3690 3190 3691 2377 3692 3191 3693 3191 3693 2377 3692 3192 3694 2365 3695 2790 3696 3193 3697 3193 3697 2790 3696 3188 3698 3194 3699 3195 3700 2354 3701 2354 3701 3195 3700 2353 3702 3196 3703 3194 3699 2570 3704 2570 3704 3194 3699 2354 3701 2570 3705 2354 3706 2571 3707 2571 3708 2354 1421 1809 1420 3196 3703 3197 3709 3194 3699 3194 3699 3197 3709 2380 3710 3194 3699 2380 3711 3195 3700 3195 3712 2380 3713 3198 3714 3195 3712 3198 3714 2353 3715 2353 3716 3198 3717 2360 3718 2353 3719 2360 3720 1809 3721 2360 3722 3198 3723 2362 3724 2362 3724 3198 3723 2380 3725 3199 3726 3200 3727 2401 3728 2401 3728 3200 3727 2402 3729 2437 3730 2441 3731 2407 3732 2407 3732 2441 3731 2408 1488 2714 3733 3120 3733 2718 3733 2718 3734 3120 3734 3201 3734 2437 3735 2407 3736 2410 3737 2410 3738 2407 3739 2406 3740 2428 3741 3202 3741 2711 3741 2711 3741 3202 3741 3119 3741 2408 3742 2441 3743 2395 3744 2395 3745 2441 3746 2396 3747 2479 3748 2426 3749 2480 3750 2480 3751 2426 3752 2374 3753 2442 1488 2398 3754 3203 3755 3203 3755 2398 3754 3204 3756 3202 3499 2428 3499 3205 3499 3205 3499 2428 3499 2720 3499 2243 570 2723 570 3206 570 3206 570 2723 570 2717 570 3206 3757 2717 3757 3207 3757 3207 3758 2717 3758 2719 3758 2718 3759 3201 3759 2720 3759 2720 3760 3201 3760 3205 3760 3208 1266 3209 3761 2221 3762 2221 3762 3209 3761 3168 3763 2543 3764 3210 3764 3211 3764 3211 3765 3210 3765 3212 3765 2723 3766 2243 3766 2542 3766 2542 3767 2243 3767 3175 3767 3213 3768 3214 3768 3215 3768 3215 3769 3214 3769 3216 3769 3217 3770 3218 3771 3219 3772 3219 3772 3218 3771 3220 3773 3219 3772 3220 3773 3221 3774 3221 3775 3220 3776 3222 3775 3221 3774 3222 3774 3223 3774 3223 3777 3222 3777 3224 3777 3223 3778 3224 3778 3225 3778 3217 3770 3226 3779 3218 3771 3227 3780 3213 3780 3225 3780 3225 3774 3213 3774 3215 3774 3225 3781 3215 3781 3223 3781 3228 3782 3229 3782 3230 3782 3230 3783 3229 3783 3231 3783 3230 3774 3231 3774 3232 3774 3232 3784 3231 3784 3233 3784 3232 3774 3233 3774 3227 3774 3227 3785 3233 3785 3234 3785 3227 3786 3234 3786 3213 3786 3235 3787 3236 3787 3237 3787 3237 3788 3236 3788 3238 3788 3237 3774 3238 3774 3239 3774 3239 3789 3238 3789 3228 3789 3239 3774 3228 3774 3230 3774 3240 3774 3235 3774 3237 3774 3241 3774 3242 3774 3243 3774 3243 3790 3242 3790 3244 3790 3243 3791 3244 3791 3245 3791 3245 3792 3246 3792 3243 3792 3247 3774 3235 3774 3248 3774 3248 3774 3235 3774 3240 3774 3248 3774 3240 3774 3249 3774 3249 3793 3240 3793 3250 3793 3249 3774 3250 3774 3251 3774 3251 3794 3250 3794 3241 3794 3251 3774 3241 3774 3243 3774 3247 3795 3248 3795 3252 3795 3252 3796 3248 3796 3253 3796 3252 3797 3253 3797 3254 3797 3214 3774 3255 3774 3216 3774 3216 3798 3255 3798 3256 3798 3216 3799 3256 3799 3253 3799 3253 3800 3256 3800 3257 3800 3253 3801 3257 3801 3254 3801 1561 3802 1577 3803 1557 3804 1557 3805 1577 3806 1576 3807 3092 3808 1548 3809 3258 3810 3258 3811 1548 3812 1547 3813 3258 3814 1547 3815 3100 3816 3092 3817 3258 3818 3091 3819 3091 3820 3258 3821 1550 3822 1540 3823 1558 3824 1563 3825 1563 3825 1558 3824 1557 3826 1549 3827 1525 3828 1524 3829 3089 3830 1549 3827 2613 3831 2613 3831 1549 3827 1524 3829 2613 3831 1524 3829 2614 1628 2614 1628 1524 3832 2638 1628 2614 1628 2638 1628 2621 1628 3089 3830 2613 3831 3090 3833 3090 3833 2613 3831 2662 3834 3090 3833 2662 3834 3259 3835 3109 3836 3260 3837 2662 3834 2662 3834 3260 3837 3097 3838 2662 3834 3097 3838 3103 3839 1649 3840 1648 3841 2662 3834 2662 3834 1648 3841 3110 3842 2662 3834 3110 3842 3109 3836 2653 3843 1686 3844 2662 3834 2662 3834 1686 3844 3261 3845 2662 3834 3261 3845 1649 3840 3262 3846 1686 3844 1526 3847 1526 3847 1686 3844 2653 3843 1526 3847 2653 3843 1527 1628 1527 1628 2653 3848 1720 1628 1527 1628 1720 1628 1719 1628 3262 3846 1526 3847 1690 3849 1690 3849 1526 3847 1525 3828 1690 3849 1525 3828 3263 3850 3263 3850 1525 3828 3107 3851 3263 3850 3107 3851 3264 3852 3264 3852 3107 3851 3108 3853 3264 3852 3108 3853 3110 3842 3107 3851 1525 3828 3265 3854 3265 3854 1525 3828 1605 3855 1608 3856 3266 3857 1525 3828 1525 3828 3266 3857 3095 3858 1525 3828 3095 3858 1605 3855 1605 3855 3095 3858 3096 3859 1605 3855 3096 3859 3097 3838 1549 3827 3267 3860 1525 3828 1525 3828 3267 3860 3101 3861 1525 3828 3101 3861 3102 3862 1546 3863 3259 3835 3268 3864 3268 3864 3259 3835 2662 3834 3268 3864 2662 3834 3103 3839 3268 3864 3269 3865 1546 3863 1546 3863 3269 3865 1608 3856 1546 3863 1608 3856 3102 3862 3102 3862 1608 3856 1525 3828 1605 3855 3097 3838 3270 3866 3270 3866 3097 3838 3260 3837 3110 3842 1648 3841 3264 3852 1598 3867 3271 3868 3272 3869 3272 3870 3271 3871 3273 3872 3274 3873 3104 3874 3275 3875 3275 3876 3104 3877 3098 3878 3275 3879 3098 3880 3094 3881 3274 3882 3275 3883 3276 3884 3276 3885 3275 3886 1609 3887 3277 3888 1595 3889 3278 3890 3278 3891 1595 3892 1597 3893 3279 3894 2816 3894 3280 3894 3280 1266 2816 1266 2813 1266 3280 3895 2813 3895 3281 3895 3281 1266 2813 1266 3282 1266 3281 3896 3282 3896 3283 3896 3283 1266 3282 1266 3284 1266 3283 3897 3284 3897 3278 3898 3278 3890 3284 1266 3285 1266 3278 3890 3285 1266 3277 3888 3279 1266 1911 1266 2816 1266 2816 3899 1911 3899 1910 3899 2816 1266 1910 1266 2817 1266 1699 3900 1709 3901 1700 3902 1700 3903 1709 3904 1783 3905 1783 3906 1709 3907 1712 3908 1712 3909 1709 3910 1707 3911 1781 3912 2664 3913 1689 3914 1689 3915 2664 3916 1532 3917 1721 419 1722 3918 1731 417 1731 3919 1722 3920 1642 3921 2670 3922 1715 3923 1732 3924 1732 3924 1715 3923 1534 3925 1732 3924 1534 3925 1533 3926 1715 3927 2670 3928 1716 3929 1716 3930 2670 3931 2668 3932 3106 3933 3286 3934 3112 3935 3112 3813 3286 3936 3111 3937 3287 3938 2812 3939 3288 3940 3288 3940 2812 3939 3289 3941 3290 3942 3291 3943 1768 3944 1768 3944 3291 3943 3289 3941 1768 3944 3289 3941 2811 3945 2811 3945 3289 3941 2812 3939 3289 3946 3291 3947 3292 3948 3292 3949 3291 3950 3293 3951 3292 3952 3293 3953 3294 3954 1936 3955 1754 3956 2674 3957 2674 3958 1754 3959 1756 3960 1749 3961 1759 3962 1750 3963 1750 3964 1759 3965 1761 3966 1763 3967 1759 3968 3295 3969 3295 3970 1759 3971 1749 3972 3296 3973 3293 3974 3290 3975 3290 3976 3293 3977 3291 3978 1767 3979 3296 3980 1768 3981 1768 3982 3296 3983 3290 3984 1694 3985 1696 3986 1695 3987 1695 3988 1696 3989 1776 3990 1776 3991 1696 3992 1777 3993 1777 3994 1696 3995 1772 3996 1803 3997 1828 3998 1804 3999 1804 4000 1828 4001 2358 4002 2388 4003 2982 4004 2389 4005 2389 4005 2982 4004 2983 4006 2389 4005 2983 4006 3047 4007 2687 4008 2698 4009 3297 4010 3297 4010 2698 4009 2743 4011 2682 4012 2687 4012 3298 4012 3298 4013 2687 4013 3297 4013 1813 4014 1834 4015 1814 4016 1814 4016 1834 4015 1815 4017 2951 1266 3047 4018 2976 4019 2976 4019 3047 4018 2983 4020 3128 4021 1841 4022 1903 4023 1903 4023 1841 4022 1840 4024 1828 4025 1803 4026 3123 4027 3123 4027 1803 4026 1820 4028 1803 4026 1838 4029 1820 4028 1820 4028 1838 4029 2383 4030 1820 4031 2383 4032 1821 4033 1859 4034 3299 4035 1860 4036 1860 4037 3299 4038 3131 4039 1965 4040 1967 4041 3300 4042 3300 4043 1967 4044 2044 4045 3115 4046 3299 4047 1868 4048 1868 4049 3299 4050 1859 4051 3131 4052 3299 4053 3116 4054 3116 4055 3299 4056 3115 4057 3301 4058 1977 4059 2753 4060 2753 4061 1977 4062 2752 4063 2810 4064 1886 4065 1790 4066 1790 4066 1886 4065 1885 4067 1901 4068 1734 4069 2823 4070 2823 4071 1734 4072 1733 4073 1916 4074 1910 4075 1904 4076 1904 4077 1910 4078 1905 4079 1906 4080 1905 4081 3302 4082 3302 4083 1905 4084 1912 4085 1866 4086 3303 4087 2795 4088 2795 4088 3303 4087 2794 4089 2902 4090 3304 4091 1861 4092 1861 4093 3304 4094 1994 4095 3305 4096 2884 4097 2164 4098 2164 4098 2884 4097 2165 4099 1999 4100 1994 4101 2164 4102 2164 4098 1994 4095 3304 4094 2164 4098 3304 4094 3305 4096 3305 4096 3304 4094 2902 4103 3305 4096 2902 4103 2884 4104 1985 4105 1861 4106 2041 4107 2041 4108 1861 4109 1994 4110 1981 4111 2794 4112 3132 4113 3132 4113 2794 4112 3303 4114 3292 4115 3306 4116 3289 4117 3289 4118 3306 4119 3307 4120 3289 4118 3307 4120 3288 4121 2900 4122 1942 4123 2840 4124 2840 4124 1942 4123 1941 4125 1988 4126 1902 4127 2824 4128 2824 4129 1902 4130 1901 4131 1904 4132 1932 4133 1914 4134 1914 4135 1932 4136 1917 4137 3308 4138 1989 4139 3309 4140 3309 4141 1989 4142 1896 4143 3309 4144 1896 4145 1895 4146 1993 4147 3147 4148 2026 4149 2026 4149 3147 4148 3144 4150 2069 4151 2068 4151 2030 4151 2030 4152 2068 4153 2040 4154 2067 4155 2066 4156 2070 4157 2070 4157 2066 4156 2065 4158 2888 4159 2889 4160 3039 4161 3039 4161 2889 4160 2154 4162 3039 4161 2154 4162 2153 4163 2896 2734 2071 2834 2062 4164 2062 4164 2071 2834 2063 4165 2045 4166 2095 4167 2069 4168 2069 4169 2095 4170 2068 4171 2069 4172 2087 4173 2081 4174 2081 4174 2087 4173 2096 4175 2082 4176 2087 4177 2045 4178 2045 4178 2087 4177 2095 4179 2891 4180 3310 4181 2893 4182 2893 4183 3310 4184 3311 4185 2893 4183 3311 4185 3312 4186 3312 4186 3311 4185 2102 4187 2103 4188 2102 4189 2076 4190 2076 4191 2102 4192 3311 4193 2096 4194 2105 4195 2094 4196 2094 4197 2105 4197 2125 4197 2082 4198 2045 4199 2080 4200 2080 4201 2045 4202 2029 4203 2156 4204 3313 4204 2121 4204 2121 4205 3313 4205 2092 4205 3314 4206 2152 4207 3315 4208 3315 4209 2152 4210 3316 4211 3315 4209 3316 4211 2099 4212 1843 4213 3317 4214 2148 4215 2148 4215 3317 4214 3314 4216 2148 4217 3314 4218 2101 4219 2101 4220 3314 4206 3315 4208 2101 4220 3315 4208 2099 4221 2067 4222 2092 4223 2156 4224 2156 4225 2092 4226 3313 4227 2184 4228 2183 2331 2778 4229 2778 4229 2183 2331 2777 2330 2187 4230 2186 4231 2190 4232 2190 4233 2186 4234 2780 4235 2777 4236 2781 4237 3018 4238 3018 4238 2781 4237 3318 4239 3018 4240 3318 4241 3019 4242 3019 4243 3319 4244 2186 4245 2186 4246 3319 4247 2780 4248 3019 4242 3318 4241 3319 4247 3319 4247 3318 4241 2781 4249 3319 4247 2781 4249 2780 4248 3160 4250 3161 4251 3171 4252 3171 4252 3161 4251 3320 4253 3320 4253 3161 4251 2242 4254 2242 4254 3161 4251 3175 4255 2242 4256 3175 4257 2243 4258 3171 4252 3172 4259 3160 4250 3160 4250 3172 4259 3321 4260 3160 4250 3321 4260 3207 4261 3207 4261 3321 4260 3322 4262 3207 4261 3322 4262 3206 4263 2244 4264 2243 4265 2238 4266 2238 4266 2243 4265 3206 4263 2238 4266 3206 4263 3323 4267 3323 4267 3206 4263 3322 4262 2240 4268 2241 4269 3324 4270 3324 4271 2241 4272 3325 4273 3324 4271 3325 4273 3196 4274 3196 4275 2570 4276 3324 4277 3324 4277 2570 4276 2546 4278 3324 4277 2546 4278 2240 4279 2335 4280 2336 4281 3326 4282 3326 4283 2336 4284 3187 4285 2569 1765 2215 1767 3327 4286 3327 4286 2215 1767 3328 4287 2215 1767 2217 4288 3328 4287 3328 4289 2217 4290 2450 4291 3328 4289 2450 4291 2449 4292 2187 4293 3329 4294 2185 4295 2185 4296 3329 4297 2195 4298 2187 4293 2190 4299 3329 4294 3329 4300 2190 4301 2189 4302 3329 4297 2189 4303 2195 4298 3001 4304 3000 4305 2450 4306 2450 4306 3000 4305 2451 4307 2213 4308 2335 4309 2214 4310 2214 4311 2335 4312 3326 4313 3166 4314 3174 4315 2510 4316 2510 4317 3174 4318 2775 4319 2510 4317 2775 4319 2535 4320 2276 4321 3330 4322 2277 4323 2277 4324 3330 4325 3331 570 3332 4326 2741 4327 3331 4328 3331 4328 2741 4327 2279 4329 3331 4328 2279 4329 2277 1628 3333 4330 3334 4331 3335 4332 3335 4333 3334 4334 3336 4335 2273 4336 2272 4337 3178 4338 3178 4339 2272 4340 2288 4341 3337 4342 3338 4343 2783 4344 2783 4345 3338 4346 2785 4347 3339 4348 3340 4349 3341 4350 3341 4351 3340 4352 3342 4353 2201 4354 2286 4355 2202 4356 2202 4357 2286 4358 2211 4359 2193 4360 2192 4361 3343 4362 3343 4363 2192 4364 2021 4365 3330 4366 3344 4367 3331 4368 3331 4368 3344 4367 3332 4369 2844 4370 2346 4371 3345 4372 3345 4372 2346 4371 3162 4373 3346 1488 3347 1488 3348 1488 3348 1488 3347 1488 3349 1488 3348 4374 3349 4374 3350 4374 1809 3721 2360 3720 2349 4375 2349 4376 2360 4377 2359 4378 2381 4379 2972 4380 2362 4381 2362 4382 2972 4383 2361 4384 2408 1504 2395 4385 2406 1502 2406 1502 2395 4385 3043 4386 2406 4387 3043 4388 2444 4389 2395 4390 2394 4391 3043 4392 3043 4393 2394 4394 2510 4395 3043 4396 2510 4397 2536 4398 2349 4399 2391 4400 1810 4401 1810 4401 2391 4400 3010 4402 2560 4403 2559 4404 2379 4405 2379 4406 2559 4407 1800 4408 2763 4409 2390 4410 2482 4411 2482 4411 2390 4410 2389 4412 3193 4413 3351 4414 2365 4415 2365 4416 3351 4417 2363 4418 3352 4419 2498 4420 2380 4421 2380 4421 2498 4420 2381 4422 2459 1488 1956 1488 3011 1488 3011 1488 1956 1488 1955 1488 2435 4423 2434 4424 2462 4425 2462 4425 2434 4424 3353 4426 3353 4427 2434 4427 3354 4427 3354 4428 2434 4428 2481 4428 2386 4429 2366 4430 2429 4431 2429 4431 2366 4430 3355 4432 2429 4433 3355 4434 2427 4435 2460 4436 3012 4437 2557 4438 2557 4439 3012 4440 2556 4441 3356 4442 2431 4443 2507 4444 2507 4444 2431 4443 2430 4445 2507 4444 2430 4445 2502 4446 2494 4447 3357 4448 2419 4449 2419 4450 3357 4451 3358 4452 2419 4453 3358 4454 2404 4455 2249 4456 2264 4457 2250 4458 2250 4459 2264 4460 2427 4461 2250 4462 2427 4463 3355 4464 3322 4465 2550 4466 3323 4467 3323 4468 2550 4469 2238 4470 2532 4471 2533 4472 3025 4473 3025 4474 2533 4475 2801 4476 2467 4477 1486 4478 3359 4479 3359 4480 1486 4481 1485 4482 2538 4483 2569 4484 2539 4485 2539 4485 2569 4484 3045 4486 2494 4487 2757 4488 3360 4489 3360 4489 2757 4488 2755 4490 1489 4491 1494 4492 1490 4493 1490 4493 1494 4492 1496 4494 1490 4493 1496 4494 1498 4495 1500 4496 1505 4497 1498 4498 1498 4495 1505 4499 2574 4500 1498 4495 2574 4500 1490 4493 2640 4501 2638 4502 1523 4503 1523 4504 2638 4505 1524 4506 1549 4507 1551 4508 3267 4509 3267 4510 1551 4511 3099 4512 3267 4510 3099 4512 3101 4513 1546 4514 1548 4515 3259 4516 3259 4517 1548 4518 3092 4519 3259 4517 3092 4519 3090 4520 2622 4521 2623 4522 2628 4523 2628 4524 2623 4525 2645 4526 2628 4524 2645 4526 2595 4527 1608 4528 1610 4529 3266 4530 3266 4531 1610 4532 3093 4533 3266 4531 3093 4533 3095 4534 3276 4535 3268 4536 3274 4537 3274 4538 3268 4539 3103 4540 3274 4538 3103 4540 3104 4541 1553 4542 3361 4543 1554 4544 1554 4545 3361 4546 1521 4547 1554 4548 1521 4549 2644 4550 2627 1906 2626 4551 2619 1915 2619 4552 2626 4553 2611 4554 2619 1882 2611 4555 2610 1873 3268 4556 3276 4557 3269 4558 3269 4559 3276 4560 1609 4561 3269 4559 1609 4561 1608 4562 3100 4563 3099 4564 3258 4565 3258 4566 3099 2079 1551 4567 3258 4568 1551 4569 1550 4570 1554 4548 2644 4550 1552 4571 1552 4572 2644 4573 1596 4574 1552 4572 1596 4574 1556 4575 2076 4576 2890 4577 2075 4578 2075 4578 2890 4577 2061 4579 2891 4580 2890 4577 3310 4581 3310 4581 2890 4577 2076 4576 3310 4581 2076 4576 3311 4582 3094 4583 3093 4584 3275 4585 3275 4586 3093 4587 1610 4588 3275 4589 1610 4590 1609 4591 1656 4592 1655 4593 1573 4594 1573 4594 1655 4593 1574 4595 1672 4596 1671 4597 1573 4594 1573 4594 1671 4597 3362 4598 1573 4594 3362 4598 1656 4592 1656 4592 3362 4598 3363 4599 3364 4600 3260 4601 3365 4602 3365 4603 3260 4604 3109 4605 3365 4603 3109 4605 3111 4606 3260 4607 3364 4608 3270 4609 3270 4610 3364 4611 1606 4612 3270 4610 1606 4612 1605 4613 3366 4614 3277 4615 3367 4616 3367 4616 3277 4615 3368 4617 3367 4616 3368 4617 1660 4618 1660 4619 3368 4620 1661 4621 1555 4622 1556 4623 3366 4624 3366 4614 1556 4625 1595 4626 3366 4614 1595 4626 3277 4615 2671 4627 3264 4628 2672 4629 2672 4630 3264 4631 1648 4632 2672 4630 1648 4632 1647 4633 1573 4634 1669 4635 1672 4636 1672 4637 1669 4638 1670 4639 2582 1789 3369 4640 1584 1787 1584 4641 3369 4642 1585 4643 3264 4644 2671 4645 3263 4646 3263 4647 2671 4532 1691 4648 3263 4649 1691 343 1690 342 1594 2670 1592 4650 2869 2691 2869 4651 1592 4652 1591 4653 1619 4654 3272 4655 1618 4656 1618 4656 3272 4655 3273 4657 1647 4658 1649 4659 3370 4660 3370 4661 1649 4662 3261 4663 3370 4661 3261 4663 1688 4606 1688 4664 3261 4665 1686 4666 1618 4667 3273 4668 1617 4669 1617 4669 3273 4668 3271 4670 1599 4671 1598 4672 1619 4673 1619 4673 1598 4672 3272 4674 1603 4675 1590 4676 1619 4677 1619 4678 1590 4679 1582 4680 1619 4681 1582 4682 1599 4683 1599 4683 1582 4682 1588 4684 1599 4683 1588 4684 1600 4685 1690 4686 1692 4687 3262 4688 3262 4689 1692 4690 1687 4691 3262 4689 1687 4691 1686 4692 1606 4693 3364 4694 3286 4695 3286 4696 3364 4697 3365 4698 3286 4699 3365 4700 3111 3809 2058 4701 2872 4702 3035 4703 3035 4703 2872 4702 1677 4704 3035 4703 1677 4704 1676 4705 1617 4706 3271 4707 1600 4708 1600 4709 3271 4710 1598 4711 3362 4712 3371 4713 3363 4714 3363 4715 3371 4716 1654 4717 3363 4715 1654 4717 1656 4718 1671 4719 1673 4720 3362 4721 3362 4722 1673 4723 3371 4724 1605 4725 1607 4726 3265 4727 3265 4728 1607 4511 3105 4729 3265 4728 3105 4729 3107 4730 1651 4731 2603 4732 1652 4733 1652 4734 2603 4735 2602 4736 1652 4737 2602 4738 1789 4739 1789 4740 2602 4741 1792 4742 1789 4743 1792 4744 1787 4745 1787 513 1792 543 1788 514 1783 4746 1785 4747 1700 4748 1700 4749 1785 4750 1698 4751 3106 4752 3105 2046 3286 4753 3286 4754 3105 2079 1607 4567 3286 4755 1607 4756 1606 4757 1529 403 1527 4758 1718 401 1718 4759 1527 4760 1719 4761 1660 295 1659 294 1663 4762 1663 4762 1659 294 1667 4763 3372 4764 3295 4765 1927 4766 1927 4767 3295 4768 1749 4769 1635 4770 1731 4771 1639 4772 1639 4773 1731 4774 1642 4775 1639 4773 1642 4775 1641 4776 1635 4777 1532 4778 1721 4779 1721 4780 1532 4781 1531 4782 1721 4783 1531 4784 1529 4785 2810 4786 2812 4787 1886 4788 1886 4789 2812 4790 3287 4791 1886 4792 3287 4793 1887 4794 1624 4795 1623 4796 1680 4797 1680 4798 1623 4799 2809 4800 1680 4801 2809 4802 1684 4803 1684 4804 2809 4805 2808 4806 1684 4807 2808 4808 1685 4809 1685 4809 2808 4808 2807 4810 1685 4809 2807 4810 1729 4811 1647 4812 3370 4813 2663 4814 2663 4815 3370 3808 1688 4816 2733 4817 2732 4818 3373 4819 3373 4820 2732 4821 1758 4822 3373 4823 1758 4824 1757 4825 1714 4826 1855 4827 1779 4828 1779 4828 1855 4827 1857 4829 1760 4830 1893 4831 1761 4832 1761 4833 1893 4834 1764 4835 1762 4836 1763 4837 3372 4838 3372 4839 1763 4840 3295 4841 1767 4842 1765 4843 3296 4844 3296 4845 1765 4846 1747 4847 3296 4845 1747 4847 3293 4848 3293 4849 1747 4850 1736 4851 1679 3407 1681 4852 3117 3406 3117 3406 1681 4852 1705 4853 3117 3406 1705 4853 1793 4854 1793 4855 1705 4856 3374 4857 1775 4858 1777 4859 1774 4860 1774 4861 1777 4862 1772 4863 1808 4864 3125 4865 1849 4866 1849 4867 3125 4868 3124 4869 1812 566 1814 568 2150 4870 2150 4870 1814 568 1815 4871 2150 4870 1815 4871 1817 4872 1849 4873 3124 4874 3375 4875 3375 4875 3124 4874 3126 4876 3298 4877 3297 4878 2748 4879 2748 4880 3297 4881 2743 4882 3375 4883 3126 4884 1807 4885 1807 4885 3126 4884 3127 4886 2155 4887 2136 4888 2139 4889 2139 4889 2136 4888 2135 4890 1834 4891 3376 4892 1832 4893 1832 4894 3376 4895 2789 4896 1832 4897 2789 4898 1833 4899 2682 4900 3298 4901 2680 4902 2680 4903 3298 4904 2748 4905 3125 4906 1808 4907 3127 4908 3127 4909 1808 4910 1807 4911 3377 4912 3378 4913 3379 4914 3379 4915 3378 4916 3380 4917 1830 585 1829 584 2709 4918 2709 4919 1829 4920 1918 4921 2709 4919 1918 4921 2710 4922 3381 4923 3382 4924 3377 4925 3377 4925 3382 4924 2137 4926 3377 4927 2137 4928 3378 4929 3378 4929 2137 4928 2135 4930 3378 4929 2135 4930 2134 4931 1966 4932 1965 4933 2031 4934 2031 4935 1965 4936 1908 4937 3382 4924 3381 4923 3383 4938 3383 4939 3381 4940 3384 4941 3383 4939 3384 4941 3385 4942 3386 4943 3384 4944 3387 4945 3387 4946 3384 4947 3381 4948 3387 4949 3381 4950 3388 4951 1913 702 3384 4944 1912 700 1912 700 3384 4944 3386 4943 1912 700 3386 4943 3389 4952 3389 4952 3386 4943 3387 4953 1847 4954 2819 4955 1846 4956 1846 4956 2819 4955 3390 4957 1846 4956 3390 4957 3317 4958 3317 4959 3390 4960 3391 4961 3317 4962 3391 4963 3314 4964 3314 4965 3391 4966 2146 4967 3314 4968 2146 4969 2152 4970 3317 4971 1843 4972 1846 4973 1846 4974 1843 4975 1799 4976 1889 4977 3132 4978 1865 4979 1865 4979 3132 4978 3303 4980 1865 4979 3303 4980 1866 4981 1897 4982 1929 4983 1895 4984 1895 4985 1929 4986 3309 4987 1866 4988 2795 4989 1864 4990 1864 4991 2795 4992 1890 4993 3141 4994 2829 4995 3140 4996 3140 4996 2829 4995 2828 4997 1698 4998 1790 4998 1774 4998 1711 4999 1710 5000 1784 5001 1784 570 1710 5002 1790 570 1784 570 1790 570 1785 570 1785 570 1790 570 1698 570 1693 5003 1786 5003 1766 5003 1766 5004 1786 5004 1698 5004 1766 570 1698 570 1773 570 1773 570 1698 570 1774 570 1764 570 1893 570 1790 570 1790 5005 1893 5005 1762 5005 1790 570 1762 570 1774 570 1774 5006 1762 5006 3392 5006 1774 5007 3392 5008 1775 5009 1775 570 3392 570 1771 570 3113 570 1867 570 3392 570 3392 5010 1867 5010 1858 5010 3392 570 1858 570 2702 5011 2702 5012 1858 570 1980 5013 2702 5012 1980 5013 1790 5014 1790 5015 1980 5016 1748 5017 1790 5018 1748 5018 1764 5018 3113 5019 3392 5019 1762 5019 1762 570 3372 570 3113 570 3113 570 3372 570 1927 570 3113 5020 1927 5020 3114 5020 3114 5021 1927 5021 1748 5021 3114 570 1748 570 3130 570 3130 570 1748 570 1980 570 2704 2150 2703 2158 1885 5022 1885 5023 2703 5024 2702 5012 1885 5023 2702 5012 1790 5014 1705 5025 1704 5026 3374 5027 3374 5027 1704 5026 1710 5000 3374 5027 1710 5000 3392 5028 3392 5028 1710 5000 1711 4999 3392 5029 1711 5030 1693 5031 1693 570 1711 570 1706 570 1693 570 1706 570 1786 570 1771 570 3392 570 1693 570 1928 5032 1973 5033 2052 5034 2052 5035 1973 5036 2050 5037 2735 5038 2733 5039 2731 5040 2731 5040 2733 5039 3373 5041 2731 5040 3373 5041 1902 5042 1902 5042 3373 5041 1757 5043 1902 5042 1757 5043 1734 5044 1734 5044 1757 5043 1735 5045 2124 5046 3393 5047 2122 5048 3394 5049 3395 5050 3393 5051 3393 5051 3395 5050 2788 5052 3393 5051 2788 5052 3396 5053 3396 5053 2788 5052 2789 5054 3396 5053 2789 5054 2123 5055 3397 5056 1854 5057 3398 1628 3398 1628 1854 5057 3399 1628 3399 1628 1854 5057 3400 5058 3400 5058 1854 5057 3401 5059 3400 5058 3401 5059 3402 5060 3402 5060 3401 5059 3403 5061 3402 5060 3403 5061 3404 5062 3404 5062 3403 5061 2084 5063 3404 5062 2084 5063 2091 5064 1854 5057 1849 5065 3375 5066 1806 5067 3376 5068 1826 5069 3405 5070 2788 5052 3395 5050 3143 5071 3394 5049 2028 5072 2028 5072 3394 5049 3393 5051 2028 5073 3393 5047 2046 5074 2046 5074 3393 5047 2124 5046 2159 5075 2158 5076 3397 5056 3397 5056 2158 5076 2046 5074 3397 5056 2046 5074 1854 5057 1854 5057 2046 5074 2124 5046 1854 5057 2124 5046 1848 5077 1848 5077 2124 5046 2123 5078 1848 5079 2123 5055 1806 5067 1806 5067 2123 5055 2789 5054 1806 5067 2789 5054 3376 5068 3403 5061 3401 5059 3406 5080 3406 5080 3401 5059 2021 5081 3406 5080 2021 5081 3407 5082 3407 5082 2021 5081 2310 5083 3407 5082 2310 5083 2309 5084 1807 5085 1826 5086 3375 5066 3375 5066 1826 5086 3401 5059 3375 5066 3401 5059 1854 5057 2316 5087 2345 5088 3408 5089 3408 5089 2345 5088 2788 5052 3408 5089 2788 5052 2339 5090 2339 5090 2788 5052 3405 5070 2339 5090 3405 5070 3409 1628 2339 5090 2338 5091 3408 5089 3410 1628 3411 5092 2339 5090 2339 5090 3411 5092 1997 5093 2339 5090 1997 5093 3412 5094 3412 5094 1997 5093 2085 5095 3412 5094 2085 5095 3403 5061 3403 5061 2085 5095 2084 5063 2339 5090 3409 1628 3410 1628 2049 5096 1998 5097 3411 5092 3411 5092 1998 5097 1997 5093 2345 5098 2310 5083 2192 5099 2192 5099 2310 5083 2021 5081 3407 5082 2309 5084 3412 5094 3412 5094 2309 5084 2339 5090 3138 5100 3413 5101 3139 5102 3139 5102 3413 5101 3414 5103 1932 5104 1904 5105 1984 5106 1984 5107 1904 5108 1906 5109 2039 5110 2915 5111 2041 5112 2041 5112 2915 5111 3415 5113 2041 5114 3415 5115 1985 5116 2915 5117 2904 5118 3415 5119 3415 5119 2904 5118 1862 5120 3415 5119 1862 5120 1985 5121 2193 5122 3343 5123 2020 5124 2020 5125 3343 5126 2021 5127 1909 5128 3416 5129 1907 5130 1907 5130 3416 5129 2025 5131 1999 5132 2165 5133 2012 5134 2012 5134 2165 5133 2885 5135 2012 5134 2885 5135 1995 5136 2176 5137 2947 5138 3417 5139 3417 5140 2947 5141 1978 5142 3417 5143 1978 5144 3301 5145 3301 5146 1978 5147 1977 5148 2177 5149 2176 5150 2753 5151 2753 5151 2176 5150 3417 5152 2753 5153 3417 5143 3301 5145 2000 5154 2002 5155 2006 5156 2006 5157 2002 5158 2054 5159 2885 5160 3147 5161 1995 5162 1995 5163 3147 5164 1993 5165 2043 5166 1833 5167 2786 5168 2786 5168 1833 5167 2787 5169 2049 5170 2048 5171 1998 5172 1998 5173 2048 5174 1996 5175 1977 5176 2831 2589 2752 5177 2752 5177 2831 2589 1976 793 2752 5178 1976 5179 2056 5180 2056 5180 1976 5179 2027 5181 2885 5182 2917 5183 3145 5184 3145 5184 2917 5183 2039 5185 3145 5184 2039 5185 2038 5186 2162 5187 2741 5188 3418 5189 3418 5189 2741 5188 3332 5190 2032 5191 2033 5192 3141 5193 3141 5194 2033 5195 2829 5196 3148 5197 3137 5198 1964 5199 1964 5199 3137 5198 1963 5200 3396 5201 3152 5202 3393 5203 3393 5203 3152 5202 3153 5204 2036 5205 2095 5206 2040 5207 2002 5208 2001 5209 2054 5210 2054 5210 2001 5209 2034 5211 2054 5212 2034 5213 3142 5214 1928 5215 3139 5216 1964 5217 1964 5217 3139 5216 3414 5218 1964 5217 3414 5218 3148 5219 3148 5219 3414 5218 3308 5220 3148 5219 3308 5220 2051 5221 2051 5221 3308 5220 3309 5222 2051 5221 3309 5222 2052 5223 2052 5223 3309 5222 1929 5224 2052 5223 1929 5224 1928 5225 2053 5226 2042 5227 2077 5228 2070 5229 3149 5230 1996 5231 1996 5232 3149 5233 1997 5234 3157 5235 3407 5236 3156 5237 3156 5237 3407 5236 3412 5238 3407 5239 3157 5240 3406 5241 3406 5241 3157 5240 3155 5242 3393 5243 3153 5244 2122 5245 2122 5245 3153 5244 3151 5246 1997 5247 3149 5248 2085 5249 2085 5249 3149 5248 2083 5250 2125 5251 2096 5252 2094 5253 2069 5254 2081 5255 2086 5256 2086 5257 2081 5258 2157 5259 2096 5260 2125 5261 2078 5262 2078 5262 2125 5261 2037 5263 2893 5264 3312 5265 2104 5266 2104 5267 3312 5268 2102 5269 3419 5270 3420 5271 3421 5272 3421 5272 3420 5271 3340 5273 3421 5274 3340 5275 3339 5276 2952 5277 2073 5278 2071 5279 2071 5280 2073 5281 2072 5282 3404 5283 2091 5284 3422 5285 3422 5285 2091 5284 2047 5286 3422 5285 2047 5286 3423 5287 3423 5287 2047 5286 2049 5288 3423 5287 2049 5288 3424 5289 3424 5289 2049 5288 3411 5290 3424 5289 3411 5290 3425 5291 3425 5291 3411 5290 3410 5292 3425 5291 3410 5292 3426 5293 3426 5293 3410 5292 3409 5294 3426 5293 3409 5294 3427 5295 3427 5295 3409 5294 3405 5296 3427 5295 3405 5296 3428 5297 3428 5297 3405 5296 3395 5298 3428 5297 3395 5298 3429 5299 3429 5299 3395 5298 3394 5300 3429 5299 3394 5300 3430 5301 3430 5301 3394 5300 3143 5302 3430 5301 3143 5302 2163 5303 3430 5301 2163 5303 3431 5304 3431 5304 2163 5303 2159 5305 3431 5304 2159 5305 3432 5306 3432 5306 2159 5305 3397 5307 3432 5306 3397 5307 3433 5308 3433 5308 3397 5307 3398 5309 3433 5308 3398 5309 3434 5310 3434 5310 3398 5309 3399 5311 3434 5310 3399 5311 3435 5312 3435 5312 3399 5311 3400 5313 3435 5312 3400 5313 3436 5314 3436 5314 3400 5313 3402 5315 3436 5314 3402 5315 3437 5316 3437 5316 3402 5315 3404 5283 3437 5316 3404 5283 3422 5285 2123 5317 3150 5318 3396 5319 3396 5319 3150 5318 3152 5320 2046 5321 2105 5322 2080 5323 2080 5323 2105 5322 2157 5324 2080 5323 2157 5324 2081 5325 2121 5326 2048 5327 2156 5328 2156 5329 2048 5330 2047 5331 3406 5332 3155 5333 3403 5334 3403 5334 3155 5333 3154 5335 3150 5336 2123 5337 3151 5338 3151 5338 2123 5337 2122 5339 3156 5340 3412 5341 3154 5342 3154 5342 3412 5341 3403 5343 2099 5344 3316 5345 2145 5346 2145 5346 3316 5345 2152 5347 2836 5348 3076 5349 2130 5350 2130 5351 3076 3268 3077 3270 3433 1628 3434 1628 3432 1628 3432 1628 3434 1628 3435 1628 3432 1628 3435 1628 3431 1628 3431 1628 3435 1628 3436 1628 3431 1628 3436 1628 3430 1628 3430 1628 3436 1628 3437 1628 3430 1628 3437 1628 3429 1628 3429 1628 3437 1628 3422 1628 3429 1628 3422 1628 3428 1628 3428 1628 3422 1628 3423 1628 3428 1628 3423 1628 3427 1628 3427 1628 3423 1628 3424 1628 3427 1628 3424 1628 3426 1628 3426 1628 3424 1628 3425 1628 2242 5352 3438 5353 3320 5354 3320 5355 3438 5356 3169 5357 3320 5358 3169 5359 3171 5360 3170 5361 3169 5362 3439 5363 3439 5363 3169 5362 3438 5364 3439 5363 3438 5364 3440 5365 3440 5365 3438 5364 2237 5366 3440 5365 2237 5366 2550 5367 2550 5367 2237 5366 2239 5368 2928 5369 2966 5370 2930 5371 2930 5371 2966 5370 3016 5372 2930 5371 3016 5372 2932 5373 2932 5373 3016 5372 2519 5374 2932 5373 2519 5374 2518 5375 3441 5376 2779 5377 2267 5378 2267 5379 2779 5380 2265 5381 2200 5382 2209 5383 2205 5384 2205 5385 2209 5386 2342 5387 2241 5388 2969 5389 3325 5390 3325 5391 2969 5392 2965 5393 3325 5394 2965 5395 3196 5396 2778 5397 3442 5398 2184 5399 2184 5400 3442 5401 3443 5402 3442 5403 3441 5404 3443 5405 3443 5405 3441 5404 2267 5406 3443 5405 2267 5406 2266 5407 2779 5408 3441 5409 2778 5410 2778 5411 3441 5412 3442 5413 2342 5414 2209 5415 3164 5416 3164 5416 2209 5415 2210 5417 2544 5418 2543 5419 3444 5420 3444 5421 2543 5422 3211 5423 3445 5424 2453 5425 2503 5426 2503 5427 2453 5428 2461 5429 3445 5430 3446 5431 2453 5432 2453 5433 3446 5434 3447 5435 2453 5436 3447 5437 2568 5438 2568 5438 3447 5437 3448 5439 3446 5434 3448 5440 3447 5435 3449 5441 3450 5442 3451 5443 3451 5444 3450 5445 2540 5446 3451 5444 2540 5446 2251 5447 2251 5448 2540 5449 2263 5450 2251 5448 2263 5450 2249 5451 2251 5452 3448 5453 3451 5454 3451 5454 3448 5453 3446 5455 3451 5443 3446 5456 3449 5441 3449 5457 3446 5458 3445 5459 3449 5457 3445 5459 2505 5460 2505 5460 3445 5459 2503 5461 2546 5462 2548 5463 3452 5464 3452 5465 2548 5466 3004 5467 3452 5465 3004 5467 3005 5468 2221 5469 2223 5470 3208 5471 3208 5471 2223 5470 3453 5472 3170 5473 3439 5474 3172 5475 3172 5476 3439 5477 3440 5478 3172 5476 3440 5478 3321 5479 3005 5480 2197 5481 3452 5482 3452 5483 2197 5484 2240 5485 3452 5486 2240 5487 2546 5488 3212 5489 3454 5490 3211 5491 3211 5491 3454 5490 3444 5492 2965 5493 3455 5494 3196 5495 3196 5495 3455 5494 3197 5496 2498 5497 3352 4419 2499 5498 2499 5498 3352 4419 2964 5499 2499 5498 2964 5499 2926 5500 2380 4421 3197 5496 3352 4419 3352 4419 3197 5496 3455 5494 3352 4419 3455 5494 2964 5499 2964 5499 3455 5494 2965 5501 2238 5502 2237 5503 2244 5504 2244 5504 2237 5503 3438 5505 2244 5506 3438 5507 2242 5508 2184 5509 3443 5510 2182 5511 2182 5512 3443 5513 2266 5514 3456 5515 2017 5516 3457 5517 3457 5517 2017 5516 2019 5518 3458 5519 3457 5520 3459 5521 3459 5521 3457 5520 2019 5522 2328 5523 2298 5524 3460 5525 3460 5526 2298 5527 2299 5528 2255 5529 2257 5530 2253 5531 2253 5531 2257 5530 2258 5532 2253 5531 2258 5532 2252 5533 2252 5534 2258 5534 2259 5534 2252 5535 2259 5535 2320 5536 2320 5537 2259 5538 3461 5539 2320 5537 3461 5539 3462 5540 2300 5541 3183 5542 3463 5543 3463 5543 3183 5542 3184 5544 3182 5545 3408 5546 3181 5547 3181 5547 3408 5546 2338 5548 2271 5549 2200 5550 3464 5551 3464 5551 2200 5550 2203 5552 3464 5551 2203 5552 2204 5553 3460 5554 2299 5555 3465 5556 3465 5557 2299 5558 3335 5559 3465 5560 3335 5561 3336 5562 2305 5563 2307 5564 2319 5565 2319 5566 2307 5567 2317 5568 2321 5569 2322 5570 3184 5571 3184 5572 2322 5573 3463 5574 3183 5575 2300 5576 2324 5577 2324 5577 2300 5576 2301 5578 3408 5579 3182 5580 2316 5581 2316 5581 3182 5580 2315 5582 3181 5583 2338 5584 2323 5585 2323 5586 2338 5587 2308 5588 2206 5589 2211 1307 2296 5590 2296 5590 2211 1307 2285 1309 2296 5591 2285 5592 2284 5593 3334 5594 3186 5595 2305 5596 2305 5596 3186 5595 2328 5597 2305 5598 2328 5599 2314 5600 2314 5600 2328 5599 3460 5601 2314 5600 3460 5601 3465 5602 2314 5600 3465 5602 2318 5603 2318 5603 3465 5602 3336 5604 2318 5603 3336 5604 3334 5594 2305 5596 2319 5605 3334 5594 3334 5594 2319 5605 2318 5603 2844 5606 3345 5607 2843 5608 2843 5608 3345 5607 3159 5609 3162 5610 3158 5611 3345 5612 3345 5612 3158 5611 3159 5613 2214 5614 3326 5615 3185 5616 3185 5616 3326 5615 3187 5617 2259 5618 2232 5619 3461 5620 3461 5620 2232 5619 2231 5621 3461 5620 2231 5621 3462 5622 3462 5622 2231 5621 2228 5623 3462 5622 2228 5623 2320 5624 2320 5625 2228 5626 2229 5627 2454 5628 3466 5629 2455 5630 2455 5631 3466 5632 3467 5633 2455 5631 3467 5633 2469 5634 2469 5634 3467 5633 3468 5635 2469 5634 3468 5635 1837 5636 1837 5636 3468 5635 3469 5637 1837 5636 3469 5637 1835 5638 1835 5638 3469 5637 3470 5639 1835 5640 3470 5641 1836 5642 2439 5643 3471 5644 2468 5645 2468 5645 3471 5644 3472 5646 2468 5645 3472 5646 2493 5647 2493 5647 3472 5646 3473 5648 2493 5647 3473 5648 2456 5649 2456 5649 3473 5648 3474 5650 2456 5649 3474 5650 2454 5651 2454 5651 3474 5650 3466 5652 2438 5653 2440 5654 3475 5655 3475 5656 2440 5657 3476 5658 3475 5656 3476 5658 3214 5659 3214 5659 3476 5658 3255 5660 2440 5657 1851 5661 3476 5658 3476 5658 1851 5661 1850 5662 3476 5658 1850 5663 3255 5660 3255 5660 1850 5663 3256 5664 3256 5665 1850 5666 3477 5667 3256 5665 3477 5667 3257 5668 3257 5668 3477 5667 3478 5669 3257 5668 3478 5669 3254 5670 3254 5670 3478 5669 3479 5671 3254 5670 3479 5671 3252 5672 3252 5672 3479 5671 3470 5673 3252 5672 3470 5673 3247 5674 3247 5674 3470 5673 3469 5637 3247 5674 3469 5637 3235 5675 3235 5675 3469 5637 3468 5635 3235 5675 3468 5635 3236 5676 3236 5676 3468 5635 3467 5633 3236 5676 3467 5633 3238 5677 3238 5677 3467 5633 3466 5678 3238 5677 3466 5678 3228 5679 3228 5679 3466 5678 3474 5650 3228 5679 3474 5650 3229 5680 3229 5680 3474 5650 3473 5648 3229 5680 3473 5648 3231 5681 3231 5681 3473 5648 3472 5646 3231 5681 3472 5646 3233 5682 3233 5682 3472 5646 3471 5644 3233 5682 3471 5644 3234 5683 3234 5683 3471 5644 3480 5684 3234 5683 3480 5684 3213 5685 1850 5666 1852 5686 3477 5667 3477 5667 1852 5686 2822 5687 3477 5667 2822 5687 3478 5669 3478 5669 2822 5687 2821 5688 3478 5669 2821 5689 3479 5671 3479 5671 2821 5689 1836 5690 3479 5671 1836 5690 3470 5691 3214 5659 3213 5685 3475 5656 3475 5656 3213 5685 3480 5684 3475 5655 3480 5692 2438 5653 2826 5693 3481 5694 2827 5695 2827 5695 3481 5694 2311 5696 2827 5695 2311 5696 2343 5697 3482 5698 3200 5699 3483 5700 3483 5700 3200 5699 3199 5701 3189 5702 3484 5703 3188 5704 3188 5704 3484 5703 3351 5705 3188 5704 3351 5705 3193 5706 2372 5707 2370 5708 3118 5709 3118 5709 2370 5708 2369 5710 3118 5709 2369 5710 3120 5711 3120 5711 2369 5710 2473 5712 3120 5711 2473 5712 2476 5713 3202 5714 2372 5707 3119 5715 3119 5715 2372 5707 3118 5709 3205 5716 2480 5717 3202 5714 3202 5714 2480 5717 2374 5718 3202 5714 2374 5718 2372 5707 3201 5719 2476 5713 3205 5716 3205 5716 2476 5713 2478 5720 3205 5716 2478 5720 2480 5717 2476 5713 3201 5719 3120 5711 3485 5721 3192 5722 2376 5723 2376 5723 3192 5722 2377 5724 2431 5725 3356 5726 2443 5727 2443 5727 3356 5726 3485 5721 2443 5727 3485 5721 2399 5728 2399 5728 3485 5721 2376 5723 2399 5728 2376 5723 2378 5729 2791 5730 3484 5731 2792 5732 2792 5732 3484 5731 3189 5733 2363 5734 3351 5735 2791 5736 2791 5736 3351 5735 3484 5737 2470 5738 3486 5739 2471 5740 2471 5741 3486 5742 3487 5743 3483 5744 3199 5745 3488 5746 3488 5746 3199 5745 2401 5747 2398 5748 2378 5749 3204 5750 3204 5751 2378 5752 2377 5753 3482 5754 2400 5755 2402 5756 3482 5754 2402 5756 3200 5757 2471 5758 3487 5759 2432 5760 2432 5760 3487 5759 2424 5761 2401 1497 2400 1496 3488 5762 2474 5763 2473 5764 3050 5765 3050 5766 2473 5767 2369 1442 3050 5766 2369 1442 2368 1441 2462 5768 3353 5769 2466 5770 2466 5770 3353 5769 3354 5771 2415 5772 2466 5773 2481 5774 2481 5774 2466 5773 3354 5775 3204 5776 2377 5777 3203 5778 3203 5778 2377 5777 2431 5779 2481 5780 2434 5781 2445 5782 2445 5783 2434 5784 2406 5785 2424 5786 3487 5787 2425 5788 2425 5788 3487 5787 3486 5789 2425 5788 3486 5789 2433 5790 2507 5791 2506 5792 3356 5793 3356 5793 2506 5792 3485 5794 2763 5795 2991 5796 2390 5797 2390 5798 2991 5799 2985 5800 2390 5801 2985 5802 2388 5803 2388 5804 2985 5805 2981 5806 3471 5807 2439 5808 3480 5809 3480 5810 2439 5811 2438 5812 1809 5813 1811 5814 2571 5815 2571 5816 1811 5817 2547 5818 2571 5819 2547 5820 2546 5821 3486 5822 2470 5823 2433 5824 2433 5825 2470 5826 2436 5827 2443 5828 2442 5829 2431 5830 2431 5831 2442 5832 3203 5833 3489 5834 2793 5835 3490 5836 3490 5836 2793 5835 2472 5837 2127 5838 3033 5839 3034 5840 3031 5841 3030 5842 3038 5843 3030 5842 3032 5844 3040 5845 2924 5846 2925 5847 2927 5848 2919 5849 2918 5850 2933 5851 3052 5852 3067 5853 2918 5850 2918 5850 3067 5853 3068 5854 2918 5850 3068 5854 2933 5851 2933 5851 3068 5854 3069 5855 2933 5851 3069 5855 2931 5856 2931 5856 3069 5855 3070 5857 2931 5856 3070 5857 2929 5858 2929 5858 3070 5857 3071 5859 2929 5858 3071 5859 2927 5848 2927 5848 3071 5859 3072 5860 2927 5848 3072 5860 2924 5846 2924 5846 3072 5860 3087 5861 2924 5862 3087 5863 2922 5864 2922 5864 3087 5863 3086 5865 2922 5864 3086 5865 2921 5866 2921 5866 3086 5865 3085 5867 2921 5866 3085 5867 3040 5845 3040 5845 3085 5867 3083 5868 3040 5845 3083 5868 3030 5842 3030 5842 3083 5868 3081 5869 3030 5842 3081 5869 3080 5870 3052 5871 2918 5872 3054 5873 3054 5873 2918 5872 2936 5874 3054 5873 2936 5874 3056 5875 3056 5875 2936 5874 2937 5876 3056 5875 2937 5876 3058 5877 3058 5877 2937 5876 2128 5878 3058 5877 2128 5878 3060 5879 3060 5879 2128 5878 2127 5880 3060 5881 2127 5838 3062 5882 3062 5882 2127 5838 3034 5840 3062 5882 3034 5840 3063 5883 3063 5883 3034 5840 3036 5884 3063 5883 3036 5884 3065 5885 3065 5885 3036 5884 3037 5886 3065 5885 3037 5886 3066 5887 3066 5887 3037 5886 3038 5843 3066 5887 3038 5843 3079 5888 3079 5888 3038 5843 3030 5842 3079 5888 3030 5842 3080 5870 2918 5872 2920 5889 2936 5874 2727 5890 3491 5891 3492 5892 3493 5893 3494 5894 3495 5895 3495 5895 3494 5894 3492 5892 3496 5896 3497 5897 3493 5898 3493 5893 3497 5899 3498 5900 3493 5893 3498 5900 3494 5894 3494 5894 3498 5900 3499 5901 3494 5894 3499 5901 3500 5902 3500 5902 3499 5901 3501 5903 3500 5902 3501 5903 2527 5904 2527 5904 3501 5903 3502 5905 2527 5904 3502 5905 2525 5906 2525 5906 3502 5905 3503 5907 2525 5906 3503 5907 3504 5908 3504 5908 3503 5907 3505 5909 3504 5908 3505 5909 2526 5910 3506 5911 3496 5912 3493 5913 3496 5912 3506 5911 3507 5914 3507 5914 3506 5911 3508 5915 3507 5914 3508 5915 3509 5916 3510 5917 3511 5918 3512 5919 3512 5919 3511 5918 3513 5920 3512 5919 3513 5920 2527 5921 2527 5904 3513 5920 3500 5902 3177 5922 3497 5923 3496 5924 3176 5925 3177 5926 3507 5914 3507 5914 3177 5926 3496 5927 2273 5928 3176 5925 3509 5916 3509 5916 3176 5925 3507 5914 2274 5929 2273 5930 3514 5931 3514 5931 2273 5930 3509 5932 3514 5931 3509 5932 2728 5933 2728 5934 3509 5916 3508 5915 2728 5934 3508 5915 2727 5935 2727 5890 3508 5915 3506 5911 2727 5890 3506 5911 3491 5891 3491 5891 3506 5911 3493 5913 3491 5936 3493 5937 3495 5938 2274 5929 3514 5931 2275 5939 2275 5939 3514 5931 3515 5940 3516 5941 3515 5940 3514 5931 3514 5931 2728 5942 3516 5941 3516 5941 2728 5942 1970 5943 3516 5941 1970 5944 3517 5945 3517 5945 1970 5944 3518 5946 3517 5945 3518 5946 3519 5947 3519 5947 3518 5946 3520 5948 3519 5947 3520 5948 3521 5949 3521 5949 3520 5948 3522 5950 3521 5949 3522 5950 2814 5951 2814 5952 3522 5953 2815 5954 1969 5955 3518 5946 1970 5956 1857 5957 1856 5958 1969 5959 1969 5955 1856 5960 3520 5948 1969 5955 3520 5948 3518 5946 1714 5961 3523 5962 1855 5963 1855 5963 3523 5962 3520 5948 1855 5963 3520 5948 1856 5960 1714 5961 3524 5964 3523 5962 3523 5962 3524 5964 3522 5950 3523 5962 3522 5950 3520 5948 3524 5964 1714 5961 1666 5965 3522 5950 3524 5964 2815 5966 2815 5966 3524 5964 2813 5967 3524 5968 1666 5969 1667 5970 1659 5971 3285 5972 1667 5973 1667 5974 3285 5975 3284 5976 1667 5977 3284 5978 3524 5964 3524 5964 3284 5978 3282 5979 3524 5964 3282 5979 2813 5967 1659 5971 1661 570 3285 5972 3285 5972 1661 570 3368 570 3285 5972 3368 570 3277 570 1932 5980 3525 5981 1933 5982 1933 5982 3525 5981 3526 5983 1933 5982 3526 5983 1917 5984 1917 5984 3526 5983 2814 5985 1932 5986 1983 5987 3525 5981 3525 5981 1983 5987 3519 5947 3525 5981 3519 5947 3526 5983 3526 5983 3519 5947 3521 5949 3526 5983 3521 5949 2814 5985 1982 5988 3517 5945 1983 5987 1983 5987 3517 5945 3519 5947 3517 5945 1982 5989 3527 5990 3527 5990 1982 5989 1984 5991 3527 5990 1984 5991 3528 5992 3528 5992 1984 5991 3529 5993 1984 5991 3530 5994 3529 5993 1984 5991 1906 5995 3530 5994 3530 5994 1906 5996 3531 5997 3530 5994 3531 5997 3529 5993 3529 5993 3531 5997 3532 5998 3529 5993 3532 5998 3528 5992 3528 5992 3532 5998 3515 5940 3528 5992 3515 5940 3527 5990 3527 5990 3515 5940 3516 5941 3527 5990 3516 5941 3517 5945 1906 5999 3533 6000 3531 5997 3531 5997 3533 6000 3534 6001 3531 5997 3534 6001 3532 5998 3532 5998 3534 6001 3535 6002 3532 5998 3535 6002 3536 6003 3536 6003 3535 6002 3537 6004 3536 6003 3537 6005 3538 6006 3539 6007 3540 6008 3302 6009 3302 6010 3540 6011 1906 6012 3387 6013 3388 6014 3541 6015 3542 6016 3541 6017 3379 6018 3379 6019 3541 6015 3388 6014 3379 6019 3388 6014 3377 6020 3377 6021 3388 6022 3381 6023 3537 6024 3535 6025 3542 6026 3542 6016 3535 6027 3543 6028 3542 6016 3543 6028 3541 6017 3541 6017 3543 6028 3389 4952 3541 6017 3389 4952 3387 6029 3535 6027 3544 6030 3543 6028 3543 6028 3544 6030 3540 6008 3543 6028 3540 6008 3389 4952 3389 4952 3540 6008 3539 6007 3389 4952 3539 6007 1912 700 1912 700 3539 6007 3302 6009 3535 6031 3534 6001 3544 6030 3544 6030 3534 6001 3533 6000 3544 6030 3533 6000 3540 6008 3540 6008 3533 6000 1906 6032 3380 6033 3545 6034 3542 6035 3542 6035 3545 6034 3546 6036 3542 6037 3546 6036 3547 6038 3547 6038 3546 6036 3341 4351 3547 6038 3341 4351 3548 6039 3548 6039 3341 4351 3342 4353 3548 6039 3342 4353 2313 6040 3542 6041 3379 6042 3380 6043 3546 6036 3545 6034 3339 6044 3339 6044 3545 6034 3549 6045 3339 6044 3549 6045 3421 6046 3421 6046 3549 6045 3550 6047 3421 6046 3550 6047 3551 6048 3551 6048 3550 6049 3552 6050 3545 6034 3380 6051 3549 6045 3380 6052 3553 6053 3549 6054 3549 6054 3553 6053 3554 6055 3549 6054 3554 6055 3550 6056 3552 6057 3550 6058 2155 6059 2155 6059 3550 6058 3554 6060 2155 6061 3554 6062 2134 6063 2134 6064 3554 6055 3553 6053 2134 6064 3553 6053 3378 6065 3378 6065 3553 6053 3380 6066 3552 6050 3555 6067 3551 6048 3551 6048 3555 6067 3419 6068 3551 6048 3419 6068 3421 6046 2143 6069 3552 6070 2139 6071 2139 6071 3552 6070 2155 6072 3556 6073 3419 6068 2143 6069 2143 6069 3419 6068 3555 6067 2143 6069 3555 6067 3552 6070 2142 6074 3557 6075 2143 6069 2143 6069 3557 6075 3556 6073 3546 6036 3339 6044 3341 4351 2313 6040 2312 6076 3548 6039 3548 6039 2312 6077 3538 6006 3548 6039 3538 6006 3547 6038 3547 6038 3538 6006 3537 6078 3547 6038 3537 6079 3542 6037 2311 6080 3481 6081 2312 6077 2312 6077 3481 6081 3536 6003 2312 6077 3536 6003 3538 6006 2016 6082 2275 5939 2014 6083 2014 6083 2275 5939 3515 5940 2014 6083 3515 5940 2015 6084 2015 6084 3515 5940 3532 5998 2015 6084 3532 5998 3146 6085 3146 6085 3532 5998 3536 6003 3146 6085 3536 6003 2826 6086 2826 6086 3536 6003 3481 6081 2725 6087 3558 6088 2726 6089 2726 6089 3558 6088 3559 6090 2726 6091 3559 6092 1857 6093 2527 5921 3560 6094 3512 5919 3512 5919 3560 6094 3561 6095 3512 5919 3561 6095 3510 5917 3510 5917 3561 6095 3562 6096 2527 5921 2526 6097 3560 6094 3560 6094 2526 6097 3563 6098 3560 6094 3563 6098 3564 6099 3564 6099 3563 6098 3565 6100 3564 6099 3565 6100 3566 6101 3566 6101 3565 6100 3567 6102 3566 6101 3567 6102 3568 6103 3568 6103 3567 6102 3569 6104 3568 6103 3569 6104 3570 6105 3570 6105 3569 6104 3571 6106 3570 6105 3571 6106 3572 6107 3572 6107 3571 6106 3573 6108 3572 6107 3573 6108 3574 6109 3574 6109 3573 6108 3575 6110 3574 6109 3575 6110 3576 6111 3576 6111 3575 6110 3577 6112 3576 6111 3577 6112 3578 6113 3578 6113 3577 6112 3579 6114 3578 6113 3579 6115 3580 6116 3580 6117 3579 6118 2351 6119 3580 6120 2351 6121 2350 6122 3563 6098 2526 6097 3581 6123 3581 6123 2526 6097 2422 6124 3581 6125 2422 6126 3582 6127 3582 6128 2422 6129 3583 6130 3582 6128 3583 6130 3569 6104 3569 6104 3583 6130 3571 6106 3583 6130 2422 6129 2421 6131 3584 6132 2405 6133 3585 6134 3585 6134 2405 6135 3586 6136 3585 6134 3586 6136 3573 6108 3573 6108 3586 6136 3587 6137 3573 6108 3587 6137 3575 6110 3575 6110 3587 6137 3577 6112 2405 6135 2404 6138 3586 6136 3586 6139 2404 4455 3358 4454 3588 6140 3589 6141 3590 6142 3590 6142 3589 6141 3591 6143 3590 6142 3591 6143 3357 4448 3357 4448 3591 6143 3587 6137 3357 6144 3587 6137 3358 6145 3358 6145 3587 6137 3586 6136 3590 6142 3592 6146 3588 6140 3588 6140 3592 6146 3593 6147 3588 6140 3593 6147 3594 6148 3594 6148 3593 6147 3595 6149 3594 6148 3595 6149 3596 6150 3596 6150 3595 6149 3597 6151 3596 6150 3597 6151 3598 6152 3598 6152 3597 6151 3599 6153 3598 6152 3599 6153 3600 6154 3600 6154 3599 6153 3601 6155 3600 6154 3601 6155 3602 6156 3602 6156 3601 6155 3603 6157 3602 6156 3603 6157 3604 6158 3604 6158 3603 6157 3605 6159 3604 6158 3605 6159 3606 6160 3606 6160 3605 6159 3607 6161 3606 6160 3607 6161 1798 6162 3592 6146 3590 6142 3357 4448 2494 6163 3360 6164 3608 6165 3608 6165 3360 6164 2755 6166 3608 6167 2755 6168 3609 6169 2755 6168 3610 6170 3609 6169 3609 6169 3610 6170 3611 6171 3609 6169 3611 6171 3612 6172 3612 6172 3611 6173 3613 6174 3612 6172 3613 6174 3614 6175 3614 6175 3613 6174 3615 6176 3614 6175 3615 6176 3616 6177 3616 6177 3615 6176 3617 6178 3616 6177 3617 6178 2707 6179 2707 6179 3617 6178 2701 6180 3615 6176 3613 6174 3618 6181 3618 6182 3613 6183 3611 6184 3618 6185 3611 6186 3619 6187 3342 6188 3620 6189 2313 6190 2313 6191 3620 6192 2754 6193 3419 6194 3556 6195 3420 6196 3420 6197 3556 6198 3619 6199 3420 6197 3619 6199 3340 6200 3340 6200 3619 6199 3611 6201 3340 6200 3611 6201 3342 6188 3342 6188 3611 6201 3610 6202 3342 6188 3610 6202 3620 6189 3620 6189 3610 6202 2755 6203 3620 6204 2755 6205 2754 6206 2142 6207 2144 6208 1782 6209 3392 6210 1793 6211 3374 6212 2702 6213 2701 6214 3392 6215 3392 6210 2701 6216 3621 6217 3392 6210 3621 6217 1793 6211 1793 6218 3621 6219 3622 6220 1793 6221 3622 6222 1782 6223 1782 6223 3622 6222 3623 6224 1782 6223 3623 6224 2142 6225 2142 6225 3623 6224 3619 6199 2142 6225 3619 6199 3557 6226 3557 6226 3619 6199 3556 6198 2701 6227 3617 6178 3621 6228 3616 6177 2707 6229 3614 6175 3614 6175 2707 6229 2706 6230 3614 6175 2706 6230 2705 6231 3614 6175 2705 6231 3624 6232 1887 6233 3287 6234 2705 6231 2705 6231 3287 6234 3625 6235 2705 6231 3625 6235 3624 6232 3625 6236 3287 6237 3288 6238 3288 6238 3307 6239 3625 6236 3625 6235 3307 6240 3626 6241 3625 6235 3626 6241 3624 6232 3624 6232 3626 6241 3627 6242 3624 6232 3627 6242 3614 6175 3614 6175 3627 6242 3628 6243 3614 6175 3628 6243 3612 6172 3612 6172 3628 6243 3593 6147 3612 6172 3593 6147 3609 6169 3609 6169 3593 6147 3592 6146 3609 6169 3592 6146 3608 6167 3608 6167 3592 6146 3357 4448 3608 6167 3357 4448 2494 4447 3307 6240 3629 6244 3626 6241 3626 6241 3629 6244 3599 6153 3626 6241 3599 6153 3627 6242 3627 6242 3599 6153 3597 6151 3627 6242 3597 6151 3595 6149 3629 6244 3307 6245 3306 6246 3292 6247 3294 6248 3306 6246 3306 6246 3294 6248 3630 6249 3306 6246 3630 6249 3629 6244 3629 6244 3630 6249 3601 6155 3629 6244 3601 6155 3599 6153 1736 6250 3631 6251 3293 6252 3293 6252 3631 6251 3632 6253 3293 6252 3632 6253 3294 6248 3294 6248 3632 6253 3630 6249 1736 6254 1745 6255 3631 6256 3631 6251 1745 6257 3633 6258 3631 6251 3633 6258 3632 6253 3632 6253 3633 6258 3605 6159 3632 6253 3605 6159 3630 6249 3630 6249 3605 6159 3603 6157 3630 6249 3603 6157 3601 6155 3633 6259 1745 6260 1744 6261 1744 6262 3634 6263 3633 6258 1703 6264 3635 6265 3634 6263 3634 6263 3635 6265 3605 6159 3634 6263 3605 6159 3633 6258 3634 6266 1744 6267 1703 6268 3635 6265 1703 6269 1702 6270 1701 6271 1740 6272 1702 6270 1702 6270 1740 6272 3636 6273 1702 6270 3636 6273 3635 6265 3635 6265 3636 6273 3637 6274 3635 6265 3637 6274 3605 6159 3605 6159 3637 6274 3638 6275 3605 6159 3638 6275 3607 6161 3607 6161 3638 6275 2734 6276 3607 6277 2734 6278 2736 6279 3636 6273 1740 6272 3639 6280 3639 6280 1740 6272 1724 6281 3639 6280 1724 6282 3640 6283 1723 6284 3641 6285 1724 6286 1724 6287 3641 6285 3640 6283 1725 6288 2591 6289 1730 6290 1730 6291 2591 6292 3642 6293 1730 6291 3642 6293 3643 6294 3643 6294 3642 6293 3644 6295 3642 6293 2591 6296 3645 6297 3645 6297 2591 6296 2592 6298 3645 6297 2592 6298 3646 6299 3646 6299 2592 6298 1601 6300 3646 6301 1601 6302 3647 6303 3647 6303 1601 6302 3648 6304 3647 6303 3648 6304 3649 6305 3649 6306 3648 6304 3650 6307 3649 6308 3650 6309 3651 6310 3651 6310 3650 6309 1572 6311 3651 6310 1572 6311 3652 6312 3652 6312 1572 6311 1678 6313 2586 6314 2583 6315 2592 6316 2592 6316 2583 6315 1601 6317 2583 6315 1583 6318 1601 6317 3648 6304 1601 6302 1602 6319 1583 6320 1585 6321 1602 6322 1602 6319 1585 6323 3650 6307 1602 6319 3650 6307 3648 6304 3653 6324 1726 6325 1585 6326 1585 4643 3369 4642 3653 6327 3653 6324 3369 6328 3654 6329 2645 6330 3654 6329 2646 6331 2646 6331 3654 6329 3369 6328 2646 6332 3369 6333 2582 6334 2623 6335 3654 6329 2645 6330 3655 6336 3656 6337 1560 6338 1560 6339 3656 6337 1559 6340 3656 6337 1522 6341 1559 6340 1559 6340 1522 6341 3361 6342 1559 6343 3361 6344 1553 6345 2623 6346 1522 6341 3656 6337 3361 6347 1522 6348 1521 6349 3657 6350 1726 6325 3655 6336 3655 6336 1726 6325 3653 6324 3655 6336 3653 6324 3656 6337 3656 6337 3653 6324 3654 6329 3656 6337 3654 6329 2623 6346 3655 6336 1560 6351 3657 6350 3657 6352 1560 6353 1553 6354 3657 6352 1553 6354 3366 6355 3366 4624 1553 6356 1555 4622 3366 4614 3367 4616 3657 6357 1665 6358 3658 6359 3367 4616 3367 4616 3658 6359 3659 6360 3367 4616 3659 6360 3657 6357 1665 6358 3367 4616 1660 6361 1713 6362 3658 6359 1668 6363 1668 6363 3658 6359 1665 6358 1713 6362 3660 6364 3658 6359 3658 6365 3660 6366 3661 6367 3658 6368 3661 6369 3659 6370 1857 6093 3559 6092 1779 6371 1779 6372 3559 6373 3660 6374 1779 6375 3660 6364 1713 6362 3559 6090 3558 6088 3660 6376 3660 6377 3558 6378 3562 6096 3562 6096 3558 6378 2725 6379 3562 6096 2725 6379 3510 5917 3510 5917 2725 6379 2727 5890 3510 5917 2727 5890 3511 5918 3511 5918 2727 5890 3492 5892 3511 5918 3492 5892 3513 5920 3513 5920 3492 5892 3494 5894 3513 5920 3494 5894 3500 5902 3662 6380 3660 6377 3562 6096 3662 6381 3562 6096 3663 6382 3663 6382 3562 6096 3561 6095 3560 6094 3564 6099 3561 6095 3561 6095 3564 6099 3664 6383 3561 6095 3664 6383 3665 6384 3569 6104 3567 6102 3582 6128 3582 6128 3567 6102 3565 6100 3582 6128 3565 6100 3563 6098 3573 6108 3571 6106 3585 6134 3585 6134 3571 6106 3583 6130 3585 6134 3583 6130 3584 6132 3584 6385 3583 6386 2421 6387 3587 6137 3591 6143 3577 6112 3577 6112 3591 6143 3589 6141 3577 6112 3589 6141 3579 6388 3579 6388 3589 6141 3666 6389 3666 6389 3589 6141 3588 6140 3666 6389 3588 6140 3667 6390 3667 6390 3588 6140 3594 6148 3667 6390 3594 6148 3668 6391 3668 6391 3594 6148 3596 6150 3668 6391 3596 6150 3598 6152 3627 6242 3595 6149 3628 6243 3628 6243 3595 6149 3593 6147 1741 6392 3636 6273 3669 6393 3669 6393 3636 6273 3639 6280 3669 6393 3639 6280 3670 6394 3670 6394 3639 6280 3671 6395 3671 6395 3639 6280 3640 6283 3671 6395 3640 6283 3644 6295 3644 6295 3640 6283 3641 6285 3644 6295 3641 6285 3643 6294 3643 6294 3641 6285 1723 6284 3643 6294 1723 6284 1730 6396 3670 6394 3671 6395 1930 6397 1930 6397 3671 6395 1797 6398 1930 6397 1797 6398 1796 6399 3672 6400 3673 6401 3644 6295 3644 6295 3673 6401 3674 6402 3644 6295 3674 6402 3671 6395 3671 6395 3674 6402 3675 6403 3671 6395 3675 6403 1797 6398 1797 6398 3675 6403 3676 6404 3649 6308 3672 6400 3644 6295 3645 6297 3646 6299 3642 6293 3647 6303 3649 6305 3646 6301 3646 6299 3649 6405 3644 6295 3646 6299 3644 6295 3642 6293 1669 6406 1572 6311 3677 6407 3677 6407 1572 6311 3650 6309 3677 6407 3650 6309 1585 6326 1669 6406 3677 6407 1670 6408 1670 6408 3677 6407 1585 6326 1670 6408 1585 6326 1673 6409 1673 6409 1585 6326 1726 6325 1673 6409 1726 6325 3371 6410 3371 6410 1726 6325 1728 6411 3371 6410 1728 6411 1654 6412 3661 6413 1726 6414 3659 6415 3659 6415 1726 6414 3657 6416 3660 6417 3678 6418 3661 6413 3661 6413 3678 6418 1727 6419 3661 6413 1727 6419 1726 6414 3662 6420 3678 6418 3660 6417 3679 6421 3566 6101 3568 6103 3570 6105 3680 6422 3681 6423 3681 6423 3680 6422 3682 6424 3681 6423 3682 6424 3250 6425 3250 6425 3682 6424 3059 6426 3250 6425 3059 6426 3241 6427 3241 6427 3059 6426 3061 6428 3241 6427 3061 6428 3242 6429 3242 6429 3061 6428 3683 6430 3242 6429 3683 6430 3244 6431 3244 6431 3683 6430 3684 6432 3244 6433 3684 6434 3245 6435 3245 6436 3684 6437 2804 6438 3245 6436 2804 6438 2803 6439 3680 6422 3570 6105 3572 6107 3576 6111 3685 6440 3574 6109 3574 6109 3685 6440 3686 6441 3574 6109 3686 6441 3687 6442 3240 6443 3237 6444 3679 6421 3679 6421 3237 6444 3688 6445 3679 6421 3688 6445 3566 6101 3566 6101 3688 6445 3664 6383 3566 6101 3664 6383 3564 6099 3679 6421 3250 6425 3240 6443 3250 6425 3679 6421 3681 6423 3681 6423 3679 6421 3568 6103 3681 6423 3568 6103 3570 6105 3682 6424 3680 6422 3687 6442 3687 6442 3680 6422 3572 6107 3687 6442 3572 6107 3574 6109 3682 6424 3687 6442 3689 6446 3689 6446 3687 6442 3686 6441 3689 6446 3686 6441 3690 6447 3690 6447 3686 6441 3685 6440 3690 6447 3685 6440 3691 6448 3691 6448 3685 6440 3576 6111 3691 6448 3576 6111 3578 6113 3578 6113 3580 6116 3692 6449 3692 6449 3580 6116 2350 6450 3692 6449 2350 6450 3693 6451 3693 6451 3694 6452 3692 6449 3693 6453 3695 6454 3694 6452 3694 6452 3695 6454 3088 6455 3088 6455 3695 6454 3057 6456 3057 6456 3695 6454 3693 6457 3057 6458 3693 6459 3055 6460 3059 6426 3682 6424 3088 6455 3088 6455 3682 6424 3689 6446 3088 6455 3689 6446 3694 6452 3694 6452 3689 6446 3690 6447 3694 6452 3690 6447 3692 6449 3692 6449 3690 6447 3691 6448 3692 6449 3691 6448 3578 6113 1611 6461 3696 6462 1612 6463 1612 6463 3696 6462 3683 6430 1612 6463 3683 6430 3061 6428 3684 6464 3696 6462 1611 6465 3684 6464 3683 6430 3696 6462 2803 6439 1543 6466 3245 6436 3245 6436 1543 6466 1542 6467 3245 6436 1542 6467 3697 6468 3697 6468 3246 1266 3245 6436 3579 6469 3666 6389 3698 6470 3698 6470 3666 6389 3667 6390 3698 6470 3667 6390 3699 6471 3699 6471 3667 6390 3668 6391 3699 6471 3668 6391 3700 6472 3700 6472 3668 6391 3598 6152 3700 6472 3598 6152 3600 6154 3700 6472 3600 6154 3701 6473 3701 6473 3600 6154 3602 6156 3606 6160 3702 6474 3604 6158 2736 6475 1987 6476 3607 6477 3607 6161 1987 6478 1798 6162 2734 6479 3638 6480 2732 6481 2732 6482 3638 6275 3637 6274 2732 6483 3637 6484 1758 6485 1758 6486 3637 6274 3636 6273 1758 6487 3636 6488 1741 6489 1727 6419 3678 6418 3703 6490 3703 6490 3678 6418 3662 6491 3703 6490 3662 6491 3704 6492 3703 6490 3704 6492 3705 6493 3705 6493 3704 6492 3706 6494 3705 6493 3706 6494 3707 6495 3662 6381 3663 6382 3704 6492 3704 6492 3663 6382 3708 6496 3704 6492 3708 6496 3706 6494 3706 6494 3708 6496 3709 6497 3706 6494 3709 6497 3707 6495 3707 6495 3709 6497 3710 6498 3707 6495 3710 6498 3711 6499 3711 6499 3710 6498 3712 6500 3711 6499 3712 6500 3713 6501 3713 6501 3712 6500 3227 6502 3713 6501 3227 6502 3225 6503 3230 6504 3232 6505 3714 6506 3714 6506 3232 6505 3715 6507 3714 6506 3715 6507 3712 6500 3712 6500 3715 6507 3227 6502 3225 6503 3716 6508 3713 6501 3717 6509 3224 6510 3222 6511 3220 6512 3718 6513 3222 6514 3222 6514 3718 6513 3719 6515 3222 6514 3719 6515 3717 6509 3720 6516 3218 6517 3721 6518 3721 6518 3218 6517 3226 6519 3721 6518 3226 6519 3722 6520 3722 6520 3226 6519 3217 6521 3221 6522 3723 6523 3219 6524 3219 6524 3723 6523 3724 6525 3246 6526 3725 6527 3243 6528 3243 6528 3725 6527 1568 6529 3243 6528 1568 6529 3251 6530 3251 6530 1568 6529 1507 6531 3251 6530 1507 6531 3249 6532 3249 6532 1507 6531 3726 6533 3249 6532 3726 6533 3248 6534 3248 6534 3726 6533 3727 6535 3248 6534 3727 6535 3253 6536 3253 6536 3727 6535 3728 6537 3253 6536 3728 6537 3216 6538 3216 6538 3728 6537 3729 6539 3216 6538 3729 6539 3730 6540 3246 6541 3697 6542 3725 6543 3725 6543 3697 6542 1541 6544 3725 6527 1541 6545 1568 6529 1541 6544 3697 6542 1542 6546 3731 6547 3732 6548 1567 6549 1567 6549 3732 6548 3733 6550 1567 6551 3733 6552 1568 6529 3734 6553 3735 6554 3736 6555 3736 6555 3735 6554 3737 6556 3064 6557 3737 6556 1613 6558 1613 6558 3737 6556 3735 6554 1613 6558 3735 6554 1611 6559 1611 6559 3735 6554 3734 6553 1611 6559 3734 6553 3684 6560 1645 6561 3738 6562 1657 6563 1657 6563 3738 6562 1513 6564 1657 6563 1513 6564 3078 6565 3078 6565 1513 6564 3739 6566 3078 6565 3739 6566 3064 6557 3064 6557 3739 6566 3731 6567 3064 6557 3731 6567 3737 6556 3737 6556 3731 6567 1567 6568 3737 6556 1567 6568 3736 6555 3736 6569 1567 6570 1566 6571 3736 6555 1566 6572 3734 6553 3734 6573 1566 6574 2804 6575 3734 6573 2804 6575 3684 6576 3738 6562 1645 6561 1514 6577 1514 6578 1513 6564 3738 6562 1515 6579 3739 6566 1513 6564 3731 6567 3739 6566 3740 6580 3740 6580 3739 6566 3741 6581 3740 6580 3741 6581 3742 6582 3742 6582 3741 6581 3743 6583 3742 6584 3743 6585 1508 6586 3739 6566 1515 6587 3741 6581 3741 6581 1515 6587 1518 6588 3741 6581 1518 6589 3743 6583 3743 6590 1518 6591 3744 6592 1518 6593 1515 6594 1519 6595 3744 6596 1518 6597 3745 6598 3745 6598 1518 6597 1517 43 3746 6599 1517 43 1519 45 1519 6600 1644 6601 3746 6602 1653 6603 1645 6604 3747 6605 3084 6606 3748 6607 3082 6608 3082 6608 3748 6607 3747 6609 3082 6610 3747 6611 1658 6612 1658 6613 3747 6614 1645 6615 3074 6616 3749 6617 3084 6606 3084 6606 3749 6617 3750 6618 3084 6606 3750 6618 3748 6607 3074 6619 3751 6620 3749 6617 3749 6617 3751 6620 3752 6621 3749 6617 3752 6621 3750 6618 3750 6618 3752 6621 3753 6622 3750 6618 3753 6622 3748 6607 3748 6623 3753 6624 3754 6625 3748 6623 3754 6625 3755 6626 3755 6626 3754 6625 2111 6627 3755 6626 2111 6627 2113 6628 3074 6619 3073 6629 3751 6620 3751 6620 3073 6629 3756 6630 3751 6620 3756 6630 3752 6621 3753 6631 3752 6632 3757 6633 3757 6633 3752 6632 3756 6634 2111 6627 3754 6625 3758 6635 3758 6635 3754 6625 3753 6636 3758 6635 3753 6636 3757 6637 3758 6635 2108 6638 2111 6627 3759 6639 3756 6640 3073 6641 2836 6642 3759 6643 3076 6644 3076 6645 3759 6646 3073 6647 2836 6648 3760 6649 3759 6650 3759 6651 3760 6652 3758 6635 3759 6639 3758 6653 3756 6640 3756 6654 3758 6635 3757 6637 2836 6655 2108 6638 3760 6652 3760 6652 2108 6638 3758 6635 2116 6656 2114 6657 3761 6658 3761 6658 2114 6657 2112 6659 3761 6658 2112 6659 1516 6660 1516 6660 2112 6659 1510 6661 1516 6660 1510 6661 1512 6662 2110 6663 1510 6661 2112 6659 3762 6664 3763 6665 3764 6666 3764 6667 3763 6665 3765 6668 3764 6667 3765 6668 3766 6669 3766 6669 3765 6668 2089 6670 3766 6671 2089 6672 2088 6673 3762 6664 1511 6674 3763 6665 3763 6665 1511 6674 3767 6675 3763 6665 3767 6675 3765 6668 1511 6676 1510 6661 3767 6675 3767 6675 1510 6661 2110 6663 3767 6675 2110 6663 3765 6668 3765 6668 2110 6663 2109 6677 3765 6668 2109 6678 2089 6670 1516 6660 3768 6679 3761 6658 3761 6658 3768 6679 3769 6680 3761 6658 3769 6680 2116 6656 2116 6656 3769 6680 3770 6681 2116 6656 3770 6681 2118 6682 2118 6682 3770 6681 3744 6596 2118 6682 3744 6596 2120 6683 2120 6683 3744 6596 3745 6598 2120 6683 3745 6598 2119 6684 2119 6684 3745 6598 1517 43 2119 6684 1517 43 2117 6685 2117 6685 1517 43 3746 6599 2117 6685 3746 6599 2115 6686 2115 6686 3746 6599 1644 6687 2115 6686 1644 6687 2113 6688 2113 6689 1644 6690 1653 6691 2113 6689 1653 6691 3755 6692 3755 6692 1653 6691 3747 6693 3755 6626 3747 6694 3748 6623 1509 6695 3768 6679 1516 6660 3743 6696 3769 6680 1508 6697 1508 6698 3769 6680 3768 6679 1508 6698 3768 6679 1509 6699 3744 6596 3770 6681 3743 6696 3743 6696 3770 6681 3769 6680 3731 6567 3740 6580 3733 6552 3733 6552 3740 6580 1507 6531 3733 6552 1507 6531 1568 6529 1508 6700 1507 6531 3740 6580 1509 6701 3726 6533 1507 6531 1511 6702 3727 6703 1512 6704 1512 6705 3727 6535 3726 6533 1512 6706 3726 6707 1509 6708 2098 6709 3766 6710 2088 6711 2097 6712 2088 6713 2129 1054 2129 1054 2088 6713 2106 1055 2130 6714 2131 6715 2129 6716 2129 6716 2131 6715 2133 6717 2129 6716 2133 6717 2097 6718 2097 6719 2133 6720 2132 6721 2097 6719 2132 6721 2098 6722 2098 6722 2132 6721 3764 6723 2098 6724 3764 6725 3766 6726 2131 6727 3771 6728 2132 6721 2132 6721 3771 6728 3772 6729 2132 6721 3772 6729 3764 6723 3764 6723 3772 6729 3762 6730 2131 6715 2130 6714 3077 6731 3773 6732 3774 6733 3077 6734 3077 6735 3774 6733 3775 6736 3077 6735 3775 6736 2131 6727 2131 6727 3775 6736 3776 6737 2131 6727 3776 6737 3771 6728 3771 6728 3776 6737 3777 6738 3771 6728 3777 6738 3778 6739 3778 6739 3777 6738 3779 6740 3778 6739 3779 6740 3772 6729 3772 6729 3779 6740 3729 6539 3772 6729 3729 6539 3762 6741 3762 6741 3729 6539 3728 6537 3762 6742 3728 6537 1511 6743 1511 6743 3728 6537 3727 6535 3077 6744 1831 6745 3773 6746 3773 6732 1831 6747 2715 6748 1831 6747 1830 6749 2715 6748 2715 6748 2713 6750 3773 6732 3773 6732 2713 6750 3780 6751 3773 6732 3780 6751 3774 6733 3774 6733 3780 6751 3781 6752 3774 6733 3781 6752 2357 6753 2357 6753 3781 6752 3782 6754 2357 6753 3782 6754 2367 6755 2367 6755 3782 6754 3783 6756 2367 6755 3783 6756 2457 6757 2457 6757 3783 6756 2461 6758 3780 6751 2713 6750 3781 6752 3781 6752 2713 6750 2712 6759 3781 6752 2712 6759 2541 6760 2461 6758 3784 6761 2503 6762 3783 6756 3782 6754 2461 6758 2461 6758 3782 6754 3785 6763 2461 6758 3785 6763 3784 6761 3784 6761 3785 6763 2504 1683 3784 6761 2504 1683 2503 1682 3774 6733 2357 6753 3775 6736 3786 6764 3777 6738 2357 6753 2357 6753 3777 6738 3776 6737 2357 6753 3776 6737 3775 6736 3787 6765 3788 6766 3789 6767 3789 6767 3788 6766 3790 6768 3789 6767 3790 6768 3791 6769 3791 6769 3790 6768 3792 6770 3791 6769 3792 6770 1805 6771 1805 6771 3792 6770 1803 6772 2452 6773 2453 6774 2562 6775 2562 6776 2453 6777 3793 6778 2562 6776 3793 6778 2561 6779 2453 6777 2565 6780 3793 6778 3793 6778 2565 6780 3794 6781 3793 6778 3794 6781 2561 6779 2561 6779 3794 6781 3795 6782 2561 6779 3795 6782 2464 6783 2464 6783 3795 6782 2465 6784 3794 6781 2565 6780 3796 6785 3796 6785 3797 6786 3794 6781 3794 6781 3797 6786 3798 6787 3794 6781 3798 6787 3795 6782 3795 6782 3798 6787 2521 6788 3795 6782 2521 6788 2552 6789 3797 6790 3799 6791 3800 6792 3800 6793 3799 6794 3801 6795 3800 6793 3801 6795 2522 6796 2522 6796 3801 6795 3802 6797 2522 6796 3802 6797 2520 6798 2520 6798 3802 6797 3803 6799 3801 6795 3803 6800 3802 6797 2522 6796 2521 6788 3800 6793 3800 6793 2521 6788 3798 6787 3800 6793 3798 6787 3797 6786 3795 6782 2552 6789 2465 6784 2465 6784 2552 6789 2551 6801 2465 6802 2551 6803 3804 6804 3804 6805 2551 6806 3805 6807 2465 6808 3804 6809 2463 6810 2463 6811 3804 6805 2464 6812 2464 6812 3804 6805 2562 6775 2562 6775 3804 6805 3805 6807 2562 6775 3805 6807 2452 6773 2452 6773 3805 6807 2356 6813 2452 6773 2356 6813 2397 6814 3803 6815 3801 6816 3806 6817 3806 6817 3801 6816 3180 6818 3801 6819 3799 6820 3180 6821 3180 6818 2283 6822 3806 6817 3806 6817 2283 6822 2340 6823 3806 6817 2340 6824 3803 6815 3803 6825 2340 6826 2341 6827 3803 6825 2341 6827 2520 6828 2520 6828 2341 6827 3807 6829 2287 6830 2286 6831 2341 6827 2341 6827 2286 6831 3808 6832 2341 6827 3808 6832 3809 6833 3809 6833 3808 6832 3810 6834 3809 6833 3810 6834 3811 6835 3811 6835 3810 6834 3812 6836 3811 6835 3812 6836 3813 6837 3813 6837 3812 6836 3814 6838 3813 6837 3814 6838 3815 6839 3815 6839 3814 6838 3816 6840 3815 6839 3816 6840 3817 6841 3817 6841 3816 6840 3818 6842 2201 6843 2271 6844 2297 6845 2297 6845 2271 6844 3808 6846 2297 6847 3808 6848 2286 6849 3810 6834 3808 6832 2271 6850 2271 6851 3464 6852 3819 6853 3819 6853 3464 6852 2204 6854 3819 6853 2204 6854 3820 6855 2296 1387 2256 1389 3821 6856 3821 6856 2256 1389 2254 6857 3821 6856 2254 6857 2563 6858 2563 6858 2254 6857 2225 6859 2563 6858 2225 6859 2224 6860 2227 6861 3796 6862 2224 6860 2224 6860 3796 6862 2564 6863 2224 6860 2564 6863 2563 6858 3796 6862 2227 6861 3797 6864 3179 6865 3180 6866 2230 6867 2230 6867 3180 6866 3822 6868 2230 6867 3822 6868 2227 6869 2227 6869 3822 6868 3799 6870 2227 6871 3799 6872 3797 6873 2284 6874 3179 6875 2233 6876 2233 6877 3179 6878 2230 6879 3822 6880 3180 6881 3799 6882 3796 6883 2565 6884 2564 6885 3821 6856 2563 6858 2566 6886 2276 6887 2278 6888 2566 6886 2566 6886 2278 6888 3823 6889 2566 6886 3823 6889 3821 6856 3821 6856 3823 6889 3824 6890 2568 6891 3448 6892 2567 6893 2567 6894 3448 6895 3825 6896 2567 6894 3825 6896 2566 6886 2566 6886 3825 6896 2248 6897 2566 6886 2248 6897 2276 6887 2276 6887 2248 6897 3826 6898 2276 6887 3826 6898 3330 6899 3330 6899 3826 6898 3827 6900 3330 6899 3827 6900 3344 6901 3344 6901 3827 6900 2179 6902 3344 6901 2179 6902 3828 6903 3828 6903 2179 6902 2194 6904 3828 6903 2194 6904 2193 6905 3448 6906 2251 6907 3825 6908 3825 6908 2251 6907 2248 6909 2366 6910 2559 6911 3355 6912 3355 6913 2559 6914 3827 6915 3355 6916 3827 6900 2250 6917 2250 6917 3827 6900 3826 6898 2250 6918 3826 6919 2248 6920 2559 6921 2366 6922 1800 6923 2857 6924 2179 6902 2558 6925 2558 6925 2179 6902 3827 6900 2558 6926 3827 6927 2559 6928 2180 6929 2179 6902 2846 6930 2846 6930 2179 6902 2857 6924 2194 6904 2179 6902 2181 6931 2181 6931 2180 6932 3829 6933 3829 6933 2180 6932 3830 6934 3829 6933 3830 6934 3831 6935 3831 6935 3830 6934 3832 6936 3831 6935 3832 6936 3833 6937 3833 6937 3832 6936 3834 6938 3833 6937 3834 6938 3337 6939 2854 6940 3834 6938 2855 6941 2855 6941 3834 6938 3832 6936 2855 6941 3832 6936 2850 6942 2850 6943 3832 6936 3830 6934 2850 6943 3830 6934 2180 6932 3835 6944 2852 6945 3836 6946 2852 6945 2851 6947 3837 6948 3837 6948 2851 6947 3838 6949 3837 6948 3838 6949 3839 6950 3839 6950 3838 6949 3840 6951 2553 1746 2555 1748 2856 6952 2856 6953 2555 6954 3838 6949 2856 6953 3838 6949 2851 6947 3838 6949 2555 6955 3840 6951 3840 6951 2555 6955 3841 6956 2555 6957 2554 6958 3841 6956 3841 6956 2554 6958 3842 6959 3843 6960 3842 6961 3844 6962 3844 6962 3842 6961 2554 6963 3844 6962 2554 6964 3053 6965 3053 6965 2554 6964 3051 6966 3051 6966 2554 6964 2553 6967 3843 6960 3845 6968 3693 6969 3693 6459 3845 6970 3055 6460 2352 6971 3843 6972 2350 6973 2350 6974 3843 6975 3693 6976 3843 6960 3844 6962 3845 6968 3845 6968 3844 6962 3053 6965 3845 6968 3053 6965 3055 6977 2352 1418 2351 1417 3846 6978 3847 6979 3846 6980 3848 6981 3848 6981 3846 6980 2351 6982 3699 6471 3848 6981 3698 6470 3698 6470 3848 6981 2351 6982 3698 6470 2351 6982 3579 6983 3849 6984 3847 6979 3700 6472 3700 6472 3847 6979 3848 6981 3700 6472 3848 6981 3699 6471 3850 6985 3851 6986 3701 6473 3701 6473 3851 6986 3849 6984 3701 6473 3849 6984 3700 6472 3850 6985 3701 6473 3852 6987 3852 6987 3701 6473 3602 6156 3852 6987 3602 6156 3604 6158 3850 6988 3852 6987 3853 6989 3853 6989 3852 6987 3604 6158 3853 6990 3604 6158 3854 6991 3854 6991 3604 6158 3702 6474 1844 6992 3854 6993 1845 6994 1845 6994 3854 6993 3606 6160 1845 6994 3606 6160 1798 6162 3855 6995 1844 6992 3856 6996 1844 1081 2148 1080 3856 6996 3856 6996 2148 1080 2101 6997 3856 6996 2101 6997 3857 6998 3857 6998 2101 6999 3858 7000 3857 6998 3858 7000 3859 7001 3859 7001 3858 7000 3860 7002 3859 7001 3860 7002 3861 7003 3861 7003 3860 7002 3862 7004 3861 7003 3862 7004 3863 7005 3863 7005 3862 7004 3864 7006 3863 7005 3864 7006 3865 7007 3865 7007 3864 7006 3866 7008 3865 7007 3866 7008 3867 7009 3867 7009 3866 7008 3868 7010 3867 7009 3868 7010 3869 7011 3869 7011 3868 7010 3870 7012 3869 7011 3870 7012 3458 7013 3458 7013 3870 7012 3871 7014 3458 7013 3871 7014 3872 7015 3872 7015 3871 7014 3873 7016 3872 7015 3873 7016 3874 7017 3874 7017 3873 7016 3875 7018 3874 7017 3875 7018 3876 7019 3876 7019 3875 7018 3877 7020 3876 7019 3877 7020 3878 7021 3878 7021 3877 7020 3879 7022 3878 7021 3879 7022 3880 7023 3880 7023 3879 7022 3881 7024 3880 7023 3881 7024 3719 6515 3719 6515 3881 7024 3716 6508 3719 6515 3716 6508 3717 6509 3717 6509 3716 6508 3225 6503 3717 6509 3225 6503 3224 6510 2101 7025 3882 7026 3858 7000 3858 7000 3882 7026 3883 7027 3858 7000 3883 7027 3860 7002 2101 7028 2100 7029 3882 7026 3882 7026 2100 7029 3884 7030 3882 7026 3884 7030 3885 7031 3885 7031 3884 7030 3881 7024 3885 7031 3881 7024 3879 7022 2145 7032 3886 7033 2099 7034 2099 7035 3886 7036 2100 7029 3887 7037 3888 7038 3889 7039 3889 7039 3888 7038 3711 6499 3889 7039 3711 6499 3713 6501 3711 6499 3888 7038 3707 6495 3705 6493 3707 6495 3890 7040 3890 7040 3707 6495 3891 7041 3890 7040 3891 7041 3892 7042 3891 7041 3893 7043 3892 7042 3892 7042 3893 7043 3651 6310 3892 7042 3651 6310 3894 7044 3894 7044 3651 6310 3652 6312 3894 7044 3652 6312 1728 6411 1728 6411 3652 6312 1678 6313 1728 6411 1678 6313 1654 6412 3888 7038 3893 7043 3891 7041 3705 6493 3890 7040 3703 6490 3703 6490 3890 7040 3892 7042 3703 6490 3892 7042 1727 6419 1727 6419 3892 7042 3894 7044 1727 6419 3894 7044 1728 6411 3710 6498 3709 6497 3895 7045 3895 7045 3709 6497 3708 6496 3895 7045 3708 6496 3896 7046 3896 7046 3708 6496 3663 6382 3896 7046 3663 6382 3665 6384 3665 6384 3663 6382 3897 7047 3665 6384 3897 7047 3561 6095 3895 7045 3712 6500 3710 6498 3712 6500 3895 7045 3714 6506 3714 6506 3895 7045 3896 7046 3714 6506 3896 7046 3230 6504 3230 6504 3896 7046 3665 6384 3230 6504 3665 6384 3239 7048 3239 7048 3665 6384 3664 6383 3239 7048 3664 6383 3237 7049 3713 6501 3716 6508 3889 7039 3889 7039 3716 6508 3898 7050 3889 7039 3898 7050 3887 7037 3887 7037 3898 7050 3899 7051 3887 7037 3899 7051 2147 7052 2147 7053 3899 7051 3886 7036 2147 7054 3886 7055 2145 7056 3881 7024 3884 7030 3716 6508 3716 6508 3884 7030 3898 7050 3880 7023 3719 6515 3900 7057 3900 7057 3719 6515 3718 6513 3900 7057 3718 6513 3901 7058 3901 7058 3718 6513 3902 7059 3901 7058 3902 7059 3720 6516 3720 6516 3902 7059 3220 7060 3720 6516 3220 7060 3218 6517 3903 7061 3724 6525 3904 7062 3904 7062 3724 6525 3723 6523 3904 7062 3723 6523 3905 7063 3905 7063 3723 6523 3221 6522 3905 7063 3221 6522 3223 7064 3905 7063 3906 7065 3904 7062 3904 7062 3906 7065 3907 7066 3904 7062 3907 7066 3903 7061 3903 7061 3907 7066 3908 7067 3903 7061 3908 7067 3909 7068 3909 7068 3908 7067 3910 7069 3909 7068 3910 7069 3911 7070 3911 7070 3910 7069 3912 7071 3911 7070 3912 7071 3913 7072 3913 7072 3912 7071 3914 7073 3913 7072 3914 7073 3915 7074 3915 7074 3914 7073 3916 7075 3915 7074 3916 7075 3917 7076 3917 7076 3916 7075 3918 7077 3917 7076 3918 7077 3919 7078 3919 7078 3918 7077 3920 7079 3919 7078 3920 7079 3921 7080 3921 7080 3920 7079 3485 7081 3921 7080 3485 7081 3922 7082 3922 7082 3485 7081 2506 7083 3922 7082 2506 7083 3923 7084 3923 7084 2506 7083 2508 7085 3923 7084 2508 7085 3924 7086 3924 7086 2508 7085 2509 7087 3924 7086 2509 7087 3925 7088 3925 7088 2509 7087 3926 7089 3925 7088 3926 7089 3927 7090 3927 7090 3926 7089 3928 7091 3927 7090 3928 7091 3929 7092 3929 7092 3928 7091 3930 7093 3929 7092 3930 7093 3931 7094 3931 7094 3930 7093 3932 7095 3931 7094 3932 7095 3933 7096 3933 7096 3932 7095 3934 7097 3933 7096 3934 7097 3935 7098 3935 7098 3934 7097 3936 7099 3935 7098 3936 7099 3937 7100 3937 7100 3936 7099 3938 7101 3937 7100 3938 7101 3939 7102 3939 7102 3938 7101 3940 7103 3939 7102 3940 7103 3807 6829 3807 6829 3940 7103 3941 7104 3807 6829 3941 7104 2520 6828 2520 6828 3941 7104 3788 6766 2520 6828 3788 6766 2521 7105 2521 7105 3788 6766 3787 6765 2521 7105 3787 6765 2551 6806 2551 6806 3787 6765 2356 6813 2551 6806 2356 6813 3805 6807 3905 7063 3942 7106 3906 7065 3906 7065 3942 7106 3943 7107 3906 7065 3943 7107 3907 7066 3907 7066 3943 7107 3944 7108 3907 7066 3944 7108 3908 7067 3908 7067 3944 7108 3945 7109 3908 7067 3945 7109 3946 7110 3946 7110 3945 7109 2834 2592 3946 7110 2834 2592 2833 2591 3947 7111 3948 7112 3949 7113 3949 7113 3950 7114 3947 7111 3947 7111 3950 7114 3951 7115 3947 7111 3951 7115 3952 7116 3950 7114 3949 7113 3953 7117 3954 7118 3950 7114 3730 6540 3730 6540 3950 7114 3953 7117 3730 6540 3953 7117 3216 6538 3216 6538 3953 7117 3949 7113 3216 6538 3949 7113 3215 7119 3215 7119 3949 7113 3955 7120 3215 7119 3955 7120 3223 7064 3223 7064 3955 7120 3956 7121 3223 7064 3956 7121 3905 7063 3729 6539 3779 6740 3730 6540 3730 6540 3779 6740 3957 7122 3730 6540 3957 7122 3954 7118 3954 7118 3957 7122 3958 7123 3954 7118 3958 7123 3951 7115 3951 7115 3958 7123 3959 7124 3951 7115 3959 7124 3960 7125 3960 7125 3959 7124 3961 7126 3960 7125 3961 7126 3962 7127 3962 7127 3961 7126 3963 7128 3962 7127 3963 7128 3964 7129 3778 6739 3772 6729 3771 6728 3957 7122 3779 6740 3958 7123 3958 7123 3779 6740 3777 6738 3958 7123 3777 6738 3786 6764 2024 7130 1823 7131 2044 7132 2044 7132 1823 7131 3965 7133 2044 7132 3965 7133 3300 7134 1825 7135 1824 7136 1839 7137 1839 7137 1824 7136 3787 6765 2385 7138 1838 7139 1839 7137 3788 6766 3941 7104 3790 6768 3939 7102 3807 6829 3966 7140 3966 7140 3807 6829 3967 7141 3966 7140 3967 7141 3935 7098 3935 7098 3967 7141 3933 7096 3809 6833 3811 6835 3968 7142 3968 7142 3811 6835 3813 6837 3968 7142 3813 6837 3969 7143 3969 7143 3813 6837 3815 6839 3970 7144 3819 6853 3971 7145 3971 7145 3819 6853 3820 6855 3971 7145 3820 6855 3972 7146 3824 6890 3823 6889 3973 7147 3344 6901 3828 6903 3332 7148 3332 7149 3828 6903 2193 6905 3332 7150 2193 7151 2020 7152 2782 7153 2194 6904 3829 6933 3829 6933 2194 6904 2181 6931 3829 6933 3974 7154 2782 7155 2782 7156 3974 7157 2783 7158 3829 6933 3831 6935 3974 7154 3974 7154 3831 6935 3833 6937 3974 7154 3833 6937 3337 4342 3337 7159 3834 6938 3835 6944 3835 6944 3834 6938 2854 6940 3835 6944 2854 6940 2852 6945 3837 6948 3975 7160 3976 7161 3851 6986 3850 7162 3977 7163 3977 7163 3850 7164 3978 7165 3338 7166 3337 7167 3979 7168 3979 7169 3337 7159 3835 6944 3979 7169 3835 6944 3976 7161 3976 7161 3835 6944 3836 6946 3976 7161 3836 6946 3837 6948 3837 6948 3836 6946 2852 6945 3979 7169 3980 7170 3338 7171 3981 7172 3980 7170 3975 7160 3975 7160 3980 7170 3979 7169 3975 7160 3979 7169 3976 7161 3850 7164 3853 7173 3978 7165 3853 7174 3981 7175 3978 7165 3978 7165 3981 7175 3975 7160 3978 7165 3975 7160 3977 7163 3977 7163 3975 7160 3837 6948 3977 7163 3837 6948 3851 6986 3851 6986 3837 6948 3839 6950 3851 6986 3839 6950 3849 6984 3849 6984 3839 6950 3840 6951 3849 6984 3840 6951 3847 6979 3847 6979 3840 6951 3841 6956 3847 6979 3841 6956 3846 6980 3846 6980 3841 6956 3842 6959 3846 6980 3842 6959 2352 7176 2352 7177 3842 6961 3843 6960 3974 7154 3337 4342 2783 4344 3332 7178 2020 7179 3418 7180 3418 7180 2020 7179 2022 7181 3982 1628 3983 7182 2022 7181 2022 7181 3983 7182 2160 7183 2022 7181 2160 7183 3418 7180 3418 7180 2160 7183 2162 7184 2160 7185 3983 7186 2161 7187 3981 7188 3984 7189 3985 7190 3985 7190 3984 7189 3986 7191 3985 7190 3986 7191 3987 7192 3987 7192 3986 7191 3988 7193 3987 7192 3988 7193 3989 7194 3989 7194 3988 7193 3990 7195 3989 7194 3990 7195 3991 7196 3991 7196 3990 7195 3863 7005 3991 7196 3863 7005 3992 7197 3992 7197 3863 7005 3865 7007 3992 7197 3865 7007 3993 7198 3993 7198 3865 7007 3994 7199 3993 7198 3994 7199 3995 7200 3995 7200 3994 7199 3996 7201 3995 7200 3996 7201 3997 7202 3997 7202 3996 7201 3998 7203 3997 7202 3998 7203 2281 7204 2281 7204 3998 7203 3999 7205 2281 7204 3999 7205 4000 7206 4000 7206 3999 7205 4001 7207 4000 7206 4001 7207 4002 7208 4002 7208 4001 7207 4003 7209 4002 7208 4003 7209 3987 7192 3987 7192 4003 7209 4004 7210 3987 7192 4004 7210 3985 7190 3985 7190 4004 7210 3981 7211 3984 7189 4005 7212 3986 7191 4006 7213 4007 7214 4008 7215 4009 7216 4007 7214 3855 6995 3855 6995 4007 7214 4006 7213 3855 6995 4006 7213 1844 6992 1844 6992 4006 7213 4005 7212 1844 6992 4005 7212 3854 6993 3854 6993 4005 7212 3984 7189 3854 6993 3984 7189 3853 7217 3853 7218 3984 7219 3981 7220 3883 7027 3882 7026 3885 7031 3917 7076 4010 7221 3915 7074 3915 7074 4010 7221 4011 7222 3915 7074 4011 7222 4012 7223 4012 7223 4011 7222 4013 7224 4012 7223 4013 7224 4014 7225 4014 7225 4013 7224 4015 7226 4014 7225 4015 7226 4016 7227 4016 7227 4015 7226 4017 7228 3956 7229 3943 7107 3942 7106 3955 7230 3948 7112 4018 7231 4018 7231 3948 7112 3947 7111 4018 7231 3947 7111 4019 7232 4019 7232 3947 7111 4020 7233 4020 7233 3947 7111 3960 7234 3960 7234 3947 7111 3952 7116 3950 7114 3954 7118 3951 7115 2025 7235 3416 7236 2023 7237 2023 7237 3416 7236 4021 7238 1838 7239 1803 6772 1825 7240 1805 6771 2392 7241 3791 6769 3791 6769 2392 7241 2385 7138 3791 6769 2385 7138 3789 6767 3789 6767 2385 7138 1839 7137 3789 6767 1839 7137 4022 7242 4022 7242 1839 7137 3787 6765 4022 7242 3787 6765 3789 6767 3940 7103 3938 7101 4023 7243 4023 7243 3938 7101 3936 7099 4023 7243 3936 7099 4024 7244 4024 7244 3936 7099 3934 7097 4024 7244 3934 7097 4025 7245 4025 7245 3934 7097 4026 7246 4025 7245 4026 7246 4027 7247 4027 7247 4026 7246 4028 7248 4027 7247 4028 7248 4029 7249 4029 7249 4028 7248 1989 7250 4029 7249 1989 7250 4030 7251 4030 7251 1989 7250 3308 7252 3935 7098 3937 7100 3966 7140 3966 7140 3937 7100 3939 7102 3816 6840 3814 6838 4031 7253 4031 7253 3814 6838 3812 6836 4031 7253 3812 6836 3970 7144 3970 7144 3812 6836 3810 6834 3970 7144 3810 6834 3819 6853 3819 6853 3810 6834 2271 6851 4032 7254 3972 7146 4033 7255 4033 7255 3972 7146 3973 7147 3972 7146 4034 7256 3973 7147 3973 7147 4034 7256 3820 6855 3973 7147 3820 6855 3824 6890 3824 6890 3820 6855 2204 6854 3824 6890 2204 6854 3821 6856 3821 6856 2204 6854 2206 7257 3821 6856 2206 7257 2296 1387 1940 7258 1938 7259 2742 7260 2742 7260 1938 7259 4032 7254 2742 7260 4032 7254 2740 7261 2740 7261 4032 7254 4033 7255 2740 7261 4033 7255 2279 7262 2279 7262 4033 7255 3823 6889 2279 7262 3823 6889 2278 6888 1937 745 4032 7254 1938 746 1939 7263 1751 7264 1937 7265 1937 745 1751 7266 4035 7267 1751 447 1753 449 4035 7267 4035 7267 1753 449 4036 7268 4035 7267 4036 7268 1937 745 1937 745 4036 7268 4037 7269 1937 745 4037 7269 4032 7254 4032 7254 4037 7269 4038 7270 4032 7254 4038 7270 3972 7146 3972 7146 4038 7270 4039 7271 3972 7146 4039 7271 3971 7145 3971 7145 4039 7271 4031 7253 3971 7145 4031 7253 3970 7144 1755 7272 4040 7273 1753 449 1753 449 4040 7273 4041 7274 1753 449 4041 7274 4036 7268 4036 7268 4041 7274 3818 6842 4036 7268 3818 6842 4042 7275 4042 7275 3818 6842 3816 6840 4042 7275 3816 6840 4031 7253 1752 7276 1755 7272 1753 449 4040 7273 4043 7277 4041 7274 4044 7278 3817 7279 4043 7280 4043 7277 3817 7281 3818 6842 4043 7277 3818 6842 4041 7274 3817 7282 4044 7283 3815 6839 3815 6839 4044 7283 4045 7284 3815 6839 4045 7284 3969 7143 3969 7143 4045 7284 4046 7285 3969 7143 4046 7285 3968 7142 3968 7142 4046 7285 3967 7141 3968 7142 3967 7141 3809 6833 3809 6833 3967 7141 3807 6829 3809 6833 3807 6829 2341 6827 4043 7286 4047 7287 4044 7288 4044 7288 4047 7287 4048 7289 4044 7283 4048 7289 4045 7284 4043 7286 4040 7290 4047 7287 4047 7287 4040 7290 1755 7291 4047 7287 1755 7291 4048 7289 4048 7289 1755 7291 1754 7292 4048 7289 1754 7292 1958 7293 1958 7293 1754 7292 4049 7294 4049 7294 1754 7292 1936 7295 1959 7296 1958 7297 1991 7298 1991 7299 1958 7293 4049 7294 1991 7299 4049 7294 1935 7300 1935 7300 4049 7294 1936 7295 1958 7293 4050 7301 4048 7289 4048 7289 4050 7301 4046 7285 4048 7289 4046 7285 4045 7284 1957 7302 4051 7303 1972 7304 1972 7304 4051 7303 4050 7301 1972 7304 4050 7301 1958 7293 1959 7305 4052 7306 1957 7302 1959 7307 1991 7308 4052 7309 4052 7310 1991 821 1990 820 4052 7306 1990 7311 1957 7302 1957 7302 1990 7311 4053 7312 1957 7302 4053 7312 4051 7303 4054 7313 4055 7314 1990 7315 1990 7315 4055 7314 4053 7312 1992 7316 4054 7313 1990 7317 1991 7318 1935 7319 1992 7320 1992 7321 1935 7322 1934 7323 1992 7316 1934 7324 4054 7313 4054 7313 1934 7324 4056 7325 4054 7313 4056 7325 4055 7314 4055 7314 4056 7325 4057 7326 4055 7314 4057 7326 4053 7312 4053 7312 4057 7326 4058 7327 4053 7312 4058 7327 4051 7303 4051 7303 4058 7327 4059 7328 4051 7303 4059 7328 4050 7301 4050 7301 4059 7328 4060 7329 4050 7301 4060 7329 4061 7330 4061 7330 4060 7329 4062 7331 4061 7330 4062 7331 4063 7332 4063 7332 4062 7331 4064 7333 4063 7332 4064 7333 3924 7086 3924 7086 4064 7333 4065 7334 3924 7086 4065 7334 3923 7084 3923 7084 4065 7334 4066 7335 3923 7084 4066 7335 3922 7082 3922 7082 4066 7335 3874 7017 3922 7082 3874 7017 3921 7080 3921 7080 3874 7017 3876 7019 3921 7080 3876 7019 3919 7078 3919 7078 3876 7019 3878 7021 3919 7078 3878 7021 3917 7076 3917 7076 3878 7021 3880 7023 3917 7076 3880 7023 4010 7221 4010 7221 3880 7023 3900 7057 4010 7221 3900 7057 4011 7222 4011 7222 3900 7057 3901 7058 4011 7222 3901 7058 4013 7224 4013 7224 3901 7058 3720 6516 4013 7224 3720 6516 4015 7226 4015 7226 3720 6516 3721 6518 4015 7226 3721 6518 4017 7228 4017 7228 3721 6518 3722 6520 4017 7228 3722 6520 3724 6525 3724 6525 3722 6520 3217 6521 3724 6525 3217 6521 3219 6524 2674 7336 2673 7337 1936 7338 4067 7339 4056 7325 2673 7337 2673 7337 4056 7325 1934 7324 2673 7337 1934 7324 1936 7338 4068 7340 4067 7339 1960 7341 1960 7341 4067 7339 2673 7337 2751 7342 4068 7340 1962 7343 1962 7343 4068 7340 1960 7341 4069 7344 4070 7345 4071 7346 4071 7346 4070 7345 4072 7347 4072 7347 4070 7345 3456 7348 4072 7347 3456 7348 3457 7349 2017 7350 3456 7348 4070 7345 3458 7013 3459 7351 3869 7011 3869 7011 3459 7351 4073 7352 3869 7011 4073 7352 3867 7009 3998 7203 2750 7353 2149 7354 2149 7354 2750 7353 4074 7355 2149 7354 4074 7355 2150 7356 2150 7356 4074 7355 4075 7357 2150 7356 4075 7357 1812 7358 4074 7355 2750 7353 4076 7359 4076 7359 2750 7353 2749 7360 4076 7359 2749 7360 4075 7357 4075 7357 2749 7360 2747 7361 4075 7357 2747 7361 4077 7362 4077 7362 2747 7361 2746 7363 4077 7362 2746 7363 4078 7364 4078 7364 2746 7363 2745 7365 4078 7366 2745 7367 3983 7368 3983 7369 2745 7370 2744 7371 3983 7369 2744 7371 2161 7372 1813 7373 1812 7374 4079 7375 4079 7376 1812 7377 4077 7362 4079 7376 4077 7362 4078 7364 4078 7378 1813 7373 4079 7375 2021 7379 3401 7380 2022 7381 2022 7381 3401 7380 1826 7382 2022 7381 1826 7382 3982 7383 1834 7384 1813 7373 1826 7382 1826 7382 1813 7373 4078 7378 1826 7382 4078 7378 3982 7383 3982 7385 4078 7386 3983 7387 1834 7384 1826 7382 3376 7388 1812 7377 4075 7357 4077 7362 4075 7357 4074 7355 4076 7359 1817 7389 3999 7205 2149 7354 2149 7354 3999 7205 3998 7203 1816 7390 1815 7391 2043 7392 4001 7207 3999 7205 2043 7392 2043 7392 3999 7205 1817 7389 2043 7392 1817 7389 1816 7390 2043 7392 2786 7393 4080 7394 4080 7394 2786 7393 2785 7395 4080 7394 2785 7396 4081 7397 4081 7397 2785 7396 4082 7398 4081 7397 4082 7398 4083 7399 4083 7399 4082 7398 4003 7209 4083 7399 4003 7209 4001 7207 4084 7400 4085 7401 3338 7402 3338 7402 3980 7403 4084 7400 4084 7400 3980 7403 3981 7404 4084 7400 3981 7405 4004 7210 3986 7191 4007 7214 3988 7193 4007 7214 3986 7191 4008 7215 4008 7215 3986 7191 4005 7212 4008 7215 4005 7212 4006 7213 3988 7193 4007 7214 4086 7406 4086 7406 4007 7214 4009 7216 4086 7406 4009 7216 3861 7003 3861 7003 4009 7216 3855 6995 3861 7003 3855 6995 3859 7001 3859 7001 3855 6995 3856 6996 3859 7001 3856 6996 3857 6998 3862 7004 3860 7002 4087 7407 4087 7407 3860 7002 4088 7408 4088 7408 3860 7002 3883 7027 4088 7408 3883 7027 4089 7409 3879 7022 4089 7409 3885 7031 3915 7074 4012 7223 3913 7072 3913 7072 4012 7223 3911 7070 3911 7070 4012 7223 4014 7225 3911 7070 4014 7225 3909 7068 3909 7068 4014 7225 4016 7227 3909 7068 4016 7227 3903 7061 3903 7061 4016 7227 4017 7228 3903 7061 4017 7228 3724 6525 3908 7067 3946 7110 3910 7069 3910 7069 3946 7110 4090 7410 3910 7069 4090 7410 3912 7071 3912 7071 4090 7410 3914 7073 4018 7231 4091 7411 3955 7230 4018 7231 4019 7232 4092 7412 4029 7249 4021 7238 4027 7247 4027 7247 4021 7238 4093 7413 4027 7247 4093 7413 4025 7245 4025 7245 4093 7413 2347 7414 4025 7245 2347 7414 4024 7244 4021 7238 3416 7236 4093 7413 4093 7413 3416 7236 1909 7415 4093 7413 1909 7415 2347 7414 2347 7414 4094 7416 4024 7244 4024 7244 4094 7416 3792 6770 4024 7244 3792 6770 4023 7243 4023 7243 3792 6770 3790 6768 4023 7243 3790 6768 3940 7103 3940 7103 3790 6768 3941 7104 3931 7094 3933 7096 4095 7417 4095 7417 3933 7096 4096 7418 4050 7301 4096 7418 4046 7285 4046 7285 4096 7418 3933 7096 4046 7285 3933 7096 3967 7141 4096 7418 4050 7301 4061 7330 4057 7326 4056 7325 4097 7419 4097 7419 4056 7325 4067 7339 4097 7419 4067 7339 4069 7344 4069 7344 4067 7339 4068 7340 4069 7344 4068 7340 4070 7345 4070 7345 4068 7340 2751 7342 4070 7345 2751 7342 2017 7350 4069 7344 4072 7347 4097 7419 4097 7419 4072 7347 4098 7420 3186 7421 4099 7422 4100 7423 3871 7014 4101 7424 3873 7016 3873 7016 4101 7424 4102 7425 3873 7016 4102 7425 3875 7018 3871 7014 3870 7012 4101 7424 4101 7424 3870 7012 3868 7010 4101 7424 3868 7010 3866 7008 4081 7397 4083 7399 4080 7394 4080 7394 4083 7399 4001 7207 4080 7394 4001 7207 2043 7392 4004 7210 4003 7209 4084 7400 4084 7400 4003 7209 4082 7398 4084 7400 4082 7398 4085 7401 4085 7401 4082 7398 2785 7396 4085 7426 2785 7427 3338 7428 3989 7194 2282 7429 3987 7192 3987 7192 2282 7429 4002 7208 3988 7193 4086 7406 3990 7195 3990 7195 4086 7406 3861 7003 3990 7195 3861 7003 3863 7005 3862 7004 3866 7008 3864 7006 3862 7004 4087 7407 3866 7008 3866 7008 4087 7407 4088 7408 3866 7008 4088 7408 4101 7424 4101 7424 4088 7408 4103 7430 4101 7424 4103 7430 4102 7425 4102 7425 4103 7430 3877 7020 4102 7425 3877 7020 3875 7018 4088 7408 4089 7409 4103 7430 4103 7430 4089 7409 3879 7022 4103 7430 3879 7022 3877 7020 2833 2591 2835 2593 3914 7073 3914 7073 2835 2593 3920 7079 3914 7073 3920 7079 3916 7075 3916 7075 3920 7079 3918 7077 3914 7073 4090 7410 2833 2591 2833 2591 4090 7410 3946 7110 3944 7108 4104 7431 3945 7109 3945 7109 4104 7431 2834 2592 3964 7129 4092 7412 4105 7432 4105 7432 4092 7412 4019 7232 4105 7432 4019 7232 3962 7433 3962 7433 4019 7232 4020 7233 4030 7434 2834 2592 3963 7128 3963 7128 2834 2592 4104 7431 3963 7128 4104 7431 3964 7129 3964 7129 4104 7431 3944 7108 3964 7129 3944 7108 4092 7412 4092 7412 3944 7108 3943 7107 4092 7412 3943 7107 4018 7231 4018 7231 3943 7107 3956 7229 4018 7231 3956 7229 4091 7411 4030 7434 3963 7128 4029 7249 4029 7249 3963 7128 3961 7126 4029 7249 3961 7126 4021 7238 4021 7238 3961 7126 3959 7124 4021 7238 3959 7124 2023 7237 2023 7435 3959 7124 3958 7123 2023 7436 3958 7437 2024 7438 2024 7439 3958 7123 3786 6764 2024 7130 3786 6764 1823 7131 1823 7131 3786 6764 2357 6753 1823 7131 2357 6753 1824 7136 1824 7136 2357 6753 2356 6813 1824 7136 2356 6813 3787 6765 3929 7092 3931 7094 4106 7440 4106 7440 3931 7094 4095 7417 4106 7440 4095 7417 4107 7441 4107 7441 4095 7417 4096 7418 4107 7441 4096 7418 4063 7332 4063 7332 4096 7418 4061 7330 4062 7331 4060 7329 4108 7442 4108 7442 4060 7329 4059 7328 4108 7442 4059 7328 4109 7443 4109 7443 4059 7328 4058 7327 4109 7443 4058 7327 4110 7444 4110 7444 4058 7327 4111 7445 4110 7444 4111 7445 4112 7446 4112 7446 4111 7445 4113 7447 4112 7446 4113 7447 4114 7448 4114 7448 4113 7447 4115 7449 4114 7448 4115 7449 4116 7450 4116 7450 4115 7449 4117 7451 4116 7450 4117 7451 4064 7333 4064 7333 4117 7451 4118 7452 4064 7333 4118 7452 4065 7334 4065 7334 4118 7452 4066 7335 4057 7326 4111 7445 4058 7327 4115 7449 4111 7445 4098 7420 4098 7420 4111 7445 4057 7326 4098 7420 4057 7326 4097 7419 4119 7453 4120 7454 3333 4330 3333 4330 4120 7454 4121 7455 3333 4330 4121 7455 3334 4331 3334 4331 4121 7455 4099 7456 3334 7457 4099 7458 3186 7459 3333 4330 4115 7449 4119 7453 4119 7453 4115 7449 4098 7420 4119 7453 4098 7420 4120 7454 4120 7454 4098 7420 4072 7347 4120 7454 4072 7347 4121 7455 4121 7455 4072 7347 3457 7349 4121 7455 3457 7349 4099 7460 4099 7461 3457 7462 3458 7013 4099 7461 3458 7013 4100 7463 4100 7463 3458 7013 3872 7015 4100 7463 3872 7015 4122 7464 4122 7464 3872 7015 3874 7017 4122 7464 3874 7017 4066 7335 4100 7465 4122 7464 2293 7466 2293 7466 4122 7464 4118 7452 2293 7466 4118 7452 2294 7467 2294 7467 4118 7452 4117 7451 2294 7468 4117 7451 2299 7469 2299 7469 4117 7451 4115 7449 2299 7469 4115 7449 3335 7470 3335 7470 4115 7449 3333 4330 4118 7452 4122 7464 4066 7335 4026 7246 4123 7471 4028 7248 4028 7248 4123 7471 1894 7472 4028 7248 1894 7472 1989 7250 3929 7092 4106 7440 3927 7090 3927 7090 4106 7440 4107 7441 3927 7090 4107 7441 3925 7088 3925 7088 4107 7441 4063 7332 3925 7088 4063 7332 3924 7086 4064 7333 4062 7331 4116 7450 4116 7450 4062 7331 4108 7442 4116 7450 4108 7442 4114 7448 4109 7443 4112 7473 4108 7442 4113 7447 4111 7445 4115 7449 4124 7474 3191 7475 3192 7476 2832 2590 2834 2592 4125 7477 4030 7478 3308 7479 4125 7480 4125 7477 3308 7481 3414 7482 4125 7477 3414 7482 2832 2590 2832 2590 3414 7482 4124 7474 2832 2590 4124 7474 2835 2593 2835 2593 4124 7474 3192 7476 2835 2593 3192 7476 3920 7079 3920 7079 3192 7476 3485 7081 2834 7483 4030 7484 4125 7485 3413 7486 4124 7474 3414 7482 3413 7486 4126 7487 4124 7474 4124 7474 4126 7487 4127 7488 4124 7474 4127 7488 3191 7475 3191 7475 4127 7488 2501 7489 3191 7475 2501 7489 3190 7490 1897 7491 4128 7492 3138 7493 3926 7089 4128 7492 3928 7091 3928 7091 4128 7492 3930 7093 2502 7494 2501 7489 2509 7087 2509 7087 2501 7489 4127 7488 2509 7087 4127 7488 3926 7089 3926 7089 4127 7488 4126 7487 3926 7089 4126 7487 4128 7492 4128 7492 4126 7487 3413 7486 4128 7492 3413 7486 3138 7493 2377 7495 3190 7496 2500 7497 2500 7498 3190 7499 2501 7500 1897 7501 1894 7502 4128 7503 4128 7492 1894 7472 4123 7471 4128 7492 4123 7471 3930 7093 3930 7093 4123 7471 4026 7246 3930 7093 4026 7246 3932 7095 3932 7095 4026 7246 3934 7097 3186 7504 4100 7465 2293 7466 3865 7007 3867 7009 3994 7199 3994 7199 3867 7009 4073 7352 3994 7199 4073 7352 3996 7201 3996 7201 4073 7352 3459 7351 3996 7201 3459 7351 3998 7203 3998 7203 3459 7351 2019 7505 3998 7203 2019 7505 2750 7353 2281 7204 4129 7506 3997 7202 4000 7206 4002 7208 2281 7204 2281 7204 4002 7208 2282 7429 3989 7194 3991 7196 2282 7429 2282 7429 3991 7196 4129 7506 2282 7429 4129 7506 2280 7507 2280 7507 4129 7506 2281 7204 4129 7506 3991 7196 3992 7197 3992 7197 3993 7198 4129 7506 4129 7506 3993 7198 3995 7200 4129 7506 3995 7200 3997 7202 4036 7268 4042 7275 4037 7269 4038 7270 4037 7269 4039 7271 4039 7271 4037 7269 4042 7275 4039 7271 4042 7275 4031 7253 1908 7508 1965 7509 2347 7510 2347 7511 1965 7512 3300 7134 2347 7511 3300 7134 3792 6770 3792 6770 3300 7134 3965 7133 3792 6770 3965 7133 1803 6772 1803 6772 3965 7133 1823 7131 1803 6772 1823 7131 1825 7240 3898 7050 3884 7030 3899 7051 3899 7051 3884 7030 2100 7029 3899 7051 2100 7029 3886 7036 3782 6754 3781 6752 3785 6763 3785 6763 3781 6752 2541 7513 3785 6763 2541 7513 2504 1683 1930 6397 1742 7514 3670 6394 3670 6394 1742 7514 1741 7515 3670 6394 1741 7515 3669 6393 3676 7516 3675 6403 4130 7517 4130 7517 3675 6403 3673 6401 4130 7517 3673 6401 4131 7518 4131 7518 3673 6401 3672 6400 4131 7518 3672 6400 4132 7519 4132 7519 3672 6400 3649 6308 4132 7519 3649 6308 3651 6310 3673 6401 3675 6403 3674 6402 4132 7519 3651 6310 3893 7043 4131 7518 4132 7519 3888 7038 3888 7038 4132 7519 3893 7043 3676 7516 4130 7517 4133 7520 4133 7520 4130 7517 4131 7518 4133 7520 4131 7518 3888 7038 1795 7521 4134 7522 3390 7523 3390 7523 4134 7522 4135 7524 3390 7525 4135 7526 3391 7527 3391 7527 4135 7526 2147 7528 3391 7529 2147 7530 2146 7531 1795 7532 3390 7533 2819 7534 4136 7535 4134 7536 1795 7537 4134 7522 4136 7538 4135 7524 4135 7524 4136 7538 3676 7539 4135 7524 3676 7539 2147 7540 2147 7541 3676 7516 4133 7520 2147 7052 4133 7520 3887 7037 3887 7037 4133 7520 3888 7038 3676 7542 4136 7543 1797 7544 1797 7545 4136 7546 1795 7547 3619 6199 3623 6224 3618 7548 3618 7549 3623 6224 3622 6222 3621 6228 3617 6178 3622 7550 3622 7550 3617 6178 3615 6176 3622 7550 3615 6176 3618 7551 3501 5903 3499 5901 4137 7552 4137 7552 3499 5901 3498 5900 4137 7552 3498 5900 4138 7553 4138 7553 3498 5900 3497 5899 4138 7553 3497 5899 2290 7554 2290 7554 3497 5899 3177 7555 4139 7556 4140 7557 4141 7558 4141 7558 4140 7557 2420 1535 4141 7558 2420 1535 4142 7559 4142 7559 2420 1535 3505 5909 4142 7559 3505 5909 3503 5907 2495 7560 2419 7561 4143 7562 4143 7563 2419 7564 2403 7565 4143 7566 2403 7567 4139 7568 4139 7556 2403 7569 4144 7570 4139 7556 4144 7570 4140 7557 4140 7557 4144 7570 3584 7571 4140 7557 3584 7571 2421 7572 2419 7573 2495 7574 2494 7575 3584 7576 4144 7577 2405 1501 2405 1501 4144 7577 2403 1499 2421 1536 2420 1535 4140 7557 2526 5910 3505 5909 2422 7578 2422 7578 3505 5909 2420 1535 2526 5910 2525 5906 3504 5908 2467 7579 3359 7580 2472 7581 2472 7582 3359 7583 3490 7584 2460 7585 2557 7586 3046 7587 3046 7588 2557 7589 2549 7590 3046 7591 2549 7592 2513 7593 1487 7594 1488 7595 3489 7596 3489 7596 1488 7595 2793 7597 3328 7598 2449 7599 3327 7600 3327 7600 2449 7599 3045 7601 3327 7600 3045 7601 2569 7602 2502 7603 2430 7604 2500 7605 2500 7605 2430 7604 2377 7606 2518 7607 2517 7608 2934 7609 2934 7609 2517 7608 2960 7610 2934 7609 2960 7610 2935 7611 2216 7612 3001 7613 2217 7614 2217 7615 3001 7616 2450 7617 3167 7618 3168 7619 4145 7620 4145 7620 3168 7619 3209 7621 3210 7622 4146 7623 3212 7624 3212 7624 4146 7623 3454 7625 2541 7626 2540 7627 2504 7628 2504 7628 2540 7627 3450 7629 2504 7628 3450 7629 2505 1628 2505 1628 3450 7630 3449 1628 2550 7631 3322 7632 3440 7633 3440 7634 3322 7635 3321 7636 1487 7637 3489 7638 1485 7639 1485 7639 3489 7638 3490 7640 1485 7639 3490 7640 3359 7641 4145 7642 3209 7643 3453 7644 3453 7644 3209 7643 3208 7645 2511 7646 2549 7647 2537 7648 2537 7649 2549 7650 2556 7651 4146 7652 3210 7653 2545 7654 2545 7655 3210 7656 2543 7657 3454 7658 2760 7659 3444 7660 3444 7660 2760 7659 2496 7661 3454 7658 2289 7662 2760 7659 2760 7659 2289 7662 2291 7663 2760 7659 2291 7663 2759 7664 2759 1266 2291 1266 2292 1266 2759 1266 2292 1266 2758 1266 2301 7665 2290 7666 2322 7667 2322 7667 2290 7666 2289 7662 2322 7667 2289 7662 3463 7668 3463 7668 2289 7662 3454 7658 3463 7668 3454 7658 2300 7669 2300 7669 3454 7658 4146 7670 2300 7669 4146 7670 2495 1266 2495 7671 4146 7672 2545 7671 2495 7673 2545 7673 2496 7674 2496 7675 2545 1266 2544 7676 2496 7675 2544 7676 3444 7677 2400 7678 4137 7679 4143 7680 4143 7680 4137 7679 4138 1266 4143 7680 4138 1266 2495 7681 2495 7681 4138 1266 2290 7682 2495 7681 2290 7682 2300 7683 2400 7678 4143 7680 3488 7684 3488 7684 4143 7680 4139 7685 3488 7684 4139 7685 3483 7686 3483 7686 4139 7685 4141 7687 3483 7686 4141 7687 3482 7688 3482 7688 4141 7687 3453 7689 3482 7688 3453 7689 2400 7678 2400 7678 3453 7689 2223 7690 2400 7678 2223 7690 4137 7679 4137 7679 2223 7690 2222 7691 4137 7679 2222 7691 3501 7692 3501 7692 2222 7691 3167 7693 3501 7692 3167 7693 4145 7694 3503 1266 3502 7695 4142 1266 4142 1266 3502 7695 4141 7687 3501 7692 4145 7694 3502 7695 3502 7695 4145 7694 3453 7689 3502 7695 3453 7689 4141 7687</p>
        </triangles>
        <triangles material="Surface_1_003-material" count="2851">
          <input semantic="VERTEX" source="#f_1-06vxh12-a00_lk3_1-mesh-vertices" offset="0"/>
          <input semantic="NORMAL" source="#f_1-06vxh12-a00_lk3_1-mesh-normals" offset="1"/>
          <p>0 7696 1 7697 2 7698 2 7698 1 7697 3 7699 2 7698 3 7699 4 7700 4 7700 3 7699 5 7701 4 7700 5 7701 6 7702 6 7702 5 7701 7 7703 6 7702 7 7703 8 7704 8 7704 7 7703 9 7705 8 7704 9 7705 10 7706 10 7706 9 7705 11 7707 10 7706 11 7707 12 7708 12 7708 11 7707 13 7709 12 7708 13 7709 14 7710 14 7710 13 7709 15 7711 14 7712 15 7713 16 7714 2 7698 17 7715 0 7696 18 7716 19 7717 20 7718 21 7719 22 7720 23 7721 24 7722 25 7723 26 7724 27 7725 28 7726 29 7727 30 7728 31 7729 32 7728 33 1488 21 1488 34 1488 35 7730 31 7731 36 7732 19 7733 18 7734 37 7735 38 7736 39 7737 40 7738 41 7739 42 7740 43 7741 44 7742 45 7742 46 7742 47 7743 48 7744 49 7745 50 7746 48 7747 47 7748 50 7749 47 7750 51 7751 51 7751 47 7750 49 7752 51 7751 49 7752 52 7753 53 1266 54 1266 55 1266 55 1488 54 1488 56 1488 57 7754 58 7755 59 7756 60 7757 61 7758 62 7759 63 7760 64 7760 65 7761 26 1266 54 1266 66 1266 67 7762 68 7763 69 7764 66 7765 54 7765 53 7765 70 7766 71 7766 72 7766 73 1488 71 1488 70 1488 74 7767 75 7768 76 7769 42 7770 41 7770 77 7770 78 7771 79 7772 80 7773 81 7774 82 7775 83 7776 84 7777 24 7778 83 7776 83 7776 24 7778 26 7779 83 7776 26 7779 81 7774 85 7780 86 7780 87 7780 88 7781 89 7781 90 7781 59 7782 91 7783 57 7784 92 7785 93 7786 94 7787 95 7788 91 7789 59 7790 96 7791 86 7791 85 7791 97 7792 98 7792 99 7792 100 7793 101 7794 102 7794 99 7795 103 7795 97 7795 104 7796 105 7796 106 7796 107 1488 105 1488 104 1488 108 7797 109 7797 110 7797 98 7798 111 7799 103 7800 97 7801 111 7802 98 7803 112 7804 113 7805 114 7806 115 7807 105 7808 116 7809 117 7810 116 7809 105 7808 111 7811 97 7811 103 7811 118 7812 119 7813 120 7814 121 7815 120 7816 122 7817 123 7818 124 7819 121 7820 121 7815 124 7821 125 7822 121 7815 125 7822 120 7816 120 7816 125 7822 126 7823 120 7814 126 7824 118 7812 124 7825 127 7826 125 7827 128 7828 129 7829 130 7830 131 7831 100 7832 102 7833 65 7834 132 7835 133 7835 128 7836 134 7837 135 7836 136 7838 137 7839 138 7840 139 7841 140 7842 141 7843 140 7844 139 7845 142 7846 143 7847 65 7848 64 7849 144 7850 145 7850 134 7851 146 7852 147 7852 63 7852 134 7853 128 7854 144 7855 99 7856 147 7857 146 7858 148 7859 149 7859 150 7859 116 7860 117 7861 151 7862 20 7863 152 7863 18 7863 153 7864 154 7865 81 7866 152 7867 20 7868 155 7869 151 7870 156 7871 116 7872 157 7873 158 7874 159 7875 160 7876 161 7877 107 7878 160 7876 107 7878 162 7879 162 7879 107 7878 163 7880 162 7879 163 7880 92 7881 92 7881 163 7880 164 7882 92 7881 164 7882 88 7883 165 7884 166 7884 167 7884 82 7885 95 7886 59 7887 58 7888 84 7889 59 7887 59 7887 84 7889 83 7890 59 7887 83 7890 82 7885 168 7891 169 7892 170 7893 171 7894 172 7895 173 7896 174 7897 175 7898 176 7899 169 7900 177 7900 178 7900 179 7901 180 7902 181 7903 182 7904 183 7905 184 7906 185 7907 186 7908 187 7909 188 7910 189 7910 190 7910 191 7911 192 7911 193 7912 194 7913 195 7913 191 7914 192 7915 191 7916 197 7917 198 7918 187 7919 186 7920 194 7921 191 7922 196 7923 199 7924 200 7924 201 7925 202 7926 203 7927 204 7928 202 7926 204 7928 205 7929 205 7929 204 7928 206 7930 205 7931 206 7932 207 7933 208 7934 112 7935 209 7936 114 1488 210 1488 211 1488 188 7937 190 7937 212 7937 213 7938 214 7939 215 7940 216 1488 174 1488 217 1488 218 7941 219 7942 220 7943 221 7944 222 7945 223 7946 221 7947 223 7948 224 7949 224 7949 223 7948 110 7950 224 7949 110 7950 225 7951 225 7951 110 7950 109 7952 225 7953 109 7954 226 7955 223 7948 108 7956 110 7950 225 7953 226 7955 227 7957 227 7957 226 7955 228 7958 227 7957 228 7958 57 7959 57 7960 228 7961 58 7962 91 7963 95 7964 57 7965 57 7959 95 7966 227 7957 174 7967 216 7968 229 7968 233 7969 234 7970 235 7971 236 7972 237 7973 238 7974 239 1488 240 1488 241 1488 108 7975 223 7976 242 7977 243 7978 244 7979 245 7980 211 1266 246 1266 114 1266 247 7981 248 7981 249 7981 244 7982 77 7983 245 7984 250 7985 251 7986 252 7987 253 7988 254 7989 255 7990 256 7991 174 7991 257 7991 217 1266 174 7992 256 1266 258 7993 259 7993 229 7994 260 7995 261 7995 240 7996 262 7997 263 7998 264 7999 265 8000 266 8001 267 8002 265 8003 267 8004 268 8005 268 8005 267 8004 269 8006 268 8005 269 8006 270 8007 271 8008 263 8009 262 8010 240 8011 261 8012 272 8012 263 8013 273 8014 274 8015 275 8016 41 8017 276 8018 277 8019 278 8020 279 8021 277 8022 279 8023 280 8024 280 8024 279 8023 281 8025 280 8024 281 8025 282 8026 283 8027 284 8028 285 8029 141 8030 201 8031 19 8032 234 8033 233 8034 286 8035 287 8036 288 8036 289 8036 290 8037 291 8038 292 8039 41 8040 293 8041 276 8042 294 8043 295 8043 214 8044 267 8045 266 8046 269 8047 296 8048 297 1266 132 8049 298 8050 100 8051 132 8049 132 8049 100 8051 299 8052 132 8049 299 8052 296 8048 300 1266 154 1266 301 1266 302 8053 46 8053 303 8053 304 8054 305 8055 306 8056 304 8057 306 8058 307 8059 307 8059 306 8058 308 8060 307 8061 308 8062 309 8063 310 8064 311 8065 312 8066 290 8067 292 8068 310 8069 313 8070 314 8071 315 8072 316 8073 317 8074 318 8075 316 8073 318 8075 319 8076 319 8076 318 8075 320 8077 319 8078 320 8079 321 8080 215 7940 322 8081 213 7938 214 8082 295 8083 215 8083 271 8084 323 8084 310 8084 324 8085 325 8086 326 8087 327 8088 154 8089 300 8090 170 8091 328 8091 329 8091 274 8092 264 8092 263 8093 330 8094 315 8095 314 8096 331 8097 322 8097 294 8097 332 1488 322 1488 333 1488 314 8098 313 8098 330 8099 334 8100 335 8101 336 8102 334 8100 336 8102 337 8103 337 8103 336 8102 180 8104 337 8105 180 8106 179 8107 315 8108 330 8109 193 8110 338 8111 339 8111 340 8111 19 8112 201 8113 343 8114 344 8115 345 8116 346 8117 347 8118 348 8118 349 8119 271 8120 349 8121 264 8122 348 8123 262 8124 264 8125 264 8126 349 8126 348 8126 325 8127 341 8128 326 8129 276 8130 350 8131 275 8132 350 8133 276 8134 351 8135 193 8136 330 8137 197 8138 191 8139 193 8140 197 8141 352 8142 329 8143 353 8144 354 8145 178 8146 177 8147 354 8148 177 8149 355 8150 355 8150 177 8149 169 8151 355 8152 169 8153 168 8154 356 8155 357 8156 358 8157 356 8155 358 8157 359 8158 359 8158 358 8157 360 8159 359 8158 360 8159 361 8160 271 8161 262 8162 349 8163 123 8164 362 8165 363 8166 364 8167 127 8168 363 8169 363 8166 127 8170 124 8171 363 8166 124 8171 123 8164 341 8172 325 8173 342 8174 230 8175 232 8176 231 8177 365 8178 366 8179 367 8180 368 8181 369 8182 370 8183 371 8184 372 8185 373 8186 374 8187 375 8188 376 8189 375 8190 374 8191 377 8192 378 8193 372 8194 379 8195 373 8196 372 8197 378 8198 377 8199 380 8200 375 8201 381 8202 382 8203 383 8203 372 8204 384 8205 385 8206 367 8207 332 8208 386 8209 387 8210 388 8211 386 8209 386 8209 388 8211 365 8212 386 8209 365 8212 367 8207 389 8213 390 8214 391 8215 392 8216 389 8213 393 8217 393 8217 389 8213 391 8215 332 8218 333 8219 394 8220 239 8221 387 8222 394 8220 394 8220 387 8222 386 8223 394 8220 386 8223 332 8218 395 8224 396 8225 397 8226 397 8226 396 8225 89 8227 397 8226 89 8227 398 8228 398 8228 89 8227 399 8229 398 8228 399 8229 400 8230 400 8230 399 8229 401 8231 400 8230 401 8231 115 7807 115 7807 401 8231 68 8232 399 8229 89 8227 401 8231 163 8233 68 8232 164 8234 164 8234 68 8232 401 8231 115 7807 402 8235 400 8230 400 8230 402 8235 403 8236 400 8230 403 8236 404 8237 404 8237 403 8236 405 8238 404 8239 405 8240 406 8241 406 8241 405 8240 407 8242 406 8241 407 8242 408 8243 408 8243 407 8242 409 8244 408 8243 409 8244 34 8245 34 8245 409 8244 22 8246 34 8245 22 8246 33 8247 33 8248 22 8249 21 8250 410 8251 402 8235 411 8252 411 8252 402 8235 115 7807 411 8252 115 7807 116 7809 400 8230 412 8253 398 8228 413 8254 414 8255 415 8256 415 8256 414 8255 416 8257 415 8256 416 8257 417 8258 417 8258 416 8257 387 8222 417 8258 387 8222 395 8224 395 8224 387 8222 239 8221 395 8224 239 8221 396 8225 396 8225 239 8221 213 8259 396 8225 213 8259 418 8260 413 8254 328 8261 414 8255 413 8254 419 8262 328 8261 328 8261 419 8262 420 8263 328 8261 420 8263 421 8264 421 8264 420 8263 419 8262 421 8264 419 8262 422 8265 422 8265 419 8262 175 8266 422 8265 175 8266 423 8267 423 8268 175 8269 424 8270 424 8270 175 8269 174 8271 174 8272 229 8273 424 8274 424 8274 229 8273 425 8275 424 8276 425 8277 426 8278 427 8279 428 8279 374 8279 372 8280 429 8280 430 8280 431 8281 432 8282 433 8283 431 8284 433 8285 434 8286 434 8286 433 8285 435 8287 434 8286 435 8287 436 8288 437 8289 438 8290 439 8291 362 1266 440 1266 441 1266 442 8292 443 8292 444 8292 445 8293 446 8294 391 8295 447 8296 448 8296 449 8296 181 8297 450 8298 179 8299 451 8300 138 8300 452 8300 453 8301 454 8302 455 8303 456 8304 457 8305 455 8306 455 8306 457 8305 458 8307 455 8306 458 8307 453 8308 459 8309 460 8310 461 8311 459 8309 461 8311 462 8312 462 8312 461 8311 463 8313 462 8312 463 8313 464 8314 391 8315 465 8316 445 8317 466 8318 467 8319 468 8320 467 8321 466 8322 469 8323 470 8324 351 8325 471 8326 472 8327 473 8328 474 8329 475 8330 447 8330 476 8330 476 8331 477 8332 478 8333 16 8334 15 8335 479 8336 187 8337 480 8338 185 8339 481 8340 482 8341 483 8342 481 8343 483 8344 484 8345 484 8345 483 8344 485 8346 484 8347 485 8348 486 8349 317 8350 316 8351 487 8352 488 8353 339 8354 487 8355 487 8355 339 8354 489 8356 487 8355 489 8356 317 8357 490 8358 337 8359 491 8360 490 8358 491 8360 492 8361 492 8361 491 8360 493 8362 492 8361 493 8362 494 8363 495 8364 496 8365 497 8366 205 8367 337 8367 179 8367 200 8368 498 8368 199 8368 498 8369 200 8370 499 8371 500 8372 501 8373 502 8374 503 8375 504 8376 502 8377 502 8377 504 8376 505 8378 502 8377 505 8378 500 8379 506 8380 507 8381 508 8382 509 8383 510 8384 511 8385 511 8386 512 8387 513 8388 511 8389 510 8390 512 8389 514 8391 515 8392 516 8391 517 8393 518 8394 519 8395 511 8396 513 8397 509 8398 472 8399 474 8400 520 8401 521 8402 522 8403 519 8404 520 8405 523 8406 524 8407 525 8408 526 8409 527 8410 525 8411 527 8412 528 8413 528 8413 527 8412 501 8414 528 8413 501 8414 500 8415 478 8416 477 8416 532 8416 510 8417 533 8418 512 8418 529 1628 531 1628 530 1628 520 8419 474 8419 534 8419 535 8420 536 8421 537 8422 535 8420 537 8422 538 8423 538 8423 537 8422 539 8424 538 8423 539 8424 540 8425 540 8425 539 8424 541 8426 540 8425 541 8426 542 8427 543 8428 544 8428 545 8428 546 1488 547 8429 548 1488 549 8430 534 8431 550 8432 551 8433 552 8434 553 8435 554 1266 547 1266 546 1266 508 8436 555 8437 556 8438 557 1266 440 1266 544 1266 558 8439 449 8439 448 8439 559 8440 560 8440 561 8440 564 8441 563 8441 562 8441 565 8442 566 8443 567 8444 568 8445 569 8445 570 8445 559 8446 561 8447 571 1488 383 8448 572 8449 573 8450 516 8451 574 8452 569 8452 568 8453 516 8454 569 8455 516 8456 568 8457 514 8457 559 8458 571 8459 575 8460 575 8460 576 8461 559 8458 559 8458 576 8461 385 8462 559 8458 385 8462 577 8463 578 8464 579 8464 80 8464 580 8465 581 8465 582 8465 583 8466 136 8467 584 8468 585 8469 136 8470 583 8471 586 8472 587 8473 588 8474 586 8472 588 8474 589 8475 589 8475 588 8474 590 8476 589 8477 590 8478 591 8479 137 7839 136 7838 521 8480 592 8481 593 8481 594 8481 581 8482 595 8482 596 8482 597 8483 14 8484 598 8485 585 8486 521 8487 136 8488 591 8489 590 8490 599 8491 600 8492 80 8493 79 8494 601 1488 527 1488 307 1488 602 8495 603 8496 601 8497 602 8498 601 8499 604 8500 604 8501 601 8502 605 8503 604 8504 605 8505 606 8506 607 8507 608 8508 609 8509 610 8510 611 8511 612 8512 608 8513 607 8514 613 8515 614 8516 615 8517 616 8518 617 8519 618 8519 619 8519 620 8520 504 8520 621 8520 622 8521 623 8522 624 8523 625 8524 600 8525 626 8526 627 8527 625 8524 628 8528 628 8528 625 8524 626 8526 628 8528 626 8526 629 8529 381 1488 630 1488 382 1488 631 8530 522 8531 632 8532 631 8533 633 8534 522 8535 634 8536 635 8537 636 8538 636 8538 637 8539 634 8536 634 8536 637 8539 638 8540 634 8536 638 8540 639 8541 639 8541 638 8540 640 8542 639 8541 640 8542 641 8543 641 8543 640 8542 642 8544 641 8543 642 8544 643 8545 643 8545 642 8544 644 8546 643 8545 644 8546 645 8547 645 8547 644 8546 646 8548 647 8549 646 8548 648 8550 648 8550 646 8548 644 8546 649 8551 650 8552 648 8550 648 8550 650 8552 651 8553 648 8550 651 8553 647 8549 521 8554 632 8555 522 8556 585 8557 632 8558 521 8559 652 8560 10 8560 653 8560 654 8561 423 8561 655 8561 612 8562 656 8563 657 8564 610 8565 612 8566 658 8567 658 8568 612 8562 657 8564 27 8569 659 8570 28 8571 657 8572 656 8573 660 8574 661 8575 662 8576 660 8577 660 8577 662 8576 663 8578 660 8577 663 8578 657 8579 664 8580 665 8581 666 8582 667 8583 668 8584 666 8585 666 8582 668 8586 669 8587 666 8582 669 8587 664 8580 670 8588 527 8589 601 8590 670 8591 601 8592 671 8593 671 8594 601 8595 42 8596 671 8597 42 8598 672 8599 609 8600 673 8601 607 8602 17 8603 674 8604 0 8605 616 8606 675 8607 614 8608 599 8609 676 8610 591 8611 677 8612 678 8613 679 8614 679 8615 290 8616 677 8617 677 8617 290 8616 310 8618 677 8617 310 8618 680 8619 680 8619 310 8618 323 8620 680 8621 323 8622 274 8623 132 8624 65 8625 298 8626 298 8627 65 8628 150 8629 298 8627 150 8629 679 8630 679 8630 150 8629 149 8631 679 8615 149 8632 290 8616 681 8633 682 8633 683 8633 684 1488 685 1488 686 1488 258 1488 440 8634 259 8635 557 8636 687 8637 440 8634 440 8634 687 8637 688 8638 440 8634 688 8638 259 8635 259 8635 688 8638 689 8639 259 8635 689 8639 198 8640 690 8641 691 8642 687 8637 687 8637 691 8642 688 8638 692 1488 682 1488 258 1488 258 8643 682 8643 681 8643 258 1488 681 1488 440 8634 440 8644 681 8645 685 8646 440 8644 685 8646 441 8647 441 8648 685 8648 684 8648 441 8649 684 8649 693 8649 694 8650 27 8651 695 8652 695 8652 696 8653 694 8650 694 8650 696 8653 504 8654 694 8650 504 8654 38 8655 38 8655 504 8654 610 8656 44 8657 46 8657 697 8657 698 1488 699 1488 697 1488 697 8658 699 8658 700 8658 697 1488 700 1488 44 1488 52 8659 701 8660 51 8661 62 8662 61 8663 702 8664 50 8665 51 8661 61 8663 61 8663 51 8661 701 8660 61 8663 701 8660 702 8664 702 8664 701 8660 703 8666 694 8667 38 8668 704 8669 705 8670 694 8671 706 8672 706 8673 694 8674 704 8675 39 8676 119 8677 707 8678 708 8679 39 8676 709 8680 709 8680 39 8676 707 8678 710 8681 711 8682 712 8683 712 8683 713 8684 710 8681 710 8685 713 8686 552 8687 710 8685 552 8687 714 8688 714 8688 552 8687 715 8689 714 8690 715 8691 716 8692 713 8686 717 8693 552 8687 562 8694 713 8695 718 8696 718 8696 713 8695 712 8697 718 8698 712 8699 719 8700 719 8700 712 8699 720 8701 719 8700 720 8701 721 8702 722 8703 723 8704 724 8705 724 8706 723 8707 711 8708 724 8709 711 8710 714 8711 714 8711 711 8710 710 8712 584 8713 722 8703 724 8705 721 8714 725 8715 230 8716 230 8717 725 8718 711 8719 230 8720 711 8708 723 8707 721 8721 720 8701 725 8718 725 8718 720 8701 712 8699 725 8718 712 8699 711 8719 721 8722 718 8698 719 8700 563 8723 562 8694 726 8724 726 8724 562 8694 718 8696 726 8724 718 8696 727 8725 727 8726 718 8727 721 8728 565 8729 728 8730 566 8731 566 8731 728 8730 729 8732 566 8733 729 8734 730 8735 567 8736 728 8730 565 8729 731 8737 732 8738 499 8739 499 8740 732 8741 733 8742 499 8743 733 8744 567 8745 567 8745 733 8744 732 8746 567 8747 732 8748 728 8749 201 8750 734 8751 199 8752 31 8753 30 8754 734 8755 734 8755 30 8754 735 8756 734 8755 735 8756 199 8757 199 8757 735 8756 736 8758 199 8759 736 8760 200 8761 200 8762 736 8763 731 8737 200 8762 731 8737 499 8739 734 8755 201 8764 31 8753 731 8737 736 8763 732 8738 737 8765 738 8766 736 8767 736 8768 738 8769 732 8770 30 8754 739 8771 737 8772 737 8765 739 8773 717 8693 737 8765 717 8693 738 8766 738 8766 717 8693 713 8686 738 8774 713 8775 729 8776 729 8734 713 8777 562 8778 729 8734 562 8778 730 8735 730 8735 562 8778 563 8779 730 8735 563 8779 566 8733 739 8771 30 8754 32 8780 740 8781 552 8782 741 8783 741 8784 552 8687 717 8693 741 8785 717 8786 35 8787 35 8787 717 8786 739 8788 35 8789 739 8790 31 8791 31 8792 739 8771 32 8780 742 8793 743 8794 744 8795 745 8796 746 8797 744 8795 744 8795 746 8797 747 8798 744 8795 747 8798 742 8793 744 8795 748 8799 745 8796 745 8800 748 8801 156 8802 745 8800 156 8802 151 8803 749 1488 45 1488 44 1488 750 8804 751 8804 749 8804 749 1488 751 1488 752 8805 749 1488 752 8805 45 1488 751 8806 753 8807 752 8808 752 8808 753 8807 754 8809 754 8809 753 8807 755 8810 755 8810 753 8807 756 8811 755 8810 756 8811 757 8812 758 8813 560 8814 757 8812 757 8812 560 8814 759 8815 757 8812 759 8815 755 8810 547 8816 560 8814 760 8817 760 8817 560 8814 758 8813 561 8818 560 8814 761 8819 761 8819 560 8814 547 8816 761 8819 547 8816 554 1488 68 8820 163 8821 762 8822 763 8823 68 8820 764 8824 764 8824 68 8820 762 8822 764 8824 762 8822 765 1266 69 8825 68 8826 766 8827 766 8828 68 8820 763 8823 767 8829 768 8829 769 8829 154 8830 770 8831 771 8832 771 1488 770 1488 772 1488 747 8833 771 8833 772 8833 153 1488 773 8834 154 8835 154 8835 773 8834 767 8836 154 8830 767 8837 770 8831 774 1488 768 1488 773 1488 773 1488 768 1488 767 1488 104 1488 106 1488 775 1488 776 8838 777 8838 775 8838 775 1488 777 1488 778 1488 775 8839 778 8839 104 8839 779 8840 86 8841 392 8842 392 8842 86 8841 96 8843 392 8842 96 8843 389 8844 389 8844 96 8843 219 8845 219 8845 96 8843 780 8846 219 8845 780 8846 781 8847 430 8848 429 8849 782 8850 782 8850 429 8849 783 8851 782 8850 783 8851 784 8852 784 8852 783 8851 785 8853 784 8852 785 8853 786 8854 786 8854 785 8853 787 8855 786 8854 787 8855 788 8856 788 8856 787 8855 779 8840 788 8856 779 8840 789 8857 789 8857 779 8840 392 8842 789 8857 392 8842 788 8858 25 8859 24 8860 790 8861 790 8861 24 8860 109 8862 96 8863 85 8864 109 8862 109 8862 85 8864 86 8841 109 8862 86 8841 790 8861 790 8861 86 8841 779 8840 745 8865 791 8866 792 8867 203 8868 793 8869 792 8867 792 8867 793 8869 794 8870 792 8867 794 8870 745 8865 795 8871 796 8872 797 8873 797 8873 796 8872 798 8874 797 8873 798 8874 203 8875 203 8876 798 8877 799 8878 203 8876 799 8878 793 8879 798 8874 796 8872 800 8880 798 8881 800 8882 801 8883 799 8884 798 8881 802 8885 802 8885 798 8881 801 8883 803 8886 804 8887 805 8888 629 8889 803 8886 628 8890 628 8890 803 8886 805 8888 82 8891 227 8892 95 8893 81 1488 154 8089 82 8891 82 8891 154 8089 225 8894 82 8891 225 8894 227 8892 187 8895 198 8896 689 8897 423 8898 688 8899 655 8900 655 8900 688 8899 691 8901 655 8900 691 8901 806 8902 806 8902 691 8901 690 8903 806 8904 690 8905 807 8906 806 8902 654 8907 655 8900 480 8908 187 8909 808 8910 808 8911 187 8895 689 8897 808 8911 689 8897 809 8912 809 8912 689 8897 688 8913 809 8914 688 8899 423 8898 810 8915 118 8916 126 8917 126 8917 811 8918 810 8915 810 8915 811 8918 812 8919 810 8915 812 8919 813 8920 814 8921 812 8919 811 8918 813 8920 118 8922 810 8915 204 8923 203 8923 792 8923 815 1266 816 1266 792 1266 792 1266 816 1266 206 1266 792 8924 206 8924 204 8924 792 8925 791 8925 815 8925 797 1266 203 1266 181 1266 335 1266 797 1266 336 1266 336 8926 797 8926 181 8926 336 1266 181 1266 180 1266 795 8927 797 8927 817 8927 817 1266 797 1266 335 1266 818 8928 16 8929 479 8930 479 8930 819 8931 818 8928 818 8928 819 8931 820 8932 818 8928 820 8932 821 8933 821 8933 820 8932 584 8934 821 8933 584 8934 136 8935 136 7838 138 7840 821 8936 387 8937 416 8938 414 8939 329 8940 328 8941 353 8942 353 8942 328 8941 421 8943 353 8942 421 8943 822 8944 822 8944 421 8943 823 8945 822 8944 823 8945 178 8946 178 8946 823 8945 388 8947 178 8948 388 8949 169 8950 169 8950 388 8949 387 8951 169 8952 387 8953 170 8954 170 8955 387 8937 414 8939 170 8955 414 8939 328 8956 422 8957 824 8958 421 8943 421 8943 824 8958 468 8959 421 8943 468 8959 823 8945 814 8960 825 8961 812 8962 825 8961 814 8960 826 8963 826 8963 814 8960 827 8964 826 8963 827 8964 828 8965 828 8965 827 8964 829 8966 828 8965 829 8966 830 8967 830 8967 829 8966 429 8968 830 8967 429 8968 372 8969 827 8964 814 8960 831 8970 831 8970 814 8960 832 8971 831 8972 832 8973 189 8974 189 8974 832 8973 833 8975 189 8974 833 8975 190 8976 190 8976 833 8975 834 8977 190 8976 834 8977 212 8978 212 8978 834 8977 835 8979 176 8980 175 8981 836 8982 836 8982 175 8981 835 8979 836 8982 835 8979 834 8977 831 8970 837 8983 827 8964 372 8984 838 8985 830 8986 830 8986 838 8985 839 8987 826 8963 828 8965 593 8988 593 8988 828 8965 830 8967 826 8963 840 8989 825 8961 825 8990 840 8991 841 8992 842 8993 843 8994 844 8995 845 8996 286 8997 846 8998 233 8999 844 8995 286 8997 286 8997 844 8995 843 8994 286 8997 843 8994 846 8998 846 8998 843 8994 847 9000 225 8894 154 8089 327 8088 848 9001 221 9002 327 8088 327 8088 221 9002 224 9003 327 8088 224 9003 225 8894 849 9004 850 9005 851 9006 852 9007 853 9008 851 9006 851 9006 853 9008 249 9009 851 9006 249 9009 849 9004 849 9010 249 9011 248 9012 854 9013 851 9006 855 9014 856 9015 857 9016 854 9013 854 9013 857 9016 858 9017 854 9013 858 9017 851 9006 851 9006 858 9017 859 9018 851 9006 859 9018 860 9019 861 9020 857 9016 862 9021 862 9021 857 9016 856 9015 237 9022 863 9023 864 9024 864 9024 863 9023 497 9025 864 9026 497 9027 865 9028 865 9028 497 9027 861 9020 865 9028 861 9020 866 9029 866 9029 861 9020 862 9021 237 9022 864 9024 867 9030 868 9031 288 9032 867 9033 867 9033 288 9032 869 9034 867 9033 869 9034 237 9035 439 9036 870 9037 246 9038 246 9038 870 9037 871 9039 246 9038 871 9039 114 7806 114 7806 871 9039 339 9040 114 7806 339 9040 112 7804 89 9041 852 9007 246 9038 246 9038 852 9007 851 9006 246 9038 851 9006 439 9036 439 9036 851 9006 860 9019 211 9042 210 9043 93 9044 93 9045 210 9046 872 9047 93 9045 872 9047 94 9048 92 9049 94 9050 162 9051 162 9052 94 9053 872 9047 162 9052 872 9047 160 9054 160 9054 872 9047 210 9046 92 9055 88 9056 93 9044 93 9044 88 9056 90 9057 93 9044 90 9057 211 9042 211 9042 90 9057 89 9058 211 9059 89 9041 246 9038 873 9060 874 9061 875 9062 265 9063 268 9064 874 9061 874 9061 268 9064 876 9065 874 9061 876 9065 875 9062 875 9062 876 9065 877 9066 270 9067 876 9065 268 9064 878 9068 879 9069 880 9070 881 9071 882 9072 880 9070 880 9070 882 9072 883 9073 880 9070 883 9073 878 9068 880 9070 795 9074 881 9071 882 9072 881 9071 884 9075 352 9076 885 9077 886 9078 887 9079 888 9080 885 9077 885 9077 888 9080 355 9081 885 9077 355 9081 886 9078 886 9078 355 9081 168 9082 354 9083 355 9081 888 9080 300 9084 301 9085 889 9086 890 1488 255 1488 889 1488 889 9087 255 9087 254 9087 889 9086 254 9088 300 9084 274 9089 273 9090 891 9091 891 9091 892 9092 274 9089 274 9089 892 9092 893 9093 274 9089 893 9093 680 1488 422 9094 894 9095 824 9096 624 9097 630 9098 422 9094 422 9094 630 9098 895 9099 422 9094 895 9099 894 9095 896 9100 8 9101 10 9102 897 9103 898 9104 10 9102 10 9102 898 9104 899 9105 10 9102 899 9105 896 9100 897 9103 10 9102 652 9106 896 9100 900 9107 8 9101 8 9101 900 9107 901 9108 8 9101 901 9108 902 9109 902 9109 903 9110 8 9101 8 9101 903 9110 904 9111 8 9101 904 9111 6 9112 904 9111 905 9113 6 9112 6 9112 905 9113 906 9114 6 9112 906 9114 463 9115 463 9115 906 9114 907 9116 463 9115 907 9116 908 9117 908 9117 907 9116 334 9118 908 9117 334 9118 337 9119 6 9112 463 9115 4 9120 4 9120 463 9115 461 9121 4 9120 461 9121 2 9122 461 9121 460 9123 2 9122 2 9122 460 9123 493 9124 2 9122 493 9124 17 9125 909 9126 17 9125 910 9127 910 9127 17 9125 493 9124 910 9127 493 9124 911 9128 911 9128 493 9124 491 9129 911 9128 491 9129 207 9130 207 9130 491 9129 337 9131 207 9130 337 9131 205 9132 909 9126 910 9127 912 9133 912 9133 910 9127 669 9134 912 9133 669 9134 668 9135 208 9136 913 9137 914 9138 914 9138 913 9137 356 9139 914 9138 356 9139 454 9140 454 9140 356 9139 669 9134 454 9140 669 9134 455 9141 455 9141 669 9134 910 9127 455 9141 910 9127 456 9142 456 9142 910 9127 915 9143 456 9142 915 9143 916 9144 916 9144 915 9143 917 1266 356 9139 664 9145 669 9134 356 9139 359 9146 664 9145 664 9145 359 9146 918 9147 664 9145 918 9147 919 9148 919 9148 918 9147 920 9149 919 9148 920 9149 921 1266 918 9147 359 9146 922 9150 922 9150 359 9146 361 9151 922 9150 361 9151 923 9152 488 9153 487 9154 924 9155 924 9155 487 9154 316 9156 924 9155 316 9156 361 9151 361 9151 316 9156 319 9157 361 9151 319 9157 923 9152 925 1266 926 1266 927 1266 927 1266 926 1266 431 1266 927 9158 431 9158 321 9158 321 1266 431 1266 434 1266 321 1266 434 1266 484 1266 484 1266 434 1266 481 1266 434 9159 436 9159 481 9159 481 1266 436 1266 928 1266 481 9160 928 9160 929 9160 929 1266 928 1266 437 1266 486 1266 923 9152 484 9161 484 9161 923 9152 319 9157 484 1266 319 9162 321 1266 930 9163 931 9163 932 9163 932 9164 931 9165 923 9152 932 9164 923 9152 486 1266 668 1266 495 9166 278 9167 278 9167 495 9166 933 9168 278 9167 933 9168 934 9169 934 9169 171 1266 278 9167 278 9170 171 9171 935 9171 936 9172 236 9172 935 9172 935 1266 236 1266 279 1266 935 9173 279 9173 278 9174 236 1266 937 1266 279 1266 279 9175 937 9175 938 9175 279 9176 938 9176 281 9177 281 9178 938 9179 939 9180 281 9178 939 9180 940 9181 940 9181 941 9182 281 9178 942 9183 645 9184 943 9185 943 9185 645 9184 646 9186 943 9185 646 9186 944 9187 647 1266 945 9188 646 9186 646 9186 945 9188 941 9182 646 9186 941 9182 944 9187 944 9187 941 9182 940 9181 946 9189 947 9190 948 9191 949 9192 950 9193 946 9189 946 9189 950 9193 951 9194 946 9189 951 9194 947 9190 952 9195 912 9133 953 9196 953 9196 912 9133 668 9135 953 9196 668 9135 947 9197 947 9198 668 9199 278 9200 947 9190 278 9201 948 9191 372 9202 385 9203 576 9204 576 9204 575 9205 372 9202 154 9206 391 1488 390 9207 954 9208 955 9209 390 9210 390 9210 955 9209 956 9211 390 9210 956 9211 957 9212 301 1488 154 9206 957 9213 957 9213 154 9206 390 9207 958 9214 959 9215 960 9216 960 9216 961 9217 958 9214 958 9214 961 9217 510 9218 958 9214 510 9218 509 9219 740 9220 741 9221 962 9222 35 9223 963 9224 741 9225 741 9225 963 9224 964 9226 741 9225 964 9226 962 9227 962 9228 964 9229 507 8381 962 9228 507 8381 506 8380 31 9230 963 9224 36 9231 36 9231 963 9224 35 9223 962 9228 506 8380 740 9232 740 9232 506 8380 508 8382 551 8433 553 8435 965 9233 551 9234 965 9235 966 9236 966 9236 965 9235 967 9237 966 9236 967 9237 532 9238 549 9239 968 9240 969 9241 970 9242 971 9243 969 9241 969 9241 971 9243 523 9244 969 9241 523 9244 549 9239 524 9245 523 9244 971 9243 557 9246 544 9247 972 9248 973 1488 573 1488 972 1488 972 9249 573 9249 572 9249 972 9248 572 1488 557 9246 966 9250 532 9251 974 9252 518 9253 966 9250 519 9254 519 9254 966 9250 974 9252 519 9254 974 9252 521 9255 518 9253 975 9256 966 9250 966 9250 975 9256 976 9257 966 9250 976 9257 716 9258 716 9258 976 9257 977 9259 716 9258 977 9259 583 9260 583 9260 977 9259 978 9261 583 9260 978 9261 585 9262 583 9260 979 9263 716 9258 966 9250 716 9258 715 9264 980 9265 981 1266 982 9266 983 9267 980 9265 984 9268 984 9268 980 9265 982 9266 984 9268 982 9266 985 9269 986 9270 980 9265 987 9271 987 9271 980 9265 983 9267 307 9272 527 9273 526 9272 304 9274 307 9274 601 9274 601 9275 307 9275 526 9275 601 9276 526 9276 605 9276 605 9277 526 9277 988 9277 605 9278 988 9278 989 9278 989 9279 988 9279 990 9279 601 9280 603 9280 304 9280 304 1266 603 1266 28 1266 304 9281 28 9281 991 9281 991 9282 28 9282 659 9282 992 9283 521 9284 974 9285 974 9286 993 9287 992 9288 992 9289 993 9290 137 7839 992 9289 137 7839 521 8480 665 9291 664 9292 919 9293 921 9294 857 9295 919 9293 919 9293 857 9295 994 9296 919 9293 994 9296 665 9291 995 9297 663 9297 662 9297 662 1266 996 1266 995 1266 995 1266 996 1266 997 1266 995 9298 997 9298 998 9298 657 1266 663 1266 658 1266 658 1266 663 1266 995 1266 658 1266 995 1266 610 1266 999 9299 1000 9300 1001 9301 1001 9301 1000 9300 1002 9302 1001 9301 1002 9302 1003 9303 1003 9303 1002 9302 1004 9304 1003 9303 1004 9304 1005 9305 1005 9305 1004 9304 1006 9306 1005 9305 1006 9306 1007 9307 1007 9307 1006 9306 1008 9308 1007 9307 1008 9308 1009 9309 1009 9309 1008 9308 1010 9310 1009 9309 1010 9310 1011 9311 1011 9311 1010 9310 1012 9312 1011 9311 1012 9312 1013 9313 1013 9313 1012 9312 1014 9314 1013 9313 1014 9314 1015 9315 1015 9315 1014 9314 1016 9316 1015 9315 1016 9316 1017 9317 1017 9317 1016 9316 1018 9318 1017 9317 1018 9318 1019 9319 1019 9319 1018 9318 1020 9320 1019 9319 1020 9320 1021 9321 1021 9321 1020 9320 1022 9322 1021 9321 1022 9322 1023 9323 1023 9323 1022 9322 1024 9324 1008 9308 1025 9325 1010 9310 1010 9310 1025 9325 1026 9326 1010 9310 1026 9326 1012 9312 1026 9326 1025 9325 1027 9327 1027 9327 1028 9328 1026 9326 1026 9326 1028 9328 1014 9314 1026 9326 1014 9314 1012 9312 1027 9327 1029 9329 1028 9328 1028 9328 1029 9329 1030 9330 1028 9328 1030 9330 1016 9316 1016 9316 1030 9330 1018 9318 1029 9329 1031 9331 1030 9330 1030 9330 1031 9331 1032 9332 1030 9330 1032 9332 1033 9333 1033 9334 1032 9335 1034 9336 1035 9337 1020 9320 1036 9338 1036 9338 1020 9320 1018 9318 1036 9338 1018 9318 1033 9333 1033 9333 1018 9318 1030 9330 1036 9338 1037 9339 1035 9337 1035 9337 1037 9339 1034 9340 1035 9337 1034 9340 1038 9341 1033 9342 1034 9340 1037 9339 1038 9341 1039 9343 1035 9337 1035 9337 1039 9343 1022 9322 1035 9337 1022 9322 1020 9320 1040 9344 1041 9345 1042 9346 1042 9346 1041 9345 1043 9347 1042 9346 1043 9347 1044 9348 1044 9348 1043 9347 1045 9349 1044 9348 1045 9349 1024 9324 1040 9344 1046 9350 1041 9345 1041 9345 1046 9350 1047 9351 1041 9345 1047 9351 1048 9352 1048 9352 1047 9351 1049 9353 1048 9352 1049 9353 1050 9354 1050 9354 1049 9353 1051 9355 1046 9350 1052 9356 1047 9351 1047 9351 1052 9356 1053 9357 1047 9351 1053 9357 1049 9353 1049 9353 1053 9357 1054 9358 1049 9353 1054 9358 1051 9355 1051 9355 1054 9358 1055 9359 1001 9301 1003 9303 1056 9360 1056 9360 1003 9303 1057 9361 1056 9360 1057 9361 1058 9362 1058 9362 1057 9361 1005 9305 1058 9362 1005 9305 1059 9363 1059 9363 1005 9305 1007 9307 1059 9363 1007 9307 1060 9364 1060 9364 1007 9307 1009 9309 1060 9364 1009 9309 1011 9311 1057 9361 1003 9303 1005 9305 1028 9328 1016 9316 1014 9314 1041 9345 1048 9352 1043 9347 1043 9347 1048 9352 1050 9354 1043 9347 1050 9354 1045 9349 1061 9365 1055 9359 1056 9360 1056 9360 1055 9359 1054 9358 1056 9360 1054 9358 1001 9301 1001 9301 1054 9358 1053 9357 1001 9301 1053 9357 999 9299 999 9299 1053 9357 1052 9356 1059 9363 1062 9366 1058 9362 1058 9362 1062 9366 1061 9365 1058 9362 1061 9365 1056 9360 1011 9311 1063 9367 1060 9364 1060 9364 1063 9367 1064 9368 1060 9364 1064 9368 1059 9363 1059 9363 1064 9368 1065 9369 1059 9363 1065 9369 1062 9366 1011 9311 1013 9313 1063 9367 1024 9324 1022 9322 1044 9348 1044 9348 1022 9322 1039 9343 1044 9348 1039 9343 1042 9346 1042 9346 1039 9343 1038 9341 1042 9346 1038 9341 1040 9344 29 9370 695 9371 27 9372 606 9373 695 9371 604 9374 604 9374 695 9371 29 9370 604 9374 29 9370 602 1266 696 1266 695 9371 1066 9375 1066 9375 695 9371 606 9373 805 9376 627 9377 628 9378 625 9379 627 9380 578 9381 578 9382 627 9377 805 9376 578 9383 805 9384 579 9385 650 9386 280 9387 282 9388 1067 9389 1068 9390 282 9388 282 9388 1068 9390 651 9391 282 9388 651 9391 650 9386 650 9392 1069 9393 280 9394 280 9395 1069 1266 1070 9396 1071 9397 277 9398 1070 9396 1070 9396 277 9398 280 9395 986 9399 1072 9400 980 9401 803 9402 1073 9403 1072 9404 1072 9404 1073 9403 981 9405 1072 9400 981 9406 980 9401 803 9402 1072 9404 804 9407 1073 9403 803 9402 1074 9408 803 9402 629 9409 1074 9408 1074 9408 629 9409 626 9410 1074 9408 626 9410 1075 9411 1075 9411 626 9410 1076 9412 1075 9411 1076 9412 1077 9413 1077 9413 1076 9412 1078 9414 1077 9413 119 9415 1075 9411 1075 9416 119 9417 998 9418 285 9419 1079 9420 283 9421 305 9422 1079 9423 306 1266 306 9424 1079 9420 285 9419 306 9425 285 9425 308 9425 27 9426 1079 9423 1080 9427 1080 9427 1079 9423 305 9422 1081 9428 643 9429 1082 1266 1081 9428 1083 9430 643 9429 643 9429 1083 9430 1084 9431 643 9429 1084 9431 641 9432 641 9432 1084 9431 1085 9433 641 9432 1085 9433 1086 9434 586 9435 641 9432 1087 9436 1087 9436 641 9432 1086 9434 586 9435 589 9437 641 9432 641 9432 589 9437 591 9438 641 9432 591 9438 639 9439 639 9439 591 9438 676 9440 676 9440 1088 9441 639 9439 639 9442 1088 9443 614 9444 639 9442 614 9444 675 9445 639 9442 675 9445 634 9446 634 9446 675 9445 1089 9447 634 9446 1089 9447 635 9448 635 9448 1089 9447 1090 9449 635 9448 1090 9449 1091 9450 1092 1266 1093 9451 1094 9452 1094 9452 1093 9451 661 9453 1094 9452 661 9453 1090 9449 1090 9449 661 9453 660 9454 535 9455 538 9456 660 9454 660 9454 538 9456 1095 9457 660 9454 1095 9457 1090 9449 1090 9449 1095 9457 1096 9458 1090 9449 1096 9458 1091 9450 611 9459 1097 9460 612 9461 612 9461 1097 9460 1098 9462 612 9461 1098 9462 656 9463 656 9463 1098 9462 535 9455 656 9463 535 9455 660 9454 1099 9464 535 9455 1098 9462 503 9465 502 9466 1100 9467 1100 9467 502 9466 501 9468 1100 9467 501 9468 1099 9464 1099 9464 501 9468 527 9469 1099 9464 527 9469 535 9455 538 9456 540 9470 1095 9457 1095 9457 540 9470 542 9471 1095 9457 542 9471 77 9472 77 9472 542 9471 42 1266 1096 9458 1095 9457 452 9473 993 9474 1096 9458 137 9475 137 9475 1096 9458 452 9473 137 9475 452 9473 138 9476 1101 9477 1102 9478 645 9479 645 9479 1102 9478 1103 9480 645 9479 1103 9480 643 9429 643 9429 1103 9480 1104 1266 643 9429 1104 1266 1082 1266 1105 1266 1106 9481 645 9479 645 9479 1106 9481 1107 9482 645 9479 1107 9482 1101 9477 584 9483 979 9484 583 9485 584 9486 724 9487 979 9488 979 9488 724 9487 714 9489 979 9488 714 9489 716 9490 1108 9491 1072 9400 986 9399 288 9032 868 9031 1108 9491 1108 9491 868 9031 1109 9492 1108 9491 1109 9492 1072 9400 1072 9400 1109 9492 868 9031 1110 9493 1111 9494 1112 9495 1110 9493 1113 9496 1111 9494 1111 9494 1113 9496 1114 1488 1111 9494 1114 1488 105 1488 105 9497 1114 9497 106 9497 1115 1266 1116 1266 112 1266 1115 9498 458 9498 1116 9498 1116 9499 458 9499 457 9499 1116 9500 457 9500 1117 9500 458 9501 1115 9501 453 9501 1117 9502 1118 9502 1116 9502 1116 9503 1118 9503 791 9503 1119 9504 302 9505 1120 9506 812 9507 825 9508 1121 9509 1121 9509 825 9508 302 9510 1121 9511 302 9505 1122 9512 1122 9512 302 9505 1119 9504 1123 9513 1124 9514 825 9515 825 9515 1124 9514 1125 9516 825 9508 1125 9517 302 9510 1126 9518 1123 9513 1127 9519 1127 9519 1123 9513 825 9515 1127 9519 825 9515 841 9520 1128 9521 850 9522 849 9523 213 9524 322 9525 1128 9521 1128 9521 322 9525 428 9526 1128 9521 428 9526 850 9522 1128 9521 849 9523 247 9527 247 9528 849 9529 248 9530 1129 9531 418 9532 247 9527 247 9527 418 9532 213 9524 247 9527 213 9524 1128 9521 1130 9533 346 9534 879 9535 1130 9533 1131 9536 346 9534 346 9534 1131 9536 1132 9537 346 9534 1132 9537 1133 9538 1133 9539 1132 9539 1134 9539 443 9540 1133 9540 1135 9540 1135 1266 1133 1266 1134 1266 260 1488 272 1488 261 1488 331 9541 1136 9541 322 9541 322 9542 1136 9542 272 9542 322 9543 272 9543 333 9543 333 9544 272 9544 260 9544 333 9545 260 9545 1137 9545 1138 9546 174 9547 363 1266 1138 9546 1139 9548 174 9547 174 9547 1139 9548 1140 9549 174 9547 1140 9549 1141 9550 318 9551 1142 9551 320 9551 339 1266 871 1266 489 1266 489 9552 871 9552 1142 9552 489 1266 1142 1266 317 1266 317 1266 1142 1266 318 1266 1143 9553 1144 9554 1145 9555 607 1266 369 1266 613 9556 613 9556 369 1266 1144 9554 613 9556 1144 9554 1146 9557 1146 9557 1144 9554 1143 9553 865 9558 866 9559 1147 9560 428 9561 1148 9562 374 9563 374 9563 1148 9562 1147 9560 374 9563 1147 9560 377 9564 377 9564 1147 9560 866 9559 607 9565 1149 9566 1150 9567 346 9568 1133 9569 344 9570 344 9570 1133 9569 443 9571 344 9570 443 9571 1150 9572 1150 9572 443 9571 369 9573 1150 9567 369 9574 607 9565 969 9575 1151 9576 1152 9577 1152 9577 1151 9576 1153 9578 1152 9579 1153 9580 1154 9581 1154 9581 1153 9580 1149 9566 1154 9581 1149 9566 1155 9582 1155 9582 1149 9566 607 9565 470 8324 970 9583 351 8325 351 8325 970 9583 969 9575 351 8325 969 9575 1152 9577 868 9584 1156 9585 78 9586 80 9587 579 9588 78 9589 78 9586 579 9590 1072 9591 78 9586 1072 9591 868 9584 579 9590 805 9592 1072 9591 1072 9591 805 9592 804 9593 865 9594 1157 9595 864 9596 864 9596 1157 9595 1156 9585 864 9596 1156 9585 867 9597 867 9597 1156 9585 868 9584 850 9598 855 9599 851 9600 855 9599 850 9598 1158 9601 1158 9601 850 9598 428 9602 1158 9601 428 9602 427 9603 960 9604 1159 9605 961 9606 960 9604 1160 9607 1159 9605 1159 9605 1160 9607 574 9608 1159 9605 574 9608 516 9609 637 9610 636 9611 477 9612 974 9613 532 9614 1161 9615 1161 9616 532 9617 477 9618 1161 9619 477 9612 1162 9620 1162 9620 477 9612 636 9611 666 9621 496 1266 667 1266 666 9622 665 9623 861 9624 861 9624 665 9623 994 9625 861 9624 994 9625 857 9626 497 1266 496 1266 861 9627 861 9627 496 1266 666 9628 16 9629 608 9630 14 9631 1163 9632 1164 9633 821 9634 821 9634 1164 9633 1165 9635 821 9634 1165 9635 818 9636 818 9636 1165 9635 1166 9637 818 9636 1166 9637 16 9638 16 9638 1166 9637 609 9639 16 9629 609 9640 608 9630 451 9641 1163 9632 138 9642 138 9642 1163 9632 821 9634 598 9643 14 9631 1167 9644 1167 9644 14 9631 608 9630 1168 9645 1169 9646 555 9647 532 9648 967 9649 558 9650 965 9651 553 9652 967 9653 967 9654 553 9655 1169 9656 967 9657 1169 9658 558 9659 558 9660 1169 9646 1168 9645 1170 9661 1171 9662 1172 9663 544 1488 440 9664 545 1488 545 1488 440 9664 1171 9662 545 1488 1171 9662 1173 9665 1173 9665 1171 9662 1170 9661 1171 9662 440 9664 1174 9666 1175 1488 1174 1488 467 1488 451 9667 1176 9668 1154 9669 1176 9670 451 9671 1177 9672 1177 9672 451 9671 452 9673 1177 9674 452 9675 1095 9676 1177 9674 1095 9676 1178 9677 1178 9677 1095 9676 77 9678 1178 9677 77 9678 244 9679 595 9680 1179 9681 596 9682 1 9683 0 9684 595 9685 595 9685 0 9684 674 9686 595 9685 674 9686 1179 9687 1180 9688 621 9689 1181 1266 620 9690 621 9691 1182 9692 1182 9693 621 9689 1180 9688 141 9694 19 9695 139 9696 139 9697 19 9698 37 9699 60 9700 48 9701 61 9702 61 9702 48 9701 50 9703 1106 9704 1105 9705 288 9706 288 9707 1105 9708 289 9709 288 9710 1183 9711 1106 9712 1106 9712 1183 9711 1107 9713 1107 9714 1183 9715 1101 9716 1101 9716 1183 9715 1184 9717 1185 9718 1186 9719 703 9720 703 9721 1186 9722 702 9723 991 9724 659 9725 1080 9726 1080 9727 659 9728 27 9729 69 9730 766 9731 106 9732 106 9733 766 9734 775 9735 1187 9736 121 9737 1188 9738 1188 9739 121 9740 122 9741 774 9742 73 9743 768 9744 768 9744 73 9743 70 9745 763 9746 776 9746 766 9746 766 9747 776 9747 775 9747 55 9748 1189 9749 53 9750 53 9750 1189 9749 1190 9751 696 9752 1066 9753 990 9754 990 9755 1066 9756 989 9757 72 9758 769 9759 70 9760 70 9760 769 9759 768 9761 989 9762 1066 9763 605 9764 605 9764 1066 9763 606 9765 1113 9766 1110 9767 1191 9768 1191 9768 1110 9767 1192 9769 1193 9770 81 9771 66 9772 66 9773 81 9774 26 9775 1193 9776 66 9777 1190 9778 1190 9778 66 9777 53 9779 764 9780 765 9781 777 9782 777 9783 765 9784 778 9785 777 9786 776 9787 764 9788 764 9788 776 9787 763 9789 115 9790 1194 9791 105 9792 105 9793 1194 9794 1111 9795 67 9796 1114 9796 1191 9796 1191 9797 1114 9797 1113 9797 767 9798 71 9799 770 9800 770 9800 71 9799 1195 9801 1110 9802 1112 9803 1192 9804 1192 9804 1112 9803 1196 9805 72 9806 71 9807 769 9808 769 9809 71 9810 767 9811 1196 9812 1112 9813 1194 9814 1194 9814 1112 9813 1111 9815 755 9816 708 9817 754 9818 754 9818 708 9817 709 9819 1081 9820 987 9821 1083 9822 1083 9822 987 9821 983 9823 148 9824 291 9825 149 9826 149 9826 291 9825 290 9827 106 9828 1114 9829 69 9830 69 9831 1114 9832 67 9833 54 9834 73 9835 773 9836 773 9837 73 9838 774 9839 771 9840 747 9841 1197 9842 1197 9843 747 9844 746 9845 1198 9846 158 9847 1199 9848 1199 9849 158 9850 1200 9851 778 9852 765 9852 104 9852 104 9853 765 9854 762 9855 117 9856 105 9857 161 9858 161 9858 105 9857 107 9859 781 9860 780 9861 242 9862 242 9863 780 9864 108 9865 160 9866 210 9867 113 9868 113 9868 210 9867 114 1266 161 9869 160 9866 117 9870 117 9870 160 9866 113 9868 117 9870 113 9868 151 9871 151 9871 113 9868 745 9872 678 9873 102 9874 679 9875 679 9876 102 9877 101 9878 101 9879 100 9880 679 9881 679 9881 100 9880 298 9882 677 9883 131 9884 678 9885 678 9886 131 9887 102 9888 1124 9889 1123 9890 698 9891 698 9892 1123 9893 699 9894 302 9895 303 9896 1120 9897 1120 9898 303 9899 1201 9900 700 9901 1126 9902 44 9903 44 9904 1126 9905 1127 9906 1115 9907 914 9908 453 9909 453 9909 914 9908 454 9910 700 9911 699 9912 1126 9913 1126 9914 699 9915 1123 9916 907 1628 817 9917 334 9918 334 9918 817 9917 335 9919 126 9920 125 9921 1202 9922 1202 9922 125 9921 1203 9923 1202 9922 235 9924 126 9920 126 9920 235 9924 234 9925 126 9920 234 9925 811 9926 811 9926 234 9925 833 9927 811 9928 833 9929 832 1266 234 9925 1204 9930 833 9927 833 9927 1204 9930 184 9931 833 9927 184 9931 834 9932 834 9932 184 9931 183 9933 834 9932 183 9933 836 9934 836 9934 183 9933 1203 9923 836 9934 1203 9923 127 9935 127 9935 1203 9923 125 9921 811 9936 832 1266 814 1266 127 9937 364 9938 836 9939 836 9940 364 9941 176 1266 181 9942 203 9943 450 9944 450 9945 203 9946 202 9947 881 9948 795 9949 905 9950 905 9951 795 9952 906 9953 1205 1628 936 9954 1206 9955 1206 9956 936 9957 935 9958 1207 9959 759 9960 473 9961 473 9961 759 9960 560 9962 843 9963 842 9964 1203 9965 1203 9966 842 9967 1202 9968 1122 9969 1119 9970 1208 9971 1208 9971 1119 9970 1209 9972 1119 9973 1120 9974 1209 9975 1209 9975 1120 9974 1201 9976 1210 9977 1211 9978 955 9979 955 9980 1211 9981 956 9982 1212 9983 1213 9984 1214 9985 1214 9985 1213 9984 1215 9986 955 9987 954 9988 1210 9989 1210 9989 954 9988 1216 9990 428 9991 322 9992 1148 9993 1148 9993 322 9992 1217 9994 340 9995 924 9996 360 9997 360 9997 924 9996 361 9998 1213 9999 1212 10000 751 10001 751 10001 1212 10000 753 10002 1214 10003 592 10004 1212 10000 1212 10000 592 10004 594 10005 1212 10000 594 10005 753 10002 753 10002 594 10005 756 10006 594 10005 593 10007 756 10006 756 10008 593 10009 1218 10010 756 10008 1218 10010 757 10011 757 10011 1218 10010 1219 10012 757 10011 1219 10012 619 10013 618 10014 758 10015 619 10016 619 10013 758 10017 757 10011 1140 10018 684 10018 1141 10018 1141 10019 684 10019 686 10019 956 10020 1211 10020 957 10020 957 10021 1211 10021 218 10021 1115 10022 112 10023 914 10024 914 10025 112 10026 208 10027 875 10028 877 10029 1220 10030 1220 10031 877 10032 1221 10033 1222 10034 331 10035 214 10036 214 10037 331 10038 294 10039 238 10040 1223 10041 236 10042 236 10043 1223 10044 937 10045 889 10046 1224 10046 890 10046 890 10047 1224 10047 1225 10047 1205 10048 237 10049 936 10050 936 10051 237 10052 236 10053 1136 10054 241 10055 272 10056 272 10056 241 10055 240 10057 174 10058 1141 10059 685 10060 685 10061 1141 10062 686 10063 1222 10064 241 10065 331 10066 331 10067 241 10068 1136 10069 883 10070 903 10071 878 10072 878 10072 903 10071 902 10073 301 10074 957 10075 220 10076 220 10077 957 10078 218 10079 220 10080 1224 10081 301 10082 301 10082 1224 10081 889 10083 1204 10084 234 10085 845 10086 845 10086 234 10085 286 10087 681 570 257 10088 685 10089 685 10089 257 10088 174 10090 1226 10091 394 10092 1137 10093 1137 10094 394 10095 333 10096 302 10097 1125 10098 46 10099 46 10099 1125 10098 697 10100 256 10101 257 10102 683 10103 683 10104 257 10105 681 10106 1124 10107 698 10108 1125 10109 1125 10110 698 10111 697 10112 706 10113 1207 10114 705 10115 705 10115 1207 10114 1227 10116 260 10117 240 10118 1137 10119 1137 10120 240 10121 1226 10122 250 10123 1228 10124 251 10125 251 10126 1228 10127 1229 10128 1230 10129 300 10130 253 10131 253 10131 300 10130 254 10132 888 10133 887 10134 822 10135 822 10136 887 10137 353 10138 1231 10139 1229 10140 1232 10141 1232 10141 1229 10140 1228 10142 682 10143 217 10144 683 10145 683 10145 217 10144 256 10146 1127 10147 841 10148 44 10149 44 10149 841 10148 749 10150 926 10151 1233 10152 431 10153 431 10153 1233 10152 432 10154 229 10155 216 10156 258 10157 258 10158 216 10159 692 10160 692 10161 216 10162 682 10163 682 10163 216 10162 217 10164 871 10165 1233 10166 925 10167 925 10168 1233 10169 926 10170 1122 10171 1208 10172 1121 10173 1121 10174 1208 10175 1234 10176 944 10177 940 10178 1235 10179 1235 10180 940 10181 869 10182 1236 10183 869 10184 939 10185 939 10186 869 10187 940 10188 1237 10189 312 10190 1238 10191 1238 10191 312 10190 311 10192 1239 10193 284 10194 1240 10195 1240 10196 284 10197 283 10198 1241 10199 1231 10200 1242 10201 1242 10201 1231 10200 1232 10202 1243 10203 1244 10204 1240 10205 1240 10205 1244 10204 1239 10206 1139 10207 693 10208 1140 10209 1140 10210 693 10211 684 10212 274 10213 323 10214 264 10215 264 10215 323 10214 271 10216 441 10217 693 10218 1138 10219 1138 10220 693 10221 1139 10222 354 10223 888 10224 178 10225 178 10226 888 10227 822 10228 363 10229 362 10230 1138 10231 1138 10231 362 10230 441 10232 446 8294 1245 10233 391 8295 391 8295 1245 10233 393 10234 392 10235 393 10236 1246 10237 1246 10238 393 10234 1245 10233 1246 10238 1245 10233 1247 10239 938 10240 1248 10241 939 10242 939 10242 1248 10241 1236 10243 377 10244 866 10245 380 10246 380 10246 866 10245 862 10247 382 10248 557 10249 383 10250 383 10250 557 10249 572 10251 1249 10252 1172 10253 1250 10254 1250 10255 1172 10256 1171 10257 859 10258 1251 10259 930 10260 930 10261 1251 10262 931 10263 1144 10264 1252 10265 1145 10266 1145 10266 1252 10265 598 10267 1144 10268 369 10269 1252 10270 1252 10270 369 10269 368 10271 1147 10272 1148 10273 366 10274 366 10275 1148 10276 1217 10277 972 10278 1253 10278 973 10278 973 10279 1253 10279 1254 10279 571 10280 561 10281 575 10282 575 10282 561 10281 372 10283 1249 10284 1255 10285 1172 10286 1172 10286 1255 10285 1170 10287 543 10288 545 10289 1256 10290 1256 10291 545 10292 1173 10293 931 10294 1251 10295 923 10296 923 10296 1251 10295 1257 10297 1255 10298 1256 10299 1170 10300 1170 10300 1256 10299 1173 10301 443 10302 1135 10303 897 10304 897 10305 1135 10306 898 10307 897 10308 652 10309 443 10310 443 10311 652 10312 444 10313 898 10314 1135 10315 899 10316 899 10316 1135 10315 1134 10317 1258 10318 1259 10319 1260 10320 1260 10320 1259 10319 1261 10321 1130 10322 900 10323 1131 10324 1131 10324 900 10323 896 10325 447 10326 475 10327 448 10328 448 10329 475 10330 1262 10331 959 10332 958 10333 1263 10334 1263 10334 958 10333 1264 1488 552 10335 551 10336 715 10337 715 10338 551 10339 966 10340 439 10341 1265 10342 437 10343 437 10344 1265 10345 929 10346 668 10347 667 10348 495 10349 495 10349 667 10348 496 10350 1266 10351 1267 10352 1268 10353 1268 10353 1267 10352 580 10354 1266 10355 1268 10356 1269 10357 1269 10358 1268 10359 1270 10360 580 10361 1267 10362 581 10363 581 10363 1267 10362 595 10364 673 10365 609 10365 1271 10365 1271 10366 609 10366 1166 10366 587 10367 586 10368 1272 10369 1272 10369 586 10368 1087 10370 1086 10371 1085 10372 981 10373 981 10374 1085 10375 982 10376 1099 10377 1181 10378 1100 10379 1100 10379 1181 10378 621 10380 1097 10381 611 10382 1273 10383 1273 10384 611 10385 610 10386 1167 10387 608 10388 1146 10389 1146 10390 608 10391 613 10392 548 10393 547 10394 371 10395 371 10395 547 10394 1274 10396 548 10397 371 10398 546 10399 546 10399 371 10398 373 10400 761 10401 379 10402 561 10403 561 10404 379 10405 372 10406 761 10407 554 10408 379 10409 379 10409 554 10408 378 10410 543 10411 1253 10412 544 10413 544 10413 1253 10412 972 10414 378 10415 554 10416 373 10417 373 10417 554 10416 546 10418 1088 10419 676 10420 1074 10421 1074 10422 676 10423 599 10424 1275 10425 1276 10426 1277 10427 1277 10428 1276 10429 1278 10430 1274 10431 547 10432 838 10433 838 10433 547 10432 760 10434 687 10435 623 10436 690 10437 690 10437 623 10436 807 10438 382 10439 630 10440 557 10441 557 10442 630 10443 687 10444 119 10445 1279 10446 998 10447 998 10448 1279 10449 995 10450 995 10450 1279 10449 610 8656 610 8656 1279 10449 39 10451 610 8656 39 10451 38 8655 648 10452 644 10453 31 10454 31 10454 644 10453 963 10455 963 10455 644 10453 964 10456 964 10456 644 10453 642 10457 964 10456 642 10457 640 10458 964 10459 640 10460 507 10461 507 10461 640 10460 638 10462 507 10461 638 10462 508 10463 508 10464 638 10465 637 10466 508 10467 637 10468 1168 10469 1168 10469 637 10468 449 10470 1168 10469 449 10470 558 10471 19 10472 649 10473 20 10474 20 10474 649 10473 648 10452 20 10474 648 10452 155 10475 155 10475 648 10452 31 10454 155 10475 31 10454 201 10476 1280 10477 649 10473 343 10478 343 10478 649 10473 19 10472 131 10479 677 10480 893 10481 893 10481 677 10480 680 10482 140 10483 155 10484 141 10485 141 10486 155 10487 201 10488 1103 10489 1281 10490 1104 10491 1104 10491 1281 10490 1282 10492 49 10493 1283 10494 52 10495 52 10496 1283 10497 1185 10498 52 10496 1185 10498 701 10499 701 10500 1185 10501 703 10502 282 10503 281 10504 1067 10505 1067 10505 281 10504 941 10506 1067 10505 941 10506 1068 10507 708 10508 704 10509 39 10510 39 10511 704 10512 38 10513 305 10514 304 10515 1080 10516 1080 10516 304 10515 991 10517 736 10518 735 10519 737 10520 737 8772 735 8756 30 8754 722 10521 232 10522 723 10523 723 10524 232 8176 230 8175 74 10525 76 10526 296 10527 296 10527 76 10526 297 10528 88 10529 164 10530 89 10531 89 10531 164 10530 401 1266 67 10532 1194 10533 68 10534 68 10534 1194 10533 115 10535 1191 10536 1192 10537 67 10532 67 10532 1192 10537 1196 10538 67 10532 1196 10538 1194 10533 770 10539 1195 10540 772 10541 772 10541 1195 10540 1284 10542 772 10541 1284 10542 747 10543 98 10544 146 10545 65 10546 65 10547 146 10548 63 10549 988 10550 526 10551 1285 10552 1285 10553 526 10554 525 10555 773 10556 153 10557 54 10558 54 10559 153 10560 56 10561 941 10562 945 10563 1068 10564 1068 10564 945 10563 647 10565 1068 10564 647 10565 651 10566 99 10567 146 10568 103 10569 103 10569 146 10568 98 10570 108 10571 780 10572 109 10573 109 10573 780 10572 96 10574 112 7804 1116 10575 113 7805 113 7805 1116 10575 791 10576 113 10577 791 10578 745 10579 152 10580 142 10581 18 10582 18 10582 142 10581 139 10583 18 10582 139 10583 37 10584 704 10585 708 10586 148 10587 148 10587 708 10586 291 10588 148 10587 150 10589 704 10585 704 10585 150 10589 1286 10590 704 10585 1286 10590 143 10591 704 10592 143 10593 706 10594 706 10594 143 10593 1287 10595 706 10594 1287 10595 1238 10596 310 10597 292 10598 311 10599 311 10599 292 10598 759 10600 311 10599 759 10600 1238 10596 1238 10596 759 10600 1207 10601 1238 10596 1207 10601 706 10594 708 10586 755 10602 291 10588 291 10588 755 10602 759 10600 291 10588 759 10600 292 10598 166 10603 165 10604 1288 10605 1288 10606 165 10607 159 10608 1288 10609 159 10610 158 10611 672 10612 42 10613 1289 10614 1289 10614 42 10613 542 10615 1289 10614 542 10615 541 10616 796 10617 344 10618 1290 10619 1290 10619 344 10618 465 10620 1153 10621 445 10622 1149 10623 1149 10623 445 10622 465 10620 1149 10623 465 10620 1150 10624 1150 10624 465 10620 344 10618 135 10625 134 10626 1290 10619 1290 10619 134 10626 145 10627 1290 10619 145 10627 796 10617 796 10617 145 10627 801 10628 796 10617 801 10628 800 10629 745 10630 794 10631 746 10632 746 10632 794 10631 135 10625 746 10632 135 10625 1197 10633 1197 10633 135 10625 1290 10619 749 10634 1215 10635 750 10636 750 10636 1215 10635 1213 10637 750 10636 1213 10637 751 10638 840 10639 1215 10640 841 10641 841 10641 1215 10640 749 10642 1214 10643 1215 10644 592 10645 592 10645 1215 10644 840 10646 259 10647 198 10648 185 10649 185 10650 198 10651 186 10652 480 10653 426 10654 185 10655 185 10655 426 10654 425 10656 185 10655 425 10656 259 10657 171 10658 934 10659 172 10660 172 10661 934 10662 933 10663 172 10664 933 10665 1291 10666 338 10667 209 1266 339 1266 339 10668 209 10668 112 10668 247 10669 249 10670 1129 10671 1129 10672 249 10673 853 10674 363 10675 174 10676 364 10677 364 10677 174 10676 176 10678 1071 10679 1070 10680 946 10681 946 10682 1070 10683 1069 10684 946 10682 1069 10684 949 10685 218 10686 1292 10687 219 10688 219 10688 1292 10687 389 10689 1211 10690 1210 10691 218 10692 218 10686 1210 10693 1216 10694 218 10686 1216 10694 1292 10687 1216 10695 954 10696 1292 10697 1292 10697 954 10696 390 10698 1292 10697 390 10698 389 10699 251 10700 1229 10701 252 10702 252 10702 1229 10701 1231 10703 252 10702 1231 10703 1241 10704 927 10705 321 10706 1142 10707 1142 10708 321 10709 320 10710 253 1266 1293 10711 1230 10712 1230 10712 1293 10711 219 10713 1230 10712 219 10713 781 10714 1293 10711 1225 10715 219 10713 219 10713 1225 10715 1224 10716 219 10717 1224 10718 220 10719 278 10720 277 10721 948 10722 948 10722 277 10721 1071 10723 948 10724 1071 10725 946 10726 352 10727 353 10728 885 10729 885 10730 353 10731 887 10732 781 10733 242 10734 222 10735 222 10736 242 10737 223 10738 1280 10739 950 10740 1069 10741 1069 10741 950 10740 949 10742 1280 10739 343 10743 950 10740 950 10744 343 10745 1294 10746 950 10744 1294 10746 951 10747 951 10747 1294 10746 1295 10748 951 10747 1295 10748 947 10749 947 10749 1295 10748 1296 10750 947 10749 1296 10750 953 10751 953 10751 1296 10750 596 10752 953 10751 596 10752 952 10753 952 10754 596 10755 1297 10756 596 10755 1179 10757 1297 10756 1297 10756 1179 10757 912 10758 1297 10756 912 10758 952 10759 912 10758 1179 10757 909 10760 909 10760 1179 10757 674 10761 909 10762 674 10763 17 10764 327 10765 781 10766 848 10767 848 10767 781 10766 222 10768 848 10769 222 10770 221 10771 1226 1266 240 1266 394 1266 394 1266 240 1266 239 1266 732 10772 738 10773 1298 10774 1298 10774 738 10773 729 10775 309 10776 308 10777 1299 10778 1299 10778 308 10777 285 10779 1299 10780 285 10781 284 10782 76 10783 75 10784 1300 10785 1300 10786 75 10787 891 10788 1300 10786 891 10788 273 10789 132 10790 297 10791 147 10792 147 10792 297 10791 64 10793 147 10794 64 10795 63 10796 297 10797 76 10798 64 10799 64 10800 76 10801 1300 10802 64 10800 1300 10802 1237 10803 1237 10803 1300 10802 312 10804 1300 10802 273 10805 312 10804 312 10804 273 10805 263 10806 312 10807 263 10808 310 10809 310 10810 263 10811 271 10812 1301 10813 943 10814 287 10815 287 10815 943 10814 944 10816 287 10815 944 10816 1235 10817 295 1488 294 1488 215 1488 215 10818 294 10818 322 10818 1276 10819 1302 10820 1303 10821 1303 10821 1302 10820 1304 10822 1247 10823 1153 10824 1303 10821 1303 10821 1153 10824 1278 10825 1303 10821 1278 10825 1276 10819 445 10826 1153 10824 446 10827 446 10827 1153 10824 1247 10823 446 10828 1247 10829 1245 10830 877 10831 876 10832 1221 10833 1221 10834 876 10835 270 10836 1221 10834 270 10836 1305 10837 1305 10838 270 10839 269 10840 1243 10841 1240 10842 1306 10843 1306 10843 1240 10842 283 10844 293 10845 1243 10841 276 10846 276 10846 1243 10841 1306 10843 276 10846 1306 10843 351 1266 617 10847 619 10848 1307 10849 1307 10850 619 10851 1219 10852 624 10853 654 10854 622 10855 622 10856 654 10857 806 10858 1257 10859 1251 10860 858 10861 858 10861 1251 10860 859 1266 1308 10862 1257 10859 1309 10863 1309 10863 1257 10859 858 10861 1309 10863 858 10861 857 1266 654 10864 624 10865 423 10866 423 10866 624 10865 422 10867 1310 10868 1311 10869 442 10870 442 10870 1311 10869 597 10871 337 10872 490 10873 908 10874 908 10874 490 10873 464 10875 908 10874 464 10875 463 10876 486 10877 485 10878 932 10879 932 10879 485 10878 1312 10880 920 10881 918 10882 1309 10883 1309 10884 918 10885 1308 10886 376 10887 375 10888 862 10889 862 10889 375 10888 380 10890 1313 10891 376 10887 1314 10892 1314 10892 376 10887 862 10889 1314 10892 862 10889 856 10893 1197 10894 1290 10895 771 10896 771 10896 1290 10895 465 10897 771 10896 465 10897 154 10898 154 10898 465 10897 391 10899 444 10900 652 10901 1315 10902 1315 10902 652 10901 653 10903 384 10904 372 10905 1316 10906 1316 10907 372 10908 430 10909 975 10910 518 10911 1317 10912 1317 10913 518 10914 517 10915 577 10916 384 10917 1318 10918 1318 10919 384 10920 1302 10921 1318 10922 1302 10923 1276 10924 384 10925 1316 10926 1304 10927 384 10920 1304 10928 1302 10921 494 10929 493 10930 1319 10931 1319 10931 493 10930 460 10932 1319 10931 460 10932 459 10933 436 10934 435 10935 928 10936 928 10936 435 10935 438 10937 928 10938 438 10939 437 10940 482 10941 481 10942 1265 10943 1265 10943 481 10942 929 10944 1320 10945 515 10945 1321 10945 1321 10946 515 10946 570 10946 631 10947 515 10948 1322 10949 1322 10949 515 10948 1320 10950 527 10951 670 10952 535 10953 535 10953 670 10952 536 10954 520 10955 534 10956 523 10957 523 10958 534 10959 549 10960 1278 10961 534 10962 1277 10963 1277 10963 534 10962 474 10964 1153 10965 1151 10966 1278 10961 1278 10961 1151 10966 550 10967 1278 10961 550 10967 534 10962 552 10968 740 10969 553 10970 553 10971 740 10972 508 10973 574 10974 1160 10975 569 10976 569 10976 1160 10975 1321 10977 569 10978 1321 10979 570 10980 513 10981 1264 10982 509 10983 509 10983 1264 10982 958 10984 1188 10985 78 10986 1187 10987 1187 10987 78 10986 1156 10988 1187 10987 1156 10988 440 10989 440 10989 1156 10988 1174 10990 507 10991 556 10992 1323 10993 1323 10993 556 10992 508 10994 592 10995 840 10996 593 10997 593 10997 840 10996 826 1266 1165 10998 1164 10999 1324 11000 1324 11001 1164 11002 1163 11003 1324 11001 1163 11003 1325 11004 150 11005 65 11006 1286 11007 1286 11008 65 11009 143 11010 645 11011 942 11012 1105 11013 1105 11013 942 11012 1326 11014 1105 11013 1326 11014 289 11015 1276 1488 1275 11016 1318 1488 1318 11017 1275 11018 577 11019 577 11020 1275 11021 560 11022 577 11020 560 11022 559 11023 578 11024 80 11025 625 11026 625 11027 80 11028 600 11029 993 11030 974 11031 1096 11032 1096 11032 974 11031 1161 11033 1096 11032 1161 11033 1091 11034 1091 11034 1161 11033 1162 11035 623 11036 622 11037 807 11038 807 11038 622 11037 806 11039 760 11040 758 11041 617 11042 617 11043 758 11044 618 11045 1307 11046 839 11047 617 11042 617 11042 839 11047 838 11048 617 11042 838 11048 760 11040 620 11049 1273 1266 504 1266 504 11050 1273 11050 610 11050 1327 11051 1075 11051 1328 11051 1328 11052 1075 11052 998 11052 1327 11053 616 11053 1075 11053 1075 11054 616 11054 615 11054 1075 11055 615 11055 1074 11055 631 11056 510 11057 633 11058 633 11058 510 11057 522 11059 1184 11060 1183 11061 1108 11062 1108 11062 1183 11061 288 11063 986 11064 1282 11065 1108 11062 1108 11062 1282 11065 1281 11066 1108 11062 1281 11066 1184 11060 34 11067 1329 11067 408 11067 408 1488 1329 1488 1330 1488 408 1488 1330 1488 406 1488 1021 3499 1023 3499 1019 3499 1019 11068 1023 11068 1024 11068 1019 3499 1024 3499 1017 3499 1017 11069 1024 11069 1045 11069 1017 3499 1045 3499 1015 3499 1015 11070 1045 11070 1050 11070 1015 3499 1050 3499 1013 3499 1013 11071 1050 11071 1051 11071 1013 11072 1051 11072 1063 11072 1063 11073 1051 11073 1055 11073 1063 3499 1055 3499 1064 3499 1064 11074 1055 11074 1061 11074 1064 11075 1061 11075 1065 11075 1065 11076 1061 11076 1062 11076 46 11077 45 11077 303 11077 303 11078 45 11079 1234 11080 45 1266 118 1266 813 1266 45 11079 813 11081 1234 11080 1208 11082 1209 11083 1234 11080 1234 11080 1209 11083 1201 11084 1234 11080 1201 11084 303 11078 23 11085 22 11086 25 11087 25 11087 22 11086 1331 11088 26 11089 25 11087 54 11090 54 11090 25 11087 1331 11088 54 11090 1331 11088 71 11091 71 11091 1331 11088 1332 11092 71 9799 1332 11093 1195 9801 60 11094 62 11095 1333 11096 1333 11097 62 11098 702 11099 1333 11097 702 11099 1186 11100 1104 11101 1282 11102 1082 11103 1082 11103 1282 11102 986 11104 748 11105 410 11106 1334 11107 1334 11107 410 11106 411 11108 1334 11107 411 11108 116 7872 748 11109 1334 11110 156 11111 156 7871 1334 11107 116 7872 603 11112 602 11113 28 11114 28 11114 602 11113 29 11115 742 11116 1284 10542 743 11117 743 11117 1284 10542 1195 10540 743 11118 1195 11119 1332 11120 402 11121 410 11122 403 11121 403 11123 410 11124 405 11123 748 11125 1185 11126 410 11127 410 11127 1185 11126 407 11128 410 11129 407 11130 405 1266 1332 11131 22 11132 743 11133 743 11134 22 11135 60 11136 743 11134 60 11136 744 11137 744 11137 60 11136 1333 11138 744 11137 1333 11138 748 11125 748 11125 1333 11138 1186 11139 748 11125 1186 11139 1185 11126 1332 11140 1331 11141 22 11142 60 11136 22 11135 48 11143 48 11143 22 11135 409 11144 48 11143 409 11144 49 11145 49 11145 409 11144 407 11128 49 11145 407 11128 1283 11146 1283 11146 407 11128 1185 11126 54 1266 71 1266 73 1266 985 11147 1084 11148 984 11149 984 11149 1084 11148 1083 11150 984 11149 1083 11150 983 11151 163 11152 107 11153 762 11154 762 11155 107 11156 104 11157 45 11158 707 11159 813 11160 813 11160 707 11159 119 11161 813 11162 119 11163 118 11164 1189 11165 55 11166 153 11167 153 11167 55 11166 56 11168 754 11169 709 11170 752 11171 752 11171 709 11170 707 11172 752 11171 707 11172 45 11173 987 11174 1081 11175 986 11176 986 11176 1081 11175 1082 11177 143 11178 64 11179 1287 11180 1287 11180 64 11179 1237 11181 1287 11180 1237 11181 1238 11182 1101 11183 1184 11184 1102 11185 1102 11185 1184 11184 1281 11186 1102 11185 1281 11186 1103 11187 99 11188 98 11189 133 11190 133 11191 98 11192 65 11193 1285 1266 505 1266 696 1266 696 11194 505 11194 504 11194 525 11195 528 11195 1285 11195 1285 11196 528 11196 500 11196 1285 1266 500 1266 505 1266 77 11197 41 11198 245 11199 245 11200 41 11201 275 11202 245 11200 275 11202 350 1266 988 11203 1285 11204 990 11205 990 11206 1285 11207 696 11208 78 11209 1188 11210 79 11211 79 11211 1188 11210 122 11212 79 11211 122 11212 1078 11213 119 11214 1078 11215 120 11216 120 11217 1078 11213 122 11212 1084 11218 985 11219 1085 11220 1085 11221 985 11222 982 11223 1189 11224 153 11224 1190 11224 1190 11225 153 11225 81 11225 1190 11226 81 11226 1193 11226 158 11227 1198 11228 1288 11229 1288 11230 1198 11231 166 11232 440 11233 362 11234 1187 11234 1187 11235 362 11235 123 11235 1187 1488 123 1488 121 1488 109 11236 24 11237 226 11238 226 11238 24 11237 84 11239 226 11238 84 11239 228 11240 228 11240 84 11239 58 11241 140 11242 142 11243 155 11244 155 11245 142 11246 152 11247 626 11248 600 11249 1076 11250 1076 11250 600 11249 79 11251 1076 11250 79 11251 1078 11252 147 11253 99 11254 132 11255 132 11256 99 11257 133 11258 793 11259 129 11260 794 11261 794 11261 129 11260 128 11262 794 11261 128 11262 135 11263 128 11264 130 11265 144 11266 144 11267 130 11268 1335 11269 145 11270 144 11271 801 11272 801 11272 144 11271 1335 11273 801 11272 1335 11273 802 11274 284 11275 1239 11275 1299 11275 1299 1266 1239 1266 1244 1266 1299 1266 1244 1266 309 1266 309 1266 1244 1266 307 1266 43 11276 42 11276 1244 11276 1244 11277 42 11277 601 11277 1244 11278 601 11278 307 11278 89 11279 396 1266 852 1266 852 1266 396 1266 418 11280 852 1266 418 11280 853 11281 853 11281 418 11280 1129 11282 168 11283 170 11284 886 11285 886 11286 170 11287 329 11288 886 11289 329 11290 352 11291 1147 11292 823 11293 865 11294 865 11294 823 11293 468 11295 865 11294 468 11295 467 11296 1147 11292 366 11297 823 11293 823 11293 366 11297 365 11298 823 11299 365 11300 388 11301 208 11302 209 11303 913 11304 913 11305 209 11306 338 11307 913 11305 338 11307 356 11308 356 11308 338 11307 357 11309 1336 11310 873 11311 1337 11312 1337 11313 873 11314 875 11315 1337 11313 875 11315 1220 11316 495 11317 497 11318 933 11319 933 11320 497 11321 1291 11322 173 1266 172 1266 863 1266 863 11323 172 11323 1291 11323 863 11324 1291 11324 497 11324 1206 1266 173 1266 1205 1266 1205 11325 173 11325 863 11325 1205 11326 863 11326 237 11326 470 11327 471 11328 472 11329 472 11329 471 11328 1227 11330 472 11329 1227 11330 473 11331 473 11331 1227 11330 1207 1266 705 10115 1227 10116 1338 11332 1338 11333 1227 11334 471 8326 1338 11333 471 8326 705 11335 283 11336 705 11335 1306 11337 1306 11337 705 11335 471 8326 1306 11337 471 8326 351 8325 182 11338 847 11339 183 11340 183 11341 847 11342 843 11343 183 11341 843 11343 1203 11344 233 11345 235 11346 844 11347 844 11348 235 11349 1202 11350 844 11348 1202 11350 842 11351 917 11352 1118 11353 916 11354 916 11354 1118 11353 1117 11355 916 11354 1117 11355 456 11356 456 11356 1117 11355 457 11357 342 11358 341 11359 194 11360 815 11361 911 11362 816 11363 816 11363 911 11362 207 11364 816 11363 207 11364 206 11365 791 11366 915 11367 815 11361 815 11361 915 11367 910 11368 815 11361 910 11368 911 11362 915 11369 791 11370 917 11371 917 11371 791 11370 1118 11372 171 11373 173 11374 935 11375 935 11376 173 11377 1206 11378 196 11379 195 11380 194 11381 194 11382 195 11383 341 11384 192 11385 191 11386 196 11387 196 11388 191 11389 195 11390 781 11391 327 11392 1230 11393 1230 11393 327 11392 300 11394 927 11395 1142 11396 925 11397 925 11398 1142 11399 871 11400 130 11401 129 11402 1335 11403 1335 11403 129 11402 793 11404 1335 11403 793 11404 802 11405 802 11405 793 11404 799 11406 795 11407 880 11408 796 11409 796 11409 880 11408 879 11410 879 11410 346 11411 796 11409 796 11409 346 11411 345 11412 796 11409 345 11412 344 11413 253 7988 255 7990 1293 11414 1293 11414 255 7990 890 11415 1293 11414 890 11415 1225 11416 881 11417 905 11418 884 11419 884 11420 905 11421 904 11422 241 1266 1222 1266 239 1266 239 11423 1222 11423 214 11423 239 1266 214 1266 213 1266 900 11424 1130 11425 901 11426 901 11426 1130 11425 879 11427 721 11428 1339 11429 231 8177 231 8177 1339 11429 230 8175 901 11430 879 11431 902 11432 902 11432 879 11431 878 11433 884 11434 904 11435 882 11436 882 11436 904 11435 903 11437 882 11436 903 11437 883 11438 1244 11439 1243 11440 43 11441 43 11441 1243 11440 293 11442 43 11441 293 11442 41 11443 75 11444 74 11445 891 11446 891 11446 74 11445 296 11447 891 11446 296 11447 892 11448 892 11448 296 11447 299 11449 892 11448 299 11449 893 11450 893 11450 299 11449 100 11451 893 11450 100 11451 131 11452 1326 11453 942 11454 1340 11455 1340 11455 942 11454 943 11456 1340 11455 943 11456 1301 11457 283 11336 1079 11458 705 11335 705 11335 1079 11458 27 11459 705 11460 27 11461 694 11462 1280 10739 1069 10741 649 11463 649 11463 1069 10741 650 11464 350 11465 351 11466 245 11467 245 11468 351 11469 243 11470 237 1266 869 1266 238 1266 238 11471 869 11471 1236 11471 1248 1266 1341 1266 1236 1266 1236 11472 1341 11472 1223 11472 1236 11473 1223 11473 238 11473 847 11474 182 11475 846 11476 846 11476 182 11475 184 11477 846 11476 184 11477 845 11478 845 11479 184 11480 1204 11481 1241 11482 1242 11483 252 11484 252 11485 1242 11486 250 11487 287 1266 1235 1266 288 1266 288 11488 1235 11488 869 11488 1326 1266 1340 1266 289 1266 289 1266 1340 1266 1301 1266 289 11489 1301 11489 287 11489 873 11490 1336 11491 874 11492 874 11493 1336 11494 266 11495 874 11493 266 11495 265 11496 1342 11497 314 11498 325 11499 1342 11497 325 11499 324 11500 313 11501 1342 11502 314 11503 314 11504 1342 11505 324 11506 314 11504 324 11506 325 11507 1248 11508 938 11509 1341 11510 1341 11510 938 11509 937 11511 1341 11512 937 11513 1223 11514 1121 11515 1234 11516 812 11517 812 11518 1234 11519 813 11520 1221 11521 1305 11522 786 11523 786 11523 1305 11522 269 11524 786 11523 269 11524 784 11525 784 11525 269 11524 266 11526 784 11525 266 11526 782 11527 1246 11528 788 1266 392 1266 1247 11529 1221 11521 1246 11530 1246 11530 1221 11521 786 11523 1246 11531 786 11532 788 11533 1304 11534 1336 11535 1303 11536 1303 11536 1336 11535 1337 11537 1303 11536 1337 11537 1247 11529 1247 11529 1337 11537 1220 11538 1247 11529 1220 11538 1221 11521 1316 11539 430 11540 782 11541 266 11526 1336 11535 782 11527 782 11527 1336 11535 1304 11534 782 11542 1304 11543 1316 11544 360 1266 358 11545 340 11546 340 11546 358 11545 357 11547 340 11548 357 11549 338 11550 817 11551 907 11552 795 11553 795 11553 907 11552 906 11554 192 11555 197 11556 193 11557 315 11558 330 11559 313 11560 584 11561 820 11562 722 11563 722 11563 820 11562 819 11564 819 11565 479 11566 15 11567 11 11568 15 11569 13 11570 1232 11571 1228 11572 11 11568 11 11568 1228 11572 250 11573 11 11568 250 11573 15 11569 15 11569 250 11573 1242 11574 15 11567 1242 11575 819 11565 819 11564 1242 11576 230 11577 819 11564 230 11577 722 11563 596 11578 582 11579 581 11580 1296 11581 1295 11582 596 11583 596 11583 1295 11582 499 11584 596 11578 499 11585 582 11579 582 11579 499 11585 1343 11586 582 11579 1343 11586 1270 11587 1270 11587 1343 11586 566 11588 1270 11589 566 11590 1269 11591 499 8371 1295 11592 498 8369 498 8369 1295 11592 1294 11593 498 8369 1294 11593 199 11594 199 11595 1294 11596 343 11597 199 11598 343 11599 201 11600 499 11585 567 11601 1343 11586 1343 11586 567 11601 566 11602 1242 11576 1232 11571 230 11577 230 11577 1232 11571 11 11568 230 11577 11 11568 721 11603 721 11603 11 11568 9 11604 721 11605 9 11606 727 11607 727 11607 9 11606 7 11608 727 11609 7 11610 726 11611 726 11611 7 11610 5 11612 726 11611 5 11612 563 11613 563 11613 5 11612 3 11614 563 11613 3 11614 566 11590 566 11590 3 11614 1 11615 566 11590 1 11615 1269 11591 348 11616 347 11617 262 11618 262 11619 347 11620 349 11620 924 11621 340 11622 488 11623 488 11623 340 11622 339 11624 1174 11625 894 11626 1171 11627 1171 11628 894 11629 1250 11630 923 11631 1257 11632 922 11633 922 11633 1257 11632 1308 11634 922 11633 1308 11634 918 11635 1311 11636 1310 11637 1344 11638 1344 11638 1310 11637 1315 11639 1344 11638 1315 11639 653 11640 383 11641 573 11642 381 11643 381 11644 573 11645 973 11646 381 11644 973 11646 1254 11647 1256 11648 1255 11649 543 11650 543 11650 1255 11649 1249 11651 543 11650 1249 11651 1250 11652 630 11653 543 11654 895 11655 895 1266 543 11656 1250 1266 895 11657 1250 11657 894 11657 381 11658 1254 11659 630 11660 630 11660 1254 11659 1253 11661 630 11653 1253 11662 543 11654 857 11663 921 11664 1309 11665 1309 11666 921 11667 920 11668 1319 11669 459 11670 494 11671 494 11671 459 11670 462 11672 464 11673 490 11674 462 11672 462 11672 490 11674 492 11675 462 11672 492 11675 494 11671 368 11676 370 11677 597 11678 597 11679 370 11680 442 11681 838 11682 372 11683 1274 11684 1274 11684 372 11683 371 11685 1145 11686 598 11687 1143 11688 1143 11689 598 11690 1167 11691 1143 11689 1167 11691 1146 11692 433 11693 432 11694 870 11695 870 11695 432 11694 1233 11696 870 11695 1233 11696 871 11697 435 11698 433 11693 438 11699 438 11699 433 11693 870 11695 438 11699 870 11695 439 11700 466 8322 468 11701 469 8323 469 8323 468 11702 824 11703 469 8323 824 11703 1345 11704 824 11703 894 11705 1345 11704 1345 11704 894 11705 1174 11706 1345 11704 1174 11707 469 8323 469 8323 1174 11707 1175 11708 469 8323 1175 11708 467 8321 322 11709 332 11709 1217 11709 1217 1488 332 1488 367 1488 1217 11710 367 11710 366 11710 442 11711 370 1266 443 1266 443 11712 370 11712 369 11712 205 11713 179 11714 202 11715 202 11716 179 11717 450 1266 483 1266 482 1266 860 11718 860 11718 482 1266 1265 11719 860 11718 1265 11719 439 11720 485 1266 483 1266 1312 1266 1312 11721 483 1266 860 11722 1312 11721 860 11722 859 11723 932 11724 1312 11725 930 11726 930 11727 1312 11728 859 11729 1315 11730 1310 11731 444 11732 444 11733 1310 11734 442 11735 637 11736 477 11737 449 11738 449 11738 477 11737 476 11739 449 11740 476 11741 447 11742 1314 11743 1158 11744 1313 11745 1313 11745 1158 11744 427 11746 476 11747 478 11748 475 11749 475 11750 478 11751 1262 11752 473 8328 560 11753 474 8329 474 8329 560 11753 1275 11754 474 8329 1275 11754 1277 11755 1131 11756 896 11757 1132 11758 1132 11758 896 11757 899 11759 1132 11760 899 11761 1134 11762 855 11763 1158 11764 854 11765 854 11765 1158 11764 1314 11766 854 11765 1314 11766 856 11767 1313 11768 427 11769 376 11770 376 11771 427 11772 374 11773 1178 11774 244 11775 1152 11776 1152 11776 244 11775 243 11777 1152 11776 243 11777 351 11778 1154 11779 1176 11779 1152 11780 1152 11781 1176 1266 1177 1266 1152 11776 1177 1266 1178 11774 533 11782 1346 11783 512 11784 512 11784 1346 11783 1347 11785 512 11786 1347 11787 513 11788 513 11788 1347 11787 1263 11789 513 11788 1263 11789 1264 570 1091 11790 1162 11791 635 11792 635 11793 1162 11794 636 11795 510 11796 517 11797 522 11798 522 11799 517 11800 519 11801 971 11802 472 11803 524 11804 524 11804 472 11803 520 11805 472 11806 971 11807 470 11808 470 11808 971 11807 970 11809 1160 11810 960 11811 1321 11812 1321 11812 960 11811 959 11813 1321 11814 959 11815 1320 11816 1346 11817 1322 11818 1347 11819 1347 11819 1322 11818 1320 11816 1347 11819 1320 11816 1263 11820 1263 11820 1320 11816 959 11815 976 11821 1348 11822 977 11823 977 11824 1348 11825 1349 11826 977 11824 1349 11826 978 11827 1094 11828 998 11829 1092 11830 1092 11830 998 11829 997 11831 478 11832 532 11833 1262 11834 1262 11834 532 11833 558 11835 1262 11834 558 11835 448 11836 549 11837 550 11838 968 11839 968 11840 550 11841 1151 11842 968 11840 1151 11842 969 11843 1169 11844 1350 11845 555 11846 555 11846 1350 11845 508 11847 1169 9656 553 9655 1350 11848 1350 11848 553 9655 508 11849 1348 11850 976 11851 1351 11852 1351 11853 976 11854 975 11855 1351 11853 975 11855 1317 11856 568 11857 570 11858 514 11859 514 11860 570 11861 515 11862 588 1266 587 1266 1073 1266 1073 11863 587 11863 1272 11863 1073 11864 1272 11864 981 11864 590 1266 588 1266 599 1266 599 1266 588 1266 1073 1266 599 11865 1073 11865 1074 11865 451 11866 1154 11867 1163 11868 1163 11869 1154 11870 1325 11871 1 11872 595 11873 1269 11874 1269 11874 595 11873 1267 11875 1269 11876 1267 11877 1266 11878 1352 11879 1324 11880 1155 11881 1155 11881 1324 11880 1325 11882 1155 11881 1325 11882 1154 1266 1271 1266 1352 11879 673 11883 673 11883 1352 11879 1155 11881 673 11883 1155 11881 607 11884 1272 11885 1087 11886 981 11887 981 11887 1087 11886 1086 11888 14 11889 597 11890 12 11891 12 11891 597 11890 1311 11892 12 11891 1311 11892 10 11893 10 11893 1311 11892 1344 11894 10 11893 1344 11894 653 11895 1252 11896 368 11897 598 11898 598 11898 368 11897 597 11899 480 11900 808 11901 426 11902 426 11902 808 11901 809 1266 426 11902 809 1266 424 1266 424 11903 809 11903 423 11904 1307 11905 1219 11906 839 11907 839 11907 1219 11906 1218 1266 839 11907 1218 1266 830 1266 830 1266 1218 1266 593 11908 632 11909 585 11910 631 11911 631 11911 585 11910 978 11912 631 11911 978 11912 1349 11913 580 11914 582 11915 1268 11916 1268 11917 582 11918 1270 11919 1271 11920 1166 11921 1352 11922 1352 11923 1166 11924 1165 11925 1352 11926 1165 11927 1324 11928 1181 11929 1099 11930 1180 11931 1180 11931 1099 11930 1098 11932 1180 11931 1098 11932 1182 11933 1322 11934 1346 11935 631 11936 631 11936 1346 11935 533 11937 631 11938 533 11939 510 11940 1328 11941 1089 11942 1327 11943 1327 11943 1089 11942 675 11944 1327 11943 675 11944 616 11945 998 11946 1094 11947 1328 11941 1328 11941 1094 11947 1090 11948 1328 11941 1090 11948 1089 11942 631 11949 1349 11950 515 11951 515 11951 1349 11950 1348 11952 515 11951 1348 11952 516 11953 516 11954 1348 11955 1351 11956 516 11957 1351 11958 1159 11959 1159 11959 1351 11958 1317 11960 1159 11959 1317 11960 961 11961 961 11961 1317 11960 517 11962 961 11961 517 11962 510 11963 662 11964 661 11965 996 11966 996 11966 661 11965 1093 11967 996 11966 1093 11967 997 11968 997 11968 1093 11967 1092 11969 1088 11970 1074 11971 614 11972 614 11973 1074 11974 615 11975 1182 11976 1098 11977 620 11978 620 11978 1098 11977 1097 11979 620 11978 1097 11979 1273 11980 504 11981 503 11982 621 11983 621 11983 503 11982 1100 11984 624 11985 623 11986 630 11987 630 11987 623 11986 687 11988 865 11989 467 11990 1157 11991 1157 11992 467 11993 1174 11994 1157 11992 1174 11994 1156 11995 1289 11996 541 11997 672 11998 672 11998 541 11997 539 11999 672 11998 539 11999 671 12000 671 12000 539 11999 537 12001 671 12000 537 12001 670 12002 670 12002 537 12001 536 12003 1353 12004 1354 12005 1355 12006 1355 12007 1354 12008 1356 12009 1355 12007 1356 12009 1357 12010 1358 12011 1359 12012 1360 12013 1360 12014 1359 12015 1361 12016 1360 12014 1361 12016 1362 12017 1362 12017 1361 12016 1354 12018 1362 12017 1354 12018 1353 12019 1357 12010 1363 12020 1355 12007 1357 12010 1364 12021 1363 12020 1363 12020 1364 12021 1365 12022 1363 12023 1365 12024 1366 12025 1367 12026 1368 12027 1369 12028 1369 12028 1368 12027 1365 12022 1369 12028 1365 12022 1370 12029 1370 12029 1365 12022 1364 12021 1371 12030 1372 12031 1373 12032 1374 12033 1375 12033 1371 12034 1375 12035 1374 12036 1376 12037 1377 12038 1378 12039 1379 12040 1380 12041 1381 12042 1371 12043 1382 12044 1383 12045 1384 12046 1385 12047 1382 12047 1386 12047 1371 12048 1387 12049 1388 12050 1389 12051 1390 12052 1391 12053 1392 12054 1368 12055 1367 12056 1393 12057 1394 12058 1395 12059 1386 12060 1396 12061 1385 12062 1396 12063 1382 12063 1384 12063 1382 12064 1396 12065 1386 12066 1397 12067 1398 12068 1353 12069 1399 12070 1400 12071 1401 12072 1388 12073 1380 12074 1371 12075 1380 12076 1388 12077 1402 12078 1403 12079 1397 12080 1404 12081 1366 12082 1365 12083 1368 12084 1377 12085 1405 12085 1406 12085 1379 12086 1405 12086 1377 12087 1353 12088 1366 12089 1397 12090 1394 12091 1399 12092 1407 12093 1391 12094 1399 12094 1401 12094 1408 12095 1409 12096 1387 12097 1410 12098 1408 12095 1411 12099 1411 12099 1408 12095 1387 12097 1411 12099 1387 12097 1412 12100 1413 12101 1414 12102 1396 12103 1396 12104 1384 12105 1413 12106 1413 12107 1384 12108 1383 12109 1413 12107 1383 12109 1415 12110 1416 12111 1385 12112 1417 12113 1414 12114 1417 12113 1396 12115 1396 12115 1417 12113 1385 12112 1353 12116 1398 12117 1418 12118 1362 12119 1353 12120 1360 12121 1360 12122 1353 12116 1418 12118 1419 12123 1379 12124 1420 12125 1379 12124 1378 12126 1420 12125 1420 12125 1378 12126 1421 12127 1420 12125 1421 12127 1422 12128 1421 12127 1378 12126 1423 12129 1424 12130 1425 12131 1356 12132 1364 12133 1356 12132 1426 12134 1426 12134 1356 12132 1425 12131 1426 12134 1425 12131 1427 12135 1364 12133 1426 12134 1370 12136 1357 12137 1356 12132 1364 12133 1428 12138 1416 12139 1417 12140 1428 12141 1393 12142 1416 12143 1416 12143 1393 12142 1429 12144 1416 12145 1429 12146 1430 12147 1393 12148 1428 12149 1431 12150 1374 12151 1432 12152 1433 12153 1433 12153 1432 12152 1434 12154 1435 12155 1436 12156 1437 12157 1437 12157 1436 12156 1434 12158 1437 12159 1434 12160 1432 12161 1438 12162 1435 12155 1403 12163 1403 12164 1435 12155 1437 12157 1403 12165 1437 12166 1432 12167 1397 12168 1439 12169 1404 12170 1404 12171 1439 12172 1440 12173 1404 12174 1440 12173 1403 12175 1403 12175 1440 12173 1438 12162 1441 12176 1440 12173 1392 12177 1392 12177 1440 12173 1439 12172 1392 12177 1439 12172 1368 12178 1441 12176 1392 12177 1442 12179 1442 12179 1392 12177 1443 12180 1442 12181 1443 12182 1444 12183 1441 12176 1445 12184 1440 12173 1440 12173 1445 12184 1446 12185 1440 12173 1446 12185 1438 12162 1438 12162 1446 12185 1447 12186 1438 12162 1447 12186 1435 12155 1435 12155 1447 12186 1448 12187 1435 12155 1448 12187 1436 12156 1449 12188 1406 12189 1448 12187 1448 12187 1406 12189 1450 12190 1448 12187 1450 12190 1436 12156 1436 12156 1450 12190 1451 12191 1436 12156 1451 12191 1434 12192 1434 12193 1451 12194 1452 12195 1434 12196 1452 12197 1433 12198 1433 12198 1452 12197 1453 12199 1433 12198 1453 12199 1374 12200 1377 12201 1406 12202 1454 12203 1454 12204 1406 12189 1449 12188 1452 12197 1419 12205 1453 12199 1453 12199 1419 12205 1420 12206 1453 12207 1420 12208 1455 12209 1455 12209 1420 12208 1422 12210 1455 12211 1422 12212 1376 12213 1376 12213 1422 12212 1421 12214 1371 12030 1375 12215 1372 12031 1372 12216 1375 12035 1456 12217 1408 12218 1457 12219 1409 12220 1409 12220 1457 12219 1458 12221 1459 12222 1460 12222 1461 12222 1461 12222 1460 12222 1462 12222 1463 12223 1464 12224 1378 12225 1378 12225 1464 12224 1423 12226 1383 12227 1382 12228 1395 12229 1395 12230 1382 12231 1429 12232 1395 12233 1429 12234 1393 12235 1376 12236 1374 12237 1455 12238 1455 12239 1374 12240 1453 12241 1458 12242 1457 12243 1465 12244 1465 12244 1457 12243 1466 12245 1467 12246 1468 12247 1465 12244 1465 12244 1468 12247 1469 12248 1465 12244 1469 12248 1458 12242 1383 12249 1395 12250 1415 12251 1415 12251 1395 12250 1390 12252 1415 12251 1390 12252 1389 1266 1470 12253 1372 12254 1464 12255 1464 12255 1372 12254 1456 12256 1464 12255 1456 12256 1423 12257 1375 12035 1376 12037 1456 12217 1456 12256 1376 12258 1421 12259 1456 12256 1421 12259 1423 12257 1371 12260 1381 12261 1374 12262 1374 12262 1381 12261 1432 12263 1468 12264 1412 12265 1469 12266 1469 12266 1412 12265 1387 12267 1356 12268 1354 12269 1424 12270 1424 12271 1354 12272 1361 12273 1400 12274 1399 12275 1417 12276 1417 12277 1399 12278 1428 12279 1471 12280 1369 12281 1426 12282 1426 12282 1369 12281 1370 12283 1381 12284 1380 12285 1398 12286 1398 12287 1380 12288 1418 12289 1397 12290 1403 12291 1398 12292 1398 12286 1403 12293 1432 12294 1398 12286 1432 12294 1381 12284 1443 12295 1392 12296 1471 12297 1471 12297 1392 12296 1367 12298 1471 12297 1367 12298 1369 12299 1472 12300 1473 12301 1359 12302 1359 12302 1473 12301 1474 12303 1359 12302 1474 12303 1361 12304 1400 12305 1417 12306 1475 12307 1475 12307 1417 12306 1414 12308 1475 12307 1414 12308 1413 1488 1379 12309 1419 12310 1405 12311 1405 12312 1419 12313 1452 12314 1366 12315 1353 12316 1363 12317 1363 12317 1353 12316 1355 12318 1464 12319 1463 12320 1470 12321 1470 12321 1463 12320 1476 12322 1457 12323 1408 12324 1466 12325 1466 12325 1408 12324 1410 12326 1466 12325 1410 12326 1477 12327 1477 12327 1410 12326 1411 12328 1477 12327 1411 12328 1478 12329 1411 12328 1412 12330 1478 12329 1478 12329 1412 12330 1468 12331 1478 12329 1468 12331 1467 12332 1478 12329 1467 12332 1477 12327 1477 12327 1467 12332 1465 12333 1477 12327 1465 12333 1466 12325 1399 12334 1391 12335 1407 12336 1407 12337 1391 12338 1394 12339 1393 12340 1431 12341 1394 12342 1394 12342 1431 12341 1428 12343 1394 12342 1428 12343 1399 12344 1416 12345 1430 12346 1385 12347 1385 12347 1430 12346 1429 12348 1385 12347 1429 12348 1382 12349 1390 12350 1395 12059 1391 12351 1391 12351 1395 12059 1394 12058 1444 12352 1473 12353 1479 12354 1479 12354 1473 12353 1472 12355 1479 12354 1472 12355 1358 12356 1358 12356 1472 12355 1359 12357 1358 12356 1480 12358 1479 12354 1380 12359 1480 12358 1418 12360 1418 12360 1480 12358 1358 12356 1418 12360 1358 12356 1360 12361 1380 12362 1402 12363 1480 12358 1480 12358 1402 12363 1481 12364 1480 12358 1481 12364 1479 12354 1481 12364 1402 12363 1482 12365 1482 12365 1402 12363 1388 12366 1482 12365 1388 12366 1483 12367 1473 12368 1425 12369 1474 12370 1474 12371 1425 12372 1424 12373 1474 12371 1424 12373 1361 12374 1387 12375 1371 12376 1469 12377 1469 12377 1371 12376 1373 12378 1469 12377 1373 12378 1475 12379 1475 12379 1373 12378 1476 12380 1470 12381 1476 12382 1372 12383 1372 12384 1476 12380 1373 12378 1484 12385 1415 12386 1476 12380 1476 12380 1415 12386 1389 12387 1476 12380 1389 12387 1475 12379 1484 12385 1476 12380 1454 12388 1454 12388 1476 12380 1463 12389 1413 12390 1415 12386 1409 12391 1409 12391 1415 12386 1484 12385 1409 12391 1484 12385 1387 12392 1387 12392 1484 12385 1483 12393 1387 12392 1483 12393 1388 12394 1413 12390 1409 12391 1475 12379 1475 12379 1409 12391 1458 12395 1475 12379 1458 12395 1469 12377 1471 12396 1426 12397 1443 12398 1443 12399 1426 12400 1427 12401 1391 12402 1401 12403 1389 12404 1389 12405 1401 12406 1400 12407 1389 12405 1400 12407 1475 12408 1444 12409 1443 12410 1473 12411 1473 12411 1443 12410 1427 12412 1473 12413 1427 12414 1425 12415 1366 12416 1368 12417 1397 12418 1397 12419 1368 12420 1439 12421 1454 12422 1463 12423 1377 12424 1377 12424 1463 12423 1378 12425</p>
        </triangles>
      </mesh>
    </geometry>
  </library_geometries>
  <library_visual_scenes>
    <visual_scene id="Scene" name="Scene">
      <node id="f_1-06vxh12-a00_lk3" name="f_1-06vxh12-a00_lk3" type="NODE">
        <matrix sid="transform">1 0 0 -0.155 0 1 0 0 0 0 1 -1.064 0 0 0 1</matrix>
        <instance_geometry url="#f_1-06vxh12-a00_lk3_1-mesh" name="f_1-06vxh12-a00_lk3">
          <bind_material>
            <technique_common>
              <instance_material symbol="Surface_3_002-material" target="#Surface_3_002-material"/>
              <instance_material symbol="Surface_1_003-material" target="#Surface_1_003-material"/>
            </technique_common>
          </bind_material>
        </instance_geometry>
      </node>
    </visual_scene>
  </library_visual_scenes>
  <scene>
    <instance_visual_scene url="#Scene"/>
  </scene>
</COLLADA>