<?xml version="1.0" encoding="utf-8"?>
<COLLADA xmlns="http://www.collada.org/2005/11/COLLADASchema" version="1.4.1" xmlns:xsi="http://www.w3.org/2001/XMLSchema-instance">
  <asset>
    <contributor>
      <author>Blender User</author>
      <authoring_tool>Blender 4.2.0 commit date:2024-07-16, commit time:06:20, hash:a51f293548ad</authoring_tool>
    </contributor>
    <created>2025-03-20T13:13:58</created>
    <modified>2025-03-20T13:13:58</modified>
    <unit name="meter" meter="1"/>
    <up_axis>Z_UP</up_axis>
  </asset>
  <library_effects>
    <effect id="Surface_3_001-effect">
      <profile_COMMON>
        <technique sid="common">
          <lambert>
            <emission>
              <color sid="emission">0 0 0 1</color>
            </emission>
            <diffuse>
              <color sid="diffuse">0 0 0 1</color>
            </diffuse>
            <index_of_refraction>
              <float sid="ior">1</float>
            </index_of_refraction>
          </lambert>
        </technique>
      </profile_COMMON>
    </effect>
    <effect id="Surface_1_002-effect">
      <profile_COMMON>
        <technique sid="common">
          <lambert>
            <emission>
              <color sid="emission">0 0 0 1</color>
            </emission>
            <diffuse>
              <color sid="diffuse">0 0.200784 0.4 1</color>
            </diffuse>
            <index_of_refraction>
              <float sid="ior">1</float>
            </index_of_refraction>
          </lambert>
        </technique>
      </profile_COMMON>
    </effect>
  </library_effects>
  <library_images/>
  <library_materials>
    <material id="Surface_3_001-material" name="Surface_3.001">
      <instance_effect url="#Surface_3_001-effect"/>
    </material>
    <material id="Surface_1_002-material" name="Surface_1.002">
      <instance_effect url="#Surface_1_002-effect"/>
    </material>
  </library_materials>
  <library_geometries>
    <geometry id="f_1-06vxh12-a00_lk2_1-mesh" name="f_1-06vxh12-a00_lk2_1">
      <mesh>
        <source id="f_1-06vxh12-a00_lk2_1-mesh-positions">
          <float_array id="f_1-06vxh12-a00_lk2_1-mesh-positions-array" count="8055">0.185663 -0.065494 0.522183 0.161942 -0.064493 0.529243 0.161846 -0.065494 0.528289 0.137118 -0.064493 0.527525 0.137358 -0.065494 0.526571 0.07831799 -0.104852 0.409415 0.075347 -0.103774 0.401592 0.07918095 -0.105045 0.396249 0.140617 -0.155031 0.714518 0.143013 -0.1549929 0.708984 0.143013 -0.1549929 0.718906 0.08910095 -0.105237 0.406935 0.08962798 -0.111399 0.404645 0.09116095 -0.111245 0.41056 0.1119109 -0.105006 0.390907 0.110042 -0.111514 0.386327 0.114403 -0.111283 0.392242 0.09753495 -0.111591 0.401973 0.09422796 -0.105006 0.401783 0.09988296 -0.105199 0.405026 0.152118 -0.176828 0.718143 0.153412 -0.1720139 0.716235 0.153508 -0.17444 0.714327 0.152262 -0.173285 0.715472 0.152645 -0.171398 0.711083 0.150441 -0.171976 0.719669 0.08684796 -0.105006 0.414376 0.088813 -0.111245 0.414758 0.08387696 -0.111322 0.415712 0.118956 -0.105738 0.382511 0.115937 -0.105045 0.381939 0.121208 -0.105006 0.387854 0.116368 -0.111437 0.381939 0.09077799 -0.09834396 0.71509 0.085698 -0.09410798 0.708984 0.09446799 -0.09422296 0.71509 0.09796595 -0.105006 0.411132 0.09609699 -0.111322 0.412086 0.09969097 -0.111283 0.40827 0.109467 -0.105045 0.411705 0.08263099 -0.111283 0.420864 0.08339798 -0.105122 0.422772 0.08258301 -0.105199 0.417811 0.120681 -0.111283 0.385946 0.138125 -0.163966 0.725203 0.135681 -0.1571879 0.721196 0.13846 -0.15661 0.727111 0.133668 -0.152451 0.718143 0.136975 -0.153452 0.722531 0.13362 -0.153491 0.720051 0.082919 -0.105122 0.4388 0.07381397 -0.105006 0.426588 0.07764697 -0.1051599 0.434983 0.139658 -0.105006 0.372971 0.1432999 -0.111822 0.371635 0.13846 -0.111206 0.374497 0.06465995 -0.140628 0.787979 0.06207299 -0.1549929 0.788933 0.065858 -0.154954 0.786452 0.09336596 -0.105006 0.412277 0.07673698 -0.105006 0.460933 0.07549095 -0.105199 0.448149 0.09048998 -0.105237 0.424489 0.08617699 -0.111322 0.42468 0.09302997 -0.111822 0.420864 0.07592195 -0.111399 0.445478 0.07726401 -0.111245 0.451393 0.07999497 -0.09807395 0.705168 0.082439 -0.103697 0.391479 0.08301496 -0.065494 0.391288 0.090442 -0.06553298 0.390525 0.100794 -0.153529 0.739132 0.10065 -0.154415 0.738559 0.103717 -0.153837 0.74104 0.06106597 -0.163388 0.787979 0.07175296 -0.17213 0.784735 0.06619399 -0.156379 0.789696 0.09231096 -0.105199 0.416857 0.150776 -0.173285 0.71032 0.152357 -0.179062 0.713373 0.1456 -0.105006 0.372207 0.138604 -0.111822 0.380221 0.140569 -0.105045 0.381748 0.137214 -0.105045 0.37755 0.144402 -0.105006 0.381939 0.1675969 -0.104968 0.380985 0.145792 -0.111784 0.381557 0.134003 -0.163734 0.720433 0.073574 -0.140474 0.757449 0.0672 -0.139743 0.793703 0.06950098 -0.13982 0.770997 0.154706 -0.1729 0.735888 0.153028 -0.175018 0.711274 0.108509 -0.154222 0.739704 0.126767 -0.1576499 0.72463 0.126767 -0.156148 0.729973 0.128253 -0.156148 0.719669 0.109228 -0.153529 0.732835 0.109851 -0.15453 0.734743 0.1075029 -0.15403 0.73169 0.15183 -0.1385869 0.680935 0.152741 -0.140936 0.683416 0.147997 -0.1421689 0.682843 0.055987 -0.1370469 0.787025 0.05828696 -0.158035 0.789124 0.06015598 -0.139011 0.789314 0.130122 -0.1574569 0.720433 0.143252 -0.171706 0.752107 0.142342 -0.17213 0.76222 0.140329 -0.172091 0.756305 0.127438 -0.113979 0.402355 0.145888 -0.115404 0.398157 0.122502 -0.115519 0.411323 0.128924 -0.163773 0.721768 0.09964299 -0.143517 0.757068 0.07429295 -0.1412439 0.75535 0.124994 -0.144518 0.757068 0.08382898 -0.111591 0.442616 0.08009099 -0.105006 0.442425 0.084836 -0.105276 0.443951 0.167022 -0.111591 0.381175 0.166494 -0.105006 0.376596 0.170855 -0.105122 0.372207 0.105011 -0.09838199 0.720433 0.103621 -0.09695696 0.717952 0.116991 -0.09664899 0.714899 0.13985 -0.156071 0.755923 0.127582 -0.156032 0.751344 0.132422 -0.156803 0.753824 0.138221 -0.157573 0.744474 0.137358 -0.156032 0.741421 0.139227 -0.156032 0.748291 0.08704 -0.111322 0.463605 0.08684796 -0.1053529 0.459407 0.085698 -0.105045 0.465894 0.08387696 -0.111784 0.466848 0.07956397 -0.105083 0.467039 0.190216 -0.105006 0.373161 0.09398895 -0.105006 0.450057 0.07750397 -0.111861 0.458834 0.076833 -0.105892 0.463605 0.07918095 -0.105199 0.457308 0.185615 -0.065494 0.362285 0.165919 -0.065494 0.362858 0.143875 -0.065494 0.363239 0.134243 -0.157611 0.739895 0.126767 -0.157611 0.748481 0.13592 -0.157688 0.751344 0.146607 -0.121643 0.408461 0.147038 -0.115519 0.412086 0.148859 -0.115597 0.404263 0.15715 -0.115519 0.401973 0.161079 -0.1215659 0.404072 0.15298 -0.121489 0.401401 0.07831799 -0.111283 0.465894 0.075778 -0.04650896 0.456926 0.075778 -0.064493 0.456926 0.08181595 -0.064493 0.480968 0.08464395 -0.111707 0.457499 0.1518779 -0.172091 0.753252 0.147709 -0.184261 0.751534 0.1518779 -0.177175 0.753633 0.192804 -0.105738 0.388617 0.194864 -0.111514 0.385373 0.193666 -0.1117449 0.39396 0.140808 -0.1293449 0.704214 0.136591 -0.133311 0.714518 0.137502 -0.130616 0.71032 0.129163 -0.157611 0.741612 0.125761 -0.156032 0.744856 0.130697 -0.156032 0.739895 0.136016 -0.164004 0.741803 0.143492 -0.106739 0.703069 0.143061 -0.115134 0.681889 0.128013 -0.163927 0.743139 0.2007589 -0.104814 0.375833 0.188299 -0.103119 0.3682 0.194672 -0.101848 0.372398 0.17397 -0.105006 0.383083 0.172197 -0.105699 0.383656 0.17675 -0.105776 0.379077 0.176702 -0.105006 0.376405 0.176318 -0.111553 0.374497 0.163188 -0.121643 0.411705 0.1631399 -0.115558 0.407698 0.161079 -0.115558 0.415902 0.139898 -0.153375 0.737033 0.139994 -0.156071 0.737224 0.1227419 -0.156109 0.737033 0.14469 -0.154685 0.735888 0.143013 -0.1549929 0.753061 0.136543 -0.152528 0.734552 0.08684796 -0.04650896 0.409033 0.08771097 -0.04550796 0.409606 0.11287 -0.04543095 0.383083 0.12394 -0.04650896 0.376787 0.14814 -0.04550796 0.371826 0.152837 -0.115519 0.418001 0.148811 -0.120949 0.416093 0.157245 -0.1215659 0.418383 0.14076 -0.151296 0.715281 0.09892499 -0.104968 0.470665 0.140808 -0.150294 0.725012 0.1387 -0.149678 0.718143 0.05502796 -0.134698 0.784353 0.05660998 -0.134159 0.789696 0.05378198 -0.128574 0.784926 0.137741 -0.152913 0.721005 0.102854 -0.04650896 0.389953 0.07678496 -0.065494 0.456926 0.077551 -0.064493 0.432121 0.212116 -0.105045 0.410178 0.214129 -0.111283 0.407125 0.213266 -0.111514 0.413804 0.08104997 -0.156109 0.731881 0.076976 -0.157765 0.732644 0.08363795 -0.1576499 0.725775 0.222707 -0.105045 0.40121 0.2182019 -0.102927 0.389189 0.23023 -0.10412 0.407125 0.078749 -0.157573 0.730545 0.08478796 -0.1353909 0.585913 0.07731199 -0.132194 0.577708 0.08598595 -0.13412 0.584195 0.207899 -0.07920396 0.528289 0.219736 -0.07870399 0.510543 0.2118279 -0.077587 0.518367 0.22079 -0.105122 0.41533 0.219208 -0.111283 0.415712 0.222707 -0.111283 0.412086 0.07611399 -0.08779197 0.541073 0.07103395 -0.09175896 0.541454 0.07965999 -0.09044897 0.533822 0.172868 -0.04650896 0.372589 0.172676 -0.04550796 0.373543 0.205599 -0.04543095 0.389189 0.06772696 -0.121604 0.55939 0.06758397 -0.117291 0.569122 0.07137 -0.123299 0.570266 0.08425998 -0.1559939 0.725584 0.07007598 -0.156071 0.737224 0.070028 -0.153452 0.737224 0.07237595 -0.153491 0.736079 0.216764 -0.105045 0.405599 0.09902 -0.138087 0.592209 0.05809497 -0.128305 0.5758 0.07012397 -0.153375 0.734934 0.08723199 -0.156071 0.734934 0.215231 -0.105006 0.415521 0.115314 -0.05451899 0.594881 0.116512 -0.05451899 0.593736 0.11632 -0.04716396 0.59469 0.209672 -0.105045 0.374688 0.202244 -0.103004 0.374115 0.2011899 -0.065494 0.374115 0.206557 -0.065494 0.37278 0.1975 -0.105661 0.383847 0.192804 -0.105006 0.387472 0.200183 -0.105006 0.384801 0.148092 -0.04650896 0.370872 0.077551 -0.09842097 0.680744 0.07716798 -0.09703397 0.691048 0.07496398 -0.09861296 0.690094 0.08181595 -0.04650896 0.480968 0.08272695 -0.04550796 0.480587 0.07616198 -0.04539197 0.444715 0.2031069 -0.105006 0.388999 0.20234 -0.111476 0.393196 0.2016209 -0.111283 0.386136 0.1513029 -0.159036 0.682843 0.139994 -0.167316 0.685133 0.143779 -0.1562629 0.682462 0.1877239 -0.065494 0.367437 0.193235 -0.06553298 0.371635 0.17028 -0.03949999 0.383656 0.149051 -0.03949999 0.38232 0.128444 -0.03949999 0.387472 0.06700897 -0.122644 0.548896 0.07065099 -0.126726 0.565496 0.06748795 -0.127034 0.559009 0.07232797 -0.116636 0.516268 0.06863796 -0.121951 0.538783 0.06566697 -0.125186 0.541264 0.07826995 -0.08952498 0.678836 0.07913297 -0.09418499 0.680935 0.08536297 -0.09118098 0.670632 0.08061796 -0.157573 0.741994 0.08310997 -0.163966 0.746192 0.07898896 -0.163734 0.741421 0.08368498 -0.157804 0.747909 0.08804595 -0.08956295 0.664717 0.09441995 -0.09118098 0.664335 0.08124095 -0.107201 0.490318 0.08042699 -0.105083 0.518367 0.07395696 -0.108395 0.523137 0.05493199 -0.166584 0.770043 0.05536395 -0.158998 0.78588 0.05478894 -0.1308079 0.731118 0.105011 -0.09037196 0.661664 0.230278 -0.105584 0.447195 0.226205 -0.105006 0.447767 0.233777 -0.105083 0.449866 0.199177 -0.105199 0.394914 0.115841 -0.09037196 0.663763 0.122406 -0.08956295 0.664717 0.105011 -0.089486 0.659565 0.142054 -0.17213 0.718715 0.14354 -0.190538 0.71986 0.1401849 -0.1930789 0.714518 0.06878197 -0.1549929 0.759548 0.06700897 -0.1549929 0.762983 0.06705695 -0.155031 0.753442 0.07692795 -0.132271 0.715853 0.07688099 -0.132811 0.750008 0.076833 -0.13258 0.733789 0.08057099 -0.156109 0.753061 0.07664096 -0.157688 0.752107 0.231333 -0.105237 0.441852 0.229607 -0.1117449 0.442806 0.232962 -0.111283 0.43899 0.06140196 -0.09014099 0.699062 0.056418 -0.08960199 0.704977 0.06604999 -0.089486 0.702115 0.08229595 -0.156032 0.741421 0.08425998 -0.1559939 0.746573 0.09782201 -0.1956599 0.766608 0.08943599 -0.191462 0.769089 0.08406895 -0.189113 0.772714 0.223138 -0.04650896 0.49089 0.222275 -0.04550796 0.490509 0.1971639 -0.04543095 0.51684 0.1415269 -0.111437 0.526381 0.143156 -0.105006 0.524282 0.138891 -0.105045 0.527716 0.072663 -0.156071 0.751534 0.102375 -0.07835698 0.541454 0.09921199 -0.08251595 0.542218 0.106065 -0.08274698 0.539165 0.20718 -0.04650896 0.509971 0.07021898 -0.153414 0.755923 0.070028 -0.156071 0.755923 0.08713597 -0.156148 0.755923 0.067344 -0.150448 0.752298 0.06959599 -0.150256 0.756305 0.143252 -0.111283 0.520847 0.1397539 -0.153414 0.716044 0.139994 -0.156071 0.716235 0.122838 -0.156148 0.716044 0.14469 -0.144903 0.684561 0.139514 -0.1443639 0.70574 0.144977 -0.142708 0.680554 0.119291 -0.158728 0.734934 0.1191 -0.1586509 0.716044 0.122502 -0.170166 0.716044 0.231141 -0.111707 0.433838 0.230039 -0.105083 0.433075 0.233202 -0.105314 0.437082 0.1481879 -0.172091 0.70803 0.224288 -0.111283 0.44128 0.225678 -0.105083 0.442616 0.222946 -0.105083 0.438227 0.08766299 -0.160923 0.755923 0.08751899 -0.156071 0.737033 0.101848 -0.08713698 0.538211 0.09580999 -0.08548098 0.540882 0.11009 -0.09472399 0.536875 0.09092199 -0.1586509 0.756114 0.09072995 -0.158728 0.737033 0.08862096 -0.154107 0.737033 0.09394097 -0.08752197 0.537066 0.2230899 -0.11163 0.43651 0.214991 -0.04650896 0.397776 0.227259 -0.04550796 0.419337 0.141479 -0.105892 0.517222 0.136447 -0.105006 0.517222 0.143348 -0.105006 0.519893 0.132853 -0.105199 0.523518 0.134003 -0.111206 0.519511 0.133908 -0.111476 0.525617 0.214991 -0.064493 0.397776 0.22817 -0.04650896 0.418955 0.100889 -0.133889 0.58992 0.120394 -0.139858 0.596789 0.08670496 -0.132464 0.583623 0.075203 -0.08960199 0.695818 0.100027 -0.154569 0.734552 0.101848 -0.153529 0.732072 0.103621 -0.1537989 0.731118 0.08818995 -0.08709895 0.545843 0.1428689 -0.187187 0.708793 0.143779 -0.172168 0.708412 0.140377 -0.172091 0.712228 0.214272 -0.065494 0.398539 0.195439 -0.065494 0.382702 0.122358 -0.160923 0.716044 0.122454 -0.156109 0.734934 0.148715 -0.179755 0.707267 0.05215299 -0.091219 0.713373 0.05229699 -0.09064197 0.760121 0.05354297 -0.08952498 0.736079 0.141575 -0.179023 0.714518 0.142917 -0.172284 0.71757 0.1419579 -0.172361 0.711465 0.08191198 -0.1276119 0.581906 0.08061796 -0.130577 0.578471 0.07453197 -0.128652 0.573319 0.079948 -0.09175896 0.700207 0.07740795 -0.09129595 0.689903 0.154658 -0.158959 0.686278 0.146559 -0.1549929 0.683416 0.09499496 -0.064493 0.502148 0.09576195 -0.065494 0.501575 0.114547 -0.065494 0.517222 0.195966 -0.04650896 0.381939 0.09499496 -0.04650896 0.502148 0.114068 -0.064493 0.518176 0.143684 -0.1549929 0.694864 0.152166 -0.164582 0.688186 0.152022 -0.07535296 0.998822 0.136927 -0.07650798 0.999967 0.142198 -0.07550698 0.999776 0.119579 -0.07554596 1.008553 0.132614 -0.07550698 1.011225 0.12739 -0.07523798 1.009889 0.156814 -0.07577699 0.997677 0.06729596 -0.171899 0.719479 0.06791895 -0.17213 0.709175 0.06959599 -0.172091 0.715662 0.128732 -0.06976896 1.010843 0.139466 -0.08871597 0.555574 0.138173 -0.092067 0.580379 0.135154 -0.08740699 0.554429 0.09700798 -0.122028 1.083541 0.091017 -0.119525 1.084877 0.09163999 -0.117291 1.080679 0.169226 -0.087291 0.996723 0.163236 -0.08944797 0.992525 0.1606 -0.087484 0.992144 0.08890897 -0.106816 1.082968 0.100554 -0.07550698 1.027634 0.09259897 -0.07650798 1.040991 0.09470695 -0.07531499 1.037174 0.174162 -0.13077 1.010843 0.1778039 -0.131732 1.006836 0.171622 -0.131617 1.015804 0.125665 -0.08794599 0.579998 0.130457 -0.08255499 0.554048 0.128109 -0.07546895 1.003783 0.131991 -0.07550698 1.002638 0.118045 -0.07650798 1.008744 0.108749 -0.07527595 1.016758 0.102758 -0.07650798 1.022864 0.106832 -0.075392 1.021147 0.1831229 -0.09025698 0.960279 0.183459 -0.09002596 0.989663 0.185711 -0.09283697 0.980886 0.108749 -0.06969195 1.02439 0.111624 -0.07535296 1.024963 0.09173595 -0.120718 1.099378 0.089244 -0.117753 1.102049 0.08560198 -0.121181 1.094989 0.1720049 -0.129229 1.009316 0.1744019 -0.12869 1.002638 0.189449 -0.101656 0.988709 0.194002 -0.102272 0.977833 0.186957 -0.09992295 0.962759 0.187245 -0.09195095 0.995769 0.135729 -0.06976896 1.009507 0.13592 -0.07535296 1.005882 0.08914899 -0.06988495 1.061407 0.08981895 -0.07527595 1.060835 0.08919596 -0.07546895 1.065796 0.220071 -0.111822 0.490509 0.218058 -0.105276 0.488219 0.220407 -0.105045 0.494897 0.101992 -0.06973099 1.04309 0.09954798 -0.07531499 1.044425 0.10271 -0.07542997 1.040418 0.14584 -0.130577 1.034312 0.148715 -0.130115 1.037365 0.148044 -0.130885 1.031641 0.112918 -0.075392 1.016186 0.1653439 -0.118754 0.993861 0.136927 -0.086483 0.999967 0.137214 -0.087484 1.000921 0.11862 -0.087484 1.009507 0.06787097 -0.172168 0.712037 0.06418097 -0.17213 0.708412 0.09259897 -0.086483 1.040991 0.157581 -0.087484 0.998631 0.157629 -0.086483 0.997486 0.178044 -0.086483 1.001684 0.176366 -0.13077 1.000158 0.08857297 -0.07650798 1.061407 0.091017 -0.07650798 1.082014 0.170903 -0.130307 1.028016 0.144067 -0.131463 1.027443 0.1975 -0.127227 1.027443 0.12878 -0.069615 0.552521 0.125282 -0.06938397 0.546225 0.128732 -0.075661 0.546797 0.201765 -0.101925 0.999204 0.110618 -0.087484 1.010652 0.102758 -0.086483 1.022864 0.153555 -0.131078 0.59698 0.160217 -0.135622 0.590111 0.152501 -0.134698 0.595262 0.083494 -0.1179839 1.089838 0.08354198 -0.087484 1.089838 0.08756697 -0.087484 1.086021 0.163619 -0.133927 0.586104 0.1559039 -0.13697 0.593163 0.152262 -0.06969195 1.006263 0.15068 -0.07535296 1.002638 0.154706 -0.075392 1.007027 0.08852601 -0.09456998 1.047478 0.09111297 -0.09183597 1.03851 0.08751899 -0.09734296 1.052821 0.151591 -0.136354 0.595453 0.1424379 -0.13955 0.598315 0.121064 -0.05748397 1.002829 0.121064 -0.087484 1.002829 0.136687 -0.087484 0.996341 0.147086 -0.08513498 0.974971 0.140904 -0.07854998 0.976497 0.143013 -0.07885795 0.970773 0.203682 -0.1039659 0.996723 0.1783789 -0.07577699 1.001875 0.09077799 -0.07550698 1.076863 0.167788 -0.07550698 0.999776 0.2165729 -0.105738 0.498141 0.212451 -0.105045 0.497378 0.188443 -0.08906298 1.000921 0.183938 -0.119525 0.951883 0.184657 -0.101386 0.946731 0.188251 -0.10231 0.957607 0.124563 -0.07847195 0.980886 0.124898 -0.08286297 0.984702 0.118237 -0.08567398 0.982794 0.055507 -0.134967 0.685133 0.05843096 -0.134081 0.681889 0.05905395 -0.1373929 0.682843 0.172101 -0.124839 0.981458 0.174449 -0.119871 0.977642 0.172053 -0.125609 0.971727 0.171766 -0.118408 0.983748 0.115218 -0.08756095 1.005309 0.112966 -0.08940899 1.005309 0.09983497 -0.088023 1.021528 0.159067 -0.07242596 1.000158 0.1595939 -0.07550698 1.002638 0.166351 -0.103196 0.962568 0.173108 -0.112208 0.970201 0.169561 -0.113016 0.980695 0.091017 -0.086483 1.082014 0.09969097 -0.086483 1.100904 0.172772 -0.129306 0.984511 0.175024 -0.129268 0.997677 0.128924 -0.05451899 0.541454 0.122263 -0.05455797 0.539737 0.116895 -0.05451899 0.543553 0.174066 -0.131193 0.988137 0.101752 -0.06984597 1.090219 0.102662 -0.07546895 1.086975 0.100602 -0.06969195 1.083541 0.242307 -0.104929 0.471237 0.210966 -0.105045 0.470474 0.227643 -0.105199 0.472191 0.084692 -0.09198999 0.581143 0.08818995 -0.09014099 0.5758 0.095474 -0.08994895 0.585531 0.109419 -0.06661099 0.543172 0.103381 -0.07335096 0.54031 0.108988 -0.072811 0.538592 0.161127 -0.127458 1.089838 0.154178 -0.129229 1.086975 0.165057 -0.128883 1.090219 0.198123 -0.127342 1.015422 0.210151 -0.121181 1.02897 0.213266 -0.120218 1.028588 0.207755 -0.09014099 1.013896 0.196877 -0.08740699 1.008553 0.213889 -0.08767598 1.025535 0.187197 -0.104968 0.502911 0.219448 -0.105006 0.510353 0.204209 -0.105006 0.506727 0.166159 -0.128883 0.966766 0.18298 -0.06976896 1.009507 0.179865 -0.075199 1.011225 0.182932 -0.07550698 1.008172 0.2013339 -0.120025 0.997295 0.179913 -0.120757 0.938908 0.183363 -0.09969198 0.943106 0.180583 -0.105006 0.935474 0.183842 -0.09761196 0.946159 0.23392 -0.111437 0.454637 0.2325789 -0.111245 0.448722 0.138987 -0.09595596 0.933565 0.134531 -0.08324795 0.934329 0.130841 -0.09148895 0.932039 0.227163 -0.105045 0.494134 0.067344 -0.1598449 0.78817 0.06743997 -0.159806 0.683797 0.06839799 -0.162656 0.735316 0.225247 -0.105045 0.461697 0.228457 -0.111283 0.461506 0.223473 -0.111245 0.463032 0.230853 -0.105199 0.462841 0.232147 -0.105276 0.456735 0.181206 -0.06976896 1.00302 0.17421 -0.069808 1.004355 0.194864 -0.07554596 1.022673 0.182069 -0.07546895 1.003974 0.207372 -0.07546895 1.040991 0.174449 -0.07546895 1.0055 0.120681 -0.104698 0.986229 0.114883 -0.102464 0.98184 0.146751 -0.127458 1.091364 0.142102 -0.128574 1.092509 0.141 -0.12688 1.097088 0.1378369 -0.126687 1.110445 0.05526798 -0.159691 0.686278 0.097727 -0.07535296 1.082968 0.186047 -0.04650896 0.523137 0.161846 -0.04550796 0.528289 0.124275 -0.06148898 0.924216 0.137885 -0.06148898 0.922499 0.11771 -0.06171995 0.924788 0.108653 -0.069808 1.11159 0.107119 -0.075392 1.108728 0.1110489 -0.07523798 1.112353 0.09973895 -0.07593095 1.100904 0.115697 -0.07569998 1.117505 0.132326 -0.06148898 0.921163 0.08675199 -0.106277 1.069803 0.08148097 -0.105507 1.007599 0.08574599 -0.107163 1.04557 0.118381 -0.130346 1.028206 0.102998 -0.130539 1.019429 0.108605 -0.1223739 1.014277 0.06858998 -0.192848 0.717761 0.111097 -0.09118098 0.589729 0.098589 -0.08186095 0.584577 0.107119 -0.09387695 0.595262 0.124611 -0.09125798 0.889489 0.127534 -0.09703397 0.886436 0.119004 -0.09711199 0.893877 0.21341 -0.1117449 0.48841 0.135968 -0.09144997 0.549087 0.121927 -0.08956295 0.895404 0.131751 -0.08960199 0.881093 0.2217479 -0.105006 0.475244 0.223809 -0.111322 0.475435 0.218873 -0.111283 0.47677 0.06700897 -0.1549929 0.718906 0.10271 -0.08794599 0.928032 0.107694 -0.08944797 0.922117 0.09465998 -0.089486 0.932802 0.2401019 -0.104929 0.464177 0.210295 -0.105199 0.489936 0.152166 -0.132079 1.112162 0.157102 -0.126071 1.112353 0.149051 -0.125994 1.109872 0.06523597 -0.179023 0.708984 0.09135299 -0.142053 0.71509 0.133955 -0.145481 0.717189 0.07366997 -0.1397809 0.714708 0.159162 -0.131501 1.111208 0.1631399 -0.126033 1.101668 0.163284 -0.132117 1.105865 0.1607919 -0.132079 1.097851 0.210247 -0.07593095 1.027062 0.194289 -0.07569998 1.010461 0.202867 -0.075392 1.019238 0.072663 -0.156071 0.730545 0.198938 -0.07523798 1.015613 0.108892 -0.08317101 0.941198 0.105873 -0.09349197 0.943488 0.1101379 -0.09168195 0.937572 0.172053 -0.1276119 1.101095 0.167165 -0.1259559 1.096516 0.219448 -0.09291398 1.025726 0.215902 -0.115905 1.025535 0.217387 -0.107971 1.025535 0.06537896 -0.184376 0.707458 0.06964397 -0.192579 0.712609 0.109899 -0.049012 1.050913 0.108078 -0.049012 1.067131 0.111959 -0.049012 1.082968 0.159067 -0.125994 1.096897 0.135489 -0.08825397 0.919827 0.137645 -0.08944797 0.917156 0.212547 -0.115674 1.022482 0.134195 -0.08451896 0.921354 0.130074 -0.08744496 0.920781 0.217483 -0.105006 0.478297 0.1178539 -0.08367097 0.924407 0.1295469 -0.08894699 0.918873 0.1326619 -0.09707295 0.92746 0.120106 -0.09518599 0.931848 0.140569 -0.126033 1.105293 0.221173 -0.119409 1.026298 0.2250069 -0.120718 1.034312 0.105107 -0.09171998 0.842932 0.08804595 -0.08956295 0.844649 0.09451597 -0.09118098 0.844458 0.2082819 -0.06984597 1.037747 0.209432 -0.06969195 1.044616 0.21226 -0.07535296 1.044998 0.08847796 -0.1540679 0.734934 0.090011 -0.155532 0.716044 0.08713597 -0.153529 0.716044 0.1603119 -0.120795 1.136395 0.16175 -0.117753 1.139638 0.153795 -0.121181 1.14002 0.09092199 -0.09849798 0.843122 0.087327 -0.09711199 0.848656 0.07894098 -0.09838199 0.857433 0.07999497 -0.09387695 0.858769 0.070028 -0.156071 0.734934 0.220167 -0.07527595 1.067131 0.219017 -0.07650798 1.045952 0.22079 -0.07546895 1.06217 0.109899 -0.09849798 0.839879 0.1128219 -0.09761196 0.842741 0.09782201 -0.09711199 0.843122 0.127007 -0.06976896 1.118459 0.130122 -0.075199 1.116741 0.127055 -0.07550698 1.119794 0.07510697 -0.08960199 0.875941 0.07731199 -0.09094995 0.870026 0.07812595 -0.08952498 0.858959 0.08541095 -0.091219 0.850564 0.137166 -0.09926795 0.7647 0.135585 -0.09946095 0.754969 0.136975 -0.102426 0.758022 0.152501 -0.1414369 0.78836 0.1527889 -0.139126 0.788933 0.1495299 -0.142708 0.788933 0.219256 -0.07550698 1.051294 0.08229595 -0.156032 0.720433 0.186047 -0.064493 0.523137 0.161942 -0.04650896 0.529243 0.219161 -0.07546895 0.509589 0.213554 -0.07523798 0.515314 0.228314 -0.07989698 0.496614 0.214608 -0.06969195 1.03622 0.216525 -0.075392 1.040227 0.211445 -0.07523798 1.035648 0.153939 -0.09010297 0.767181 0.1541309 -0.09275996 0.771378 0.157773 -0.09137296 0.759357 0.216189 -0.06984597 1.042899 0.127342 -0.134428 0.925552 0.121496 -0.137355 0.927841 0.1379809 -0.138472 0.926696 0.226253 -0.117676 1.038892 0.2218919 -0.1201789 1.040609 0.11517 -0.07554596 1.105293 0.127917 -0.07546895 1.123992 0.05732798 -0.171398 0.760884 0.05828696 -0.1714749 0.756877 0.05919694 -0.173285 0.761647 0.09005898 -0.136739 0.951311 0.091784 -0.131848 0.956653 0.09576195 -0.131655 0.990617 0.09144896 -0.131848 0.947304 0.06715196 -0.187187 0.763174 0.06619399 -0.172168 0.763555 0.06959599 -0.172091 0.759739 0.113828 -0.086483 1.116169 0.131991 -0.086483 1.126473 0.08996295 -0.129422 0.943678 0.202867 -0.07466 0.524282 0.1848959 -0.07527595 0.534013 0.19635 -0.07643097 0.531723 0.114451 -0.087484 1.115406 0.132326 -0.087484 1.125519 0.103813 -0.1365849 0.933947 0.105921 -0.132618 0.931085 0.05699294 -0.175018 0.760693 0.06183296 -0.172091 0.763937 0.06125795 -0.179793 0.764891 0.09513896 -0.136123 0.940053 0.09624099 -0.13204 0.937572 0.08665698 -0.126726 0.945014 0.104531 -0.09668797 0.897884 0.117231 -0.09849798 0.897884 0.09820598 -0.09849798 0.899602 0.221557 -0.1097429 1.042517 0.218154 -0.117406 1.045379 0.09240698 -0.138664 0.940244 0.102854 -0.1399739 0.932611 0.07601797 -0.163734 0.730545 0.07381397 -0.157611 0.72921 0.2065089 -0.065494 0.509208 0.08104997 -0.163773 0.729401 0.05646598 -0.17444 0.75764 0.07841396 -0.157727 0.71986 0.09279096 -0.09711199 0.895022 0.132709 -0.065494 0.58534 0.1333799 -0.07196396 0.583623 0.131895 -0.07901197 0.586867 0.202771 -0.06984597 1.023245 0.200519 -0.075392 1.024581 0.163188 -0.117484 1.135822 0.162469 -0.120333 1.127045 0.163859 -0.111476 1.133342 0.232674 -0.08644396 0.491272 0.213362 -0.09325999 0.529624 0.223713 -0.08990997 0.510734 0.05756795 -0.179062 0.758403 0.166926 -0.116906 1.128572 0.1366389 -0.133465 0.924598 0.14977 -0.132233 0.930322 0.138173 -0.135237 0.880712 0.07103395 -0.151912 0.750389 0.07074695 -0.151758 0.721768 0.07084196 -0.1532599 0.736079 0.07965999 -0.09118098 0.880712 0.20948 -0.087484 1.027634 0.210295 -0.086483 1.027062 0.219017 -0.086483 1.045952 0.08296698 -0.09838199 0.888916 0.08071398 -0.09568697 0.883001 0.190407 -0.07554596 1.119413 0.201238 -0.07527595 1.111208 0.197069 -0.075392 1.11178 0.207228 -0.07650798 1.105102 0.07065099 -0.157573 0.727111 0.07074695 -0.1559939 0.725584 0.06437295 -0.118677 0.930703 0.06269598 -0.105507 0.924216 0.06351 -0.112092 0.92746 0.191941 -0.07650798 1.119222 0.152597 -0.172284 0.757449 0.1481879 -0.17213 0.752488 0.1819249 -0.07546895 1.124183 0.209576 -0.06976896 1.091746 0.215279 -0.07531499 1.090792 0.216094 -0.06984597 1.09041 0.15346 -0.1720139 0.760121 0.146607 -0.1720139 0.764509 0.148955 -0.179716 0.764509 0.142821 -0.187187 0.763364 0.06235998 -0.179139 0.752107 0.06250399 -0.171976 0.752679 0.06705695 -0.172361 0.754396 0.135968 -0.150525 0.754015 0.133716 -0.153029 0.753252 0.140329 -0.150179 0.751916 0.177996 -0.07550698 1.125328 0.194193 -0.07542997 1.107583 0.149482 -0.172168 0.763364 0.07419699 -0.156148 0.718715 0.07232797 -0.157534 0.722913 0.120202 -0.07196396 0.586104 0.112918 -0.06695801 0.583432 0.118573 -0.06649595 0.581143 0.211014 -0.07550698 1.092127 0.182596 -0.07523798 1.118077 0.217387 -0.07650798 1.086975 0.216094 -0.07523798 1.085067 0.201238 -0.06969195 1.103576 0.203203 -0.075392 1.106819 0.1983619 -0.07535296 1.103003 0.152262 -0.179177 0.760311 0.214704 -0.06976896 1.083732 0.06518799 -0.1547999 0.735888 0.1245149 -0.09094995 0.709557 0.12533 -0.09664899 0.708793 0.2079949 -0.06973099 1.085067 0.210439 -0.07531499 1.083541 0.207324 -0.07542997 1.087548 0.05833494 -0.177483 0.753252 0.05977195 -0.17213 0.752298 0.09509098 -0.14344 0.829957 0.141144 -0.15507 0.756305 0.143396 -0.15507 0.764128 0.1742579 -0.06976896 1.118459 0.177373 -0.07550698 1.116741 0.174066 -0.07535296 1.122084 0.1237 -0.073197 0.580379 0.232483 -0.064493 0.467802 0.231476 -0.065494 0.467612 0.233202 -0.065494 0.443188 0.139419 -0.09996098 0.703832 0.135729 -0.09992295 0.712228 0.06619399 -0.150025 0.732072 0.0672 -0.1516039 0.717952 0.070028 -0.149986 0.716616 0.2214609 -0.07650798 1.066559 0.219256 -0.07550698 1.076863 0.189832 -0.108588 0.522183 0.176127 -0.108357 0.555765 0.1733469 -0.105237 0.54756 0.138987 -0.100385 0.72444 0.134818 -0.09880596 0.721577 0.138987 -0.101694 0.720242 0.05512398 -0.172399 0.736079 0.127103 -0.04558497 0.54031 0.118525 -0.04527699 0.542408 0.1576769 -0.09125798 0.712991 0.15437 -0.09302896 0.70097 0.154178 -0.089679 0.70555 0.158875 -0.06988495 1.128381 0.158012 -0.07535296 1.129144 0.159354 -0.07535296 1.125328 0.1227419 -0.082901 0.584005 0.165488 -0.09272098 0.556147 0.165009 -0.104852 0.538211 0.138364 -0.132811 0.751153 0.135681 -0.134313 0.758022 0.137022 -0.131193 0.755732 0.120441 -0.088023 0.587821 0.115122 -0.080051 0.588012 0.156239 -0.089486 0.737605 0.134387 -0.1358529 0.753633 0.1311759 -0.136469 0.779583 0.133428 -0.136123 0.760502 0.141192 -0.04550796 0.540882 0.141192 -0.065494 0.540882 0.119052 -0.065494 0.534585 0.06887799 -0.15507 0.715662 0.06652897 -0.155031 0.707648 0.137022 -0.103504 0.713945 0.1730599 -0.086483 1.127999 0.172772 -0.087484 1.127045 0.1914139 -0.087484 1.118459 0.1501049 -0.130115 0.603467 0.153795 -0.124146 0.599842 0.212499 -0.06984597 1.061598 0.216381 -0.07542997 1.059499 0.212164 -0.07535296 1.064842 0.112199 -0.1956599 0.705359 0.120537 -0.191462 0.702878 0.125905 -0.189113 0.699253 0.219304 -0.06969195 1.059881 0.14584 -0.143786 0.788551 0.1456 -0.1424 0.796565 0.141192 -0.144133 0.779774 0.153172 -0.07577699 1.13048 0.1730599 -0.07650798 1.127999 0.144163 -0.1549929 0.786261 0.14814 -0.1549929 0.788933 0.171957 -0.136739 0.592019 0.183315 -0.128266 0.570648 0.181686 -0.127997 0.575609 0.153939 -0.06988495 1.130098 0.150968 -0.07242596 1.127808 0.143013 -0.154916 0.788742 0.142773 -0.159537 0.78817 0.14191 -0.164582 0.78836 0.13616 -0.08278596 0.583623 0.132326 -0.08293998 0.590111 0.145792 -0.07985895 0.557292 0.150824 -0.06984597 1.12342 0.123269 -0.1791 0.755923 0.124994 -0.170127 0.755923 0.121975 -0.159229 0.755923 0.12001 -0.155532 0.756114 0.121544 -0.1540679 0.737033 0.119291 -0.158767 0.737033 0.06882995 -0.140282 0.833964 0.1213999 -0.154107 0.734934 0.122502 -0.170166 0.734934 0.07338196 -0.131771 0.750389 0.07371795 -0.130115 0.760502 0.07688099 -0.132734 0.754015 0.171718 -0.112208 0.377932 0.1748329 -0.111476 0.382129 0.214272 -0.105006 0.384038 0.07261496 -0.11602 0.758022 0.07108199 -0.104082 0.752107 0.07381397 -0.09996098 0.754969 0.1325179 -0.164736 0.746573 0.1289719 -0.164004 0.751344 0.119866 -0.161193 0.755923 0.122502 -0.170166 0.755923 0.144738 -0.105122 0.391479 0.165584 -0.105006 0.389953 0.165009 -0.106431 0.393769 0.123796 -0.153414 0.736079 0.122886 -0.153529 0.756114 0.06787097 -0.1191779 0.563016 0.145361 -0.1121309 0.504819 0.136687 -0.115173 0.50024 0.16453 -0.113979 0.504056 0.05469298 -0.131309 0.783972 0.06743997 -0.116097 0.579425 0.06997996 -0.121527 0.578662 0.06839799 -0.119101 0.572556 0.08751899 -0.170166 0.737033 0.217483 -0.065494 0.381175 0.217196 -0.103889 0.380603 0.197979 -0.112246 0.389953 0.08670496 -0.1791 0.755923 0.08502697 -0.170127 0.755923 0.086129 -0.153337 0.736079 0.085267 -0.06545597 0.574464 0.08593797 -0.065494 0.580188 0.09911596 -0.065494 0.523137 0.07017099 -0.110205 0.532486 0.123269 -0.1791 0.716044 0.124994 -0.170127 0.716044 0.05047595 -0.109666 0.552712 0.04898995 -0.09826695 0.5592 0.05052399 -0.09272098 0.523328 0.06274396 -0.127496 0.555383 0.05497997 -0.09383797 0.700016 0.127198 -0.112208 0.498332 0.1128219 -0.113979 0.485357 0.09988296 -0.098459 0.661282 0.115314 -0.09849798 0.661282 0.109851 -0.09761196 0.662045 0.06600195 -0.1549929 0.766227 0.08301496 -0.18738 0.772142 0.123269 -0.1791 0.737033 0.122358 -0.160923 0.737033 0.124994 -0.170127 0.737033 0.123269 -0.1791 0.734934 0.124994 -0.170127 0.734934 0.12231 -0.160692 0.734934 0.110522 -0.08825397 0.538592 0.1401849 -0.1930789 0.757449 0.139083 -0.196237 0.725966 0.1432999 -0.191577 0.752298 0.06729596 -0.09314495 0.559009 0.06863796 -0.09202796 0.549659 0.07251995 -0.08917796 0.550613 0.147038 -0.179832 0.714136 0.147709 -0.179177 0.71986 0.237227 -0.104929 0.42487 0.21087 -0.105006 0.429641 0.200567 -0.105045 0.411705 0.09389299 -0.07523798 1.042899 0.09470695 -0.07150197 0.580379 0.101321 -0.06965398 0.584005 0.095905 -0.07531499 1.059881 0.09077799 -0.07550698 1.051294 0.24523 -0.102272 0.472191 0.245182 -0.065494 0.472 0.243457 -0.065494 0.478678 0.100841 -0.120872 1.096134 0.093414 -0.117522 1.101858 0.06648099 -0.191577 0.735697 0.07084196 -0.19616 0.746192 0.06858998 -0.192848 0.754206 0.08929198 -0.087484 1.10224 0.086129 -0.087484 1.096134 0.08953195 -0.087484 1.061407 0.093557 -0.087484 1.041372 0.05876594 -0.178214 0.719288 0.05804699 -0.172091 0.718715 0.06298297 -0.172515 0.720433 0.06604999 -0.140474 0.705931 0.065858 -0.1549929 0.685705 0.06619399 -0.139704 0.687804 0.233825 -0.04539197 0.455209 0.104627 -0.05059099 1.039083 0.100746 -0.05170798 1.048241 0.098589 -0.05082195 1.067895 0.09441995 -0.05451899 0.543553 0.08593797 -0.05451899 0.580188 0.127151 -0.197007 0.710129 0.131272 -0.1972 0.750771 0.09216797 -0.08663696 0.577517 0.146751 -0.126071 1.101858 0.151974 -0.12584 1.090601 0.152885 -0.126033 1.095943 0.140425 -0.092875 0.939481 0.16659 -0.105276 0.949212 0.170664 -0.120795 0.962568 0.09441995 -0.04550796 0.543553 0.09911596 -0.04550796 0.523137 0.118716 -0.08012795 0.977451 0.115937 -0.08455699 0.978215 0.137358 -0.122682 1.121512 0.143348 -0.117252 1.128381 0.126815 -0.115558 1.123992 0.231764 -0.1121309 0.465513 0.2303259 -0.111437 0.471237 0.222611 -0.111784 0.469901 0.08670496 -0.1791 0.734934 0.08766299 -0.160923 0.734934 0.08502697 -0.170127 0.734934 0.1532199 -0.1276119 1.089074 0.226493 -0.087484 1.038128 0.08670496 -0.1791 0.737033 0.08502697 -0.170127 0.737033 0.08771097 -0.160692 0.737033 0.148859 -0.089486 0.868118 0.07721596 -0.135891 0.938527 0.09202396 -0.133773 0.985465 0.08847796 -0.1291519 0.999204 0.171239 -0.123414 0.911623 0.190072 -0.105584 0.509589 0.146176 -0.089486 0.924598 0.1549929 -0.089486 0.902082 0.1311759 -0.08871597 0.549087 0.164625 -0.137124 0.958752 0.173203 -0.13385 0.980886 0.1536509 -0.139357 0.936618 0.05795097 -0.106007 0.900556 0.161798 -0.087484 1.139638 0.1549929 -0.087484 1.14002 0.07692795 -0.09684199 0.870217 0.150393 -0.07550698 1.125328 0.134387 -0.075392 1.117696 0.135537 -0.07546895 1.122466 0.213027 -0.100269 1.017521 0.2146559 -0.09391498 1.022673 0.216477 -0.09252899 1.024772 0.194433 -0.07154095 0.528289 0.20258 -0.07188695 0.523518 0.130936 -0.09842097 0.857815 0.132182 -0.09399199 0.870026 0.130313 -0.09191298 0.859723 0.221652 -0.109666 1.048623 0.136399 -0.194581 0.709938 0.133955 -0.08952498 0.870026 0.1450729 -0.089486 0.829384 0.130313 -0.08956295 0.853235 0.223857 -0.087484 1.031832 0.222467 -0.08752197 1.041945 0.06298297 -0.179832 0.757831 0.06839799 -0.179023 0.757449 0.06351 -0.179139 0.763555 0.090155 -0.161193 0.716044 0.08751899 -0.170166 0.716044 0.07021898 -0.140628 0.716616 0.06882995 -0.126533 0.767944 0.06643396 -0.107971 0.769661 0.06686496 -0.114249 0.814692 0.11541 -0.06745898 0.594881 0.121208 -0.080437 0.595072 0.136016 -0.175634 0.78111 0.131943 -0.183413 0.777103 0.205359 -0.05059099 1.088883 0.209241 -0.05170798 1.079725 0.2113969 -0.05082195 1.060071 0.140473 -0.150102 0.755541 0.143492 -0.151912 0.751725 0.1792899 -0.130423 0.573129 0.172389 -0.134544 0.581333 0.188395 -0.116097 0.537829 0.129451 -0.090873 0.580379 0.1413829 -0.06553298 0.549659 0.129786 -0.065494 0.590492 0.159067 -0.06915301 0.537447 0.150057 -0.07458299 0.539928 0.159067 -0.07277297 0.537447 0.141719 -0.102888 0.72463 0.141719 -0.102927 0.747337 0.137598 -0.09976899 0.748481 0.114164 -0.065494 0.57809 0.08670496 -0.1791 0.716044 0.08502697 -0.170127 0.716044 0.08799797 -0.159229 0.716044 0.15806 -0.09753495 0.709938 0.236844 -0.08417201 0.486311 0.240917 -0.10231 0.485166 0.241061 -0.065494 0.485166 0.143971 -0.144941 0.765273 0.143636 -0.1448259 0.783972 0.110809 -0.105276 0.385564 0.108796 -0.104929 0.37755 0.07175296 -0.101925 0.423535 0.07688099 -0.102002 0.407889 0.155233 -0.133735 0.685515 0.06973999 -0.127227 0.749817 0.1683149 -0.104467 0.363049 0.183794 -0.105006 0.366102 0.135106 -0.105045 0.36801 0.154514 -0.168895 0.699253 0.08507496 -0.1051599 0.428114 0.099164 -0.105045 0.429641 0.113589 -0.147098 0.754015 0.07405298 -0.143054 0.754206 0.155089 -0.165699 0.772332 0.15437 -0.171051 0.769089 0.06973999 -0.079512 0.430404 0.06930899 -0.065494 0.432312 0.07678496 -0.06553298 0.409797 0.13616 -0.195043 0.76222 0.149818 -0.168202 0.781873 0.164578 -0.09861296 0.625792 0.158827 -0.09468495 0.638576 0.162277 -0.102195 0.639148 0.1316069 -0.09822797 0.701733 0.132853 -0.09703397 0.688949 0.136256 -0.09892195 0.67979 0.06830298 -0.1029649 0.72463 0.07242399 -0.100847 0.718143 0.07098597 -0.100423 0.72444 0.061737 -0.106893 0.484975 0.05430895 -0.116598 0.513978 0.058622 -0.105276 0.481922 0.144786 -0.179023 0.762983 0.14699 -0.179832 0.758022 0.06514 -0.103774 0.452156 0.05876594 -0.10104 0.477724 0.200567 -0.05170798 1.09747 0.110953 -0.08952498 0.720051 0.105011 -0.09118098 0.717761 0.09394097 -0.089486 0.716807 0.195966 -0.114826 0.415521 0.199944 -0.115558 0.430976 0.172341 -0.115635 0.402546 0.07496398 -0.112092 0.504628 0.05205696 -0.09495496 0.759739 0.05243998 -0.11602 0.52161 0.05191296 -0.121219 0.54756 0.05459696 -0.110667 0.504628 0.05474096 -0.08852398 0.496805 0.07137 -0.131309 0.572747 0.06834995 -0.123299 0.703832 0.07084196 -0.1061609 0.707839 0.072663 -0.1291519 0.710129 0.06001198 -0.077048 0.526571 0.05478894 -0.083902 0.560917 0.05991595 -0.08555799 0.592591 0.2020519 -0.065494 0.523709 0.181446 -0.065494 0.53344 0.09710395 -0.09252899 0.531342 0.1015599 -0.103928 0.519702 0.09863698 -0.08983296 0.53573 0.06624197 -0.107625 0.674639 0.06858998 -0.102195 0.704214 0.06696099 -0.112824 0.703069 0.075203 -0.124531 0.57828 0.06863796 -0.09560996 0.543744 0.07218396 -0.128998 0.718525 0.05291998 -0.09248995 0.708793 0.05172199 -0.09815096 0.710892 0.05210494 -0.09495496 0.712228 0.05512398 -0.1249549 0.555002 0.06628996 -0.104698 0.551567 0.114068 -0.04650896 0.518176 0.2406769 -0.104891 0.443951 0.07582598 -0.1882269 0.772714 0.07793498 -0.183452 0.777103 0.07822197 -0.182566 0.776149 0.145169 -0.1424379 0.670822 0.05593895 -0.165506 0.779583 0.074005 -0.175634 0.691048 0.07505899 -0.177675 0.779583 0.153412 -0.087484 0.994052 0.152501 -0.08698296 0.964476 0.153412 -0.05748397 0.994052 0.06763195 -0.111129 0.723295 0.06768 -0.103504 0.733598 0.145409 -0.107201 0.642774 0.148763 -0.104621 0.62312 0.150297 -0.108125 0.61835 0.073861 -0.150602 0.754015 0.07630497 -0.152875 0.753442 0.118908 -0.193002 0.769279 0.109419 -0.194042 0.766608 0.07280695 -0.09926795 0.707458 0.072999 -0.103504 0.713945 0.164242 -0.104814 0.517031 0.155089 -0.166353 0.702115 0.137454 -0.133966 0.706122 0.137598 -0.133542 0.681699 0.134578 -0.135545 0.681699 0.104148 -0.09352999 0.534967 0.069453 -0.125032 0.644491 0.06873399 -0.118831 0.579044 0.1191959 -0.1264179 1.100523 0.107119 -0.122682 1.100332 0.153843 -0.09634095 0.545843 0.158156 -0.09014099 0.553666 0.194049 -0.128536 1.018475 0.187292 -0.13077 1.004355 0.08608198 -0.11525 1.087357 0.08833396 -0.1402429 0.652886 0.06902098 -0.138626 0.700589 0.06787097 -0.137894 0.683225 0.219831 -0.1051599 0.485357 0.06077897 -0.179023 0.719097 0.06303095 -0.179832 0.713945 0.068255 -0.179177 0.716426 0.123652 -0.066226 0.553475 0.133716 -0.133696 0.601368 0.09839695 -0.134159 0.67254 0.1428689 -0.133696 0.601177 0.06600195 -0.08952498 0.633233 0.127774 -0.08940899 0.635141 0.1501049 -0.08863896 0.623502 0.170855 -0.123453 0.998059 0.157437 -0.131232 0.592973 0.241348 -0.102118 0.465703 0.1768929 -0.133311 0.989854 0.08876496 -0.087484 1.081633 0.09197598 -0.087484 1.081824 0.142486 -0.08297801 0.980123 0.144498 -0.09449297 0.979932 0.1333799 -0.08717596 0.98413 0.136304 -0.130577 1.033549 0.08737498 -0.113401 1.055874 0.088382 -0.114403 1.065796 0.09346097 -0.075392 1.087739 0.100266 -0.065764 0.576754 0.149147 -0.101232 0.972872 0.146607 -0.104852 0.979169 0.140617 -0.107163 0.983176 0.1527889 -0.06148898 0.966957 0.109803 -0.06148898 0.980314 0.152837 -0.06148898 0.968865 0.05378198 -0.127188 0.686087 0.18988 -0.09942197 0.997677 0.193139 -0.093068 1.00073 0.206988 -0.097997 1.010652 0.06379801 -0.136546 0.680172 0.06341397 -0.138202 0.683416 0.06801497 -0.1363919 0.646971 0.1761749 -0.1296139 1.067322 0.139994 -0.08709895 0.923643 0.1101379 -0.08686798 0.982222 0.109803 -0.05748397 0.980314 0.09906798 -0.06148898 0.940244 0.119483 -0.06145095 0.955699 0.11172 -0.06148898 0.92765 0.17996 -0.07531499 1.013514 0.195535 -0.07550698 1.025154 0.08301496 -0.18738 0.699825 0.10803 -0.08863896 0.623502 0.159929 -0.08474999 0.594499 0.06571495 -0.08659797 0.607856 0.06887799 -0.100886 0.621403 0.06681698 -0.104506 0.621021 0.242259 -0.102002 0.443379 0.147278 -0.09614896 0.959515 0.143348 -0.09664899 0.938717 0.06657695 -0.109204 0.626746 0.06806296 -0.120795 0.640102 0.130313 -0.09403097 0.879948 0.06604999 -0.089486 0.669296 0.09652799 -0.09849798 0.933756 0.10894 -0.09714996 0.933184 0.102471 -0.09687995 0.941579 0.144977 -0.09849798 0.905135 0.1396099 -0.09842097 0.92517 0.115793 -0.09830498 0.926506 0.212212 -0.09433895 1.017712 0.05589097 -0.09218198 0.62312 0.055987 -0.093068 0.636668 0.06073099 -0.090411 0.636668 0.158204 -0.128652 0.93471 0.09921199 -0.108203 0.990045 0.09063398 -0.104274 0.96524 0.09715098 -0.101463 0.974971 0.101177 -0.08455699 0.930703 0.09892499 -0.06145095 0.934329 0.104196 -0.06148898 0.928604 0.09854096 -0.09822797 0.956081 0.106496 -0.09518599 0.953791 0.131799 -0.182566 0.776149 0.131799 -0.182566 0.695818 0.127007 -0.18738 0.699825 0.078749 -0.117638 0.989091 0.08239197 -0.111129 1.013705 0.1926119 -0.090411 1.001875 0.187484 -0.09903699 0.572938 0.2128829 -0.08806198 0.530006 0.1461279 -0.109781 0.83797 0.141815 -0.1276119 0.829384 0.147469 -0.126572 0.878803 0.122838 -0.09826695 0.847511 0.142198 -0.07550698 1.12819 0.1316069 -0.07577699 1.126091 0.159258 -0.101386 0.802289 0.156143 -0.09453099 0.830529 0.159737 -0.1005 0.82614 0.07558697 -0.09907597 0.872316 0.07783895 -0.09884399 0.882238 0.130122 -0.05082195 1.114833 0.130026 -0.07531499 1.114452 0.148763 -0.07331198 1.120176 0.08133697 -0.101425 0.920781 0.06997996 -0.104428 0.874415 0.072999 -0.100693 0.874033 0.143923 -0.089486 0.770043 0.06604999 -0.089486 0.828812 0.06729596 -0.109473 0.852663 0.06696099 -0.105584 0.830911 0.06930899 -0.109165 0.874415 0.162038 -0.133619 0.885673 0.176702 -0.129306 0.940816 0.1707119 -0.135468 0.943488 0.142629 -0.103427 0.770043 0.143013 -0.105584 0.802289 0.140952 -0.101887 0.802289 0.07812595 -0.089486 0.920018 0.147613 -0.08994895 0.772714 0.125042 -0.133542 0.924025 0.162613 -0.1257629 0.870599 0.165584 -0.1249549 0.884528 0.114164 -0.07331198 1.103003 0.114212 -0.05078399 1.103194 0.103285 -0.050861 1.086785 0.195823 -0.07331198 1.024963 0.119914 -0.141129 0.925933 0.125473 -0.14059 0.926315 0.07017099 -0.156071 0.716044 0.08584195 -0.13774 0.943678 0.08804595 -0.08956295 0.895213 0.135585 -0.09849798 0.84503 0.139131 -0.09849798 0.875178 0.09446799 -0.09106498 0.895404 0.08545899 -0.09129595 0.889489 0.203873 -0.122682 1.098996 0.187676 -0.126341 1.103576 0.202627 -0.126341 1.082778 0.16084 -0.043428 0.517603 0.160935 -0.04550796 0.517413 0.181446 -0.04550796 0.512261 0.05243998 -0.09711199 0.828812 0.05493199 -0.09376096 0.772142 0.05296796 -0.095802 0.765273 0.07256799 -0.09934496 0.765654 0.07712 -0.09849798 0.799046 0.06959599 -0.192155 0.758976 0.073574 -0.194581 0.762029 0.163859 -0.140705 0.609955 0.165105 -0.138857 0.610527 0.216094 -0.104351 0.521992 0.112199 -0.193734 0.73875 0.110809 -0.194119 0.705168 0.160935 -0.03949999 0.517794 0.139706 -0.03949999 0.516268 0.18619 -0.07550698 1.110636 0.168363 -0.07550698 1.118459 0.167788 -0.07550698 1.12819 0.147613 -0.08994895 0.699253 0.140329 -0.145481 0.757068 0.14076 -0.145519 0.759739 0.1382679 -0.14421 0.760693 0.135154 -0.135545 0.816409 0.133476 -0.09849798 0.751534 0.07592195 -0.09872895 0.862966 0.222563 -0.043428 0.444142 0.222371 -0.04550796 0.444142 0.217244 -0.04550796 0.423535 0.134626 -0.08933198 0.706313 0.167309 -0.139396 0.596216 0.158971 -0.138934 0.5924 0.076545 -0.09849798 0.751534 0.133668 -0.09849798 0.78111 0.124323 -0.14471 0.812784 0.158444 -0.089872 0.567595 0.142821 -0.111129 0.72444 0.142917 -0.111668 0.747718 0.1424379 -0.103851 0.736651 0.053303 -0.1065469 0.876895 0.05042797 -0.102156 0.828812 0.050188 -0.1075479 0.828812 0.1549929 -0.135583 0.748481 0.156 -0.131886 0.78588 0.154945 -0.138164 0.785307 0.159114 -0.07546895 0.538592 0.175839 -0.07242596 0.534967 0.139946 -0.153452 0.734743 0.139898 -0.156071 0.734934 0.078893 -0.105045 0.430022 0.07975596 -0.111437 0.429068 0.08761495 -0.111553 0.430022 0.07783895 -0.111245 0.434602 0.08143299 -0.111322 0.438418 0.08651298 -0.111283 0.436891 0.08790296 -0.105006 0.435365 0.139946 -0.153414 0.755732 0.14838 -0.173285 0.719097 0.1492429 -0.179023 0.753061 0.08608198 -0.105122 0.450057 0.08593797 -0.111283 0.449103 0.148092 -0.064493 0.370872 0.12394 -0.064493 0.376787 0.08272695 -0.065494 0.480587 0.08684796 -0.064493 0.409033 0.102854 -0.064493 0.389953 0.077551 -0.04650896 0.432121 0.21226 -0.065494 0.376787 0.09576195 -0.04550796 0.501575 0.232483 -0.04650896 0.467802 0.06801497 -0.172361 0.760502 0.125665 -0.04543095 0.523328 0.073861 -0.092413 0.537257 0.172868 -0.064493 0.372589 0.195966 -0.064493 0.381939 0.223857 -0.105006 0.451584 0.224049 -0.111283 0.451011 0.227595 -0.111322 0.447195 0.121783 -0.153722 0.716044 0.150776 -0.138972 0.670822 0.226684 -0.111283 0.432694 0.224815 -0.105083 0.433648 0.09595298 -0.065494 0.527907 0.09456396 -0.06557196 0.51455 0.09600096 -0.06946098 0.527907 0.09580999 -0.06973099 0.518176 0.22817 -0.064493 0.418955 0.227259 -0.065494 0.419337 0.05776 -0.179177 0.711655 0.05704098 -0.171899 0.712228 0.06140196 -0.171783 0.718715 0.11632 -0.05440396 0.563397 0.103861 -0.05440396 0.563207 0.116129 -0.04735594 0.563207 0.103573 -0.04735594 0.563397 0.2272109 -0.105083 0.483067 0.225726 -0.111437 0.484784 0.217627 -0.111553 0.483639 0.09509098 -0.08752197 1.101286 0.09657597 -0.112631 1.101286 0.241492 -0.06553298 0.465513 0.169561 -0.132965 0.579998 0.171287 -0.128536 0.574083 0.185999 -0.114749 0.537829 0.176318 -0.113016 0.560917 0.152837 -0.05748397 0.968865 0.1316069 -0.05740696 0.952456 0.1196269 -0.05736899 0.955699 0.131464 -0.06145095 0.952456 0.226205 -0.111553 0.457499 0.226157 -0.105083 0.456735 0.111768 -0.05736899 0.926887 0.100554 -0.087484 1.100332 0.148763 -0.100077 0.898075 0.1598809 -0.099384 0.945014 0.155952 -0.09849798 0.94635 0.159737 -0.100192 0.958752 0.114116 -0.09314495 0.974398 0.123796 -0.05736899 0.923643 0.133716 -0.09838199 0.872888 0.127726 -0.09849798 0.890252 0.152357 -0.104274 0.897312 0.154418 -0.10982 0.89693 0.165392 -0.10982 0.943297 0.212356 -0.111861 0.497759 0.210247 -0.111322 0.491653 0.226253 -0.105045 0.47658 0.227403 -0.111283 0.47906 0.223138 -0.064493 0.49089 0.20718 -0.064493 0.509971 0.097727 -0.08825397 0.940625 0.09422796 -0.089486 0.941579 0.09763097 -0.08817696 0.935092 0.152597 -0.132079 0.936809 0.152405 -0.131732 0.931467 0.08018696 -0.121489 0.927841 0.08085799 -0.124993 0.927841 0.07146495 -0.1235679 0.883765 0.07275897 -0.12792 0.883383 0.167309 -0.107086 1.131243 0.185184 -0.106431 1.125519 0.070028 -0.153414 0.716235 0.222275 -0.065494 0.490509 0.207228 -0.086483 1.105102 0.191941 -0.086483 1.119222 0.103717 -0.04743295 0.591828 0.132997 -0.04550796 0.554048 0.132997 -0.05451899 0.554048 0.138173 -0.04550796 0.554048 0.138173 -0.05451899 0.554048 0.103525 -0.05440396 0.592019 0.2343519 -0.10362 0.487265 0.241732 -0.104506 0.483639 0.152405 -0.086483 1.13048 0.13017 -0.09195095 0.6796 0.124275 -0.091605 0.671204 0.115506 -0.112208 0.38709 0.141575 -0.144903 0.711846 0.1442109 -0.146405 0.702687 0.087471 -0.112246 0.419528 0.130841 -0.157496 0.730736 0.119483 -0.111283 0.390907 0.06557101 -0.105083 0.474671 0.137933 -0.195698 0.75535 0.140952 -0.101887 0.671586 0.08282297 -0.112208 0.433266 0.133285 -0.164774 0.725394 0.127246 -0.163927 0.727874 0.20258 -0.06988495 1.110445 0.196014 -0.06973099 1.11178 0.086896 -0.105045 0.482876 0.18643 -0.05116897 1.111017 0.168268 -0.05070698 1.118268 0.09791797 -0.106508 0.450057 0.182309 -0.105122 0.361141 0.173203 -0.103735 0.35866 0.136975 -0.153452 0.749435 0.139371 -0.153144 0.736079 0.087327 -0.104968 0.510162 0.1684589 -0.111437 0.373543 0.17905 -0.065494 0.360186 0.172341 -0.065494 0.358851 0.137022 -0.163927 0.749817 0.157868 -0.129306 0.65384 0.160456 -0.107586 0.655367 0.159785 -0.1075479 0.671776 0.06643396 -0.140936 0.764318 0.06600195 -0.14136 0.783972 0.08914899 -0.04550796 0.434793 0.09700798 -0.04550796 0.415139 0.194049 -0.105045 0.393196 0.06739199 -0.115828 0.559963 0.06552296 -0.102156 0.575037 0.06581097 -0.09668797 0.562062 0.220263 -0.111476 0.40579 0.217867 -0.112208 0.410941 0.07649695 -0.156687 0.739704 0.071801 -0.157111 0.746001 0.121112 -0.105045 0.528861 0.126815 -0.103543 0.534395 0.07826995 -0.164774 0.746383 0.07395696 -0.163773 0.742757 0.072232 -0.163927 0.748863 0.208953 -0.114711 0.449866 0.206365 -0.114364 0.431167 0.07146495 -0.065494 0.476389 0.06950098 -0.06768995 0.467612 0.07601797 -0.06946098 0.489555 0.06844598 -0.07015395 0.468566 0.06882995 -0.125994 0.723676 0.07338196 -0.131309 0.721196 0.076258 -0.157573 0.741421 0.228889 -0.112246 0.452156 0.100075 -0.07335096 0.546415 0.100171 -0.07689398 0.545271 0.05172199 -0.119101 0.59946 0.05430895 -0.125879 0.631707 0.05167394 -0.118831 0.639339 0.051961 -0.120949 0.688377 0.212116 -0.106393 0.450057 0.2159979 -0.105006 0.450057 0.088238 -0.08952498 0.570839 0.1384119 -0.112208 0.522183 0.138891 -0.111437 0.516649 0.07788699 -0.065494 0.491463 0.08756697 -0.06811296 0.504819 0.08852601 -0.08783096 0.533631 0.09389299 -0.06984597 1.037556 0.10041 -0.06976896 1.03622 0.09902 -0.07550698 1.035839 0.127198 -0.06988495 1.004165 0.13386 -0.06976896 1.002829 0.146463 -0.179139 0.708412 0.09528297 -0.06976896 1.044234 0.101129 -0.07550698 1.048241 0.107407 -0.06988495 1.017712 0.113972 -0.06973099 1.016186 0.06346195 -0.1862249 0.720433 0.151111 -0.06988495 0.999585 0.156047 -0.06988495 0.998059 0.09571397 -0.06965398 1.059881 0.100794 -0.07331198 1.048051 0.098733 -0.07523798 1.067513 0.244607 -0.105045 0.475435 0.103573 -0.087484 1.023436 0.1415269 -0.077856 0.552712 0.147709 -0.07766395 0.544126 0.143109 -0.07512199 0.546797 0.09748697 -0.06984597 1.066559 0.09719896 -0.07523798 1.066941 0.09394097 -0.087484 1.032977 0.09125697 -0.09102696 1.040227 0.173587 -0.1257629 0.992334 0.124179 -0.09429997 0.985847 0.151782 -0.107702 0.978024 0.124179 -0.126264 1.018666 0.141431 -0.110629 0.986229 0.128876 -0.110629 0.989663 0.211062 -0.123645 1.048241 0.2148 -0.120526 1.044234 0.109419 -0.05170798 1.030496 0.123556 -0.05116897 1.016949 0.141719 -0.05070698 1.009698 0.141815 -0.1367 0.598315 0.14191 -0.134505 0.599269 0.15921 -0.06984597 1.004737 0.05488395 -0.128883 0.681889 0.05751997 -0.132464 0.680172 0.170759 -0.129499 1.04557 0.1998479 -0.12661 1.045379 0.2062219 -0.1262249 1.059499 0.09077799 -0.06969195 1.068276 0.09207201 -0.07550698 1.068467 0.144498 -0.08863896 0.928032 0.142533 -0.08559697 0.928604 0.09643298 -0.1235679 1.064842 0.09556996 -0.12507 1.038319 0.105059 -0.126302 1.072474 0.110234 -0.127227 1.057019 0.136975 -0.129576 1.069803 0.165632 -0.1318089 0.968865 0.220838 -0.04550796 0.465131 0.212979 -0.04550796 0.484784 0.094132 -0.112747 0.984893 0.098589 -0.118639 1.001493 0.09700798 -0.122759 0.999776 0.102135 -0.125686 1.010461 0.175983 -0.069808 1.010843 0.175647 -0.075392 1.01027 0.12533 -0.141129 0.600605 0.1468459 -0.1421689 0.60652 0.133572 -0.143979 0.672349 0.07568198 -0.195313 0.708602 0.06001198 -0.168125 0.690094 0.1209689 -0.08975595 0.542027 0.11795 -0.07327395 0.540882 0.107215 -0.06984597 1.104911 0.113685 -0.06976896 1.103576 0.109467 -0.075392 1.103576 0.104052 -0.06684195 0.547369 0.112007 -0.06530195 0.549659 0.165488 -0.106624 0.625028 0.163092 -0.107509 0.635714 0.1627089 -0.138202 0.619113 0.159642 -0.134467 0.635332 0.157437 -0.138549 0.636477 0.1284919 -0.08471095 0.547369 0.1963019 -0.06976896 1.02439 0.194337 -0.06976896 1.017712 0.1948159 -0.07550698 1.018475 0.104963 -0.09106498 0.897503 0.115458 -0.09125798 0.895595 0.1459839 -0.134813 0.930894 0.05646598 -0.174248 0.7128 0.05953299 -0.177983 0.708221 0.06053894 -0.172168 0.708793 0.09312599 -0.08139896 0.576945 0.09408396 -0.07254195 0.57351 0.222659 -0.112246 0.480587 0.07807898 -0.183413 0.694864 0.06815898 -0.16462 0.683607 0.06700897 -0.154916 0.683225 0.06202495 -0.1549929 0.683034 0.09863698 -0.130346 1.008172 0.09878098 -0.127227 1.003401 0.09269499 -0.125186 0.978215 0.205742 -0.112593 1.001684 0.214895 -0.10801 1.023055 0.09211999 -0.08971798 0.976307 0.155089 -0.131771 1.095562 0.149386 -0.132079 1.097661 0.146511 -0.132079 1.105675 0.134099 -0.188189 0.699444 0.136112 -0.176674 0.690285 0.14445 -0.166469 0.685133 0.150968 -0.135776 0.937763 0.12878 -0.06976896 1.124946 0.134051 -0.069808 1.117123 0.135776 -0.069808 1.123611 0.157581 -0.09711199 0.802289 0.154658 -0.09383797 0.802289 0.149386 -0.09048795 0.802289 0.157389 -0.126649 0.809349 0.15806 -0.126649 0.828812 0.156 -0.133234 0.829002 0.05584299 -0.172053 0.767371 0.163523 -0.08752197 1.134105 0.218058 -0.087484 1.046142 0.220454 -0.087484 1.066559 0.221221 -0.087484 1.046524 0.223473 -0.087484 1.065223 0.158491 -0.09876698 0.760693 0.134387 -0.141514 0.924025 0.214033 -0.09079599 1.022864 0.115649 -0.06976896 1.110254 0.11517 -0.07550698 1.109491 0.08627295 -0.153491 0.751916 0.105011 -0.153491 0.720051 0.08627295 -0.153491 0.720051 0.07635295 -0.152566 0.718143 0.07635295 -0.153491 0.720051 0.090586 -0.131232 0.932802 0.218394 -0.087484 1.025917 0.195535 -0.087484 1.01256 0.06279098 -0.09083396 0.875751 0.0672 -0.09418499 0.923071 0.07572996 -0.09075695 0.93471 0.07419699 -0.09418499 0.949212 0.214081 -0.123183 1.064078 0.2186329 -0.119486 1.064078 0.218777 -0.115558 1.082205 0.07673698 -0.164774 0.725584 0.08272695 -0.163927 0.723104 0.08862096 -0.09899896 0.937 0.176989 -0.077394 0.539165 0.178762 -0.08001297 0.558627 0.182788 -0.06988495 1.123801 0.176127 -0.06976896 1.125137 0.153028 -0.175134 0.760502 0.151782 -0.09499299 0.596598 0.166446 -0.09325999 0.576945 0.168268 -0.09137296 0.565115 0.13362 -0.153491 0.751916 0.06351 -0.1862249 0.751534 0.06298297 -0.172515 0.751534 0.135681 -0.144133 0.75764 0.132182 -0.1458269 0.754396 0.181302 -0.06976896 1.117123 0.141575 -0.162194 0.708984 0.115697 -0.09118098 0.715472 0.2208859 -0.06988495 1.06675 0.21432 -0.06965398 1.068085 0.2164289 -0.07542997 1.068467 0.217387 -0.086483 1.086975 0.2164289 -0.087484 1.086594 0.206461 -0.087484 1.10453 0.155329 -0.075392 1.120939 0.06279098 -0.138356 0.8332 0.06374996 -0.136508 0.883192 0.16822 -0.09969198 0.580761 0.163332 -0.109204 0.587248 0.138748 -0.102811 0.752298 0.1387 -0.07435196 0.560154 0.1342909 -0.08132195 0.583432 0.05224895 -0.123145 0.836444 0.053734 -0.122259 0.860295 0.05119395 -0.115365 0.832628 0.069453 -0.127997 0.834154 0.06906896 -0.124531 0.84961 0.117231 -0.105006 0.392433 0.09154498 -0.104852 0.391288 0.07525098 -0.065494 0.402546 0.06700897 -0.1549929 0.787979 0.09470695 -0.112246 0.407125 0.07879698 -0.065494 0.396631 0.128732 -0.144441 0.71509 0.1245149 -0.105006 0.397203 0.07692795 -0.09853595 0.713945 0.075203 -0.09880596 0.721577 0.09576195 -0.134967 0.750008 0.146176 -0.171822 0.720433 0.1253769 -0.10412 0.368582 0.143971 -0.10412 0.364003 0.133764 -0.163773 0.730736 0.148284 -0.183221 0.720242 0.147661 -0.111245 0.375642 0.120873 -0.105738 0.388617 0.081146 -0.112246 0.447958 0.070459 -0.1412439 0.75535 0.148044 -0.105006 0.377932 0.166207 -0.102002 0.362858 0.143875 -0.102002 0.363239 0.12509 -0.102002 0.367819 0.107742 -0.102002 0.376405 0.09274297 -0.102002 0.388617 0.08799797 -0.1031579 0.391288 0.08095395 -0.105045 0.45311 0.06753599 -0.065494 0.45311 0.06758397 -0.07269597 0.449294 0.06696099 -0.07504498 0.449103 0.05747199 -0.08101397 0.489173 0.05646598 -0.09094995 0.769089 0.05910199 -0.089486 0.766608 0.112918 -0.114018 0.414567 0.104723 -0.114826 0.43174 0.102662 -0.112246 0.430976 0.09988296 -0.113941 0.450057 0.05291998 -0.09248995 0.763174 0.107742 -0.065494 0.376405 0.12509 -0.065494 0.367819 0.10549 -0.115519 0.454446 0.08234399 -0.111283 0.452919 0.068255 -0.102927 0.747337 0.117662 -0.146636 0.717952 0.07362198 -0.150294 0.717952 0.130936 -0.19331 0.768898 0.140617 -0.172245 0.784353 0.14814 -0.065494 0.371826 0.124323 -0.065494 0.377741 0.103477 -0.065494 0.390716 0.07151299 -0.100231 0.747909 0.194481 -0.06984597 1.105102 0.06307899 -0.08336299 0.459216 0.141719 -0.179177 0.755732 0.123317 -0.156032 0.755923 0.185519 -0.102349 0.362285 0.12648 -0.106431 0.400447 0.111576 -0.107509 0.413613 0.101752 -0.107509 0.430595 0.172676 -0.065494 0.373543 0.132614 -0.09129595 0.690094 0.13477 -0.08960199 0.684179 0.14076 -0.12946 0.723676 0.13846 -0.1298069 0.719288 0.137214 -0.131309 0.71509 0.145265 -0.112208 0.395104 0.164721 -0.113941 0.395868 0.145169 -0.107509 0.39415 0.07084196 -0.104005 0.764509 0.05517196 -0.131193 0.790841 0.05392599 -0.129268 0.8332 0.143013 -0.105584 0.671586 0.06758397 -0.111322 0.748291 0.06715196 -0.119101 0.733026 0.07026696 -0.117638 0.515504 0.07290297 -0.113363 0.503674 0.06025195 -0.136816 0.792176 0.143971 -0.190653 0.748291 0.144259 -0.190153 0.72215 0.153508 -0.174517 0.757259 0.144594 -0.151642 0.727302 0.122406 -0.115519 0.488791 0.103573 -0.114557 0.468756 0.05521994 -0.121335 0.884146 0.05215299 -0.122682 0.77424 0.07850998 -0.065494 0.432312 0.08771097 -0.065494 0.409606 0.182548 -0.113979 0.402355 0.07170498 -0.125494 0.569503 0.230997 -0.065494 0.406744 0.217867 -0.06553298 0.388808 0.09298199 -0.096919 0.665098 0.08550596 -0.09849798 0.666434 0.08454799 -0.096803 0.671204 0.219448 -0.065494 0.509208 0.23416 -0.06553298 0.488219 0.1976439 -0.1121309 0.414185 0.09087395 -0.104082 0.515695 0.170184 -0.04550796 0.384038 0.189832 -0.04550796 0.392051 0.222611 -0.1051599 0.408461 0.181446 -0.043428 0.512452 0.199369 -0.04550796 0.501003 0.1994169 -0.043428 0.501194 0.213122 -0.043428 0.484975 0.078749 -0.163773 0.751725 0.078606 -0.129922 0.576754 0.159402 -0.1157889 0.499477 0.194049 -0.115481 0.482685 0.179194 -0.08282399 0.570076 0.203921 -0.07646995 0.52619 0.184753 -0.105006 0.398539 0.072999 -0.153452 0.749435 0.07635295 -0.153491 0.751916 0.129786 -0.05451899 0.590492 0.1231729 -0.05451899 0.594499 0.05315899 -0.1245689 0.581906 0.05656194 -0.127997 0.586485 0.06020396 -0.13308 0.64659 0.110618 -0.04550796 0.398921 0.128588 -0.04550796 0.387854 0.1490989 -0.04550796 0.382702 0.174641 -0.102734 0.598124 0.186669 -0.092606 0.573319 0.157916 -0.102156 0.596216 0.154897 -0.09749698 0.597361 0.1265749 -0.188612 0.773096 0.117279 -0.196853 0.765845 0.08100199 -0.195737 0.766799 0.206701 -0.102272 0.37278 0.04999595 -0.105892 0.617396 0.05200898 -0.121489 0.567786 0.1658239 -0.08640599 0.596598 0.05320698 -0.123414 0.546988 0.125234 -0.105006 0.501575 0.109419 -0.105006 0.488219 0.105011 -0.09422296 0.662808 0.115458 -0.09410798 0.665098 0.1231729 -0.097458 0.667769 0.131464 -0.09761196 0.67979 0.130888 -0.09395396 0.699062 0.143013 -0.1549929 0.683988 0.173874 -0.09622597 0.598697 0.109563 -0.190461 0.755923 0.100985 -0.188035 0.755923 0.10041 -0.190461 0.755923 0.09379696 -0.184453 0.755923 0.09226298 -0.186417 0.755923 0.08895695 -0.178022 0.755923 0.08751899 -0.170166 0.755923 0.088238 -0.153722 0.756114 0.147709 -0.141822 0.656321 0.154226 -0.134582 0.671013 0.145025 -0.106431 0.506346 0.164817 -0.107509 0.505773 0.165296 -0.105045 0.508635 0.183507 -0.1063539 0.499477 0.05133795 -0.08629 0.524282 0.04922997 -0.09291398 0.559963 0.05028396 -0.101194 0.621975 0.05042797 -0.102156 0.636668 0.050188 -0.107586 0.684751 0.130793 -0.09838199 0.671013 0.124179 -0.096919 0.5405 0.1236039 -0.094262 0.542218 0.242259 -0.065494 0.443379 0.238665 -0.102002 0.424489 0.157389 -0.1269569 0.66796 0.153987 -0.136084 0.661664 0.207324 -0.112246 0.468947 0.205263 -0.114826 0.468375 0.197692 -0.112208 0.485738 0.195966 -0.114826 0.484403 0.182884 -0.1121309 0.498141 0.181734 -0.114826 0.496424 0.103956 -0.04550796 0.494325 0.09279096 -0.04550796 0.476389 0.08766299 -0.04550796 0.455972 0.09921199 -0.194081 0.766799 0.123748 -0.153491 0.720051 0.09216797 -0.08667498 0.572365 0.133908 -0.1351979 0.635904 0.130313 -0.136238 0.687995 0.134578 -0.135699 0.709175 0.136687 -0.05748397 0.996341 0.1428689 -0.158805 0.683607 0.10041 -0.190461 0.737033 0.108988 -0.188035 0.737033 0.109563 -0.190461 0.737033 0.116176 -0.184453 0.737033 0.117758 -0.186417 0.737033 0.121017 -0.178022 0.737033 0.122502 -0.170166 0.737033 0.14354 -0.101925 0.638194 0.145265 -0.09926795 0.62293 0.09302997 -0.07327395 0.514741 0.09394097 -0.07496798 0.526953 0.095618 -0.07261896 0.527525 0.08358997 -0.08093696 0.5758 0.121017 -0.178022 0.734934 0.117758 -0.186417 0.734934 0.116176 -0.184453 0.734934 0.109563 -0.190461 0.734934 0.09111297 -0.075661 0.52619 0.06557101 -0.078049 0.544317 0.08076196 -0.08159196 0.570839 0.08425998 -0.08952498 0.710701 0.208234 -0.107509 0.469329 0.210726 -0.111861 0.449866 0.207899 -0.108357 0.430595 0.19841 -0.107509 0.413613 0.183363 -0.107509 0.400829 0.230997 -0.102002 0.406744 0.238665 -0.065494 0.424489 0.08296698 -0.12688 0.584768 0.07611399 -0.12946 0.641247 0.107838 -0.131424 0.595644 0.07673698 -0.08871597 0.557864 0.09096997 -0.07469797 0.518939 0.083494 -0.07315796 0.507491 0.072232 -0.07123297 0.492798 0.157725 -0.09052598 0.625219 0.152118 -0.090411 0.637431 0.144307 -0.089486 0.662999 0.121017 -0.178022 0.755923 0.117758 -0.186417 0.755923 0.116176 -0.184453 0.755923 0.108988 -0.188035 0.755923 0.115506 -0.06984597 1.022864 0.115793 -0.07542997 1.020383 0.139802 -0.04550796 0.515886 0.120202 -0.04550796 0.508063 0.09696 -0.06811296 0.574083 0.109755 -0.07550698 1.030878 0.123796 -0.07550698 1.01733 0.218873 -0.111283 0.496614 0.08857297 -0.086483 1.061407 0.191558 -0.1075479 0.516459 0.130218 -0.138549 0.597743 0.141623 -0.07550698 1.009507 0.137789 -0.141514 0.601177 0.112007 -0.07254195 0.587439 0.086896 -0.087484 1.056828 0.100554 -0.194042 0.705359 0.06902098 -0.101887 0.637049 0.07242399 -0.099384 0.637049 0.076545 -0.09853595 0.647544 0.09005898 -0.05451899 0.586867 0.09700798 -0.075199 0.590683 0.09691196 -0.05451899 0.590492 0.158396 -0.130423 1.033167 0.1499609 -0.103543 0.537829 0.09782201 -0.193734 0.733217 0.09111297 -0.193002 0.702687 0.08651298 -0.105507 1.065987 0.118045 -0.086483 1.008744 0.1413829 -0.05971795 1.008935 0.123748 -0.07335096 1.016949 0.109515 -0.07331198 1.030496 0.203442 -0.107009 0.994815 0.195152 -0.105738 0.976116 0.234208 -0.04650896 0.442997 0.146176 -0.132965 0.602131 0.186094 -0.09761196 0.987755 0.185807 -0.09449297 0.962187 0.08727997 -0.100038 1.053012 0.08986699 -0.09433895 1.038128 0.09556996 -0.08998697 1.026298 0.134003 -0.07847195 0.93929 0.137693 -0.07750999 0.9723 0.170376 -0.08940899 0.94654 0.177852 -0.08937096 0.995578 0.120585 -0.122682 1.113307 0.112534 -0.115558 1.114833 0.101512 -0.117214 1.101858 0.110905 -0.05748397 0.984511 0.176558 -0.09033399 0.945777 0.180823 -0.093068 0.944442 0.17766 -0.087484 1.002638 0.115889 -0.09549397 0.605184 0.07644897 -0.097997 0.625601 0.136879 -0.09853595 0.633233 0.106352 -0.09849798 0.637049 0.234208 -0.064493 0.442997 0.132757 -0.05451899 0.546606 0.115553 -0.09279799 0.592782 0.161079 -0.07550698 1.008172 0.1612229 -0.07331198 1.007981 0.212835 -0.118446 1.025726 0.210918 -0.1189849 1.024199 0.200423 -0.1243 1.004165 0.127534 -0.129537 1.043662 0.14977 -0.132156 1.022864 0.147086 -0.093068 0.967148 0.143252 -0.08413398 0.954173 0.163092 -0.105199 0.970392 0.09140098 -0.119486 1.065796 0.09116095 -0.11964 1.055301 0.08430796 -0.1167899 1.019429 0.233777 -0.105006 0.484784 0.24063 -0.105006 0.482113 0.1918449 -0.110975 0.525427 0.20258 -0.107086 0.517794 0.215471 -0.105699 0.517031 0.121208 -0.066226 0.549087 0.12001 -0.065494 0.552712 0.104052 -0.075392 1.086403 0.114499 -0.07550698 1.102812 0.189737 -0.09422296 0.997677 0.200471 -0.105083 0.488219 0.190024 -0.03949999 0.39167 0.110378 -0.03949999 0.39873 0.206317 -0.03949999 0.405408 0.09671998 -0.03949999 0.414948 0.217579 -0.03949999 0.423344 0.08871698 -0.03949999 0.434793 0.222755 -0.03949999 0.444142 0.08727997 -0.03949999 0.455972 0.221269 -0.03949999 0.465322 0.09240698 -0.03949999 0.47658 0.213266 -0.03949999 0.484975 0.103669 -0.03949999 0.494516 0.199608 -0.03949999 0.501385 0.119962 -0.03949999 0.508254 0.18159 -0.03949999 0.512642 0.08828598 -0.190807 0.702878 0.08339798 -0.188612 0.699062 0.102087 -0.108357 0.469329 0.111576 -0.107509 0.486502 0.126671 -0.107509 0.499095 0.19841 -0.107509 0.486502 0.1746889 -0.1343899 0.980314 0.1653439 -0.137355 0.953219 0.153795 -0.140667 0.917728 0.098589 -0.07523798 1.092318 0.123221 -0.07754796 0.976307 0.111001 -0.079589 0.947495 0.114595 -0.07766395 0.944251 0.115649 -0.07893496 0.940435 0.09379696 -0.06984597 1.085067 0.09537798 -0.06969195 1.091746 0.07156097 -0.09429997 0.590683 0.104675 -0.089486 1.010461 0.09077799 -0.08093696 0.58763 0.08704 -0.07843399 0.582478 0.08550596 -0.07743299 0.576945 0.13846 -0.13412 0.636859 0.142054 -0.1310009 0.637622 0.103285 -0.073004 1.086785 0.08938795 -0.09164297 1.006454 0.08358997 -0.09749698 1.007408 0.063223 -0.1318089 0.599269 0.09652799 -0.13077 1.008935 0.08564996 -0.07662397 0.572556 0.08564996 -0.071078 0.572556 0.140281 -0.102541 0.982031 0.127726 -0.102541 0.985465 0.1702319 -0.113941 0.958752 0.2217479 -0.105199 0.467802 0.141863 -0.06141197 0.926696 0.127917 -0.079589 0.936237 0.127246 -0.08474999 0.933184 0.154083 -0.101617 0.96543 0.149051 -0.098113 0.942343 0.217435 -0.043428 0.423535 0.20603 -0.04550796 0.405599 0.2062219 -0.043428 0.405599 0.189976 -0.043428 0.391861 0.170328 -0.043428 0.383847 0.149147 -0.043428 0.382511 0.128588 -0.043428 0.387472 0.11057 -0.043428 0.39873 0.09691196 -0.043428 0.414948 0.08890897 -0.043428 0.434602 0.08742296 -0.043428 0.455781 0.09255099 -0.043428 0.476389 0.103765 -0.043428 0.494516 0.12001 -0.043428 0.508063 0.139706 -0.043428 0.516077 0.159929 -0.1245689 0.933756 0.191749 -0.08890897 1.003211 0.1631399 -0.101925 0.94406 0.146607 -0.119332 1.13048 0.14584 -0.1203719 1.126091 0.152597 -0.121989 1.125519 0.163379 -0.126148 1.115787 0.17421 -0.122682 1.120939 0.101704 -0.128266 1.031069 0.07903701 -0.19331 0.703069 0.06940495 -0.172245 0.687614 0.127007 -0.18738 0.772142 0.121735 -0.190807 0.769089 0.232147 -0.105122 0.467612 0.104675 -0.105199 0.986038 0.11862 -0.108857 0.9889 0.1280609 -0.107163 0.98661 0.05301499 -0.09514695 0.707076 0.05220097 -0.09749698 0.705359 0.05243998 -0.09711199 0.636668 0.05229699 -0.09618699 0.622739 0.05124199 -0.08790796 0.560535 0.05469298 -0.08074498 0.525427 0.06077897 -0.07581496 0.490699 0.106928 -0.103235 0.982031 0.12969 -0.07750999 0.942343 0.102183 -0.100192 0.974208 0.22055 -0.08744496 1.025726 0.128732 -0.095995 0.54279 0.128684 -0.092875 0.54508 0.127486 -0.08659797 0.546034 0.111959 -0.05070698 1.082968 0.108078 -0.05070698 1.067131 0.109899 -0.05070698 1.050913 0.05493199 -0.166584 0.701733 0.05565094 -0.171783 0.704405 0.11057 -0.100154 0.976688 0.103813 -0.09880596 0.964858 0.137933 -0.144056 0.680363 0.147517 -0.143054 0.63953 0.162421 -0.1414369 0.609382 0.05910199 -0.158959 0.683034 0.09269499 -0.196853 0.706122 0.07822197 -0.182566 0.695818 0.2013339 -0.069808 1.016376 0.131272 -0.134313 0.599078 0.108317 -0.132271 0.593545 0.162086 -0.125994 1.108155 0.140233 -0.099384 0.637813 0.08497899 -0.08370995 0.586867 0.09595298 -0.08436501 0.593927 0.09652799 -0.08313196 0.591637 0.115266 -0.083094 0.595262 0.07256799 -0.123029 0.578471 0.07232797 -0.128074 0.6443 0.07338196 -0.1310009 0.706504 0.09226298 -0.186417 0.737033 0.069453 -0.126726 0.704214 0.134962 -0.177675 0.692384 0.072088 -0.195698 0.716616 0.07870197 -0.1972 0.721196 0.08282297 -0.197007 0.762029 0.06801497 -0.071271 0.486311 0.06638598 -0.07581496 0.527335 0.117087 -0.05070698 1.03622 0.128876 -0.05070698 1.024963 0.143827 -0.05070698 1.018284 0.161079 -0.050861 1.00779 0.160121 -0.05070698 1.01733 0.179865 -0.05082195 1.013323 0.175791 -0.05070698 1.02191 0.195775 -0.05078399 1.024963 0.107982 -0.08467298 0.948258 0.166351 -0.107586 0.878422 0.1742579 -0.107586 0.91563 0.167645 -0.1005769 0.889298 0.174737 -0.100539 0.920018 0.167692 -0.09453099 0.906662 0.174066 -0.09441596 0.928795 0.166494 -0.09075695 0.924216 0.119052 -0.04550796 0.534585 0.137118 -0.04650896 0.527525 0.100985 -0.188035 0.737033 0.09379696 -0.184453 0.737033 0.08895695 -0.178022 0.737033 0.08550596 -0.108511 0.947495 0.09854096 -0.08451896 0.938145 0.06820696 -0.1720139 0.753442 0.114595 -0.08471095 0.936618 0.120729 -0.08860099 0.934138 0.196158 -0.086483 1.011797 0.129211 -0.08236199 0.548896 0.1720049 -0.132271 0.981268 0.152118 -0.138741 0.937382 0.147613 -0.14032 0.92994 0.08919596 -0.121874 1.029924 0.156958 -0.1286129 0.927841 0.076689 -0.132117 0.710129 0.157054 -0.128652 0.739323 0.159785 -0.1075479 0.802289 0.161846 -0.107586 0.84503 0.1607919 -0.107586 0.82366 0.171382 -0.09726595 0.568549 0.1481879 -0.087484 1.139638 0.148284 -0.1179839 1.139829 0.2235209 -0.106431 1.064078 0.221652 -0.114403 1.064078 0.220838 -0.106431 1.082778 0.069117 -0.089486 0.874797 0.06073099 -0.090411 0.828812 0.148907 -0.07550698 1.119794 0.07242399 -0.099384 0.830911 0.06902098 -0.101887 0.830911 0.151591 -0.138433 0.791986 0.14838 -0.140936 0.791986 0.158971 -0.123491 0.928604 0.15715 -0.10982 0.90857 0.148907 -0.10982 0.873652 0.14608 -0.142477 0.829575 0.151064 -0.138818 0.802862 0.154801 -0.134351 0.790459 0.08670496 -0.156032 0.716044 0.137598 -0.099384 0.802289 0.139466 -0.103081 0.765273 0.137693 -0.130924 0.761456 0.138796 -0.144094 0.812975 0.1459839 -0.142669 0.881475 0.08550596 -0.12249 0.945968 0.155233 -0.133311 0.802862 0.15183 -0.138703 0.829193 0.155568 -0.1397809 0.887199 0.07199198 -0.13982 0.882238 0.06921297 -0.131732 0.92994 0.105011 -0.089486 0.900556 0.205934 -0.075392 1.041563 0.206701 -0.073004 1.041181 0.211253 -0.07523798 1.060453 0.221077 -0.043428 0.465322 0.121975 -0.143709 0.878803 0.073143 -0.153452 0.722722 0.090155 -0.101348 0.954364 0.1554239 -0.06553298 0.537829 0.139994 -0.132503 0.829575 0.145888 -0.130885 0.879185 0.1320869 -0.183452 0.694864 0.07716798 -0.111437 0.917347 0.07927697 -0.10466 0.921354 0.21226 -0.122682 1.082396 0.211349 -0.115558 1.098996 0.141335 -0.100077 0.850564 0.144977 -0.104274 0.850182 0.22956 -0.08228498 0.496042 0.211014 -0.08320897 0.529624 0.183746 -0.08690595 0.572365 0.170759 -0.09048795 0.598124 0.09902 -0.087484 1.103385 0.107694 -0.087484 1.113498 0.118189 -0.087484 1.121702 0.130074 -0.087484 1.127808 0.152453 -0.087484 1.129526 0.142917 -0.087484 1.131434 0.07462799 -0.130731 0.949784 0.07098597 -0.124646 0.950357 0.08416497 -0.124646 0.999394 0.124179 -0.09222096 0.850945 0.116176 -0.08952498 0.843122 0.115745 -0.09403097 0.84503 0.151351 -0.09071898 0.843504 0.08109796 -0.138433 0.926887 0.09925997 -0.107086 1.103576 0.107694 -0.106431 1.113498 0.118189 -0.106431 1.121702 0.130074 -0.106431 1.127808 0.142342 -0.107586 1.131434 0.146367 -0.112169 1.133533 0.1464149 -0.08752197 1.134487 0.162517 -0.100616 0.857815 0.1613669 -0.09449297 0.874797 0.158635 -0.09060299 0.892542 0.142533 -0.1340039 0.879948 0.055987 -0.093068 0.828812 0.05751997 -0.09456998 0.876323 0.06384599 -0.099384 0.923834 0.07084196 -0.099384 0.949975 0.076258 -0.163773 0.720242 0.108988 -0.188035 0.734934 0.100985 -0.188035 0.734934 0.10041 -0.190461 0.734934 0.09379696 -0.184453 0.734934 0.09226298 -0.186417 0.734934 0.08895695 -0.178022 0.734934 0.08751899 -0.170166 0.734934 0.09068197 -0.158767 0.734934 0.121975 -0.135699 0.878613 0.133716 -0.136084 0.842741 0.124131 -0.136623 0.829957 0.07414895 -0.141283 0.71757 0.149866 -0.049012 1.110636 0.134195 -0.049012 1.106056 0.134195 -0.05070698 1.106056 0.121064 -0.049012 1.096516 0.121064 -0.05070698 1.096516 0.117087 -0.049012 1.03622 0.128876 -0.049012 1.024963 0.143827 -0.049012 1.018284 0.160121 -0.049012 1.01733 0.06815898 -0.105507 0.943869 0.06839799 -0.117946 0.945396 0.105011 -0.089486 0.839497 0.12902 -0.195737 0.705359 0.07184898 -0.163966 0.725775 0.127774 -0.07989698 0.592019 0.168986 -0.09414595 0.560535 0.06140196 -0.09014099 0.772905 0.06604999 -0.089486 0.770043 0.15691 -0.141784 0.628081 0.123748 -0.153491 0.751916 0.148907 -0.050861 1.120176 0.168651 -0.05971795 1.119031 0.20948 -0.07550698 1.100332 0.114499 -0.08490395 0.598124 0.121448 -0.08405596 0.596598 0.1249459 -0.08521199 0.598124 0.13592 -0.08413398 0.58992 0.222994 -0.103543 0.509589 0.215662 -0.106046 0.520465 0.153987 -0.093068 0.671776 0.157581 -0.09711199 0.671776 0.1595939 -0.102156 0.671776 0.124179 -0.09842097 0.713373 0.151543 -0.125109 0.605948 0.143779 -0.126533 0.638003 0.1410959 -0.127342 0.671013 0.131703 -0.08971798 0.70097 0.10041 -0.190461 0.716044 0.108988 -0.188035 0.716044 0.109563 -0.190461 0.716044 0.116176 -0.184453 0.716044 0.117758 -0.186417 0.716044 0.121017 -0.178022 0.716044 0.125521 -0.136508 0.750008 0.06921297 -0.101425 0.769279 0.200231 -0.07550698 1.097088 0.074005 -0.132541 0.834154 0.07707196 -0.133273 0.813547 0.076258 -0.132888 0.76222 0.1227419 -0.136508 0.792367 0.133141 -0.136238 0.712991 0.139658 -0.130962 0.681699 0.138987 -0.106007 0.707839 0.147182 -0.065494 0.542027 0.232387 -0.102118 0.491081 0.2325789 -0.09433895 0.491081 0.14929 -0.090411 0.671776 0.125425 -0.091605 0.587821 0.06566697 -0.125648 0.930513 0.05776 -0.129922 0.883765 0.05761599 -0.134505 0.8332 0.15092 -0.158959 0.788933 0.154658 -0.159883 0.785689 0.132901 -0.04558497 0.546415 0.141 -0.1293449 0.744474 0.157725 -0.06969195 1.121702 0.08009099 -0.132849 0.88281 0.07712 -0.133465 0.836062 0.09925997 -0.135737 0.829957 0.23555 -0.102079 0.487074 0.1549929 -0.1375859 0.687232 0.143588 -0.09576398 0.608428 0.137502 -0.134159 0.750008 0.134626 -0.135814 0.750008 0.137454 -0.1340039 0.721959 0.134483 -0.135776 0.718334 0.209193 -0.07331198 1.079916 0.2088569 -0.07550698 1.079725 0.200471 -0.07331198 1.09747 0.186238 -0.07335096 1.111017 0.1428689 -0.109512 0.768135 0.141719 -0.125532 0.77405 0.143396 -0.109589 0.777675 0.141719 -0.123337 0.802671 0.143348 -0.109781 0.802289 0.149866 -0.05070698 1.110636 0.166159 -0.05070698 1.109682 0.166159 -0.049012 1.109682 0.181111 -0.05070698 1.103003 0.181111 -0.049012 1.103003 0.192899 -0.05070698 1.091746 0.192899 -0.049012 1.091746 0.200136 -0.05070698 1.077244 0.200136 -0.049012 1.077244 0.201909 -0.05070698 1.061026 0.201909 -0.049012 1.061026 0.198027 -0.05070698 1.044998 0.198027 -0.049012 1.044998 0.18897 -0.05070698 1.03145 0.18897 -0.049012 1.03145 0.175791 -0.049012 1.02191 0.206701 -0.050861 1.041181 0.220598 -0.087484 1.083732 0.212787 -0.087484 1.100904 0.200567 -0.087484 1.115215 0.184992 -0.087484 1.125519 0.05416595 -0.100115 0.876895 0.167069 -0.087484 1.131434 0.100985 -0.188035 0.716044 0.09379696 -0.184453 0.716044 0.08895695 -0.178022 0.716044 0.2214609 -0.086483 1.066559 0.05157798 -0.09853595 0.761266 0.213122 -0.106431 1.100141 0.199608 -0.115558 1.112925 0.190743 -0.122682 1.112353 0.200902 -0.106431 1.114833 0.184513 -0.115558 1.12342 0.08382898 -0.121874 0.94177 0.08445197 -0.129229 0.930513 0.07582598 -0.131232 0.883001 0.07132196 -0.130654 0.834154 0.072663 -0.131155 0.766036 0.1401849 -0.121874 0.765082 0.139802 -0.131386 0.767181 0.14076 -0.129691 0.80954 0.09226298 -0.186417 0.716044 0.147038 -0.10982 0.849991 0.135824 -0.135314 0.764128 0.1378369 -0.133773 0.802862 0.159258 -0.07774096 0.541645 0.160107 -0.160094 1.064 0.16008 -0.166366 1.064 0.162631 -0.1722699 1.064 0.162739 -0.154067 1.064 0.16768 -0.1770589 1.064 0.167948 -0.149125 1.064 0.174822 -0.179832 1.064 0.175225 -0.14626 1.064 0.182878 -0.179791 1.064 0.183281 -0.1462399 1.064 0.190235 -0.176885 1.064 0.190477 -0.149033 1.064 0.195472 -0.171902 1.064 0.1955789 -0.153842 1.064 0.198103 -0.165906 1.064 0.19813 -0.159695 1.064 0.08857297 -0.175954 0.715992 0.08816999 -0.1742759 0.756025 0.08819699 -0.174808 0.715992 0.08953899 -0.175626 0.672509 0.095205 -0.1815609 0.633225 0.09176796 -0.174767 0.628277 0.100012 -0.1789619 0.541613 0.09630596 -0.172158 0.538764 0.101328 -0.175503 0.45 0.090909 -0.167308 0.633075 0.08835798 -0.1668879 0.715992 0.08841198 -0.166663 0.756025 0.09160697 -0.160268 0.715992 0.093728 -0.160227 0.633375 0.09934097 -0.15507 0.633825 0.098562 -0.157618 0.541913 0.1047649 -0.1578429 0.887972 0.09515196 -0.159316 0.821699 0.09163397 -0.1660799 0.822148 0.106295 -0.1833 0.541763 0.101489 -0.185899 0.633525 0.107611 -0.179832 0.45 0.09574198 -0.164699 0.541463 0.096978 -0.16123 0.45 0.09754097 -0.1688629 0.45 0.09737998 -0.155633 0.715992 0.09192895 -0.159889 0.756025 0.09818595 -0.186738 0.715992 0.104469 -0.18814 0.756025 0.09705799 -0.186206 0.756025 0.10028 -0.185643 0.821699 0.09447997 -0.180691 0.822148 0.104147 -0.179207 0.888721 0.100952 -0.17226 0.887672 0.116768 -0.170265 0.952895 0.117439 -0.16256 0.954695 0.139941 -0.160309 1.018868 0.143163 -0.153566 1.017369 0.105436 -0.18814 0.715992 0.1121219 -0.186544 0.736084 0.107638 -0.187577 0.820949 0.115103 -0.186124 0.820199 0.117117 -0.186124 0.886322 0.109007 -0.187086 0.633825 0.1138409 -0.184477 0.542063 0.115183 -0.180998 0.45 0.121118 -0.182277 0.542362 0.116311 -0.184886 0.634275 0.10361 -0.153791 0.731136 0.10455 -0.153863 0.715992 0.106644 -0.1528699 0.634275 0.104147 -0.152471 0.542212 0.09979701 -0.154139 0.45 0.09805196 -0.1553159 0.756025 0.100656 -0.1544049 0.738483 0.100012 -0.154569 0.734584 0.120769 -0.155807 0.953495 0.101328 -0.164596 0.888871 0.09131199 -0.173713 0.820949 0.09125798 -0.181264 0.756025 0.09219795 -0.1824 0.715992 0.109867 -0.18417 0.887672 0.120232 -0.177171 0.954395 0.13731 -0.168177 1.013321 0.128072 -0.173611 0.45 0.12246 -0.1787779 0.45 0.130892 -0.1665199 0.45 0.129576 -0.17004 0.543112 0.126757 -0.17713 0.542812 0.121923 -0.17974 0.634725 0.126569 -0.152256 0.45 0.129254 -0.1621609 0.536065 0.130355 -0.158897 0.45 0.105409 -0.148972 0.45 0.112713 -0.146762 0.45 0.111451 -0.1502709 0.542662 0.120258 -0.1479279 0.45 0.118996 -0.151448 0.542962 0.12528 -0.155786 0.543112 0.127562 -0.163256 0.571001 0.124743 -0.172649 0.635025 0.121655 -0.175115 0.715992 0.1183789 -0.181735 0.715992 0.121601 -0.17535 0.756025 0.118057 -0.182113 0.756025 0.1211709 -0.1815609 0.8196 0.124474 -0.184682 0.884973 0.132906 -0.184119 0.950946 0.125817 -0.1821539 0.952895 0.148051 -0.179934 1.016319 0.142653 -0.17493 1.018419 0.11419 -0.154057 0.634725 0.111827 -0.155265 0.715992 0.120446 -0.158396 0.634875 0.107477 -0.154027 0.731585 0.10984 -0.154538 0.734584 0.112928 -0.155786 0.756025 0.117815 -0.1596029 0.715992 0.118728 -0.160739 0.756025 0.121843 -0.1665509 0.708345 0.121843 -0.167717 0.756025 0.124689 -0.1747969 0.81915 0.130489 -0.180139 0.883623 0.140075 -0.182707 0.948697 0.154898 -0.1819289 1.01362 0.103691 -0.153832 0.741032 0.105543 -0.153863 0.756025 0.108685 -0.1533 0.820349 0.108497 -0.154211 0.739682 0.140908 -0.151837 0.947497 0.12536 -0.153812 0.883923 0.11811 -0.151847 0.885273 0.10122 -0.154763 0.821099 0.15573 -0.147683 1.011971 0.162578 -0.149678 1.009272 0.133819 -0.149872 0.949447 0.148829 -0.149074 1.01482 0.126622 -0.151284 0.951696 0.11078 -0.15329 0.886622 0.14021 -0.167942 1.019018 0.124071 -0.165077 0.638023 0.116043 -0.1552439 0.8196 0.168002 -0.154671 1.007173 0.146493 -0.1568199 0.945998 0.13108 -0.158774 0.882874 0.121843 -0.1601859 0.81915 0.1711429 -0.161649 1.006873 0.149769 -0.163767 0.945998 0.134302 -0.165732 0.883024 0.124958 -0.167164 0.81945 0.170687 -0.1693029 1.006723 0.149286 -0.171431 0.945698 0.133926 -0.173375 0.882724 0.161826 -0.1805379 1.010772 0.167465 -0.176025 1.008223 0.145929 -0.178184 0.946898</float_array>
          <technique_common>
            <accessor source="#f_1-06vxh12-a00_lk2_1-mesh-positions-array" count="2685" stride="3">
              <param name="X" type="float"/>
              <param name="Y" type="float"/>
              <param name="Z" type="float"/>
            </accessor>
          </technique_common>
        </source>
        <source id="f_1-06vxh12-a00_lk2_1-mesh-normals">
          <float_array id="f_1-06vxh12-a00_lk2_1-mesh-normals-array" count="23412">0 0 1 -7.88267e-5 0 1 3.02299e-5 0 1 1.16271e-5 0 1 -3.0642e-5 0 1 2.0501e-5 0 1 3.79105e-6 0 1 -1.85247e-5 0 1 1.93147e-5 0 1 -1.98685e-5 0 1 5.81996e-5 0 1 -0.8982177 -0.4393579 -0.01302778 -0.9843714 -0.1741312 0.02629148 -0.9940365 -0.1079583 -0.01537865 -0.8808561 -0.4722083 -0.03334569 -0.7286544 -0.6835123 -0.04328787 -0.9411473 -0.3336358 -0.05412125 -0.7679252 -0.6386281 -0.04944771 -0.9567096 -0.2880622 -0.04155588 -0.7373658 -0.6745378 -0.03592205 -0.9764105 -0.2092068 -0.05343306 -0.9949142 0.0915082 -0.04209554 -0.9994506 -0.02733069 -0.01874977 -0.9643766 0.2639745 -0.01718515 -0.9941475 0.09836745 -0.04465985 -0.8901104 0.4543188 -0.03602784 -0.9957596 0.08934414 -0.02192002 -0.9599493 0.2795402 0.01883089 -0.7849747 0.6194689 -0.008552789 -0.8565229 0.5153747 -0.02752649 -0.5502895 0.83494 -0.007539391 -0.8234799 0.5672909 -0.007871925 -0.7490919 0.6504638 0.1255319 -0.7586218 0.6487002 0.0606718 -0.9635543 0.2526753 0.0878539 -0.4382929 -0.8977396 -0.04430603 -0.3039308 -0.9521259 -0.03289985 -0.29713 -0.953957 -0.04098743 -0.9873349 0.1562087 -0.0277267 -0.973875 0.2270396 -0.004530251 -0.9758143 -0.2175378 -0.02153658 -0.4098343 0.9121409 -0.005911052 -0.7147904 0.6991766 0.01505696 -0.4038103 -0.9147343 -0.01409262 -0.09016817 -0.995895 0.007929503 -0.5167291 -0.8559678 0.01761066 -0.4584314 -0.8866277 0.06108933 -0.7990022 -0.5948274 0.0881803 -0.7882471 -0.5911918 0.1707596 -0.9634353 -0.1871173 0.19178 -0.943361 -0.1741348 0.2823957 -0.9317371 0.2460275 0.2670892 -0.9046623 0.2413449 0.3511962 -0.7272307 0.6319944 0.2678034 -0.7847384 0.5177263 0.3408008 -0.01618909 -0.9998382 -0.007843375 0.3860101 -0.9224935 -0.001473784 -0.02872002 -0.9993512 0.02173626 0.4121584 -0.9108683 -0.021079 -0.02825057 -0.9989622 0.03572791 0.1355602 -0.9906622 -0.01455187 -0.005295276 -0.9994332 -0.03325015 0.1465738 -0.9885714 -0.035254 0.4666132 -0.8843147 -0.01611799 0.5512975 -0.8342837 0.006473183 -0.1382892 0.990285 -0.01455223 0.05408763 0.9985232 -0.005109906 -0.1359543 0.9906185 0.01383882 -0.4673781 0.8839074 0.01629567 -0.7787911 0.6271437 0.01323843 -0.3525222 0.9357677 0.008197367 -0.2285521 0.9733424 0.01919978 -0.2959733 0.9551798 -0.005626022 -0.7335409 0.6514769 0.1936379 -0.9524536 0.2477897 0.1772915 -0.9767004 -0.1912783 0.09730964 -0.8354626 -0.5490199 0.0240733 -0.7275542 -0.6858924 -0.01471859 -0.450787 -0.8852741 0.114372 -0.7346904 -0.6289054 0.2543779 -0.8946005 -0.2454716 0.3734084 -0.927531 -0.06565064 0.3679352 -0.904886 0.1327607 0.4044205 0.7778531 -0.6283178 -0.01270377 0.4969128 -0.8674216 -0.02564054 0.973659 -0.2279511 0.005143642 0.9921241 -0.121324 0.03114748 0.8227162 -0.5683939 0.008155643 0.8563364 -0.5157461 0.0263468 0.7339079 0.6783191 0.03553175 0.9424791 0.3321306 0.03771507 0.9771873 0.2113416 0.02096825 -0.495799 0.8680435 0.02615541 -0.1454749 0.9887256 0.03548192 0.005383312 0.9994311 0.03329491 0.2966964 0.954102 0.04075026 0.4384751 0.8976513 0.0442903 0.7859296 0.6162089 0.05100393 0.9681702 0.2438881 0.05626064 0.9953041 -0.08756881 0.0412507 0.965718 -0.2589309 0.01853811 0.7823681 -0.6227539 0.008823215 0.9595125 -0.2810668 -0.01836502 0.7387052 -0.6738278 -0.0164569 0.7582951 -0.6490767 -0.06072992 0.3996403 -0.9153172 -0.04981899 -0.02596229 -0.9986732 0.04447126 -0.4392245 -0.8835074 0.1627779 -0.3829766 -0.9048873 0.1857629 -0.7422778 -0.5869893 0.3232141 -0.5388457 -0.7961695 0.2752446 -0.7616585 -0.5353478 0.3650742 0.3043943 0.951996 0.03236991 0.4216828 0.9066891 0.009922087 0.7190162 0.6936078 0.04386419 0.1600479 0.9869131 -0.01968181 0.2746568 0.9614905 -0.009985208 0.470138 0.8825653 -0.006989598 0.7280535 0.6854014 0.01276654 0.8333649 0.5523195 -0.02112513 0.969044 0.2461261 0.01938039 0.988696 0.1473003 -0.02797919 0.9631893 -0.2539939 -0.0880537 0.7489241 -0.6506295 -0.1256746 0.3918752 -0.9163075 -0.08254933 0.01425892 -0.9994764 0.02904593 -0.1957027 -0.9725884 0.1255878 -0.06641286 0.9977396 0.01024949 0.03578436 0.9993516 0.003986179 0.03066176 0.9992871 -0.02202552 0.2063685 0.9784162 0.01066547 0.4389231 0.8836426 -0.1628569 0.4513622 0.8849847 -0.114343 0.02820116 0.9989637 -0.03572642 -0.4047611 0.9141674 0.02160096 -0.184682 0.9813721 0.05292898 0.1948467 0.9731095 -0.1228525 -0.01587885 0.9993724 -0.03166455 0.3800175 0.905416 -0.189232 0.02601724 0.9986739 -0.04442775 -0.5300707 0.8199504 0.2161173 -0.4095997 0.9028579 0.1306743 -0.3919268 0.9162849 0.08255499 -0.3999374 0.915186 0.04984688 -0.8844663 -0.2348751 0.4031789 -0.6950203 -0.6529046 0.3011022 -0.7688647 -0.5400995 0.3422567 -0.8844345 -0.2350403 0.4031522 0.942364 0.3308653 0.04978221 0.4584335 0.8866366 -0.06094586 0.5351582 0.7978755 -0.2774895 0.7274478 0.6026135 -0.3281414 0.7627694 0.597005 -0.2485318 0.781249 0.6007292 -0.1696303 0.7960362 0.5987656 -0.08835327 0.7563039 0.5361856 -0.3748461 0.8705675 0.254387 -0.4211884 0.9057657 0.1875298 -0.3800278 0.9401498 0.18477 -0.286319 0.9633759 0.1857334 -0.1934168 0.9769475 0.1893393 -0.09861177 0.896804 -0.1422227 -0.4189454 0.8994774 -0.2463128 -0.3609302 0.92776 -0.2620168 -0.2657229 0.9501336 -0.2569469 -0.1767041 0.1838889 -0.9816932 -0.04963207 0.408541 -0.9027296 -0.1348091 0.5296095 -0.8197239 -0.2180973 0.7248394 -0.6318673 -0.2745025 0.7808282 -0.5182572 -0.3488797 0.7334272 -0.6516496 -0.1934876 -2.30114e-6 0 -1 0 0 -1 1.82515e-6 0 -1 1.01282e-6 0 -1 1.81979e-6 0 -1 -1.82123e-6 0 -1 6.29539e-7 0 -1 9.24249e-6 0 -1 0.2426139 -0.7077395 0.6635083 0.1457467 -0.5553376 0.818754 0.02686142 -0.6938621 0.7196067 0.02673858 -0.6938665 0.7196071 0.03564852 -0.4531545 0.8907189 -0.1166327 -0.5527207 0.8251647 -0.1942525 -0.7111338 0.6756883 -0.2640215 -0.9620693 -0.06866961 -0.3238893 -0.9460664 -0.007360816 -0.091641 -0.9929232 -0.07553559 0.0158571 -0.9998744 0 -0.8932056 -0.03588956 0.4482141 -0.9519985 -0.1748031 0.2512826 -0.8932054 -0.03588992 0.4482145 -0.8276956 -0.1058461 0.5511049 -0.9136449 -0.02321088 0.4058503 -0.5658593 -0.04949682 0.8230149 0.4907352 0.2221414 -0.8425154 -0.7947796 0.05880826 -0.6040423 -0.9611267 -0.01348769 -0.2757783 -0.9878869 0.1546567 0.01267671 0.9285904 0.09780955 0.3579851 0.8766041 0.4095895 0.2525899 -0.1482241 0.03279352 -0.98841 0.1200449 -0.02290201 -0.9925044 -0.4219286 0.006753146 -0.9066039 0.2598839 0.9359115 -0.2377602 0.1315738 0.9843581 -0.1171649 0.4485829 -0.1146336 -0.8863592 0.1889584 0.01274096 -0.9819025 0.4485707 -0.1146592 -0.886362 0.424315 -0.449971 -0.7858008 0.6225442 -0.3858218 -0.6808674 0.3450363 -0.2593005 -0.9020606 0.7012903 0.03295284 0.7121138 0.5051138 -0.01915627 0.8628402 0.8639082 0.007806301 0.5035889 0.2404162 0.8991398 -0.3657152 -0.9736734 -0.06171983 0.2194329 -0.8984465 -0.0239697 0.4384285 -0.9989781 -0.02631705 -0.0367456 0.7393572 -0.2039545 -0.6416803 0.8469428 -0.06343352 -0.5278866 0.4487074 -0.1147325 -0.8862835 0.8357903 -0.02292877 -0.54857 0.835792 -0.02293282 -0.5485673 0.900166 0.07048779 -0.4298052 0.2067133 -0.8557063 -0.4743801 0.3136088 -0.9093323 -0.2734307 0.1146843 -0.8810795 -0.4588534 -0.03057616 0.9990109 0.03228616 -0.5515431 0.02544033 -0.8337584 -0.3308254 0.008139073 -0.943657 -0.7267805 -0.02850449 -0.6862781 0.4944854 0.009455144 0.8691346 0.1516341 0.07891154 0.9852818 0.794344 0.001702249 0.607466 0.2499244 -0.07152491 0.9656201 0.5049818 -0.01908445 0.862919 -0.02773123 -0.04218965 0.9987248 -0.6821242 0.7104786 0.1729935 -0.7716178 0.6326872 0.06567406 -0.7716177 0.6326871 0.06567406 0.4490022 -0.291736 0.8445633 -0.8640325 0.01657181 0.5031632 -0.9613131 -0.1626119 0.2223389 -0.8640291 0.01656085 0.5031694 0.6791712 0.007441878 -0.7339422 0.4243487 -0.4499173 -0.7858134 0.7843379 -0.4297436 -0.4473637 -0.05447602 -0.02708828 -0.9981477 -0.1022111 -0.003431558 -0.9947569 -0.3273324 -0.001254737 -0.9449084 -0.5305205 -0.397849 0.748508 -0.2219265 -0.4155253 0.8820927 -0.1411234 -0.5204449 0.8421528 -0.02563548 -0.1027232 0.9943796 0.9441154 0.2395035 0.22646 0.6998531 -0.478763 -0.5300864 0.6104391 -0.7836602 0.1150692 0.6674718 -0.3432941 -0.6607804 0.8395271 -0.0557776 -0.5404471 0.7231265 -0.1433848 -0.6756692 0.9611845 0.2756474 -0.01195448 -0.3306601 0.008229315 -0.9437141 -0.3306608 0.008231163 -0.9437139 -0.1265231 0.1252725 -0.9840218 -0.7673376 -0.1110298 0.6315581 -0.5151109 -0.04344975 0.8560215 -0.9404392 -0.06098437 0.3344476 0.1314318 0.9843921 -0.1170378 -0.001353025 0.9999712 0.007474601 -0.08595097 0.9588211 0.2706929 -0.3618679 -0.05292481 0.9307259 -0.5149914 -0.04354959 0.8560885 -0.1145092 -0.1166754 0.9865468 0.538036 -0.08405429 -0.8387206 0.8357114 -0.02302843 -0.5486859 0.4729136 -0.01845794 -0.8809155 -0.05009335 -0.9932568 0.1045545 -0.2589524 -0.9628517 0.07655358 0.1029124 -0.9944555 0.02162003 -0.7577798 0.652495 -0.004511117 -0.8959161 0.423991 -0.1325371 -0.7577797 0.6524949 -0.004511117 0.08745944 0.9958091 0.02674245 0.4154596 0.9050773 0.09071165 -0.2631529 0.9642235 -0.03199315 -0.1271392 -0.9869244 -0.09907603 0.1462987 -0.9733076 0.1768305 -0.9811094 0.136785 -0.1367995 -0.8825146 0.452735 -0.1272752 0.5384934 -0.6609181 -0.522697 0.5387761 -0.6607736 -0.5225884 0.2558804 -0.6533256 -0.7125243 0.1992258 -0.3400669 -0.9190558 0.3225748 -0.6799862 -0.658456 -0.7253102 -0.1187451 0.6781039 -0.2622408 -0.0654723 0.962779 -0.2933357 -0.1796306 0.938982 -0.1279695 -0.9767885 -0.1717787 -0.4233499 -0.8241104 -0.3763203 -0.4063756 -0.9114128 -0.06469756 0.08208805 -0.9960361 -0.03426086 0.03148186 -0.99917 0.02585256 0.08208811 -0.9960361 -0.03426086 -0.1996885 -0.8867306 -0.4169334 -0.05266535 -0.9521095 -0.3011878 -0.07303935 -0.9939559 -0.08195638 -0.2099394 -0.1093419 -0.9715812 -0.06085497 -0.03761172 -0.9974378 -0.5453014 -0.07316452 -0.835041 -0.06529897 -0.975479 -0.2101827 -0.03170871 -0.8032699 -0.5947706 -0.002189636 -0.9935966 -0.1129654 -0.1144961 -0.1166792 0.9865479 -0.04899913 -0.06621426 0.9966017 -0.1145034 -0.116671 0.986548 -0.01410138 -0.03696334 -0.9992172 -0.01411145 -0.03694289 -0.9992178 0.3104183 0.1489789 -0.9388535 -0.9977998 -0.05941838 0.02941393 -0.9660209 0.09081304 0.2419847 -0.9977998 -0.05941921 0.02941364 -9.71841e-4 -0.9999533 0.009617626 1.56107e-4 -0.9997753 0.02120262 -6.45275e-4 -0.9999716 0.007526159 -0.02302712 -0.935617 -0.3522653 0.06509703 -0.849097 -0.5242106 -0.2354667 -0.7809992 -0.5784426 -0.1305375 0.3802468 0.9156268 -0.2664113 0.6418124 0.719098 -0.2664114 0.6418124 0.719098 0.9980267 -0.05893379 -0.0216667 0.9647286 0.0202943 -0.2624631 0.9797112 -0.06095534 0.1909205 0.9949359 -0.03443729 -0.09442871 0.8928155 0.02683418 0.4496226 0.2632594 -0.05506616 0.9631522 0.4757074 -0.00402373 0.8795945 0.001241803 -0.0276665 0.9996165 0.004473268 0.9778616 -0.209205 0.004472196 0.9778716 -0.2091581 0.004473209 0.9778617 -0.209205 0.7144269 0.0532934 0.6976776 0.4758661 -0.004081547 0.8795082 0.8927379 0.02676033 0.4497811 0.1320546 0.9616285 -0.2404835 -0.9940815 -0.02783846 -0.1050098 -0.994082 -0.02783364 -0.1050064 -0.9306874 0.1587888 -0.3295559 0 -1 -4.54093e-5 0.5732311 -0.6548188 -0.4925633 0.7595333 -0.6311314 -0.1574245 -0.1298955 -0.9561612 0.2624555 -0.3696004 -0.9068927 0.2023395 0.257309 -0.9417515 0.2165554 -0.9745066 -0.03292298 -0.2219303 -0.9981682 0.05158406 0.03161323 -0.8849764 0.006438612 -0.4655915 0.2700187 0.1252646 -0.954672 0.5131037 0.0357595 -0.8575813 0.02723884 0.07657241 -0.996692 -0.2922005 -0.00365889 0.9563502 -0.5191307 -0.05320072 0.8530375 0.001064479 -0.02777421 0.9996137 -0.9905819 -0.1029852 0.09023189 -0.9476869 -0.3038027 0.09794664 -0.9297598 -0.1862468 0.3175832 -0.1386588 -0.9728049 0.1855379 -0.3696733 -0.9068481 0.2024063 -0.2426947 -0.8877121 0.391237 0.913663 -0.3192394 -0.2516071 0.9949185 -0.03453195 -0.09457623 0.9139595 -0.2133671 -0.3451849 -0.5985233 0.008690476 0.8010583 -0.1717032 -0.01826244 0.9849795 -0.7606344 0.04859876 0.6473588 -0.6819961 0.71057 0.1731234 -0.5751735 0.770061 0.2760102 -0.9718994 -0.1126016 -0.2067185 -0.8917887 -0.06682366 -0.4474902 -0.994111 -0.09237372 0.05666106 -0.8340914 -0.2327355 -0.5001256 -0.6992523 -0.5229203 -0.4874432 -0.9001551 -0.09523797 -0.4250302 0.00216794 -0.9999772 0.006406366 0.2986651 -0.9495258 0.0959171 -0.2936077 -0.9507449 -0.0993911 -0.9978319 -0.06332457 0.01793563 -0.962773 0.006958186 0.2702219 0.1996166 0.4482815 -0.8713192 0.06632065 0.04132819 -0.9969422 0.066316 0.0413329 -0.9969422 0.2880323 0.2814126 -0.9153384 0.3618472 -0.01488131 -0.9321187 0.06255042 -0.2246895 -0.9724208 0.4241977 -0.4499073 -0.7859007 -0.9200265 0.3785802 -0.1011354 -0.9331947 -0.1033611 -0.3441863 -0.9939807 0.1071587 -0.02279496 -0.02294623 -0.9356214 -0.3522586 0.3228129 -0.7277554 -0.6051148 0.13147 -0.6828829 -0.7186005 -0.5662683 -0.8015524 0.1919742 -0.1394525 -0.9890648 -0.04799807 -0.3028362 -0.8846195 -0.3545965 -0.2400562 -0.1667138 -0.9563366 0.06618219 0.04120445 -0.9969565 -0.1631217 -0.2036846 -0.9653517 0.5301352 0.1150152 -0.8400763 0.6664135 0.0303204 -0.7449656 0.405393 0.02978819 -0.9136571 0.09362608 -0.9917275 0.08781188 0.4481436 -0.7674322 0.4584924 0.5452526 0.8080495 0.2230598 0.9875175 -0.1363115 0.07892018 0.9982729 -0.04919445 -0.03211325 0.9875188 -0.1362937 0.07893377 0.9701513 -0.07264363 0.231364 0.9999221 -3.25039e-4 -0.01248311 0.8837696 -0.01636791 0.4676359 0.01118934 -0.0702579 -0.9974661 -0.08438074 -0.1149865 -0.9897769 -0.1806326 0.9835506 0 0.1379029 -0.8653128 -0.4818885 0.04189258 -0.9924094 -0.1156227 -0.1018269 -0.9810722 -0.1647078 -0.4809249 0.8145638 -0.3243409 -0.2706244 0.9503848 -0.1533995 -0.1262297 0.9803336 -0.1516979 -0.1457769 0.8259931 -0.5445039 -0.1261405 0.9803355 -0.151759 -0.03521633 0.9615899 -0.2722221 -0.1637455 0.8428259 0.5126714 -0.08599823 0.9587625 0.2708852 -0.2655619 0.1380668 0.9541563 -0.5051232 0.07229077 0.8600143 -0.01477909 0.05226981 0.9985236 -0.9842406 -0.002201139 0.1768209 -0.9947554 -0.07561999 0.06887167 -0.9911465 0.01107054 0.1323107 0.1556595 -0.9741924 -0.1634608 -0.1783765 -0.9828195 0.04741066 9.77602e-4 -0.9997422 0.02268457 -0.4207488 -0.9050893 0.06151247 -0.5357278 -0.8396762 0.08910554 -0.6600649 -0.7320168 0.1687182 -0.9940897 -0.07670098 0.07682812 -0.8351395 -0.3974299 0.3802522 -0.9494243 -0.3132053 -0.02227383 0.6272426 -0.7243129 -0.2862476 0.6196858 -0.6150326 -0.4875699 0.8311152 -0.542107 -0.1239662 -0.2406494 0.9493857 -0.2018783 -0.7092301 -0.7045427 0.02474433 -0.7017792 -0.7053464 0.09996223 -0.7007626 -0.7025225 -0.1240721 -0.9909419 0.001274764 -0.1342856 -0.8900728 -0.06647706 -0.4509451 -0.9783182 -0.06346589 0.1971437 0.2917886 -0.9382039 0.1860988 0.1672598 -0.9827332 0.07911795 0.6459828 -0.7429047 0.1754965 0.1587923 -0.9826762 -0.0955646 0.6131971 -0.7273052 -0.3082475 0.6513256 -0.666845 -0.3620673 -0.2285212 -0.9328268 -0.2785902 -0.4575464 -0.7630418 -0.4565287 -0.1355365 -0.967233 -0.2146867 0.130843 -0.8720341 -0.471632 0.3691568 -0.6791334 -0.6344298 0.215567 -0.74626 -0.6297833 0.5044036 0.7751311 0.380459 0.6627388 0.6200768 0.4198596 0.4238438 0.8522204 0.3067194 0.8709931 0.01239687 0.491139 0.7124749 -0.1403185 0.6875247 0.8709942 0.01239287 0.4911369 0.43321 -0.8609697 0.2665717 0.6938991 -0.6236556 0.3599414 0.3983765 -0.7196171 0.5687245 0.2388407 0.6463536 -0.7246946 0.13835 0.6948343 -0.7057369 0.2534873 0.8786878 -0.4045392 0.9633143 0.2165083 -0.1585865 0.9394739 0.3413577 -0.02939003 0.783167 0.5974805 -0.1722397 0.802083 -0.337677 0.4925822 0.8590388 -0.2730786 0.4329903 0.6789566 -0.5902265 0.4366356 -0.2343247 -0.2120865 -0.948742 -0.4384201 -0.008037328 -0.8987343 -0.1538793 -0.2538154 -0.9549341 -0.7159601 -0.1028741 -0.6905201 -0.8900105 -0.0664308 -0.4510746 -0.4784815 -0.01267904 -0.8780061 -0.418607 -0.582242 0.6969667 -0.1524279 -0.9673874 0.2023047 -0.04071545 -0.9978831 0.05071151 -0.1508563 -0.986262 0.06730324 -0.9783076 -0.06337165 0.1972268 -0.8572846 0.1272261 0.4988757 -0.978303 -0.06339621 0.1972415 0.393999 -0.03056675 0.9186025 0.6889824 -0.07551574 0.7208333 -0.0149163 0.9512618 -0.3080237 -0.06121754 -0.6655348 -0.7438521 0.01796233 -0.7710114 -0.6365681 0.05113965 -0.7092847 -0.7030647 -0.1167 -0.276188 -0.9539924 0.09547132 -0.006395757 -0.9954117 -0.26427 -0.003955066 -0.9644407 -0.1158046 0.9403384 -0.3199268 -0.08010983 0.7870244 -0.6116985 -0.1188398 0.4473212 -0.8864429 -0.1973127 0.6089591 -0.7682686 -0.8917282 -0.06674104 -0.447623 -0.8917252 -0.06674808 -0.4476281 -0.7069492 0.1375085 -0.6937682 -0.1238469 -0.9841876 -0.1266366 -0.4705637 -0.7434279 -0.4752736 -0.7705615 -0.5435966 -0.3327728 0.5700606 -0.7938532 0.2117267 0.7327387 -0.6804102 0.01165699 0.3677532 -0.92986 -0.01087057 -0.7222477 0.6517851 0.2313752 -0.6490184 0.6992132 0.2997936 -0.4723352 0.880912 0.02989435 -0.3569162 0.9338521 0.02304959 -0.3070507 0.9485639 0.07711338 -0.5581645 0.8047667 0.201998 0.977406 -0.1836961 -0.1045631 -0.9045786 0.1858847 0.3836462 0.10515 -0.1510269 -0.9829214 0.04381346 -0.3647236 -0.9300844 0.07075929 0.05488562 -0.9959824 0.700209 -0.1073481 -0.7058213 0.8360194 -0.00141257 -0.5486982 0.4899632 -0.003699123 -0.8717353 0 1 0 0.7013524 -0.6411345 -0.3115308 0.6327415 -0.6517139 -0.4182193 0.5748433 -0.7698743 -0.2772162 0.7809662 -0.6226298 -0.04923349 0.9112083 -0.4107581 0.03125911 0.5297136 -0.8391808 -0.1232041 0.5748414 -0.7699047 -0.2771358 0.4267374 -0.8898363 -0.1615135 0.6954965 -0.7121365 -0.09563672 0.8282946 0.450915 0.3325715 0.9161378 0.04674512 0.3981288 0.683544 0.3266081 0.6527594 0.6046621 -0.3166429 -0.7308359 0.8262765 -0.0465039 -0.5613418 0.4706031 -0.04258501 -0.8813169 0.826349 -0.04643678 -0.5612408 0.8263469 -0.0464316 -0.5612442 0.8875777 -0.2300622 -0.3990956 0.1910458 0.9260178 0.325565 0.580739 0.6546719 0.4838874 0.2250624 0.7361511 0.6383012 0.4322514 -0.8996596 -0.06141132 0.3948736 -0.8604034 0.3221507 0.7286335 -0.6180489 0.2951421 -0.9940984 -0.07668703 0.07673037 -0.9945431 -0.09399992 0.04525548 -0.9502886 -0.05843317 0.3058385 -0.9862946 -0.164968 -0.002939105 0.007851064 0.5905923 0.806932 0.3228558 0.7708109 0.5491948 0.3046362 0.3819209 0.8725442 0.09268873 0.9495728 -0.299534 0.8013381 0.2557926 0.5407657 0.979712 0.1869572 0.07219034 0.8558658 0.4880055 0.1713017 0.9768592 0.1362617 0.1648601 0.3229201 0.7708288 0.5491317 -0.2607511 0.7095131 0.6546755 -0.2863008 0.8979859 0.3341456 -0.02669602 0.968333 0.2482311 0.7876212 -0.01016759 -0.616076 0.7674017 -0.1947082 -0.6108875 0.8840832 -0.2309944 -0.4062494 0.007791459 -0.9999616 0.004021346 0.3328506 -0.9428694 -0.01441651 0.3328506 -0.9428694 -0.01441717 0.3328506 -0.9428694 -0.01441693 0.06072103 -0.9925853 0.1052973 -0.08011698 -0.9329091 0.3510869 0.2436489 -0.8679283 0.4328229 0.6728944 0.03046655 0.739111 0.4779391 0.002072274 0.8783906 0.856735 -0.01320087 0.515588 -0.3480731 0.928722 -0.1277526 -0.2034445 0.9692177 -0.1386631 -0.06815963 0.9973397 -0.02584171 0.3841249 -0.8145819 -0.4346314 0.7078755 -0.6280837 -0.3231458 0.4604843 -0.653276 -0.6009865 0.8157089 -0.4259871 -0.391349 0.5911731 -0.6428568 -0.4870828 0.8173146 -0.4869762 -0.3079792 0.1786987 0.9751901 0.1306568 0.4712223 0.8736206 0.1213948 0.6826961 0.6138944 0.3963078 0.6194073 0.6403455 0.4541943 0.540969 0.7810041 0.3120662 0.3095496 0.8752216 0.3717072 0.8267877 -0.02607256 0.5619097 0.8267843 -0.02608507 0.561914 0.6237649 0.09520924 0.7757916 -0.9844722 -0.06410545 0.1634165 -0.8764367 -0.2234087 0.4265528 -0.7873762 -0.1085402 0.6068426 -0.2396317 0.00694698 0.9708391 -0.1887914 -0.1190195 0.974778 0.7086905 -0.1498709 0.6894176 0.4244729 -0.4274804 0.7981751 0.1927995 -0.2003095 0.9605751 0.1324861 0.9783937 0.1587238 0.2397412 0.9499066 0.2005037 0.5030791 0.7939193 0.3414727 -0.005903899 -0.03653919 0.9993149 3.20027e-7 0 1 -0.0361756 -0.030478 0.9988806 0.8912165 -0.2832812 -0.3542389 0.9479909 -0.2293699 -0.2206873 0.79607 -0.4290279 -0.426858 0.9504869 0.03742986 0.3085026 0.8268774 -0.02616685 0.5617732 0.9997209 0.002428352 0.02350121 -0.5128499 -0.06066519 0.8563322 0.005708336 -0.0353142 -0.99936 0.01141846 -0.07065993 -0.9974352 0.002851903 -0.01765531 -0.9998401 -0.9793245 -0.1194666 -0.1632521 -0.9337726 -0.2814368 -0.2210481 -0.9987757 -0.04899013 0.006879031 -0.9974784 0.07020336 0.01040345 -0.9920752 -0.1256153 0.002760648 0.7169973 -0.05519634 -0.6948872 0.544078 -0.006103813 -0.8390125 0.8778357 -0.0408349 -0.4772181 -0.5835515 -0.06819099 0.809208 -0.5633616 -0.01601409 0.8260553 -0.3807722 -0.08086115 0.9211265 -0.771143 -0.05542016 0.6342453 -0.6080755 -0.03453665 0.7931275 -0.9192544 -0.005118191 0.3936309 -0.9948673 0.1010228 -0.005787134 -0.9937538 -0.109678 -0.02059561 -0.997067 -0.07561367 -0.01183253 -0.02625823 -0.5711769 0.8204069 0.1886662 -0.8161005 0.5462465 0.1926416 -0.200289 0.9606111 -0.02570629 -0.5061867 0.8620408 -0.2862223 -0.4817255 0.8282617 0.9761981 0.2168437 -0.004021286 0.9987852 -0.04880809 -0.006782472 0.8945791 0.4469076 -0.001411914 -0.02707016 -0.6272401 0.7783554 0.18573 -0.8987519 0.3971768 -0.0420646 -0.8768424 0.4789342 -0.9892204 0.02468121 0.1443395 -0.9977002 -0.004179179 -0.06765305 -0.9193089 -0.005200743 0.3935025 0.4662939 0.8307958 -0.3038884 0.1079633 0.9788983 -0.1734993 0.2136924 0.9721319 -0.09641218 0.1582475 0.8987683 -0.4088686 -0.9639741 -0.00718981 -0.265899 -0.9639733 -0.007193446 -0.2659021 -0.9846231 -0.1731753 -0.0229758 0.7882927 5.0847e-6 -0.6153006 0.7258912 0.04785841 -0.6861426 0.8744128 0.1860944 -0.4480749 -0.8639751 -0.04767596 -0.5012725 -0.9639298 -0.007103085 -0.266062 -0.7134944 0.02264791 -0.7002948 0.4068846 0.3920642 -0.825064 0.4075791 0.3723112 -0.8338248 0.03075724 -0.997534 0.06308764 -0.5804412 0.8096783 -0.08665525 -0.2632868 0.9641855 -0.03203791 -0.2939236 0.9410452 -0.1674601 -0.9865464 0.06270396 0.1509788 -0.4246969 -0.6805647 -0.5970463 -0.4247725 -0.6804608 -0.5971109 -0.4246969 -0.6805648 -0.5970463 -0.04207062 -0.8768249 0.478966 0.2916478 -0.8960059 0.3348358 0.1454765 -0.9893559 0.00342077 0.6666171 0.008438944 0.7453526 0.3780117 -0.03905862 0.9249765 0.8235247 0.006883144 0.5672388 0.5069442 -0.7082753 -0.4912778 0.5528187 -0.7144015 -0.4289779 0.3998563 -0.6947893 -0.5978151 0.994356 0.1059422 0.00569719 0.9947783 -0.09999477 0.02042841 0.9977762 -0.06562644 0.01166081 -0.7656512 -0.08240658 0.6379556 -0.3807707 -0.08090752 0.921123 -0.2756141 -0.1140351 0.9544804 -0.9024507 0.4202436 -0.0947532 -0.7893042 0.5920721 0.1626335 -0.4671375 0.8841741 -0.004326343 -0.8769479 -0.04224812 0.4787248 -0.8769457 -0.04223734 0.47873 -0.9802319 0.1261891 0.1523872 0.6085727 0.5345582 -0.5864186 0.5697992 0.5035633 -0.6494252 0.8233881 0.2374334 -0.5154196 0.1374986 -0.7168402 -0.6835454 0.2980437 -0.6171273 -0.7282333 0.1151452 -0.8810682 -0.4587597 0.4366187 0.8967258 -0.07243591 0.6750063 0.6677429 -0.313825 0.6724361 0.7391343 0.03886288 0.7504445 -0.08194917 -0.6558336 0.8901556 -0.2010164 -0.40892 0.391064 -0.2061055 -0.8969892 0.4069179 0.3921459 -0.8250089 -0.1504731 0.2866703 -0.9461385 0.1586619 -0.05074906 -0.986028 0.0102387 0.3112006 -0.9502892 0.7378467 -0.009362757 0.6749035 0.8651437 0.08942162 0.4934877 0.3988664 -0.2446842 -0.883762 0.2038189 -0.1375215 -0.9693017 -0.06661868 -0.1771864 -0.9819201 -0.5783393 -0.556302 0.5967009 -0.5674885 -0.6934731 0.4439055 -0.39393 -0.713645 0.5792496 0.1078938 0.9788988 -0.1735401 0.1230353 0.9447121 -0.303943 0.1662787 0.7993148 -0.5774489 -0.6936163 0.1811535 0.6971942 -0.7497118 -0.1815616 0.6363708 -0.5603364 4.9863e-6 0.8282652 -0.9793398 -0.1193593 -0.1632391 -0.9588674 -0.1502859 -0.2408059 -0.9945375 0.0111103 -0.1037874 -0.6640323 0.7388553 -0.114691 -0.1768913 0.9842283 -0.002049803 -0.4884102 0.8535827 -0.1812511 0.8457868 -0.2359398 -0.4785158 0.6022803 -0.5996959 -0.5268998 0.4883447 -0.3909564 -0.7801747 -0.1903392 0.2996281 -0.9348766 -0.265124 0.3263772 -0.9072967 -0.1386411 0.5766177 -0.805165 -0.1503101 0.6735293 0.7237162 0.01781439 0.4548216 0.8904044 -0.1503101 0.6735293 0.7237162 -0.1414756 0.4202119 -0.8963295 -0.1883531 0.4523105 -0.8717445 -0.1904098 0.2996371 -0.9348593 -0.007726013 -0.9785664 -0.2057869 -0.02445584 -0.9996966 0.002937972 -0.05168622 -0.9984775 0.01926946 -0.03497761 0.04273849 0.9984739 -0.251511 -0.1061069 0.9620206 -0.03498035 0.04273653 0.9984738 -0.1488487 -0.9786447 0.1417694 -0.1000798 -0.9798657 -0.1727641 -0.4889797 -0.8668122 0.09765022 -0.398717 -0.9167286 0.02516901 -0.4316439 -0.7552467 -0.4932402 -0.5644155 -0.7880537 -0.2457777 0.2285072 0.7929453 -0.5648205 0.4186921 0.7122287 -0.5634069 0.4209756 0.4078377 -0.8102148 -0.9714927 -0.08860683 -0.2198883 -0.9203922 -0.3907314 0.01440131 -0.736486 -0.210168 -0.6429758 -0.8571066 0.1169391 -0.5016908 -0.9343962 0.07328742 -0.3486157 -0.7957882 -0.05901646 -0.6026926 -0.6092503 -0.7578132 -0.2335238 -0.6370851 -0.7569938 -0.1451998 -0.3434194 -0.8258654 -0.4472243 -0.7223402 -0.5912891 -0.358611 -0.9363126 -0.3426995 -0.07665485 -0.4987118 -0.8624418 -0.08649146 -0.03226709 0.998614 -0.04157966 -0.08307296 0.9912471 -0.1026067 -0.2989856 0.4311839 -0.8512861 -0.2652984 0.3263735 -0.907247 -0.5444004 0.2689784 -0.7945307 -0.1406934 0.988646 -0.05276685 -0.4047618 0.8480301 -0.3420715 -0.1843034 0.976557 -0.1112156 -0.1530686 -0.8580002 -0.4903119 -0.1531447 -0.8579028 -0.4904584 -0.1531446 -0.8579028 -0.4904584 0.6611654 0.7409539 -0.1176763 0.6216297 0.7693526 -0.1472184 0.901391 0.4292575 -0.0568549 -0.605084 -0.2301384 0.7621744 -0.0898292 -0.8858777 0.4551392 -0.1347821 -0.7233423 0.6772074 -0.3318688 -0.7699319 0.5450395 -0.5068695 -0.8246506 -0.2510676 -0.5117102 -0.8033765 -0.3045308 -0.7119641 -0.6788651 -0.1795813 0.4435874 0.8908419 -0.09813785 0.3889215 0.9155147 -0.1028252 0.6399262 0.7658256 -0.06328994 -0.4611139 -0.6656684 -0.5867363 -0.6101883 -0.3565795 -0.7074753 -0.7288044 -0.4380086 -0.5263009 0.6616742 0.5972405 -0.4533112 0.7418041 0.6683315 -0.05531364 0.4390655 0.890573 -0.1187487 0.8164334 -0.2945057 0.496692 -0.9983711 0.02969837 0.04871624 -0.9857706 -0.1089275 -0.1280286 -0.9815246 0.1750378 0.0772733 0.9977138 -0.005772709 -0.06733357 0.9279103 0.1691161 -0.3322384 0.9977125 -0.00579977 -0.06735074 -0.7663554 0.4057228 -0.4980847 -0.7516439 0.3499293 -0.5590895 -0.9069576 0.2779701 -0.3164815 -0.03482824 0.04286849 0.9984735 -0.07864439 0.2734785 0.9586578 0.1841925 0.18882 0.964583 0.7680597 -0.1899575 0.6115558 -0.3090537 0.234222 -0.9217516 -0.5444411 0.2690144 -0.7944906 -0.46206 0.6079767 -0.6456508 -0.3462391 0.8046289 -0.4823805 -0.5634701 0.3222445 -0.7606972 -0.5956432 0.6378995 -0.4881532 0.003874838 0.9999392 -0.01032531 -0.1405548 0.9886692 -0.05270463 0.02357465 0.9997221 3.97572e-4 0.2855697 0.8459781 0.4503012 -0.2960622 -0.5542991 -0.7778817 -0.1535315 -0.7213194 -0.6753714 -0.3685745 -0.6948953 -0.6174733 -0.2593085 -0.8996493 -0.3512696 -0.3448094 -0.8292143 -0.4398978 -0.5068528 -0.8246423 -0.2511284 0.002700388 -0.9999089 -0.01322913 -0.02444308 -0.999697 0.002929925 -0.9187355 5.02521e-6 -0.3948735 -0.9343829 0.07330733 -0.3486471 -0.8268427 0.09678232 -0.5540438 0.05209547 -0.8476725 -0.5279558 -0.008530676 -0.7368219 -0.6760331 0.2053448 -0.7281644 -0.653919 -0.2685192 -0.9629683 -0.02428281 -0.5068226 -0.8246913 -0.2510282 -0.6779199 -0.7339899 0.04103165 -0.5017235 0.8649519 -0.01148444 -0.8234484 0.5632047 -0.06880038 -0.7670443 0.628944 0.1267784 0.04020857 -0.507166 -0.8609099 0.04020857 -0.507166 -0.8609099 0.04019534 -0.5070015 -0.8610075 -0.8461617 -0.5303707 0.05212813 -0.5011318 -0.6615393 0.5578824 -0.8134177 -0.08582508 0.5753136 0.3130402 0.9140948 -0.2577533 0.3889107 0.915512 -0.1028904 0.1734034 0.9815779 -0.08022522 -0.9323371 -0.08393085 0.3517146 -0.970938 -0.2392401 0.006608486 -0.943112 -0.3301768 0.03902631 1.85877e-4 0.9999254 0.01221674 -0.0280199 0.9995098 -0.01397466 -8.74269e-4 0.9999728 0.007325589 -0.7248836 -0.1859551 -0.6632983 -0.7842687 0.07405316 -0.6159861 -0.5445103 0.2688533 -0.7944976 -0.6557877 0.4049546 -0.6371456 -0.6516651 0.1458928 -0.7443439 -0.3947949 0.5785997 -0.7136942 -0.6537728 -0.06258416 -0.7540984 -0.6881221 0.001082301 -0.7255941 -0.8217939 -1.49544e-4 -0.569785 -0.1053901 -0.9930802 -0.05181545 -0.1053901 -0.9930802 -0.05181545 -0.1053901 -0.9930802 -0.05181545 -0.03077524 0.9296571 0.3671383 -0.8993135 -0.02822428 0.4363928 -0.8993172 -0.02824193 0.4363843 -0.7197456 -0.2208543 0.6581714 -0.9579805 -0.1004732 -0.2686606 -0.9310383 -0.09550654 -0.3522021 -0.9798544 -0.07988673 -0.1830402 -0.3985801 0.1158508 -0.9097871 -0.4201975 -0.03314256 -0.9068273 -0.2470306 0.04478651 -0.9679722 -0.4471274 -0.1506747 -0.8816883 -0.3985467 0.1157659 -0.9098126 -0.6560366 -0.01958119 -0.7544751 0.3835263 0 0.9235301 0.3031473 4.5523e-6 0.9529438 -0.916237 -0.3133973 -0.2495836 -0.4272645 -0.8339994 -0.3491279 -0.6052031 -0.795712 0.02390956 0.5770469 0.7954826 -0.1849986 0.3979079 0.8642387 -0.3078324 0.7660329 0.5226941 -0.374145 0.6341767 0.7729026 0.02101141 0.8799632 0.4723051 0.05092138 0.8799661 0.472304 0.050879 0.2709504 0.06187897 -0.9606024 0.391812 -0.003941774 -0.9200368 0.09223783 0.01746982 -0.9955838 -0.9814945 0.1751632 0.07737261 -0.9266551 0.2606423 0.2708799 -0.8047055 0.5746432 0.1491126 0.1893662 -0.1343086 -0.9726777 0.09762841 0.01257807 -0.9951435 0.09943985 0.9425612 0.318889 0.7538582 0.6315267 -0.181306 0.5262405 0.6777365 -0.5135604 0.7430739 0.4208652 -0.5203016 0.9337182 -0.03937304 -0.3558373 0.9473021 -0.05034112 -0.3163616 0.9459331 0.0893858 -0.3118024 0.2128048 -0.724668 -0.6554163 0.08768868 -0.4556388 -0.8858353 0.585563 -0.3390587 -0.736312 -0.7885142 -0.1750557 -0.589577 -0.7710375 -0.519001 -0.3689705 -0.6286845 -0.122062 -0.7680214 -0.9819858 0.184982 0.03854376 -0.9810717 0.1935616 0.0056957 -0.7722576 0.6212773 0.132788 -0.9113304 -0.3180729 -0.2613554 -0.9942552 -0.03682214 -0.1005026 -0.9994082 0.03333789 -0.008486211 -0.6313479 0.7733088 -0.05825322 -0.4562385 0.8687177 -0.1928113 -0.5382919 0.689222 -0.4849895 -0.3879234 0.8507685 -0.354554 -0.3333866 0.9325977 -0.1382573 -0.3414419 0.9146935 -0.2162253 0.8843059 7.78451e-4 -0.4669073 0.9556741 -0.06726592 -0.2866399 0.7722589 -0.05025696 -0.6333171 -0.5766372 -0.8074332 -0.1246646 -0.7876836 -0.5901498 -0.1768552 -0.6413422 -0.6714529 -0.3712564 -0.9400902 0.169151 0.2960041 -0.949064 -0.1837518 0.2559548 -0.8596735 0.002512156 0.5108378 -0.9626408 -0.1860469 0.1967467 -0.9401196 0.1691914 0.2958877 -0.9979836 0.05131047 -0.03736412 -0.9975026 0.04514461 0.05431813 -0.9602612 -0.03576761 0.2768014 -0.9516075 -0.3020203 0.05680483 -0.001167893 0.9999769 -0.006688654 -0.002363145 0.9999055 -0.01354414 -0.00672084 0.9999354 -0.009173035 -0.9602443 -0.03586083 0.2768484 -0.8239812 -0.4867886 0.2899862 -0.8006188 -0.5918069 0.09367185 0.9559543 0.2467415 -0.1589658 0.9559543 0.2467415 -0.1589658 -0.007605135 0.9866997 0.1623758 0.172434 -0.9547535 -0.2423067 0.5152703 -0.8275602 -0.2228022 0.3672738 -0.7963432 -0.4805698 0.01144039 -0.803898 0.5946571 0.4372979 -0.3348444 0.8346556 0.1257009 -0.40486 0.9056975 -0.2790907 -0.7127598 0.6434921 0.06538563 -0.6559462 0.7519704 -0.316835 -0.7034649 0.6362018 -0.3089141 0.9387628 -0.1526319 0.5918478 0.5799741 -0.5597735 0.1808512 0.9519094 -0.2473083 0.4218955 0.77652 -0.4679967 0.03910237 0.9856239 -0.1643674 0.03911334 0.9856157 -0.1644134 0.03911328 0.9856157 -0.1644134 -0.87625 0.3391277 0.3423135 -0.9602327 -0.03569293 0.27691 -0.9880353 0.03197711 0.1508765 0.4617814 0.01558929 0.8868568 0.4617681 0.01555693 0.8868644 0.6865652 -0.17019 0.7068689 0.9346998 0.009590864 -0.3553089 0.7873566 0.5409848 -0.2956441 0.7871845 0.5412669 -0.2955855 -0.0604074 0.8293458 -0.5554606 -0.0604074 0.8293458 -0.5554608 -0.06050068 0.8293531 -0.5554395 0.953978 0.03021138 -0.2983511 0.9996592 0.02576935 0.004182636 0.8366548 -0.06157118 -0.544259 -0.3843137 -0.4199057 0.8221814 -0.1562286 -0.413503 0.8969995 -0.06486606 -0.3571746 0.9317826 0.1969607 0.4039708 0.8933165 0.01277703 0.2388226 0.9709792 0.1969604 0.4039707 0.8933166 -0.04680645 0.006466269 -0.9988831 -0.04680848 0.006467282 -0.998883 -0.2914655 -0.1209249 -0.9489073 0.2474377 -0.05235362 -0.9674884 -0.0466569 0.006535828 -0.9988897 0.5054327 -0.009623467 -0.8628124 0.999656 0.02586638 0.004344761 0.9996562 0.02586042 0.004348337 0.9529827 0.1953734 0.231632 -0.7183013 0.6938335 -0.05136388 -0.6340348 0.771575 0.05169367 -0.7140703 0.6682779 0.2085866 0.1705129 0.1064185 -0.979592 0.157679 0.033396 -0.9869256 -0.4574693 0.04944479 -0.8878497 0.817274 0.1413879 -0.5586346 0.8004928 0.1127897 -0.5886338 0.8172954 0.1411509 -0.5586634 -0.4575712 0.04931759 -0.8878043 -0.4576048 0.04936218 -0.8877844 -0.6750333 -0.1735395 -0.7170873 0.6380757 -0.2975675 -0.71015 0.2237342 -0.2271339 -0.9478151 0.6387481 -0.3644231 -0.6776405 0.296808 -0.7206623 0.6265388 0.3235638 -0.7320299 0.5995321 0.06555211 -0.6559506 0.7519521 0.1706693 0.1063666 -0.9795705 0.6100332 0.1320168 -0.7813009 0.2710129 0.06187325 -0.9605851 0.9730674 0.0105763 0.2302779 -0.6376081 -0.3156648 -0.7027174 -0.6573002 -0.1456938 -0.7394118 -0.2974968 -0.1125827 -0.9480616 0.6096785 -0.2329483 -0.7576459 0.1501564 0.8248383 0.5450641 0.1323934 0.9783949 0.1587945 0.02982747 0.961753 0.2722897 -0.03208255 0.9696621 -0.2423347 -0.03338062 0.9723166 -0.2312706 -0.1093717 0.8524655 -0.5112146 -0.8675158 -0.01659464 0.4971329 -0.8191428 -0.09145486 0.5662518 -0.6616147 -0.1900188 0.7253682 -0.8054872 -0.0754894 0.5877856 -0.5830521 0.02306056 0.8121074 -0.8191524 -0.09143978 0.5662404 -0.03339511 0.9723213 -0.2312493 -0.007772982 0.9994465 0.03234714 -0.0373212 0.9641878 -0.262582 -0.9590077 -0.2671098 0.09463953 -0.9688321 -0.2078539 0.1347634 -0.965557 -0.2444517 0.08912527 0.05186796 -0.8441629 -0.5335717 0.5990068 -0.7034003 -0.3826472 0.3004285 -0.7677619 -0.5659368 -0.8659782 -0.1511938 -0.4766783 -0.6641682 0.02021765 -0.7473098 -0.9318039 0.008479595 -0.3628631 0.1143208 -0.3461477 -0.9311888 0.5445355 -0.4384394 -0.7150189 0.4549033 -0.1459153 -0.8785055 0.5209107 -0.6029365 -0.6042514 0.1260128 -0.8756453 -0.4662254 0.3516975 -0.8707394 -0.3436885 -0.7431189 0.1533516 -0.6513507 -0.8302451 -0.0595048 -0.5542134 -0.501111 0.03262984 -0.8647676 0.04027909 -0.058362 -0.9974827 0.2896193 -0.2354838 -0.927722 0.04028105 -0.05835938 -0.9974827 -0.1916678 -0.9583377 0.2117833 -0.489628 -0.8085557 0.3263471 -0.2212921 -0.7398781 0.6353033 -0.3235033 0.7500765 -0.5768283 -0.7988294 0.4394915 -0.4107539 -0.6370099 0.4015243 -0.6580249 -0.2000931 0.006631433 -0.9797545 0.01236635 -0.02618443 -0.9995807 -0.4289601 -0.02310305 -0.903028 0.995202 -0.02773529 -0.09382933 0.9840854 0.1772782 -0.01218944 0.9793584 0.1405642 0.1452544 -0.3873832 0.6583902 -0.6453345 -0.2086855 0.866369 -0.4537127 -0.423572 0.8829979 -0.2022417 0.03448104 -0.9829239 -0.1807532 0.042149 -0.9941247 -0.09969764 0.079553 -0.9280814 -0.3637806 9.54346e-4 0.9991796 -0.04048883 -0.3268296 -0.03033882 0.9445963 -0.07333493 0.02856296 0.9968983 -0.5451967 0.03607636 0.8375316 0.8271549 -0.06969773 -0.5576351 0.7002238 0.04806631 -0.7123036 0.8271519 -0.06970053 -0.5576394 -0.08256673 -0.497536 0.8635049 0.1836419 0.05024379 0.9817084 -0.07316821 0.0284996 0.9969124 0.5544841 -0.0509634 0.8306324 0.9597818 0.02348124 -0.2797634 0.9972323 -0.02478563 -0.07009541 0.8745839 -0.03439754 -0.4836526 0.805597 -0.06910198 -0.5884204 0.5819434 0.02001333 -0.812983 0.8202326 -0.09040594 -0.564841 -0.1180223 0.6401355 0.7591425 0.3592748 0.8746767 -0.3253652 0.5063104 0.6051234 -0.6143904 0.5036998 0.6924156 -0.5165725 0.7477101 -0.504264 0.4320272 0.9123379 -0.3553388 0.2034058 0.606257 -0.377333 0.7000517 -0.7049469 -0.1962914 0.6815567 -0.4936143 -0.3312126 0.8041413 0.2437068 -0.04562938 0.968775 0.2437068 -0.04562938 0.968775 0.2437068 -0.04562938 0.968775 -0.2139456 -0.05601882 0.9752381 -0.4858464 -0.02175432 0.8737736 -0.0478577 -0.08222526 0.995464 -0.7029595 -0.03004485 0.710595 -0.4860183 -0.02170222 0.8736792 -0.8748373 0.007528901 0.4843584 -0.1742029 -0.7813055 0.5993456 -0.1390639 -0.92169 0.3621448 -0.08499819 -0.9902955 0.1099553 0.7415927 -0.03835046 -0.6697533 0.446299 0.06844061 -0.8922629 0.8745258 -0.03432065 -0.4837631 -0.1067873 0.9667983 -0.2321585 0.0828734 0.7377235 -0.6699971 0.07818496 0.9622804 -0.2605832 0.6054933 -0.07885634 -0.7919341 0.4978092 -0.3984876 -0.7703205 0.7627432 -0.4173645 -0.4939938 0.1148205 0.2094196 -0.9710612 0.08519047 0.6691536 -0.7382249 -0.1440583 0.5094413 -0.8483613 -0.429125 -0.02301532 -0.9029519 -0.5806934 0.06874865 -0.8112144 -0.4291299 -0.02302467 -0.9029493 -0.2612383 0.1371755 -0.9554776 0.06487458 -0.95495 0.2895889 -0.06531131 -0.8180343 0.5714495 -0.06477969 -0.3572989 0.9317409 0.1947224 -0.6483709 0.7360016 0.028207 0.9977668 -0.06054604 0.028207 0.9977668 -0.06054604 0.028207 0.9977668 -0.06054604 0.277727 -0.9289634 -0.2447345 0.04744255 -0.9819508 -0.18309 -0.01021915 -0.9977478 -0.06629389 -0.9394152 -0.2071464 -0.2731109 -0.9865193 -0.008029043 -0.1634479 -0.9714494 -0.2164626 -0.0971086 -0.9638212 0.01512515 0.2661201 -0.9996313 -0.006293892 0.02641648 -0.8749226 0.00751698 0.4842045 0.03712934 0.4446142 0.8949524 0.3207436 0.7443668 0.5856976 0.3519954 0.2799773 0.8931472 -0.957286 0.2442179 0.1547943 -0.6095919 -0.2538468 0.7509725 0.512061 0.8588954 0.009607315 0.7643121 0.644733 0.01210027 0.1833072 0.9830556 2.79376e-4 0.4055719 -0.8755326 0.2625913 0.5728363 -0.7090878 0.4111607 0.3520745 -0.7554804 0.5525332 0.3438817 -0.7325161 0.587508 0.6298556 -0.320114 0.7076786 0.7318643 -0.5433633 0.4112554 0.8827701 -0.06320339 0.4655345 0.731877 -0.5433467 0.4112548 0.6701205 -0.1678705 0.7230201 0.07630074 -0.1257808 0.9891195 0.1063649 -0.9929673 0.05198663 0.1066983 -0.9929322 0.05197399 -0.0392825 -0.9534527 0.2989732 -0.1741247 -0.8763681 0.4490653 0.1000143 -0.8655576 0.4907212 -0.4612708 0.01597118 -0.8871157 -0.4612607 0.01593804 -0.8871214 -0.6865862 -0.1702005 -0.706846 0.644141 0.7528251 -0.1354141 0.8422701 0.5253108 0.1209538 0.8009834 0.4937016 0.3386511 0.2231214 0.8851636 0.4082919 0.469672 0.7733777 0.4257876 0.203629 0.7386754 0.6425682 -0.8295308 -0.5067915 0.2346082 -0.8315078 -0.526528 -0.1770963 -0.9707993 -0.2317875 0.06183236 0.5909492 -0.1072164 0.7995523 0.704929 -0.4282469 0.5654024 0.2164372 -0.3001293 0.9290196 0.9820095 0.1735129 -0.07450187 0.9232401 0.2721334 -0.2712398 0.794536 0.5893805 -0.1460939 0.8705593 -0.3745875 -0.3190783 0.6814541 -0.6352357 -0.3634502 0.8706143 -0.365499 -0.3293045 0.343535 4.91535e-6 0.9391399 0.4271034 0.05322104 0.9026352 0.1600127 0.1831542 0.9699745 0.6995506 -0.1293439 0.7027797 0.6536057 -0.231575 0.7205363 0.7781301 -0.126687 0.6151943 0.860054 -0.06642007 -0.5058612 0.8735476 -0.09839415 -0.4766898 0.636124 -0.289005 -0.7154177 0.5666767 0.772701 0.2860261 0.7100765 0.6840863 0.1667853 0.8514326 0.504851 0.1420847 0.7558407 0.6428518 -0.1242836 0.5242019 0.8400147 -0.1399564 0.4531409 0.8877204 -0.08133739 0.9604766 0.1658861 -0.223532 0.8956472 0.1195201 -0.4284055 0.8601275 -0.0663259 -0.5057486 0.1552628 0.5827702 0.797667 0.2376588 0.07070052 0.9687723 -0.1332119 0.3835221 0.9138739 0.5656116 -0.7495215 0.3439493 0.3949242 -0.8269093 0.4003201 0.2680434 -0.9395511 0.2130646 -0.8209668 -0.1110618 0.5600705 -0.8043849 0.05842685 0.5912287 -0.6724172 -0.7254301 -0.1469911 0.9415115 -0.3053199 0.1426048 0.984726 0.1423039 -0.1003215 0.9866109 -0.05716431 -0.1527457 0.9563438 -0.06660389 0.2845533 0.9913201 -0.09628999 -0.08951419 0.9414935 -0.305364 0.1426287 -0.6566417 -0.001343786 -0.7542015 -0.3888262 -0.04900097 -0.9200071 -0.8032223 -0.005471527 -0.5956543 -0.5829594 0.02311259 0.8121725 -0.5775907 -0.300806 0.7588839 -0.4044297 -0.1832136 0.8960298 0.881558 0.3675507 0.2962467 0.693268 0.7189168 0.05038034 0.9249702 0.370997 -0.08241122 0.3610108 0.8223848 0.4397208 0.1567453 0.8042916 0.5731893 0.1854775 0.9145699 0.3593886 -0.4567278 -0.5627066 0.6890291 -0.4669513 -0.7066863 0.5315553 -0.2821079 -0.7067832 0.6487469 -0.3587213 0.8751084 0.3248143 -0.5063011 0.6051405 0.6143812 -0.5037521 0.6923382 0.5166253 0.4312978 0.2930266 0.8532981 0.1553658 0.5827526 0.7976596 0.3502679 0.6152951 0.7062042 0.7650751 -0.08241826 -0.6386449 0.3823806 -0.09423249 -0.9191873 0.2794405 -0.1385565 -0.9501133 0.2516933 -0.03115391 0.9673056 0.1870478 0.367866 0.910872 0.4458925 0.05263525 0.8935376 0.7285555 -0.1038555 0.677068 0.6909195 0.2146554 0.6903284 0.9740702 0.07930135 0.2118929 0.8619164 0.5021775 -0.07012778 0.6188579 0.7854261 0.01098263 0.7709192 0.6204971 -0.14376 -0.01295381 -0.3918136 -0.9199535 -0.1810862 -0.7988029 -0.5736916 0.2062246 -0.6626986 -0.719932 0.8695603 -0.1246827 0.4778277 0.7614031 -0.428109 0.486814 0.5753578 -0.4422822 0.6880042 0.4459839 0.05269032 0.8934887 0.4082031 0.3814462 0.8293787 0.6966539 0.3736939 0.6123939 0.7549712 -0.3255639 0.5692334 0.59966 -0.6051619 0.5236287 0.3441779 -0.5145142 0.7853768 0.5997237 -0.6052402 0.5234651 0.5720303 -0.5528699 0.6059011 0.7069144 -0.7050068 0.05689865 -0.2900316 -0.03943842 0.9562041 -0.02091634 0.00928992 0.9997382 -0.5280105 -0.004857242 0.849224 0.5861895 -0.07536369 -0.8066611 0.5601378 -0.008136093 -0.8283596 0.3823574 -0.09419476 -0.9192009 0.9840079 -0.1519305 0.09298276 0.4670362 0.1515719 0.8711504 0.6966622 0.3737028 0.6123791 0.7704282 -0.003445088 0.6375176 0.3073452 -0.7143554 0.6286774 0.2426354 -0.7077457 0.6634939 0.4305663 -0.7128527 0.5535825 0.2401382 0.05292958 0.9692947 -0.02075588 0.009176313 0.9997425 0.4778248 0.01511192 0.8783252 0.9575845 -0.2877497 0.01524156 0.9575901 -0.2877295 0.01526463 0.8486279 -0.1191917 -0.5153874 0.2968459 -0.9399065 -0.1686958 0.6370702 -0.7622515 -0.1145173 0.1010985 -0.9119454 -0.3976615 0.107837 -0.9181767 -0.3812124 0.3699567 -0.7237613 -0.5824961 -0.02409833 -0.8172983 -0.5757108 -0.9175336 0.01034522 -0.3975237 0.9934062 -0.0553686 0.1003918 0.8827726 -0.2649941 0.3879314 0.9934064 -0.05538731 0.1003797 0.9446151 -0.2405432 0.2232518 0.9156508 -0.3982846 0.05434316 0.9911132 -0.06209594 0.1176384 0.008080363 0.9838297 0.1789242 0.008385062 0.983802 0.179062 -0.8542885 -0.04957848 0.5174294 -0.7780646 -0.09815847 0.6204679 -0.9617925 0.13863 0.2360871 0.3424923 -0.4461215 0.8268463 0.4977178 -0.2898136 0.8174871 0.1711719 -0.7166716 0.6760785 -0.0387941 0.9867132 0.1577725 -0.2551501 0.9652483 0.05651658 -0.13708 0.990399 -0.01786363 -0.9993693 0.03401458 0.01020431 0.3404211 0.9376685 -0.0699383 0.6298016 0.6934089 -0.3500488 0.5925915 0.8046307 0.03748196 0.6134614 -0.7004036 -0.3648287 0.7631848 -0.4553337 -0.458498 0.7782567 -0.5544804 -0.2947342 0.257498 -0.9286389 -0.267067 0.4109047 -0.7603892 -0.5029571 0.4365266 -0.5907602 -0.6785624 -0.003869652 0.9999399 0.0102697 0.1434178 0.9880918 0.0557307 -0.02371859 0.9997186 -5.25307e-4 0.4610973 -0.6656004 0.5868266 0.6101551 -0.3566234 0.7074819 0.7238515 -0.4430198 0.5289354 -0.5264694 -0.6213921 0.5802602 -0.9612149 0.2753832 -0.01516366 -0.8610185 0.3796256 0.3384251 0.4740448 -0.6089854 -0.635939 0.4857981 -0.370956 -0.7914492 0.2063217 -0.6626812 -0.7199202 -0.002146899 0.441657 0.8971815 -0.00214529 0.4416561 0.897182 -0.002146244 0.441657 0.8971814 0.3465394 0.8051515 0.4812917 0.5637411 0.3227272 0.7602916 0.6011675 0.6292852 0.4925422 0.2845923 -0.9575377 -0.04613918 0.02080005 -0.9985582 -0.04948693 0.3805611 -0.918511 -0.1072893 0.6005737 0.2185972 0.7691076 0.6444924 0.03914958 0.7636079 0.3084843 0.2353038 0.9216667 0.5446749 0.2694348 0.7941879 0.4625173 0.608979 0.6443775 0.2463461 0.08726358 0.9652454 0.2463452 0.08726644 0.9652454 0.2011089 0.03839313 0.9788162 0.6029218 -0.7882865 -0.1228405 0.156148 -0.9868037 0.04285371 0.2574856 -0.9417046 0.2165497 0.5009189 -0.8524321 -0.1497992 0.3807094 -0.9184504 -0.1072821 0.4172155 -0.9077853 -0.04309487 0.0840258 -0.04430979 -0.995478 -0.1234322 -0.03762257 -0.9916396 0.3093226 -0.005411922 -0.9509419 0.5170375 -0.07004797 -0.8530917 0.3570404 0.06721562 -0.9316675 0.5170303 -0.07005959 -0.8530952 0.0173608 -0.2611327 0.9651468 0.1416902 -0.8496372 0.5079769 0.5148575 -0.733283 0.4440922 0.1484735 -0.8642058 0.4807329 0.1485828 -0.8640373 0.4810018 -0.01015841 0.9999173 0.007897317 -0.01908719 -0.996109 0.08603918 0.0314719 -0.9991697 0.02587521 0.03803813 -0.9962394 0.07784765 0.2535311 -0.02038675 -0.9671124 0.2072561 -0.1477546 -0.9670644 -0.07575821 -0.9847476 -0.1566296 0.1009343 -0.9119679 -0.3976516 -0.1186818 -0.9707902 -0.2085213 -0.3366343 -0.5325186 -0.776596 -0.005313813 -0.8133996 -0.5816811 -0.4646418 -0.8310929 -0.305602 0.246343 0.08727639 0.9652451 0.2903859 0.1356727 0.9472429 0.481225 0.01206928 0.876514 0.0323072 0.9986231 0.04133206 0.08308494 0.9912499 0.1025692 0.3058293 0.9508744 0.04802483 0.7900304 0.5598734 0.2497875 0.4860351 0.8739386 -0.001106917 0.6015852 -0.2281628 -0.7655305 0.9990636 0.03043615 -0.0307523 0.9328079 -0.1413985 0.3314754 0.9990636 0.03046458 -0.03072321 0.8762714 0.1478193 0.4585825 0.9990563 0.03056687 -0.0308575 0.9503158 0.3109595 0.01429235 0.9605038 0.195863 -0.1976621 0.1140098 0.9934793 9.34658e-4 -0.6768335 0.1804283 -0.7136821 -0.7499297 -0.1679745 -0.639836 -0.435163 -0.126634 -0.8914017 -0.7751417 -0.1732334 -0.6075736 0.8559513 -0.2621096 0.4456972 0.9255726 -0.1901247 0.3273653 0.8654267 -0.3358057 0.3718484 -0.009975552 -0.9999023 0.009801506 -0.07799029 -0.9969152 0.008817732 -0.07782489 -0.9939501 -0.07750129 0.02746355 -0.9995916 -0.007905781 -0.8163772 -0.2944521 -0.496816 0.1503045 0.6736516 -0.7236035 -0.01711934 0.4550795 -0.8902863 0.1503115 0.6735107 -0.7237333 0.2846074 -0.9575348 -0.04610598 0.4170305 -0.9078716 -0.04306882 0.03805661 -0.9962391 0.07784169 -0.9049927 -0.2854967 -0.3154044 -0.6705902 -0.4865444 -0.5599852 -0.6190923 -0.6978362 -0.3602074 0.6915382 -0.7119837 0.1218776 0.6803677 -0.706079 0.1963476 0.699684 -0.714064 -0.02355909 -0.7924337 -0.6032059 -0.09050691 -0.9331708 -0.1034994 -0.3442095 -0.8537287 -0.5005408 -0.143549 0.810634 -0.5842909 0.038428 0.5383495 -0.8324079 0.131442 0.3089399 -0.9451904 -0.1056945 0.8974782 0.4281412 0.105962 0.690084 0.7237272 0.001757502 0.6358448 0.7605184 0.1315805 0.4815825 0.876359 0.008566796 0.8262992 0.5589414 0.06938487 0.7558304 0.6428732 -0.1242356 -0.6171573 -0.7347645 -0.2814925 -0.8039234 -0.5884839 -0.08598732 -0.5627669 -0.821194 0.09451937 -0.5076702 -0.856299 0.09498983 -0.2856693 -0.9572506 0.04543465 -0.5778712 -0.7967716 0.1766918 0.650223 0.7590947 0.03139072 0.6501505 0.7591564 0.03140181 0.650223 0.7590947 0.03139072 0.1994363 -0.04012513 0.979089 -0.01133865 -0.05756169 0.9982776 0.2947671 -0.02429181 0.9552603 0.9016544 0.417397 -0.1131332 0.7130519 0.6803732 -0.1692615 0.6228827 0.7238149 -0.2968321 0.9954242 0.03833723 0.08752709 0.9384448 -0.1020599 0.3300077 0.9954192 0.03834152 0.08758163 -0.9709165 -0.239331 0.006474852 -0.7224022 -0.5911886 -0.3586519 -0.8576332 -0.1708383 -0.4850564 -0.5559892 -0.7383137 0.3817971 -0.2316365 -0.7987499 0.5552867 -0.6517713 -0.7500116 0.1125926 -0.8705676 0.432313 -0.2349847 -0.8507679 0.5253124 0.01551902 -0.9610947 0.1286623 -0.2444237 -0.8503634 -0.3718072 -0.3723461 -0.5966007 -0.2998189 -0.7444302 -0.8093014 -0.1332082 -0.5720899 0.09884065 -0.1770247 -0.9792308 -0.154118 -0.1258464 -0.9800053 -0.3603596 -0.3120632 -0.8790664 0.8514354 0.5048881 0.1419358 0.9016413 0.4174555 -0.1130221 0.5640847 0.8257015 0.005061328 0.8830683 0.4460868 0.145592 0.9292585 0.171912 0.3269937 0.9578211 0.2859591 0.02839338 0.698332 -0.7123923 0.06949633 0.698671 -0.7120558 0.06953668 0.2735689 0 -0.9618524 0.2735705 0 -0.961852 0.3507216 0 -0.9364798 -0.6431374 -0.758969 -0.1016881 -0.5779348 -0.7967526 0.1765695 -0.2521888 -0.9676636 -0.005300462 -0.03289157 -0.9994476 0.004776 -0.8975872 -0.1762728 0.4040609 -0.9326133 -0.3569359 -0.05319058 -0.9931535 -0.1138026 0.02636986 0.2966206 -0.5519345 0.7793488 0.1581054 -0.6995146 0.6969089 0.3721649 -0.688143 0.6228583 0.1013686 -0.6999217 0.7069895 -0.7836067 0.5625878 -0.2635447 -0.8566584 0.2263841 -0.4635587 -0.6559023 0.4048426 -0.6370987 -0.7507088 -0.3008111 -0.5881745 -0.1807666 0.974627 -0.1320065 -0.4711484 0.8737846 -0.1204975 -0.680905 0.6197203 -0.3902759 -0.244314 0.1877663 -0.9513436 -0.0241391 -0.9297205 0.367474 0.1000043 -0.9931478 0.06047117 -0.07126909 -0.9965165 0.04330688 -0.02840983 0.7688269 0.6388257 0.2018718 0.5750855 0.7927954 0.08360189 0.796885 0.5983187 -0.6653285 -0.06746172 0.7434965 -0.7590354 -0.01935207 0.6507617 -0.1524812 -0.02867227 0.9878904 0.834357 -0.4863741 0.2594008 0.8321866 -0.4638776 0.3037812 0.8760759 -0.2676484 0.401068 -0.5265282 0.0393114 0.8492484 -0.7432178 0.3617575 0.5628134 -0.8838014 0.1604235 0.439499 -0.9440367 0.08833777 -0.3177909 -0.9841742 0.164835 -0.06504446 -0.9118507 0.2968106 -0.2836052 0.5061536 -0.2020274 -0.838447 -0.3523195 -0.9072465 -0.2297279 -0.7432295 0.3618947 0.5627096 -0.9078115 0.3478634 0.234242 -0.8616539 0.2860701 0.4191854 -0.9050077 -0.2853775 -0.3154694 -0.8093374 -0.1332281 -0.5720342 -0.7470608 -0.2092231 -0.6309722 -0.8085786 0.001919567 -0.5883853 -0.8064572 0.004001617 -0.591279 -0.8269941 0.009659409 -0.5621276 0.05209451 -0.0172373 0.9984934 -0.8884639 0.4589288 0.004037499 -0.7617266 0.6477956 -0.0115574 -0.9979021 0.06462216 -0.003919184 -0.05005353 -0.993261 0.104534 -0.207481 -0.9780553 0.01896476 -0.1430267 -0.9866301 0.07813107 -0.0954979 -0.05026268 0.9941599 -4.82043e-5 0 1 -0.08811116 -0.9908491 0.1022481 -0.05000805 -0.99325 0.1046606 -0.04819571 -0.8290173 0.5571423 0.5354011 0.843696 -0.03902268 0.6889588 0.7222566 0.06067383 0.287339 0.9552401 -0.0703752 0.2803807 -0.004362702 0.9598791 -0.1053161 3.8946e-4 0.9944388 -0.06984019 0.009930551 0.9975088 0.002139449 -0.9999955 -0.002108812 0.08334958 -0.9903436 0.1107814 -0.08654642 -0.9942184 0.06355702 -0.07074755 0.9972031 -0.02410209 -0.2223027 0.9748643 -0.01487857 0.002535879 0.9999968 1.78358e-4 0.09347164 -0.9955892 -0.008074939 0.09357637 -0.9917349 0.08778178 0.00322479 -0.9998741 0.01554709 0.9587155 -0.02178084 -0.2835316 0.8426166 -0.09487509 -0.5300907 0.8671883 -0.3930383 -0.3057866 -0.1306986 -0.9892398 -0.06574702 -0.1217216 -0.9894962 -0.07798272 -0.4594657 -0.8478558 -0.2646356 -0.1048151 -0.9872204 0.1200407 -0.02668702 -0.999355 0.02403116 -0.05343693 -0.9964515 0.06503123 0.001278638 -0.9999989 7.25093e-4 -0.07173329 -0.9925068 0.09891831 -0.1134583 -0.9899599 -0.08430117 0.009203791 -0.02121722 0.9997326 -0.1051067 -0.03086924 0.9939818 3.04044e-4 -0.006450831 0.9999791 -0.0531364 -0.9510617 -0.3043983 0.01909947 -0.9923823 -0.1217075 0.09328633 -0.852954 -0.5135827 -0.08442717 -0.1150068 -0.9897705 -0.2151443 -0.2499617 -0.9440509 -0.09290009 -0.2997804 -0.9494742 -0.5070035 0.8618867 -0.009946882 -0.7616164 0.6479263 -0.01149427 -0.1839375 0.9829379 -2.70871e-4 0.9874274 0.1113914 -0.1121571 0.9996039 0.02658581 0.009244382 0.9944651 0.1023818 0.02360486 -0.211536 -0.3998557 0.8918341 -0.179731 -0.851889 0.4919165 0.1043183 -0.6345966 0.7657708 -0.9694896 -0.1889652 -0.1561475 0.9599431 0.2801035 -0.007168352 0.7507906 0.6605383 -0.001613318 0.8771274 0.4802491 0.002894043 0.07728356 -0.04336255 -0.9960657 0.556062 -0.7774949 -0.2937631 0.3677488 -0.929861 -0.01093167 0.8751879 -0.4753502 -0.08993524 0.603037 0.004796922 -0.7976989 0.6303848 0.002829849 -0.7762777 0.6173437 0.007105529 -0.7866615 0.03802525 -0.9988206 -0.03019487 -0.05264693 -0.9910663 -0.1225396 0.1324959 -0.9836819 -0.1217165 -0.0283901 -0.001268148 0.9995961 0.07635277 -0.1258562 0.989106 0.1898948 -0.3130753 0.9305503 0.004313766 -0.3848127 0.9229846 0.008689045 0.999961 0.001593828 0.01906055 0.9998087 0.004403412 0.001141667 0.9999982 -0.001553058 0.9651901 -0.1597285 0.207111 0.9892081 -0.08370435 0.1202535 0.9476976 -0.3034399 0.09896153 -0.9932886 -0.112178 -0.02817624 -0.9992646 -0.03750187 -0.008003354 -0.9964436 -0.009006798 -0.08377963 0.176793 -0.9674736 -0.1809391 0.4998891 -0.8305252 -0.2456395 -0.0159325 -0.9796977 -0.1998472 -0.5426053 0.8083794 -0.2282595 -0.7107042 0.6915394 -0.1291234 -0.1798425 -0.851889 0.4918761 -0.4714967 -0.388994 0.7914383 -0.5872915 -0.6329653 0.5044242 0.1259698 -0.559969 0.8188812 -0.1479935 -0.8316639 0.5351946 -0.1601377 -0.5487982 0.8204733 0.0104956 0.9999225 0.006693184 0.01360791 0.999907 -9.73618e-4 -0.006357014 0.999978 -0.001971364 0.6826943 0.613829 0.3964119 0.5114001 0.8468926 0.1457498 0.6948194 0.6991545 0.1685497 -2.3076e-5 0 1 0.008156061 0.9999638 0.002461016 0.1664543 0.9857349 -0.02489733 -0.01285302 -0.9999096 0.003944277 0.2034874 -0.9728677 -0.1100961 -0.1941584 -0.980376 -0.03413867 0.1055644 -0.2498707 0.9625076 -0.2862957 -0.4818212 0.8281806 -0.1177275 -0.1231691 0.9853779 -0.114735 -0.9882785 0.1007063 -0.06148588 -0.9979723 -0.0164625 0.01220351 -0.9991419 0.03958123 0.6579412 -0.7337767 0.1693667 0.5350742 -0.8439161 -0.03874778 0.7346314 -0.6779445 0.02661144 0.8217951 -0.5697404 -0.006989657 0.8549705 -0.5029483 0.1267626 0.4732393 -0.8809214 -0.004713773 -0.002491056 -0.999992 -0.003148317 0.009790182 -0.9935982 0.1125468 -0.1455799 -0.9892691 0.01238101 0.02954506 -0.999472 -0.01352977 0.09972435 -0.993931 -0.04643619 0.2198227 -0.9536649 -0.2054293 -0.3060978 0.9507858 -0.04807049 -0.7786117 0.5784115 -0.2433187 -0.4871043 0.8733413 0.002127349 0.4550064 -0.1458858 -0.878457 0.6535857 -0.3041458 -0.6930521 0.3631791 -0.4302341 -0.8264378 0.001971364 0.9998269 -0.01850664 -0.139239 0.9891242 -0.04739004 -0.3658368 0.9301737 0.03066796 0.9744496 0.007379472 0.2244853 0.9912872 -0.001845777 -0.1317058 0.9640763 0.004547417 0.2655867 -0.002199053 -0.824867 0.5653228 0.2964764 -0.7302925 0.6154467 0.2143946 -0.273255 0.9377456 -0.8108416 -0.5852648 0.001050174 -0.5384972 -0.8413557 0.04627609 -0.7932589 -0.589468 0.152539 -0.888329 -0.001682341 0.4592044 -0.887933 -0.001493871 0.4599705 -0.9011828 -5.48517e-4 0.4334389 -0.7119714 -0.6992123 -0.06480032 -0.6751532 -0.7076522 -0.2083187 -0.6433168 -0.7136839 -0.2771264 0.2879765 -0.02076297 -0.9574124 0.3244436 -0.05029344 -0.9445671 0.1237061 -0.01681333 -0.9921765 0.981898 -0.006131827 -0.1893113 0.9820312 0.0204069 -0.1876122 0.9634188 0.01558512 -0.2675472 0.07020056 0.9972491 0.02379637 0.2213468 0.9750898 0.01434087 0.04917669 0.9981341 -0.03619402 -0.1174166 0.9911581 -0.06179744 -0.4676863 0.8792016 -0.09096306 -0.1250134 0.9919507 -0.02014094 0 1 0 -0.01212584 0.9998924 -0.008263647 3.32806e-4 0.9998403 -0.01787173 0.005737841 0.9994575 -0.03243219 -0.0660445 0.9122912 -0.4041818 0.08659648 -0.992676 -0.08423495 0.4989262 -0.8656393 -0.04172688 0.08950376 -0.9947587 0.04943996 0.8191051 -0.5295788 -0.220484 0.5210558 -0.6029091 -0.6041537 0.6195103 -0.7614164 -0.1909241 -0.01631265 -0.9997082 -0.01781922 0.04578208 -0.9932709 0.1063807 -0.006291925 -0.9993692 -0.03495407 -0.8487066 -0.4286496 0.3097688 -0.8546302 -0.3703471 0.3639371 -0.6231291 -0.6453732 0.4418184 -0.9490957 -0.3125565 0.03906333 -0.6271246 -0.7740565 -0.0868982 -0.916046 -0.3456036 0.2035144 -0.8788468 0.4411052 0.1818094 -0.9810966 0.1934321 0.005801856 -0.9416952 0.188017 0.279034 -0.9743957 5.10211e-4 -0.2248399 -0.974552 0 -0.2241618 0.606179 -0.710273 -0.3578538 0.6381203 -0.2977536 -0.7100319 0.8743189 -0.3488829 -0.3374125 -0.1708431 -0.8194797 0.5470518 -0.408294 -0.5176189 0.7519087 -0.3841711 -0.4684566 0.7955886 -0.03832465 -0.998404 -0.04148268 0.02279168 -0.9917722 0.1259704 -0.02870744 -0.9994063 0.01905781 0.1074855 -0.7862545 0.6084823 0.2967675 -0.7206748 0.6265437 0.09989833 -0.6910139 0.7159051 0.9335787 -0.004007816 -0.3583503 0.9471492 -0.00550121 -0.3207465 0.9671687 -0.01410841 -0.2537434 2.33324e-5 0 -1 -0.0821411 0.9812133 -0.1745662 0.08773845 0.9960424 -0.01420009 -0.01003003 0.9999405 -0.004321992 -0.4454237 -0.8827458 0.1495241 -0.2695642 -0.9511796 0.1503083 -0.5651243 -0.8023462 0.192029 0.02576071 -0.9985113 0.04807931 0.1071509 -0.9749196 0.1950652 0.05271017 -0.9936762 0.0991432 0.9542364 -0.1504325 -0.2584626 -0.07938486 -0.984646 -0.1554685 -0.3379622 -0.9312812 -0.1360036 -0.08854824 -0.9520365 0.2928922 0.005186498 -0.9830253 0.1833971 0.3097674 -0.9140311 0.2618998 0.1086052 -0.9940808 0.002878785 0.1824267 0.9784456 -0.09677189 0.07165169 0.9972015 -0.02133691 0.07823085 0.9623235 -0.26041 -0.2212094 -0.7398598 0.6353535 -0.5150522 -0.8218542 0.2434689 -0.6016812 -0.4035854 0.689274 -0.1025695 -0.9814518 0.1619623 -0.4419073 -0.8509911 0.2837819 -0.1036492 -0.9790111 0.1754832 0.5446823 -0.8010106 0.2484015 0.7386378 -0.673133 0.0361433 0.9445841 -0.2406108 0.2233099 -0.9801702 -0.02826678 0.1961314 -0.9672098 0.1096399 0.2290952 -0.9803085 -0.03054583 0.1950956 0.05227065 -9.21038e-4 0.9986326 0.05604952 -8.884e-5 0.998428 0.01623284 5.68858e-5 0.9998683 0.8806169 0.09703004 -0.4637877 0.9447847 0.1466442 -0.2930486 0.9907772 -0.1199513 -0.06302595 0.9770706 -0.197692 -0.0790624 0.7935215 -0.3898501 0.4672694 0.9098755 0.01571685 0.4145838 0.1814323 0.983395 0.004086434 0.3808465 0.9037979 0.195206 0.6837447 0.7194753 0.1218543 -0.001347005 0.9999493 0.009987592 0.2619122 0.9633176 -0.05849111 0.291054 0.9525256 -0.08934628 -4.06813e-4 0.9998426 0.01773971 0.01495414 0.9998878 9.04248e-4 -0.01122868 0.9996776 0.02277195 0.808327 0.2840843 -0.5156585 0.7513049 0.2941794 -0.5907618 0.6335051 0.2069754 -0.7455418 0.4192593 0.1394705 0.8970896 0.356217 0.2780283 0.8920817 0.5718489 0.2060435 0.7940623 -0.9015789 -0.198032 0.3846282 -0.9987739 -0.01225459 0.04796367 -0.9441149 0.1296136 0.3030633 0.9723737 -0.2186582 -0.08171838 0.8165445 -0.5722604 0.07598209 0.9624466 -0.1370688 0.2343261 0.4964299 -0.7997546 -0.3375649 0.535086 -0.8439043 -0.03884255 0.0867173 -0.9926571 -0.08433252 -0.003587245 0.9999914 0.002072274 0.07159912 0.9974302 -0.002583682 -0.1654721 0.9806169 0.1049274 0.001304268 0.999991 0.004031181 0.002800822 0.9999961 1.57885e-4 -0.006756007 0.9999732 0.002828955 0.003687858 -0.9999932 -2.41752e-4 0.1466885 -0.989076 -0.01453399 0.01449042 -0.9928047 0.1188644 0.9402707 -0.06436771 -0.3342872 0.9313387 -0.01900935 -0.3636575 0.9163654 0.3747239 0.1409137 0.9519649 -0.09537953 0.2909737 0.9946938 0.1024136 -0.00979042 -0.1173902 0.01213699 0.9930117 0.1184535 0.1368951 0.9834778 -0.1365745 0.01720017 0.9904805 -0.9080091 0.3980078 0.1308024 -0.8515913 0.4171098 0.3175086 -0.9626783 0.2693352 -0.02662968 0.1173496 0.9911688 0.06175357 0.4675045 0.8793024 0.09092241 0.124949 0.9919592 0.02011972 0.6890122 0.6775436 0.2572878 0.2155128 0.975394 0.04648554 0.3039487 0.9513244 0.05096369 -0.8392361 -0.1384833 -0.5258376 -0.8120597 -0.1942985 -0.5502793 -0.947297 -0.0844255 -0.3090321 -0.9581881 -0.1012866 0.2676132 -0.9573374 -0.08692324 0.2755897 -0.9831315 0.002932429 0.1828768 0.2740253 -0.9295634 -0.2466214 0.1387773 -0.9402559 -0.3109015 -0.1382058 -0.8937298 -0.4267861 -0.9858484 0.167236 -0.01162737 -0.94411 0.08829504 -0.3175852 -0.9831408 0.003011465 0.1828251 -0.3598694 -0.9015898 -0.2400625 -0.4455387 -0.8943295 0.04086589 -0.1000028 -0.9798709 -0.1727793 0.004397869 0.999988 0.002163231 0.007048249 0.9999746 0.001057982 -0.003370523 0.9999926 -0.001912474 0.1937144 0.03937697 0.9802674 0.4219209 0.1596052 0.8924735 0.1813542 0.1985179 0.9631725 -0.7803509 -0.6231955 0.05176591 -0.8098536 -0.5683819 -0.145187 -0.5167489 -0.8548406 -0.04709649 -0.1523949 -0.02867102 0.9879037 0.09337514 -0.06022989 0.9938076 -0.3411994 -0.03804123 0.9392209 -0.07052981 -0.9898618 -0.1232859 -0.2673897 -0.9169642 -0.2961074 -0.005209326 -0.8134761 -0.5815752 2.07211e-5 0 -1 0.9490275 0.3108424 -0.05219084 0.7926613 0.5630158 -0.2338836 0.9458664 0.3001502 -0.1234775 0.6201454 0.02597731 0.7840567 0.3262503 -0.1441829 0.9342227 0.336319 -0.01822203 0.9415718 0.1813971 0.9834017 0.004048883 0.7232366 0.6808679 -0.1155326 0.3982894 0.8950141 -0.2007874 -0.2619369 -0.958822 0.1097713 -0.2743748 -0.9616224 9.98098e-4 -0.0711742 -0.9965252 0.04326331 0.01224738 -0.9988512 -0.04632723 -0.01859325 -0.9980404 -0.05974727 0.002624809 -0.9999283 0.01168519 0.005431354 -0.9999639 -0.00652951 -0.1334685 -0.9906951 -0.02663505 -0.04063957 -0.9989411 -0.02156507 -0.9364557 -0.2214605 -0.2720403 -0.9828855 -0.180256 0.03799849 -0.720861 -0.6892904 -0.07237714 0.850313 -0.1016811 -0.5163612 0.8249521 -0.5431843 -0.1562209 0.9468991 -0.2933611 -0.1316108 0.9369339 0.251186 -0.2430237 0.8426803 -0.09480708 -0.5300015 0.9852102 -0.02112585 -0.1700429 -0.03789693 -0.9862587 -0.1608033 0.1896098 -0.9709286 -0.1461031 -0.02694344 -0.9912765 -0.1290153 0.8758882 -0.4340177 -0.2108282 0.8887099 -0.4435282 -0.1160935 0.7564485 -0.5985191 -0.2637434 -0.1361958 -0.9885903 0.06434315 -0.1758022 -0.9825971 -0.05997377 -0.1692696 -0.9847961 0.03904771 -0.01331329 -0.1817396 0.9832566 -0.04188233 -0.7550129 0.654371 0.06304448 -0.2929729 0.9540399 0.9972268 -0.06822586 0.02973484 0.8882928 -0.4273113 0.1683482 0.9370316 -0.349197 -0.005779564 -0.9704331 0.08557629 -0.225691 -0.985328 0.01211237 -0.170241 -0.9819603 0.006638288 -0.1889711 0.4401484 -0.8381299 0.322192 0.6860718 -0.6296379 0.364502 0.5826559 -0.6268139 0.5173166 0.8735286 0.4024146 0.2738802 0.7081341 0.6951829 0.1235604 0.9783702 0.1545388 0.1375121 -0.6200405 -0.7601305 -0.1942977 -0.9135694 -0.4065693 0.009620308 -0.4207944 -0.9071556 -9.70982e-4 0.8386723 -0.5190367 0.165014 0.7260798 -0.6632845 0.181278 0.5723485 -0.8167555 0.07299178 -0.03277945 -0.9583435 -0.2837312 -0.2121929 -0.9340789 -0.2871775 -0.1391078 -0.9651491 -0.2216669 -0.05880814 -0.9890835 0.1351131 -3.7313e-4 -1 1.25726e-4 0.1031776 -0.993573 0.04655283 -0.8632342 -0.4551675 -0.2182874 -0.9459382 -0.2336325 -0.2249817 -0.973571 -0.0745539 -0.2158732 0.8104963 -0.4314345 0.3961822 0.8492158 -0.1125417 0.5159136 0.9558824 -0.1125108 0.271349 -0.1847347 0.7492063 -0.6360528 0.05857908 0.3901814 -0.9188727 0.3350182 0.4322644 -0.837204 0.1360559 -0.9826785 -0.1258242 0.05284976 -0.9984623 -0.01673024 0.05538201 -0.9887154 -0.1391937 0.7760104 -0.5500777 0.3085813 0.7720001 -0.6329449 0.05828148 0.5851829 -0.8080027 0.06850242 -0.9919102 0.09511357 0.08406937 -0.9380242 0.3055844 0.1634897 -0.9508869 0.2927778 -0.1004758 -0.952167 -0.2729231 -0.137445 -0.7104971 -0.6637398 -0.2337597 -0.9417713 -0.3316531 -0.05543541 -0.9676194 -0.1633831 -0.1924021 -0.982893 0.07035315 -0.1702115 0.1680597 -0.9594874 -0.2261415 0.2479639 -0.9495448 -0.1920381 0.4520262 -0.8177871 -0.3562257 -0.2069624 -0.7968508 0.5676227 -0.2114962 -0.3997551 0.8918886 -0.4715299 -0.3889014 0.791464 0.9788082 0.1618586 -0.1254453 0.9123083 0.2928227 -0.2862665 0.9797408 0.1868111 0.07217723 0.5054743 -0.704491 -0.4981849 0.3692798 -0.6790262 -0.634473 0.2458575 -0.7780767 -0.5780578 0.9280109 0.1562992 -0.338181 0.848588 -0.08187103 -0.5226812 0.936536 0.1884886 -0.2955884 -0.3957555 0.9146735 0.08215951 -0.6062622 0.7894225 0.09621989 -0.3053053 0.9447369 0.119419 0.5581082 0.05106252 0.8281956 0.3126837 0.05355405 0.9483464 -0.2810075 -0.7657276 0.5785292 -0.2844674 -0.7933483 0.5382163 -0.2659493 -0.6866267 0.6766202 0.02963244 -0.9994689 -0.01355773 0.158742 -0.9826907 -0.0954988 0.2790372 -0.9373831 -0.2084494 0.9777748 -0.209279 -0.01260095 0.9085395 -0.2291257 -0.349367 0.9726043 0.04377549 -0.2283082 0.5117786 0.7375986 -0.4404895 0.7138836 0.6977902 -0.05881345 0.4548782 0.8860138 -0.08980888 0.9157407 -0.2318694 0.3281092 0.694059 -0.6235272 0.3598555 0.8550291 -0.5028192 0.1268787 -0.1537663 -0.2538962 -0.9549308 0.07642018 -0.2291513 -0.9703864 -0.05216836 -0.279302 -0.9587851 0.6352659 0.764576 -0.1089075 0.6808227 0.7135222 0.1654284 0.3904803 0.9187894 0.05788999 -0.9286782 0.2501646 -0.2738151 -0.9667894 0.2487664 -0.0585978 -0.9929146 0.0920515 -0.07514858 -0.1123704 -0.9809401 -0.1585226 -0.3456891 -0.9320237 -0.1087704 -0.01609826 -0.979691 -0.1998662 0.9953895 -0.04007482 0.08714348 0.9157758 -0.2317566 0.3280908 0.05096691 -0.9980245 -0.03673499 0.07942384 -0.9950518 -0.05969852 0.3015231 -0.9300516 -0.2099711 -0.4795662 0.06959545 0.8747416 0.01388597 -0.9946429 0.1024339 0.06330376 -0.9977711 -0.02111178 -0.00575751 -0.9985438 0.05364048 -0.3655186 -0.5004194 0.7848417 -0.3227019 -0.6705557 0.6679959 -0.1412422 -0.5205254 0.8420831 0.9203394 0.3728168 0.1182505 0.8173406 0.278146 0.5045684 0.8356273 0.5242841 0.1638699 0.3760327 -0.9264792 0.01536059 0.3756694 -0.9130563 -0.158748 -0.07149195 -0.9963524 -0.04659128 -0.7583505 -0.5315774 0.3772665 -0.8764971 -0.2234297 0.4264177 -0.9945331 -0.09407722 0.04531496 0.9078239 0.3991197 -0.1286831 0.956269 0.2758527 0.09723651 0.8861548 0.4614728 0.04210358 0.999526 0 -0.03078734 0.9869295 0.1147461 -0.1131525 0.9996829 -0.003170073 -0.02498453 0.9015328 -0.3373022 0.2710459 0.959822 -0.02130955 0.2797993 0.9255477 -0.1591362 0.3435657 0.969812 -0.2437251 0.007929503 0.959871 -0.02128916 0.279633 0.8387367 -0.5189301 0.1650224 -0.9809688 -0.155988 -0.1156194 -0.8903378 -0.3688106 -0.2669783 -0.9679847 0.04474002 -0.2469896 -0.1819072 -0.7896798 0.5859314 -0.4046254 -0.8731372 0.2718633 -0.2101981 -0.7010875 0.6813906 -0.3714838 0.9194521 0.128871 -0.1022171 0.994455 0.02471971 0.1785196 0.975224 0.1306477 0.993777 -0.07750773 -0.0799995 0.9332026 -0.00688976 0.3592847 0.9976149 -0.02850633 -0.06286638 -0.005829632 -0.9995045 -0.03093183 -0.01431423 -0.9991964 0.03743773 0.1438457 -0.9896001 2.08404e-4 0.8901771 -0.201151 -0.4088069 0.9976533 -0.06398963 -0.02436029 -0.6740807 0.7371708 -0.04684728 -0.695809 0.7181159 -0.01262849 -0.3654033 0.9308428 0.003499686 -0.3345406 -0.6349149 0.6963949 -0.02643907 -0.5711777 0.8204006 -0.2007095 0.5533761 -0.8083877 -0.2510074 0.6503739 -0.7169443 -0.04846125 0.9681597 -0.2455978 0.8569339 0.5148636 0.02407878 0.7507361 0.6606003 -0.001608967 0.9070606 0.4199424 0.02982383 -0.1851323 -0.9704224 0.1549406 -0.4323313 -0.8203169 0.3743928 -0.4532448 -0.8903179 0.0436272 -0.09062111 -0.7369827 0.6698092 -0.1934653 -0.9052831 0.3781979 0.1732205 -0.9799532 0.09841895 0.2172235 -0.9752779 0.04058384 0.3838521 -0.9224891 -0.04088371 -0.685644 -0.3716808 -0.625896 -0.6882754 -0.09703695 -0.7189304 -0.8753638 -0.1077216 -0.4713112 -0.1166929 -0.9923893 -0.03932398 0.09546118 -0.9930189 -0.06928682 -0.1638204 -0.9786662 -0.1239982 0.01812589 -0.9997932 -0.009227037 0.1097395 -0.9914396 0.07074558 -0.004721105 -0.9999808 0.004048585 -0.05908954 -0.9898108 0.1295493 7.69751e-4 -0.9999966 -0.002507805 0.103995 -0.9936366 0.04325938 -0.3652293 -0.9279597 0.07415127 -0.3893028 -0.8745565 -0.2891268 0.05396372 0.975618 -0.2127381 0.0965622 0.9949221 0.02838915 -0.08316516 0.985315 -0.1491243 -0.05543649 0.9960117 0.06991088 0.009747445 0.9996494 0.02462017 0.07369613 0.9905342 0.1158063 -0.7333267 -0.5985173 -0.3225042 -0.6498931 -0.7090177 -0.2737388 -0.3448287 -0.8292066 -0.4398973 -0.6737903 0.3080834 -0.6716333 -0.7651059 0.09199291 -0.6372994 -0.6337029 0.06790214 -0.7705907 0.7808275 -0.4990157 -0.3758882 0.9308833 -0.339949 -0.1337579 0.9316645 -0.2669613 -0.2464404 0.4098764 -0.9068953 -0.09768629 0.3389517 -0.9097852 -0.2395887 0.3257883 -0.9139587 -0.2419537 -0.7390183 -0.6702345 0.0681014 -0.6488559 -0.7289982 0.2180543 -0.6371317 -0.7569826 -0.1450541 0 1 -4.47118e-7 -0.3801544 -0.3927119 -0.8374127 -0.5013893 -0.1086464 -0.8583733 -0.2599961 -0.09231239 -0.9611871 0.01894378 -0.9930577 0.1160931 0.007161617 -0.9939485 0.1096147 -0.01565098 -0.9939221 0.1089681 -0.9797208 -0.171275 0.1039813 -0.9338471 -0.3512335 0.06756228 -0.8805353 -0.4644181 0.09472829 -0.8719824 -0.110375 0.4769319 -0.9490891 0.05437803 0.3102793 -0.8055637 -0.07545816 0.5876847 0.6834761 -0.6052302 -0.4081139 0.2711166 -0.9484616 -0.1640624 0.3351954 -0.6313075 -0.6993533 0.2128338 -0.7246735 -0.6554007 -0.8907233 -0.3705831 -0.2632114 -0.6741288 -0.2959553 -0.6767281 -0.9162647 -0.3132454 -0.2496726 -0.5014768 -0.1086564 -0.858321 -0.6090852 -0.371913 -0.700497 -0.2591887 -0.3734961 -0.8906862 4.25521e-4 0.999999 0.001368105 -5.72787e-4 0.9999995 7.63228e-4 0 1 -5.63353e-6 -0.9054413 -0.1159266 -0.4083346 -0.9527339 -0.2090924 -0.2204052 -0.7068348 -0.4718317 -0.5270289 0.7247871 0.09266072 -0.6827136 0.6445569 0.2020533 -0.7373743 0.688417 0.2584973 -0.6776881 -0.2183119 -0.9336103 -0.2840982 -0.1544616 -0.8724529 -0.463646 -0.7364953 -0.5907949 -0.3294484 0.9806645 0.02567589 0.1940054 -0.3885903 -0.9191707 -0.06421059 -0.2183346 -0.9336455 -0.2839651 -0.6926999 -0.7040721 -0.156363 0.03421133 -0.9567394 0.2889282 0.05878233 -0.9978338 0.02953869 -0.08764809 -0.9848063 0.1499149 0.08291172 0.7376583 -0.6700642 0.1764465 0.2548732 -0.95074 0.588944 0.4503985 -0.6710336 -0.9763574 0.003343403 0.2161366 -0.9487082 0.05233186 0.3117918 -0.976886 0.002729952 0.2137439 0.001094818 0.9999977 0.001890897 -6.29574e-4 0.9999997 6.5943e-4 -0.002399027 0.9996069 -0.02793562 0.05135148 0.9986082 0.01203 0.02277874 0.9997078 0.008099377 0.01791709 0.9997563 -0.01289677 0.7044214 0.6663787 -0.2443974 0.4712579 0.873614 0.121304 0.001191854 0.9930831 0.1174082 0.07377552 0.9836614 0.1642185 -0.02911847 0.9882 0.1503762 0.8218731 -0.5696272 -0.00703603 0.7432906 -0.6644529 -0.07759964 0.9326879 -0.3583732 -0.04076778 0.9665646 -0.2469992 -0.06887996 0.7921676 -0.5999962 -0.1116923 0.8548945 -0.4685531 -0.2227411 -0.7081278 -0.7046193 0.04546177 -0.5372657 -0.8118185 0.2286841 0.9992356 0.03816461 -0.008474528 0.9744767 0.224417 0.005677163 -0.9108987 0.1785298 -0.3720089 -0.7989234 0.4393829 -0.4106871 -0.9158102 0.401255 0.01691597 -0.05456006 0.9985087 0.001925706 0.07518541 0.9850667 0.1548901 0.08189058 -0.9952191 0.05322647 0.1645378 -0.90509 0.3920963 0.4420604 -0.896165 0.03835487 -0.05198103 -0.9985157 0.0162658 -0.09302747 -0.969803 0.2254512 0.06976664 -0.9515295 0.2995402 0.7514169 0.2941308 -0.5906436 0.8488879 0.1585288 -0.5042402 0.8056707 0.2295773 -0.5460669 -0.6394791 0.763519 0.09002995 -0.629533 0.776481 0.02766668 -0.3099156 0.9499535 0.03925335 -0.9417002 0.1880105 0.2790212 -0.7657349 0.6116407 0.1988608 -0.8208334 0.5446366 0.172057 0.4999251 -0.7327683 -0.4616551 0.8388921 -0.4739743 -0.2675979 0.447409 -0.8587421 -0.2497743 -0.7286569 0.1802515 -0.6607334 -0.9383009 0.005523741 -0.3457761 -0.4664645 0.003568828 -0.8845328 0.2381942 -0.9667815 -0.09272152 0.4916054 -0.8618445 0.1246926 0.5185663 -0.834714 -0.1853151 -0.8224279 0.5409939 0.1758918 -0.8422935 0.4852246 -0.2347319 -0.6919495 0.7035422 -0.16197 -0.991606 0.02023619 0.1277029 -0.9634899 -0.1735512 0.2038808 -0.9850744 -0.09735476 0.1419523 0.5521274 0.5190037 -0.6525264 0.6504499 0.489658 -0.5806462 0.6883939 0.2585293 -0.6776994 0.870873 -0.03222316 0.4904508 0.8769165 -0.01905894 0.4802648 0.8498995 0.1741871 0.4973225 -0.9825237 0.1644515 0.08719462 -0.9668295 0.246446 0.06711959 -0.9593905 0.2416778 0.1454706 -0.2817755 -0.6265972 0.7266213 -0.03932946 -0.953447 0.2989851 -0.4100831 -0.7025256 0.5816268 -0.1953785 0.2008774 0.9599353 -0.2709054 0.113376 0.9559059 -0.07165932 0.1787752 0.981277 0.957413 0.2886648 -0.005738615 0.783847 0.6194515 -0.04316943 0.96225 0.2668831 -0.05337065 0.6497696 -0.7577861 -0.05966317 0.8845147 -0.4653319 -0.03316652 0.4890269 -0.8624439 -0.1305494 -0.3901694 -0.007530748 0.9207124 -0.4737089 -0.07547479 0.8774414 -0.106216 -0.06771153 0.992035 0.7231956 -0.6705794 -0.1652617 0.9049931 -0.4064445 -0.12566 0.6150998 -0.7845 -0.07881617 0.06689327 0.9976652 0.01376694 -0.05313259 0.9985846 0.002398848 0.998187 -0.02543979 -0.05454927 0.9620522 -0.2711588 -0.03046959 0.9913549 -0.06431603 -0.1143634 -0.1147217 -0.9713428 -0.2081637 0.03323477 -0.9933324 -0.1103922 0.8383739 -0.530548 -0.1250914 0.8471233 -0.4814257 -0.2249698 0.5106071 -0.8555116 -0.0859096 0.6763799 0.5574138 0.4814564 0.8084335 0.2304565 0.541595 0.6555969 0.4258975 0.6235415 -0.8810209 -0.4431435 0.1656082 -0.9666743 -0.2555954 0.01455402 -0.7525377 -0.6582374 0.02026396 -0.06135702 0.9980272 0.01331084 -0.2411355 0.9695425 -0.04290848 -0.0294975 0.9874696 -0.1550288 0.2644343 0.9543314 0.1390189 0.2549265 0.9539923 0.1578332 0.1671349 0.9144405 0.368598 0.1263262 0.7262906 0.6756802 0.0476039 0.9915435 0.1207291 0.9692363 -0.193062 -0.1526697 0.9362291 -0.2926862 -0.194448 -0.7590904 -0.1151326 0.6407232 -0.6789687 -0.006354391 0.7341398 -0.8895427 -9.82714e-4 0.456851 0.4720094 -0.05217003 -0.8800486 0.759121 -0.1080058 -0.6419269 0.7248207 -0.1533432 -0.6716554 0.1104408 -0.9432113 0.3132976 -0.01982593 -0.9849825 0.1715123 0.05756461 -0.8997367 0.4326202 0.520632 0.1957212 -0.8310449 0.09278053 0.08002114 -0.9924659 0.6053938 -0.07887613 -0.7920081 0.02567583 -0.9996703 3.49903e-4 0.02458232 -0.9996978 3.87077e-4 0.03125303 -0.9993953 -0.01524746 -0.02654087 -0.9924588 0.1196715 -0.126537 -0.9854862 0.1131616 0.2998035 -0.9426397 0.1467936 0.1080204 0.9940153 -0.01628637 0.1086531 0.958218 -0.2645992 -0.01835733 -0.9998281 0.002634048 -0.1196794 -0.9926849 0.01592332 -0.01503276 -0.9998818 0.003264486 0.3370287 0.8704014 -0.3589056 0.1710503 0.853843 -0.4916239 0.5064439 0.7346863 -0.4513877 0.4594723 -0.8194671 0.342577 0.1573697 -0.967282 0.1989982 0.2386545 -0.9658922 0.1004804 0.0862658 -0.06897515 0.9938817 0.03354722 -0.08977782 0.9953967 0.342033 -0.08213216 0.9360917 -0.8436152 0.5362869 0.02664464 -0.6500167 0.7541235 0.09368073 -0.9084078 0.388284 0.1550194 0.2027847 -0.9791104 0.01486986 0.2497088 -0.9681526 -0.01805716 0.07954239 -0.996826 0.003307819 -0.6554852 -0.6909181 0.304912 -0.7003983 -0.7018511 0.1297978 -0.5228588 -0.7888969 0.322894 0.6736968 -0.7164776 0.1810868 0.7649698 -0.6222151 0.1663423 0.8816782 -0.3809664 0.2784028 0.8476538 -0.325178 0.4192164 0.876076 -0.2675449 0.4011368 0.7119767 -0.6874058 0.1433965 -0.2885265 0.957234 0.02134138 -0.1050191 0.9944694 -0.001387715 0.1389409 -0.05241417 0.9889127 -0.1750127 -0.04718035 0.9834352 -0.001313865 0.9999514 -0.009778141 -0.009079217 0.9999548 -0.002817213 -0.005652546 0.9997579 -0.0212692 -0.00736916 0.9999728 4.62173e-4 0.03605055 0.9938616 0.1045935 0.09461236 0.9365918 0.3374086 0.3982396 0.8949968 -0.2009625 0.7129834 0.6804555 -0.1692186 0.2364781 0.9646289 -0.1164866 -0.2959114 -0.9107074 0.2881814 -0.4028118 -0.897488 0.1796054 -0.1646984 -0.9834176 0.07592248 -0.4326062 0.9013351 0.02114778 -0.1106183 0.9938629 -2.62107e-4 -0.3844895 0.9230862 0.008933007 -0.2022426 -0.9793232 -0.004920721 -0.252047 -0.9677004 -0.00531429 -0.5076604 -0.8563215 0.09483963 0.07940286 -0.9968372 0.003308832 0.1785427 -0.9821459 0.05926191 0.2703768 -0.9587736 0.08746182 0.9937991 -0.06996661 -0.08641862 0.9942738 -0.1015712 -0.03321033 0.9363672 -0.08631217 -0.3402451 0.1085993 0.9940759 0.004392147 -0.06561535 0.9946693 -0.07954663 -0.07868301 0.979635 -0.1847275 -0.983911 -0.003656029 0.1786224 -0.9885262 0.01557105 0.1502445 0.1388486 -0.9402722 -0.3108206 0.2587358 -0.9559895 -0.1383473 -0.04404842 -0.925428 -0.3763545 0.2004839 -0.9795786 -0.01523882 -0.139983 -0.9901359 0.005989372 0.009049117 -0.9999272 0.007988154 -0.0855121 -0.9956164 0.03789317 -0.1096576 -0.9866296 -0.1205706 -0.09989577 -0.9798849 -0.1727611 -0.9675098 -0.004049122 0.2528012 -0.963159 0.006857037 -0.2688456 -0.9706016 -0.2406898 -0.001123011 -0.9939361 0.01361238 0.1091138 -0.9815459 0.1891321 0.02822625 -0.9976399 -0.06021976 0.03299057 0.9935364 -0.1135054 -0.001380205 0.9515711 -0.298443 0.07378709 0.9564116 -0.1009685 0.2740116 0.1505733 0.5806196 0.8001303 0.2990117 0.4691141 0.8309777 0.1999177 0.1801285 0.963113 -0.5761309 -0.02907377 -0.8168402 -0.5727931 -0.03370559 -0.8190067 -0.572603 -0.03383934 -0.8191341 -0.5692175 -0.03838217 -0.8212907 -0.6995064 0.1956134 -0.6873328 -0.5328255 0.004582107 -0.8462128 -0.5328394 0.004594683 -0.8462039 -0.3185704 -0.1868051 -0.9293099 0.1202094 -0.02285742 -0.9924855 0.6281768 -0.09539169 -0.7722011 0.3794663 -0.1126552 -0.9183214 0.6282954 -0.0955348 -0.7720868 0.6283055 -0.09551775 -0.7720808 0.7836545 -0.2570656 -0.5655113 0.9959584 0.08925282 -0.01004517 0.9993625 0.03561568 -0.002448916 0.9993615 0.03564459 -0.002456068 0.9998255 -0.01796221 0.005132734 -0.2916031 0.1025681 -0.9510244 -0.09242564 -0.07260608 -0.993069 -0.09241628 -0.07261669 -0.993069 0.1133698 -0.2425109 -0.9635019 -0.9428082 -0.07895618 -0.3238497 -0.957585 -0.04713106 -0.2842705 -0.9575967 -0.04710382 -0.2842355 -0.9696801 -0.0153231 -0.2438975 -0.8983711 -0.02403694 0.4385792 -0.5056149 0.03856152 0.8618971 -0.7338139 0.05505144 0.6771163 -0.5054833 0.0386883 0.8619686 -0.5054705 0.03866076 0.8619773 -0.2280158 0.1915774 0.9546239 -0.7657253 0.2088379 -0.6083186 -0.5861081 -0.004651069 -0.8102195 -0.586119 -0.004669606 -0.8102115 -0.5859766 -0.00478667 -0.8103139 -0.3056812 0.05398446 -0.9506024 -0.01425939 -0.03708124 -0.9992106 0.2864248 -0.1271604 0.9496268 0.4328261 -0.0265662 0.901086 0.4328427 -0.02655225 0.9010785 0.5647152 0.07475727 0.8218932 0.9993374 -0.03557354 0.007695257 0.9999967 -6.05048e-5 0.002597153 0.9999967 -5.67604e-5 0.002599596 0.9993692 0.03542596 -0.002491295 -0.8768712 -0.04236191 0.4788554 -0.4632484 -0.02781385 0.8857919 -0.7105379 0.0277608 0.7031112 -0.4631031 -0.02769857 0.8858717 -0.4631097 -0.0276854 0.8858684 -0.2402535 0.1515227 0.9588113 0.8999555 0.2512127 -0.356332 0.9938791 0.04029309 -0.1028631 0.9938837 0.04026508 -0.1028296 0.9709535 -0.1754664 0.1626682 -0.5844625 0.09040272 0.806369 -0.6606637 0.01245671 0.7505787 -0.660667 0.01246064 0.7505757 -0.660745 0.01236385 0.7505088 -0.6607427 0.01235949 0.7505108 -0.7270507 -0.06573218 0.68343 0.4426494 -0.006743311 -0.8966695 0.8431525 -0.07277053 -0.5327273 0.6432279 -0.08003056 -0.7614808 0.8432178 -0.07289057 -0.5326074 0.8471749 -0.3090327 -0.4321961 0.9026573 -0.2017113 -0.3801611 0.9739906 -0.1139013 -0.1958793 0.9661734 -0.04409569 -0.2540957 0.9661793 -0.04413241 -0.2540668 0.9503248 0.02581757 -0.3101874 0.9999203 -4.17352e-4 -0.01262146 0.8584591 0.01493459 -0.5126647 0.9596201 0.07200795 -0.2719269 0.8583753 0.01505225 -0.5128014 0.7108294 -0.03567606 -0.7024592 0.5132116 0.03587925 -0.8575118 -0.9981682 0.05148822 0.0317704 -0.8600555 0.08975338 0.5022439 -0.9532487 0.1362879 0.2697087 -0.8599814 0.08990108 0.5023445 -0.7065883 0.01322752 0.7075012 -0.5052604 0.07234454 0.8599293 -0.07357513 -0.1823057 -0.9804853 -0.3388489 5.05495e-6 -0.9408408 -0.154461 0.1818782 -0.9711139 -0.4249422 0.05407601 -0.9036039 -0.06234532 -0.1396619 0.9882347 -0.1212458 -0.1007921 0.987492 0.03480368 -0.09128612 0.9952164 -0.03601235 0.07333511 0.996657 -0.7092231 -0.7045467 0.02482998 -0.6695488 -0.701696 0.2435714 -0.8155986 -0.5603194 0.1443655 -0.8156017 -0.5603232 0.1443324 -0.6695352 -0.7016956 0.2436103 -0.8367888 -0.452371 0.3084562 -0.5192739 -0.05313074 0.8529548 -0.9170764 -0.08746802 0.3889991 -0.742634 -0.1192619 0.6589927 -0.9171271 -0.08757638 0.3888552 -0.9882736 -0.003316223 0.1526578 -0.9940972 -0.02793622 -0.1048351 -0.8834798 -7.00946e-5 -0.4684693 -0.6549217 -0.1123447 -0.7472993 -0.8290407 5.01147e-6 -0.5591884 -0.6360546 -0.1857795 -0.7489463 -0.5162653 0.8337261 -0.1958851 -0.2295153 0.9644473 -0.1310129 -0.5161386 0.8338179 -0.1958281 -0.356925 0.9338513 0.02294659 0.8203209 0.007477462 0.5718548 0.836807 0.01505273 0.5472911 0.9008764 -0.1722217 0.398449 0.8284799 -0.3292043 0.4530406 8.12731e-5 0.9999918 -0.004073917 0 1 5.27124e-7 8.16636e-5 0.9999917 -0.004073381 3.9372e-4 0.9999999 2.7401e-4 -0.6695158 -0.7016891 0.2436825 -0.5675486 -0.6934824 0.443814 -0.735637 -0.5544855 0.389081 -0.7009537 -0.4539576 0.5500787 -0.7577506 0.5339666 0.3750916 -0.6757706 0.5495218 0.491284 -0.6489505 0.6992217 0.2999207 -0.4467576 0.7876165 0.4243441 0.03540152 0.05279123 0.9979779 -0.1330925 -0.05425429 0.9896175 -0.1330972 -0.05426102 0.9896166 -0.296227 -0.1590281 0.9417853 0.3562003 0.9341177 -0.02335894 0.2395796 0.9609137 0.1387326 0.5286661 0.8246122 0.2013133 0.7392917 0.6077943 0.2898861 0.5410367 0.7809999 0.3119591 0.7541652 0.5237315 0.3961568 -0.8719035 -0.301337 0.3859797 -0.7879961 -0.1837158 0.5876317 -0.8744078 0.1861061 0.4480798 -0.7302844 0.3014466 0.6130372 -0.01277071 -0.9983772 0.05549955 0.1662127 -0.9849438 0.04753059 0.127766 -0.9821335 0.1381658 0.2081928 -0.9741833 0.08730798 -0.9973762 0.07169449 0.01004207 -0.9996322 0.02686095 0.003758966 -0.9996315 0.02688729 0.003768086 -0.9998289 -0.01832008 -0.002566397 -0.07999175 0.787032 -0.6117042 0.1382083 0.69485 -0.7057493 -0.001029193 0.5485002 -0.8361498 0.1415876 0.529295 -0.8365405 -0.04890632 0.9796517 0.1946557 -0.2333148 0.9469172 0.2211606 -0.3533573 0.8258468 0.4394496 -0.5035328 0.6086713 0.6131673 -0.4467067 0.7875843 0.4244577 -0.6459178 0.448216 0.6179746 0.6866066 -0.4859287 0.5407817 0.5093125 -0.7506015 0.4209492 0.7759904 -0.5500203 0.3087343 0.2206804 0.1835363 -0.9579221 0.5053775 -0.1242257 -0.8539097 0.2908672 -0.1840513 -0.9388937 0.477096 -0.2946997 -0.8279683 -0.8515517 0.0217716 -0.5238186 -0.7957727 -0.03890532 -0.6043445 -0.7957717 -0.03890275 -0.6043461 -0.7956964 -0.03899556 -0.6044392 -0.6157323 -0.005929291 -0.7879331 -0.4585314 -0.02041226 -0.8884437 -0.6289404 0.7774477 0.003073453 -0.8945804 0.4469049 0.001426935 -0.7456212 0.6663435 0.00595802 -0.8945828 0.4469001 0.001429557 -0.9762075 0.2168008 0.004062712 -0.9987822 -0.04885298 0.006897747 0.4778356 0.002125263 0.8784467 -0.07651185 -0.01656025 0.9969311 0.2276469 -0.05140668 0.9723859 -0.076662 -0.01667511 0.9969178 -0.374867 0.0165143 0.9269315 -0.6079518 -0.03464859 0.7932177 0.2045971 -0.4492765 0.8696498 0.01737523 -0.2611435 0.9651436 -0.1636399 -0.4204285 0.8924472 0.05486518 -0.1650102 0.9847647 0.4487542 -0.7969191 -0.4044005 0.4425303 -0.824499 -0.3526592 0.6146493 -0.7873297 -0.04814791 -0.4428883 0.00444746 -0.8965659 -0.839103 -0.01659023 -0.5437197 -0.6488128 0.03215247 -0.7602685 -0.8391981 -0.01650148 -0.5435756 -0.9535306 -0.04337179 -0.2981581 -0.9976924 -0.004114866 -0.06777244 -0.9894831 -0.003621995 -0.144604 -0.944437 -0.018444 0.3281748 -0.9983105 -0.005863726 -0.05781006 -0.9546544 0.05555295 0.2924873 0.636511 -0.7061671 -0.310132 0.5528587 -0.7143916 -0.428943 0.7316995 -0.5610717 -0.3870587 0.664069 -0.7072613 -0.2424745 0.5439448 -0.006187856 -0.8390983 0.06826514 0.02446019 -0.9973674 0.3362395 0.0393241 -0.9409553 0.06810599 0.0245406 -0.9973763 -0.2160658 -0.02317643 -0.9761037 -0.4427646 0.004503905 -0.8966266 -0.1214301 -0.8363169 -0.5346295 -0.03879451 -0.5878919 -0.8080089 -0.1534279 -0.7213319 -0.6753816 -0.2008708 -0.4508185 -0.8697203 0.01262176 -0.9983739 -0.05559039 -0.1357411 -0.9893766 -0.0520417 -0.1278284 -0.9821202 -0.1382022 -0.2106851 -0.9731361 -0.09283268 -0.4695388 0.01320368 -0.8828132 -0.1715711 0.002582967 -0.9851684 -0.1557389 0.1100359 -0.9816504 0.03561878 -0.05171614 -0.9980264 -0.7041546 0.7100348 -0.004134595 -0.783113 0.6009961 -0.1598054 -0.8953808 0.4328156 -0.1047089 -0.956609 0.2900263 -0.02800077 -0.7831454 0.6009379 -0.1598658 -0.9070369 0.2778773 -0.316336 -0.9190479 -0.1203418 0.375325 -0.882666 -0.01004844 0.4698934 -0.8826889 -0.01010447 0.4698491 -0.8265454 0.1003446 0.5538535 0.01524424 -0.02653497 -0.9995316 6.71144e-5 -1.18323e-4 -1 6.19958e-5 -1.07547e-4 -1 -0.01512658 0.02633023 -0.9995388 0.2894068 0.1860889 0.9389434 0.08133077 -0.01451379 0.9965816 0.08136302 -0.01448088 0.9965794 -0.1337416 -0.2139291 0.9676505 0.7951266 0.6024572 -0.06942075 0.8788849 0.4190743 -0.2278999 0.8944194 0.3650783 -0.2583248 0.8944571 0.3649268 -0.2584089 0.9242991 0.2691469 -0.2706126 0.9467201 0.08566361 -0.3104559 -0.002696216 0.1651048 0.9862723 0.2143059 -0.2731763 0.9377887 0.1319764 -0.1643689 0.9775302 0.352456 -0.1193062 0.9281923 0.2144249 -0.2732379 0.9377437 0.3942301 -0.472612 0.7881756 0.9894772 -0.003680527 -0.144643 0.9626571 -0.001769423 -0.2707182 0.9316684 -0.266872 -0.2465228 0.9316648 -0.2668871 -0.2465196 0.8637152 -0.003765881 -0.5039661 0.8893056 -0.3330761 -0.3133623 -0.6470036 -0.4892274 -0.5848443 -0.8532465 -0.1832664 -0.4882459 -0.7921705 -0.4284648 -0.4346078 -0.9003157 -0.2172214 -0.377156 -0.8532637 -0.1831477 -0.4882603 -0.9273026 -0.1966955 -0.3184664 -0.2571021 0 -0.9663842 0.2612619 -0.009238183 0.9652237 0.2612717 -0.009216725 0.9652213 -0.948116 -0.05754274 0.312674 -0.9324436 -0.008075535 0.3612255 -0.9324415 -0.008069694 0.361231 -0.9120964 0.04139143 0.4078811 -0.9641956 0.03401464 0.2630019 -0.9631978 0.04720562 0.2646162 -0.9631977 0.04720556 0.2646166 -0.9631959 0.04722297 0.26462 -0.9631962 0.04722309 0.2646189 -0.9620243 0.06050378 0.2661741 -0.5237619 -0.5593759 0.6424735 -0.6427637 -0.5666317 0.5155418 -0.4670498 -0.7066945 0.5314578 -0.4670438 -0.7067064 0.5314474 -0.5616496 -0.7128862 0.4199322 -0.606169 -0.7096537 0.3590973 -0.4629179 -0.880427 0.102739 -0.4101945 -0.911526 0.02934366 -0.1501497 -0.9886056 -0.01068276 -0.1599047 -0.9693304 -0.1866261 0.622031 0.7139528 -0.3214792 0.3978432 0.8642531 -0.3078756 0.5755574 0.6100513 -0.5445836 0.8293117 0.244117 -0.502642 0.459372 0.8135679 -0.3564895 0.6503984 0.3639184 -0.6667424 0.7746724 -0.2915769 -0.5611289 0.8807444 -0.2672209 -0.3910018 0.8807597 -0.2672131 -0.3909728 0.7268651 -0.345674 -0.5934448 0.7287476 -0.2600144 -0.6334978 0.9624246 0.07562524 -0.2608057 0.9669709 0.02066397 -0.2540479 0.9669685 0.0206899 -0.2540547 0.9685341 -0.03424757 -0.2465135 -0.9684109 -0.1700868 -0.1823481 -0.9971068 0.03370648 0.0681324 -0.9971082 0.03369224 0.06811767 -0.9210491 0.233844 0.3114249 -0.7103693 -0.692054 -0.1282063 -0.4315068 -0.835363 -0.3405449 -0.7591057 -0.5131603 -0.4005313 -0.4880101 -0.8228908 -0.2910279 -0.2664206 -0.9402084 -0.2121987 -0.2429299 -0.8920409 -0.3811145 -0.8858186 -0.4299642 0.1745177 -0.9394803 -0.2525257 0.2315335 -0.916094 -0.3454419 0.2035721 -0.9580963 0.06363022 0.2792894 -0.9602637 0.02890288 0.277594 -0.9499737 0.06491446 0.3055098 -0.9499673 0.06493437 0.3055254 -0.9376325 0.1006537 0.3327373 0.01256382 -0.02611166 -0.9995801 0.5124356 -0.04309964 -0.8576434 0.2675607 -0.07242411 -0.9608153 0.5125911 -0.04317808 -0.8575465 0.738656 0.01509642 -0.6739135 0.8948726 -0.01243185 -0.4461484 0.8949449 -0.01234507 -0.4460061 0.9976654 -0.01253551 0.06713253 0.975782 -0.06334871 -0.2093718 0.9976557 -0.01263797 0.06725627 0.9976559 -0.01264649 0.06725126 0.9501723 -0.1479168 0.2743963 0.8428705 0.1767478 0.5082613 0.6550722 -0.1146018 0.7468246 0.8044763 -0.1781166 0.5666502 0.6373941 -0.1786714 0.7495368 -0.3333686 0.9326184 -0.1381604 -0.4791929 0.8708881 0.1092166 -0.3140519 0.9492988 0.01425707 -0.3352234 0.9403568 -0.0579167 -0.4780645 0.8693264 0.1254032 -0.3483197 0.9364926 0.04068118 -0.285715 0.9398741 0.1870927 -0.3484802 0.936433 0.04068237 0.968213 0.0905649 -0.2331556 0.9083295 0.3529316 -0.224448 0.9741483 0.1661201 -0.153099 0.8555264 0.505001 -0.1142306 0.6580204 -0.2265281 0.7181185 0.4996088 -0.1025977 0.860154 0.4174025 -0.1053127 0.9025987 -0.9133912 -0.3698745 -0.1700281 -0.9627439 -0.2650452 0.05362129 -0.9133725 -0.3698899 -0.1700951 -0.9076206 -0.2250771 -0.354352 0.6830689 0.3245209 -0.654296 0.8520916 0.3554367 -0.3841938 0.4808109 0.7137318 -0.509321 0.6441024 0.7528263 -0.13559 -0.9993538 0.03558599 0.0050565 -0.9999589 -0.008988201 -0.001278817 -0.9999589 -0.008987843 -0.001278877 -0.9985554 -0.05319815 -0.007559061 0.9805963 0.06535327 0.1848241 0.8775997 0.1824437 0.4433208 0.961056 5.01147e-6 0.2763538 0.8373849 -0.1829493 0.5150883 0.5982896 -0.6925356 0.4030438 0.6803749 -0.7060618 0.196384 0.7505441 -0.5485912 0.3684172 0.6366981 -0.6924384 0.3393297 0.7848578 0.06757038 0.6159811 0.5447795 0.2692756 0.79417 0.7252298 -0.1822392 0.6639508 0.5450807 -0.2945776 0.7849274 -0.01998227 0.9997825 -0.005975842 -0.01000028 0.9999487 -0.001645743 -0.01000034 0.9999487 -0.001645743 -0.009986996 0.9999489 -0.001639187 -0.009986877 0.9999489 -0.001639425 4.09849e-5 0.9999964 0.002708137 -0.9991112 -0.04051119 -0.01165133 -0.9999743 -0.006391227 -0.003247082 -0.9999742 -0.00641191 -0.003254413 -0.9996039 0.02767086 0.005137681 0.9996181 0.0269227 -0.006228685 0.9996188 0.02690231 -0.006224095 0.4459065 -0.6613638 0.6031296 0.3520128 -0.4427781 0.8246422 0.3262928 -0.144376 0.934178 0.5478367 -0.04463583 0.8353937 0.9148144 -6.71218e-5 0.4038745 0.8375418 -0.009675264 0.5462878 0.300055 0.1341298 0.944445 0.02292543 0.04796582 0.9985859 0.2001065 -0.1890972 0.9613531 0.2299647 -0.299722 0.9258958 0.02291828 0.04795628 0.9985865 -0.02156668 -0.2942521 0.9554845 -0.5960767 0.7391856 0.313524 -0.2863925 0.8979869 0.3340643 -0.4542394 0.7220817 0.5217899 -0.3417839 0.8637858 0.3702135 -0.2862394 0.8980422 0.3340472 -0.1429175 0.8765864 0.4595336 0.1673548 -0.985135 -0.03874772 0.02782887 -0.9994431 0.01841944 0.02351647 -0.9893031 -0.1439672 -0.124551 -0.9921668 -0.009601831 -0.9137119 -0.02310067 0.4057058 -0.9244573 -0.1634389 0.34448 -0.9673897 -0.1460633 0.2069367 -0.8830546 -0.4228481 0.2035049 -0.9127442 -0.09688848 -0.3968763 -0.9804342 0.01667231 -0.1961396 -0.993638 -0.09804999 -0.05540627 -0.9972615 -0.05116951 -0.05339717 0.04523581 -0.9801532 -0.1930115 -0.0494461 -0.9985358 -0.02194201 -0.1168054 -0.9848074 -0.1284955 -0.1823662 -0.9821028 0.04708164 -0.121315 -0.1008725 0.9874753 -0.3518046 -0.7349063 0.5797813 -0.3840581 -0.5692935 0.7269142 -0.1953484 -0.8854187 0.4217496 -0.145187 -0.9598434 0.2400448 -0.4063506 -0.9114356 -0.06453388 0.1177621 -0.9862278 0.1161333 -0.04792922 -0.9848867 0.1664367 0.07460993 -0.9971963 0.005745053 -0.06342017 -0.9849515 0.1607745 -0.06355839 -0.9849498 0.1607305 -0.3347688 -0.9415636 -0.03725564 -0.09388673 -0.9952757 -0.02473461 -0.582088 -0.7979006 -0.156615 -0.4336856 -0.8920885 -0.126867 -0.09389346 -0.9952746 -0.02475154 -0.05360966 -0.9969603 -0.05653554 0.08953875 -0.9947542 0.04946666 0.4506915 -0.8855014 0.1129801 -0.4026829 -0.9089136 -0.1082709 -0.4206578 -0.907219 -9.07101e-4 -0.3056741 -0.951864 -0.02276825 -0.6265585 -0.7752253 -0.08031487 -0.4207252 -0.9071878 -9.0182e-4 -0.7771111 -0.6286452 -0.03006434 0.1218572 -0.9843977 0.1269339 -0.02094757 -0.9992583 0.03231537 0.09505128 -0.9936552 -0.06012326 -0.09595906 -0.9891345 -0.1113771 -0.04658067 -0.9864864 0.1570819 -0.1775494 -0.9830325 0.04607808 0.05372536 -0.9788553 -0.197373 0.009956479 -0.99971 -0.02193129 -0.1081001 -0.983985 -0.1417317 -0.1145747 -0.9916142 0.05978333 0.4156216 0.9050036 0.09070414 0.6938673 0.7055953 0.143818 0.6938673 0.7055953 0.143818 -0.8489434 -0.1152247 0.5157698 -0.9994883 -0.02648752 0.01793283 -0.9815587 -0.1176761 0.1506488 -0.9980596 0.009037613 -0.06160777 0.2004809 0.08818453 0.9757207 0.1680992 0.05677092 0.9841341 0.1681099 0.05678164 0.9841316 0.1351647 0.02519994 0.9905027 0.08472776 -0.9953547 -0.04572021 -0.05359959 -0.9969598 -0.05655252 -0.3114413 -0.945738 -0.09265035 0.3157023 0.9023075 0.2935527 0.1879186 0.9644342 0.1858848 0.009300708 0.9998185 0.01663178 -0.5354345 -0.8445742 -0.002104043 -0.2390295 -0.965825 0.1002354 0.452019 -0.8178609 -0.3560652 0.1897476 -0.9708961 -0.1461396 0.2663098 -0.9439963 -0.194808 0.1052581 -0.9882947 -0.1104291 0.09708333 -0.9936795 -0.05635613 -0.0379343 -0.9862564 -0.1608089 -0.07914549 -0.9652316 -0.2491266 0.026313 -0.9913557 0.1285358 -0.101882 -0.981092 -0.1645562 0.01879858 -0.9996286 -0.01973575 0.1173552 -0.9878203 -0.1021701 -0.02316534 -0.9960182 0.08608824 0.277014 -0.958794 0.06306618 0.08480989 -0.9953502 -0.04566591 -0.07921713 -0.9902026 -0.1149942 0.09065645 -0.9935607 -0.06796133 -0.3737443 -0.002844095 0.9275275 -0.1425934 -0.07200282 0.987159 -0.1715477 -0.01827728 0.9850063 0.0359959 -0.03276264 0.9988148 0.1548018 0.009868323 0.9878963 -0.9381917 -0.03622615 -0.344215 -0.6649947 -0.416794 -0.6197296 -0.8010454 -0.2933695 -0.5217861 -0.6648563 -0.4169118 -0.619799 -0.4755278 -0.3845663 -0.7911903 -0.1359329 -0.7402832 -0.6584095 0.07418167 -0.9924348 -0.09782749 0.1166526 -0.9895448 0.08481341 0.9581612 -0.2617396 0.1158424 0.9899762 -0.1040817 0.09546834 0.9952379 -0.09219354 0.03165227 0.2306718 -0.9709169 0.06411653 0.2328218 -0.9719655 0.03281885 0.3178947 -0.9451063 0.07561057 0.3179197 -0.9450914 0.07569295 0.3757953 -0.925411 0.0489124 0.1410378 -0.9868303 0.07921093 0.317789 -0.9451338 0.0757116 -0.1429406 -0.9866359 0.07821577 -0.1949928 -0.9048129 0.3785386 -0.7067385 -0.07804423 -0.703157 -0.5138173 -0.3519198 -0.7823965 -0.5847909 -0.2185785 -0.7811806 -0.4763194 -0.4712224 -0.7423405 -0.5137239 -0.3520423 -0.7824026 -0.2599779 -0.5838117 -0.7691394 -0.1092648 -0.9819933 0.1541113 0.2385568 -0.971077 0.01000106 0.161886 -0.9866372 0.01843756 0.1291942 -0.9886165 -0.07711315 0.002534449 0.9999968 1.78342e-4 0 1 -1.27871e-7 -0.2293561 0.9644864 -0.1310029 -0.2293747 0.9644846 -0.1309832 0 1 -2.57321e-7 0.001850366 0.9999952 0.002496182 -0.1260906 0.9803692 -0.1515834 0.003482401 -0.9997086 -0.02389138 0.006376922 -0.9976791 -0.06779313 -0.1237779 -0.9842003 -0.1266056 -0.5094017 -0.4873223 0.7092438 -0.8350986 -0.3974478 0.3803231 -0.7872672 -0.1086196 0.6069697 -0.8454808 -0.143212 0.5144441 0.995028 0.09538871 -0.02864289 0.9971133 0.07591682 0.001329779 0.9839724 -0.1771847 0.02009969 0.06567585 -0.9917253 -0.1103075 0.01487481 -0.9997943 0.01379162 -0.1263781 -0.9853112 -0.1148495 -0.1056048 -0.9919075 0.07047832 -0.1856113 -0.916873 -0.3534013 -0.2725022 -0.9613411 -0.03957045 -0.1941841 -0.9803688 -0.03419882 -0.1943229 -0.9803411 -0.03420662 -0.3944778 -0.9148831 -0.08588469 -0.1790581 -0.9838356 -0.002425491 -0.1003431 -0.9744372 0.2010059 -0.1930696 -0.7929178 0.5779322 0.05350285 -0.9788612 -0.197404 0.009693562 -0.9997071 -0.02218002 -0.1086087 -0.9838169 -0.1425079 -0.1148921 -0.9916235 0.05901479 0.3616254 -0.9314714 0.0398516 0.05292141 -0.998458 -0.01676571 0.3633784 -0.9105479 -0.1971263 0.3416676 -0.8925053 -0.2944444 -0.9576495 0.08259749 0.2758355 -0.9711614 0.1649556 0.1721488 -0.8829788 0.1768975 0.4348054 -0.8524447 0.3301553 0.4053832 -0.9711366 0.1650311 0.1722167 -0.7747337 0.6296852 0.05730932 0.9581558 0.2535464 -0.1328603 0.946819 0.2823241 -0.1543594 0.8253368 0.5646002 0.006770551 0.9041857 0.4043855 0.1375527 0.6452028 0.7530246 0.1291026 0.9897644 -0.1411448 0.02108889 0.9951846 -0.02782779 -0.09398597 0.9480528 -0.2292489 -0.2205467 0.991819 -0.1274868 0.006497204 0.8961756 -0.4400853 0.05651789 0.3262856 -0.9448105 -0.02951186 0.1878122 -0.9805108 -0.05766481 0.1189495 -0.9914065 -0.05444473 0.118824 -0.9914249 -0.05438488 0.3230903 -0.7808268 -0.5347169 -0.2486017 -0.8462597 -0.4712133 0.01445674 -0.8054952 -0.592426 -0.1857299 -0.9168057 -0.3535136 -0.2487854 -0.8462147 -0.471197 -0.5519461 -0.8228471 -0.1351976 0.1366994 -0.9895748 0.04533296 -0.002927005 -0.9989328 -0.04609388 0.1365501 -0.9807888 -0.1393109 -0.04230612 -0.984135 -0.1723038 0.7247314 -0.3201485 0.6101388 0.8835881 -0.2726697 0.3806881 0.7088013 -0.149933 0.6892901 0.9223707 -0.2097829 0.3243816 0.6192263 -0.5670531 0.5431478 -0.117528 -0.1231268 0.9854071 0.3003514 -0.1645388 0.9395297 0.1926522 -0.2002491 0.9606172 0.2670505 -0.1880784 0.945151 0.5173727 -0.225475 0.825522 0.7087134 -0.1498133 0.6894065 -0.9703475 -0.2416413 0.005939245 -0.864084 -0.5032325 -0.01077336 -0.9759733 -0.2178835 -0.001732468 -0.9681102 -0.2490786 -0.02687966 0.16242 -0.9856115 0.04679554 0.5264564 -0.8502 -0.001900136 0.09593629 -0.9953741 -0.005178868 0.2168616 -0.9724398 -0.08562672 0.1307706 0.8207268 -0.5561534 0.0787248 0.912974 -0.4003509 0.07875007 0.9129402 -0.4004232 -0.2937625 0.9410889 -0.167497 0.6965629 -0.7174599 -0.007172703 0.7908198 -0.5724456 -0.2165874 0.9190329 -0.3921637 -0.03982704 0.145486 -0.9893547 0.003328084 0.09197407 -0.9892982 0.1132695 0.001671731 -0.9998195 -0.01892644 0.1754391 -0.9834697 -0.04481554 0.01025134 -0.9905202 -0.1369847 -0.1054568 -0.9917433 0.07296663 -0.1639405 -0.9816493 -0.09740656 -0.8434202 0.106863 0.5265194 -0.8127273 0.1408576 0.5653615 -0.9443785 -0.01837003 0.3283471 -0.9509254 0.156145 0.2671323 -0.03263944 -0.9133845 0.4057875 0.145352 -0.9893744 0.003327071 -0.03315126 -0.8864049 0.4617224 0.2518127 -0.9620494 0.1051251 -0.2011141 0.03844451 -0.9788131 -0.2449483 0.08575457 -0.9657363 -0.2449536 0.08574855 -0.9657354 -0.4791045 0.006643354 -0.8777327 -0.2449721 0.0857774 -0.9657283 -0.2876614 0.1326692 -0.9484987 -0.1970908 0.03488081 -0.9797645 -0.2388105 0.07894665 -0.9678518 -0.3089872 0.2340391 -0.9218202 -0.2989337 0.4311366 -0.8513283 0.5162053 -0.009535014 0.8564119 0.1648215 -0.04147839 0.985451 0.3779035 -0.03903532 0.9250217 0.3779238 -0.03910475 0.9250106 -0.09859913 -0.07313293 0.9924363 -0.3806977 -0.0808919 0.9211547 -0.01472318 -0.9928151 -0.1187497 0.1406355 -0.9898833 -0.01878231 -0.9562715 0.1969332 0.2162454 -0.9982402 0.02279412 0.05474442 -0.9982399 0.02279913 0.05474907 -0.9821441 -0.1527132 -0.1098708 -0.9605001 0.1958722 0.1976706 -0.9990558 0.030577 0.03086698 -0.9503234 0.3109359 -0.014301 -0.9990634 0.03046137 0.03072953 -0.9990635 0.03046107 0.03072887 -0.9314349 -0.1476706 -0.3325995 -0.7785916 0.5784336 -0.2433307 -0.4248485 0.9009395 -0.08838456 -0.3052678 0.9509636 -0.04979956 -0.305112 0.9510147 -0.04977834 0.01684445 0.9997909 0.01160413 0.03286218 0.998783 0.03677833 -0.003862619 0.9996541 0.02601587 -0.02332806 0.9996066 0.01557332 -0.03598356 0.9938624 -0.1046081 -0.01622855 0.999852 -0.005707681 -0.8576359 -0.1707258 -0.4850913 -0.9050472 -0.2853516 -0.3153792 -0.983473 -0.1729494 -0.05356836 -0.943107 -0.3301998 0.0389533 -0.2274891 0.1145079 -0.9670248 -0.1817799 0.06997364 -0.9808465 -0.1818065 0.06999987 -0.9808397 -0.1351662 0.0251711 -0.9905032 0.1650615 0.160427 0.9731484 -0.04871678 -0.00307089 0.9988079 -0.0486986 -0.003100872 0.9988088 -0.04883027 -0.003202021 0.998802 -0.04882383 -0.00320661 0.9988023 -0.259023 -0.166422 0.9514257 -0.8604434 -0.5094716 -0.00872147 -0.8324165 -0.5533691 -0.0294165 -0.8399357 -0.5108484 -0.1831449 -0.8107959 -0.5853281 0.001031577 -0.6997597 -0.7105724 -0.07364302 -0.4790964 -0.8767557 0.04202628 -0.9583799 0.2162985 0.1863413 -0.9930107 0.03303045 -0.1133083 -0.9930066 0.03299969 -0.1133536 -0.7289223 -0.4378935 -0.5262334 -0.2942808 0.08380895 -0.9520372 -0.2622015 0.05856132 -0.9632346 -0.1904355 0.2995405 -0.934885 -0.03359699 0.1127614 -0.993054 -0.2282391 0.0746231 -0.9707411 -0.1918869 0.03474116 -0.9808019 -0.1919155 0.03477263 -0.9807953 -0.1549229 -0.005226135 -0.9879128 -0.9558805 -0.1125313 -0.271347 -0.946626 -0.06847828 -0.3149762 -0.9941093 -0.1039172 0.03079026 -0.9262112 -0.1706156 -0.336189 7.38607e-4 -0.9999286 -0.01193445 0.0479421 -0.9986524 0.01987409 -9.26734e-4 -0.9998892 -0.01486402 0.007083952 -0.9999585 0.00573337 -0.5363894 -0.7002411 -0.4711145 -0.6433107 -0.7136784 -0.2771544 -0.6900877 -0.5635443 -0.4540888 -0.5757675 -0.7088761 -0.4074143 -0.7636921 -0.1883537 -0.6174927 0.6649252 0.6827086 0.3029578 0.3250686 0.8119985 0.4847567 0.8135972 0.2243938 0.5363835 0.8135834 0.224465 0.5363746 0.4010515 0.6807249 0.613002 0.3962248 0.2549714 0.8820406 0.9662339 0.03260189 -0.2555962 0.9758524 -0.01619017 -0.21783 0.9758509 -0.01617747 -0.2178379 0.9816527 -0.06513094 -0.1792096 -0.5673488 -0.5705674 -0.5937746 -0.4100947 -0.4674174 -0.7831624 -0.7173393 -0.2189661 -0.6614214 -0.4376975 -0.3183972 -0.8408592 -0.8993876 -0.02815395 0.4362448 -0.9957543 0.02995789 -0.08704042 -0.9811812 -0.06075209 0.1832836 -0.9957445 0.02984708 -0.08719044 -0.9957432 0.02986133 -0.08720034 -0.9376256 -0.1101951 -0.3297203 -0.8921443 0.352347 -0.2827189 -0.900597 0.3993918 -0.1714971 -0.8955909 0.4266744 -0.1259608 -0.9657548 0.1816716 -0.1852383 0.1198858 0.20674 0.9710233 0.06180977 -0.3398609 0.9384424 0.214362 -0.2733213 0.9377337 -0.07917255 -0.5189826 0.8511103 -0.007749855 -0.7168964 0.6971367 -0.8618062 -0.4219807 -0.2814646 -0.9222674 -0.3852315 -0.03192919 -0.9468201 -0.2502327 -0.2022758 -0.9975058 0.04509991 0.05429834 0.5038347 -0.3571549 -0.7865057 0.108812 -0.3015181 -0.9472311 0.04624897 -0.07482898 -0.9961234 0.0460481 -0.07477569 -0.9961367 -0.06071567 -0.3194832 -0.9456449 -0.3168404 -0.7789223 -0.5411955 -0.120901 -0.8696326 -0.4786671 -0.2253996 -0.7218617 -0.6543017 -0.1271663 -0.7782021 -0.6150043 0.4717848 -0.8801295 -0.05283051 0.4486941 -0.8926961 -0.04204005 0.2786772 -0.929367 -0.2421079 -0.3157057 0.9023064 -0.2935524 -0.187913 0.9644361 -0.1858814 -0.009299755 0.9998185 -0.016631 -0.09896326 0.2149601 -0.9715959 -0.2045803 0.2996079 -0.9318702 -0.3985691 0.1158093 -0.9097972 -0.4882841 0.3198355 -0.8119629 -0.6335775 0.06801569 -0.7706838 0.5070581 -0.05387026 -0.8602269 0.7208955 0.3750624 -0.5827847 0.8770664 0.1592032 -0.4532206 0.8528878 0.2936301 -0.431699 0.7209326 0.375213 -0.5826419 0.9051606 0.357565 -0.2298514 0.8771214 0.1592687 -0.4530913 0.9052177 0.3574309 -0.229835 0.9557296 -0.06713593 -0.2864851 -0.9449003 -0.3251574 -0.03789621 -0.8857426 -0.4606734 -0.05692315 -0.7086569 -0.6581466 -0.2542609 -0.720551 -0.6897227 -0.07133656 -0.7365701 -0.5907703 -0.3293251 0.0550971 -0.9964528 0.06361055 0.1367692 -0.987593 0.07716488 0.04931759 -0.9984959 0.02395325 0.1733201 -0.984766 -0.01401275 0.2402415 -0.9706571 -0.01043808 0.2487693 0.05523258 0.9669867 0.2640202 0.07419359 0.9616593 0.2642016 0.07434135 0.9615981 0.2794822 0.09358078 0.9555796 0.9349284 0.3271652 -0.1373745 0.5850854 0.7826747 -0.2123566 0.9052585 0.2317404 -0.3560947 0.5816256 0.5397259 -0.6086112 -0.534133 -0.8428362 0.06579619 -0.4119621 -0.903021 0.1218208 -0.2310243 -0.9708797 0.06340646 -0.1528244 -0.9866611 0.05607759 -0.05079591 -0.998287 0.0290333 -0.8395993 0.4402036 0.3182672 -0.9022918 0.1818724 0.3908862 -0.9533622 0.06397044 0.2949718 -0.9602282 -0.035721 0.2769225 -0.9023072 0.1817424 0.3909111 -0.9509362 -0.07563954 0.2999984 0 1 0 -0.001917004 0.999995 -0.002543449 0.05788522 0.9940591 0.09217411 0.9284929 -0.2277843 -0.2932838 0.769105 -0.4092631 -0.4908986 0.9432289 -0.03195178 -0.3306032 0.8047662 -0.3608544 -0.4713125 0.4616549 0.01568233 0.8869209 -0.01714724 0.05833292 0.99815 0.2399262 -0.02096581 0.9705647 -0.01728969 0.0582447 0.9981527 -0.0173133 0.05820471 0.9981546 -0.2162381 -0.08678811 0.9724757 0.1307893 -0.8720056 -0.4716997 0.2155044 -0.7462527 -0.6298134 -0.06514948 -0.9598695 -0.2727749 -0.03309416 -0.9786669 -0.2027713 0.005047559 -0.9970353 -0.07677978 -0.01905238 -0.9995828 -0.02170813 -0.3576046 -0.8706119 -0.3378665 -0.6428933 -0.699858 -0.3112669 -0.587511 -0.6243843 -0.5147574 -0.5876304 -0.6243979 -0.5146046 -0.7515639 -0.5848266 -0.3051717 -0.7198424 -0.6133884 -0.3249334 -0.1347576 -0.1465026 0.9799885 -0.3950129 -0.1086407 0.9122292 -0.3599494 -0.2847923 0.8884425 -0.7191009 -0.09298282 0.6886568 -0.4842132 -0.5348578 0.6924338 -0.2015011 0.1511414 -0.9677571 0.0393812 -0.0295431 -0.9987874 0.03939479 -0.02952927 -0.9987873 0.03952431 -0.02966338 -0.9987782 0.03953665 -0.0296486 -0.9987782 0.2768638 -0.2076888 -0.9381961 -0.5009993 -0.6615606 0.5579761 -0.02095389 -0.800834 0.5985199 -0.3598815 -0.2849515 0.8884189 -0.1368413 -0.3139883 0.9395137 0.959612 0.1013705 -0.262429 0.9702438 0.0700283 -0.2317826 0.9333774 0.09521335 -0.3460363 0.9334071 0.09518277 -0.3459643 0.9702495 0.07000821 -0.2317645 0.978856 0.0385487 -0.2008851 -0.9641643 0.03097671 0.2634913 -0.9671293 0.01956284 0.2535314 -0.9671294 0.01956278 0.2535313 -0.9671359 0.01953816 0.2535085 -0.967136 0.01953881 0.2535081 -0.9698809 0.00829631 0.2434386 0.6395002 -0.490995 0.5915771 0.002088487 -0.8382868 0.5452257 0.5700136 -0.7809704 0.2552834 0.3458405 -0.9105136 0.226626 0.08935594 -0.8952534 0.4365053 0.0489766 -0.9933176 0.1045061 0.9606954 -0.0363931 0.2752091 0.9814863 -0.06134659 0.1814422 0.9139009 -0.3214675 0.2478786 0.9512372 -0.2437054 0.1890915 0.7997949 -0.5608239 0.2140207 -0.5788574 -0.6184365 0.5314701 -0.8506353 -0.1341846 0.5083445 -0.8102869 -0.188906 0.5547521 -0.5992771 -0.7684074 0.2245377 -0.9224836 -0.3819727 0.05586683 -0.9480233 0.1530785 0.2789602 -0.988434 0.03626483 0.1472523 -0.988434 0.03626656 0.1472518 -0.9884619 0.03612953 0.147098 -0.9884625 0.03613299 0.1470938 -0.9965933 -0.08178508 0.01063907 -0.8675966 -0.01647716 0.4969957 -0.9930619 -0.05454593 -0.1041769 -0.925193 -0.1500059 0.3485916 -0.9930427 -0.05462199 -0.1043198 -0.9930431 -0.05463159 -0.1043117 -0.8785693 -0.2603697 -0.4004043 -0.04099613 0.4896317 -0.8709651 -0.3234372 0.750096 -0.5768401 -0.3121356 0.3028074 -0.9004883 -0.2093282 0.7255136 -0.6556003 -0.1946532 0.9178629 -0.3458871 -0.5858762 0.6462855 -0.4889419 0.1474071 0.4808595 0.8643178 -0.1331971 0.3834667 0.9138993 -0.2303184 0.5668096 0.7909997 -0.2905785 0.445567 0.8467788 -0.2406163 0.1087948 0.9645038 -0.6540369 0.06904 0.7533057 0.8082303 -0.0550794 0.5862851 0.7491391 -0.1219722 0.6510864 0.7491349 -0.1219623 0.6510931 0.7490568 -0.1220509 0.6511663 0.5459915 -0.1244468 0.8284965 0.2838221 -0.1255196 0.9506261 -0.1811993 -0.05470132 -0.9819239 -0.3886334 -0.04909104 -0.9200839 0.09023845 -0.09108108 -0.9917466 0.3822885 -0.09419816 -0.9192292 0.9543692 0.08528661 -0.2861918 0.9698082 -0.09429615 -0.2249006 0.9698081 -0.09421569 -0.2249349 0.9501262 -0.2704178 -0.1553526 0.4549784 -0.145842 -0.8784787 0.9230754 -0.1687643 -0.345616 0.8368656 -0.07842445 -0.5417616 0.9030877 -0.3688005 -0.2200432 0.9653628 -0.1742484 -0.1941967 0.9392367 -0.3173127 0.1309477 -0.1750956 0.2774066 -0.9446625 -0.501428 0.3641098 -0.7848529 -0.2612793 0.1371001 -0.9554773 -0.2613176 0.1371837 -0.9554548 -0.3934345 0.5819484 -0.71172 -0.6633265 0.2231854 -0.7142733 0.375498 -0.1548995 0.9137874 -0.02531325 -0.08866554 0.9957398 0.2837321 -0.1254758 0.9506587 -0.0477004 -0.08221596 0.9954724 0.1820805 -0.9818356 -0.05334585 0.02274709 -0.999161 -0.03405851 0.04741489 -0.984965 -0.1661201 -0.1189194 -0.9843103 -0.1303515 0.8527126 0.4093461 -0.3245262 0.9645063 0.2592933 -0.04994732 0.9078401 0.399042 -0.1288096 0.9146022 0.3103387 -0.2592161 0.981839 0.1817277 -0.05447399 0.9840704 0.1773611 -0.01218396 -0.05915313 0.9982427 0.003538668 -0.03778785 0.9991945 0.01350623 -0.03776681 0.9991952 0.01351583 -0.01634067 0.9995915 0.0234487 0.6766193 -0.5914645 -0.4385842 0.8896923 -0.3939355 -0.2307866 0.9433271 -0.1690002 -0.28561 0.9866065 -0.0570119 -0.1528304 0.9675925 0.1567909 -0.197943 0.9621742 0.2614786 -0.0764842 0.9130364 -0.1887031 -0.3616018 0.8489274 0.158463 -0.5041942 0.851308 -0.1048187 -0.5140894 0.737589 0.2242234 -0.6369351 -0.2876694 0.9480771 -0.135633 -0.1692052 0.9855393 0.009058654 -0.3141041 0.9492821 0.01421815 -0.2859398 0.9554599 -0.07303988 0.4485483 -0.8927695 -0.04203891 0.2198982 -0.9563128 -0.1926409 0.1895127 -0.9729687 0.1319736 0.1894935 -0.9729707 0.1319856 0.1479644 -0.9813802 -0.1224727 0.1953743 -0.977762 0.07622569 0.00231713 -0.9902868 -0.1390213 0.001203656 -0.9973974 -0.07208961 4.01405e-5 -0.9988327 -0.04830425 -0.002269089 -0.9999974 3.25538e-4 0.3080866 -0.6673499 -0.6780315 0.2125425 -0.5926738 -0.7768934 0.2696586 -0.5546442 -0.7871811 0.04388749 -0.3648749 -0.9300217 0.2684321 -0.1894538 -0.9444847 -0.1067833 0.9668086 -0.2321177 -0.2767766 0.8139386 -0.5107826 -0.07669013 0.8583055 -0.5073761 -0.1101281 0.6014121 -0.7913125 0.08286577 0.7376888 -0.6700361 0.0986464 -0.9880681 0.1182813 -0.09739965 -0.9931231 0.06496208 -0.5714731 0.8033263 0.1675872 -0.6775526 0.7243979 0.1271625 -0.3275171 0.9446194 -0.02066195 -0.333384 0.9325936 -0.1382907 -0.9022897 0.1818765 0.3908892 -0.8010349 0.5383438 0.2617805 -0.8512575 0.283717 0.4414358 -0.6143333 0.7541025 0.2322157 -0.5586298 0.5697606 0.6027485 -0.9596511 0.1013876 0.2622792 -0.9702445 0.07002657 0.2317799 -0.9375997 0.009915888 0.3475754 -0.9376007 0.009872853 0.347574 -0.9702495 0.07000696 0.2317646 -0.9789021 0.03849774 0.2006703 0.965938 0.03176462 -0.2568171 0.9691805 0.018974 -0.2456202 0.9691807 0.01897513 -0.2456189 0.9691857 0.01895409 -0.2456009 0.9691854 0.01895284 -0.2456024 0.9721505 0.006343483 -0.2342717 0.8426281 0.538496 2.89088e-4 0.7100852 0.6841148 0.166631 0.6383813 0.7697039 -0.00503993 0.6437504 0.7528516 0.1371135 0.3367621 0.9415896 -7.39474e-4 0.9729325 -0.2304024 -0.017811 0.9708873 -0.2274401 -0.07515984 0.9031762 -0.4256695 -0.05548197 -0.461129 0.01604092 -0.8871881 0.01660484 0.05857205 -0.9981452 -0.2402376 -0.02073383 -0.9704927 0.01673465 0.05848544 -0.998148 0.01672822 0.05847889 -0.9981485 0.2139565 -0.0869717 -0.9729638 -0.6530985 -0.6244096 0.4284566 -0.821879 -0.5085771 0.2566406 -0.6957823 -0.6088709 0.381003 -0.6958667 -0.608857 0.3808711 -0.861808 -0.4573259 0.2194085 -0.8584239 -0.5070815 0.07731062 0.8101964 -0.002266883 0.5861542 0.9456515 0.002443552 0.3251728 0.9446026 -0.2405003 0.2233507 0.8925508 -0.3242904 0.3133509 0.7526972 -0.5050169 0.4223801 0.003788888 0.9999927 -5.92931e-4 0 1 2.28576e-7 3.20984e-4 0.9999964 -0.002665042 3.3254e-4 0.9999962 -0.00276041 0.9645359 0.2592121 0.04979711 0.8502881 0.5022147 0.1574503 0.9166034 0.3675603 0.1572821 -0.0432921 -0.41497 0.9088046 0.2171233 -0.1469938 0.9650132 0.2456433 -0.149885 0.9577024 0.389774 -0.3692325 0.843649 0.6505476 0.4896858 -0.5805133 0.5819351 0.5470817 -0.6017086 0.7513479 0.3284201 -0.572378 0.678336 0.244214 -0.692979 0.9469141 0.1606354 -0.2784782 0.989157 0.0394349 -0.141469 0.9891567 0.03943318 -0.1414712 0.9891803 0.03930896 -0.1413406 0.9891814 0.03932201 -0.1413291 0.9965249 -0.08329164 7.73351e-4 1.85158e-4 -0.9947484 0.1023506 -0.008134901 -0.999967 2.74509e-5 -0.00446099 -0.9886505 -0.150168 0 -0.9558141 -0.2939718 -0.1577821 -0.8677288 -0.4713297 -0.177788 -0.8856369 -0.4289976 0.7523236 0.6468962 0.124638 0.4792305 0.7768393 0.4084834 0.6188511 0.7854303 0.01108151 0.5380774 0.8426201 0.02154076 0.3260085 0.9432281 0.06355661 0.2798767 0.9580071 -0.06238126 0.2799978 0.9579706 -0.06239849 -0.03093373 0.9865418 -0.1605568 0.1392076 0.9714612 -0.1920531 -0.007452666 0.9985554 -0.0532118 0.1333256 0.9738127 -0.1841554 -0.01242256 0.9998095 0.01505702 -0.3999759 0.9147131 0.05761331 -0.6561489 0.7393476 0.1511082 -0.3772576 0.9218935 0.08825719 -0.7180318 0.6746671 0.1710402 0.6878815 0.01289665 0.7257086 0.7847281 -0.008388817 0.6197836 0.5825089 -0.04710108 0.8114585 0.7270094 -0.07356309 0.6826755 0.5824239 -0.04716581 0.8115157 0.6085766 -0.08358752 0.7890804 0.5499619 -0.3121747 0.7746542 0.7736575 -0.6318921 -0.04654681 0.5672634 -0.8234636 0.01094955 0.7966189 -0.6043609 -0.01209199 0.8256018 -0.5246653 0.207625 0.1738355 0.1633496 0.9711324 -0.07056307 -0.01904124 0.9973257 -0.07055765 -0.01904898 0.9973258 -0.07066571 -0.01913964 0.9973165 -0.07070529 -0.01915949 0.9973133 -0.3083845 -0.1996694 0.9300705 -0.05688345 -0.9787725 0.1968978 -0.01075536 -0.9997134 0.02138698 0.1045031 -0.9845897 0.1402224 0.1150594 -0.991497 -0.06078612 0.08188396 -0.9952205 0.05320966 0.1868466 -0.9706975 -0.1511113 0.3771016 -0.9213377 -0.09450471 0.2117288 0.676804 0.7050585 0.05026191 0.9527554 0.2995511 0.1854935 0.9145922 0.3593236 0.07760488 0.9817174 0.1738057 0.9569714 0.2271534 -0.1805741 0.9921356 0.03269916 0.1208215 0.9921342 0.03268611 0.1208365 0.7239475 -0.4429249 0.5288835 0.01065403 -0.9937986 0.1106843 0.156044 -0.9868207 0.04283982 0.01439946 -0.9998822 -0.005327343 -0.01660519 -0.9998308 0.007929623 0.1971362 0.03654557 0.9796947 0.2372352 0.07927161 0.9682126 0.308454 0.2351485 0.9217165 0.2978972 0.4308753 0.8518237 -0.1236128 -0.03770256 -0.9916141 -0.506237 -0.09466058 -0.8571835 -0.420764 -0.03600358 -0.9064554 -0.5788151 -0.05952423 -0.8132835 -0.5063761 -0.09463036 -0.8571047 -0.6696538 -0.03114187 -0.7420202 -0.5788568 -0.05946397 -0.8132582 -0.8226228 0.02094852 -0.5682016 -0.8958657 0.07019817 -0.4387446 0.979337 0.1405425 0.1454194 0.7298014 -0.09415954 0.6771441 0.9109987 -0.09316796 0.4017479 0.7297039 -0.09425848 0.6772353 0.7297237 -0.09429478 0.6772089 0.533571 -0.2710197 0.8011557 -0.3397574 -0.8998602 -0.2735261 -0.500442 -0.7977977 -0.3362686 -0.4766675 -0.8781278 0.04098165 0.7142054 -0.6998797 -0.008893966 0.5542313 -0.7794179 0.2921225 0.4525763 -0.8419877 0.293652 0.1560983 -0.894389 0.4191679 0.3062422 -0.9271253 0.2159967 0.1559968 -0.8944398 0.4190971 0.1180599 -0.9410126 0.3171076 -0.139271 -0.9901493 0.01442533 -0.006854832 -0.9928129 -0.1194812 0.6146917 -0.1434199 0.775619 0.1016816 0.01823765 0.9946498 0.316742 0.03267109 0.9479489 0.3166579 0.03263771 0.9479782 -0.04052567 0.02054762 0.9989672 -0.05724489 -0.002200484 0.9983578 -0.8813071 0.05427461 -0.4694169 -0.9842435 0.06049263 -0.1661493 -0.9083473 -0.1125789 -0.4027795 -0.9083044 -0.1127945 -0.4028159 -0.9083176 -0.1128013 -0.4027842 -0.8403748 -0.3495176 -0.4142556 -0.09476721 -0.9472169 0.3062668 -0.006511926 -0.9952155 0.09748727 -0.07493501 -0.8920482 0.4456846 -0.04821383 -0.8290231 0.5571321 0.9589933 0.1902496 -0.2100886 0.9982062 0.02325052 -0.05517077 0.9982067 0.02324593 -0.05516433 0.9840825 -0.1450639 0.1026558 0.0875371 -0.9960044 0.017681 -0.02326637 -0.9937294 0.1093642 -0.2040122 -0.9785432 0.02885025 -0.2041821 -0.9785069 0.02887642 -0.3108357 -0.9504469 0.005658507 -0.4803694 -0.8770608 0.003091275 -0.9261239 0.3771685 -0.006207525 -0.9840621 0.1693267 0.05431634 -0.9080084 0.3979614 0.1309489 -0.9120617 0.3113284 0.2668675 -0.1829816 0.1895149 -0.964677 0.03548419 0.04211795 -0.9984824 0.07913732 0.2729899 -0.9587565 0.03565174 0.04203003 -0.9984802 0.0356273 0.04199892 -0.9984823 0.2516173 -0.1082402 -0.9617552 -0.1910085 0.1801015 -0.9649245 0.03540039 0.007169902 -0.9993476 0.03540122 0.00716567 -0.9993476 0.0355423 0.007069587 -0.9993432 0.03553932 0.007061421 -0.9993434 0.2589961 -0.166423 -0.9514329 0.2110599 0.3196334 0.9237361 0.2684324 0.3395946 0.9014542 0.1388182 0.5776705 0.8043795 0.04861187 0.9682192 0.2453337 0.2018724 0.5750778 0.7928008 0.2501773 0.6502013 0.7173908 0.03448379 0.7651678 -0.6429068 -0.1105861 0.9193881 -0.377487 -0.2972784 0.7570739 -0.5817772 -0.350451 0.3305791 -0.8762999 -0.1848409 0.7491869 -0.6360447 -0.638325 0.3069576 -0.7059167 0.03467112 -0.99887 0.03250831 0.1098378 -0.9914251 0.07079523 0.2411768 -0.9663795 0.08913266 0.3725835 -0.8597958 0.3491889 0.3275008 0.07967621 0.9414855 0.2958672 0.05400347 0.9537013 0.2325398 0.1482275 0.9612252 0.02293014 0.04796856 0.9985857 0.2004929 0.04243439 0.9787758 0.2637233 0.1116551 0.9581144 0.2637538 0.1116873 0.9581024 0.3243801 0.1794496 0.9287495 0.6693617 -0.7133048 0.2077288 0.583256 -0.6997801 0.4124565 0.6480581 -0.7085589 0.2792224 0.6480528 -0.7085539 0.279247 0.6947427 -0.5552254 0.4572279 0.5465506 -0.6868315 0.4791085 0.06545054 0.9387854 0.3382281 0.02350527 0.999601 -0.01567119 0.003968298 0.9996525 -0.02605986 -0.2590516 -0.9628193 0.07662498 -0.443428 -0.8961718 0.01574075 -0.5358789 -0.8400503 0.08455425 -0.8730844 -0.1465668 -0.4650182 -0.7174438 -0.2188207 -0.6613562 -0.7923499 0.03563863 -0.6090252 -0.6337004 0.06793808 -0.7705896 0.06457012 0.9321719 0.356211 -0.005907356 0.9994712 0.03197824 -0.03478467 0.9982841 0.04710716 -0.5168911 -0.8547505 -0.04717344 -0.836405 -0.5048769 -0.2133679 -0.6312121 -0.767692 -0.1105462 -0.8315183 -0.5264805 -0.177188 -0.836434 -0.5047925 -0.2134541 -0.8670966 -0.2308486 -0.4414209 -0.7066723 -0.6951678 -0.1317426 -0.8670964 -0.2308256 -0.4414334 -0.9599024 -0.2802971 0.004590153 0.9386708 -0.01331502 0.3445578 0.8752912 0.1920697 0.4438182 0.9510082 0.1390762 0.2761185 0.7870624 0.5374504 0.3027871 0.05522584 0.9984593 -0.005387842 0.03559029 0.9992609 -0.0145266 0.03559333 0.9992608 -0.01452571 0.01589262 0.9995937 -0.02366107 0.962669 0.1615757 -0.2171676 0.9987583 0.02020269 -0.04553771 0.9820401 0.1733412 -0.07449966 0.9841741 -0.1221839 0.1283459 -0.9508538 -0.07843917 0.2995404 -0.950801 -0.07846242 0.2997018 -0.938722 -0.01086938 0.3445041 -0.8008242 -0.08902859 0.5922455 -0.8583047 -0.2206729 0.4632672 -0.9791029 -0.2004626 0.03423851 -0.9929971 -0.09779381 0.06628125 -0.9928704 -0.1143607 0.03361725 0.9235137 0.3826258 -0.02683621 0.9779605 0.2007152 -0.05750447 -0.005457997 -0.9999423 0.009255886 -0.02929276 -0.9970265 -0.07127565 -0.007369101 -0.9999188 0.01039612 -0.0185976 -0.9980413 -0.05973196 -0.7982529 -0.5960495 -0.08670383 -0.9828684 -0.1803092 0.0381878 -0.9493381 -0.1533035 0.2743269 -0.9942902 -0.1062058 0.01036381 -0.9996973 -0.003977 -0.02428185 0.05833381 0.9688557 0.2406572 0.07020831 0.9290283 0.3632869 0.05831837 0.9688344 0.2407468 0.007572591 0.7612941 0.6483626 0.007894873 0.5001447 0.8659058 -0.1398769 -0.9800405 0.1412622 -0.142266 -0.9887419 -0.0463683 -0.001888275 -0.9988811 0.04725426 0.05702233 -0.993843 -0.09499782 -0.8195702 0.002258896 -0.5729745 -0.8358901 0.00421077 -0.5488807 -0.8196058 0.002268254 -0.5729235 -0.9510524 4.07691e-5 -0.3090295 -0.9996948 -0.003964066 -0.02438569 -0.1384209 -0.9256188 -0.3522351 -0.06686222 -0.9919455 -0.107581 -0.09791529 -0.9899198 -0.1023299 0.4378396 -0.540005 -0.7188123 0.5310234 -0.7942959 -0.2951413 0.2068726 -0.8556438 -0.4744232 0.2067812 -0.8557289 -0.4743097 0.4412485 -0.8502376 -0.2870466 0.1782303 -0.9644455 -0.1951385 -0.01546353 -0.9996415 -0.02185857 -0.09150803 -0.9929391 -0.07548707 -0.05216461 -0.9945405 -0.09037709 0.001118242 -0.9981752 0.06037372 -9.74535e-4 -0.9987496 0.0499854 9.90093e-4 -0.9999994 5.67473e-4 0.005948066 -0.9999797 0.002327859 0.1861742 -0.9821065 -0.02838975 0.0252999 -0.9657693 -0.258166 0.2153422 -0.9764235 -0.01500052 0.2152961 -0.9764327 -0.01506316 -0.02298533 -0.9356454 -0.3521922 -0.2132145 -0.9759855 -0.04463237 0.1440702 -0.3369128 -0.9304481 0.3668335 -0.1328516 -0.9207517 0.008898496 -0.1412315 -0.9899367 0.2353008 -0.07048743 -0.9693633 0.07801717 0.9953183 -0.05705171 0.1823729 0.9832287 0.00121504 0.175987 -0.9825527 0.06015753 0.03993093 -0.9842563 0.1721779 -0.9989691 -0.02638554 -0.03694033 -0.9501514 0.0294941 -0.3103907 -0.84617 0.003837525 -0.5328993 -0.6678452 -0.04169279 -0.7431316 -0.8460726 0.003934264 -0.5330532 -0.4220858 0.006831467 -0.9065303 -0.9819885 0.006638586 -0.1888239 0.7269566 -0.6203104 0.2945324 0.1499096 -0.8890078 0.4326573 0.08644747 -0.7894451 0.6077035 0.08638989 -0.7893845 0.6077903 0.2724326 -0.7117916 0.647405 -0.08180558 -0.7363238 0.6716659 0.08629864 -0.7894878 0.6076691 -0.05097818 -0.8583883 0.5104615 -0.1373224 -0.9663839 0.2173584 -0.1093819 -0.9232953 -0.3681868 -0.02697581 -0.9912651 -0.1290966 -0.238827 -0.6311234 -0.7380007 -0.1036473 -0.6960669 -0.7104563 -0.06791478 -0.9287381 -0.3644631 -0.02791547 -0.04226422 0.9987164 -0.3127623 0.009170651 0.9497871 -0.5664356 -0.02658337 0.8236772 -0.7427632 -0.08247035 0.6644558 -0.566578 -0.02647376 0.8235828 -0.8931348 -0.03579121 0.4483629 0.4040333 0.1881482 0.8951857 0.6137903 -0.002855837 0.7894639 0.6137831 -0.002847015 0.7894697 0.7672368 -0.1935424 0.6114647 0.1645222 -0.9863473 -0.007189452 0.05488204 -0.9822867 0.179167 0.9309313 -0.1942666 -0.3092371 0.9993159 -0.03599262 -0.008499145 0.9993151 -0.03602188 -0.008483171 0.9667375 -0.06640142 0.2470012 0.9993199 -0.03591239 -0.008377194 0.8639719 0.007878482 0.5034784 -0.4433772 -0.8922337 -0.08564877 -0.4098014 -0.9119394 -0.02072316 -0.07157415 -0.9963462 -0.04659855 -0.1852551 -0.9823922 -0.02421146 -0.06206238 -0.9638589 -0.2590837 0.8566337 -0.5158132 -0.01075577 0.8563899 -0.5162204 -0.01062953 0.8520781 -0.5190353 -0.06756651 -0.9404925 -0.06105887 0.334284 -0.998019 -0.02258098 0.05872273 -0.9672186 -0.07543981 -0.2424812 -0.8710648 -0.09318274 -0.4822481 -0.9671893 -0.07535493 -0.2426245 -0.726916 -0.02847266 -0.686136 0.1650133 -0.9855718 -0.03766888 0.08531355 -0.9961994 -0.01755911 -0.004690289 -0.9989445 -0.04569625 -0.09007304 -0.9947161 -0.04926365 -0.1839297 -0.9777779 -0.1006001 0.9530788 -0.09831887 -0.2863115 0.8555474 -0.2592228 -0.4481544 0.9670232 -0.2294978 -0.1104394 0.7636846 -0.5994148 -0.2397659 -0.565738 -0.04942584 0.8231025 -0.3068108 -0.08903574 0.9475969 -0.01203179 -0.02496284 0.9996161 0.4023701 0.1044368 0.9095006 -0.01186865 -0.0250402 0.999616 0.5143377 -0.02391487 0.8572542 -3.24851e-4 -0.9999833 0.005776464 -0.09388971 -0.9952749 -0.02475082 -0.06516426 -0.9978479 0.007313966 -0.1334557 -0.9906964 -0.0266506 -0.06523668 -0.997843 0.007331788 -0.2004321 -0.9785938 -0.04670202 -0.07762974 -0.9969808 -0.001721143 0.7152503 0.3201814 0.6212093 0.5982171 0.09685778 0.7954589 0.8398484 0.09497278 0.5344483 0.7192419 -0.07049274 0.6911743 0.9708244 -0.05132389 0.2342349 0.8804343 -0.02513772 0.4735014 0.9992532 -0.01807266 -0.03415691 -0.131049 -0.9817125 0.1380826 -0.1381931 -0.9892948 -0.04688847 0.003634035 -0.9987425 0.05000287 0.06016272 -0.9939785 -0.091582 -0.883329 0.05281579 -0.4657686 -0.7946931 0.05873966 -0.6041628 -0.5185574 -0.002209722 -0.85504 -0.2402062 0.02555477 -0.9703856 0.08630716 -0.006107807 -0.9962499 0.2177132 -8.1747e-4 -0.9760125 0.08646142 -0.006087601 -0.9962366 0.4574594 0.01165509 -0.8891541 0.6414619 0.004057347 -0.7671442 -0.0499264 -0.9932589 0.1046151 0.08524304 -0.969617 0.2292957 0.06058609 -0.8821483 0.4670588 0.99753 -0.04017698 -0.05761873 0.947489 -0.09094989 -0.3065825 0.8211851 -0.04208344 -0.5691083 0.8210741 -0.04219472 -0.56926 0.8210788 -0.04220992 -0.5692521 0.6788775 -0.1691249 -0.7145082 0.6226247 -0.3858246 -0.6807922 0.7842943 -0.4298183 -0.4473689 0.9057074 -0.2367784 -0.3516108 0.9198339 -0.07359367 -0.3853436 0.7843969 -0.4297451 -0.4472591 0.9540725 -0.2897632 -0.07604706 -0.004886865 -0.9995362 0.0300579 -0.2759693 -0.9366309 -0.215786 -0.00286895 -0.99996 0.008481144 -0.1758132 -0.9825954 -0.05996781 0.005430042 -0.9999639 -0.006529331 -0.5435856 -0.2672732 -0.7956631 -0.3060988 -0.3309834 -0.8926106 -0.3464788 -0.2058149 -0.9152009 -0.2921159 -0.171724 -0.9408397 -0.3060196 -0.3309044 -0.8926669 -0.09485852 -0.2662699 -0.9592196 -0.2921606 -0.1718201 -0.9408082 -0.1054782 -0.4508682 -0.8863365 -0.1249256 -0.1764593 -0.9763482 -0.2608422 -0.5121618 -0.8183225 -0.3363901 -0.2001244 -0.9202131 -0.4616145 -0.4290577 -0.7764158 -0.5234763 -0.2312528 -0.8200579 -0.3427077 -0.5415816 -0.7676202 -0.3791743 -0.4061116 -0.8314447 -0.5462319 -0.2079038 -0.8114227 -0.3426182 -0.5416066 -0.7676426 -0.2214693 -0.1730818 -0.9596844 0.7991189 -0.1936431 0.5691322 0.800757 -0.1684423 0.5748178 0.7487359 -0.08929717 0.6568262 0.7486702 -0.08916294 0.6569193 0.8323721 0.08215057 0.5480949 0.6823923 0.01691991 0.7307903 0.1275446 -0.9826934 -0.1343359 0.008011817 -0.9999627 -0.003228008 0.007726848 -0.9999655 -0.00305128 -0.09382176 -0.9952821 -0.02471923 -0.003769636 -0.9999663 0.007311403 -0.007086813 -0.9999386 0.008523106 -0.003783106 -0.999966 0.007334709 -0.007105469 -0.9999385 0.008525431 -0.3335016 -0.9325731 0.1381458 0.001546859 -0.9999765 -0.006692051 0.00111562 -0.9981822 0.06025779 0 -1 -2.49955e-7 -0.5454258 -0.07312327 -0.8349633 -0.7248253 -0.1272585 -0.6770772 -0.9277642 0.09276163 -0.3614539 -0.9278084 0.09272062 -0.3613512 -0.8846846 -0.0986163 -0.4556403 -0.9417396 -0.2083266 -0.2640579 -0.07758128 -0.9969846 -0.00175327 -0.004195213 -0.9993107 -0.03688722 0.02596384 -0.9993835 -0.02363431 -0.03658509 -0.999255 -0.01229649 0.02596646 -0.9993841 -0.02360874 -0.004151761 -0.9999786 -0.005077004 0.006832659 -0.9997464 -0.02145832 -0.9958719 0.06027376 0.06787014 -0.9880859 0.1466917 -0.04656177 -0.9103639 0.3950782 -0.1230896 -0.9253168 0.3519842 -0.1410532 0.01736617 -0.2610539 0.9651681 -0.1476462 -0.2394118 0.9596263 -0.01331508 -0.1818553 0.9832352 -0.1555115 -0.3651936 0.9178507 -0.01797723 -0.4405399 0.8975531 -0.3916713 -0.1823973 0.9018452 -0.548928 -0.1573501 0.8209257 -0.6420938 0.01777434 0.7664201 -0.6421852 0.01784783 0.7663418 -0.6421933 0.01783633 0.7663353 -0.9076915 0.3574724 0.2197943 -0.4202445 0.8788652 0.2258112 -0.1450836 0.9824069 0.1175898 -0.4387071 0.8954893 0.07506787 -0.176821 0.984241 -0.002027034 -0.5988614 -0.6137206 -0.5145018 -0.4950931 -0.850086 -0.1795462 -0.8472937 -0.4029101 -0.346059 -0.8238977 -0.5663325 -0.02145463 -0.9277924 0.1989063 0.3156546 -0.7832701 0.5072767 0.359386 -0.7146582 0.6140142 0.3350379 -3.85451e-4 -0.9999625 -0.008663892 0.00261563 -0.9999288 0.01165294 -0.379079 -0.4061396 -0.8314745 -0.5722916 2.19669e-4 -0.8200502 -0.3766914 4.94326e-6 -0.9263389 -0.1645301 -3.5488e-6 -0.9863721 -0.1941028 -0.001482188 -0.9809802 -0.2333011 -0.09649807 -0.9676047 -0.1040388 -0.9945637 0.004355669 -0.1762657 -0.9822898 -0.06353992 -0.4142806 -0.8975839 -0.1507146 -0.3883814 -0.880164 -0.2728942 -0.8639461 0.01663821 0.5033096 -0.7091051 -0.02287548 0.7047318 -0.4922013 0.05224502 0.8689122 -0.4920715 0.05218219 0.8689895 -0.4920728 0.05217772 0.8689891 -0.2870722 -0.09316235 0.953368 0.1813041 -0.9811944 0.06623011 0.04561996 -0.9826663 0.1796829 0.9460254 -0.3239389 0.009985864 0.800471 -0.5950875 0.07153552 0.7650483 -0.6422727 -0.04676616 0.5723267 -0.8167791 0.07289856 -0.01022088 -0.1329178 -0.9910744 0.003626465 -0.02282059 -0.999733 -0.006014823 -0.1158328 -0.9932506 0.003202199 -0.05441045 -0.9985135 0.1478585 -0.04557734 -0.9879578 0.2014784 -0.7149941 0.6694699 0.2389729 -0.576921 0.7810596 0.02133709 -0.5807376 0.8138112 -0.004752397 -0.2542969 0.9671145 7.4204e-4 0.9999901 -0.00441724 -8.05574e-5 0.9999996 9.96678e-4 -0.001035988 0.9999992 -7.25523e-4 -0.001673877 0.9997151 -0.02381086 -0.001055836 0.9999273 -0.01201415 -9.70718e-4 0.9994003 -0.03461623 0 1 1.20567e-7 -0.1671626 -0.07265579 0.9832487 -0.193313 0.006126403 0.981118 0.0145002 0.1229186 0.9923108 0.1534833 0.2653538 0.9518563 0.1515116 0.07891827 0.9853001 0.7352603 0.113116 0.6682792 0.8697203 -0.02537596 0.492892 0.8697259 -0.0253607 0.4928831 0.977342 0.01427459 0.2111845 0.8698016 -0.02548581 0.492743 0.9975379 -0.04019904 -0.05746424 0.3101744 -0.950448 -0.02099144 0.5105778 -0.8557834 0.0833379 0.5721909 -0.8168717 0.07292634 0.4781689 -0.8763614 -0.05783855 0.6641936 -0.7461242 -0.04632079 0.02803504 0.9993515 0.02260106 9.66354e-4 0.9999852 0.005368888 0.001274645 0.9999842 0.005487024 -0.0253551 0.9996136 -0.01139217 0.1131901 -0.2465751 -0.962491 0.3612254 -0.02501899 -0.9321429 0.3612231 -0.02502816 -0.9321436 0.5689333 0.1991658 -0.7979023 1.81907e-5 0.9999955 0.003020048 1.76108e-5 0.9999955 0.003021717 0 1 1.66493e-6 2.13357e-4 0.9999995 0.001034498 1.82353e-5 0.9999954 0.003029167 2.22362e-4 0.9999994 0.001065254 5.06833e-4 0.9999824 -0.005928635 -0.9737048 0.09301322 -0.2079608 -0.3049216 -0.3643727 -0.8799179 -0.1208631 -0.2250097 -0.9668313 -0.1208677 -0.2250076 -0.9668312 0.1960443 -0.1440683 -0.9699542 -0.120719 -0.2248988 -0.9668751 0.4425088 -0.006810009 -0.8967384 0.06380796 -0.06493288 0.9958475 0.04397004 -0.02417719 0.9987403 0.01085197 -0.002626597 0.9999377 0.04395383 -0.02407926 0.9987434 -0.08745038 0.2274413 0.9698572 0.02185732 0.07088798 0.9972448 0.9533478 -0.2782788 -0.1169999 0.9226314 -0.3756818 -0.08726125 0.9896117 -0.09868443 0.1045479 0.9896073 -0.09858596 0.1046825 0.9980299 -0.05893653 -0.02151495 0.8072889 0.1607125 0.5678523 0.2290908 0.003832757 -0.9733976 0.2544087 0.003257632 -0.9670913 0.3013588 -1.34049e-4 -0.9535108 0.3205487 6.176e-4 -0.9472319 0.3013926 -1.30666e-4 -0.9535002 0.3205839 6.15249e-4 -0.9472199 0.3363683 -8.76075e-4 -0.9417302 -0.4929253 0.06768059 0.8674353 -0.313543 -0.1210803 0.941823 -0.3135559 -0.1210709 0.9418199 -0.1112335 -0.3010931 0.947085 0.7225044 -0.1222557 0.6804711 0.6259673 -0.01758617 0.779651 0.6259905 -0.01760721 0.779632 0.5105544 0.08757847 0.8553738 -0.4045006 -0.6467286 -0.646623 -0.6983616 -0.4630954 -0.5457415 -0.2760768 -0.9365727 -0.2159013 -0.8131454 -0.5100251 -0.28048 -0.2075476 -0.9761126 -0.06425046 -0.7244112 -0.6893681 -2.85541e-4 0.2006156 -0.6890696 -0.6963738 -0.02527123 -0.6923466 -0.7211225 0.1171271 -0.5507153 -0.8264345 -0.03343737 -0.4521701 -0.8913049 0.1998388 -0.3000212 -0.9327656 -0.01311331 -0.1830833 -0.9830099 0.1502439 0.1850509 -0.9711762 -0.06645739 0.2999218 -0.9516462 0.3094524 -0.005470037 -0.9508993 0.5560846 -0.00457406 -0.8311131 0.8233225 -0.02736783 -0.5669136 0.8233824 -0.02739161 -0.5668256 0.7334865 -0.0282768 -0.6791157 0.9312028 -0.01291 -0.3642728 0.9463617 -0.02405607 -0.3222125 -0.6883133 0.7241075 -0.04351276 -0.4620825 0.8825421 0.08717393 -0.5960901 0.7392326 0.3133877 -0.8092446 0.4368872 0.3927506 -0.7243028 0.6766462 0.1324214 -0.4130904 0.7758897 0.476814 -0.9140269 -0.4003576 -0.06533467 -0.9834918 -0.1026501 -0.1490195 -0.9905913 -0.1029996 0.09011083 -0.9994233 5.0458e-6 0.03395771 -0.9464225 0.005748748 0.32288 -0.9049935 0.02971482 0.4243866 -0.9655982 0.1272638 0.2267691 -0.8349313 0.5443347 0.08117616 -0.9050228 0.02980452 0.4243177 -0.9834837 0.1112738 0.142752 -0.9704585 0.1021881 -0.2185587 -0.1033847 -0.9935736 -0.04607802 0.05855739 -0.9891598 -0.1346626 -0.8843262 -0.2715003 0.379809 -0.9858528 -0.05771267 0.1573647 -0.9858567 -0.05769956 0.1573455 -0.9833798 0.1621456 -0.08168995 -0.3498916 -0.6177654 -0.7042314 -0.123917 -0.4303714 -0.8941058 -0.06016832 -0.9348072 -0.3500221 0.1517555 -0.618867 -0.7706971 0.1102452 -0.638374 -0.7617905 -0.1925759 -0.4558346 -0.8689818 -0.05317002 -0.9510111 -0.3045504 -0.4044496 -0.6467246 -0.6466591 -0.2576528 -0.8569286 -0.4464175 -0.2759286 -0.9366438 -0.2157819 -0.01545166 -0.999642 -0.0218448 -0.2814949 0.3096551 0.908226 -0.0518496 0.05705404 0.9970239 -0.05186128 0.05704569 0.9970237 0.1860485 0.1201146 0.975171 -0.05174285 0.05692285 0.9970369 0.1843703 -0.2028154 0.9617035 0.02709197 0.0766468 -0.9966902 -0.2580842 -0.01671111 -0.9659779 -0.5268128 0.04384225 -0.84885 -0.7266399 0.1054366 -0.6788797 -0.5269585 0.04373335 -0.8487651 -0.884931 0.00631833 -0.4656792 -0.00178188 -0.9997242 -0.02341747 1.53074e-4 -0.9998548 -0.01704514 1.4905e-4 -0.9999998 -7.62277e-4 0.2627006 0.1927723 -0.9454244 0.04459208 0.008141577 -0.9989722 0.0445652 0.008120715 -0.9989735 -0.1771946 -0.1771509 -0.968101 0.9030852 0.3840318 0.192242 0.9852419 -0.02106463 -0.1698673 0.9126642 -0.1810346 0.3664295 0.9126645 -0.1810134 0.3664391 0.997615 0.01695799 -0.06690776 0.9565834 -0.1977633 0.214098 -0.1052203 -0.990073 0.09319007 -0.04252761 -0.9981515 0.04341799 0.02135866 -0.9993094 0.0304054 0.08463573 -0.9964112 -0.001266121 0.148588 -0.9888909 0.004046559 0.254375 0.003264546 -0.9671002 -0.02058935 1.08645e-4 -0.9997881 -0.301719 -8.19309e-4 -0.9533966 -0.3017832 -7.94899e-4 -0.9533762 -0.3155521 -0.1870579 -0.9302883 -0.2922955 -0.171705 -0.9407874 -0.194275 -0.003904819 -0.9809395 -0.997798 -0.0595172 0.02927309 -0.971233 0.001186192 -0.2381284 -0.8815978 -0.0463441 -0.4697207 -0.8815235 -0.04624849 -0.4698697 -0.8815194 -0.04626125 -0.4698761 -0.7028268 0.1182569 -0.7014627 0.4898324 -0.005874574 -0.8717968 0.09559923 -0.00304377 -0.9954153 -0.1122877 -0.1691974 -0.9791648 0.002013385 -0.9999912 0.00369215 -0.1305657 -0.9892629 -0.06566351 0.01466512 -0.9996456 0.02221906 -0.1691316 -0.9848186 0.03907454 0.00717312 -0.9999142 0.01096534 -0.05575615 -0.9984419 0.002284526 0.007144808 -0.9999144 0.01096636 -0.1166135 -0.9922853 0.04208618 0.1275409 -0.9826967 -0.1343154 0.1276208 -0.9826753 -0.1343961 0.06863695 -0.9957857 -0.06082689 0.403048 -0.8830426 -0.2403913 0.1556166 -0.9741971 -0.1634739 -0.8284236 -0.5514729 0.09793919 -0.9176259 -0.3964927 0.02749931 -0.9514721 -0.1406909 -0.2736914 -0.9463445 -0.3221238 -0.02585744 0.4782204 -0.876331 -0.05787378 0.7588763 -0.6095142 -0.2293447 0.8276563 -0.5243136 -0.2002009 0.8884029 -0.3035848 -0.3443495 0.9708487 -0.0218755 -0.2386929 0.95767 -0.01395118 -0.2875303 0.8425791 -0.09482246 -0.5301595 0.9273529 0.03628998 -0.3724243 0.9708822 -0.0217626 -0.2385666 0.936964 0.2512022 -0.2428908 0.994548 0.104273 0.001201391 -0.9537479 -0.2802113 0.1088423 -0.9599573 -0.2772144 -0.04042679 -0.9885698 -0.09829616 -0.1143142 -0.9885634 -0.09817665 -0.1144727 -0.9978361 -0.06330865 0.01775938 -0.8476013 0.007025778 -0.5305872 0.247239 -0.9535474 -0.1721058 0.2347902 -0.9368872 -0.2590678 0.5699957 -0.8079351 -0.1494859 0.2874825 -0.9230505 -0.2556004 0.6798685 -0.7329054 0.02507269 0.4322998 -0.8996306 -0.06149774 0.8837026 -0.01648598 0.4677585 0.7223971 0.07623106 0.6872637 0.5205021 0.02030473 0.853619 0.2659136 -0.03685605 0.9632921 0.5203822 0.02042675 0.8536891 -0.01463121 0.05233466 0.9985224 -0.4876477 -0.6361801 0.597892 -0.1950375 -0.904734 0.378704 -0.4963541 -0.7746841 0.3917874 -0.5597255 -0.7799151 0.2800713 -0.1951432 -0.9047639 0.3785784 -1.41736e-4 -0.9999897 0.004556179 -0.003284275 -0.9998636 -0.0161888 -0.004808008 -0.9999028 -0.01309043 -0.00481069 -0.9999029 -0.0130859 -0.02128821 -0.992646 -0.119167 -0.004184484 -0.9999878 0.002643048 -0.001464784 -0.9999918 0.003776967 1.53413e-4 -0.9999969 -0.002540647 0.3385863 -0.9350549 -0.1050317 -0.08972907 -0.9490466 -0.3020917 0.08784449 -0.9767516 -0.1955499 0.7426707 -0.6186348 0.256381 -0.1546181 -0.9461871 -0.2842944 -0.09155607 -0.9929243 -0.07562273 -0.1251458 -0.9290912 -0.3480347 -0.006188929 -0.9999667 0.00533086 0.002399504 -0.9999236 0.01213169 -0.01661098 -0.9998306 0.007939457 0.00243622 -0.9999228 0.01219034 0.04189562 -0.9924286 -0.1154574 -0.1393603 -0.9890805 -0.04794478 0.004589021 -0.9999894 4.57573e-4 -0.1386327 -0.9728336 0.1854069 0.0143702 -0.9998826 -0.005320012 0.858641 -0.5121887 0.01996386 0.8264848 -0.5629424 0.004338026 0.8541722 -0.5198568 0.01178097 0.8087933 -0.5860757 -0.04867047 0.8901395 -0.4548171 0.02816444 0.113442 -0.9837271 -0.1393272 -7.84874e-4 -0.9999541 0.009558618 -0.9639593 -0.254182 0.07857507 -0.9842512 -0.002281904 0.1767613 -0.9907842 -0.07355517 0.1137384 -0.9980197 0.06064325 -0.01670682 -0.9473595 -0.08435136 -0.3088607 -0.9839141 0.104601 -0.1448162 -0.8392401 -0.1384773 -0.5258328 -0.1043944 -0.9891036 0.1038073 -0.2025909 -0.9762789 0.07639807 -0.4484462 -0.8920545 -0.05598866 -0.4142927 -0.8975818 -0.1506934 -0.9744082 -0.1751923 0.1408419 -0.9790993 -0.2033774 -0.001504838 -0.7092335 -0.7045398 0.02473187 -0.8216701 -0.5577365 -0.117424 -0.6829391 -0.7038062 -0.1955791 -0.6829206 -0.7038019 -0.1956588 -0.8567254 -0.4551517 -0.2426082 -0.741626 -0.565266 -0.3611996 -0.682924 -0.703803 -0.1956433 -0.6217275 -0.7107675 -0.3290357 -0.5823454 -0.7115736 -0.3931117 -0.4912931 -0.7073373 -0.5082373 -0.5823356 -0.7115678 -0.3931369 -0.5944589 -0.5621373 -0.5749959 -0.4368003 -0.7055054 -0.5580929 -0.4367132 -0.7055075 -0.5581585 -0.5490022 -0.4589298 -0.6985557 -0.3857475 -0.5659241 -0.7286486 -0.4367286 -0.7055137 -0.5581386 -0.3074867 -0.7114558 -0.6318881 -0.2394864 -0.706503 -0.6659579 -0.09810245 -0.6986883 -0.7086682 -0.2394631 -0.7064843 -0.6659861 -0.1410654 -0.5542271 -0.8203248 -0.02538347 -0.6923401 -0.7211248 -0.009504556 0.9999323 -0.006721913 0.08206415 0.9964122 -0.02069586 0.1294279 0.9910887 -0.03149181 0.2361625 0.9717012 -0.004915177 0.1783731 -0.9644362 -0.1950534 0.5310167 -0.7943521 -0.2950018 0.4484632 -0.8937886 -0.004779756 0.7143012 -0.6997815 -0.008927941 0.5310954 -0.7942999 -0.2950008 0.8310693 -0.5422028 -0.1238554 0.7065605 -0.6783913 0.201389 0.9344519 0.3147222 0.1665827 0.869926 0.308555 0.3847372 0.9519454 -0.09533983 0.2910503 0.8971029 0.1830779 0.4021058 0.9126077 -0.1811391 0.3665188 0.451918 -0.8178831 -0.3561424 0.01651066 -0.8721922 -0.4888847 0.1134945 -0.9836986 -0.1394855 0.02646672 -0.9974671 -0.06602168 0.06407028 -0.9811915 -0.1820946 0.003230392 -0.9998738 0.01556169 0.02647864 -0.9974643 -0.06605994 0.003234863 -0.9998735 0.01557642 2.00921e-4 -0.9997753 0.02119648 -0.05261307 -0.9520863 -0.30127 0.05001395 -0.8766122 -0.4785913 0.05542421 -0.9886904 -0.139354 0.2857115 -0.8649711 -0.4125459 0.3416333 -0.8925096 -0.2944709 -0.3707259 -0.1869704 -0.9097276 -0.5885509 -0.1864082 -0.7866764 -0.4563766 -0.1120343 -0.8827054 -0.6548182 -0.1123583 -0.747388 -0.4766631 -0.4359031 -0.763401 0.9874898 -0.1364189 0.07908153 0.9510657 -0.04769212 0.3052861 0.8814827 -0.04464626 0.4701012 0.8814252 -0.04459434 0.4702138 0.8814257 -0.04459118 0.4702133 0.7035982 0.1367386 0.6973178 0.9254597 -0.002411425 -0.3788384 0.8361171 -0.001398622 -0.5485492 0.8804067 -0.2162765 -0.4220291 0.8803932 -0.2162505 -0.4220705 0.8803781 -0.2163499 -0.4220511 0.6235231 -0.6036329 -0.4968363 0.5676892 -0.7810624 -0.2601355 -0.9547129 -0.1859675 -0.2322489 -0.9390482 -0.1844574 -0.2901104 -0.9834733 -0.1026654 -0.1491321 -0.8835474 -5.01147e-6 -0.4683417 -0.8366753 -0.1849858 -0.5155141 0.936187 0.147928 -0.3188592 0.9787921 0.1618852 -0.1255359 0.8752437 0.205376 -0.4379145 0.8713372 0.4492677 -0.1973075 0.6419892 0.3663675 -0.6735167 0.6022719 -0.5997519 -0.5268456 0.6787188 -0.6351156 -0.3687398 0.4965373 -0.799642 -0.3376737 0.8062852 -0.5215207 -0.2791427 0.6640251 -0.7238251 -0.1874778 0.5733518 -0.5629563 -0.5952714 0.3998546 -0.6947828 -0.5978237 0.4965636 -0.440746 -0.7477751 0.3694539 -0.5407427 -0.7557123 0.3997837 -0.6947643 -0.5978926 0.2007062 -0.6890661 -0.6963512 0.2432132 -0.4492088 -0.8596853 0.8490069 4.03247e-4 -0.5283817 0.8670447 -0.1837114 -0.463124 0.965196 7.53235e-4 -0.2615265 0.9964842 4.90246e-4 -0.08377909 0.9987127 -0.006716907 -0.05027818 -0.01595699 -0.9796865 -0.1998994 0.5746957 -0.7699801 -0.2772284 0.1890708 -0.9164285 -0.3527196 0.5055859 -0.7044883 -0.4980756 0.6546062 -0.6904463 -0.3078552 0.8346826 -0.3399769 -0.4332678 0.276617 -0.8756036 -0.3959819 0.6326166 -0.6517627 -0.418332 0.3691886 -0.6791563 -0.6343869 0.1261141 -0.5599653 0.8188616 0.4303302 -0.477225 0.7662065 0.4064943 -0.7587914 0.5089186 0.212688 -0.9398987 0.2671227 0.2718413 -0.7271489 0.6303625 0.4663565 -0.7998468 0.3778319 0.4066013 -0.7588004 0.5088197 0.6979792 -0.531501 0.4799291 0.6661331 -0.7039282 0.2464787 -0.9465001 -0.1739746 -0.2717912 -0.8037761 -0.287613 -0.5207906 -0.8619104 -0.03260469 -0.5060114 -0.7012063 -0.06431114 -0.710052 -0.861823 -0.03251147 -0.506166 -0.5010842 -5.28626e-4 -0.8653985 0.2991157 0.4691083 0.8309437 0.5557189 0.4575743 0.6941199 0.5718182 0.2061483 0.7940573 0.6555168 0.4259386 0.6235977 0.7021213 0.1609328 0.6936327 0.7094859 0.01726692 0.7045082 0.7645356 0.003907442 0.6445698 0.8097243 0.1220042 0.5739875 0.687883 0.005171775 0.7258032 0.4463825 -0.5947825 -0.668563 0.7270188 -0.3932509 -0.5628476 0.4061803 -0.8446285 -0.3487411 0.6881092 -0.6805915 -0.2515972 0.4511731 -0.8117619 0.3707904 0.06206268 -0.8747351 0.4806107 0.3982357 -0.7196959 0.5687233 -0.03316456 -0.886336 0.4618537 0.3116791 -0.932976 0.1800334 -0.0217337 0.9972571 -0.07075232 0 1 -1.71263e-7 -0.001371026 0.9999983 0.001270949 -0.001370906 0.9999983 0.001270651 0 1 -5.14715e-7 -0.002699315 0.9999924 0.002857029 -0.001402616 0.9999983 0.001300394 -0.002712488 0.9999922 0.002878844 0.06964856 0.9939163 -0.08532124 0.9167137 -0.1928064 -0.3499454 0.9985076 -0.01537847 -0.05240315 0.998508 -0.01540011 -0.05238974 0.9729571 -0.06359004 0.2220605 0.9985178 -0.01527446 -0.05224007 0.8710609 0.01247632 0.4910166 0.3905386 -0.07174408 0.9177868 0.6142209 -0.08205407 0.7848566 0.6532747 -0.07978153 0.7529059 0.8249579 -0.09626275 0.5569365 0.854211 -0.08097571 0.5135823 -0.7559576 0.2122222 0.6192656 -0.6023411 0.01066756 0.7981675 -0.4717906 -0.03490155 0.8810196 -0.3908309 -0.1919052 0.9002353 0.6219636 -0.3348547 -0.7078374 0.4462633 -0.5198398 -0.7284337 0.36923 -0.6790292 -0.6344987 0.2606473 -0.6834605 -0.6818686 0.03613895 -0.9850059 0.1686936 0.06860625 -0.9959239 0.05855548 -0.500927 -6.31675e-4 -0.8654894 -0.2991123 0.02027356 -0.9540026 -0.06361156 -0.02820801 -0.997576 0.2318966 -0.07149022 -0.9701098 -0.06342983 -0.02810072 -0.9975907 0.4246851 -0.2452867 -0.8714799 0.3572704 0.8783953 0.317458 0.3861285 0.8445519 0.3709946 -0.005607128 -0.9997509 0.02160364 -0.005795896 -0.9995283 0.03015881 0.009560406 -0.9999223 -0.0080145 0.07393443 -0.9957402 -0.0550943 -0.004564225 -0.9999712 -0.006070911 0.1032941 -0.9757019 -0.1932253 -1.32511e-4 -0.9999992 0.001279592 0.03151327 0.9995028 0.001044631 0.01173204 0.9999272 -0.002855002 0.01185584 0.9999275 -0.002164602 0.009369313 0.9999366 0.006252229 0.005992472 0.9999316 -0.01004749 0.894472 0.2189836 -0.3898282 0.9361578 0.1479517 -0.318934 0.8234896 0.2373632 -0.51529 0.8234707 0.2374457 -0.5152822 0.9122743 0.2928184 -0.2863794 0.875243 0.2054412 -0.4378854 0.7976832 0.08149111 -0.5975458 0.8752455 0.2052702 -0.4379609 0.6429673 0.2781438 -0.713603 0.1758836 -0.9831347 0.05011111 0.06371635 -0.9829416 0.1725286 0.9745736 0 0.2240676 0.9745596 -3.29692e-4 0.2241285 0.8233405 -0.006768286 0.5675073 0.6934455 -0.006631135 0.7204787 0.5182129 0 0.8552518 0.3897109 0.005344986 0.9209219 -0.8716885 -0.4900516 -0.002954781 -0.5612527 -0.8268179 -0.0369817 -0.5814066 -0.8130127 -0.03125518 -0.4783517 -0.01276004 -0.8780758 -0.1839237 0.07119828 -0.9803586 0.117595 0.0345149 -0.9924617 0.1177191 0.03459459 -0.9924442 0.117734 0.03456825 -0.9924433 0.4331994 0.2096607 -0.8765733 0.9061312 -0.4055995 0.1200641 0.8621093 -0.5066376 0.009281456 0.343682 9.78668e-6 0.9390861 0.6150022 5.04122e-6 0.7885255 0.4572835 -0.1141944 0.8819589 0.6549801 -0.1146214 0.7469024 0.4738602 -0.4437687 0.760609 0.005184769 0.9999709 0.005600631 0.002291917 0.9999922 0.003237426 0 1 -2.54741e-7 0.9122089 -0.03130733 0.4085277 0.8316422 0.253663 0.4939905 -0.8841446 -0.09826886 -0.4567622 -0.7073848 -0.5930479 -0.384579 -0.7405797 -0.532161 -0.4103003 0.1281911 -0.9897667 0.06268131 0.1280845 -0.9897736 0.06278985 -0.05774801 -0.9963834 0.06233286 0.02747178 -0.6517276 0.7579555 7.39091e-4 -0.6643721 0.7474017 0.04691755 -0.8227872 0.5664098 0.03865301 -0.4356157 0.8993025 0.002537071 -0.5800108 0.8146049 0.03867024 -0.4355074 0.8993542 -0.1285173 -0.6303002 0.7656403 -0.1386041 -0.7841126 0.6049432 0.03865069 -0.4356032 0.8993087 -0.04286026 -0.65828 0.7515521 -0.1302639 -0.6391028 0.7580099 0.6304013 0.002825379 -0.7762643 0.6030364 0.004797041 -0.7976994 0.588863 0.003173589 -0.8082267 0.5605915 0.005486309 -0.8280743 0.5748987 0.002251148 -0.8182215 -0.2642969 -0.003951549 -0.9644334 -0.2168849 -0.3454921 -0.913015 -0.116681 -0.2762178 -0.953986 -0.1526808 -0.4284237 -0.8905851 -0.2168829 -0.3456355 -0.9129611 -0.1172122 -0.6396262 -0.7596971 -0.08866769 -0.360572 -0.9285074 -0.1172031 -0.6395949 -0.759725 0.01787114 -0.7710014 -0.6365828 0.1478322 -0.3928142 -0.9076578 0.4090567 -0.603015 -0.6848692 0.2270868 -0.6500656 -0.7251527 0.2270987 -0.6501102 -0.7251089 0.5316531 -0.5915723 -0.6061248 0.4169483 -0.5356252 -0.7343432 -0.9987868 -0.04888641 0.005926549 -0.980991 -0.1940324 0.002868771 -0.881564 -0.4357107 -0.1816624 0.3406467 0.902776 0.2625937 0.5049243 0.5574451 0.6590194 0.6762908 0.5574982 0.4814838 0.5557324 0.4575845 0.6941023 0.7077973 0.4959239 0.503073 0.697942 0.2457892 0.672655 -0.9941193 -0.09219896 0.05680036 -0.9522508 0.2025876 0.2284218 -0.9927946 0.049061 0.1093257 -0.925646 0.3188673 0.2037233 0.1171563 -0.2996237 -0.9468369 0.4159666 -0.06450945 -0.9070889 0.4159585 -0.06450015 -0.9070934 0.4160909 -0.06442195 -0.9070382 0.4160793 -0.06440639 -0.9070446 0.654011 0.1802679 -0.7346926 -0.002504706 0.9999967 -6.53763e-4 0.001131772 0.9999983 -0.001488029 0 1 6.30404e-7 0.001131415 0.9999983 -0.001487731 3.13636e-4 0.9999997 8.04504e-4 3.13382e-4 0.9999997 8.03973e-4 0.1645195 -0.9863474 -0.007224202 0.05487769 -0.9822867 0.1791683 0.1730405 0.002153515 0.9849123 0.6550882 -0.06018674 0.7531515 0.7377387 -0.009435355 0.6750205 0.7584035 -0.2396677 0.6061218 0.09235852 -0.2193009 0.9712761 -0.1137375 -0.04886209 0.9923086 -0.113739 -0.04886597 0.9923083 -0.11386 -0.04876095 0.9922996 -0.1138711 -0.04877275 0.9922977 -0.3115726 0.1249948 0.9419654 0.3904738 0.9187877 0.05796176 0.7659133 0.5849912 0.2667624 0.8912492 0.396888 0.2194423 -0.1176415 -0.9734797 -0.1962084 -0.01703757 -0.9803819 -0.19637 -0.3456192 -0.9320467 -0.1087954 -0.4020425 -0.9088186 -0.1114026 -0.2122064 -0.9340878 -0.2871385 0.001021683 0.9999966 0.002436697 -0.001689732 0.9999985 -3.16266e-4 -0.002385437 0.9999952 -0.00196141 -0.002490639 0.9999948 -0.002044081 -0.001741945 0.9999985 -3.88038e-4 -0.00127393 0.9999987 -0.00103259 -0.002369999 0.9999953 -0.001948297 -0.001117289 0.999999 -9.05495e-4 -0.001117348 0.999999 -9.05418e-4 0 1 4.07606e-7 -0.00103873 0.9999978 0.00183618 -0.001038372 0.9999978 0.001835942 -0.002578198 0.9999899 0.003695726 -0.002603888 0.9999896 0.00374943 -0.001083791 0.9999976 0.001915931 -0.004541516 0.9999896 -3.3098e-4 -0.002589344 0.9999899 0.003714025 -0.004540205 0.9999897 -3.14257e-4 -0.002476751 0.9999967 -6.67303e-4 0.5329687 -0.8185758 -0.2141916 0.503752 -0.8497349 -0.1555141 0.8024996 -0.4417422 -0.4010714 0.4668659 -0.8388873 -0.2798294 0.9996017 0.02668726 0.009186744 0.9682183 0.2500652 -0.004548192 3.93575e-4 0.9999999 2.73693e-4 8.13126e-5 0.9999917 -0.004073917 3.78976e-4 0.9999563 -0.009340107 3.9054e-4 0.9999555 -0.00943005 8.29413e-5 0.9999914 -0.004148244 5.06215e-4 0.9999822 -0.005949497 2.13751e-4 0.9999995 0.001018404 -0.1699655 -0.9263528 0.3361284 -0.2580505 -0.9342725 0.2460588 -0.05577766 -0.9984407 0.002278327 -0.1166098 -0.9922862 0.04207819 9.96943e-4 -0.9997431 0.02264273 0.8235946 0.006920337 0.5671368 0.9477921 -0.008153617 0.3187849 0.9937072 0.003149211 0.1119659 0.9088052 -0.3804735 -0.1712107 0.993726 0.003106713 0.1117991 0.9156464 -0.001135349 -0.4019831 0.8688907 -0.4633271 0.1742324 0.9651954 -0.1597677 0.2070564 0.8113556 -0.4702118 0.3472796 0.9157057 -0.2318512 0.3282197 0.7222757 -0.5096761 0.4674913 0.1033533 -0.9756597 -0.1934075 0.08464103 -0.9892598 -0.1191677 0.02217835 -0.9986901 -0.04611283 0.003512561 -0.9997091 -0.02386367 0.07396054 -0.9957376 -0.05510556 0.07942849 -0.9950515 -0.05969679 0.0739724 -0.9957366 -0.05510663 0.001548588 -0.9999765 -0.006678283 -0.5861943 -0.803601 -0.1029649 -0.3456926 -0.9320233 -0.1087624 -0.3367644 -0.9384613 -0.07668167 -0.02228587 -0.969806 -0.2428572 0.01322454 -0.9217205 -0.3876295 0.3957769 -0.3877465 0.8324742 0.1261356 -0.5599598 0.818862 0.05573719 -0.3342016 0.9408522 0.03952425 -0.1287891 0.9908841 0.1260677 -0.5598518 0.8189463 -0.1608542 -0.4062624 0.8994871 3.67865e-4 -0.2139313 0.9768487 -0.160221 -0.5486965 0.8205251 -0.323459 -0.1947242 0.9259896 -0.3617063 -0.01242285 0.9322094 -0.1609743 -0.4062678 0.8994631 -0.5255442 -0.4112247 0.7447802 -0.3935112 -0.08963334 0.9149398 -0.5255019 -0.4112513 0.7447953 -0.7044439 -0.1071064 0.7016317 -0.7045273 -0.1070834 0.7015516 -0.5683124 -0.252682 0.7830535 -0.8800769 -0.1890499 0.4355743 -0.9258959 0.01329857 0.3775448 -0.9326266 -0.1590381 0.3239051 -0.8803823 -0.1880717 0.4353802 -0.9672827 -0.2534994 -0.01012068 -0.9259601 0.01328128 0.3773878 -0.967297 -0.2534421 -0.01018935 -0.9819355 0.1800797 -0.05808675 -0.9325069 -0.02094888 -0.360544 0.982261 0.179136 0.05544006 0.9822598 0.1791038 0.05556517 0.987179 -0.1531866 -0.0448513 0.9366509 -0.02321422 0.3494945 0.9326529 0.1398181 0.3325802 0.9976089 -0.02857923 -0.06292766 0.9080479 -0.3434233 -0.2398113 0 1 -1.37634e-7 -0.0382111 0.9708276 -0.2367148 -0.05781197 0.9318971 -0.3580864 -0.03821361 0.9708088 -0.2367913 0.02316784 0.7909966 -0.6113818 0.03154963 0.5550295 -0.8312321 -0.513135 -0.7010028 0.4952652 -0.3939058 -0.7136576 0.5792505 -0.3270162 -0.7191184 0.6131306 -0.1943317 -0.7111523 0.6756461 -0.3608474 -0.5729872 0.7358498 -0.1943411 -0.7111353 0.6756612 -0.2432492 -0.4509462 0.8587651 0.9155059 -0.4002239 -0.04086405 0.7679423 -0.5704301 0.2913318 0.9493138 -0.1085115 0.2950059 0.9366104 -0.0233528 0.3495935 0.7678893 -0.5704525 0.2914276 0.763984 -0.2793508 0.5816286 0.723901 0.1808691 0.665773 0.723816 0.1808646 0.6658666 0.766209 -0.1351408 0.6282204 0.4013516 -0.254294 0.8799156 0.2931504 0.2150725 0.9315615 0.2929831 0.2150537 0.9316185 0.425672 -0.1468154 0.8928879 0.03960168 -0.1286252 0.9909023 0.2929862 0.2151678 0.9315912 0.03252875 0.09408199 0.995033 0.001255095 0.3585536 0.9335083 0.001081109 0.3585619 0.9335053 -0.01305526 -0.02127879 0.9996884 -0.3616709 -0.0122658 0.9322252 0.001094937 0.3585753 0.9335002 -0.3578775 0.2033567 0.9113561 -0.3363482 0.4968566 0.8000022 -0.3365054 0.4968733 0.7999257 -0.3884648 0.0835787 0.9176654 -0.7192934 0.082421 0.6897999 0.8736049 0.2773988 0.3998305 2.38829e-5 0 1 -2.09717e-5 0 1 -1.03621e-5 0 1 -0.01971518 3.07042e-4 0.9998056 -0.06395995 -0.0159223 0.9978255 -0.04512518 -0.05795353 0.997299 0.1573294 -0.05197459 0.9861776 0.269616 -0.1828482 0.945449 0.2218806 -0.4232596 0.8784193 0.8445115 -0.2664401 -0.4645536 0.5774095 -0.8113025 0.09157824 0.824851 -0.565335 -0.004122793 0.2319889 0.9727116 -0.003682315 0.3530521 0.9355012 0.01385438 0.6352519 0.7723 -0.0028041 0.7490153 0.6625278 -0.005744993 0.6353883 0.7721877 -0.002842187 0.8945673 0.4469311 -0.001402437 -0.06309515 -0.993265 0.09717917 -0.1817641 -0.9816836 -0.05708855 -0.1037968 -0.6673787 0.7374497 0.1872513 -0.47987 0.8571241 0.08094435 -0.9365351 0.3411012 0.4005596 -0.6540043 0.6417403 0.9806301 0.02562963 0.194185 0.9526873 -0.003237366 0.3039351 0.9939736 -0.008788764 0.1092674 0.9935002 0.003146409 0.1137878 0.9869046 0.0187835 0.1602076 0.9080696 -0.002154767 0.4188137 0.9934808 0.003183841 0.1139553 0.7944558 0.001740396 0.6073195 -0.6418114 -0.7649714 -0.05382424 -0.7828143 -0.591508 -0.193184 -0.9364357 -0.2216011 -0.2719948 -0.9198996 -0.3188953 -0.2282336 -0.9449307 0.3221935 -0.05742335 -0.9746133 0.2233061 0.0162301 -0.9775691 0.2081595 0.03207051 -0.9654184 0.2606633 0.00468862 -0.998785 -0.04927617 6.14585e-4 0.8779115 -0.04092144 -0.4770711 0.9773722 -6.49825e-4 -0.2115264 0.999199 -0.03283941 0.02286994 0.9649801 -0.06095612 0.2551427 0.9991984 -0.03275054 0.02302229 0.8568138 -0.0131216 0.515459 -0.1061079 -0.7305113 0.6746068 -0.07584708 -0.9582219 0.2757862 -0.2002488 -0.9309281 0.3054068 -0.3209336 -0.7423547 0.5881422 -0.07588553 -0.9582004 0.2758501 -0.1777666 -0.977016 0.1176382 -0.2003297 -0.9309354 0.3053315 -0.1776978 -0.9770347 0.1175878 -0.2287324 -0.968222 0.1011321 -0.5204837 -0.8536932 -0.01745623 0.03835165 0.9991887 0.0122894 0.1392189 0.9901572 0.01438736 0.2319169 0.9727287 -0.003677308 0.7277098 -0.6139509 0.3057821 0.8595426 -0.5004534 0.1035997 0.8517692 -0.434399 -0.2928937 -0.2614094 -0.6382202 0.7241134 -0.3338008 -0.4255627 0.8411144 0.004510819 -0.1528339 0.9882417 -0.008473873 -0.9997695 0.01972514 0.001058757 -0.9999847 -0.005449354 -0.002332031 -0.9999971 -6.78932e-4 0.9935181 4.39723e-7 -0.1136752 0.9335542 -0.2193013 -0.2835198 0.729662 -0.5520811 -0.4034847 0.4073805 -0.9130847 0.01781862 0.1099492 -0.9939302 0.003739178 0.9559489 -0.292472 0.02493923 0.8219477 -0.5575422 0.1163998 0.7011001 -0.7123812 0.03117281 0.8540114 -0.414615 0.3142594 0.6045478 -0.7480753 0.2736883 0.6829865 -0.4435642 0.5803277 0.4263109 -0.8051044 0.4123906 0.4436178 -0.444418 0.7782648 0.3129968 -0.7570624 0.573489 0.1044779 -0.6345189 0.7658135 0.2546952 -0.8518152 0.4577567 0.08208113 -0.8468052 0.5255318 0.03614664 -0.9849777 0.1688559 -0.1797066 -0.8519362 0.4918438 -0.1468859 -0.9060461 0.396869 -0.1798248 -0.8519285 0.4918137 -0.281542 -0.8960955 0.3431429 0.6853525 0.718927 -0.115914 0.9371465 0.3476424 0.03002291 0.8283256 0.45097 0.3324199 0.8283656 0.4508824 0.332439 -0.09061467 -0.9933881 0.0704934 -0.1372168 -0.9664408 0.217172 -0.1377345 -0.9411202 0.3087427 0.1965271 -0.9683006 -0.1541793 0.2666752 -0.9632312 -0.03271156 0.1966473 -0.9682561 -0.1543049 0.1259019 -0.9848006 -0.1196513 0.06329798 -0.9977711 -0.02112567 0.125777 -0.9848318 -0.1195259 -0.002475738 -0.9999058 -0.01350164 -0.03872925 0.9944548 0.09777468 0.00155133 0.9999945 -0.002927184 -0.05565702 0.9956452 0.07478624 0 1 1.29543e-7 0.002534449 0.9999968 1.7834e-4 0.002534449 0.9999969 1.78514e-4 0.002534449 0.9999968 1.78579e-4 0 1 6.42356e-7 -0.9804517 0.01670533 -0.1960496 -0.9935954 0.0120356 -0.1123535 -0.9478018 -0.03909343 -0.3164545 -0.4882465 -0.1735491 0.8552754 -0.8260367 -0.2624791 0.4987667 -0.3656387 -0.500346 0.7848327 -0.5272535 -0.5811916 0.6198548 -0.826046 -0.2625218 0.4987288 -0.5229222 -0.7887924 0.3230462 0.999724 0.002503275 0.02336156 0.965832 -0.08958035 -0.2431954 0.8656947 -0.05022215 -0.4980465 0.8656212 -0.05031555 -0.498165 0.8656103 -0.05027955 -0.4981876 0.6769868 -0.2442181 -0.6942957 -0.09165453 -0.9305734 0.3544472 -0.2937595 -0.8401077 0.4559875 -0.3662257 -0.901199 0.2317739 -0.4047147 -0.8731303 0.2717527 -0.3704936 -0.928835 -3.40112e-4 0.1559587 -0.2527804 0.9548712 0.03869062 -0.4354376 0.8993871 0.08785402 -0.1953229 0.9767962 0.01905095 -0.1365602 0.9904486 -0.6288126 0.777551 0.003065884 -0.2239143 0.974599 0.004401981 -0.3513175 0.9361651 -0.01307487 -0.137149 0.9904598 -0.01340013 -0.2238262 0.9746192 0.004394173 -0.04172843 0.9990628 -0.01150155 -0.006040394 0.9999321 0.009974181 0.9224106 -0.2098252 0.3242411 0.8585255 -0.5063555 0.08085805 0.7650033 -0.6041931 0.2229812 0.620069 -0.7842152 -0.02282714 0.4031804 -0.9109694 0.08706527 0.3024367 -0.9330048 0.1950239 0.5402209 -0.841316 -0.01868379 0.1454086 -0.9893664 0.00327742 -0.09151107 0.9956142 0.01944762 -0.05751174 0.9982712 0.01212745 -0.4418703 0.8961305 -0.04124116 0.8394417 -0.05591404 -0.5405657 0.6152413 -0.2052021 -0.7611638 0.7551792 -0.2572189 -0.6029452 0.5871506 -0.2208935 -0.7787556 0.699832 -0.4786583 -0.530209 0.9256066 -0.1590949 0.3434258 0.9317471 0.01483547 0.3628047 0.9331561 -0.00692445 0.3594049 0.9598375 -0.02130866 0.2797465 0.9089231 0.2442852 0.3379107 0.9598612 -0.02123916 0.2796702 0.161812 -0.9866495 0.01843416 -0.002083718 -0.9999799 0.005994558 -0.08927595 -0.9937146 0.06753492 -6.12076e-4 -0.9999985 -0.001689374 -0.1278522 -0.9768296 -0.1716331 0.08080965 -0.9851459 -0.1515164 0.1627421 -0.9863851 0.02365809 0.03157037 -0.9986035 -0.04236102 -0.05712008 -0.987981 -0.1436347 -0.09560573 -0.2411292 0.9657725 -0.3490641 -0.03510516 0.9364411 -0.3490597 -0.03510934 0.9364426 -0.5650791 0.1746621 0.8063367 0.0167464 0.09504002 -0.9953326 -0.2555665 -0.01108849 -0.9667279 -0.255562 -0.01109659 -0.966729 -0.4994033 0.05107921 -0.8648627 -0.2557476 -0.01115196 -0.9666793 -0.7133796 0.02255451 -0.7004148 0.3835263 0 0.9235299 0.3030545 0 0.9529733 0.2198755 0 0.975528 0.1355984 0 0.9907639 0.1355936 0 0.9907646 0.8588629 -0.4396982 0.2627168 0.8264668 -0.5629688 0.004345834 0.734691 -0.6778807 0.02658778 0.5851055 -0.8098942 -0.04151099 0.5352201 -0.8438226 -0.03876876 0.7608556 -0.6140233 -0.2099381 0.7688781 -0.6246948 -0.1363204 0.9945493 0.1042588 0.001309096 0.9904236 -0.03141981 -0.1344396 0.9708983 -0.02180159 -0.238498 0.9598686 -0.02127599 0.2796422 0.9980555 -0.0616697 0.009077131 0.9708876 -0.02183985 -0.2385379 0.9698132 -0.2437222 0.007873654 0.8503974 -0.4720552 -0.2323537 -0.9936107 0.01211571 -0.1122099 -0.9831811 0.05948299 -0.1726757 -0.9659253 0.2298406 -0.119003 1.55783e-5 0 -1 6.64333e-5 0 -1 -0.08439308 -0.114956 -0.9897792 4.55288e-5 0 -1 -0.1701778 -0.09989166 -0.9803373 -0.002483189 0.9999967 -6.57286e-4 -0.004543781 0.9999897 -3.03244e-4 0.001163423 0.9999982 -0.001553416 -0.00452882 0.9999898 -3.04608e-4 -0.004739701 0.9999839 -0.003142952 -0.9707117 -0.1612955 -0.1780524 -0.7924596 -0.6031944 -0.090357 -0.747617 -0.6511614 -0.1306051 -0.5688299 -0.7864771 -0.2405958 -0.7072578 -0.5932067 -0.3845679 -0.5163063 -0.8283255 -0.2174964 -0.6129315 -0.6984487 -0.3694379 0.06628161 -0.9823228 0.1750677 0.03617072 -0.9850025 0.1687062 0.1306123 -0.9814373 0.1404328 0.3688206 -0.8574768 0.358755 0.4433488 -0.8755101 0.1921566 0.1215429 -0.9914085 0.04833835 0.1298301 -0.9913825 -0.01745778 -0.7072243 0.6218574 0.3363441 -0.5245904 0.847302 0.08297193 -0.922127 0.3856508 -0.03091216 -0.6956707 0.7113159 0.1003596 -0.01718688 -0.9998124 -0.0089432 -0.005830585 -0.9995042 -0.03094369 -0.1243505 -0.3347732 0.9340577 -0.09564924 -0.05033743 0.9941415 -2.53181e-4 0 1 -1.67798e-4 0 1 -1.67798e-4 0 1 -1.67802e-4 0 1 -4.73191e-5 0 1 -0.1687545 0.9801909 0.1036714 -0.07492679 0.9886882 0.1299295 -0.1974208 0.9690092 0.1484802 0.1664721 0.9857314 -0.02491319 -0.2034654 0.9692207 -0.1386111 -0.002189695 0.9999932 -0.003023505 -0.09085059 0.9958637 -0.001366794 -3.77121e-4 0.9999992 0.001209795 -0.01237136 -0.9999127 -0.00466448 -0.01357716 -0.9998733 -0.008311808 0.06060785 -0.9926066 0.1051613 -0.07345366 -0.9966654 0.0355364 -0.05573773 -0.9901748 0.1282464 -0.05568951 -0.9901641 0.1283507 0.07737088 -0.9959253 0.04633295 -0.07329511 -0.9930052 0.09256696 -0.05583137 -0.9901566 0.1283462 -0.2726243 -0.9613124 -0.03942853 -0.08027201 -0.9329052 0.3510618 0.8089631 -0.5165786 0.2805804 0.9403734 -0.3401391 -0.001801908 0.8638133 -0.5038057 -0.002550661 0.8615646 -0.4000363 -0.3125339 0.72178 -0.6921185 -0.002373576 0.5831381 -0.7797133 -0.228029 0.6574073 -0.4998247 -0.5639069 0.2168098 -0.9724545 -0.08559107 0.2199342 -0.9536041 -0.2055923 0.414974 -0.5231693 -0.7443726 0.1189931 -0.9665291 -0.2272932 0.1405311 -0.9528034 -0.2691035 0.4148766 -0.5232669 -0.7443583 0.1103665 -0.6383471 -0.7617955 0.8250195 -0.3278898 -0.4602513 0.8707324 -0.1526116 -0.4674771 0.9445077 1.76154e-5 -0.3284894 0.5650767 0.676791 -0.4718499 0.4548715 0.8860266 -0.08971583 0.3185634 0.929657 -0.185082 0.2804515 0.9583436 0.05407917 0.1704267 0.9733555 -0.1534072 0.7041175 -0.6984178 0.1281837 0.6478234 -0.6981958 0.3047091 0.4730877 -0.8810029 -0.004697561 0.3117611 -0.9329726 0.1799091 0.132107 -0.9854167 -0.1072459 0.1179067 -0.9837377 -0.1354929 0.1575092 -0.05200707 0.9861472 0.4705234 -0.1578563 0.8681527 0.8242466 0.01964306 0.5658901 0.8243081 0.01965004 0.5658004 0.7324619 0.001946508 0.6808053 0.9526501 -0.003243148 0.3040516 0.9836827 -0.02901893 0.1775563 0.9836782 -0.02906864 0.1775732 -0.9136028 4.32251e-4 0.4066079 -0.9250884 0.001482248 0.379749 -0.9135965 4.34486e-4 0.4066219 -0.9250519 0.001502871 0.3798378 -0.9251782 0.001456439 0.3795303 -0.1847373 -0.893155 0.4100565 -0.07466 -0.9616904 0.2637757 -0.3986374 -0.9167628 0.02518558 -0.4532493 -0.8903215 0.04350703 -0.1537981 -0.9794804 0.130247 -0.2869578 -0.9232573 -0.2554432 -0.1553927 0.974857 0.1597093 -0.1151193 0.9702284 0.2130832 -0.1662672 0.976812 0.1348837 0.750692 0.6606504 -0.001625657 0.1854197 -0.4893806 -0.8521304 0.2981165 -0.6169853 -0.7283239 -0.7612528 -0.2334768 -0.6049652 -0.642252 -0.08366751 -0.7619135 -0.6424214 -0.08385968 -0.7617495 -0.4839825 0.07117867 -0.8721781 0.4648718 0.858684 0.2157687 0.2534143 0.9640373 0.08008402 0.03983056 0.9992062 6.76169e-4 -0.02665382 0.968358 0.2481378 -0.1817011 0.9387543 0.2927884 3.04133e-4 -0.006464481 0.9999791 4.14057e-5 0 1 -2.38829e-5 0 1 0.2795242 -0.9401895 0.1947051 -0.0421828 -0.8768215 0.4789623 -0.05375355 -0.8300729 0.5550581 0.7489241 -0.1807907 -0.6375167 0.5649577 -0.1801949 -0.8052036 0.69515 -0.123966 -0.7080953 0.5055164 -0.1242424 -0.853825 0.5612368 -0.4800556 -0.6742105 0.2199664 0.208189 0.9530332 0.5020914 -0.0244109 0.8644701 0.5020632 -0.02444708 0.8644854 0.5021927 -0.02451604 0.8644083 0.5022113 -0.024495 0.864398 0.7132015 -0.2536718 0.6534481 0.02317947 0.9971807 0.07136923 0.001739621 0.9999918 -0.003658771 0.004337191 0.9999688 -0.006597816 0.814817 -0.1517042 -0.559517 0.9161574 -0.002481162 -0.4008111 0.9161677 -0.002460181 -0.4007875 0.9645907 0.1469035 -0.2190526 0.02535426 0.9996137 0.01138842 -0.00143361 0.999983 -0.005666851 -0.001441717 0.9999829 -0.005671977 -0.0288096 0.9993182 -0.02309155 0.2711873 -0.9484538 -0.1639903 0.791831 -0.5815418 -0.1865823 0.7252584 -0.6876484 0.03376305 0.9392062 -0.3173671 0.1310341 0.700892 -0.645657 0.3031129 -0.184205 0.9765824 -0.1111548 0.008819103 0.9998342 0.01593768 0.00601685 0.999875 0.01463258 0.009079873 0.9999548 0.002817511 0.01015883 0.9999173 -0.007897317 0.1636145 -0.01895081 -0.9863424 -0.08821052 -0.07689672 -0.9931293 0.2698319 -0.09654295 -0.9580555 0.07767695 -0.2624183 -0.9618228 0.4293227 -0.0697683 0.9004524 0.6735494 -0.1183721 0.7296022 0.8529369 -0.06717115 0.5176745 0.969353 0.0163635 0.2451269 0.8530083 -0.06722992 0.5175489 0.9977235 -0.005872249 -0.06718087 -0.9533302 -0.3011708 -0.02139174 -0.9771795 -0.1821857 -0.1092185 -0.9809742 0.1876055 -0.04993873 -0.9344428 0.07332044 -0.3484836 -0.918656 -0.1827031 -0.3502725 -0.9155324 -0.2434664 -0.3201947 -0.7921956 -0.428453 -0.4345737 -0.819363 -0.4769977 -0.3179898 -0.763161 -0.5740122 -0.2968087 -0.7921903 -0.4284905 -0.4345463 -0.9272705 -0.1968401 -0.3184705 -0.8484315 -0.5190142 -0.1038666 -0.4068998 -0.8413782 -0.35569 -0.2868273 -0.923282 -0.2555003 -0.141788 -0.9619782 -0.2334396 -0.08377116 -0.996293 -0.01956593 0.1635015 -0.003951251 -0.9865353 -0.2588066 -0.0772857 -0.9628323 0.00131303 0.9999514 0.009774208 0.005665063 0.9997569 0.02130967 0.001315772 0.9999513 0.009794771 0.005666196 0.9997566 0.02132242 0.007369041 0.9999728 -4.62264e-4 -0.127054 0.06316357 0.9898827 0.09661144 -0.1411617 0.9852612 0.09657853 -0.1411296 0.985269 0.3112429 -0.3324514 0.8902832 -0.006358444 0.9999716 -0.004068255 -0.009952008 0.9999303 -0.006367802 -0.009951829 0.9999302 -0.0063681 -0.01004248 0.999929 -0.00642544 -0.0100426 0.999929 -0.006425261 -0.01359587 0.9998698 -0.008698344 -0.4470327 -0.150615 -0.8817466 -0.4519832 -0.3625941 -0.8150072 -0.2589569 -0.07738155 -0.9627843 -0.185778 -0.3300646 -0.9254966 -0.3435016 -0.5835105 -0.7358819 -0.04368722 -0.7472215 -0.6631376 0.9497395 0.2227675 -0.2199313 0.8981641 0.04031723 -0.4378082 0.8981667 0.04031229 -0.4378032 0.8981211 0.04018265 -0.4379087 0.8981105 0.04020953 -0.4379277 0.7715259 -0.1457788 -0.6192709 0.630427 -0.18023 -0.7550358 0.839203 0.01247644 -0.5436753 0.839228 0.01248311 -0.5436364 0.8393039 0.01256251 -0.5435175 0.8393036 0.01256912 -0.5435179 0.9427515 0.2040106 -0.2638172 0.02114635 0.9997479 0.007556676 -0.0729072 0.9948496 -0.07042038 0.01511824 0.9998818 0.002825736 -0.3059592 0.9508342 -0.0479936 0.9997255 0.004709661 -0.02295637 0.9640573 0.00454843 0.2656558 0.9562352 0.004802584 0.2925599 0.9229877 -4.30669e-4 0.3848293 0.9148369 -6.78524e-5 0.4038238 0.3069384 -0.2955958 -0.9046612 0.07061457 -0.2936106 -0.9533134 0.4548796 -0.1458753 -0.8785244 0.3929174 -0.1061156 -0.9134306 0.07057565 -0.2936148 -0.953315 -0.07063508 -0.07811081 -0.9944393 -0.07063847 -0.07821184 -0.9944311 -0.9714844 -0.08851349 -0.2199628 -0.9953241 -0.01400029 -0.09557127 -0.00945419 -0.9933081 0.1151081 0.01263988 -0.998435 0.05447977 -0.09823125 -0.9738825 -0.2047038 0.01263135 0.2386801 0.9710161 0.006910562 -0.06694358 0.9977329 0.006908953 -0.06694662 0.9977327 0.2337452 -0.02755075 0.9719076 0.00709027 -0.06703633 0.9977254 0.4291761 -0.06987315 0.9005142 -0.9953425 -0.01398652 -0.09538215 -0.9981487 0.05726033 -0.0205065 -0.9919214 -0.06230306 -0.1105008 -0.9919191 -0.06225901 -0.1105458 -0.9981456 0.05731594 -0.0205025 -0.9894532 -0.09592556 0.1085397 -0.9919165 -0.06237119 -0.1105061 -0.920394 -0.3907229 0.01451778 0.1041134 0.9945652 6.64549e-4 0.1016364 0.9945323 -0.02399051 0.7770707 -0.6289672 -0.02369582 0.851797 -0.4634476 -0.2442502 0.7125616 -0.7016091 7.87578e-4 0.4360562 -0.8989452 -0.0418626 0.4247235 -0.9038799 -0.05109989 0.1316927 -0.9912809 -0.004398703 -0.1300386 0.0175535 -0.9913536 -0.3145528 0.02098202 -0.9490081 -0.1301863 0.01753813 -0.9913344 -0.5249035 0.01106309 -0.8510898 -0.664008 0.02024149 -0.7474515 -0.6660819 0.00657463 0.7458497 -0.3227989 0.04100131 0.9455792 -0.3492099 0.007031857 0.9370182 -0.2295125 0.02737975 0.9729205 0.02222257 -0.9966673 0.07848936 0.01893895 -0.9930591 0.1160817 0.007160544 -0.9939479 0.1096196 0.02020603 -0.9911814 0.1309629 -0.03356343 0.112732 -0.9930585 0.05050885 -0.1739874 -0.9834517 -0.1976723 -0.1846835 -0.9627138 -0.2736967 0.2369224 -0.9321792 -0.08994996 -0.7470944 0.6586039 -0.1360534 -0.9393041 0.3149563 0 1 1.18253e-6 -0.00975269 0.9999331 -0.006240546 -0.009875118 0.9999313 -0.006318867 -0.0199691 0.999719 -0.01277899 0.1636627 -0.01892435 -0.9863349 0.4433646 -0.06150257 -0.8942289 0.7275686 0.01235443 -0.6859237 0.9287691 0.008339166 -0.3705652 0.7276839 0.01240056 -0.6858004 0.9633588 0.0156359 -0.2677597 0.03286236 0.9987832 0.03677546 0.0168628 0.9997906 0.01160126 0.008807897 0.9998346 0.01591128 -0.1841841 0.9765858 -0.1111599 -0.214847 0.9655077 -0.1470907 -0.1842883 0.9765548 -0.1112599 -0.5274469 0.7573624 -0.3849701 -0.002827882 0.9999909 0.003210723 -0.00633037 0.9999596 -0.006391823 -0.009904623 0.9999495 0.00170356 -0.01734066 0.9998496 -2.02276e-4 0.424062 0.90515 0.02957874 0.2862682 0.9579043 -0.02167898 0.3707423 0.9192345 -0.1325063 -0.1803215 0.9743766 -0.134441 -0.9840987 0.1180577 0.1327105 -0.9894545 -0.09592193 0.1085303 -0.9939311 0.1087222 0.01674544 -0.9939367 0.1086747 0.01672935 -0.9797384 -0.1711702 0.1039877 -0.9981449 0.05726665 -0.02067142 -0.9702319 0.03633528 -0.2394368 -0.8921689 0.3522189 -0.2828013 -0.5433803 -0.3009379 -0.7836927 -0.4868301 -0.1814771 -0.8544369 -0.5383644 0.1750229 -0.8243365 -0.2982138 0.1336514 -0.9450957 -0.2744098 -0.2990331 -0.9139358 -0.247017 -0.01189577 -0.9689382 -0.5645892 -0.1066368 -0.8184545 -0.5503668 0.02021169 -0.8346784 -0.8012689 -0.09440219 -0.5908101 -0.8492124 -0.1125305 -0.5159217 -0.4614169 -0.4479881 -0.7657684 -0.5221311 -0.5493157 -0.6524043 -0.3686663 -0.6948934 -0.6174207 -0.5363129 -0.7002328 -0.4712139 -0.6687671 -0.4601237 -0.5839837 0.8489036 0.1585475 -0.5042077 0.9157875 0.03512966 -0.4001241 0.8264699 0.4246895 -0.3695761 0.9113125 0.1857638 -0.3674255 0.7660735 0.522594 -0.3742017 0.9112921 0.1859391 -0.3673872 0.7413743 0.6174131 -0.2629932 0.924274 0.2692714 -0.2705742 0.5770689 0.7954708 -0.1849802 0.6654795 0.614142 -0.424225 0.5547528 0.793959 -0.248754 0.7577341 0.5339881 -0.3750944 0.7222378 0.6517873 -0.2313999 0.5547866 0.7939725 -0.2486352 0.471405 0.8813912 -0.03044611 0.5581495 0.8047821 -0.2019782 0.3561797 0.9341234 -0.02344489 0.3071149 0.9485418 -0.07712954 -0.9578824 -0.1236505 0.2591759 -0.7390359 -0.6702125 0.06812703 -0.9196853 -0.3917979 0.02595561 -0.8886058 -0.4586527 -0.004174947 -0.7389364 -0.6703363 0.06798815 -0.6092148 -0.7578773 -0.2334082 -0.9197357 -0.3916873 0.02583235 -0.7834312 -0.5770541 -0.2307467 -0.8418323 -0.5203882 -0.1432291 -0.62867 0.4809614 -0.6111057 -0.4103904 0.8564371 -0.313202 -0.4529752 0.8042313 -0.3847409 0.8959826 0.1669543 -0.4115113 0.9488089 0.2973353 -0.1065524 0.9489291 0.3128044 -0.04107362 0.9384521 0.3304526 -0.1005421 0.9014092 0.4292207 -0.05684351 0.76015 0.6377754 -0.1241557 -0.9197046 -0.3917562 0.02589267 -0.7797639 -0.6039208 -0.1650701 -0.5117679 -0.803323 -0.3045749 -0.96015 0.2786269 0.0218873 -0.9864262 0.05865466 -0.1533719 -0.8758524 0.4794286 -0.05505341 -0.8288285 0.5585634 -0.03241312 -0.9751963 0.2090657 -0.07269042 -0.9005907 0.3994038 -0.1715025 -0.6745855 0.7238051 -0.1450538 0.02836525 0.9993728 0.02119946 -0.005603671 0.9999835 0.001286447 -0.005483388 0.9999841 0.00135523 -0.03950017 0.9990446 -0.01870268 -0.2851405 -0.9177374 0.2765011 -0.5159599 -0.8565855 -0.00684905 -0.1198026 -0.9925149 -0.02369976 -0.3653331 -0.8727735 -0.3237257 -0.008478879 0.9995879 -0.02742666 0.005264163 0.9997649 -0.02103322 0.005501151 0.9997648 -0.02098137 0.01890873 0.9997118 -0.01479482 -0.8617956 -0.4220017 -0.281466 -0.6414801 -0.6713672 -0.3711731 -0.9567357 -0.2088437 -0.2025862 -0.8931877 -0.2902327 -0.3434835 -0.6414564 -0.671352 -0.3712416 -0.8685051 -0.4908681 -0.06890136 0.6479051 -0.2257944 0.7274861 0.4565654 -0.003532648 0.8896829 0.4565358 -0.003503441 0.8896982 0.2139117 0.2193187 0.9519144 0.09570968 0.9947429 -0.03641957 0.08197522 0.9716142 -0.2219147 0.3261243 0.9439558 -0.05089676 0.2002091 0.9780206 -0.05824089 0.08200764 0.9715787 -0.2220577 0.2077964 0.8955941 -0.3933597 -0.7978654 -0.5624096 -0.2170401 -0.7119863 -0.6991954 -0.0648179 -0.8902625 -0.4488155 -0.07744312 -0.8340841 -0.5502449 0.03916901 -0.7119891 -0.6992024 -0.06471133 -0.7005987 -0.6955123 0.1594495 -0.8672134 -0.4563466 0.1992208 -0.7757916 -0.5591034 0.292491 -0.7005892 -0.6955036 0.1595291 -0.60618 -0.7096472 0.3590913 -0.6723971 -0.7040596 0.2284345 -0.4618104 0.8442296 -0.2720434 -0.6745852 0.7237997 -0.1450821 -0.8920999 0.3523956 -0.2827989 -0.8921597 0.3522465 -0.282796 -0.845486 0.4279968 -0.3193312 -0.935989 0.2794093 -0.2141382 -0.3200733 -0.820968 0.4728264 -0.5639554 -0.4744068 0.6759382 -0.597323 -0.4802191 0.6423357 0 1 5.12137e-7 0 1 -1.3101e-6 -0.03149783 0.9989978 -0.03180223 -0.0315051 0.9989975 -0.03180611 -0.06229203 0.9959349 -0.06506466 -0.157786 0.9796043 -0.1244159 -0.02808976 0.9995066 -0.01405727 -0.09073913 0.9940985 -0.0594533 -0.9115462 0.3349706 0.2384918 -0.6825578 0.706737 0.1861123 -0.6004818 0.7917391 0.1121201 -0.02260297 0.9997444 5.01695e-4 -0.06571584 0.9968497 0.04440963 0.001028001 0.9999505 -0.009901881 -0.2683281 0.9614589 0.05997455 0.001023352 0.9999505 -0.009900689 1.8082e-4 0.9999972 -0.002362012 -0.4091494 -0.8490483 0.334236 -0.5292046 -0.7489499 0.3987687 -0.597353 -0.4802627 0.642275 -0.5497777 -0.3124881 0.7746586 0 1 2.7404e-7 0 1 0 0.3125057 0.9372088 -0.1548548 0.5758134 0.8112236 -0.1017609 0.7004677 0.6605318 -0.2702645 -0.01433354 0.9989624 0.04323089 0.05156171 0.9856684 -0.1606219 -0.005230665 0.9993633 0.03529673 0.293172 0.9396201 -0.1765339 0.5439178 0.8275858 -0.1387632 0.2111669 0.9755351 -0.0611546 0.2110711 0.9755589 -0.0611056 0.4334566 0.8942221 -0.1117244 -0.002809643 0.9998516 -0.01700276 -0.004023194 0.9999684 0.006864726 0.001560032 0.9997023 0.02434825 0.05212986 -0.8477302 -0.5278599 0 -1 0 -0.03955084 -0.9352136 -0.3518684 0.01426821 -0.9614953 -0.2744507 -0.02190005 -0.9832574 -0.1809012 0.05262327 -0.9940701 -0.09516036 -0.08538579 -0.9941194 -0.06660425 -0.001801669 -0.9999638 -0.008315682 0 1 -7.54906e-7 -0.00154221 0.9999985 -7.74492e-4 -0.001543104 0.9999985 -7.75011e-4 0 1 -2.33451e-6 0.1349788 0.589232 0.7966094 0.1198744 0.206862 0.9709986 0.1604208 0.2119115 0.9640326 0.8160106 -0.5663967 0.1154198 0.6996992 -0.7140485 -0.02357876 0.8870738 -0.4603869 -0.03382664 0.6980328 -0.7092418 -0.0986219 0.6996908 -0.7140543 -0.02364856 0.6640908 -0.7072722 -0.2423828 0.8133049 -0.5639108 -0.1433175 0.6641139 -0.7072582 -0.2423604 0.8342871 -0.4579914 -0.306935 -0.1384972 0.9832476 -0.1185017 -8.82358e-4 0.9999731 0.007294952 -0.265075 0.9609813 0.07905805 0.001558959 0.999702 0.02436554 -0.3297677 0.9386742 0.1007183 0.001947939 0.999997 -0.001511096 -0.841863 -0.5391717 0.02367854 -0.9256817 -0.3783013 0.001252174 -0.8711233 -0.4894616 -0.03964501 0.1807694 0.9519167 -0.2473397 0.09849989 0.9640821 -0.2466648 0.3273651 0.9008215 -0.2852244 0.2929904 0.9396792 -0.1765213 -0.9983618 0.02982264 0.0488286 -0.9600975 0.1035955 0.2597711 -0.8649051 0.02143812 0.5014774 -0.8648256 0.02135008 0.5016186 -0.8648195 0.02136939 0.5016281 -0.6759255 -0.1265733 0.7260193 -0.2684772 -0.7205108 -0.6393625 -0.03244549 -0.8726373 -0.48729 0.1359813 -0.6598449 -0.7389952 0.05367642 -0.8668893 -0.4956026 -0.03250962 -0.8726539 -0.4872561 0.08173674 -0.9292101 -0.3603994 0.3672154 -0.7963283 -0.4806393 -0.005942404 -0.9999266 0.01057249 0.001878678 -0.9998602 0.01662385 0.1096819 -0.9914485 0.07070869 0.109679 -0.9914473 0.07073175 0.00187689 -0.99986 0.01663088 0.003755509 -0.9994401 0.03325009 -0.007687211 -0.9785336 -0.205944 0.05910438 -0.8975817 -0.4368682 0.07117748 -0.9475528 -0.3115726 0.08843922 -0.963105 -0.2541798 0.09132832 -0.9948655 -0.04361003 0.1033114 -0.09286892 -0.9903041 0.1085948 -0.0409488 -0.9932424 -0.1835232 -0.05352741 -0.981557 -0.4706454 -0.1203393 -0.8740774 -0.758506 -0.1726031 -0.6283923 0.5518721 -0.6401476 -0.5344607 0.6054279 -0.6929285 -0.3915448 0.7002288 -0.6851297 -0.2006915 0.8466666 -0.4391105 -0.3005626 0.006654441 -0.9908369 0.1348998 -0.04605221 -0.9966236 0.06797498 -0.07943999 -0.9956002 -0.04969483 -0.004186689 -0.9992597 -0.03824478 -0.6741729 -0.2958818 -0.6767162 -0.5841178 -0.07790714 -0.8079214 -0.818286 -0.3171978 -0.479368 -0.5656718 -0.2966883 -0.7694098 -0.9162304 -0.3133699 -0.2496421 -0.4547417 -0.5095306 -0.7304714 -0.5152095 -0.7690621 -0.3782896 -0.8270946 -0.5507415 0.1122421 -0.947738 -0.2731321 -0.1648987 -0.9595046 -0.2296052 0.1631945 -0.959487 -0.2296235 0.1632719 -0.9874016 -0.1425217 -0.06874388 -0.924048 -0.3679508 -0.1036709 -0.8952496 -0.3699832 0.2482757 -0.7962154 -0.6040378 0.03434514 -0.8951745 -0.3701469 0.2483024 -0.6051961 -0.7957124 0.02407866 -0.4768846 -0.8302032 0.2886935 0.6854973 -0.6132084 -0.3925163 0.7807241 -0.499141 -0.3759366 0.7776814 -0.4240418 -0.4641125 0.9046545 -0.3091867 -0.2932643 0.9468942 0.005366384 -0.3215005 0.8800371 0.4721667 0.05092608 0.9868887 -0.04337096 -0.1554668 0.9596383 0.2607415 -0.1053963 0.9319151 -0.01285779 -0.3624485 0.9868648 -0.04345828 -0.1555939 0.8272333 -0.0697816 -0.5575085 -0.8030518 -0.4760429 -0.3584566 -0.344673 -0.8292248 -0.439985 -0.2237607 -0.8837954 -0.4108977 -0.7735966 -0.6292678 0.07463461 -0.7409406 -0.6669502 0.07864183 -0.9249806 -0.3514027 0.144662 -0.9655823 -0.244351 0.08912658 0.9130551 -0.1885879 -0.3616147 0.8817997 0.1092104 -0.4588055 0.004329979 0.9997135 0.02354305 -0.09460264 0.9365911 -0.337413 0.1766107 -0.961336 0.2112862 0.09234875 -0.9780696 0.1866863 -0.02663499 0.9683193 0.2482908 0.1909815 0.9260136 0.3256148 0.07536029 0.8179909 0.5702735 -0.1428583 0.8765804 0.4595632 -0.8103995 -0.4317063 -0.3960838 0.07324957 -0.9254049 -0.3718339 0.08637559 -0.9356586 -0.3421731 0.2741209 -0.9295453 -0.2465834 0.2741542 -0.9295514 -0.2465232 -0.02049463 -0.9278643 -0.3723547 0.08072429 -0.9393484 -0.333329 0.1585623 -0.978736 -0.1301304 -0.2549753 -0.9244582 0.2834869 -0.09708654 -0.9919978 0.08071249 0.2710314 -0.9484944 -0.1640132 0.2544273 -0.7554804 -0.6037519 -0.005097568 0.999835 0.01744055 -0.02065116 0.9993982 0.02787423 -0.005316317 0.9998087 0.01882433 -0.03795522 0.9990364 0.0220409 -0.0200538 0.9996957 0.01436978 0.9487681 0.2974274 -0.1066584 0.7831195 0.3590928 -0.5077166 0.7681298 0.2058547 -0.6063008 0.760996 0.2334789 -0.6052874 0.6446405 0.03835928 -0.763523 0.786404 0.2772296 -0.5520077 0.4127562 -0.09449726 0.9059264 0.2947725 -0.02416163 0.955262 0.2173243 0.0394743 0.975301 0.02305674 0.05751252 0.9980786 -0.9992423 0.01785391 -0.03458487 -0.9538075 0.08499366 -0.288145 -0.8401996 0.01020944 -0.5421811 -0.7023379 -0.01758205 -0.7116267 -0.8401038 0.01033771 -0.5423272 -0.5274819 0.06457233 -0.8471089 -0.00529778 0.999985 0.001446664 -0.005296587 0.9999849 0.001447856 0.2611021 -0.9413551 0.2137201 0.162567 -0.9855839 0.04686582 0.7217293 -0.6921716 -0.00228703 0 1 4.54092e-7 0 1 -3.53385e-7 0 1 1.41645e-7 0 1 1.73466e-7 0 1 -2.35979e-7 0 1 0 0 1 -1.93045e-7 0 1 8.26279e-7 0.8365771 -0.0615009 -0.5443865 0.6840853 -0.0926029 -0.7234998 0.2697761 -0.01585382 -0.9627926 0.2697057 -0.0159372 -0.962811 0.4563897 -0.05405503 -0.8881365 0.0831995 -0.03890639 -0.9957732 0.2696299 -0.01585996 -0.9628335 -0.2118622 -0.06516188 -0.9751248 -0.4583662 -0.02031165 -0.8885314 0.003681778 -0.9998658 0.0159673 0.03466892 -0.9988704 0.03249925 0.4711322 0.8736776 0.1213344 0.2863413 0.9578822 -0.0216903 0.5103366 0.8537529 -0.1032607 0.5539938 0.8092418 -0.1954961 0.6815235 0.6043364 -0.4126783 0.03824108 -0.8778667 0.4773759 -0.1740912 -0.7812362 0.5994685 0.1208844 -0.8476909 0.5165337 -0.9439654 -0.3288185 -0.02841967 -0.9095117 -0.2487679 0.3330214 -0.8545929 -0.4173959 0.3089526 -0.7061232 -0.4080275 0.5787085 -0.6545504 -0.5046812 0.562904 -0.4198065 -0.5084128 0.7518504 -0.1143939 -0.4804475 0.8695311 0.1251089 -0.452687 0.882849 0.1872752 -0.4796905 0.8572195 0.4733293 -0.4624015 0.7497628 0.7063979 -0.4452497 0.5502315 -0.4563267 -0.8686257 0.1930168 -0.007591903 -0.9928992 0.118717 0.2096636 -0.9774352 0.02572327 0.1305361 -0.9907323 0.03755009 -0.2389708 0.9455588 0.2209336 -0.06361454 0.9968944 0.04642188 -0.1478564 0.9840166 0.09924739 -0.2968661 0.9506089 0.09062713 0.2027338 -0.9664194 -0.1579008 0.6911934 -0.7184973 -0.07754522 0.2807497 -0.9480499 0.1496032 0.7476493 -0.5043932 0.4319816 0.2735614 -0.7977179 0.5374107 -0.4305897 -0.1594993 -0.8883426 -0.3494422 -0.02545863 -0.9366121 -0.2597787 -0.03368675 -0.9650805 -0.2426598 0.1018079 -0.9647546 -0.349354 -0.02530795 -0.936649 -0.1719555 -0.01862972 -0.9849286 -0.2596048 -0.03371804 -0.9651262 -0.1718818 -0.01873028 -0.9849395 -0.08076959 -0.1465005 -0.9859076 -0.02638632 0.9995107 -0.01679998 0.001027226 0.9999993 6.51468e-4 0.001024484 0.9999992 6.55798e-4 0.001040697 0.9999993 6.61042e-4 0.001039624 0.9999994 6.62716e-4 0.02849161 0.9994295 0.01814079 0.7160621 -0.6937013 -0.07767683 0.4066992 -0.9065214 -0.1132028 -0.8055856 -0.07538992 0.5876635 -0.8054822 -0.07535976 0.5878092 -0.8235757 -0.1848071 0.536255 -0.6606158 -0.1808986 0.7286031 -0.8054985 -0.07535731 0.5877869 -0.655943 0.006846547 0.7547793 -0.5926935 0.1426517 0.7926948 0.03577101 -0.9876585 0.1524836 0.002953648 0.9999954 -8.05925e-4 0.001788735 0.9999984 1.16845e-4 0.001788794 0.9999984 1.16933e-4 0.001705229 0.9999985 1.84444e-4 0.001743376 0.9999986 1.55406e-4 3.31457e-4 0.9999993 0.001228928 0.006849527 0.996478 -0.08357506 -0.09070956 0.9940981 -0.05950516 0.006731927 0.9964728 -0.08364647 -0.2365107 0.9576455 -0.1642493 -0.3332551 0.9326424 -0.138273 -0.1741719 -0.7812924 0.5993716 -0.06618881 -0.9970604 0.03859531 0.06397175 -0.9593561 0.2748516 -0.06617355 -0.9970671 0.03845041 0.006622612 -0.9996395 -0.02602171 -0.6815075 -0.01607483 0.7316346 -0.8937965 0.024419 0.4478076 -0.8982479 0.09087795 0.4299905 -0.8513486 0.4932945 0.1785111 -0.985238 0.133125 0.1076293 0.003783464 0.1172973 0.9930897 0.1784188 -0.04941266 0.9827132 0.1784037 -0.04939937 0.9827166 0.342643 -0.2129822 0.9150052 -0.4496805 0.8921722 -0.04262065 -0.8400793 0.5350413 -0.08943128 -0.8523544 -0.28373 0.4393054 -0.9183276 -0.1391535 0.3705546 -0.9924278 -0.004555702 0.1227447 -0.02732843 -0.8654184 -0.5003042 -0.03305792 -0.9786356 -0.2029278 0.05508178 -0.8049558 -0.5907725 -0.04946005 -0.9650391 -0.2573975 -0.0331043 -0.9786491 -0.2028548 0.06677973 -0.8863906 -0.4580963 -0.236625 0.9576312 -0.1641682 -0.169295 0.9855237 0.009070992 -0.5908654 0.7999992 -0.104305 -0.5140074 0.8534762 0.08587783 -0.7687572 0.6394826 -0.008626103 -0.8287675 0.5586622 -0.03226351 -0.8621007 0.48586 0.1439534 -0.9601296 0.2786908 0.02197253 0.9830208 0.08140307 0.1644497 0.9840691 0.1773686 -0.01218849 0.9562553 0.2758945 0.09725332 0.942331 0.3346809 9.91835e-4 0.620115 -0.7841772 -0.02288395 0.7837159 -0.6016125 -0.1544403 0.8191688 -0.5295046 -0.2204257 0.8586219 -0.5061952 0.08083891 0.9653554 -0.174278 -0.1942068 0.9693276 -0.2133091 -0.1220795 -0.8834974 0 0.4684361 -0.8789539 -0.007586717 0.4768465 -0.9280558 -0.00480163 0.3724102 -0.03733742 0.9641891 -0.2625744 -0.007419705 0.9982606 -0.05848699 0.002694725 0.9999963 -6.01904e-4 -0.2854945 -0.9560649 -0.06657958 -0.9416514 -0.2874323 -0.1751447 -0.9448631 -0.1293461 -0.3008379 0.3743672 -0.9264842 0.03842169 0.1893718 -0.9816658 -0.02169686 -0.03531771 -0.9952002 0.0912652 0.0924077 -0.9881129 -0.1228563 0.8769832 -0.3915311 -0.2785748 -0.9221976 0.3854797 -0.03093737 -0.854611 0.5140734 0.07327073 -0.9782711 0.1546617 -0.138078 -0.7475028 0.6561104 0.1037249 -0.989724 -0.00718379 -0.1428102 -0.1547123 -0.6792688 -0.7173967 -0.02732956 -0.8653274 -0.5004615 0.09024238 -0.6272307 -0.7735879 0.08318871 -0.4872205 -0.8693078 -0.04358685 -0.7472141 -0.6631525 0.142754 -0.6408564 -0.7542709 0.123427 -0.352416 -0.9276685 0.1427441 -0.6408514 -0.7542769 0.2576423 -0.4802188 -0.8384571 0.4542745 0.009657859 -0.8908095 0.1149353 0.209303 -0.9710727 -0.06544935 0.001037061 -0.9978554 -0.06559026 0.001058161 -0.9978461 0.03097969 0.1476711 -0.9885512 -0.2612812 0.1370367 -0.9554859 -0.008223176 -0.9999629 0.002595901 -0.002337813 -0.999997 -7.17817e-4 0.06329047 -0.9977715 -0.02113139 0.02770006 -0.999482 -0.01638627 0.03271234 -0.9965192 -0.07667922 -0.2331748 -0.1325237 -0.9633623 -0.1817419 -0.1272126 -0.975083 0.1311046 -0.1993449 -0.9711197 0.1656101 -0.2779181 -0.9462214 0.5849747 0.7827826 -0.2122642 0.3941404 0.8468528 -0.3570625 0.4259638 0.787351 -0.4456833 0.1310277 0.8100278 -0.5715653 0.01989251 0.9997105 -0.01353973 0.02838361 0.9994579 -0.01668429 0.02498632 0.9996321 -0.01056385 -0.06353628 0.9969016 0.04637145 0.02497905 0.9996323 -0.01055449 -0.0635702 0.9968987 0.04638934 -0.08603203 0.9948245 0.05406248 -0.961613 -0.007272601 0.2743129 -0.9676653 -0.1415266 0.2087925 -0.9972307 0.05501723 -0.05004274 -0.05695998 -0.9852284 -0.1614952 -0.06844419 -0.9898319 -0.1246926 0.0277813 -0.9994479 -0.01822394 0.006746649 -0.9999182 -0.01087421 -0.8604918 0.1407774 -0.489628 -0.9464787 -0.01571363 -0.3223835 -0.946482 -0.01572239 -0.3223736 -0.9758198 -0.1712002 -0.1358909 0.9997395 0 -0.02282339 0.999683 -0.003171741 -0.02497845 0.9997151 -0.006082594 -0.02308219 0.9997152 -0.006063282 -0.02308499 0.9825506 0.004162669 -0.185949 0.905303 0.2315879 -0.3560809 0.8786557 0.008193135 -0.4773859 0.6735996 0.215429 -0.7070035 -0.3958461 -0.8679804 0.2998599 0.05236119 -0.7432342 0.6669792 -0.3143945 -0.4493722 0.8361943 0.05245065 -0.7432344 0.6669721 0.1081278 -0.3115742 0.9440498 -0.6090633 -0.3720441 -0.7004464 -0.6794846 -0.5840767 -0.4440217 -0.3169104 -0.7789205 -0.5411569 -0.7742698 -0.5257331 -0.3522937 -0.4319575 -0.8488971 -0.3046086 -0.354166 -0.8905311 -0.2855185 -0.5510174 -0.7182265 -0.4248888 -0.6233491 -0.7808804 0.04076617 -0.354098 -0.8905556 -0.2855265 -0.7080147 -0.7047372 0.0453943 -0.2121965 -0.9768123 0.02846586 -0.2122724 -0.9767957 0.02847069 -0.6233057 -0.7809101 0.04085826 -0.5371265 -0.8119412 0.2285754 -0.4064679 -0.8381436 0.3637296 -0.5030803 -0.7763339 0.3797578 0.6475695 -0.3849446 0.6576255 0.9837783 -0.1771937 -0.02797675 0.7712196 -0.2198461 0.597401 0.2318996 0.2317087 0.94474 -0.08491009 -0.9903103 0.1098909 0.8217867 -0.5672439 0.05386108 0.8488664 -0.428506 -0.30953 0.7270523 -0.3930717 -0.5629296 0.5419617 -0.3404394 -0.768361 0.1668685 -0.3854147 -0.9075298 0.1214367 -0.4623268 -0.8783548 -0.1239517 -0.4302312 -0.8941684 -0.1925936 -0.4557014 -0.8690478 -0.3906078 -0.3698763 -0.8429811 -0.4702596 -0.4771403 -0.7424238 -0.7142731 -0.3599916 -0.6001833 -0.847383 -0.4027271 -0.3460537 -0.861042 -0.508534 5.83641e-5 -0.7244356 -0.6893425 -2.13369e-4 -0.8545762 -0.4174636 0.3089073 -0.4760064 -0.8572365 0.196376 -0.3457838 -0.9270233 0.1451253 -0.2389355 -0.9658469 0.1002484 -0.1039057 -0.6674012 0.737414 -0.08713394 -0.8836073 0.4600498 0.08089172 -0.9366025 0.3409289 0.241406 -0.8756241 0.4183367 0.4006537 -0.6539914 0.6416947 -0.997178 -0.006225109 0.07481682 -0.9978087 -0.008196532 -0.06565612 -0.9509723 0.1561663 0.2669529 -0.9221489 0.3856036 -0.03084349 -0.9110757 0.2604189 0.3195671 -0.7842063 0.5233333 0.3333809 -0.8511463 0.3834114 0.3585327 0.01810449 -0.9997935 -0.009231269 -0.004733979 -0.9999806 0.004056513 -0.005965709 -0.9999259 0.01061844 0.9184819 -0.06682521 -0.3897761 0.7856882 -0.07242029 -0.614369 0.7533744 -0.06863063 -0.6540007 0.5585531 -0.09552115 -0.8239505 0.516466 -0.08121281 -0.8524479 0.2744525 -0.1066716 -0.9556658 0.2743626 -0.1066598 -0.9556929 0.2225551 -0.07370233 -0.9721303 -0.03946721 -0.09137499 -0.9950342 -0.08770155 -0.08414423 -0.9925867 -0.3343765 -0.1392745 -0.9320917 -0.3861081 -0.08471184 -0.9185557 -0.6103354 -0.1080565 -0.7847387 -0.6542776 -0.05781579 -0.7540413 -0.8263 -0.08326405 -0.5570417 -0.8541736 -0.07262676 -0.514891 -0.9549829 -0.1136229 -0.2740397 -0.9706811 -0.08417934 -0.2251488 -0.9931806 -0.1112248 0.03495162 -0.9933398 -0.07533502 0.08718132 -0.9351619 -0.100238 0.3397421 -0.9351274 -0.1002486 0.3398339 -0.9182516 -0.08188241 0.3874395 -0.7847943 -0.118458 0.6083301 -0.7534203 -0.06864488 0.6539464 -0.5567258 -0.07474315 0.827327 -0.5140219 -0.05147486 0.8562312 -0.2754161 -0.07766389 0.9581829 -0.2266461 -0.07317584 0.9712244 -0.9715624 -0.2127746 0.1038915 -0.9271445 0.2855457 0.2426249 0.3309272 0.8474346 -0.4151407 0.3935737 0.7311129 -0.5572915 0.5893779 0.655344 -0.4723961 0.6757383 0.5312667 -0.5110121 0.3936032 0.7310892 -0.5573017 0.6817106 0.4717126 -0.5592477 0.5521835 0.5188928 -0.652567 0.6445755 0.2021883 -0.7373211 0.65033 0.3639281 -0.6668038 0.5918316 0.1401975 -0.7937759 0.5818321 0.02009195 -0.8130608 -0.8382643 -0.5141724 0.181493 -0.9160374 -0.3456051 0.2035496 -0.7077839 -0.6919014 0.1425292 -0.5766289 -0.8074648 -0.1244973 0.9891167 -0.04823416 -0.1390023 0.8971872 -0.05066996 -0.4387343 0.7192029 -0.04857265 -0.6931002 0.4708245 -0.0454576 -0.8810551 0.1690834 -0.04550176 -0.984551 -0.1394608 -0.03659796 -0.9895511 -0.4383972 -0.01821935 -0.8985967 -0.6933528 -0.03383332 -0.7198036 -0.8819088 -0.03691798 -0.4699724 -0.9843893 -0.03556412 -0.1723744 -0.9892531 -0.04299163 0.1397501 -0.8982444 -0.04194551 0.4374902 -0.7181738 -0.02737665 0.6953252 -0.4705207 -0.04699641 0.8811365 -0.6196199 -0.6681643 0.411859 -0.4594978 -0.6139398 0.6418253 -0.3070706 -0.8144381 0.4923396 -0.3069283 -0.8144548 0.4924009 -0.04196029 -0.9340172 0.3547554 -0.004375338 -0.9909697 0.1340155 0.1907662 -0.8218002 0.5368918 0.5616364 0.6161322 -0.5522189 0.3977795 0.8642776 -0.3078891 0.4366304 0.8496423 -0.2957392 0.4436063 0.8908217 -0.09823584 0.597512 0.7364892 -0.317117 0.5354571 0.8370733 -0.1122232 0.9487503 0.2975205 -0.1065579 0.7951593 0.6024211 -0.06935894 0.8665753 0.4911042 -0.08867967 0.8944215 0.3650212 -0.2583987 -0.1252374 -0.986166 0.1085931 -0.1831976 -0.9742727 0.1312691 0.01223069 -0.9999009 0.006979703 -0.003495693 -0.9999909 -0.002437651 0.03449857 -0.9829369 -0.1806788 0.03268986 -0.9965212 -0.07666021 0.0190891 -0.9997367 0.01273173 -0.008476316 -0.999769 0.01975017 0.01252961 -0.9993717 0.03315645 0.01254951 -0.9993721 0.03313487 -0.1955251 -0.7089677 -0.6775949 -0.238361 -0.5766718 -0.7814306 -0.01257467 -0.5809428 -0.8138473 0.003001332 -0.2556223 -0.9667721 -0.69757 0.6809303 0.2230027 -0.5507313 0.8157061 0.1769714 0.9985535 -0.05367922 -0.003115355 0.9671271 -0.09234428 -0.2369344 0.8810805 -0.06482475 -0.4685029 0.7131498 0.002759039 -0.7010064 0.8809738 -0.06488913 -0.4686947 0.5055923 -0.009714782 -0.8627178 -0.004227876 -0.9992546 -0.03837311 -0.02153253 -0.9910616 -0.1316558 0.2397221 -0.8031926 -0.5453577 0.03177666 -0.8807627 -0.4724907 0.03179055 -0.8807418 -0.4725285 0.3002713 -0.7678374 -0.5659179 0.3503752 -0.80467 -0.4793158 0.8846619 -0.4651495 -0.03177189 0.931675 -0.2669843 -0.2463758 0.9562796 -0.2031139 -0.2104143 0.9895037 -0.003347098 -0.1444693 -0.01113802 -0.728968 -0.6844572 0.07228118 -0.3133664 -0.9468775 -0.1467716 -0.5141362 -0.8450574 0.1654757 -0.2779852 -0.9462252 -0.2591071 -0.3735861 -0.8906723 -0.3386162 -0.09866225 -0.9357376 -0.9148938 0.3134654 -0.2543795 -0.8834264 0.4636994 -0.06738501 -0.8586713 0.5121627 0.01931565 -0.8511649 0.5212778 0.06154423 -0.8368752 0.5440011 0.06085157 -0.7530049 0.6579895 0.005795359 -0.6858456 0.7268996 -0.03511112 -0.7747032 0.6297349 0.05717605 -0.8368337 0.5454307 0.04706293 0.0347855 0.9982839 -0.04710847 0.01123589 0.9996773 -0.02278608 -0.01526612 0.9998832 -7.14161e-4 0.04299563 0.997895 0.04854977 0.4718741 -0.8800849 -0.05277836 0.4547036 -0.88393 0.1091436 0.7412037 -0.6666259 0.07891172 0.6665924 -0.5479412 0.5053862 0.5559991 -0.7381415 0.3821156 0.5752489 -0.4424222 0.6880054 4.28874e-5 -0.8970799 -0.4418686 0.2543952 -0.706707 -0.6601881 -0.01100081 -0.7289418 -0.6844873 0.3375083 -0.6027051 -0.7230732 0.2204869 -0.33171 -0.9172536 -0.1579058 -0.9454763 0.2848514 -0.01110875 -0.9790678 0.2032315 0.001632452 0.9999978 -0.001336157 0.001357614 0.999999 6.03782e-4 0 1 -5.25488e-7 0 1 1.70797e-7 0.001314043 0.999999 5.8454e-4 0 1 4.82198e-7 0 1 -7.1467e-7 5.70348e-4 0.9999992 -0.001162588 5.48972e-4 0.9999992 -0.001118957 0.00139451 0.9999968 -0.002123773 0.001395642 0.9999968 -0.002126693 5.45448e-4 0.9999992 -0.001111745 0.001509606 0.9999989 -4.24711e-4 0.001444578 0.9999967 -0.002163231 0.001507043 0.9999988 -4.36672e-4 5.84785e-4 0.9999998 3.90347e-4 5.77926e-4 0.9999998 3.98143e-4 0.00151062 0.9999988 -4.46233e-4 1.76793e-4 0.9999968 0.002556025 6.29986e-4 0.9999998 4.3808e-4 1.75106e-4 0.9999969 0.002535223 0 1 5.55922e-7 0.4997708 -0.7328681 -0.4616639 0.07882088 -0.9534004 -0.2912302 -0.4417437 -0.4938333 -0.7489935 -0.2185082 0.2074983 -0.9535191 -0.5053254 -0.03187596 -0.8623399 -0.5053029 -0.03190428 -0.8623521 -0.5054515 -0.03200107 -0.8622615 -0.5054474 -0.03201043 -0.8622635 -0.7173934 -0.2666274 -0.6436277 0.9087643 -0.1865187 -0.3733074 0.929766 -0.1862586 -0.3175578 0.9045786 0.1858847 -0.3836465 0.9909588 -0.09864801 -0.09093618 0.9795479 -0.1867837 -0.07481998 0.9020522 0.003647029 -0.4316119 0.8909751 0.003801345 -0.4540364 0.8793032 0.008616566 -0.4761846 -0.2141543 -0.6511911 0.7280715 -0.422821 -0.4040656 0.8111433 -0.6490537 -0.110952 0.7526082 -0.1572468 -0.2150376 0.9638632 -0.3909876 -0.02118587 0.9201521 -0.3910191 -0.02115732 0.9201394 -0.5880019 0.1746857 0.7897713 -0.6321441 -0.291965 0.7177398 -0.8588424 -0.0680601 0.5076984 -0.8719381 -0.1103847 0.4770107 -0.8971403 0.1055496 0.4289506 -0.8589286 -0.06799149 0.5075617 -0.9604744 0.1658885 0.2235397 -0.008062958 0.9999446 0.006784856 -0.01284062 0.9999054 0.004945516 -0.01436716 0.9998854 0.00479418 -0.01437425 0.9998852 0.004805684 -0.01270347 0.9999085 0.004672348 -0.01331794 0.9999083 0.002481281 -0.0143004 0.9998862 0.004808247 -0.01336413 0.9999077 0.002503156 -0.1249293 0.9919617 -0.02011942 -0.01335883 0.9999077 0.002491414 2.80201e-4 0.9999916 0.004107654 -0.9795607 -0.07325243 -0.1873368 -0.9485033 -0.2655068 -0.1727653 -0.9978827 -0.05933344 -0.02664291 -0.9155538 -0.2092283 -0.3434894 -0.8673318 -0.4614957 -0.1864331 -0.006760716 -0.9858485 -0.1675022 -0.00318396 -0.9999903 -0.003049135 -0.04273891 -0.9980478 -0.0455417 -0.002335131 -0.9998485 0.01725524 0.8807179 -0.2672581 -0.3910358 0.4689353 -0.5557047 -0.6865072 0.4345648 -0.7991872 -0.4152749 0.3128656 -0.8423336 -0.4388501 0.4345012 -0.7992898 -0.4151443 0.1400079 -0.9644221 -0.2242493 0.1808468 0.9519112 -0.247305 0.3482705 0.7982158 -0.4914869 -0.001945793 0.9999859 -0.004940509 -7.01744e-4 0.9999991 0.001231014 4.02789e-4 0.9999991 0.001311719 4.528e-4 0.9999988 0.001543819 -9.66026e-4 0.9999989 0.001178026 -5.60073e-4 0.9999995 8.41036e-4 4.47115e-4 0.9999989 0.001437962 -5.21632e-4 0.9999995 8.68674e-4 -5.23877e-4 0.9999995 8.71375e-4 -5.70754e-4 0.9999995 8.08334e-4 -6.18833e-4 0.9999995 8.07178e-4 9.49623e-4 0.9999976 0.001965403 0.1206271 -0.9926886 -0.004321157 0.1825104 -0.9830437 0.01775234 0.2533754 -0.9672091 -0.01753836 0.03881222 -0.03471428 -0.9986433 0.003108739 -0.2554901 -0.9668067 0.163554 -0.01840519 -0.9863628 -0.2241759 -0.1420498 -0.9641405 -0.2104139 -0.06453418 -0.9754801 -0.7370336 -0.4868692 0.4687643 -0.8951668 -0.3701401 0.24834 -0.6254786 -0.650143 0.4313822 -0.003114521 -0.9926594 -0.120904 0.3387969 -0.9098166 -0.2396883 -0.2977783 0.1171546 -0.9474191 -0.01774948 -0.1153141 -0.9931704 -0.04676431 0.1183956 -0.9918648 0.9985503 -0.05374783 -0.002938807 0.967061 0.03359943 0.2523174 0.8678448 0.03429019 0.4956507 0.8677633 0.03441309 0.4957848 0.8677563 0.03438711 0.495799 0.6976568 0.1946159 0.6894924 -0.7155886 -0.1833956 -0.6740171 -0.4919784 -0.03122538 -0.8700473 -0.4919741 -0.03123456 -0.8700494 -0.239843 -0.1103428 -0.9645205 -0.4918411 -0.03114217 -0.8701279 0.04014408 -0.05828392 -0.9974926 -0.9133923 -0.3698258 -0.170128 -0.8336197 -0.2357415 -0.499504 -0.9346774 0.07675337 -0.3471127 -0.7346292 0.04223275 -0.6771532 -0.7021694 0.3036774 -0.6440017 -0.03434669 -0.8739912 -0.4847266 -0.4672814 -0.4259771 -0.7747204 -0.314507 -0.3032076 -0.8995279 0.9550313 0.2405038 0.1734163 0.9203612 0.372759 0.1182628 0.835753 0.5414226 0.09153443 0.8356181 0.5243371 0.1637468 0.8215754 0.5420064 -0.1767569 -0.1632943 -0.9861013 -0.03064501 -0.0856837 -0.9960801 -0.02197271 -0.02159929 -0.9995326 0.02163535 0.04975992 -0.997624 0.04764932 0.1066702 -0.98839 0.1081978 -0.5566163 -0.1550021 -0.8161817 -0.3838807 0.03125995 -0.9228534 -0.3838946 0.03124517 -0.9228482 -0.1819832 0.2151408 -0.9594773 -0.1662201 0.4931552 -0.8539138 -0.09890067 0.2151063 -0.9715698 0.1181364 0.4876585 -0.8650046 0.09079021 0.3138013 -0.945138 -0.09887778 0.2150703 -0.9715801 0.1513588 0.2640566 -0.9525569 0.09095066 0.3137558 -0.9451378 0.1587737 0.1145112 -0.9806519 0.3254649 0.2800897 -0.9031182 0.3216521 0.6609124 -0.6780374 0.1514659 0.2641009 -0.9525277 0.4068202 0.3921226 -0.825068 0.3255731 0.2800332 -0.9030966 0.3820028 0.2276545 -0.8956825 0.6428707 0.2781561 -0.7136852 0.4117997 -0.03567802 0.9105758 0.5545905 -0.05090111 0.8305652 0.8418069 0.04850316 0.5375953 0.9155331 0.02910488 0.4011884 0.841881 0.0485481 0.5374749 0.9836109 -0.04493278 0.1746159 0.9972438 -0.02470445 -0.06996095 -0.5627965 -0.8211716 0.09453707 -0.07941895 -0.9846358 -0.1555157 -0.686891 -0.6639301 -0.2955972 -0.3839395 -0.8994013 -0.2089686 -0.0449 -0.9497575 -0.3097497 -0.01437562 -0.9998944 0.002146244 -0.1524885 -0.9681894 -0.1983846 -0.1123989 -0.9276763 -0.3560664 -0.02419352 -0.8172973 -0.5757082 -0.2539802 0.8724064 -0.4176138 -0.4865915 0.8646571 -0.1248875 0.006778955 -0.9999181 -0.01085704 0.01225423 -0.9999006 0.006968557 0.03269904 -0.9965214 -0.0766552 0.02877008 -0.9995303 0.01055693 0.07955211 -0.9281388 -0.3636342 4.48002e-4 -0.9999985 0.001705527 -0.08812916 -0.9821405 0.1662333 -0.3421161 -0.9370006 -0.07061505 -0.6413336 0.7542663 0.140619 -0.3172553 0.8964409 0.3094234 -0.2883213 0.8226044 0.4900948 -0.4106717 0.5699324 0.7117062 -0.3170762 0.8965064 0.3094173 -0.1020927 0.9056726 0.4115024 -0.2881796 0.8226086 0.490171 -0.04240649 0.8841796 0.4652186 -0.5492656 0.83163 0.0818476 -0.1664016 0.9768046 0.1347715 -0.4224705 0.8715018 0.2490049 -0.2526904 0.9425845 0.218362 -0.4011439 0.8908517 0.2132294 -0.2344155 0.945862 0.224487 -0.5072355 0.8372175 0.2043994 -0.5244681 0.8473761 0.08298796 -0.5084845 0.8533214 0.1152657 -0.585647 0.8034163 0.1074241 -0.6956037 0.7113533 0.1005583 -0.974552 0 -0.2241617 -0.9744602 7.60377e-4 -0.2245592 -0.9744305 3.96793e-4 -0.2246891 -0.9744181 4.35328e-4 -0.224743 -0.9744328 9.91478e-4 -0.2246771 -0.9656784 0.003915607 0.2597116 -0.6662294 0.006594955 0.7457178 -0.6493731 0.1230459 0.7504495 -0.3666782 0.1328868 0.9208085 -0.1369088 0.1409695 0.9805018 0.4659064 0.8823177 0.06668496 0.5547536 0.8305863 0.04873144 0.5953296 0.801424 -0.05746656 0.2999809 -0.9425885 0.1467603 0.3745368 -0.9264158 0.038419 0.1871243 -0.9793913 0.07600802 0.1547687 -0.987115 0.04062807 -0.9930732 0.1174927 -0.001082062 -0.992205 0.1246164 3.4499e-4 -0.9995045 -0.03147828 0 -0.9432513 -0.33208 0 -0.879544 -0.4758175 -6.06211e-5 -0.6953639 -0.7186579 -1.05053e-6 -0.8794588 -0.4759752 1.06171e-6 -0.6952583 -0.71876 -1.25516e-5 -0.5752975 -0.8179442 -3.73523e-5 -0.3035066 -0.9528294 7.46171e-6 -0.1517807 -0.9884142 0 0.1510176 -0.9885312 2.67599e-5 0.30197 -0.9533175 0 0.575125 -0.8180657 0 0.6967957 -0.7172697 0 0.8800504 -0.4748803 7.37586e-6 0.9425435 -0.3340834 2.94989e-6 0.9993904 -0.03491222 -3.04112e-5 0.9927026 0.12058 -0.001488387 0.9876364 0.1565699 0.007757663 0.9926767 0.1207922 -0.001504957 0.9876647 0.1563912 0.007772028 0.9976165 -0.06899327 -0.001226902 0.9717217 -0.2361292 4.53633e-4 0.9217333 -0.3869194 -0.02648031 0.8871394 0.449255 -0.1056114 -0.01963979 0.8575801 -0.5139755 0.05395263 0.975598 -0.2128323 -0.03245484 0.9409182 -0.3370752 0.1196907 0.9295621 -0.3486955 0.1017476 0.8465826 -0.5224419 0.1197809 0.9295328 -0.3487426 0.2777554 0.8378815 -0.4699005 0.5116964 0.7376141 -0.4405592 -0.9338461 0.2013891 -0.2955908 -0.9435855 0.302079 -0.1356274 -0.9124623 0.377139 -0.1586784 -0.4537572 -0.8815069 -0.1305755 -0.09096473 -0.9948639 -0.04439842 -0.4210763 -0.9060966 0.0410344 -0.09085094 -0.9948768 -0.04434472 -0.0882337 -0.9925224 0.08434498 -0.4895625 -0.09791147 -0.8664537 -0.3145421 -0.3031219 -0.8995446 -0.7392847 -0.3015372 -0.6021076 -0.6376079 -0.3158285 -0.702644 -0.8171893 -0.2555832 -0.5166032 -0.7768821 -0.6013128 -0.1867547 0.4948675 -0.1717146 -0.8518335 0.6246098 -0.3981731 -0.6718042 0.9444078 -0.1976786 -0.2627108 0.9653129 -0.1743081 -0.1943912 0.6977663 -0.4314087 -0.5718469 0.8560483 -0.4383342 -0.2739428 -0.2304823 0.5668702 0.7909085 -0.5585078 0.5698367 0.6027897 -0.3840662 0.8618819 0.3311387 -0.2858201 0.9398301 0.1871532 -0.5459792 0.6724355 0.4997372 -0.5703834 0.7929632 0.214178 -0.002729296 0.9999922 0.002887845 -0.006034433 0.99997 0.004851758 0.06965053 0.9939166 -0.08531421 -0.002345561 0.9999946 0.002291977 0 1 -1.80615e-7 0.5539729 0.8092792 -0.1954002 0.6122232 0.7525094 -0.2427193 0.6815584 0.6042202 -0.4127906 0.5699967 -0.7810377 0.2551159 0.002052128 -0.8383177 0.5451781 -0.04256856 -0.8636613 0.502272 -0.2549983 -0.9244188 0.2835946 0.001990675 -0.8382737 0.5452461 -0.5009673 -0.6616163 0.5579389 -0.4817411 -0.7347619 0.4775463 -0.7075859 -0.700365 0.09386718 -0.464684 -0.8311027 -0.3055114 -0.5459088 -0.7804058 -0.3048779 -0.8461344 -0.5304274 0.05199491 -0.9050028 -0.2855047 -0.3153684 -0.1662948 0.9768201 0.1347911 -0.3067924 0.9495147 0.0655772 -0.1895296 0.9760536 0.1067607 0.01134431 0.9998951 0.009016275 0.007294595 0.9999495 0.006911456 0.002275347 0.9999792 -0.006038248 0.003151237 0.9999308 -0.01133602 0.003144323 0.9999307 -0.01134866 0.002275466 0.9999791 -0.006044089 0.001683235 0.9998912 -0.01466178 0.003146648 0.9999306 -0.01135945 0.001759469 0.9998902 -0.01471436 0.003853678 0.9999098 -0.01287114 0.003822803 0.9999116 -0.01274096 0.001739263 0.9998919 -0.01459783 0.004599094 0.9999411 -0.009828984 0.003951609 0.9999111 -0.0127353 0.004697501 0.9999401 -0.00989151 0.008144974 0.9999426 -0.006957292 0.9380922 -0.3184042 -0.1363892 0.8845127 -0.4184337 -0.206278 0.8942676 -0.4280791 0.1305138 0.8714537 -0.4903336 0.01189547 0.6856928 -0.6995204 -0.2012378 0.4916816 -0.8618032 0.1246766 -0.8542097 -0.04969239 0.5175487 -0.6178409 -0.2080572 0.7582776 -0.7299795 -0.1383167 0.669327 -0.582927 -0.215548 0.7834125 -0.6019962 -0.2210885 0.7672814 -0.5829212 -0.2155665 0.7834119 -0.5693818 -0.2468883 0.7841241 0.9854289 0.02021163 -0.168883 0.9703125 -0.001194775 -0.2418517 0.9308336 0.3145068 -0.1861031 0.9072095 0.3123537 -0.281791 0.709458 0.6835834 -0.1714149 0.7234742 0.6246273 -0.2939829 0.4000455 0.9031799 -0.1556594 0.09261411 0.08006328 -0.992478 -0.0429387 0.01260119 -0.9989983 -0.08242958 -0.1610445 -0.9834989 0.1171171 -0.1613399 -0.9799251 -0.04285258 0.01260173 -0.9990019 -0.03356683 -0.2605736 -0.9648703 0.07104158 -0.3062699 -0.9492903 -0.03365296 -0.2607095 -0.9648306 0.01815688 -0.7467719 -0.6648324 -0.0784353 0.996744 -0.01869428 -0.02278089 0.9994869 -0.02251547 -0.01769959 0.9997724 -0.01191562 -0.01768714 0.9997726 -0.01191884 0.1645767 0.9655289 -0.2016646 -0.01062804 0.9999169 0.007308781 -0.0204997 0.9996923 0.01397025 0.4259989 0 -0.9047237 0.4979743 0 -0.8671919 0.4979746 0 -0.8671917 -0.1025698 -0.9935697 -0.04794538 0.06060707 -0.9890844 -0.1343097 0.2002092 0.9780233 -0.05819469 0.235597 0.9665585 -0.1012857 0.09572941 0.9947407 -0.03642731 0.382646 0.9202438 -0.08205783 -0.1025161 -0.09784251 -0.9899078 -0.2142125 -0.1735141 -0.9612523 -0.3919601 -0.1242923 -0.9115475 -0.5273069 -0.1335489 -0.8391139 -0.701093 -0.01313626 -0.7129489 0.8942342 -0.4281253 0.130591 0.4917163 -0.8617676 0.1247868 0.6164278 -0.4994773 0.6087192 0.552832 -0.4239443 0.7173899 0.5620587 -0.8178191 0.1235399 0.30877 -0.8066413 0.5039753 0.4931069 -0.4705381 0.7317374 0.2727717 -0.8599238 0.4314239 0.1947692 -0.6482587 0.736088 0.1618946 -0.7742406 0.6118348 0.272689 -0.8600084 0.4313076 -0.5169085 -0.1865284 0.8354717 -0.2910819 -0.1860771 0.9384278 -0.4461049 -0.09174275 0.8902661 -0.2217257 -0.09205257 0.9707545 -0.3507145 -0.3595947 0.8646914 -0.9723846 0.233366 -0.002939939 -0.997915 0.06442242 -0.003930449 -0.9839669 -0.1781019 0.009433805 -0.9921064 -0.1253845 -0.001962661 -0.9995316 0.03060764 0 -0.9432683 0.3320316 0 -0.8806768 0.4737179 0 -0.6979356 0.7161605 1.20997e-5 -0.8805932 0.4738732 -1.19992e-5 -0.6977928 0.7162997 0 -0.577364 0.816487 0 -0.3044648 0.9525236 0 -0.1522494 0.9883421 0 0.152249 0.9883422 0 0.304465 0.9525235 0 0.5773689 0.8164834 0 0.6978504 0.7162436 0 0.8815379 0.4721135 0 0.9445532 0.3283587 0 0.9995287 0.03070116 1.19545e-5 0.9446088 0.3281987 -1.21929e-5 0.9995338 0.03053301 0 0.9918359 -0.1274908 -0.002779066 0.9987797 -0.04891788 -0.006794035 0.9974717 0.07031166 -0.01032215 0.8047434 -0.3608987 -0.4713177 0.9648147 -0.04595029 -0.2588847 0.4868685 0.06864279 0.870774 0.6433957 -0.08491861 0.7608093 0.6433959 -0.0849182 0.7608093 0.7612512 -0.2334766 0.6049672 -0.212123 -0.9768297 0.02841919 -0.5029611 -0.7764747 0.379628 -0.4064443 -0.8381294 0.3637889 -0.06541043 -0.818021 0.571457 -0.4915865 -0.7183 0.4923292 -0.1164693 -0.411854 0.9037762 0.8119234 -0.518251 0.2686939 -0.9835732 0.008822143 0.180294 -0.9383467 0.005532503 -0.3456515 -0.9835692 0.1800078 -0.01374226 -0.8607995 0.1406651 -0.4891192 -0.9835465 0.1801277 -0.01379996 -0.7847088 0.221297 -0.5790163 -0.7575628 0.6064323 -0.2415335 -0.9149484 0.270179 -0.2997878 -0.7286885 0.1802925 -0.6606873 -0.5015227 0.3641526 -0.7847725 0.5207312 -0.7575514 -0.3936433 0.6857668 -0.6994464 -0.2012428 0.8807146 -0.267365 -0.3909702 0.353756 -0.8081167 -0.4709609 0.09969609 -0.9505497 0.2941359 0.296804 -0.7207827 0.6264023 0.3098127 -0.913978 0.2620313 0.06414693 -0.9593486 0.2748373 0.03357678 -0.9807093 0.1925665 0.1084355 -0.9940994 0.002867937 -6.98137e-4 -0.9999517 0.009812414 -0.9992458 0.01795405 -0.03443115 -0.9750303 -0.03862887 0.2186865 -0.8776827 0.03667014 0.4778374 -0.7250163 0.1012871 0.6812433 -0.8776159 0.03659588 0.4779657 -0.5453462 0.03594356 0.83744 -0.5273582 0.06450855 -0.8471906 -0.3142147 0.08936607 -0.9451365 0.06292092 0.004799604 -0.9980071 0.06311196 0.004869222 -0.9979947 -0.0987966 0.0281853 -0.9947085 0.4461768 0.06844824 -0.8923235 0.5818092 0.03754991 -0.8124581 0.09864991 -0.9951148 0.003856062 0.148173 -0.9733527 -0.1750121 8.81851e-5 -0.9842076 0.1770184 0.6303066 -0.5218958 0.5747509 0.3499426 -0.3722537 0.8596321 0.552839 -0.4238101 0.7174637 0.5198845 -0.350587 0.7789795 0.2522292 -0.2066388 0.945347 0.1879794 -0.5774921 0.7944599 -0.2599966 -0.09241688 -0.9611768 0.04539227 -0.3841082 -0.9221716 -0.4494811 -0.4375578 -0.7787877 -0.369917 -0.4912543 -0.7885624 -0.02894949 -0.4472475 -0.8939416 0.1125055 -0.7608107 -0.6391476 -0.3653821 -0.8727195 -0.3238157 -0.1472581 -0.941941 -0.3017656 -0.007834732 -0.8526248 -0.522465 0.2025693 -0.966449 -0.1579309 -0.2798716 -0.9121702 -0.2993621 0.02153915 -0.281589 0.9592934 -0.06473469 -0.3572121 0.9317773 0.6335608 0.2069038 -0.7455143 0.9255998 -0.1352802 -0.3535029 -0.7451739 0.5991852 -0.2927337 -0.699717 0.7119001 0.0599538 -0.3277376 0.942382 0.06711411 0.2773629 -0.7103809 -0.6468608 0.2774763 -0.7103842 -0.6468086 0.2939315 -0.5868719 -0.754444 0.4519141 -0.5655652 -0.6898621 0.4682579 -0.7025028 -0.5359332 0.4683337 -0.7024996 -0.5358712 0.5207152 -0.5620414 -0.6426238 0.6472788 -0.5581778 -0.5191028 0.6133975 -0.7004083 -0.3649271 0.5139983 -0.8250533 -0.2347189 0.2261846 -0.9132 -0.3389785 0.3886626 -0.8570685 -0.3381937 0.3336094 -0.8973957 -0.2887659 0.5518468 -0.6401744 -0.5344548 0.5867463 -0.5017569 -0.6355854 0.4115699 -0.5318208 -0.7401195 0.06472098 -0.9787715 0.1944674 0.04428446 -0.9160858 0.3985297 0.9398881 0.2968699 0.1687563 0.9750769 0.1086183 0.1934612 0.9832326 0.1780756 0.03927975 0.975117 0.1086146 0.1932612 0.9876845 0.06701278 -0.1413812 0.4381706 -0.06176596 0.8967673 0.6940103 -0.0551123 0.7178526 0.8826209 -0.03610616 0.468697 -0.5890473 0.1515972 -0.7937517 -0.4663103 0.003564357 -0.8846141 -0.259691 -0.03365528 -0.9651052 0.682703 0.6138098 0.3964269 0.8367062 0.5014915 0.2200662 0.8172557 0.2782555 0.5046454 -0.770762 -0.07985597 0.6320989 -0.8134582 -0.0856598 0.5752812 -0.9578037 0.06406551 0.2801924 -0.9578163 0.06407833 0.2801465 -0.857747 -0.02905946 0.5132501 -0.9968236 -0.07833784 -0.01435321 -0.9578176 0.06405651 0.2801472 -0.985226 -0.1642909 0.04835754 -0.8897227 -0.07171827 0.4508326 -0.7493299 -0.6152635 0.2448584 -0.7857636 -0.4834806 0.3857749 -0.7501756 -0.5442156 0.3755875 -0.7502555 -0.5440819 0.3756214 -0.915506 -8.35821e-4 0.4023035 -0.8777334 0.06120771 0.4752239 -0.7502523 -0.5440587 0.3756617 -0.8263253 -0.3229811 0.4613781 -0.7718865 -0.423547 0.4741301 -0.6461369 -0.1981319 0.7370555 -0.5137401 -0.318891 0.7964795 -0.3311947 -0.2853457 0.8993821 -0.02067011 -0.5470836 0.8368229 -0.003047883 -0.6912799 0.7225807 -0.2424429 -0.435818 0.8667666 0.2011593 -0.3578649 0.9118486 0.4026868 -0.1939411 -0.8945558 0.5818716 0.02006787 -0.8130331 0.5742993 -0.3033402 -0.7603716 0.6542619 0.006375491 -0.7562413 0.5919508 0.1400929 -0.7937055 0.8056045 -0.06898468 -0.5884239 0.6592323 -0.1813614 -0.7297403 0.8055902 -0.06899857 -0.5884419 0.7834895 -0.3032177 -0.5424051 -0.7303574 -0.6641921 0.1594581 -0.1396448 -0.984883 0.1024933 -0.3286302 -0.9062858 -0.2657979 -0.4230924 -0.860055 -0.2851286 -0.4671813 -0.8824237 -0.05540901 -0.4045667 -0.8732012 0.2717453 -0.1866229 -0.9673246 0.1716251 -0.2257686 -0.8944249 0.3860477 -0.04240882 -0.9965324 0.07158792 -0.7513495 0.616257 0.2360113 -0.7721263 0.6214203 0.1328835 -0.5703974 0.7929548 0.2141723 -0.570352 0.7930026 0.2141159 -0.7071751 0.6988033 0.1075978 -0.7410318 0.6563227 0.1418179 -0.4420574 -0.850892 0.2838456 -0.634971 -0.6365281 0.4377715 -0.3986515 -0.8556588 0.3300381 -0.02215039 -0.9879089 0.1534453 0.03202122 -0.9533741 0.3000877 -0.9835643 0.008810579 0.1803433 -0.9487115 0.05234324 0.3117803 -0.9412059 0.1484767 0.3034571 -0.9835407 0.1801688 -0.01367467 -0.8166122 0.555673 0.1561162 -0.9149984 0.2701628 -0.29965 0.307381 -0.7143524 0.6286634 0.4306195 -0.7128518 0.5535424 0.49691 -0.6998349 0.513139 0.5982112 -0.6925442 0.403145 0.5982703 -0.5552615 0.5777174 0.5982373 -0.6925278 0.4031345 0.7435077 -0.4473067 0.4971048 0.3583784 0.9327353 -0.03962171 0.4377037 -0.767665 -0.4680876 -0.5925822 0.1427668 0.7927573 -0.2710114 0.1132833 0.955887 -0.6153379 0.04518711 0.7869673 -0.1706549 0.1063165 0.9795784 0.9756868 -0.2191693 -2.891e-4 0.9998531 -0.003768444 -0.01671886 0.9960476 -0.02656692 -0.08475559 -0.6765173 0.6388559 0.3663163 -0.8861307 0.2321357 -0.4011053 0.4281787 -0.8501124 0.3065484 0.626828 -0.7780911 -0.04075431 0.6247235 -0.778939 0.05454009 0.7590013 -0.6473067 0.07007986 0.9145284 -0.3989156 -0.06711357 0.7152311 -0.695638 -0.06732261 0.7114415 -0.7027283 0.004913389 0.008743762 0.9999533 -0.004105567 -0.02882051 0.9994395 0.01703363 -0.01062923 0.9999168 0.007313191 0.9854657 0.163209 -0.04712009 -0.6130247 -0.6983568 -0.3694572 -0.740625 -0.5321637 -0.410215 -0.9149072 -0.3816481 -0.1314903 -0.9148523 -0.3817814 -0.1314852 -0.6130741 -0.6983751 -0.3693405 -0.6462432 -0.7607488 0.06025934 0.4460235 -0.7559947 0.4790984 0.2142847 -0.9042618 0.369314 0.1001203 -0.8655654 0.4906858 0.1035721 -0.6117579 0.7842354 0.3437533 -0.7325543 0.5875354 -0.07351434 -0.8195428 0.5682827 -0.04333662 0.997881 -0.04853475 -0.02294474 0.9997047 -0.00800693 -0.05134618 0.9986084 -0.01204711 0.009782195 0.9999294 -0.00674194 0.02837705 0.9994582 -0.01667642 -0.01277029 0.002138793 0.9999162 -0.04349678 0.004075348 0.9990453 -0.03098076 0.006164371 0.9995011 0.9932164 -0.1140905 0.02246302 0.9381147 -0.3448684 0.0317282 0.9574725 -0.1321506 0.2564817 -0.09012073 0.9958556 0.01224499 0.00842452 0.9999616 0.002424955 -0.2336483 0.230659 -0.944566 -0.7712147 -0.2198385 -0.5974103 -0.3400171 0.9403675 0.009868323 -0.2275915 -0.1965553 0.9537129 -0.008964419 0.08148223 0.9966346 0.2001017 -0.1929634 0.9605855 0.3435112 0.08448213 0.935341 0.2132431 -0.02875995 0.9765759 0.3436774 0.08451509 0.935277 0.6700335 -0.1677319 0.723133 0.7268626 0.09973734 0.6795023 0.6701589 -0.1677365 0.7230156 0.7319824 0.2297018 0.6414351 0.909841 0.01583683 0.4146549 -0.5829309 0.02314215 0.8121922 -0.3912166 0.006820499 0.9202734 -0.2710069 0.1132895 0.9558875 -0.2709067 0.1132808 0.9559169 -0.3476034 -0.1780385 0.9205836 -0.1101719 -0.174077 0.9785497 -0.09959173 0.0653429 0.9928806 0.186747 -0.08274835 0.9789169 -0.1024394 -0.1769279 0.9788783 -0.004280626 0.9997143 -0.02351671 -0.005657792 0.9997575 -0.02128374 0.4365928 -0.8995726 -0.01249045 0.754989 -0.6551251 -0.0283305 0.8582472 0.4580032 -0.2316141 0.8818917 0.3896735 -0.2653707 0.6813017 -0.706146 0.1928364 0.4889838 -0.8710581 0.04639893 0.5434725 -0.7559641 0.3649055 0.4331181 -0.824611 0.3639033 0.9799413 0.1267954 -0.1537475 0.878184 -0.04148077 -0.4765211 0.8781846 -0.04148256 -0.4765198 0.7381546 -0.00375837 -0.6746213 0.8781223 -0.0415731 -0.4766265 0.5171567 -0.07017576 -0.8530091 0.2177324 -0.9249113 0.3116599 0.3855845 -0.58207 0.7159044 0.7522542 -0.4328753 0.4967218 0.4780016 0.01516336 0.8782282 0.6887852 -0.08012962 0.7205235 0.8638542 -0.1357378 0.4851095 0.9317855 -0.2098802 0.296186 0.8589973 -0.06214064 0.5081952 0.9355272 -0.2443358 0.2551252 -0.9372618 0.277592 0.2109103 -0.9580464 0.1830531 0.2205418 -0.9869882 0.04690104 0.1538005 0.4045222 -0.9144158 -0.01434087 0.6825498 -0.7308382 -0.001163721 0.8540771 -0.5107028 0.09866559 1.27479e-6 0 -1 -0.002658545 0.0177372 -0.9998393 -0.005325734 0.03554642 -0.9993539 -0.01065582 0.07111626 -0.9974112 -0.4338294 -0.9009348 0.01042824 -0.7495592 -0.6500325 0.1249755 -0.6528374 -0.7370152 0.1749631 -0.8809939 -0.44312 0.1658146 -0.8380933 -0.1940102 0.5098625 -0.8381087 -0.1938594 0.5098945 -0.981548 -0.1520192 0.11599 -0.9394448 0.1231786 0.3197975 -0.2283555 -0.9328916 -0.2785087 0.006278812 -0.9979376 -0.06388485 0.02225774 -0.9982109 -0.05549556 0.0201289 -0.9986128 -0.0486555 0.02224522 -0.9982129 -0.05546408 0.02012431 -0.9986131 -0.04865211 -0.118591 -0.9708337 -0.2083705 -0.9701727 -0.0685991 0.2325063 0.7174683 -0.2665835 0.6435624 0.5166653 -0.04278367 0.8551179 0.5166937 -0.0427438 0.8551027 0.5165963 -0.04267406 0.8551651 0.5165827 -0.0426889 0.8551726 0.2459216 0.187044 0.9510716 0.3981303 -0.9150258 0.06496256 0.1243107 -0.9922336 0.004424035 0.1561569 -0.9876753 0.01062238 0.9249601 0.3710024 -0.08249878 0.770996 0.6203766 -0.1438686 0.9675796 0.1568908 -0.1979271 0.8304021 0.5429154 -0.125201 0.9404954 0.2308641 -0.2493396 -0.1705559 0.1064435 0.9795818 -0.1582255 0.08117419 0.9840608 0.4574645 0.04942679 0.8878533 0.4575591 0.04931575 0.8878106 0.4575864 0.04936665 0.8877937 0.6750199 -0.1735424 0.7170991 0.3808474 0.903764 0.1953608 0.02701008 0.9994966 0.01665049 -7.73968e-4 0.9999997 -4.80266e-4 -7.74282e-4 0.9999997 -4.79709e-4 -7.97046e-4 0.9999997 -4.9483e-4 -7.98069e-4 0.9999997 -4.93245e-4 -0.0285834 0.9994361 -0.01761996 0.6772636 -0.1356232 0.7231324 0.7533265 -0.4326883 0.4952576 0.8017737 -0.4437123 0.400348 0.8768706 -0.4807068 -0.004389166 0.7012928 -0.7116156 -0.04232954 0.4515706 -0.8913853 -0.03894132 -0.2151583 -0.9749167 0.0569595 -0.7448124 -0.6359699 0.2019821 0.005263328 0.9999852 -0.001438677 0.005304932 0.999985 -0.00140959 0.954232 -0.1504414 -0.2584737 0.876991 -0.3915303 -0.2785517 -0.7227281 -0.1687211 0.6702219 0.1568865 -0.2533258 -0.9545747 0.0774123 -0.04342585 -0.996053 -1.70277e-4 0 -1 -1.55312e-4 0 -1 0.02605354 0.9619581 -0.2719521 -0.06687921 0.7806739 -0.6213498 -0.1945947 0.9178521 -0.3459488 0.6885108 0.2584676 -0.6776042 0.6758179 0.4299081 -0.5987064 0.6505306 0.4896885 -0.58053 0.675834 0.4299353 -0.5986686 0.7513629 0.3282437 -0.5724596 -0.188819 -0.9801326 -0.06072628 0.8541139 -0.2779403 -0.4395893 0.9183322 -0.1391478 -0.3705456 0.9941087 -0.1039232 -0.03078806 0.9541163 -0.120732 0.2740181 0.9708728 -0.08103972 0.2254742 0.983552 -0.04800015 0.1741307 -0.005183577 0.999971 -0.005584836 -0.002436816 0.9999914 -0.003375172 0 1 2.54289e-7 -0.03848612 -0.9035883 0.4266697 0.03699362 -0.9844084 0.1719638 -0.01986593 -0.9850108 0.1713457 -0.02282422 -0.9990971 0.03583425 0.01577949 -0.9985623 -0.05123084 0.0157693 -0.9985635 -0.05120831 0.0015347 -0.9999669 -0.007992744 0.01899039 -0.9998198 -1.1063e-4 -0.005277574 0.999985 0.001552343 -0.008864045 0.9999605 -7.58448e-4 -0.008863806 0.9999605 -7.58779e-4 -0.008877217 0.9999603 -7.67415e-4 -0.008877336 0.9999604 -7.67274e-4 -0.01251697 0.9999173 -0.002993106 0.2032778 0.6081145 0.7673819 0.06710696 0.7864347 0.6140173 0.1257786 0.5306209 0.838225 -0.002737104 0.6482017 0.7614639 0.06697571 0.7864356 0.6140304 -0.1160373 0.8825581 0.4556607 0.02052003 0.801709 0.5973623 -0.04881894 0.9796507 0.1946828 -0.02088803 0.9531388 0.3018115 -0.4230362 -0.8600651 -0.2851815 -0.3742694 -0.895137 -0.2421821 -0.1508417 -0.9862737 0.0671634 0.5566646 -0.1550043 0.8161485 0.3838765 0.03124421 0.9228557 0.3838974 0.03122472 0.9228477 0.1820182 0.21513 0.959473 0.0781669 0.9967619 0.01886504 0.0228008 0.9994865 0.0225197 0.01766771 0.9997726 0.01194381 0.01763641 0.9997733 0.01193386 -0.164549 0.9655414 0.2016269 0.009765744 0.9999297 -0.006725966 0.01990866 0.9997101 -0.0135461 0.626118 -0.7568989 -0.1872976 3.25418e-4 0.9999964 -0.002704441 0.002782344 0.9999961 1.56461e-4 0.003799319 0.9999926 -5.96782e-4 0.003830671 0.9999926 -5.17271e-4 0.002799868 0.9999961 1.67851e-4 0.001231074 0.9999916 0.003914475 -0.01741784 0.9965631 -0.08098572 0.9934272 -0.05524039 0.1002547 0.9246898 -0.1501213 -0.349875 0.869004 -0.01488101 -0.4945814 0.8689323 -0.01497364 -0.4947046 0.8202338 -0.09041601 -0.5648377 0.6616982 -0.1900694 -0.7252787 0.00480622 0.999988 -9.392e-4 9.97819e-4 0.9999992 -7.25668e-4 3.39395e-4 0.9999996 9.12495e-4 3.4574e-4 0.9999996 8.63332e-4 9.9878e-4 0.9999992 -7.36992e-4 6.0259e-5 0.9999946 0.003307819 3.13058e-4 0.9999997 8.02744e-4 5.95935e-5 0.9999947 0.00325787 0 1 -1.35433e-6 0 1 7.84288e-7 6.01803e-5 0.9999946 0.003307938 0 1 -1.70677e-6 0 0.9999999 -4.79384e-4 0 0.9999999 -4.79384e-4 0.001259267 0.9999991 4.64668e-4 0.001233816 0.9999992 2.81223e-4 0 0.9999997 -7.54814e-4 0.004642903 0.9999139 0.01227045 0.00278294 0.9999666 0.007695794 0.005018234 0.9998318 0.01764357 -0.8114876 0.5818237 0.05449116 -0.8449506 0.5175622 0.1348627 -0.6335295 0.656219 0.4098989 -0.873868 0.4243592 0.2372217 -0.9157798 0.4013215 0.01698428 -0.8992437 0.295841 0.3222403 -0.9899793 0.096215 0.1033625 -0.8079324 0.2901655 -0.5128832 0.9753346 -0.05783176 -0.2130209 0.9223241 -0.3200151 -0.2165839 0.2313517 -0.2726081 0.9338958 0.4403005 -0.1319147 0.888107 0.3897723 -0.3693382 0.8436036 0.3899002 -0.3693361 0.8435453 0.4740013 -0.03859782 0.8796779 0.7469603 -0.2186349 0.6278927 0.01242059 0.9999186 0.002934038 0.008822083 0.9999608 7.32889e-4 0.008822321 0.9999608 7.32522e-4 0.00882256 0.9999608 7.33161e-4 0.008822619 0.9999608 7.33072e-4 0.005276679 0.9999849 -0.001552104 -0.3540217 -0.8905661 -0.2855882 -0.2025223 -0.9454708 -0.2550875 -0.007145404 -0.9874975 -0.1574731 0.5396364 -0.8233454 0.1757696 0.7741543 -0.4524424 0.4426977 0.8735948 -0.09834015 -0.4766147 0.9482133 0.06344836 -0.311233 0.8056908 -0.06903541 -0.5882998 0.8542378 -0.1847336 -0.485954 -0.4959979 -0.8424373 0.2104417 -0.4687482 -0.8089476 0.3547942 -0.2783257 -0.9601954 0.02366107 -0.2781708 -0.9602432 0.02353644 -0.2434568 -0.9592182 0.1436285 -0.02628034 -0.9993107 0.02622145 -0.1599307 -0.9693063 -0.1867285 -0.523772 -0.8373177 -0.1567228 -0.588279 -0.8063659 0.06084436 -0.8941029 -0.441007 0.07805705 0.5503111 -0.01414179 0.8348399 0.6202671 0.02597862 0.7839603 0.6202487 0.02596169 0.7839755 0.8414462 0.2006708 0.5016965 0.7417147 0.4716339 0.4768867 0.6588039 0.6058776 0.4459706 0.6598015 0.6598013 0.3596168 -0.007623434 0.9999637 -0.00382936 -0.003854095 0.9999908 -0.001935243 -0.001540899 0.9999985 -7.7323e-4 -0.001542091 0.9999985 -7.74656e-4 -0.003855407 0.9999907 -0.001936435 -0.00154215 0.9999985 -7.74575e-4 0 1 3.94086e-6 0 0.999997 0.002496719 0 0.9999969 0.002492785 0.9998984 0.004176735 0.01363503 0.9990777 -0.00229603 0.04287838 0.9990696 -0.002306699 0.04306757 0.9236604 -0.1136467 0.3659727 0.7848385 -0.008436918 0.619643 0.5642082 -0.6979786 -0.4410159 0.6343815 -0.6396477 -0.4340634 0.7690018 -0.409377 -0.4909654 0.4998357 -0.732781 -0.461732 0.3004615 -0.7677463 -0.5659404 0.4442961 -0.6866568 -0.5754158 0.02606874 0.9620053 -0.2717836 -0.7260065 -0.6509954 0.2216295 -0.8919641 -0.3797548 0.2453292 -0.8263625 -0.5240552 0.2061342 -0.03548341 -0.9951885 0.09132915 0.9575414 -0.2878852 0.01538157 0.9266607 -0.3133925 0.2075698 0.8653982 -0.3359403 0.3717933 0.8653556 -0.3358925 0.3719354 0.8258282 -0.406588 0.3907608 0.7479442 -0.1653715 0.6428312 0.2393531 0.9453729 -0.2213146 0.0644105 0.9968233 -0.04684823 0.149411 0.983679 -0.1002595 0.2910763 0.9525161 -0.08937448 -0.7703102 0.5868719 0.2494065 -0.408906 0.8734725 0.2642762 -0.5363976 0.6002335 0.5932937 -0.5363759 0.600126 0.5934221 -0.6334139 0.6562643 0.4100051 -0.352492 0.5568243 0.7521278 -0.6872075 0.1852759 0.7024377 -0.3524987 0.5568013 0.7521417 -0.4337066 0.05511617 0.899367 0.4172497 0.9081168 -0.03502488 0.1603513 -0.9819506 0.1003023 -0.08109605 -0.992173 0.09495365 -0.1555986 -0.9857853 0.06337642 -0.02916514 -0.9910268 0.1304426 -0.2013451 -0.003646552 0.9795137 -0.5924692 -0.1093268 0.7981403 -0.6743466 -5.23616e-5 0.738415 -0.7049062 -0.128679 0.6975308 -0.6744524 -5.89564e-5 0.7383185 -0.6665237 0 0.7454839 -0.548581 -0.1175397 0.8277943 -0.5120029 -1.51069e-5 0.8589838 -0.3741044 -0.1362533 0.9173227 -0.3387829 0.002600371 0.940861 -0.4544805 -0.1534785 0.8774348 -0.4676001 -0.00243771 0.8839368 -0.6113432 -0.1083587 0.7839121 -0.4677459 -0.002429187 0.8838598 -0.798346 -0.09454798 0.5947306 -0.8828633 -0.01308786 0.4694477 0.5648618 0.2463252 -0.7875628 0.5051372 0.4691917 -0.7243589 0.09277242 0.08013141 -0.9924578 0.2081493 0.1859557 -0.9602575 -0.003152251 0.0344938 -0.9994 0.9426695 0.3120194 -0.1183984 0.7209483 0.6835362 -0.1140695 0.3836731 0.9204631 -0.07444882 -0.02054208 0.9996912 0.0139842 -0.02883863 0.9994389 0.01703852 -0.02532112 0.9996198 0.01091748 0.0643481 0.9968292 -0.04680782 -0.02532052 0.9996199 0.01091921 0.0643956 0.9968251 -0.04683053 0.08658802 0.9947466 -0.05460464 -0.5171479 0.8542854 0.05248349 -0.2773547 -0.9274836 -0.2506961 -0.6183601 0.7854997 0.02492141 -0.7453067 0.6591212 0.1003848 -0.8768144 0.4345663 0.2057881 -0.9133455 0.3395056 0.2248019 0.3927455 -0.1968168 -0.8983396 0.4681285 -0.06073462 -0.8815708 0.5886627 -0.01336866 -0.8082683 0.8487616 -0.1025053 -0.5187452 1.19415e-5 0 1 4.80784e-5 0 1 -1.49317e-4 0 1 2.98934e-5 0 1 0.07628375 -0.1257521 0.9891245 0.18873 -0.1174285 0.9749828 0.1125057 0.6671373 0.7363901 -0.09277439 0.8828729 0.4603569 0.04757386 0.9915502 0.1206854 0.04756611 0.9915661 0.1205581 0.01934683 0.9994089 -0.02842199 -0.1241883 0.9922379 -0.006421804 0.009251356 0.9989231 -0.04546713 0.347909 -0.007101118 -0.9375015 0.2880398 -0.03086537 -0.9571209 0.06923109 -0.1256884 -0.9896513 -0.1636306 -0.3997864 -0.9018847 -0.01822948 -0.4308186 -0.9022545 -0.8827496 -0.3779394 0.2791325 -0.6531375 -0.6244395 0.4283537 -0.8617954 -0.4573131 0.219484 -0.1127675 -5.72082e-5 0.9936214 -0.4406545 0 0.8976769 -0.440654 0 0.897677 -0.6777739 0 0.7352705 -0.7595671 0 0.6504291 -0.8892251 -2.26476e-5 0.4574701 -0.9369576 2.75095e-6 0.3494431 -0.9923722 4.03542e-6 0.1232778 -0.9369971 -4.00189e-6 0.3493371 -0.9923827 3.19991e-6 0.1231942 -0.9999872 0 0.005071818 -0.9746311 2.20907e-5 -0.2238174 -0.942382 0 -0.3345391 -0.8406744 0 -0.5415411 -0.7704862 -2.27589e-6 -0.6374568 -0.6042086 0 -0.7968263 -0.5086969 2.75728e-5 -0.8609458 -0.2956372 0 -0.9553004 -0.1774891 0 -0.9841228 0.112611 -8.18333e-6 -0.9936392 0.1126105 8.14471e-6 -0.9936392 0.1127741 8.18336e-6 -0.9936207 0.1127752 -8.14474e-6 -0.9936205 0.4398822 0 -0.8980555 -0.9671912 0.1097527 0.2291191 -0.9685988 0.08098894 0.2350689 -0.9618843 -0.1067587 0.2517564 -0.3963409 0.1961447 0.8969065 -0.3523813 0.5568045 0.7521942 0.03699314 0.4445718 0.894979 0.01063752 0.6662526 0.7456504 -0.2577654 0.7925104 0.5527063 -0.003030776 0.9736497 0.228029 0.2230961 0.8851438 0.4083486 0.2587835 0.6097593 0.7491493 0.1999462 0.1801072 0.9631111 0.247487 0.04483014 0.9678536 -0.5004212 -0.8596214 0.1031009 -0.880455 -0.4645771 0.09469497 -0.4533619 -0.8902602 0.04358786 -0.8635603 -0.4958491 -0.09163749 0.3318981 -0.06271582 -0.9412282 0.5263477 -0.07752799 -0.8467276 0.3320744 -0.06276905 -0.9411625 0.5291518 -0.2314196 -0.8163599 0.7354834 0.1411477 -0.6626776 0.735516 0.1412084 -0.6626285 0.526486 -0.07746517 -0.8466474 0.8805776 0.09697681 -0.4638736 0.8829044 0.2076083 -0.4211636 0.9770663 -0.1976605 -0.07919532 0.9945227 0.0912289 0.0510106 0.967662 0.2404646 0.07620424 0.9676345 0.2405883 0.07616376 0.9285199 0.09233719 0.3596177 0.8010196 0.4936206 0.3386835 0.8009653 0.4936155 0.3388193 0.8009361 0.4936938 0.3387742 0.6727847 0.5079028 0.5379551 0.3208245 0.7443894 0.5856247 0.3275065 0.9007933 -0.285151 0.5850583 0.7827158 -0.2122798 0.5439329 0.8275759 -0.138763 0.03441464 -0.9877119 0.1524499 0.01332306 -0.9567044 0.2907565 -0.0341978 -0.9096186 0.4140344 -0.5398125 -0.0165438 0.8416228 -0.549815 -0.3123756 0.7746773 -0.5924221 -0.1093029 0.7981786 -0.3886669 -0.2442029 0.8884273 -0.344942 -0.4563258 0.8202328 -0.4545906 -0.1535692 0.8773619 -0.40844 -0.5174967 0.7519136 -0.7475204 -0.4926381 0.4455571 -0.7983928 -0.09462857 0.594655 -0.860744 -0.1193308 0.4948535 -0.7845504 -0.3797127 0.4902029 -0.9626465 -0.04152882 0.2675576 -0.8829565 -0.01304793 0.4692735 -0.9455551 -9.37055e-4 0.325461 -0.03893911 -0.913432 -0.4051245 -0.05720072 -0.9772176 -0.2043867 0.08661144 -0.9926605 -0.08440154 -0.03426569 -0.8740074 -0.4847032 0.142733 -0.7981885 -0.5852542 0.1702544 -0.8407749 -0.5139173 0.1428191 -0.7980812 -0.5853794 0.3468542 -0.302574 -0.8877731 -0.03309249 -0.1742652 0.9841426 -0.2629281 -0.3591265 0.895487 -0.3947716 -0.3090856 0.8652291 -0.4027968 -0.03498941 0.9146205 -0.2630395 -0.3590716 0.8954764 -0.5304476 -0.3938064 0.7506943 -0.4657499 -0.147324 0.8725668 -0.5305418 -0.3938177 0.7506218 -0.6960942 -0.1047937 0.7102614 -0.9014878 -0.1980607 0.384827 -0.9425029 -0.006963014 0.3341256 0.6268373 -0.7780781 -0.04085785 0.1026949 0.9669613 0.233323 -0.003023564 0.9736851 0.2278776 -0.05924713 0.9798598 0.1906948 0.3624579 -0.9052934 0.2215137 0.3353679 -0.9227069 0.190106 -0.04191219 -0.9340323 0.3547213 0.07361781 -0.9829469 0.1685106 -0.3308361 -0.9272558 0.1753406 -0.2341732 -0.8356279 -0.4968793 -0.02825373 -0.9893838 -0.142553 -0.6567696 -0.001317024 -0.7540902 -0.9357286 -0.006925106 -0.352653 -0.9994015 4.39703e-4 -0.03459346 -0.9806585 -0.1803106 0.07613879 -0.9863865 0.006240904 -0.164325 -0.977298 -0.009281456 0.2116662 -0.894658 -0.4339593 0.1061429 0.9804624 -0.1962801 0.01294755 0.9918245 -0.1274415 0.006565034 0.9716416 -0.02554827 0.2350742 0.9793557 0.1405222 0.145314 -0.1577063 0.05323064 0.9860503 0.08423316 -0.1128237 0.9900383 0.0842185 -0.1128441 0.9900372 0.0844022 -0.1129145 0.9900135 0.08438456 -0.1129431 0.9900117 0.3192244 -0.2691786 0.9086467 -0.7598781 -0.2161958 -0.6130619 -0.7505014 0.005881667 -0.6608428 -0.62387 -0.05930918 -0.7792745 -0.1262214 -0.02449357 -0.9916997 0.710956 0.6823095 -0.1702803 0.3903249 0.9188562 0.05787891 0.1174525 0.9929535 0.01575583 0.00203824 0.001741409 0.9999965 0.1186226 0.1369793 0.9834457 0.389535 0.005368411 0.9209961 0.556793 0.1881624 0.809059 0.7714369 -0.005422055 0.6362828 0.8752375 0.1920186 0.4439464 0.9386186 -0.01327687 0.3447012 0 1 -4.61192e-7 7.74997e-4 0.9999968 -0.002419829 0.001632213 0.9999978 -0.001335978 0.001642167 0.9999977 -0.001351594 7.74823e-4 0.9999969 -0.002418935 0.003280997 0.9999911 -0.00269562 0.001628041 0.9999978 -0.001358807 0.003285348 0.9999911 -0.002677679 0.001447081 0.9999988 6.43467e-4 -0.528157 -0.004949271 0.8491323 -0.7275941 0.06058585 0.6833273 -0.887033 0.02510178 0.4610233 -0.8871074 0.02517509 0.4608761 -0.8871075 0.02517265 0.460876 -0.9845687 0.1592519 -0.07254922 0.02000057 0.9997166 0.01291626 0.009891748 0.9999307 0.006388008 0.009717524 0.9999331 0.006275534 -0.8484482 -0.5190236 -0.1036831 -0.8139539 -0.5483844 0.1917122 -0.9148765 -0.3817694 -0.131352 -0.7334824 -0.6687018 0.1218258 -0.2949312 0.9511667 0.09109133 -0.5802015 0.7565194 0.3017359 -0.2922698 0.9223631 0.2526358 -0.07835644 0.995285 0.057168 -0.1449518 0.9824268 0.1175869 0.5942708 -0.8029767 0.04550337 0.4529703 -0.8811471 0.1356387 -0.6995059 0.07084381 -0.7111066 -0.7505486 0.01231902 -0.6607006 -0.7505512 0.01231479 -0.6606976 -0.7951464 -0.04626041 -0.6046506 0 -0.9757481 0.2188969 0.05618906 -0.994489 0.08851224 -0.04702013 -0.9973002 -0.05640631 -0.04023349 0.03026843 0.9987318 0.2491098 -0.01052987 0.968418 0.2363964 0.09198832 0.9672926 0.5505926 0.0206992 0.8345174 0.7974596 -0.05327039 0.6010165 0.8591747 0.1050496 0.5007829 0.935009 0.0594139 0.3496116 0.9093005 0.2673287 0.3189172 0.7711097 0.3942672 0.4999434 0.7539068 0.3424544 0.5606688 0.9350105 0.05946487 0.3495988 0.8276819 0.08788293 0.5542738 0.9184509 4.99088e-6 0.3955352 0.7650905 -0.1836145 0.617189 -0.07956403 0.7714157 0.6313378 -0.005881071 0.9067416 0.4216459 0.08517324 0.7137564 0.695196 0.08305114 0.9329925 0.350182 0.1410833 0.7772977 0.61311 0.08311384 0.9329589 0.350257 0.3954629 0.8169478 0.4197684 0.5059015 0.7024106 0.5006827 0.1260353 0.9654782 0.2279631 0.3955082 0.816973 0.4196764 0.1207485 0.9782288 0.1687848 0.01359421 0.9998699 0.008698403 0.01012212 0.9999279 0.006476283 0.01012223 0.9999278 0.006476044 0.01004534 0.999929 0.006427049 0.01004517 0.9999289 0.006427347 0.006491422 0.9999703 0.004154562 0.8121559 -0.4133454 0.4117625 0.6426816 -0.7572928 0.1160528 0.3056897 0.9509224 0.04796391 -0.01545631 0.9998764 -0.002889215 0.07400155 0.994686 0.07158041 -0.02111512 0.9997498 -0.007388532 -0.2239347 0.9745943 0.004398941 -0.3343839 0.9424367 7.79584e-4 -0.1382784 0.9903917 -0.001861274 -0.1837807 0.9829672 -2.52178e-4 -0.006301164 0.9999802 -6.58231e-5 -0.01163476 0.9999288 -0.002648413 0.05932444 0.9980604 0.01886898 0.09512108 0.9950549 0.02859932 0.236149 0.9717046 -0.004886806 -0.9646095 0.1470093 0.2188994 -0.9161634 -0.002470076 0.4007977 -0.9161673 -0.002464056 0.4007886 -0.8146888 -0.1518359 0.559668 0.6282086 0.777729 0.02217561 0.713033 0.6804233 -0.1691389 0.84947 0.526598 0.03309541 0.9786931 0.203703 0.0257883 -0.4398036 0.02483594 0.8977506 -0.3915222 0.005842328 0.9201502 -0.1919881 0.007216989 0.9813707 -0.3914912 0.005825221 0.9201635 -0.2199662 0.2082064 -0.9530294 -0.502085 -0.0244041 -0.8644739 -0.5020805 -0.02440655 -0.8644765 -0.5021713 -0.02451562 -0.8644207 -0.5021958 -0.02448225 -0.8644074 -0.7132179 -0.2535674 -0.6534707 0.01698255 -0.2594169 0.9656162 -0.2826006 -0.3044584 0.9096384 -0.1556727 -0.3651899 0.9178249 -0.2319799 -0.5779476 0.7824079 -0.1449684 -0.6410481 0.7536854 -0.316251 -0.816499 0.4830266 -0.09483748 -0.9472069 0.3062761 -0.09480458 -0.9472715 0.3060861 -0.5657775 -0.6798354 -0.4666045 -0.2760806 -0.8869983 -0.3701536 -0.2355566 -0.7809876 -0.5784217 -0.3908049 -0.4252848 -0.816336 -0.4260386 -0.7065439 -0.5650547 -0.04425269 -0.818691 -0.5725268 -0.3847345 0.1480903 -0.9110701 0.01861125 -0.06189072 -0.9979095 0.09265589 0.2205139 -0.970973 0.3618227 -0.01486927 -0.9321284 0.09273999 0.2206717 -0.9709292 0.3093355 0.1007676 -0.945599 0.3350943 0.4321902 -0.8372117 0.6595349 0.2491669 -0.7091752 0.6685873 0.5063669 -0.5445951 0.8740327 0.3785741 -0.3045465 0.6686155 0.5064343 -0.5444977 0.6750467 0.6676431 -0.31395 0.6852895 0.7189661 -0.1160441 -0.4261558 -0.7065809 -0.5649201 -0.672666 -0.5452742 -0.5001965 -0.6199746 -0.7601531 -0.194419 -0.7520405 -0.612814 -0.2426816 -0.6798065 -0.4406129 -0.5862793 -0.9162554 -0.1943199 -0.3503083 -0.7920175 -0.5250304 -0.3115307 -0.9453572 -0.1073303 -0.3078634 -0.9672783 -0.2535095 -0.01027697 -0.009906113 -0.9999333 -0.005949795 0.1075773 -0.9893355 0.09819519 0.0245735 -0.9996979 3.92004e-4 0.1075907 -0.9893331 0.09820604 -0.04063397 -0.9978912 0.05061691 -0.001331031 -0.9999955 -0.002713263 -0.004503309 -0.9999877 0.002113044 0.1171351 -0.9871091 -0.1090646 -0.07562625 -0.9847796 -0.1564924 -0.9839307 0.1046337 -0.1446796 -0.9842711 -0.002142012 0.1766522 -0.4018896 -0.9154453 0.02108758 -0.4206832 -0.9051203 0.06150484 -0.4619244 -0.8820276 0.09302312 -0.937891 0.2235583 -0.2652966 -0.9565011 0.2401887 -0.1655751 -0.9743173 0.2180233 -0.05631798 0.2763508 -0.3003122 0.9129309 0.4868974 -0.17907 0.8549064 0.3001743 0.1341063 0.9444103 0.5386823 0.1755324 0.8240205 0.268603 0.3395866 0.9014063 0.5446562 0.2693845 0.7942177 0.2979567 0.4308977 0.8517916 -0.7410995 -0.3030576 -0.5991056 -0.6769283 0.180456 -0.7135851 -0.9324486 -0.02099168 -0.3606923 -0.9222727 0.1488084 -0.3567481 -0.6384074 0.3069192 -0.7058588 -0.8705715 0.4027524 -0.2826586 -0.9473766 0.07075554 -0.312204 -0.8706468 0.4026851 -0.2825226 -0.9819071 0.1802158 -0.05814576 -0.9388709 0.3424854 -0.03500384 -0.8705896 0.4028268 -0.2824968 -0.7243309 0.6766519 0.1322386 -0.8959319 0.07019668 -0.4386099 -0.9729486 -0.05010783 -0.2255225 -0.9847673 -0.04074281 0.1690371 -0.9847455 -0.04084706 0.1691392 -0.995832 -0.07625174 0.05004245 -0.9429699 -0.1213675 0.3099641 -0.9847353 -0.04077446 0.1692153 -0.8525977 -0.06256622 0.5188089 -0.7607489 0.04860752 0.6472236 0.02530372 -0.965774 -0.2581479 -0.1123809 -0.9807928 -0.1594249 -0.2520444 -0.9677011 -0.005321919 -0.2340583 -0.9720739 -0.01700824 -0.4640506 -0.8678221 -0.1776008 -0.4239487 -0.9056652 0.006187677 -0.7710233 -0.1517099 0.6184718 -0.8972896 0.03040659 0.4403941 -0.8972861 0.03041374 0.4404008 -0.8973373 0.03054088 0.4402875 -0.897346 0.03052014 0.4402711 -0.9510364 0.2104989 0.2263188 2.38829e-5 0 -1 -1.55783e-5 0 -1 -1.39859e-5 0 -1 0.002851903 -0.01764875 -0.9998403 -3.97691e-5 0 -1 -1.6199e-5 0 -1 -0.1383906 -0.925566 -0.3523859 -0.05080449 -0.8878177 -0.4573825 -0.01599091 -0.9600995 -0.2792012 0.1558853 -0.955358 -0.2509801 0.178173 -0.9813935 -0.07156336 0.4077588 -0.9088691 -0.0876922 0.3389405 -0.9098047 -0.2395303 0.03840917 0.9983201 -0.04337823 0.1909411 0.976878 -0.09618169 0.5285739 -0.8351725 0.1519755 0.7991827 -0.5773472 0.1672647 0.5985785 0.5730746 0.5597227 0.5060064 0.7023116 0.5007154 0.5985176 0.5730636 0.559799 0.5567699 0.1881697 0.8090733 0.2477291 0.3321229 0.9101235 0.1614581 0.6440165 0.7477794 0.1628088 0.5681841 0.806635 0.118479 0.1370214 0.9834571 -0.1127474 0.5013803 0.8578495 -0.228547 0.04509478 0.972488 -0.2220024 0.03281909 0.9744936 -0.1629499 -0.9866079 0.007229864 -0.05385309 -0.9823249 -0.17927 0.1871398 0.9756763 0.114169 -0.008717834 0.9998358 -0.01589381 -0.006072282 0.9998746 -0.01463156 0.2677566 -0.4520342 0.8508651 0.372195 -0.6881301 0.6228547 0.4642975 -0.4396449 0.7688565 0.5261177 -0.5394499 0.6574146 0.3722696 -0.6881227 0.6228183 0.5465132 -0.686827 0.4791578 0.671999 -0.4530276 0.5858185 -0.630336 -0.1801902 0.7551212 -0.8392251 0.01243633 0.543642 -0.8392104 0.01247215 0.543664 -0.8392934 0.01258164 0.543533 -0.8393092 0.01254284 0.5435097 -0.9428039 0.2037138 0.263859 0.954105 -0.1883798 0.232802 0.9820744 -0.1879125 -0.01479375 0.9840936 -0.09832972 0.1479567 0.9909712 -0.09866315 -0.09078377 0.9209453 -0.3843931 0.06404465 0.4012167 0.9158961 -0.01264035 0.1600106 0.9870448 0.01180052 0.3384054 0.9393419 0.0558452 0.04410988 0.9989934 0.00816679 -0.3665574 0.9303897 0.003282785 -0.7904977 0.611871 0.02697283 -0.9207357 0.3893288 -0.02586293 -0.9500292 0.2618456 -0.1699454 -0.9317908 -0.02672106 -0.362011 -0.9331656 -0.1033347 -0.344273 -0.9185348 -0.02677714 -0.3944322 -0.9001194 -0.09519213 -0.425116 -0.8729524 -0.07271438 -0.4823554 -0.880488 -0.0343489 -0.4728223 -0.8156385 0.04000777 -0.5771769 -0.8118895 -0.1773712 -0.556215 -0.8074796 -0.5897868 -0.01133108 -0.9074607 -0.1374691 -0.3970105 -0.9931514 -0.1138567 0.02621144 0.2320054 0.9727076 -0.003678858 0.339285 0.9406823 -0.00163424 0.1432766 0.9896823 9.27076e-4 0.1831242 0.9830898 2.48895e-4 0.006323873 0.99998 -1.98531e-4 0.01196265 0.999926 0.002245068 0.02574908 0.9996677 0.001207053 0.03258395 0.9994676 0.001750767 0.03154665 0.9995018 0.001053988 2.96181e-4 0.9999992 0.001210689 2.96245e-4 0.9999992 0.001210629 0.002253413 0.999996 0.001709222 3.33563e-4 0.9999991 0.001363098 0.002227902 0.999996 0.00177288 0.002319872 0.9999948 -0.002239882 0.002325415 0.9999948 -0.002251386 0.002356529 0.9999958 0.001707673 0.002020418 0.9999682 -0.007719814 -0.006316602 0.9999596 -0.006407916 0.001957833 0.9999777 -0.006385445 0.001955211 0.9999777 -0.00639677 0.007042407 0.9999747 0.001057147 0.004410386 0.999988 0.002174317 0.004829227 0.999988 -9.28366e-4 0.00442487 0.9999879 0.002172946 2.12903e-4 0.9999994 -0.001116991 -0.01603376 -0.9601349 -0.279077 0.8995947 -0.2897043 0.326804 0.8752359 -0.1647216 0.4547845 0.8982939 -0.05341458 0.4361365 0.8536183 -0.1196614 0.5069684 0.852198 -0.02203303 0.5227553 0.2364357 0.9646474 -0.1164196 0.6520824 0.7444508 -0.143463 0.3848366 0.9228768 0.01412409 -0.2970322 -0.906542 -0.2999227 -0.02186274 -0.983255 -0.1809193 0.049286 -0.9240114 -0.3791751 0.0817607 -0.9292607 -0.3602635 -0.9228022 -0.3103464 0.2283009 -0.8516293 -0.5099326 0.1212285 -0.7236649 -0.6896404 0.02655911 -0.621662 -0.753487 0.2139946 -0.5598585 -0.7797772 0.2801894 -0.487797 -0.6361364 0.5978167 -0.812164 0.5822866 0.03649795 -0.939478 0.123173 0.3197022 -0.9750568 0.158196 -0.1556869 -0.9708304 -0.2316641 0.06180739 -0.9611111 0.128574 -0.2444058 -0.9708148 -0.231745 0.06174826 -0.8671549 -0.2307127 -0.4413777 0.2971947 -0.2599675 0.9187451 0.4176508 -0.3505487 0.8382622 0.6885591 -0.3184899 0.6514988 0.03902703 0.999056 0.01908248 0.005359232 0.9999847 -0.00137484 0.005572259 0.9999838 -0.001245439 -0.0280888 0.9993701 -0.02169156 0.8136492 0.2243144 0.5363379 0.8205134 0.46754 0.328883 0.664901 0.6827905 0.3028264 0.786955 0.5376157 0.3027725 0.4692541 0.8438956 0.2600785 0.5059841 0.7023991 0.5006154 -0.9994804 0 0.03223437 -0.9997184 0.00818783 0.02227485 -0.9746942 0.01459956 0.2230651 -0.9746544 0.01463246 0.2232369 -0.9997181 0.008171856 0.02229207 -0.8896351 -0.006143212 0.4566309 -0.6194299 0.01361316 0.7849339 -0.5074071 0.007004916 0.861678 -0.6192962 0.01362872 0.7850391 -0.2742736 -0.06252449 0.959617 -0.01149451 -0.05746793 0.9982813 0.3428694 0.9388459 -0.03176665 -0.009746313 0.999875 0.01245433 0.1057652 0.9936962 0.03716999 0.2153238 0.9754369 0.04646074 -0.009706139 0.9998756 0.0124396 0.02384108 0.9996321 0.01293849 -0.5694977 -0.8201597 0.05486875 -0.3409547 -0.8332706 -0.4352127 -0.6675957 -0.6021732 -0.4378396 -0.1071221 -0.915627 -0.3874948 -0.2513533 -0.8580512 -0.4478503 -0.5205931 -0.6286422 -0.5777472 -0.355102 -0.7669058 -0.5345636 -0.1383493 -0.8936691 -0.4268665 0.08741825 -0.9348496 -0.3441139 -0.4337736 -0.6842505 -0.5862097 0.08741587 -0.9348465 -0.3441229 -0.1985929 -0.8415614 -0.5023298 0.4871054 -0.8467405 -0.213913 -0.9465095 0.316454 -0.06306099 0.04422533 -0.916083 0.3985427 -0.1656485 -0.8401726 0.5164015 -0.08832901 -0.9925 0.08450931 -0.4789887 -0.8768076 0.04216867 0.06544506 -0.9932393 0.09587842 0.2117119 -0.9761944 0.04714411 0.3378918 -0.9315626 0.1342396 0.3676512 -0.9298999 -0.01089322 0.2497115 -0.966347 -0.06178635 0.08661836 -0.968138 -0.2349601 -0.01868551 0.9997195 0.01455557 -0.004680812 0.9997722 0.02082484 -0.004637479 0.9997722 0.02083671 0.009480297 0.9995837 0.02725118 0.1330658 -0.9661975 0.2208073 0.2937405 -0.9084566 0.2973604 0.379241 -0.818798 0.4309828 0.1210597 0.9771382 0.1747727 0.2000844 0.9785925 -0.04819756 0.1434507 0.9884927 -0.04800015 0.06554651 0.9966704 -0.04849588 0.2005851 -0.9795583 -0.01520794 0.1605942 -0.98701 0.00457704 0.5046391 -0.8630157 -0.02331006 0.35973 -0.9310166 -0.06166428 0.6092438 -0.2797559 0.7419964 0.4591529 -0.1209878 0.8800799 0.6468891 -0.1169342 0.7535655 0.8319593 -0.01214754 0.5547038 -0.1723293 0.9846988 0.02590101 -0.0792281 0.9968562 -8.41687e-4 -0.2291008 0.9422491 -0.2442941 -0.06562906 0.994669 -0.07953959 -0.4538413 0.7555443 -0.4724202 -0.1106612 0.9193708 -0.3775069 -0.5206429 -0.6285812 -0.5777688 -0.9110631 -0.404461 -0.07984656 0.9239628 -0.1361299 -0.3574374 0.9811528 -0.05679565 -0.1846985 0.9254309 -0.2150331 0.311991 0.8382671 -0.2597107 0.4794356 0.9563905 -0.1009434 0.2740943 0.5910864 -0.1071438 0.7994606 -0.516385 -0.8282719 -0.2175141 -0.3739995 -0.9078459 -0.1895797 -0.1210805 -0.978476 -0.1671054 -0.3154892 -0.8609074 -0.3991303 -0.2970709 -0.906542 -0.2998843 -0.1207805 -0.9696806 0.2124419 -0.07259762 -0.9787504 0.191774 0.06021517 -0.9910059 0.1195052 0.2556165 0.9530963 -0.1620733 -0.5564026 0.8258016 -0.0920211 -0.7044568 0.7076579 -0.05441522 -0.3837817 0.9234182 -0.003235936 -0.6702462 0.7395306 0.06216651 -0.5451776 0.8358287 0.06459021 0.9747031 0 0.2235038 0.9746414 -1.91103e-4 0.2237727 0.9746417 -1.90238e-4 0.223771 0.9747036 0 0.2235016 0.9746348 -3.67836e-4 0.2238012 0.9746274 -2.34267e-4 0.2238332 0.9745265 -9.71193e-4 0.2242706 0.9466311 -0.06848567 0.3149593 0.9262043 -0.1706255 0.3362033 0.8012833 -0.0943982 0.5907912 0.7585076 -0.1726053 0.6283898 0.5648533 -0.1066229 0.8182741 0.4708693 -0.1207375 0.873902 0.8905407 -0.1816005 0.4170836 0.838255 -0.2598826 0.4793637 0.1435453 0.9880709 0.05577522 0.4082121 0.8449071 0.3456807 0.1872798 0.9756452 0.1142053 0.187255 0.9756397 0.1142936 0.5351415 0.7488707 0.3909175 0.2191985 0.9640579 0.1501481 0.1871456 0.9756768 0.1141554 -0.00871104 0.9998363 -0.01586294 -0.01152008 0.9998037 -0.01611566 -0.03323268 0.9987764 -0.03662574 -0.01149785 0.9998041 -0.0161131 -0.03321802 0.9987767 -0.03663033 0.3037611 0.951385 0.05094861 -0.9410171 -0.009329438 0.3382304 -0.9835269 0.1562989 0.09080535 -0.9997973 0.01053518 0.01716142 -0.9853337 0.1703625 -0.00969994 -0.9995402 0.01032161 0.02851432 -0.9061253 0.4021413 0.1312226 0.6871398 -0.2143844 0.6941745 0.5226511 -0.6449016 0.557618 -0.1127671 8.18335e-6 0.9936214 -0.112599 -8.18333e-6 0.9936406 -0.1125985 8.14471e-6 0.9936406 0.1774727 0 0.9841258 0.2956209 1.98038e-5 0.9553053 0.5087094 0 0.8609383 0.6041814 2.20089e-6 0.7968469 0.7688733 0 0.6394011 0.8378053 -2.22611e-5 0.5459693 0.9409397 -7.97932e-6 0.3385742 0.9744897 -5.69601e-6 0.2244326 0.9999815 0 -0.006087899 0.992496 -2.87726e-6 -0.1222773 0.9379194 -1.34204e-6 -0.3468536 0.9924796 1.29454e-6 -0.1224101 0.9378785 -4.13104e-7 -0.346964 0.8903985 0 -0.455182 0.7602744 1.48817e-5 -0.6496022 0.6774998 -5.71211e-6 -0.7355231 0.4398827 0 -0.8980553 -0.8815311 -0.4357939 -0.1816223 -0.7396058 -0.6702609 -0.06110352 -0.9954209 -0.09081387 0.0298351 0.9876845 0.06685429 -0.1414564 0.9467467 -0.1619371 -0.2782936 -0.9363834 -0.1044414 0.3350794 -0.9657394 -0.1564332 0.2070659 -0.4996976 -0.8660101 0.01813435 -0.360017 -0.9015206 -0.2401012 -0.66892 -0.6788265 -0.3028876 -0.3156318 -0.8608469 -0.399148 -0.346509 -0.634354 -0.691033 -0.4304152 -0.4675778 -0.7720842 -0.4325911 -0.7578985 -0.4883185 -0.07912719 -0.7533403 -0.6528534 -0.8501237 -0.5265744 0.003068566 -0.8548359 -0.5188611 0.006236791 0.004616141 0.9999414 -0.009802401 0.005893945 0.9999666 -0.005686163 0.008136749 0.9999433 -0.006870388 0.01282668 0.999906 -0.004861056 0.01432967 0.9998859 -0.004785835 0.01443779 0.9998845 -0.004748106 0.01278322 0.9999073 -0.004684686 0.01340079 0.999907 -0.002522766 0.01425319 0.9998869 -0.004802942 0.01332718 0.9999081 -0.002519369 0.1248883 0.9919669 0.02011722 0.01332998 0.9999082 -0.002441048 -4.19334e-4 0.9999909 -0.004230618 0 1 0 0 1 -2.95925e-6 0 1 2.65867e-6 -0.7597779 -0.5790581 0.2956845 -0.8206483 -0.5556069 0.1335573 -0.5077468 -0.8562534 0.09499168 -0.4701138 -0.8788412 -0.08143228 -0.3730314 -0.9266228 -0.04709362 -0.308575 -0.9511218 0.01220893 -0.298379 -0.5643056 0.7697592 -0.2105771 -0.7036622 0.6786139 -0.2820056 -0.7067899 0.6487841 -0.0636596 -0.6969448 0.7142937 -0.2193826 -0.5536427 0.8033375 -0.06365001 -0.696932 0.714307 -0.07805031 -0.4417364 0.8937433 0.04053258 -0.5520121 0.8328503 -0.06356155 -0.6969358 0.7143112 0.1579798 -0.6995148 0.6969373 0.2030406 -0.4516676 0.8687755 0.07697069 -0.1836118 0.9799807 0.01522892 -0.1827951 0.9830331 0.0866242 0.1822294 0.9794329 -0.2216031 -0.09205788 0.9707819 -0.2001183 -0.30005 0.9326964 0.1057952 0.9936936 0.0371561 0.02385288 0.9996317 0.01294666 0.03740262 0.9992812 0.006174683 0.02883327 0.9995831 -0.001506865 0.05606913 0.9977906 -0.03564107 0.008765995 0.9999531 -0.004130125 0.0561195 0.9977865 -0.03567653 -0.9399244 0.3173981 0.1257005 -0.9864363 0.05864816 -0.1533102 -0.01135337 0.9998946 -0.009057879 -0.007295012 0.9999495 -0.006911456 -0.002275049 0.9999792 0.006038904 -0.003089427 0.9999307 0.01135975 -0.003084838 0.9999307 0.01136237 -0.002275109 0.9999792 0.006044626 -0.001590728 0.9998921 0.01460468 -0.003083288 0.99993 0.01143497 -0.001668334 0.9998916 0.01462858 -0.003734171 0.9999119 0.01274555 -0.003705024 0.999914 0.01258808 -0.001683712 0.9998936 0.01449245 -0.004482388 0.9999431 0.00968784 -0.003762245 0.9999124 0.01269626 -0.004528701 0.9999435 0.009626746 -0.008054494 0.999944 0.006868779 -0.004523515 0.9999436 0.009613037 -0.005797505 0.9999676 0.005581259 0 0.9999939 -0.003502607 -5.62027e-5 0.9999884 -0.004826307 5.49567e-5 1 1.57937e-4 5.5497e-5 0.9999777 0.006675779 5.43142e-5 0.9999778 0.006658494 5.48284e-5 1 1.8478e-4 1.09752e-4 0.9999582 0.009150803 5.47189e-5 0.9999776 0.006693959 1.08872e-4 0.9999578 0.009188234 -3.14787e-7 0.9999969 0.002523124 0 0.9999969 0.002491116 1.09212e-4 0.9999581 0.009153783 0 1 -1.62981e-6 0 0.999997 0.002473652 0 1 2.88369e-5 -0.999405 0.034491 0 -0.943302 0.331936 1.20513e-5 -0.9993991 0.03466147 -1.20848e-5 -0.9432464 0.332094 0 -0.8806406 0.473785 0 -0.697817 0.7162761 0 -0.5773628 0.8164878 0 -0.3044658 0.9525234 0 0.1522505 0.9883421 0 0.3044654 0.9525235 0 0.5773712 0.8164818 0 0.6978498 0.7162442 0 0.8815385 0.4721122 0 0.9445844 0.3282688 0 0.9996452 0.02663582 0 0.9920318 -0.1259603 0.00264883 0.9842801 -0.176434 -0.007982552 0.9979718 0.06338733 0.005862593 0.9732108 0.2298647 0.004804849 0.9979587 0.06359636 0.005837321 0.8896811 0.4565743 -0.002768933 0.764429 0.6445941 0.01212048 0.7725221 -0.3037921 0.5576021 0.5910758 -0.1071354 0.7994695 0.2972113 -0.259891 0.9187612 0.2971944 -0.2598307 0.9187837 0.4996429 -0.07392758 0.8630711 0.09352165 -0.06020683 0.9937952 0.6949661 -0.7013983 -0.1583116 0.6949902 -0.7014001 -0.1581981 0.8689394 -0.4524405 -0.2006042 0.8270497 -0.5607951 -0.03869897 0.694976 -0.7014077 -0.1582267 0.8270526 -0.5607892 -0.03872621 0.7004927 -0.710663 0.0653311 0.7004856 -0.7106609 0.06542998 0.8855398 -0.4577822 0.07908761 0.7940809 -0.5676031 0.2173994 0.7004777 -0.7106666 0.06545317 -0.03775203 -0.03516274 0.9986683 -0.00484848 -0.2541624 0.9671495 0.2190486 -0.112228 0.9692382 -0.1542634 -0.2573691 -0.9539204 -0.03467231 -0.4644383 -0.8849266 -0.08721578 -0.1996089 -0.9759865 -0.01948708 -0.1402649 -0.9899222 -0.9537498 0.298833 0.03255975 0.3325957 -0.535847 -0.7760465 -0.005233883 -0.8133619 -0.5817345 0.07051765 -0.2937678 -0.9532721 -0.2429738 -0.3553783 -0.9025907 -0.1541173 -0.1258572 -0.9800041 -0.1541666 -0.1257911 -0.9800047 -0.4266237 -0.2047484 -0.8809486 -0.6952735 -0.1076117 -0.7106438 -0.3341004 -0.1277557 -0.9338392 -0.8092286 -0.1332926 -0.5721733 -0.5296745 -0.3725993 -0.7619808 -0.3900264 -0.007523655 0.920773 0.9924312 -0.004556179 -0.1227177 0.8887105 5.98692e-4 -0.4584684 0.6774893 -3.29495e-4 -0.7355327 0.3904294 -0.005642116 -0.9206156 0.3902546 -0.005645453 -0.9206898 0.04456311 0.0245099 -0.9987059 -0.2363993 0.09074252 -0.9674095 0.944966 -0.001575231 0.3271647 0.8423774 -0.119071 0.5255688 0.6221686 -0.4529826 0.6385242 0.3612813 -0.7906089 0.4943819 0.4364355 -0.8996488 -0.01249539 0.5311082 -0.8427628 -0.08760792 -0.9078747 0.3477305 0.2341946 -0.9572774 -0.05057179 0.2847149 -0.8838694 0.1604511 0.4393523 -0.8925419 0.01281929 0.4507824 -0.9572197 -0.05069625 0.2848868 -0.7928253 -0.03660643 0.6083488 -0.00996083 -0.9542169 -0.2989495 0.003288686 -0.9621567 -0.2724772 0.2588328 -0.9559829 -0.1382117 0.5148616 -0.8572132 -0.01015406 0.3921959 -0.909285 -0.1392237 0.6004135 -0.7986957 0.03986126 0.2792274 -0.9356219 -0.2159718 0.5584526 -0.8265454 0.07038104 0.336476 -0.9334857 -0.1240498 0.1585776 -0.9787365 -0.1301078 0.3351954 -0.9383051 0.08501535 0.8199796 -0.004142343 0.5723779 0.630046 -1.21173e-4 0.7765579 0.6669279 -0.1225844 0.7349696 0.4200032 -0.4572113 0.7839357 0.1795221 -0.8288373 0.5299063 0.9247938 0.2453593 -0.2907839 0.7246752 0.6560742 -0.2107429 0.521969 0.8486266 -0.08591586 0.7221159 0.6913847 -0.0231496 0.6575891 0.7452762 0.1101816 0.2872674 0.9552639 -0.07034391 0.3384618 0.9393227 0.05582576 0.3328261 0.9427327 -0.02195155 0.7677637 0.6369833 0.06922 0.8086675 0.5704931 0.1435085 0.6576818 0.7451826 0.1102614 0.8322597 0.5093353 0.2189093 0.9162939 0.3748573 0.1410232 0.9019041 0.428216 0.05657023 0.8705267 -0.09739476 0.4823876 0.8101168 -0.002256453 0.5862641 0.411792 -0.00127834 0.9112769 0.4363593 0.004408061 0.8997618 0.4364705 0.004408299 0.8997079 -0.8949557 0.05832397 0.4423264 -0.9183133 0.3724387 0.134127 -0.9462461 0.3231947 0.0127896 -0.01300096 -0.6418565 -0.7667146 -9.84578e-4 -0.6583793 -0.7526857 -0.03921931 -0.8310216 -0.554856 -0.03463345 -0.4646102 -0.8848379 -0.02391505 -0.7759577 -0.6303315 -0.03463602 -0.4645659 -0.8848609 0.1167415 -0.7428075 -0.6592485 -0.03463751 -0.4646391 -0.8848225 0.06029045 -0.667884 -0.7418195 0.1533293 -0.6523966 -0.7422054 0 1 0 0 1 0 0 1 -1.59252e-7 -0.8585048 -0.5069553 0.07724064 -0.8618625 -0.4572508 0.2193512 -0.9256582 -0.3783586 0.001255095 -0.8988442 -0.4176943 0.1327057 0 0.9999492 -0.01008784 -0.005460858 0.9999652 -0.006319403 -0.005618274 0.9999812 -0.002463519 -0.00768429 0.9999352 0.008413314 -0.005551815 0.9999817 -0.002414226 -0.007693946 0.999935 0.008420646 0.005702495 0.9999837 7.97655e-5 0.01304274 0.9998521 -0.01120853 0.01198732 0.9997394 -0.01943248 0.003312766 0.9998772 -0.01532554 -0.009688496 0.9999506 -0.002228498 0.6753097 0.7070127 -0.2099757 0.6450565 0.7557278 -0.1130388 -0.3678167 -0.9238755 0.1056642 -0.1096757 -0.9866389 -0.120478 -0.1487373 -0.9786406 0.1419157 -0.347244 0.9139164 -0.2101869 -0.08317136 0.9853013 -0.1492117 -0.4102522 0.8564663 -0.313303 -0.3337991 0.7594493 -0.558404 -0.03251725 0.9409101 -0.3370919 0.9132919 -0.3015383 -0.2738115 0.9625307 -0.1860723 -0.1972607 0.948255 0.06344205 -0.3111069 0.9985744 0.0365253 0.03892397 0.9518293 -0.30575 0.02319151 0.9760445 -0.1875023 0.1103643 0.9825381 0.1791877 0.05010694 0.9350556 0.05945771 0.3494793 0.9170926 -0.1879783 0.3515754 -0.6487029 -0.19825 -0.7347663 -0.4678017 0.01528114 -0.8837014 -0.4678008 0.01527804 -0.8837019 -0.2400394 0.2272249 -0.9437955 0.9924778 0.1224208 0.001021385 0.9923939 0.1231023 -3.07858e-4 0.9943395 0.1060976 0.005696177 0.9924194 0.1228966 -3.26826e-4 0.9993904 -0.03491342 3.80347e-5 0.9425435 -0.3340837 2.94989e-6 0.8800513 -0.4748789 7.37586e-6 0.6967952 -0.7172703 0 0.5751275 -0.8180639 0 0.3019698 -0.9533176 1.03933e-5 0.1510199 -0.9885308 2.67599e-5 -0.1517795 -0.9884145 0 -0.3035079 -0.952829 -2.53899e-5 -0.5752975 -0.8179443 0 -0.6953189 -0.7187014 0 -0.8794999 -0.4758994 0 -0.9432519 -0.3320783 0 -0.9995045 -0.03147703 3.004e-6 -0.9926611 0.1209095 0.00221014 -0.9883235 0.1522319 -0.006483614 -0.9926391 0.1210908 0.002205371 -0.9883453 0.1520911 -0.006489098 -0.9975948 -0.06928485 0.002065539 -0.9721466 -0.2343734 -2.81089e-4 -0.9267583 -0.3748202 0.02508163 0.9954296 0.03844189 0.08741992 0.9816358 -0.05254209 -0.1833865 0.8994222 -0.0207225 -0.4365894 0.8993627 -0.02081739 -0.4367075 0.8993605 -0.02081125 -0.4367123 0.7207557 -0.2147519 -0.6590849 0.9209014 0.009059011 0.3896901 0.661844 -0.01446396 0.749502 0.422028 0.1595974 0.8924243 0.2475988 0.04474365 0.9678289 0.2475102 0.04481446 0.9678483 0.3961439 0.2548617 0.8821086 0.3961367 0.2549592 0.8820837 0.1505571 0.5807847 0.8000136 0.3082147 0.441505 0.8426607 0.3249407 0.8120108 0.4848219 -0.8975611 -0.1762442 0.4041312 -0.9674956 -0.004105091 0.2528547 -0.883529 -0.4210423 0.2051831 -0.8207056 -0.5555421 0.133475 -0.8364916 -0.5047412 -0.2133499 -0.8657276 -0.4314913 -0.2536362 -0.963113 0.006783187 -0.2690121 -0.8671008 -0.2307299 -0.4414747 -0.911386 0.07577526 -0.4045168 -0.8839482 0.4662021 0.03593665 -0.9386016 -0.2642576 0.2217996 -0.9836345 -0.1484383 0.1021235 -0.8858211 -0.4299854 0.1744523 -0.9630888 -0.2033925 0.1763278 -0.9836618 -0.1482692 0.1021071 -0.9869892 0.04696315 0.1537759 -0.9869915 0.04680073 0.1538098 0.8305537 0.511604 -0.2200958 0.787451 -0.5767201 0.2175201 0.8798474 -0.4472662 -0.1606912 -0.001318335 0.9999513 -0.009794533 -0.928658 0.2502616 -0.2737945 -0.9024583 0.4202153 -0.09480559 -0.745113 0.5992392 -0.2927784 -0.7874838 0.5170778 -0.3354101 -0.6385163 -0.1837121 0.74736 -0.8437039 0.01382625 0.5366308 -0.8437035 0.01382303 0.5366317 -0.8437874 0.01390498 0.5364975 -0.8437785 0.01392829 0.5365108 -0.9429863 0.2096412 0.2585102 -0.8120737 0.5824109 0.03652244 -0.5804712 0.8122649 0.05726224 -0.7032051 0.7109261 0.009315013 0.8901703 -0.2010009 -0.4088956 -0.8730286 -0.07272553 -0.4822158 -0.9318565 -0.02675336 -0.3618397 -0.9931688 -0.1136869 0.02628999 -0.9041734 -0.05951458 0.4229994 -0.9296011 0.3121064 0.1960388 -0.7714005 0.6360281 -0.02023655 -0.8120818 0.5824052 0.03643441 -0.5565308 0.8257117 -0.09205347 -0.4326963 0.9012925 0.02111595 -0.7061414 0.7067104 0.04387301 0.2116972 0.6768251 0.7050476 0.06492024 0.9169995 0.39357 0.06487804 0.9170883 0.3933702 0.2523232 0.8659425 0.4318295 0.4346753 0.8569463 0.2769485 0.4690815 0.8440042 0.2600379 -0.002663016 0.01777756 -0.9998385 -2.01444e-4 0 -1 -2.38829e-5 0 -1 0.1566856 0.8042976 0.5731973 0.3792675 -0.8188186 0.4309204 0.4594466 -0.8722826 0.1674278 0.2412766 -0.9663519 0.08916205 0.01918804 -0.9959381 -0.08797377</float_array>
          <technique_common>
            <accessor source="#f_1-06vxh12-a00_lk2_1-mesh-normals-array" count="7804" stride="3">
              <param name="X" type="float"/>
              <param name="Y" type="float"/>
              <param name="Z" type="float"/>
            </accessor>
          </technique_common>
        </source>
        <vertices id="f_1-06vxh12-a00_lk2_1-mesh-vertices">
          <input semantic="POSITION" source="#f_1-06vxh12-a00_lk2_1-mesh-positions"/>
        </vertices>
        <triangles material="Surface_3_001-material" count="294">
          <input semantic="VERTEX" source="#f_1-06vxh12-a00_lk2_1-mesh-vertices" offset="0"/>
          <input semantic="NORMAL" source="#f_1-06vxh12-a00_lk2_1-mesh-normals" offset="1"/>
          <p>2533 0 2534 0 2535 0 2533 1 2535 1 2536 1 2536 2 2535 2 2537 2 2536 0 2537 0 2538 0 2538 3 2537 3 2539 3 2538 4 2539 4 2540 4 2540 5 2539 5 2541 5 2540 0 2541 0 2542 0 2542 6 2541 6 2543 6 2542 7 2543 7 2544 7 2544 8 2543 8 2545 8 2544 0 2545 0 2546 0 2546 9 2545 9 2547 9 2546 10 2547 10 2548 10 2549 11 2550 12 2551 13 2549 11 2552 14 2553 15 2553 15 2552 14 2554 16 2553 15 2554 16 2555 17 2555 17 2554 16 2556 18 2555 17 2556 18 2557 19 2556 18 2554 20 2558 21 2558 21 2554 20 2551 22 2558 21 2551 22 2559 23 2554 24 2552 25 2551 26 2551 13 2552 14 2549 11 2551 22 2560 27 2559 23 2559 23 2560 27 2561 28 2559 23 2561 28 2562 29 2562 29 2561 28 2563 30 2562 29 2563 30 2564 31 2565 32 2566 33 2567 34 2567 34 2566 33 2560 27 2567 34 2560 27 2550 12 2550 12 2560 27 2551 22 2568 35 2569 36 2553 15 2553 15 2555 17 2568 35 2568 35 2555 17 2557 19 2568 35 2557 19 2570 37 2562 29 2564 31 2571 38 2571 38 2564 31 2572 39 2571 38 2572 39 2573 40 2559 23 2562 29 2558 21 2558 21 2562 29 2571 38 2558 21 2571 38 2556 18 2556 18 2571 38 2573 40 2556 18 2573 40 2557 19 2563 30 2561 28 2574 41 2574 41 2561 28 2575 42 2575 42 2561 28 2560 27 2575 42 2560 27 2566 33 2576 43 2577 44 2578 45 2578 45 2577 44 2579 46 2578 45 2579 46 2580 47 2580 47 2579 46 2581 48 2580 47 2581 48 2582 49 2582 49 2581 48 2583 50 2582 49 2583 50 2584 51 2584 51 2583 50 2585 52 2584 51 2585 52 2586 53 2586 53 2585 52 2536 54 2576 43 2587 55 2577 44 2577 44 2587 55 2588 56 2577 44 2588 56 2589 57 2589 57 2588 56 2590 58 2589 57 2590 58 2591 59 2592 60 2569 36 2593 61 2593 61 2569 36 2568 35 2593 61 2568 35 2570 37 2570 37 2594 62 2593 61 2593 61 2594 62 2595 63 2593 61 2595 63 2592 60 2592 60 2595 63 2596 64 2597 65 2598 66 2574 41 2574 41 2598 66 2599 67 2574 41 2599 67 2563 30 2563 30 2599 67 2600 68 2563 30 2600 68 2564 31 2564 31 2600 68 2601 69 2564 31 2601 69 2572 39 2602 70 2603 71 2604 72 2586 53 2605 73 2584 51 2584 51 2605 73 2606 74 2584 51 2606 74 2582 49 2582 49 2606 74 2607 75 2582 49 2607 75 2580 47 2580 47 2607 75 2608 76 2580 47 2608 76 2578 45 2578 45 2608 76 2609 77 2578 45 2609 77 2576 43 2577 44 2589 57 2579 46 2579 46 2589 57 2610 78 2579 46 2610 78 2581 48 2581 48 2610 78 2611 79 2581 48 2611 79 2583 50 2583 50 2611 79 2612 80 2583 50 2612 81 2585 52 2585 52 2612 81 2533 82 2585 52 2533 82 2536 54 2613 83 2595 63 2614 84 2614 84 2595 63 2594 62 2615 85 2616 86 2617 87 2617 87 2616 86 2618 88 2617 87 2618 88 2596 64 2619 89 2620 90 2621 91 2621 91 2620 90 2616 86 2621 91 2616 86 2615 85 2622 92 2600 68 2623 93 2623 93 2600 68 2624 94 2623 93 2624 94 2625 95 2625 95 2624 94 2626 96 2625 95 2626 96 2619 89 2619 89 2626 96 2627 97 2619 89 2627 97 2620 90 2620 90 2627 97 2628 98 2620 90 2628 98 2616 86 2616 86 2628 98 2629 99 2616 86 2629 99 2618 88 2618 88 2629 99 2630 100 2618 88 2630 100 2631 101 2631 101 2630 100 2632 102 2631 101 2632 102 2633 103 2633 103 2632 102 2634 104 2633 103 2634 104 2590 58 2590 58 2634 104 2635 105 2590 58 2635 105 2591 59 2591 59 2635 105 2636 106 2591 59 2636 106 2637 107 2637 107 2636 106 2638 108 2637 107 2638 108 2639 109 2639 109 2638 108 2537 110 2639 109 2537 110 2535 111 2601 69 2600 68 2622 92 2598 66 2640 112 2599 67 2599 67 2640 112 2624 94 2599 67 2624 94 2600 68 2598 66 2641 113 2640 112 2640 112 2641 113 2642 114 2640 112 2642 114 2626 96 2626 96 2642 114 2627 97 2597 65 2643 115 2598 66 2598 66 2643 115 2644 116 2598 66 2644 116 2641 113 2641 113 2644 116 2645 117 2641 113 2645 117 2646 118 2646 118 2645 117 2647 119 2646 118 2647 119 2648 120 2648 120 2647 119 2649 121 2648 120 2649 121 2632 102 2632 102 2649 121 2650 122 2632 102 2650 122 2634 104 2634 104 2650 122 2651 123 2634 104 2651 123 2635 105 2635 105 2651 123 2652 124 2635 105 2652 124 2636 106 2636 106 2652 124 2653 125 2636 106 2653 125 2638 108 2638 108 2653 125 2539 126 2638 108 2539 126 2537 110 2654 127 2603 71 2655 128 2655 128 2603 71 2602 70 2655 128 2602 70 2656 129 2655 128 2657 130 2654 127 2658 131 2659 132 2660 133 2660 133 2659 132 2656 129 2660 133 2656 129 2661 134 2661 134 2656 129 2602 70 2540 135 2542 136 2662 137 2662 137 2542 136 2663 138 2662 137 2663 138 2664 139 2664 139 2663 138 2658 131 2664 139 2658 131 2660 133 2538 140 2540 135 2665 141 2665 141 2540 135 2662 137 2665 141 2662 137 2666 142 2666 142 2662 137 2664 139 2666 142 2664 139 2667 143 2667 143 2664 139 2660 133 2667 143 2660 133 2661 134 2536 54 2538 140 2586 53 2586 53 2538 140 2665 141 2586 53 2665 141 2605 73 2605 73 2665 141 2666 142 2605 73 2666 142 2565 32 2565 32 2666 142 2667 143 2565 32 2667 143 2566 33 2566 33 2667 143 2661 134 2566 33 2661 134 2575 42 2575 42 2661 134 2602 70 2575 42 2602 70 2574 41 2574 41 2602 70 2604 72 2574 41 2604 72 2597 65 2612 81 2534 144 2533 82 2612 145 2611 79 2668 146 2589 57 2591 59 2610 78 2610 78 2591 59 2637 107 2610 78 2637 107 2611 79 2611 79 2637 107 2639 109 2611 79 2639 109 2668 146 2668 146 2639 109 2534 147 2631 101 2633 103 2588 56 2588 56 2633 103 2590 58 2618 88 2631 101 2596 64 2596 64 2631 101 2588 56 2596 64 2588 56 2592 60 2592 60 2588 56 2587 55 2592 60 2587 55 2569 36 2569 36 2587 55 2576 43 2569 36 2576 43 2553 15 2553 15 2576 43 2609 77 2553 15 2609 77 2549 11 2549 11 2609 77 2608 76 2549 11 2608 76 2550 12 2550 12 2608 76 2607 75 2550 12 2607 75 2567 34 2567 34 2607 75 2606 74 2567 34 2606 74 2565 32 2565 32 2606 74 2605 73 2596 64 2595 63 2617 87 2617 87 2595 63 2613 83 2617 87 2613 83 2615 85 2628 98 2627 97 2669 148 2669 148 2627 97 2642 114 2640 112 2626 96 2624 94 2641 113 2646 118 2642 114 2642 114 2646 118 2648 120 2642 114 2648 120 2669 148 2669 148 2648 120 2629 99 2669 148 2629 99 2628 98 2644 116 2657 130 2645 117 2645 117 2657 130 2655 128 2645 117 2655 128 2670 149 2670 149 2655 128 2656 129 2670 149 2656 129 2659 132 2542 136 2544 150 2663 138 2663 138 2544 150 2671 151 2663 138 2671 151 2658 131 2658 131 2671 151 2672 152 2658 131 2672 152 2659 132 2659 132 2672 152 2673 153 2659 132 2673 153 2670 149 2670 149 2673 153 2674 154 2670 149 2674 154 2645 117 2645 117 2674 154 2647 119 2534 147 2639 109 2535 111 2629 99 2648 120 2630 100 2630 100 2648 120 2632 102 2546 155 2548 156 2671 151 2671 151 2548 156 2675 157 2671 151 2675 157 2672 152 2672 152 2675 157 2676 158 2672 152 2676 158 2673 153 2673 153 2676 158 2677 159 2673 153 2677 159 2674 154 2674 154 2677 159 2678 160 2674 154 2678 160 2647 119 2647 119 2678 160 2649 121 2671 151 2544 150 2546 155 2548 156 2547 161 2675 157 2675 157 2547 161 2679 162 2675 157 2679 162 2676 158 2676 158 2679 162 2680 163 2676 158 2680 163 2677 159 2677 159 2680 163 2681 164 2677 159 2681 164 2678 160 2678 160 2681 164 2650 122 2678 160 2650 122 2649 121 2541 165 2682 166 2543 167 2543 167 2682 166 2683 168 2543 167 2683 168 2545 169 2545 169 2683 168 2679 162 2545 169 2679 162 2547 161 2679 162 2683 168 2680 163 2680 163 2683 168 2684 170 2680 163 2684 170 2681 164 2684 170 2683 168 2682 166 2650 122 2681 164 2651 123 2651 123 2681 164 2684 170 2651 123 2684 170 2652 124 2652 124 2684 170 2682 166 2652 124 2682 166 2653 125 2653 125 2682 166 2541 165 2653 125 2541 165 2539 126 2594 171 2570 171 2614 171 2614 172 2570 172 2557 172 2614 173 2557 173 2613 173 2613 172 2557 172 2573 172 2613 174 2573 174 2615 174 2615 175 2573 175 2572 175 2615 176 2572 176 2621 176 2621 172 2572 172 2601 172 2621 177 2601 177 2619 177 2619 172 2601 172 2622 172 2619 172 2622 172 2625 172 2625 178 2622 178 2623 178</p>
        </triangles>
        <triangles material="Surface_1_002-material" count="5061">
          <input semantic="VERTEX" source="#f_1-06vxh12-a00_lk2_1-mesh-vertices" offset="0"/>
          <input semantic="NORMAL" source="#f_1-06vxh12-a00_lk2_1-mesh-normals" offset="1"/>
          <p>0 179 1 180 2 181 2 182 1 183 3 184 2 182 3 184 4 185 5 186 6 187 7 188 8 189 9 189 10 189 11 190 12 191 13 192 14 193 15 194 16 195 17 196 18 196 19 196 20 197 21 198 22 199 23 200 24 201 25 201 26 202 27 203 28 204 29 205 30 206 31 205 32 207 30 208 29 209 33 210 34 211 35 212 36 213 37 214 38 215 18 216 39 216 19 216 40 217 41 218 42 219 29 220 43 221 32 222 44 223 45 224 46 225 47 226 48 227 49 228 50 229 51 229 52 229 53 230 54 231 55 232 56 233 57 234 58 235 37 236 36 237 59 238 60 239 51 240 61 241 62 242 63 242 64 242 61 243 65 244 66 245 34 246 33 247 67 248 68 249 69 250 70 251 71 252 72 252 73 252 74 253 75 254 76 255 64 256 77 256 62 256 24 257 23 258 78 259 79 260 78 261 23 262 54 263 53 264 80 265 81 266 82 267 83 268 30 269 84 270 85 271 82 272 81 273 86 274 45 275 44 276 87 277 88 278 89 279 90 280 91 281 22 282 92 283 73 284 93 285 71 286 21 287 25 288 24 287 94 289 95 290 96 290 97 291 98 292 99 292 100 293 101 294 102 295 103 296 104 297 105 298 96 299 106 300 94 301 107 302 108 303 109 304 110 305 111 306 112 307 106 308 87 309 113 310 114 311 115 312 116 313 86 314 84 315 82 316 117 317 118 318 119 319 120 320 85 321 121 322 80 323 122 324 121 325 123 326 124 327 125 328 126 329 127 330 128 331 129 332 130 333 131 333 132 334 133 335 134 336 135 337 134 338 136 339 80 340 137 341 122 342 134 343 135 344 132 345 118 346 138 346 119 346 139 347 140 348 141 349 142 350 143 350 144 350 130 351 129 352 145 351 128 353 146 354 147 355 148 356 149 357 150 358 151 359 152 360 153 361 136 362 154 363 135 364 155 365 156 366 157 367 127 368 146 369 128 370 133 371 132 372 158 373 159 374 160 375 161 376 60 377 140 378 136 378 162 379 163 380 164 381 165 382 166 383 167 384 145 385 129 386 168 387 146 388 127 389 169 389 145 390 170 390 130 390 171 391 168 392 129 393 35 394 124 395 33 396 165 397 172 398 173 399 123 400 33 401 124 402 146 403 169 404 168 405 168 406 171 407 174 408 175 409 176 410 177 411 178 412 179 413 180 413 180 414 181 414 178 414 182 415 181 416 180 417 183 418 184 419 185 420 186 421 187 421 188 422 189 423 10 423 190 423 186 424 188 425 191 426 192 427 193 428 194 429 195 430 194 431 196 432 179 433 178 433 85 434 197 435 198 436 199 437 10 438 200 439 8 440 133 441 201 442 134 443 202 444 203 445 200 446 204 447 205 448 206 449 207 450 203 451 202 452 194 429 208 453 192 427 209 454 156 455 210 456 211 457 212 458 213 459 214 460 215 461 216 462 217 463 218 464 219 465 220 466 216 467 215 468 221 469 222 470 223 471 224 472 225 473 226 474 227 475 228 476 229 477 230 478 231 479 232 480 233 481 234 482 235 483 236 484 237 485 238 486 216 487 239 488 214 489 240 490 241 491 242 492 212 493 211 494 243 495 244 496 245 496 221 496 246 497 247 498 242 499 213 500 248 501 211 502 249 503 250 504 251 504 175 505 252 505 181 505 253 506 175 507 177 508 253 509 254 510 255 511 256 512 257 512 258 512 196 513 259 514 195 515 163 516 162 517 256 518 257 519 256 520 162 521 260 522 261 523 262 524 263 525 264 526 265 527 265 528 155 529 263 530 266 531 267 531 268 531 157 367 263 532 155 365 269 533 270 534 271 535 176 536 272 537 273 538 274 539 275 539 276 539 277 540 278 541 279 542 280 543 281 544 282 545 279 546 282 547 281 548 283 549 284 550 285 551 286 552 287 553 288 554 287 555 286 556 289 557 290 558 285 559 291 560 292 561 293 562 294 563 204 564 295 565 296 566 295 565 204 564 297 567 298 568 290 569 291 570 299 571 300 571 301 571 267 572 266 572 302 572 277 573 279 574 281 575 290 576 283 549 285 551 303 577 304 578 305 579 306 580 307 581 308 582 309 583 310 583 311 583 312 584 313 585 314 586 315 587 316 588 289 589 317 590 318 591 319 592 320 593 321 594 322 595 323 596 289 597 286 598 289 599 323 600 324 601 325 602 326 603 327 604 328 605 329 606 330 607 331 608 332 609 333 610 204 611 296 612 103 613 316 614 315 615 334 615 335 616 336 617 337 618 330 619 338 620 328 621 339 622 340 623 341 624 309 625 342 626 343 627 332 628 331 629 344 630 103 613 296 612 104 631 345 632 346 633 347 634 348 635 349 636 350 636 351 637 352 638 353 639 354 640 355 641 356 642 92 643 24 644 357 645 358 646 359 647 360 648 361 649 341 650 362 651 363 652 336 617 364 653 336 617 363 652 337 618 337 654 363 655 365 656 366 657 367 658 368 659 363 660 364 661 369 662 360 663 370 664 358 665 371 666 235 667 372 668 373 669 374 669 375 669 376 670 377 671 378 672 379 673 371 674 380 675 377 676 376 677 374 678 381 679 382 680 383 680 321 681 384 681 322 681 385 682 71 683 386 684 71 685 385 685 72 685 386 686 387 687 385 688 369 689 364 690 388 691 389 692 390 693 391 694 379 695 392 696 393 697 394 698 347 699 395 700 92 701 357 702 396 703 397 704 398 705 399 706 400 707 401 708 402 709 403 710 404 711 405 712 381 713 383 714 404 715 384 716 406 717 407 718 101 719 408 720 269 721 404 711 403 710 381 722 409 723 269 724 271 725 289 726 324 727 315 727 101 728 269 729 102 730 410 731 411 732 412 733 235 734 413 735 233 736 414 737 410 738 415 739 348 740 409 741 416 742 397 743 399 744 321 745 408 746 417 747 269 748 418 749 419 750 420 751 421 752 422 753 423 754 424 755 419 756 418 757 425 758 426 759 427 760 428 761 423 762 422 763 429 764 430 765 431 766 432 767 433 768 434 769 435 770 436 771 437 772 438 773 434 774 433 775 439 776 440 777 441 778 442 779 443 780 444 781 445 782 446 783 431 784 447 785 421 786 423 785 448 787 419 788 449 789 450 790 451 791 452 792 448 793 449 794 447 795 453 796 454 797 455 798 456 799 452 799 457 799 458 800 459 801 460 802 442 803 461 804 462 805 463 806 464 807 465 808 421 809 451 810 450 811 466 812 455 813 454 814 467 815 422 815 468 815 469 816 470 817 471 818 472 819 473 820 474 821 439 822 451 823 440 824 428 825 422 826 467 827 475 828 476 828 477 828 447 829 449 830 421 831 421 832 449 833 451 834 421 835 450 836 481 837 461 838 442 838 482 838 483 839 484 840 485 841 444 842 482 843 442 844 486 845 487 845 426 846 488 847 440 848 451 849 489 850 490 851 491 852 443 853 442 854 492 855 470 856 493 857 494 858 495 859 496 860 497 861 498 862 499 863 500 864 501 865 464 866 463 867 500 868 446 869 498 870 502 871 485 872 484 873 503 874 451 875 449 876 504 877 505 878 506 879 507 880 508 881 509 882 470 883 494 884 471 885 505 886 510 886 511 886 512 887 513 888 514 889 515 890 516 891 517 892 518 893 511 894 519 895 511 896 518 897 505 898 520 899 521 899 522 900 523 901 524 902 525 903 464 904 501 905 526 906 426 907 425 908 486 909 527 910 491 911 490 912 471 913 494 914 528 915 529 916 527 910 424 917 530 918 474 918 531 918 454 919 532 920 466 921 533 922 534 923 535 924 536 925 537 926 538 927 539 928 540 929 541 930 542 931 543 932 544 933 545 934 543 935 542 936 546 937 547 938 502 939 502 940 547 941 548 942 549 943 550 944 424 945 551 946 552 947 553 948 494 949 554 950 555 951 554 952 494 953 493 954 542 955 556 956 557 957 558 958 559 959 560 960 556 961 561 962 492 963 562 964 563 965 564 965 565 966 566 966 567 966 568 967 569 968 570 969 571 970 572 971 573 972 574 973 575 974 576 975 577 976 578 976 579 976 580 977 581 978 582 979 583 980 584 981 585 982 586 983 556 984 542 985 587 986 588 987 589 988 533 989 590 990 591 991 592 992 593 993 594 994 301 995 595 996 596 997 597 998 598 999 599 1000 583 1001 531 1002 600 1003 604 1004 605 1005 606 1006 605 1007 604 1008 607 1009 595 1010 301 1011 608 1012 542 1013 544 1014 586 1015 609 1016 527 1017 610 1018 611 1019 612 1020 613 1021 610 1022 527 1023 614 1024 538 1025 615 1026 616 1027 617 1028 618 1029 575 1030 609 1031 612 1032 527 1033 618 1034 619 1034 620 1034 621 1035 539 1036 541 1037 564 1038 563 1038 622 1038 623 1039 330 1040 624 1041 625 1042 626 1043 627 1044 628 1045 629 1046 630 1047 631 1048 632 1049 629 1050 626 1051 633 1052 627 1053 634 1054 635 1055 636 1056 637 1057 638 1058 639 1059 640 1060 425 1061 427 1062 641 1063 570 1064 642 1065 570 1066 643 1067 568 1068 644 1069 645 1070 646 1071 473 1072 472 1073 647 1074 429 1075 431 1076 648 1077 649 1078 650 1079 644 1080 651 1081 652 1082 653 1083 311 1084 602 1085 654 1086 655 1087 656 1088 657 1089 604 1090 658 1091 607 1092 659 1093 600 1093 473 1093 660 1094 661 1095 662 1096 663 1097 487 1098 486 1099 664 1100 665 1100 666 1100 661 1101 660 1102 667 1103 668 1104 669 1105 670 1106 671 1107 672 1108 673 1109 215 1110 214 1110 674 1110 673 1111 672 1112 675 1113 676 1114 677 1115 678 1116 679 1117 680 1117 574 1118 681 1119 682 1120 683 1121 684 1122 426 1123 487 1124 426 1125 684 1126 685 1127 574 1128 576 1129 679 1130 686 539 687 539 688 539 670 1131 689 1132 668 1133 656 1134 690 1135 691 1136 683 1137 682 1138 692 1139 693 1140 690 1141 694 1142 653 1143 695 1144 651 1145 694 1142 696 1146 693 1140 697 1147 690 1147 656 1147 698 1148 599 1149 699 1150 661 1151 700 1152 662 1153 579 1154 701 1155 702 1156 640 1157 427 1158 685 1159 685 1160 427 1161 426 1162 703 1163 704 1164 705 1165 706 1166 613 1166 707 1166 707 1167 613 1167 708 1167 709 1168 710 1169 711 1170 712 1171 713 1172 714 1173 715 1174 716 1175 717 1176 718 1177 717 1178 716 1179 246 0 719 0 247 1180 720 1181 721 1181 722 1182 723 1183 724 1184 725 1185 726 1186 727 1187 728 1188 729 1189 730 1190 731 1191 704 1192 732 1193 705 1194 733 1195 734 1196 735 1197 736 1198 737 1199 738 1200 722 1201 721 1202 739 1203 216 1204 740 1205 239 1206 741 1207 623 1208 742 1209 743 1210 744 1211 745 1212 746 1213 747 1214 748 1215 749 1216 750 1217 751 1218 721 1219 747 1220 739 1221 752 1222 747 1223 746 1224 753 1225 754 1226 755 1227 756 1228 757 1229 702 1230 758 1231 759 1232 563 1231 760 1233 761 1233 762 1233 763 1234 764 1235 765 1236 766 1237 764 1238 763 1239 767 1240 768 1241 769 1242 632 1243 770 1244 771 1245 766 1246 772 1247 764 1248 773 1249 774 1250 775 1251 770 1252 776 1253 777 1254 629 1255 632 1256 630 1257 778 1258 753 1259 779 1260 780 1261 781 1262 782 1263 754 1264 753 1265 778 1266 783 1267 784 1268 766 1269 764 1270 772 1271 785 1272 786 1273 787 1274 788 1275 789 1276 790 1277 757 1278 778 1279 779 1280 784 1281 783 1282 791 1283 792 1284 791 1285 783 1286 763 1287 793 1288 220 1289 794 1290 780 1291 760 1292 781 1293 763 1294 783 1267 766 1269 778 1295 784 1296 783 1297 741 1298 0 1299 795 1300 220 1301 793 1302 796 1303 797 1304 760 1305 780 1306 740 1307 216 1308 798 1309 788 1310 799 1311 786 1312 800 1313 801 1313 802 1313 803 1314 804 1315 673 1316 805 1317 806 1318 807 1319 808 1320 809 1321 810 1321 811 1322 762 1323 761 1324 812 1325 807 1326 806 1327 813 1328 814 1329 815 1330 816 1331 817 1331 818 1331 729 1332 819 1333 730 1334 820 1335 821 1336 822 1337 823 1338 824 1339 799 1340 825 1341 826 1342 827 1343 825 1344 828 1345 826 1346 674 1347 829 1347 215 1347 829 1348 674 1349 830 1349 823 1350 799 1351 788 1352 831 1353 832 1354 833 1355 825 1356 834 1357 828 1358 835 1359 836 1360 159 1361 128 1362 147 1363 131 1362 837 1364 834 1365 825 1366 838 1367 839 1368 840 1369 129 1370 131 1371 147 1372 835 1373 159 1374 841 1375 842 1376 843 1377 844 1378 845 1379 846 1380 847 1381 848 1382 849 1383 850 1384 851 1385 834 1385 837 1386 825 1341 827 1343 852 1387 842 1388 108 1389 853 1390 798 1391 854 1392 740 1392 854 1393 798 1394 855 1395 856 1396 857 1397 858 1398 838 1399 859 1400 839 1401 837 1402 825 1403 860 1402 839 1404 861 1405 862 1406 863 1407 864 1407 865 1407 840 1408 839 1409 862 1410 866 1411 835 1411 853 1411 840 1412 862 1413 867 1414 868 1415 311 1415 654 1415 869 1416 870 1417 125 1418 871 1419 872 1419 873 1419 874 1420 875 1421 761 1422 116 1423 876 1424 114 1425 877 1426 190 1426 878 1426 879 1427 880 1427 881 1427 825 1428 880 1429 860 1430 835 1431 841 1432 853 1433 882 1434 856 1435 858 1436 883 1437 884 1438 885 1439 886 1440 172 1441 887 1442 888 1443 889 1444 890 1445 891 1446 720 1447 892 1448 720 1449 891 1450 721 1451 893 1452 894 1453 895 1454 896 1455 897 1456 898 1457 899 1458 797 1459 780 1460 559 1461 900 1462 901 1463 902 1464 903 1465 904 1466 905 1467 906 1468 907 1469 446 1470 445 1471 908 1472 909 1473 910 1474 895 1475 911 1476 912 1477 913 1478 445 1479 914 1480 908 1481 641 1482 915 1483 914 1484 751 1485 902 1486 916 1487 892 1488 861 1489 891 1490 917 1491 918 1492 919 1492 920 1493 921 1494 922 1495 887 1496 898 1497 897 1498 923 1499 654 1499 924 1499 898 1500 887 1501 925 1502 926 1503 927 1504 928 1505 0 1299 741 1298 1 1506 929 1507 930 1508 504 1509 931 1510 932 1510 933 1510 934 1511 935 1512 936 1513 937 1514 932 1514 931 1514 938 1515 939 1516 940 1517 941 1518 942 1519 906 1520 938 1521 943 1522 944 1523 945 1524 946 1525 947 1526 941 1527 948 1528 949 1529 950 1530 951 1531 952 1532 937 1533 722 1533 932 1533 953 1534 954 1534 955 1534 948 1535 956 1536 949 1537 882 1538 908 1539 856 1540 7 1541 69 1542 68 1543 957 0 958 0 959 1544 960 1545 961 1546 962 1547 88 1548 963 1549 89 1550 964 1551 351 0 965 1552 114 1553 88 1554 115 1555 966 1556 967 1557 968 1558 56 1559 105 1560 104 1561 969 1562 970 1563 120 1564 193 1565 265 1566 264 1567 971 1568 178 1569 181 1570 972 1571 973 1572 974 1573 60 1574 141 1575 140 1576 198 1577 148 1578 199 1579 975 1580 976 1581 174 1582 960 1583 977 1584 978 1585 979 1586 980 1587 981 1588 188 1589 982 1590 191 1591 961 1592 960 1593 983 1594 236 1595 984 1596 237 1597 985 1598 986 1599 987 1600 297 567 204 564 988 1601 989 1602 990 1603 991 1604 368 1605 367 172 992 172 67 1606 262 1607 261 1608 252 1609 993 1610 994 1611 995 1612 163 1613 268 1614 996 0 361 1615 997 0 247 1616 998 1617 242 1618 999 1619 1000 1620 1001 1621 1002 1622 281 1623 280 1624 1003 172 394 172 1004 172 1005 1625 1006 1626 1007 1627 282 1628 279 1629 1008 1630 321 1631 320 593 1009 1632 986 1633 1010 1634 1011 1635 1012 1636 1013 1637 1014 1638 58 1639 310 1640 1015 1641 327 1642 326 1643 1016 1644 1017 172 1018 172 1019 172 1020 1645 1021 1645 1022 1645 283 1646 322 595 384 1647 362 1648 323 1649 240 1650 337 1651 365 1652 1023 1653 358 1654 370 1655 318 1656 1024 1657 1025 1658 1026 1659 1027 1660 1028 1661 1029 1662 1030 1663 1031 1664 400 1665 1032 1666 1033 1667 1034 1668 441 1669 440 1670 1035 1671 642 1672 1036 1673 1037 1674 1038 1675 1039 1676 470 1677 1040 1678 1041 1679 1042 1680 458 1681 1043 1682 1044 1683 1045 1684 1046 1685 1047 1686 459 1687 1048 1688 1049 1689 1050 1690 488 1691 1051 1692 1052 1693 1053 1694 1054 1695 1055 1696 1056 1697 1057 1698 1049 539 509 539 508 539 329 1699 1058 1700 372 1701 1059 1702 1060 1703 1061 1704 560 960 1062 1705 1063 1706 550 1707 529 1708 424 1709 1064 1710 1025 1711 1065 1712 1066 1713 570 1714 569 1715 1067 1716 1068 1717 1069 1718 1070 1719 598 1720 597 1721 552 1722 551 1723 1071 1724 544 1725 543 1726 1072 1727 1062 1728 1073 1729 1074 1729 1075 1730 538 1731 1076 1732 1077 1733 1078 1734 1079 1735 1080 1736 1081 1737 1082 1738 1083 0 1084 0 1085 0 1068 1739 617 1740 1086 1741 702 1742 1087 1743 756 1744 1088 1745 1089 1745 1090 1745 649 1746 1091 1747 650 1748 1092 1749 1093 1750 1094 1751 669 1752 667 1753 660 1754 534 923 533 922 1095 1755 1096 1756 895 1757 910 1758 620 1759 619 1760 700 1761 1097 1762 1098 1763 691 1764 648 1765 431 1766 1099 1767 1100 1768 1101 1769 1102 1770 712 1771 806 1772 805 1773 833 1774 832 1775 1103 1776 713 1777 1104 1778 1105 1779 824 1780 823 1781 1106 1782 1106 1783 717 1784 718 1785 916 1786 749 1787 751 1788 708 1789 739 1790 747 1791 1107 1792 1108 1793 1109 1794 1110 1795 1111 1796 1112 1797 1113 1798 774 1799 1114 1800 1115 1801 1116 1802 1117 1803 1118 1804 790 1805 789 1806 1119 1807 1025 1808 1064 1809 1120 1810 1121 1811 1122 1812 1123 1813 1124 1814 1087 1815 1125 1816 1126 1817 1127 1818 710 172 1128 172 1129 172 890 1819 1055 1696 1130 1820 1131 1821 1132 1822 1133 1823 1134 1824 1135 1825 249 1826 1136 1827 1137 1828 952 1829 1138 1830 1139 1831 1140 1832 861 1833 892 1834 862 1835 877 1836 1141 1837 1142 1838 1141 1839 877 1840 878 1841 1143 1842 1144 1843 1145 1844 951 1845 950 1846 878 1847 1146 1848 431 1849 430 1850 1147 1851 1148 1852 800 1853 1149 1854 1150 1855 1151 1856 1152 1857 1153 1858 1154 1859 944 1860 738 1861 938 1862 1155 1863 858 1864 857 1865 1156 1866 1157 1866 1158 1866 1159 1867 903 1868 902 1869 1160 1870 1161 1871 1162 1872 916 1873 902 1874 904 1875 1163 1876 1164 1877 940 1878 1165 1879 1166 1880 30 1881 59 1882 5 1883 11 1884 1167 1885 1168 1886 5 1887 101 1888 100 1889 1169 1890 1170 1891 973 1892 972 1893 1171 1894 1172 1895 1173 1896 1174 1897 92 1898 396 1899 1175 1900 1176 1901 138 1902 1177 1903 115 1904 1178 1905 1179 1906 1180 1907 91 1908 1181 1909 1182 1910 1183 1911 1184 1912 844 1913 1185 1914 1186 1915 1187 1916 1188 1917 1189 1918 1190 1919 1191 1920 1192 1921 1193 1922 1194 1923 1195 1924 1196 1925 1197 1926 1198 1927 1199 1928 866 1929 1200 1930 1197 1931 1201 1932 1138 1933 1202 1934 1139 1935 1203 1936 1204 1937 1205 1938 1206 1939 1207 1940 1208 1941 294 1942 1209 1943 292 1944 1210 1945 398 1946 397 1947 1211 1948 1196 1949 1212 1950 1213 1951 1007 1627 1214 1952 137 1953 1172 1954 176 1955 986 1956 985 1957 1010 1958 236 1959 278 1960 277 1961 1215 1962 222 1963 221 1964 1216 1965 1217 1966 1218 1967 1219 1968 1220 1969 1221 1970 1113 1798 1222 1971 1223 1972 1224 1973 1225 1974 1226 1975 1032 1976 217 1977 219 1978 1227 1979 1228 1980 1229 1981 403 1982 238 1983 1230 1984 1231 1985 231 1986 1028 1987 242 1988 362 1989 240 1990 1218 1991 1232 1992 312 1993 1233 1994 1234 1995 1235 1996 1215 1997 1236 1998 1008 1999 1237 2000 1002 1622 1231 2001 258 2002 266 2003 256 2004 415 739 1238 2005 414 737 317 2006 1239 2007 359 2008 74 2009 1240 2010 75 2011 75 2012 1241 2013 1242 2014 1243 2015 350 2016 349 2017 1244 2018 296 2019 295 2020 1245 2021 601 2022 1246 2023 1247 2024 1248 2025 1249 2026 1192 2027 1250 2028 1193 2029 1251 2030 1250 2031 1192 2032 1252 2033 1253 2034 1254 2035 1255 2036 816 2037 1256 2038 1257 2039 1258 2040 325 2041 1259 2042 1193 2043 1260 2044 374 2045 1261 2046 375 2047 1174 1897 408 2048 1262 2049 1263 2050 1264 2051 1265 2052 1266 2053 365 1652 363 2054 419 2055 448 2056 420 2057 1267 2058 990 2059 1268 2060 1269 2061 1270 2062 432 2063 1271 2064 1272 2065 648 1765 1273 2066 1274 2067 577 2068 433 2069 1275 2070 438 2071 1276 2072 1277 2073 1278 2074 1279 2075 600 2076 659 2077 1280 2078 1281 2079 1282 2080 1283 2081 858 2082 1155 1863 1284 2083 1285 2084 1286 2085 1287 2086 1288 2087 1289 2088 545 2089 1290 2090 482 2091 504 2092 1291 2093 505 2094 565 2095 658 2096 1292 2097 1277 2098 1057 2099 1278 2100 492 2101 1293 2102 443 2103 1294 2104 1295 2104 1050 2104 1296 2105 1297 2106 1298 2107 480 2108 479 2109 1299 2110 634 2111 1300 2112 1301 2113 1302 2114 494 2115 631 2116 1036 2117 1303 2118 1037 2119 538 1731 1075 1730 536 2120 1304 2121 1305 2122 523 2123 1297 2124 1305 2125 1306 2126 1307 2127 1308 2128 1309 2129 539 2130 1310 2131 540 2132 1311 2133 1312 2134 1313 2135 1314 2136 1315 2137 540 2138 310 2139 602 1085 311 1084 1316 2140 1314 2141 540 2142 575 2143 1317 2144 576 2145 690 2146 693 2147 1318 2148 1308 2149 1319 2150 1320 2151 1321 2152 1322 2153 1323 2154 589 2155 1324 2156 1325 2157 1326 2158 1016 1644 326 2159 1327 2160 1328 2161 1329 2162 1027 2163 1330 2164 1331 2165 1332 2166 1239 2167 1032 2168 1333 2169 1070 1719 1334 2170 1335 2171 1336 2172 989 1602 1337 2173 650 2174 1120 2175 1338 2176 283 1646 290 2177 1339 2178 1340 2179 1341 2180 1342 2181 1343 2182 1344 2183 1111 2184 1110 2185 1345 2186 1346 2187 1347 2188 1348 2189 1072 2190 1349 2191 544 2192 1350 2193 1351 2194 1352 2195 1353 2196 1354 2197 1355 2198 1356 2199 1341 2200 1357 2201 1358 2202 1359 2203 1360 2204 635 2205 1361 2206 1362 2207 1363 2208 580 2209 1313 2210 1364 2211 809 2212 1365 2213 1366 2214 1367 2215 1368 2216 724 2217 723 2218 1369 2219 1370 2220 1371 2221 941 2222 1372 2223 1373 2224 1374 2225 1375 2226 1106 2227 1376 2228 1377 2229 1378 2230 1379 2231 1380 2232 1381 2233 1382 2234 1383 2235 1384 2236 1121 1811 1385 2237 1386 2238 1387 2239 787 2240 1342 2181 788 2241 1388 2242 1389 2243 1390 2244 225 2245 745 2246 744 2247 1391 2248 1392 2249 1393 2250 1394 2251 657 2252 656 2253 1395 2254 749 2255 1383 2235 779 2256 753 2257 1396 2258 1397 2259 1398 2260 1388 2242 1399 2261 1400 2262 1401 2263 1324 2264 1402 2265 1325 2266 792 2267 1403 2268 1404 2269 1112 2270 681 2271 683 2272 830 2273 719 2274 1405 2275 1093 2276 1406 2277 763 2278 729 2279 1394 2251 1407 2280 1115 2281 1408 2282 1409 2283 1407 2284 1410 2285 1411 2286 1412 2287 1413 2288 1414 2289 1415 2290 1416 2291 1417 2292 1418 2293 1419 2294 1420 2295 1421 2296 974 2297 1422 2298 1423 2299 1047 2300 1424 2301 1425 2302 945 2303 1426 2304 1427 2305 947 2306 946 2307 1428 2308 935 1512 1429 2309 1415 2290 1430 2310 1431 2311 880 2312 1432 2313 1433 2314 881 2315 1434 2316 851 2317 904 2318 903 2319 1435 2320 1436 2321 1437 2322 1438 2323 919 2324 918 2325 1439 2326 1440 2327 897 2328 896 2329 1422 2330 717 2331 1441 2332 1442 2333 1443 2334 1444 2335 916 2336 1445 2337 1203 2338 1163 2339 878 1841 943 2340 504 1509 930 1508 1291 2093 1144 2341 1446 2342 1447 2343 1448 2344 1440 2327 1449 2345 1450 2346 876 1424 116 1423 429 2347 1451 2348 430 2349 1452 2350 1453 2351 1454 2352 1455 2353 1456 2354 1457 2355 1458 2356 1459 2357 1460 2358 1461 2359 774 2360 1462 2361 1165 2362 30 2363 15 2364 15 2364 30 2363 32 2365 11 2366 18 2367 12 2368 12 2368 18 2367 17 2369 26 2370 77 2371 27 2372 27 2373 77 2374 64 2375 345 2376 1463 2377 346 2378 346 2378 1463 2377 1464 2379 1465 2380 1175 2381 1466 2382 1466 2382 1175 2381 1467 2383 1466 2384 1468 2385 1465 2386 1465 2386 1468 2385 52 2387 40 2388 63 2389 41 2390 41 2391 63 2392 62 2393 61 2394 118 2395 65 2396 65 2397 118 2398 117 2399 1469 2400 1470 2401 50 2402 50 2402 1470 2401 1471 2403 126 2404 187 2405 1472 2406 1472 2406 187 2405 186 2407 400 2408 1031 2409 401 2410 401 2411 1031 2412 1473 2413 1175 2414 1471 2415 1467 2416 1467 2416 1471 2415 1470 2417 50 2418 52 2419 1469 2420 1469 2421 52 2422 1468 2423 836 2424 835 2425 1474 2426 1474 2427 835 2428 866 2429 119 2430 1475 2431 117 2432 117 2432 1475 2431 1476 2433 183 2434 152 2435 184 2436 184 2437 152 2438 151 2439 148 2440 198 2441 149 2442 149 2443 198 2444 197 2445 1477 2446 1478 2447 259 2448 259 2448 1478 2447 195 2449 395 2450 1464 2451 191 2452 191 2452 1464 2451 1463 2453 209 2454 1479 2455 156 2456 156 2457 1479 2458 157 2459 136 2460 140 2461 154 2462 154 2463 140 2464 139 2465 192 2466 208 2467 1480 2468 1480 2468 208 2467 1481 2469 192 427 1482 2470 193 428 193 2471 1482 2472 265 2473 107 2474 109 2475 1026 2476 1026 2476 109 2475 1024 2477 255 539 254 2478 1483 539 1483 2479 254 2480 393 2481 1479 2482 411 2483 157 2484 157 2484 411 2483 410 2485 263 2486 414 2487 264 2488 264 2488 414 2487 1484 2489 227 2490 248 2491 228 2492 228 2492 248 2491 213 2493 1058 2494 329 2495 1485 2496 1485 2497 329 2498 328 2499 157 2500 410 2501 263 2502 263 2502 410 2501 414 2503 781 2504 1486 2505 768 2506 768 2506 1486 2505 769 2507 339 2508 241 2509 340 2510 340 2510 241 2509 240 2511 196 2512 234 2513 259 2514 259 2514 234 2513 233 2515 1487 2516 1484 2517 1238 2518 1238 2519 1484 2520 414 2521 232 480 1488 2522 293 2523 293 2523 1488 2522 294 2524 233 2525 413 2526 1489 2527 1489 2527 413 2526 1490 2528 1491 2529 300 2530 1492 2531 1492 2532 300 2533 1493 2534 1494 2535 352 2536 964 2537 964 2538 352 2539 351 2540 317 2541 359 2542 318 2543 318 2544 359 2545 358 2546 849 2547 848 2548 1256 2549 1256 2549 848 2548 1255 2550 348 2551 350 2016 102 2552 102 2552 350 2016 1495 2553 1496 2554 370 2555 1497 2556 1497 2557 370 2558 360 2559 1498 2560 1499 2561 1500 2562 1500 2562 1499 2561 1501 2563 379 695 1502 2564 392 696 392 2565 1502 2566 1503 2567 354 2568 1496 2569 355 2570 355 2571 1496 2572 1497 2573 489 850 484 2574 490 851 490 2575 484 2576 483 2577 357 2578 402 2579 390 2580 390 2580 402 2579 391 2581 348 2582 102 2583 409 2584 409 2584 102 2583 269 2585 470 2586 1039 2587 493 2588 493 2589 1039 2590 440 2591 1504 2592 1280 2593 1505 2594 1505 2594 1280 2593 1506 2595 1507 2596 1508 2597 1509 2598 1509 2598 1508 2597 1510 2599 1511 2600 1279 2601 1512 2602 1512 2602 1279 2601 1513 2603 465 2604 535 2605 594 2606 594 2607 535 2608 592 2609 1514 2610 1044 2611 1515 2612 1515 2613 1044 2614 1043 2615 1516 2616 1041 2617 1292 2618 1292 2619 1041 2620 1040 2621 1517 2622 1518 2623 1519 2624 1519 2625 1518 2626 1520 2627 1309 2628 1308 2628 1521 2628 1521 2628 1308 2628 1320 2628 1522 2629 1523 2629 1524 2629 1524 2630 1523 2630 1322 2630 1492 2631 1525 2632 1491 2633 1491 2633 1525 2632 1526 2634 1523 2635 1527 2636 1322 2637 1322 2638 1527 2639 1323 2640 770 2641 555 2642 776 2643 776 2644 555 2645 1528 2646 1529 2647 1530 2648 1531 2649 1531 2649 1530 2648 1532 2650 526 2651 501 2652 1110 2653 1110 2654 501 2655 1313 2656 1076 1732 538 2657 1533 2658 1533 2659 538 2660 616 2661 1534 2662 1522 2663 625 2664 625 2664 1522 2663 1524 2665 653 2666 1513 2667 695 2668 695 2668 1513 2667 1279 2669 1535 2670 1536 2671 645 2672 645 2673 1536 2674 646 2675 1537 2676 1538 2677 1071 2678 1071 2678 1538 2677 1539 2679 531 2680 659 2681 1540 2682 1540 2682 659 2681 1541 2683 651 2684 1542 2685 652 2686 652 2687 1542 2688 1543 2689 1542 2690 1511 2691 1543 2692 1543 2693 1511 2694 1512 2695 328 2696 338 2697 1544 2698 1544 2698 338 2697 1545 2699 547 2700 1546 2701 1547 2702 1547 2702 1546 2701 1548 2703 1549 2704 1550 2705 814 2706 814 1329 1550 2707 815 1330 1551 2708 1552 2709 1553 2710 1553 2710 1552 2709 1554 2711 807 2712 812 1325 1555 2713 1555 2713 812 1325 1556 2714 1115 1801 1535 2715 1116 1802 1116 2716 1535 2717 1337 2718 1411 2719 819 2720 1407 2721 1407 2721 819 2720 729 2722 246 2723 1557 2724 719 2725 719 2725 1557 2724 1405 2726 1485 2727 328 2728 883 2729 883 2729 328 2728 1544 2730 1558 2731 884 2732 1544 2733 1544 2734 884 1438 883 1437 828 2735 834 2736 1559 2737 1559 2737 834 2736 1560 2738 251 2739 1509 2740 1561 2741 1561 2742 1509 2743 1510 2744 1562 0 1563 0 1564 0 1564 0 1563 0 1565 0 1508 2745 1566 2746 1510 2747 1510 2747 1566 2746 1561 2748 1509 2749 251 2749 1507 2749 1507 2750 251 2750 250 2750 1567 2751 1568 2752 1161 2753 1161 2754 1568 2755 1162 2756 942 2757 941 2758 926 2759 926 2760 941 2761 1569 2762 1570 2763 304 2764 1571 2765 1571 2766 304 2767 303 2768 43 2769 1572 2770 32 2771 32 2771 1572 2770 15 2772 15 2773 14 2774 1165 2775 1165 2775 14 2774 1166 2776 1573 2777 1574 2778 200 2779 200 2779 1574 2778 8 2780 27 2781 1575 2782 28 2783 28 2783 1575 2782 40 2784 1464 2785 95 2786 1576 2787 1576 2788 95 2789 94 2790 43 2769 1577 2791 1572 2770 1572 2770 1577 2791 16 2792 1572 2770 16 2792 15 2772 27 2781 64 2793 1575 2782 1575 2782 64 2793 63 2794 1575 2782 63 2795 40 2784 5 2796 51 2797 1200 2798 1200 2799 51 2800 1578 2801 1184 1912 1065 2802 1579 2803 1579 2803 1065 2802 1025 1658 1189 2804 1191 2805 886 2806 886 2807 1191 2808 1580 2809 1470 2810 1581 2811 1467 2812 1467 2812 1581 2811 1466 2813 1470 2810 1469 2814 1581 2811 1581 2811 1469 2814 1468 2815 1581 2811 1468 2815 1466 2813 87 2816 1582 2817 113 2818 113 2818 1582 2817 1583 2819 93 2820 98 2821 97 2822 92 2823 22 2824 24 2825 24 2825 22 2824 21 2826 1584 2827 1585 2828 826 2829 826 2829 1585 2828 827 2830 1586 2831 1195 1924 1578 2832 1578 2832 1195 1924 1197 1926 1578 2832 1197 1926 1200 2833 1202 2834 1138 1830 1587 2835 1587 2835 1138 1830 1588 2836 1176 1901 1589 2837 138 1902 138 1902 1589 2837 201 2838 176 2839 1172 2840 1590 2841 1590 2842 1172 2843 1171 2844 1590 2842 1171 2844 1591 2845 1592 2846 191 2847 1593 2848 1593 2848 191 2847 48 2849 1594 2850 293 2851 1586 2831 1586 2852 293 562 292 561 120 1564 1595 2853 969 1562 969 1562 1595 2853 182 2854 969 1562 182 2854 970 1563 159 2855 836 2856 160 2857 160 2857 836 2856 107 2858 160 2857 107 2858 1026 2859 200 2860 203 2861 1573 2862 1573 2863 203 2864 665 2865 142 539 1596 539 143 539 143 539 1596 539 1597 539 174 1582 171 2866 975 1580 975 1580 171 2866 1598 2867 975 1580 1598 2867 976 1581 1599 2868 1600 2869 1601 2870 1601 2870 1600 2869 1188 1917 1602 2871 90 2872 1603 2873 1603 2874 90 2875 89 2876 1603 2877 89 2878 56 2879 169 2880 170 2881 168 2882 168 2883 170 2884 145 2885 1576 2886 46 2887 1464 2888 1464 2888 46 2887 346 2889 264 2890 1604 2891 193 2892 193 2893 1604 2894 1605 2895 193 2893 1605 2895 194 2896 302 2897 980 1587 1606 2898 1606 2898 980 1587 257 2899 105 2900 205 2901 103 2902 103 2903 205 448 204 447 1607 2904 1237 2000 1608 2905 1608 2905 1237 2000 1609 2906 1610 2907 1611 2908 212 2909 212 2909 1611 2908 213 2910 1612 2911 1613 2912 240 2913 240 2914 1613 2915 340 2916 1594 2850 1614 2917 1225 1974 1225 1974 1614 2917 1615 2918 288 2919 1616 2920 1617 2921 1617 2921 1616 2920 1618 2922 1619 2923 1207 2924 1620 2925 1620 2925 1207 2924 1206 2926 1621 2927 1622 2928 1623 2929 1623 2930 1622 2931 1624 2932 972 1893 967 2933 1170 1891 1170 2934 967 2935 966 1556 1170 2934 966 1556 1625 2936 1625 2936 966 1556 1626 2937 309 2938 311 2939 342 2940 342 2940 311 2939 868 2941 342 2940 868 2941 888 2942 994 2943 971 2944 252 2945 252 2946 971 1568 181 1570 286 2947 1627 2948 1612 2949 1612 2950 1627 2951 1613 2952 595 2953 1628 2954 596 2955 596 2955 1628 2954 1493 2956 572 2957 1629 2958 335 2959 335 2959 1629 2958 1630 2960 335 2959 1630 2960 336 2961 1023 2962 572 2963 337 2964 337 2965 572 2966 335 2967 1631 2968 1632 2969 1633 2970 1633 2970 1632 2969 1634 2971 566 2972 1635 2973 1636 2974 1636 2974 1635 2973 1033 2975 99 2976 387 2977 97 2978 97 2978 387 2977 386 2979 1637 2980 569 2981 388 2982 388 2983 569 968 568 967 331 2984 1638 2985 344 2986 344 2986 1638 2985 1639 2987 331 2984 378 2988 1638 2985 1638 2985 378 2988 377 2989 1638 2985 377 2989 1639 2987 1640 2990 1641 2991 1499 2992 1499 2992 1641 2991 1501 2993 369 2994 388 2995 1642 2996 1642 2996 388 2995 230 2997 1643 2998 1644 2999 441 3000 441 3001 1644 3002 1645 3003 1646 3004 1647 3005 447 3006 447 3006 1647 3005 448 3007 389 3008 396 3009 390 3010 390 3011 396 3012 357 3013 400 1665 1648 3014 1030 1663 1030 1663 1648 3014 79 3015 1030 1663 79 3015 1031 1664 428 3016 1646 3017 423 3018 423 3018 1646 3017 447 3019 1649 3020 1643 3021 1035 3022 1035 3023 1643 3024 441 3025 440 3026 1039 3027 1035 3028 1035 3029 1039 1676 1650 3030 1035 3029 1650 3030 476 3031 514 3032 513 3033 420 3034 420 3034 513 3033 418 3035 908 3036 882 3037 446 3038 446 3038 882 3037 498 3039 1651 3040 1652 3041 450 3042 450 3042 1652 3041 481 3043 475 3044 1649 3045 476 3046 476 3047 1649 3048 1035 3049 1052 3050 1653 3051 1045 1684 1045 1684 1653 3051 640 3052 1045 3053 640 3054 1046 3055 456 3056 1651 3057 452 3058 452 3058 1651 3057 450 3059 1654 3060 1655 3061 418 3062 418 3062 1655 3061 424 3063 469 3064 1656 3065 470 3066 470 3066 1656 3065 1038 3067 1060 3068 1657 3069 1658 3070 1658 3070 1657 3069 1650 3071 651 3072 1659 3073 1542 3074 1542 3074 1659 3073 1511 3075 1660 3076 1051 3077 503 3078 503 3079 1051 1692 488 1691 503 3080 488 847 451 849 1661 3081 1662 3082 1663 3083 1663 3084 1662 3085 1150 3086 1656 3087 1664 3088 1038 3089 1038 3089 1664 3088 1665 3090 1517 3091 1447 3092 510 3093 510 3093 1447 3092 511 3094 512 3095 1654 3096 513 3097 513 3098 1654 3099 418 3100 1666 3101 516 3102 1667 3103 1667 3103 516 3102 515 3104 1514 2610 1048 3105 1044 2611 1044 2611 1048 3105 459 3106 1044 3107 459 3108 458 3109 1290 2090 545 3110 1668 3111 1668 3111 545 3112 542 3113 538 3114 537 3115 1669 3116 1669 3117 537 3118 1298 2107 1670 3119 1671 3120 1672 3121 1672 3121 1671 3120 1673 3122 1674 3123 577 2068 1675 3124 1675 3124 577 2068 579 3125 1676 3126 1059 1702 1677 3127 1677 3127 1059 1702 1678 3128 1679 3129 1680 3130 518 3131 518 3131 1680 3130 506 3132 518 3131 506 3132 505 3133 424 3134 1655 3135 549 3136 549 3137 1655 3138 1681 3139 549 3140 1681 3141 550 3142 1310 3143 1682 3144 540 3145 540 3145 1682 3144 1683 3146 540 3147 1683 3146 1316 2140 495 3148 497 3149 1684 3150 1684 3150 497 3149 1685 3151 1684 3150 1685 3151 1686 3152 1664 3153 1687 3154 1665 3155 1665 3155 1687 3154 1688 3156 1248 3157 1689 3158 1690 3159 1690 3159 1689 3158 1318 3160 1691 3161 1692 3162 1693 3163 1693 3163 1692 3162 1694 3164 1693 3163 1694 3164 1695 3165 586 3166 1696 3167 556 3168 556 3169 1696 3170 561 3171 372 1701 1697 3172 329 1699 329 1699 1697 3172 1698 3173 329 1699 1698 3173 330 3174 1699 3175 1700 3176 1701 3177 1701 3177 1700 3176 1702 3178 587 3179 1703 3180 588 3181 588 3182 1703 3183 1704 3184 221 3185 223 3186 244 3187 244 3187 223 3186 1705 3188 244 3187 1705 3188 1276 2072 1276 2072 1705 3188 1706 3189 1276 2072 1706 3189 1707 3190 1708 3191 685 3192 1709 3193 1709 3194 685 3195 684 3196 573 3197 1710 3198 1711 3199 1711 3199 1710 3198 500 3200 1711 3199 500 3200 499 3201 1712 3202 1713 3203 1714 3204 1714 3205 1713 3206 758 3207 499 3208 571 3209 1711 3210 1711 3210 571 3209 573 3211 609 3212 587 3213 612 3214 612 3215 587 3216 589 3217 1703 3218 610 3219 1704 3220 1704 3221 610 3222 614 3223 572 3224 571 3225 1715 3226 1715 3227 571 3228 1716 3229 1717 3230 1718 3231 1719 3232 1719 3232 1718 3231 1720 3233 1719 3232 1720 3233 1721 3234 1099 1767 431 3235 1722 3236 1722 3237 431 3238 446 3239 1723 3240 1724 3241 611 3242 611 3243 1724 3244 1725 3245 628 3246 1712 3247 629 3248 629 3249 1712 3250 1714 3251 1726 3252 649 3253 1727 3254 1727 3255 649 3256 644 3257 753 3258 755 3259 813 3260 813 3261 755 3262 1728 3263 1729 3264 1730 3265 1505 3266 1505 3267 1730 3268 1731 3269 767 1240 782 3270 768 1241 768 3271 782 3272 781 3273 1052 3274 1729 3275 1053 3276 1053 3276 1729 3275 1505 3277 642 3278 1732 3279 1036 3280 1036 3281 1732 3282 1733 3283 694 3284 655 3285 696 3286 696 3287 655 3288 1353 3289 1730 3290 684 3291 1731 3292 1731 3292 684 3291 487 3293 1543 3294 1734 3295 652 3296 652 3296 1734 3295 653 3297 1735 3298 1736 3299 1245 2021 1245 3300 1736 3301 602 3302 1245 2021 602 3303 601 2022 924 3304 1737 3305 1056 3306 1056 3306 1737 3305 1738 3307 638 3308 1739 3309 1740 3310 1740 3310 1739 3309 765 3311 1740 3310 765 3311 1741 3312 1741 3312 765 3311 764 3313 1742 3314 1110 3315 1743 3316 1743 3316 1110 3315 1112 3317 657 3318 1744 3319 1547 3320 1547 3320 1744 3319 547 3321 1675 3322 579 3323 757 3324 757 3325 579 3326 702 3327 1745 3328 670 3329 1746 3330 1746 3330 670 3329 669 1752 1746 3330 669 1752 1747 3331 1747 3331 669 1752 660 1754 1748 3332 1749 3333 1750 3334 1750 3334 1749 3333 270 3335 1750 3334 270 3335 269 3336 656 3337 655 3338 697 3339 697 3339 655 3338 694 3340 697 3339 694 3340 690 3341 1543 3294 1512 3342 1734 3295 1734 3295 1512 3342 1513 3343 1734 3295 1513 3343 653 3297 1319 3344 1546 3345 546 3346 546 3346 1546 3345 547 3347 1696 3348 586 3349 1751 3350 1751 3350 586 3349 1549 3351 1751 3350 1549 3351 1728 3352 1752 3353 726 3354 759 3355 759 3356 726 3357 728 3358 1753 3359 1754 3360 1108 3361 1108 3362 1754 3363 1109 3364 1755 3365 750 3366 1756 3367 1756 3367 750 3368 1757 3369 1758 3370 1759 3371 1760 3372 1760 3372 1759 3371 1388 2242 726 3373 1753 3374 727 3375 727 3376 1753 3377 1108 3378 767 3379 1761 3380 782 3381 782 3382 1761 3383 780 3384 1762 3385 1104 3386 805 3387 805 3387 1104 3386 713 3388 805 1773 713 3389 712 1771 1763 3390 1764 3391 1765 3392 1765 3393 1764 539 1766 539 1755 3365 1767 3394 750 3366 750 3395 1767 3394 751 3396 1768 3397 754 3398 1404 3399 1404 3399 754 3398 792 3400 580 3401 582 3402 1769 3403 1769 3403 582 3402 1112 3404 1713 3405 1770 3406 758 3407 758 3408 1770 3409 1771 3410 1772 3411 998 3412 1773 3413 1773 3413 998 3412 1774 3414 1773 3413 1774 3414 1775 3415 1775 3415 1774 3414 1776 3416 766 3417 784 3418 772 3419 772 3420 784 3421 1777 3422 772 1271 1777 3423 785 1272 1778 3424 582 3425 820 3426 820 3426 582 3425 581 3427 820 3426 581 3427 1779 3428 1780 3429 1781 3430 1782 3431 1782 3431 1781 3430 1783 3432 1087 3433 1124 3434 756 3435 756 3435 1124 3434 789 3436 756 3437 789 3438 757 3439 1674 3123 790 3440 1784 3441 1784 3441 790 3440 1785 3442 1784 3441 1785 3442 1786 3443 803 3444 1723 3445 804 3446 804 3447 1723 3448 611 3449 793 3450 1787 3451 796 3452 796 3452 1787 3451 1788 3453 788 2241 1339 3454 823 3455 823 3455 1339 3454 1789 3456 774 3457 1790 3458 775 3459 775 3459 1790 3458 1791 3460 863 3461 1584 3462 864 3463 864 3463 1584 3462 826 3464 128 3465 131 3466 126 3467 126 3467 131 3466 187 3468 1792 3469 1793 3470 837 3471 837 3471 1793 3470 851 3472 842 3473 853 3474 843 3475 843 3476 853 3477 841 3478 843 3479 841 3480 1794 3481 654 3482 923 3483 889 3484 889 3485 923 3486 890 3487 1795 3488 1451 2348 1796 3489 1796 3489 1451 2348 1797 3490 1593 3491 850 3492 1592 3493 1592 3493 850 3492 849 3494 1592 3495 849 3496 1798 3497 1127 1818 811 3498 1125 1816 1125 1816 811 3498 845 3499 1125 1816 845 3499 1126 1817 874 3500 1799 3501 875 3502 875 3503 1799 3504 1800 3505 855 3506 829 3507 854 3508 854 3509 829 3510 830 3511 1801 3512 116 3513 1802 3514 1802 3514 116 3513 115 3515 1803 3516 1792 3517 860 3518 860 3518 1792 3517 837 3519 848 3520 850 3521 1141 3522 1141 3523 850 3524 1142 3525 1804 3526 1136 1827 951 1845 951 3527 1136 3528 952 3529 879 3530 1803 3531 880 3532 880 3533 1803 3534 860 3535 871 3536 867 3537 872 3538 872 3539 867 3540 862 3541 906 3542 942 3543 1434 3544 1434 3545 942 3546 851 3547 1204 3548 1203 3549 1805 3550 1805 3551 1203 3552 869 3553 583 3554 600 3555 584 3556 584 3556 600 3555 1567 3557 905 3558 948 3559 906 3560 906 3560 948 3559 941 3561 1806 3562 1807 3563 720 3564 720 3564 1807 3563 1808 3565 1809 3566 1559 3567 1810 3568 1810 3569 1559 3570 1811 3571 906 3572 1434 2316 907 3573 907 3573 1434 2316 1812 3574 89 3575 963 1549 1813 3576 1813 3576 963 1549 1814 3577 1815 3578 510 3579 1816 3580 1816 3580 510 3579 505 3581 941 3582 1107 1792 1370 3583 1370 3583 1107 1792 1109 1794 1370 3583 1109 1794 1371 3584 1154 3585 1153 3586 734 3587 734 3588 1153 3589 1817 3590 734 3591 1817 3592 735 3593 800 3594 802 3595 1818 3596 1818 3596 802 3595 1819 3597 878 3598 950 3599 943 3600 943 3600 950 3599 944 3601 937 3602 1806 3603 722 3604 722 3604 1806 3603 720 3605 1163 2339 943 2340 1164 3606 1164 3607 943 3608 938 3609 1164 3607 938 3609 940 3610 1820 3611 1821 3612 1822 3613 1822 3613 1821 3612 1457 2355 1131 1821 1133 1823 1823 3614 1823 3614 1133 1823 1824 3615 1825 3616 1826 3617 14 3618 14 3618 1826 3617 1166 3619 5 3620 1168 3621 6 3622 6 3623 1168 1886 1827 3624 310 1640 58 1639 1828 3625 1828 3625 58 1639 57 3626 1828 3627 57 3628 76 3629 13 3630 12 3631 1829 3632 1829 3632 12 3631 17 3633 69 1542 7 1541 1830 3634 1830 3634 7 1541 6 3635 1830 3636 6 3637 1827 3638 349 2017 665 3639 1831 3640 1831 3640 665 3639 664 3641 203 3642 207 3643 47 3644 47 3645 207 3646 48 3647 11 1884 5 1883 18 3648 18 3648 5 1883 7 3649 18 3648 7 3649 1832 3650 84 3651 30 1881 82 3652 82 3652 30 1881 1166 1880 82 3652 1166 1880 83 3653 83 3653 1166 1880 1173 1896 83 3653 1173 1896 53 3654 1833 3655 123 3656 1834 3657 1834 3658 123 3659 897 3660 96 3661 45 3662 106 3663 106 3663 45 3662 87 3664 968 1558 1835 3665 313 3666 313 3666 1835 3665 1285 2084 17 3633 38 3667 1829 3632 1829 3632 38 3667 37 3668 1829 3632 37 3668 13 3630 40 3669 42 3670 28 3671 28 3672 42 3673 26 3674 1827 3624 1168 1886 1183 3675 1183 3675 1168 1886 1167 1885 1183 3675 1167 1885 1181 1909 23 3676 25 3677 1473 3678 1473 3679 25 3680 1836 3681 1473 3682 1836 3683 401 3684 1166 1880 1837 3685 1173 1896 1173 3686 1837 3687 1838 3688 1173 1896 1838 3689 1171 1894 37 3690 59 3691 13 3692 13 3693 59 3694 11 3695 1576 3696 1839 3697 46 3698 46 3698 1839 3697 44 3699 87 2816 44 3700 1582 2817 1582 2817 44 3700 1839 3701 1582 2817 1839 3701 1583 2819 17 3702 19 3703 38 3704 38 3705 19 3706 36 3707 348 3708 1574 3709 349 3710 349 3710 1574 3709 1573 3711 349 3710 1573 3711 665 3712 22 3713 91 1908 20 3714 20 3714 91 1908 1840 3715 81 3716 83 3717 55 3718 55 3719 83 3720 53 3721 1841 3722 86 3723 54 3724 54 3724 86 3723 81 3725 54 3724 81 3725 55 3726 43 3727 29 3728 1842 3729 1842 3729 29 3728 31 3730 14 3731 16 3732 1825 3733 1825 3734 16 3735 1577 3736 62 3737 51 3738 41 3739 41 3739 51 3738 5 3740 41 3741 5 3742 42 3743 31 3744 1825 3745 1842 3746 1842 3746 1825 3745 1577 3747 1842 3748 1577 3749 43 3750 66 3751 65 3752 1843 3753 1843 3753 65 3752 117 3754 21 3755 20 3756 25 3757 25 3757 20 3756 1840 3758 25 3757 1840 3758 1836 3759 1836 3759 1840 3758 307 3760 1836 3761 307 3762 306 3763 90 2872 1602 2871 88 3764 88 3764 1602 2871 1844 3765 88 1554 1844 3766 115 1555 1845 3767 1841 3768 80 3769 80 3770 1841 3771 54 3772 34 3773 67 3774 406 3775 406 3776 67 3777 261 3778 19 3779 39 3780 36 3781 36 3781 39 3780 1176 3782 36 3781 1176 3782 59 3783 1591 3784 1171 3785 1846 3786 1846 3787 1171 3788 1838 3789 1846 3790 1838 3791 1847 3792 1847 3792 1838 3791 1837 3793 1847 3792 1837 3793 1848 3794 1848 3794 1837 3793 1166 3795 1848 3794 1166 3795 1849 3796 1849 3796 1166 3795 1826 3797 1849 3796 1826 3798 1850 3799 1850 3799 1826 3800 1851 3801 79 3802 23 3803 1031 3804 1031 3805 23 3806 1473 3807 1852 3808 141 1575 61 3809 61 3809 141 1575 60 1574 61 3810 51 3811 118 3812 118 3812 51 3811 50 3813 118 3814 50 3815 138 1902 138 1902 50 3815 1471 3816 138 1902 1471 3816 1175 1900 85 3817 84 3818 121 325 121 325 84 3818 1845 3819 121 325 1845 3819 80 323 106 3820 113 3821 94 3822 94 3823 113 3824 1583 3825 42 3826 5 1883 26 3827 26 3827 5 1883 59 1882 26 3827 59 1882 77 3828 77 3828 59 1882 1176 3829 77 3830 1176 1901 62 3737 62 3737 1176 1901 1175 1900 62 3737 1175 1900 51 3738 51 3738 1175 1900 1465 3831 51 3738 1465 3831 52 3832 92 1898 1174 1897 91 1908 91 1908 1174 1897 1262 2049 91 1908 1262 2049 1179 1906 1853 3833 1182 1910 1854 3834 1854 3834 1182 1910 1181 1909 1854 3834 1181 1909 1855 3835 1855 3835 1181 1909 1856 3836 848 3837 1802 3838 1177 1903 1177 3839 1802 3840 115 3841 1839 3842 1576 3843 1583 3844 1583 3845 1576 3846 94 3847 1857 3848 1858 3849 398 3850 398 3850 1858 3849 399 3851 1859 3852 1860 3853 1861 3854 1861 3854 1860 3853 1862 3855 1863 3856 1420 2295 1857 3857 1857 3858 1420 2295 1419 2294 257 2899 31 3859 258 2002 258 2002 31 3859 30 3860 1826 3861 68 249 1851 3801 1851 3801 68 249 70 251 1851 3801 70 251 1850 3799 1850 3799 70 251 1864 3862 1850 3799 1864 3862 1849 3796 1849 3796 1864 3862 1865 3863 1849 3796 1865 3863 1848 3794 1848 3794 1865 3863 144 3864 1848 3794 144 3864 1847 3792 1847 3792 144 3864 143 3865 1847 3792 143 3865 1846 3866 1866 3867 1860 3868 112 307 112 307 1860 3869 1859 3870 112 307 1859 3870 110 305 61 3871 66 3872 1852 3873 1852 3874 66 3875 1867 3876 117 3754 1476 3877 1843 3753 1843 3753 1476 3877 1867 3878 1843 3753 1867 3878 66 3751 1251 3879 1192 3880 1868 3881 1868 3881 1192 3880 1194 3882 203 3883 47 3884 1869 3885 1869 3885 47 3884 1775 3886 1869 3885 1775 3886 1870 3887 1871 3888 1872 3889 1137 3890 1137 3890 1872 3889 952 3891 1873 3892 1864 3893 1874 3894 1874 3894 1864 3893 70 3895 1874 3894 70 3895 1875 3896 1875 3896 70 3895 69 3897 1875 3896 69 3897 1830 3898 74 253 76 255 104 3899 104 3900 76 3901 57 3902 104 1561 57 3903 56 1559 84 3904 86 3905 1845 3906 1845 3907 86 3908 1841 3909 1259 3910 1833 3655 1193 3911 1193 3911 1833 3655 1834 3657 1193 3911 1834 3657 1194 3912 1194 3912 1834 3657 1876 3913 1194 3912 1876 3913 1868 3914 1584 3915 863 3916 1585 3917 1585 3917 863 3916 1877 3918 1595 3919 122 3920 182 3921 182 3921 122 3920 181 3922 142 539 144 539 272 3923 272 3924 144 3925 1865 3926 272 3927 1865 3928 273 3929 1197 1931 1213 1951 1201 1932 1201 1932 1213 1951 1214 1952 1201 1932 1214 1952 1878 3930 1879 3931 107 3932 1474 3933 1474 3934 107 3935 836 3936 959 1544 1880 3937 983 3938 983 3938 1880 3937 126 3939 983 3940 126 3941 1472 3942 171 3943 129 3944 1598 3945 1598 3946 129 3947 147 3948 1591 3949 1596 3950 1590 3951 1590 3951 1596 3950 142 3952 1590 3953 142 3954 1881 3955 85 3956 120 3957 179 3958 179 3958 120 3957 970 3959 1476 3960 1475 3961 1867 3962 1867 3962 1475 3961 1852 3963 1882 3964 1883 3965 39 3966 39 3966 1883 3965 1884 3967 39 3966 1884 3967 1176 3968 1176 3968 1884 3967 1589 3969 1885 3970 1873 3971 1489 3972 1489 3972 1873 3971 1477 3973 1489 3974 1477 3975 233 3976 233 3976 1477 3975 259 3977 842 3978 844 3979 108 3980 108 3981 844 3982 1024 3983 108 3981 1024 3983 109 3984 1886 3985 1887 3986 1570 3987 1570 3988 1887 3989 304 3990 265 3991 1482 3992 155 3993 155 3993 1482 3992 156 3994 1888 3995 1889 3996 166 3997 166 3998 1889 3999 1890 4000 166 3998 1890 4000 167 4001 1198 1927 1879 4002 1199 1928 1199 1928 1879 4002 1474 4003 1199 1928 1474 4003 866 1929 1198 4004 108 4005 1879 4006 1879 4006 108 4005 107 4007 110 4008 1891 4009 111 4010 111 4010 1891 4009 1892 4011 981 4012 1893 4013 979 4014 979 4014 1893 4013 1882 4015 979 1586 1882 4016 1832 3650 1832 3650 1882 4016 39 4017 1832 3650 39 4017 18 4018 146 4019 976 4020 147 4021 147 4022 976 4023 1598 4024 151 4025 153 4026 150 4027 150 4028 153 4029 148 4030 153 4031 152 4032 148 1578 148 1578 152 4032 183 4033 148 1578 183 4033 199 1579 133 4034 158 4035 141 4036 141 4036 158 4035 139 4037 967 4038 972 4039 1894 4040 1894 4041 972 4042 974 4043 154 4044 139 4045 135 4046 135 4046 139 4045 158 4047 135 4046 158 4047 132 4048 1596 4049 1591 4050 1597 4051 1597 4052 1591 4053 1846 4054 1597 4052 1846 4054 143 4055 120 4056 121 4057 1595 4058 1595 4059 121 4060 122 4061 176 410 273 4062 177 411 177 411 273 4062 254 4063 177 411 254 4063 253 4064 136 4065 1578 2801 60 4066 60 4066 1578 2801 51 2800 119 4067 138 4068 1475 4069 1475 4069 138 4068 201 4070 1475 4071 201 4072 1852 4073 1852 4074 201 4075 133 4076 1852 3808 133 4077 141 1575 205 448 1895 4078 206 449 206 449 1895 4078 1896 4079 172 4080 1897 4081 173 399 173 399 1897 4081 1252 2033 1876 4082 974 4083 1868 4084 1868 4085 974 1573 973 1572 1868 4085 973 1572 1898 4086 1898 4087 973 4088 1170 4089 1898 4090 1170 4091 1899 4092 976 4093 146 4094 174 4095 174 4096 146 4097 168 4098 282 4099 1900 4100 280 4101 280 4101 1900 4100 1901 4102 280 4101 1901 4102 1209 4103 1209 4103 1901 4102 292 4104 183 4105 185 4106 199 4107 199 4108 185 4109 197 4110 105 4111 56 4112 1902 4113 1902 4114 56 4115 89 3575 149 4116 112 307 150 4117 150 4117 112 307 111 306 150 4117 111 306 151 4118 151 4119 111 4120 1208 1941 151 4119 1208 1941 184 4121 184 4121 1208 1941 1207 1940 184 4121 1207 1940 185 4122 185 4122 1207 1940 197 4123 1586 2831 292 4124 1195 1924 1195 1924 292 4124 1901 4102 1195 1924 1901 4102 1196 4125 1196 4125 1901 4102 1900 4100 1196 4125 1900 4100 282 4126 844 1913 1184 1912 1024 4127 1024 1657 1184 1912 1579 2803 1024 1657 1579 2803 1025 1658 257 2899 980 1587 31 3859 31 3859 980 1587 979 1586 31 3859 979 1586 1825 3616 1825 3616 979 1586 1832 3650 1825 3616 1832 3650 1826 3617 1826 3617 1832 3650 7 3649 1826 4128 7 4129 68 4130 131 3466 130 4131 187 3468 187 3468 130 4131 170 4132 187 4133 170 4134 188 4135 188 4135 170 4134 169 4136 188 4135 169 4136 1880 4137 1880 4137 169 4136 127 4138 1880 4137 127 4138 126 4139 160 4140 1903 4141 161 4142 161 4142 1903 4141 1904 4143 161 4142 1904 4143 1905 4144 1172 1895 137 4145 1173 1896 1173 1896 137 4145 80 4146 1173 1896 80 4146 53 3654 200 4147 10 4148 1906 4149 1906 4149 10 4148 189 4150 1906 4149 189 4150 1142 4151 1142 4151 189 4150 190 4152 1142 4151 190 4152 877 4153 1907 4154 1908 4155 1866 3867 1866 3867 1908 4155 1862 4156 1866 3867 1862 4156 1860 4157 1909 4158 1820 3611 1896 4079 1896 4079 1820 3611 1910 4159 1896 4079 1910 4159 206 449 209 4160 210 4161 1911 4162 1911 4163 210 4164 1480 4165 1911 4166 1480 4167 1912 4168 1912 4168 1480 4167 1481 4169 1912 4170 1481 4171 1875 4172 1875 4173 1481 4174 1478 4175 1875 4176 1478 4177 1874 4178 1874 4178 1478 4177 1477 4179 1874 4180 1477 4181 1873 4182 345 4183 48 4184 1463 4185 1463 4185 48 4184 191 4186 48 4187 207 4188 1593 4189 1593 4190 207 4191 202 4192 1593 4190 202 4192 850 4193 1131 4194 967 4195 1132 4196 1132 1822 967 4197 1894 4198 176 4199 175 4200 137 4201 137 4202 175 4203 181 4204 137 4205 181 4206 122 4207 111 4208 1892 4209 1208 4210 1208 4210 1892 4209 1913 4211 1208 4210 1913 4211 1206 4212 1478 4213 1481 4214 195 4215 195 4215 1481 4214 208 4216 195 4215 208 4216 194 4217 182 4218 180 4219 970 4220 970 4221 180 4222 179 4223 142 4224 272 4225 1881 4226 1881 4227 272 537 176 536 1881 4228 176 4229 1590 4230 156 3994 1482 3992 210 4231 210 4232 1482 4233 192 4234 210 4232 192 4234 1480 4235 278 4236 236 4237 1914 4238 1914 4238 236 4237 238 4239 1914 4238 238 4239 403 4240 417 4241 389 4242 1119 4243 1119 4243 389 4242 308 4244 1119 1807 308 4245 1025 1808 379 4246 393 4247 1490 4248 1490 4249 393 4250 1885 4251 1490 4249 1885 4251 1489 4252 1915 4253 218 4254 1916 4255 1916 4255 218 4254 994 4256 1916 4255 994 4256 993 4257 1008 4258 279 4259 1215 4260 1215 4261 279 4262 278 4263 1215 4264 278 4265 222 4266 1012 4267 1917 4268 1918 4269 1918 4270 1917 4271 1919 4272 1918 4273 1919 4274 260 4275 1618 4276 1613 4277 1617 4278 1617 4279 1613 4280 1627 4281 774 4282 773 4283 1114 4284 1114 4284 773 4283 744 4285 1114 4284 744 4285 743 4286 1113 1798 1114 1800 1222 1971 1222 1971 1114 1800 743 4287 1222 1971 743 4287 1920 4288 1920 4288 743 4287 745 4289 1920 4288 745 4289 1921 4290 1913 4291 1922 4292 1206 4293 1206 4293 1922 4292 1620 4294 293 4295 1923 4296 232 4297 232 4297 1923 4296 1642 4298 232 4297 1642 4298 230 4299 196 4300 1924 4301 234 4302 234 4303 1924 4304 1925 4305 234 4306 1925 4307 235 4308 1610 4309 1926 4310 229 4311 229 4312 1926 4313 227 4314 1927 4315 1928 4316 1929 4317 1929 4317 1928 4316 1698 4318 1929 4317 1698 4318 1930 4319 1613 4320 1618 4321 316 4322 316 4322 1618 4321 1931 4323 405 4324 1932 4325 222 4326 222 4326 1932 4325 223 4327 1933 4328 1907 4154 1934 4329 1934 4329 1907 4154 1866 3867 1934 4329 1866 3867 1207 1940 1207 1940 1866 3867 112 307 1207 1940 112 307 197 4123 197 4123 112 307 149 4116 1617 4330 1627 4331 288 4332 288 4333 1627 4334 286 4335 1935 4336 224 472 1936 4337 1936 4337 224 472 226 474 248 4338 227 4339 1032 1666 1032 1666 227 4339 1926 4340 1032 1666 1926 4340 217 4341 217 4341 1926 4340 243 4342 217 4341 243 4342 1937 4343 1937 4343 243 4342 211 4344 1937 4343 211 4344 1034 1668 1034 1668 211 4344 248 4338 1034 1668 248 4338 1032 1666 242 4345 241 4346 1938 4347 1938 4347 241 4346 339 4348 1938 4347 339 4348 1939 4349 222 4350 278 4351 405 4352 405 4353 278 4354 1914 4355 405 4356 1914 4357 403 4358 1610 2907 229 4359 1611 2908 1611 2908 229 4359 228 4360 1611 2908 228 4360 213 2910 921 4361 1940 4362 1148 4363 1148 4364 1940 4365 1941 4366 1631 2968 1942 4367 1632 2969 1632 2969 1942 4367 1943 4368 1632 2969 1943 4368 1944 4369 212 4370 243 4371 1610 4372 1610 4373 243 4374 1926 4375 1231 2001 1028 4376 1237 2000 1237 2000 1028 4376 1027 4377 1237 2000 1027 4377 1609 2906 741 4378 1545 4379 623 4380 623 4380 1545 4379 338 4381 623 4380 338 4381 330 4382 1605 2895 1945 4383 194 2896 194 2896 1945 4383 1946 4384 194 2896 1946 4384 196 4300 196 4300 1946 4384 1947 4385 196 4300 1947 4385 1924 4301 1948 4386 1364 2211 1949 4387 1949 4387 1364 2211 1365 2213 1254 2035 1253 2034 1950 4388 1950 4388 1253 2034 1951 4389 1950 4388 1951 4389 1796 4390 268 1614 267 4391 995 1612 995 1612 267 4392 164 4393 995 1612 164 4393 163 1613 1137 3890 1952 4394 1871 3888 1871 3888 1952 4394 1257 4395 1871 3888 1257 4395 1953 4396 1953 4396 1257 4395 325 4397 1953 4398 325 4399 1954 4400 1954 4401 325 4402 327 4403 1954 4401 327 4403 1240 2010 1240 2010 327 4403 1241 4404 1240 2010 1241 4404 75 2011 993 4405 252 4406 1483 4407 1483 4407 252 4406 1955 4408 1483 4407 1955 4408 255 4409 255 4410 1955 4411 253 4412 253 4413 1955 4414 252 4415 253 4416 252 4417 175 4418 240 4419 323 4420 1612 4421 1612 4422 323 4423 286 4424 1956 4425 1006 1626 1957 4426 1957 4426 1006 1626 1005 1625 1957 4426 1005 1625 1212 1950 1212 1950 1005 1625 1007 1627 1212 1950 1007 1627 1211 1948 1211 1948 1007 1627 1213 1951 1211 1948 1213 1951 1196 4427 1196 4427 1213 1951 1197 1931 1328 2161 1958 4428 1791 3460 1791 3460 1958 4428 1935 4336 1791 3460 1935 4336 775 3459 775 3459 1935 4336 1936 4337 775 3459 1936 4337 773 4429 773 4429 1936 4337 225 4430 773 4431 225 4432 744 4433 164 4434 1606 4435 162 4436 162 4436 1606 4435 257 4437 163 4438 256 4439 268 4440 268 4441 256 4442 266 4443 412 4444 1001 4445 4 539 4 4446 1001 4447 922 4448 4 539 922 4449 2 539 288 2919 287 4450 1616 2920 1616 2920 287 4450 1931 4451 1616 2920 1931 4451 1618 2922 316 4452 1931 4453 289 4454 289 4454 1931 4453 287 4455 267 4456 302 4457 164 4458 164 4459 302 4460 1606 4461 968 1558 313 3666 966 1556 966 1556 313 3666 312 4462 966 1556 312 4462 1626 2937 1626 2937 312 4462 1232 4463 1626 2937 1232 4464 1625 2936 1008 1999 1236 1998 282 4465 282 4466 1236 4467 1959 4468 282 4466 1959 4468 1196 4469 1830 3898 1827 4470 1875 3896 1875 3896 1827 4470 1183 4471 1875 3896 1183 4471 1912 4472 1912 4473 1183 4474 1182 4475 1912 4476 1182 4477 1911 539 1911 539 1182 4478 1853 539 1911 539 1853 539 209 539 209 539 1853 539 1621 539 209 539 1621 539 1479 539 1479 4479 1621 4479 1640 4480 1479 539 1640 4481 411 4482 411 4483 1640 4484 1499 4485 411 4486 1499 4487 412 4488 994 2943 218 4489 971 2944 971 4490 218 4491 217 4492 281 1623 1002 1622 277 1961 277 1961 1002 1622 1237 2000 277 1961 1237 2000 236 1959 236 1959 1237 2000 1607 2904 236 1959 1607 2904 984 4493 984 4493 1607 2904 1608 2905 984 4493 1608 2905 237 4494 393 4495 254 4496 1885 4497 1885 4498 254 4499 273 4500 1885 4498 273 4500 1873 3892 1873 3892 273 4500 1865 4501 1873 3892 1865 4501 1864 3893 1960 4502 1594 2850 1961 4503 1961 4503 1594 2850 1586 2831 1961 4503 1586 2831 201 4504 201 4504 1586 2831 1578 2832 201 4505 1578 2801 134 4506 134 4506 1578 2801 136 4065 389 4507 391 4508 308 4509 308 4510 391 4511 306 4512 280 1624 1209 4513 1002 1622 1002 4514 1209 1943 294 1942 1002 1622 294 4515 1231 2001 1231 4516 294 2524 1488 2522 1231 4516 1488 2522 231 4517 231 479 1488 2522 232 480 981 1588 980 1587 1937 4518 1937 4519 980 1587 302 2897 1937 4520 302 4521 217 4522 217 4522 302 4521 266 4523 217 4524 266 2003 971 1568 971 1568 266 2003 258 2002 971 1568 258 2002 178 1569 178 1569 258 2002 30 3860 178 1569 30 3860 85 4525 1942 4367 1959 4526 1943 4368 1943 4368 1959 4526 1236 4527 1943 4368 1236 4527 245 4528 245 4528 1236 4527 1215 4529 245 4528 1215 4529 221 4530 1917 4531 1012 4532 1962 4533 1962 4534 1012 4535 1014 4536 1962 4537 1014 4538 1963 4539 1963 4540 1014 4541 1964 4542 1963 4543 1964 4544 1571 4545 1571 4546 1964 4547 1965 4548 1571 4546 1965 4548 1570 4549 1570 4550 1965 4551 1190 4552 1570 4553 1190 4554 1886 4555 1886 4555 1190 4554 1966 4556 406 3776 261 3778 407 4557 407 4558 261 4559 284 4560 1232 4561 1218 1967 1260 4562 1260 4562 1218 1967 1217 1966 1260 4562 1217 1966 1259 4563 9 539 416 4564 1967 4565 1967 4565 416 4564 409 4566 1967 4567 409 4568 271 4569 410 4570 412 4571 415 4572 415 4572 412 4571 4 4573 415 4574 4 4575 3 4576 261 4577 260 4578 284 4579 284 4580 260 4581 1919 4582 284 4580 1919 4582 285 4583 285 4584 1919 4585 1917 4586 285 4584 1917 4586 291 4587 291 4588 1917 4589 1962 4590 291 4591 1962 4592 298 4593 298 4594 1962 4595 1963 4596 298 4597 1963 4598 303 4599 303 4600 1963 4601 1571 4602 1717 3230 1948 4386 1968 4603 1968 4603 1948 4386 1949 4387 1969 0 1970 0 1971 0 1971 4604 1970 4604 1972 4604 1971 4605 1972 4605 1973 4605 1973 0 1972 0 1974 0 1973 4606 1974 4606 996 4606 996 0 1974 0 1975 4607 996 0 1975 4607 361 1615 361 1615 1975 4607 366 4608 361 1615 366 4608 341 624 341 624 366 4608 1976 4609 341 624 1976 4609 339 622 848 3837 1177 1903 1255 4610 1255 4610 1177 1903 1178 1905 1255 4610 1178 1905 1844 4611 1844 4612 1178 1905 115 1904 1216 1965 1229 1981 1217 1966 1217 1966 1229 1981 1228 1980 1217 1966 1228 1980 1259 4613 350 2016 1243 2015 1495 2553 1495 2553 1243 2015 1977 4614 1495 2553 1977 4614 1978 4615 998 4616 1976 4617 368 4618 368 4619 1976 4620 366 4621 595 2953 1525 4622 1628 2954 1628 2954 1525 4622 1492 4623 1628 2954 1492 4623 1493 2956 1979 4624 1980 4625 1981 4626 1981 4626 1980 4625 1982 4627 310 4628 1602 4629 1015 4630 1015 4630 1602 4629 1603 4631 1015 4630 1603 4631 58 4632 58 4633 1603 4634 56 4635 5 4636 1200 4637 1167 4638 1167 1885 1200 4639 1201 1932 1167 1885 1201 1932 1181 1909 1181 1909 1201 1932 1878 3930 1181 1909 1878 3930 1856 3836 1856 3836 1878 3930 1214 1952 1856 3836 1214 1952 1983 4640 1983 4640 1214 1952 1007 1627 1983 4640 1007 1627 1984 4641 1984 4641 1007 1627 1006 1626 1984 4641 1006 1626 1985 4642 1985 4642 1006 1626 1956 4425 1985 4642 1956 4425 1986 4643 1986 4643 1956 4425 1987 4644 354 4645 356 4646 319 4647 319 4648 356 4649 317 4650 1014 4651 1013 4652 1964 4653 1964 4654 1013 4655 1988 4656 1964 4657 1988 4658 1965 4659 1965 4659 1988 4658 1191 2808 1965 4659 1191 2808 1190 4660 1939 4349 339 4348 1772 4661 1772 4661 339 4348 1976 4662 1772 4661 1976 4662 998 4663 843 4664 1794 4665 1180 1907 1180 1907 1794 4665 1905 4144 1180 1907 1905 4144 91 1908 91 1908 1905 4144 1904 4143 91 1908 1904 4143 1840 3715 1840 3715 1904 4143 307 4666 1989 4667 1990 4668 365 1652 365 1652 1990 4668 1710 3198 365 1652 1710 3198 1023 1653 1023 1653 1710 3198 573 3197 1023 2962 573 4669 572 2963 1526 4670 1636 2974 1491 4671 1491 4671 1636 2974 1033 1667 1491 4671 1033 1667 300 4672 1991 4673 1332 2166 1992 4674 1992 4674 1332 2166 1032 2168 1992 4674 1032 2168 219 4675 373 4676 375 2047 332 4677 332 4677 375 2047 1261 2046 1993 4678 1978 4615 1994 4679 1994 4679 1978 4615 1977 4614 1619 4680 1995 4681 1996 4682 1996 4682 1995 4681 1997 4683 1996 4682 1997 4683 1998 4684 1998 4684 1997 4683 1999 4685 1998 4684 1999 4685 2000 4686 2000 4686 1999 4685 987 4687 2000 4688 987 4689 1933 4690 1933 4690 987 4689 986 4691 1933 4328 986 4692 1907 4154 1907 4154 986 4693 1011 4694 1907 4154 1011 4694 1908 4155 384 4695 407 4696 283 4697 283 4698 407 4558 284 4560 391 2581 402 2579 306 4699 306 4699 402 2579 401 4700 306 4699 401 4700 1836 4701 317 2006 356 4702 1239 2007 1239 4703 356 4704 355 4705 1239 4706 355 4707 1032 1666 1032 1666 355 4707 1497 4708 1032 1666 1497 4708 1033 1667 1968 4603 1186 1915 1717 3230 1717 3230 1186 1915 1188 1917 1717 3230 1188 1917 1718 3231 1718 3231 1188 1917 1600 2869 1718 3231 1600 2869 1720 3233 1720 3233 1600 2869 1599 2868 1720 3233 1599 2868 1721 3234 1487 4709 2001 4710 1484 4711 1484 4711 2001 4710 2002 4712 1484 4711 2002 4712 264 4713 264 4714 2002 539 2003 539 264 4715 2003 4716 1604 4716 348 740 416 742 1574 4717 1574 4717 416 742 9 4718 1574 4717 9 4718 8 4719 104 4720 296 4721 74 4722 74 4723 296 4724 1244 2018 74 4723 1244 2018 1240 2010 1240 2010 1244 2018 1424 4725 1240 2010 1424 4725 1954 4401 332 4726 344 4727 373 4728 373 4729 344 4730 1639 4731 1772 3411 849 3496 1939 4732 1939 4732 849 3496 1256 4733 1939 4732 1256 4733 1938 4734 1938 4734 1256 4733 816 4735 1938 4734 816 4735 818 4736 326 4737 325 4738 2004 4739 2004 4739 325 4738 1258 4740 964 4741 982 4742 1494 4743 1494 4744 982 4745 2005 4746 1494 4744 2005 4746 345 4183 345 4183 2005 4746 49 4747 345 4183 49 4747 48 4184 1630 4748 2006 4749 336 4750 336 4750 2006 4749 1637 4751 336 4750 1637 4751 364 4752 364 4753 1637 4754 388 4755 2007 4756 2008 4757 1265 2052 1265 2052 2008 4757 2009 4758 1265 2052 2009 4758 1263 2050 79 4759 1648 4760 78 4761 78 4761 1648 4760 357 4762 78 4761 357 4762 24 4763 1260 4562 1193 4764 1232 4561 1232 4765 1193 4766 1250 4767 1232 4768 1250 4769 1625 2936 1464 4770 395 4771 95 4772 95 4772 395 4771 347 4773 95 4772 347 4773 96 4774 96 4774 347 4773 346 2889 96 4774 346 2889 45 4775 45 4775 346 2889 46 2887 319 4776 318 1656 354 4777 354 4777 318 1656 370 1655 354 4777 370 1655 1496 4778 331 4779 333 4780 378 4781 378 4781 333 4780 376 4782 373 4783 1639 4784 374 4785 374 4786 1639 4787 377 4788 520 4789 522 4790 2010 4791 2010 4791 522 4790 1247 4792 2010 4791 1247 4792 1249 4793 160 4140 1026 4794 1903 4141 1903 4795 1026 4796 1025 4797 1903 4141 1025 4798 1904 4143 1904 4143 1025 4798 308 4799 1904 4143 308 4799 307 4800 1170 2934 1625 2936 1899 4801 1899 4801 1625 2936 1250 4769 1899 4801 1250 4769 1898 4802 1898 4803 1250 4804 1251 4805 1898 4806 1251 4807 1868 4808 9 4809 1967 4810 951 1845 951 1845 1967 4810 2011 4811 951 1845 2011 4811 1804 3526 2012 172 2013 172 2014 172 2014 172 2013 172 2015 172 2014 172 2015 172 2016 172 2016 172 2015 172 2017 172 2016 4812 2017 4812 1017 4812 1017 172 2017 172 2018 172 1017 172 2018 172 1018 172 1018 4813 2018 4813 962 4813 1018 172 962 172 188 4814 188 1589 962 4815 961 4816 188 1589 961 4816 982 1590 412 4817 1499 4818 1001 4819 1001 1621 1499 4820 1498 4821 1001 1621 1498 4821 999 1619 172 4822 886 4823 1897 4081 1897 4081 886 4823 1580 2809 1897 4081 1580 2809 1252 2033 1252 2033 1580 2809 2019 4824 1252 2033 2019 4824 1253 2034 1253 2034 2019 4824 2020 4825 1253 2034 2020 4825 1951 4389 1951 4826 2020 4827 1795 3488 1951 4826 1795 3488 1796 4828 2000 4829 1933 4830 1998 4831 1998 4832 1933 4328 1934 4329 1998 4832 1934 4329 1996 4833 1996 4834 1934 4329 1207 1940 1996 4834 1207 1940 1619 4835 1977 4614 1721 3234 1994 4679 1994 4679 1721 3234 1599 2868 1994 4679 1599 2868 1993 4678 1993 4678 1599 2868 1601 2870 2021 4836 2022 4837 2023 4838 2023 4838 2022 4837 2024 4839 376 4840 1614 2917 374 4841 374 4841 1614 2917 1594 2850 374 4841 1594 2850 1261 2046 1261 2046 1594 2850 1960 4502 191 2452 982 4842 395 2450 395 2450 982 4842 964 4843 395 2450 964 4843 1022 0 1022 4844 964 1551 965 1552 1022 4845 965 4846 1020 4847 1020 0 965 0 2025 0 1020 0 2025 0 2026 0 2026 4848 2025 4848 2027 4848 2026 0 2027 0 2028 0 2029 4849 2030 4850 2031 4851 2031 4851 2030 4850 1329 2162 384 4852 321 4853 2032 4854 2032 4854 321 4853 399 4855 2032 4854 399 4855 1205 4856 323 1649 362 1648 324 4857 324 4857 362 1648 341 4858 324 4857 341 4858 315 4859 315 4859 341 4858 340 4860 315 4859 340 4860 334 4861 334 4862 340 4863 1613 4864 334 4865 1613 4866 316 4867 2033 4868 2034 4869 1635 4870 1635 4870 2034 4869 2035 4871 1635 4872 2035 4871 1033 4873 1033 4873 2035 4871 2036 4874 1033 4875 2036 4874 1034 4876 1034 4876 2036 4874 2037 4877 1034 4876 2037 4877 1937 4878 1937 4879 2037 4880 981 4881 219 4675 218 4882 2038 4883 2038 4883 218 4254 1915 4253 2038 4883 1915 4253 2039 4884 403 4885 1230 4886 2040 4887 2040 4887 1230 4886 2041 4888 2040 4887 2041 4888 2042 4889 1028 4890 231 4891 1029 4892 1029 4892 231 4891 230 4893 1029 4892 230 4893 2043 4894 2043 4894 230 2997 388 2995 2043 4894 388 2995 568 4895 1255 4896 1844 4897 343 4898 343 4899 1844 4900 1602 4901 343 4899 1602 4901 309 4902 309 4903 1602 4629 310 4628 459 1687 1049 1689 460 4904 460 4904 1049 1689 508 4905 460 4906 508 4907 507 4908 1043 4909 458 4910 432 4911 432 4912 458 4913 433 4914 219 4675 2038 4883 1992 4674 1992 4674 2038 4883 2039 4884 1992 4674 2039 4884 1991 4673 2029 4849 2044 4915 2030 4850 2030 4850 2044 4915 2045 4916 2030 4850 2045 4916 2046 4917 396 1899 389 4242 1174 1897 1174 1897 389 4242 417 4241 1174 1897 417 4241 408 2048 1027 2163 1331 2165 1609 2906 1609 2906 1331 2165 1335 2171 1609 2906 1335 2171 1608 2905 1608 2905 1335 2171 989 1602 1608 2905 989 1602 237 4494 237 4494 989 1602 991 1604 237 485 991 1604 238 486 238 486 991 1604 990 1603 238 1983 990 4918 1230 1984 382 4919 223 4327 383 4920 383 4920 223 4327 1932 4325 400 4921 402 4922 1648 4923 1648 4923 402 4922 357 4924 2047 4925 1289 2088 2048 4926 2048 4926 1289 2088 1288 2087 2048 4926 1288 2087 2049 4927 2049 4927 1288 2087 305 4928 2049 4927 305 4928 304 4929 983 3938 960 1583 959 1544 959 1544 960 1583 978 1585 959 1544 978 1585 957 0 957 0 978 4930 2050 0 957 0 2050 0 2051 0 2051 0 2050 0 2052 0 2051 4931 2052 4931 1969 4931 1969 4932 2052 4932 2053 4932 1969 0 2053 0 1970 0 293 4933 1594 2850 1923 4296 1923 4296 1594 2850 1225 1974 1923 4296 1225 1974 1642 4298 1642 4298 1225 1974 1224 1973 1642 4298 1224 1973 369 4934 369 4934 1224 1973 1226 1975 369 4935 1226 1975 363 2054 379 4936 1490 4937 371 4938 371 4938 1490 4937 413 4939 371 4938 413 4939 235 4940 456 4941 457 4942 2054 4943 2054 4944 457 4945 2055 4946 624 4947 2056 4948 1487 4709 1487 4709 2056 4948 2057 4949 1487 4709 2057 4949 2001 4710 481 4950 1652 4951 2055 4952 2055 4952 1652 4951 2054 4953 2054 4954 1652 4955 456 4956 456 4956 1652 4955 1651 4957 1303 4958 1036 4959 2058 4960 2058 4960 1036 4959 1733 4961 2058 4960 1733 4961 1715 4962 452 4963 2059 4964 457 4965 457 4965 2059 4964 2060 4966 457 4965 2060 4966 2055 4967 1738 4968 541 4969 1315 4970 1315 4970 541 4969 540 4971 530 4972 2061 4973 474 4974 474 4975 2061 4976 472 4977 554 952 493 954 2062 4978 2062 4979 493 4980 440 4981 2062 4979 440 4981 488 4982 2063 4983 1519 4984 893 4985 893 4986 1519 4987 1520 4988 893 4986 1520 4988 894 4989 507 4990 433 4991 460 4992 460 4992 433 4991 458 4993 2064 4994 1679 3129 519 4995 519 4995 1679 3129 518 3131 481 837 2055 4967 421 835 421 835 2055 4967 2060 4966 421 835 2060 4966 422 4996 422 4996 2060 4966 2065 4997 422 4998 2065 4999 468 5000 1506 5001 1280 5002 425 5003 425 5003 1280 5002 1282 5004 475 5005 1644 5006 1649 5007 1649 5008 1644 5009 1643 5010 511 5011 1447 5012 519 5013 519 5014 1447 5015 2066 5016 475 5017 477 5018 1644 5019 1644 5020 477 5021 1645 5022 448 5023 1647 5024 468 5025 468 5026 1647 5027 467 5028 477 5029 439 5030 1645 5031 1645 5031 439 5030 441 5032 1040 5033 1042 5034 1659 5035 1659 5035 1042 5034 1162 5036 1659 5035 1162 5036 1568 5037 1037 5038 2067 5039 642 5040 642 5041 2067 5042 915 5043 642 1065 915 5044 641 1063 433 2069 507 880 1275 2070 1275 2070 507 880 509 882 1275 2070 509 882 438 5045 438 5045 509 882 1294 5046 1293 5047 1274 2067 443 5048 443 5048 1274 2067 1273 2066 443 5048 1273 2066 444 5049 531 5050 1540 5051 530 5052 530 5053 1540 5054 2061 5055 1294 5056 2068 5057 438 5058 438 5059 2068 5060 634 5061 438 5062 634 2111 434 5063 434 5063 634 2111 1301 2113 1257 2039 1428 2308 1258 2040 1258 2040 1428 2308 1429 2309 1258 2040 1429 2309 2004 5064 2004 5064 1429 2309 2069 5065 1227 1979 2070 5066 1228 5067 1228 5068 2070 5066 2071 5069 1228 5068 2071 5069 1259 5070 1259 3910 2071 5069 2072 5071 1052 1693 1054 1695 1653 5072 1653 5072 1054 1695 425 5073 1653 5074 425 5075 640 5076 2073 5077 2074 5078 2075 5079 2075 5079 2074 5078 1566 5080 2076 5081 479 2109 480 2108 480 5082 479 5083 478 5084 527 910 490 912 424 917 424 5085 490 5086 483 5087 424 5085 483 5087 419 5088 1695 3165 1269 2061 1693 3163 1693 3163 1269 2061 432 2063 1693 3163 432 2063 1691 3161 648 1765 2077 5089 1271 2064 1271 2064 2077 5089 910 5090 1271 2064 910 5090 1272 2065 1272 2065 910 5090 909 1473 467 5091 1647 5092 428 5093 428 5093 1647 5092 1646 5094 1738 5095 1315 5096 1056 5097 1056 5098 1315 5099 1057 5100 476 5101 1650 5102 477 5029 477 5029 1650 5102 2059 5103 477 5029 2059 5103 439 5030 439 5030 2059 5103 452 5104 439 5105 452 5106 451 5107 1063 1706 2073 5108 1508 5109 1508 5109 2073 5108 2075 5110 1508 5109 2075 5110 1566 5111 326 5112 2004 5064 2078 5113 2078 5113 2004 5064 2069 5065 2078 5113 2069 5065 2079 5114 2079 5114 2069 5065 934 5115 635 5116 634 5117 2080 5118 2080 5119 634 5120 2068 5121 2080 5119 2068 5121 515 5122 515 5122 2068 5121 1666 5123 503 874 449 876 2081 5124 2081 5125 449 5126 419 5127 2081 5125 419 5127 483 5128 2082 5129 2083 5130 1677 5131 1677 5131 2083 5130 2084 5132 1677 5131 2084 5132 1676 5133 483 839 485 841 2081 5134 2081 5135 485 5136 1660 5137 2081 5135 1660 5137 503 5138 1110 5139 2085 5140 526 5141 526 5141 2085 5140 2086 5142 526 5143 2086 5144 464 5145 464 5145 2086 5144 535 5146 464 5147 535 2605 465 2604 371 5148 372 5149 380 5150 380 5151 372 5152 1058 5153 380 5154 1058 5155 2087 5156 556 5157 492 5158 557 5159 557 5160 492 5161 442 5162 557 5163 442 5164 462 5165 929 1507 504 5166 2088 5167 2088 5168 504 877 506 879 466 5169 2089 5170 455 5171 455 5171 2089 5170 2090 5172 455 5173 2090 5172 453 5174 542 3113 557 5175 1668 3111 1668 3111 557 5175 462 5176 1668 3111 462 5176 1290 2090 1290 2090 462 5176 461 5177 1290 2090 461 5177 482 2091 2091 5178 517 5179 2092 5180 2092 5181 517 5182 516 5183 2092 5181 516 5183 2093 5184 1664 5185 1656 5186 1687 5187 1687 5187 1656 5186 469 5188 2094 5189 525 5190 2095 5191 2095 5191 525 5190 524 5192 1654 5193 512 5194 1655 5195 1655 5195 512 5194 1681 5196 545 5197 553 5198 543 5199 543 5200 553 5201 552 5202 550 5203 1681 5204 514 5205 514 5205 1681 5204 512 5206 2096 5207 2097 5208 454 5209 454 5210 2097 5211 532 5212 488 5213 1050 5214 2062 5215 2062 5216 1050 5217 1295 5218 2062 5216 1295 5218 554 5219 554 5220 1295 5221 1528 5222 554 5223 1528 2646 555 2645 548 5224 2093 5225 1666 5226 1666 5227 2093 5228 516 5229 1269 2061 2098 5230 1270 2062 1270 2062 2098 5230 2099 5231 1270 2062 2099 5231 2100 5232 1294 5233 1050 5233 2068 5233 2068 539 1050 539 1051 539 2068 5234 1051 5234 1666 5235 1666 5236 1051 539 1660 5237 1666 5236 1660 5237 548 5238 548 5238 1660 5237 485 5239 548 5240 485 872 502 871 494 5241 1302 5242 528 5243 528 5244 1302 5245 622 5246 528 5247 622 5248 471 5249 432 2063 1270 2062 1043 5250 1043 5250 1270 2062 2100 5232 1043 5251 2100 5252 1515 5253 2101 539 520 539 1320 539 1320 5254 520 5254 2010 5254 1320 5255 2010 5255 1521 5255 1521 539 2010 539 1249 539 2102 5256 453 5257 2103 5258 2103 5258 453 5174 2090 5172 1779 3428 581 3427 2104 5259 2104 5259 581 3427 435 5260 2104 5259 435 5260 489 5261 436 5262 1248 5263 437 5264 437 5265 1248 5266 1247 5267 437 5265 1247 5267 435 5260 435 5260 1247 5267 522 5268 435 5260 522 5268 489 5261 489 5261 522 5268 521 5269 489 5270 521 5271 484 5272 643 5273 2105 5274 2106 5275 2106 5275 2105 5274 2107 5276 2106 5275 2107 5276 2108 5277 1294 539 509 539 1295 539 1295 5278 509 5278 1049 5278 1295 539 1049 539 1528 5279 1528 5280 1049 5281 1048 5281 1528 5282 1048 5283 1514 5284 883 5285 885 5286 2109 5287 2109 5288 885 5289 1503 5290 2109 5291 1503 5292 1502 5293 502 5294 484 5295 546 5296 546 5296 484 5295 521 5297 546 5296 521 5297 1319 5298 1063 1706 1508 5109 560 960 560 960 1508 5109 2110 5299 560 960 2110 5299 558 958 1047 1686 1799 5300 1045 1684 1045 1684 1799 5300 899 5301 1045 1684 899 5301 1052 3050 1052 3050 899 5301 1729 5302 581 5303 532 5212 435 5304 435 5304 532 5212 2097 5211 435 5304 2097 5211 436 5305 436 5306 2097 5208 2096 5207 469 5307 471 5308 1687 5309 1687 5310 471 5311 1688 5312 914 5313 2111 5314 641 5315 641 5316 2111 5317 643 5318 641 5316 643 5318 570 5319 531 5320 474 5321 600 5322 600 5323 474 5324 473 5325 425 5326 1054 5327 1506 5328 1506 5328 1054 5327 1053 5329 1506 5328 1053 5329 1505 5330 1324 2264 2112 5331 2113 5332 2113 5332 2112 5331 2065 5333 2113 5332 2065 5333 2082 5129 2082 5129 2065 5333 2060 5334 2082 5129 2060 5334 2083 5130 2083 5130 2060 5334 2059 5335 2083 5130 2059 5335 2084 5132 2114 5336 2115 5337 692 1139 692 1139 2115 5337 2116 5338 692 1139 2116 5338 590 5339 1299 2110 496 5340 480 2108 480 2108 496 5340 495 3148 480 2108 495 3148 2076 5081 2076 5081 495 3148 1684 3150 2076 5081 1684 3150 479 2109 479 2109 1684 3150 2117 5341 479 2109 2117 5341 1299 2110 1299 2110 2117 5341 637 5342 1299 2110 637 5342 496 5340 496 5340 637 5342 2118 5343 496 5340 2118 5343 497 3149 1305 5344 1297 5345 523 5346 523 5346 1297 5345 1296 5347 523 5348 1296 5349 524 5350 1333 5351 1304 5352 2119 5353 2119 5354 1304 5355 523 5356 2119 5354 523 5356 2120 5357 2120 5357 523 5356 525 5358 2120 5359 525 5360 2094 5361 1659 5362 565 5363 1040 5364 1040 5364 565 5363 1292 5365 1095 1755 593 5366 534 923 534 923 593 5366 592 2609 534 923 592 2609 535 2608 425 5367 1282 5368 486 5369 486 5370 1282 5371 663 5372 545 5373 482 5374 553 948 553 948 482 5374 2121 5375 553 948 2121 5375 551 946 432 2063 2122 5376 1691 3161 1691 3161 2122 5376 2123 5377 1691 3161 2123 5377 1692 3162 2124 5378 1300 2112 636 5379 636 5379 1300 2112 634 2111 535 924 2086 5142 533 922 533 922 2086 5142 2085 5140 533 922 2085 5140 1742 5380 1742 5380 2085 5140 1110 5381 1324 2156 550 1707 2112 5382 2112 5382 550 1707 514 3032 2112 5382 514 3032 2065 4999 2065 4999 514 3032 420 3034 2065 4999 420 3034 468 5000 468 5000 420 3034 448 5383 2125 5384 1511 3075 2126 5385 2126 5385 1511 3075 1659 3073 1220 1969 1346 2187 1221 1970 1221 1970 1346 2187 1348 2189 1221 1970 1348 2189 1287 2086 1287 2086 1348 2189 1338 2176 1287 2086 1338 2176 1288 2087 1288 2087 1338 2176 290 2177 1288 2087 290 2177 305 4928 305 5386 290 5387 298 5388 305 5386 298 5388 303 5389 2059 5335 1650 3071 2084 5132 2084 5132 1650 3071 1657 3069 2084 5132 1657 3069 1676 5133 1676 5133 1657 3069 1060 3068 1676 5133 1060 3068 1059 5390 1145 5391 2127 5392 1143 5393 1143 5394 2127 5395 2128 5396 1143 5394 2128 5396 2129 5397 2130 5398 1283 2081 2131 5399 2131 5399 1283 2081 1155 1863 2131 5399 1155 1863 1303 5400 1303 5400 1155 1863 857 1865 1303 5400 857 1865 1037 5401 1039 1676 1038 1675 1650 3030 1650 3030 1038 1675 1665 5402 1650 3030 1665 5402 1658 5403 1658 5403 1665 5402 1688 5404 1658 5403 1688 5404 2132 5405 2132 5405 1688 5404 471 5249 2132 5405 471 5249 2133 5406 2089 5407 466 5408 1311 5409 1311 2133 466 5410 2134 5411 1311 2133 2134 5411 1312 2134 1312 2134 2134 5411 466 5412 559 5413 901 5414 560 5415 560 5415 901 5414 1073 5416 560 5415 1073 5416 1062 0 1747 5417 1067 5418 1746 5419 1746 5420 1067 5421 1069 5422 610 5423 1703 5423 609 5423 609 5424 1703 5424 587 5424 2135 5425 2033 4868 566 5426 566 5426 2033 4868 1635 5427 274 539 276 539 2136 539 2136 5428 276 5428 2137 5428 2136 539 2137 539 2138 539 2138 5429 2137 5429 2139 5429 2138 539 2139 539 2140 539 2140 5430 2139 5430 2141 5430 2140 539 2141 539 2142 539 2142 5431 2141 5431 2143 5431 2142 539 2143 539 2144 539 2144 5432 2143 5432 2145 5432 2144 539 2145 539 2146 539 2146 5433 2145 5433 2147 5433 2146 539 2147 539 2148 539 2148 5434 2147 5434 2149 5434 2148 539 2149 539 2150 539 2150 539 2149 539 1431 539 2150 5435 1431 5435 1430 5435 301 5436 596 5437 299 5438 299 5439 596 5440 1493 5441 299 5442 1493 5443 300 5444 333 5445 332 4677 910 1758 910 1758 332 4677 1261 2046 910 1758 1261 2046 1096 1756 1096 1756 1261 2046 583 5446 326 5447 2078 5448 2151 5449 2151 5450 2078 5113 2079 5114 2151 5450 2079 5114 2152 5451 617 1740 575 5452 1086 1741 1086 1741 575 5452 574 5453 1086 1741 574 5453 1068 5454 1862 5455 1908 5456 2153 5457 2153 5457 1908 5456 1011 5458 2153 5457 1011 5458 2154 5459 2154 5459 1011 5458 1010 1958 2154 5459 1010 1958 2155 5460 2155 5460 1010 1958 985 1957 2155 5460 985 1957 1979 5461 1979 5461 985 1957 987 5462 1979 5461 987 5462 1980 5463 1980 5463 987 5462 1999 4685 1980 5463 1999 4685 1982 5464 1982 5464 1999 4685 1997 4683 1982 5464 1997 4683 2156 5465 2156 5465 1997 4683 1995 4681 1293 5466 1101 1769 2157 5467 2157 5467 1101 1769 1100 1768 2157 5467 1100 1768 2158 5468 2158 5468 1100 1768 1102 1770 2158 5468 1102 1770 2159 5469 629 5470 2160 5471 631 5472 631 5472 2160 5471 1302 5473 2161 5474 2162 5475 2163 5476 2163 5476 2162 5475 676 5477 2163 5476 676 5477 2164 5478 1323 5479 1527 5480 627 5481 627 5482 1527 5483 1534 5484 627 5485 1534 5486 625 5487 2165 5488 2166 5489 564 5490 564 5491 2166 5492 562 5493 1027 5494 1029 4892 2167 5495 2167 5495 1029 4892 2043 4894 2167 5495 2043 4894 2106 5275 2106 5275 2043 4894 568 4895 2106 5275 568 4895 643 5273 494 949 555 951 631 5496 631 5497 555 5498 770 5499 631 5500 770 5501 632 5502 1317 2144 575 2143 1695 3165 1695 3165 575 2143 618 5503 1695 3165 618 5503 1269 2061 1269 2061 618 5503 620 1759 1269 2061 620 1759 2098 5230 1523 5504 1522 5505 1527 5506 1527 5507 1522 5508 1534 5509 547 3321 1744 3319 2168 5510 2168 5510 1744 3319 548 5511 2168 5512 548 5513 547 5514 574 5515 680 5516 1068 5517 1068 1717 680 5518 689 5519 1068 1717 689 5519 1069 1718 2169 5520 2170 5521 2024 5522 2024 5523 2170 5521 2171 5524 1526 5525 1525 5526 608 5527 608 5527 1525 5526 595 5528 2007 4756 1265 2052 2172 5529 2172 5529 1265 2052 1264 2051 2172 5529 1264 2051 2173 5530 2132 5531 1399 2261 2174 5532 2174 5532 1399 2261 1401 2263 2174 5532 1401 2263 1061 5533 2066 5534 1705 5535 382 5536 382 5537 1705 5538 223 5539 548 5540 1744 5541 2093 5542 2093 5542 1744 5541 2175 5543 2093 5542 2175 5543 2092 5544 2092 5545 2175 5543 2176 5546 2092 5545 2176 5546 2091 5547 310 2139 1828 5548 602 1085 602 1085 1828 5548 601 2022 602 5549 601 5550 603 5551 569 1715 1637 5552 1066 1713 1066 5553 1637 4751 2006 4749 1066 5554 2006 5555 1732 5556 1732 5557 2006 4749 1630 4748 521 5558 520 5559 1319 2150 1319 2150 520 5559 2101 5560 1319 2150 2101 5560 1320 2151 627 5561 1355 5562 1323 2154 1323 2154 1355 5562 1354 5563 1323 2154 1354 5563 1321 2152 245 4528 2177 5564 1943 4368 1943 4368 2177 5564 1316 2140 1943 4368 1316 2140 1944 4369 1944 4369 1316 2140 1683 3146 1944 4369 1683 3146 1632 2969 1632 2969 1683 3146 1682 3144 1632 2969 1682 3144 1634 2971 1634 2971 1682 3144 1310 5565 1634 2971 1310 5565 297 567 297 567 1310 5565 539 5566 765 5567 1739 5568 2178 5569 2178 5569 1739 5568 638 5570 591 5571 590 5339 1389 2243 1389 2243 590 5339 2116 5338 1389 2243 2116 5338 1390 2244 2023 5572 2024 5573 2179 5574 2179 5574 2024 5575 2171 5524 2179 5574 2171 5524 2180 5576 519 5577 2066 5578 2064 5579 2064 5580 2066 5581 382 5582 2064 5583 382 5584 381 5585 626 5586 693 5587 633 5588 633 5589 693 5590 696 5591 1497 4708 360 5592 1033 1667 1033 1667 360 5592 359 2008 1033 1667 359 2008 300 4672 300 4672 359 2008 1239 2007 300 5593 1239 5594 301 5595 301 5595 1239 5594 658 5596 1297 2106 2181 5597 1298 2107 1298 2107 2181 5597 2182 5598 1298 2107 2182 5598 1669 3117 1669 3117 2182 5598 615 5599 1669 3116 615 5600 538 3114 1689 5601 1097 1762 1318 5602 1318 5603 1097 1762 691 1764 1318 5603 691 1764 690 5604 758 5605 563 5606 1714 5607 1714 5607 563 5606 2160 5608 1714 5609 2160 5610 629 5611 2183 5612 1072 2190 552 5613 552 5613 1072 2190 543 5614 605 5615 1080 1736 606 5616 606 5616 1080 1736 1082 1738 695 5617 566 5426 651 3072 651 3072 566 5426 565 5618 651 3072 565 5618 1659 3073 604 5619 606 5620 2184 5621 2184 5621 606 5620 1082 5622 1521 5623 1249 5624 1309 5625 1309 5626 1249 2026 1248 2025 1309 5626 1248 2025 1307 5627 1307 5627 1248 2025 1690 5628 1307 5627 1690 5628 2185 5629 2185 5629 1690 5628 1318 5630 2185 5629 1318 5630 626 5586 626 5586 1318 5630 693 5587 2094 5631 2186 5632 598 5633 598 999 2186 5634 2187 5635 598 999 2187 5635 599 1000 1672 3121 1305 5636 1670 3119 1670 3119 1305 5636 1304 5637 1670 5638 1304 5639 2188 5640 2188 5641 1304 5642 1333 5643 2188 5644 1333 5645 2189 5646 2189 5647 1333 5648 1334 5649 2189 5647 1334 5649 597 5650 597 5651 1334 2170 1070 1719 2132 5531 2174 5532 1658 3070 1658 3070 2174 5532 1061 5533 1658 3070 1061 5533 1060 3068 572 5652 1715 4962 1629 2958 1629 2958 1715 4962 1733 4961 1629 2958 1733 4961 1630 2960 1630 2960 1733 4961 1732 5653 563 5654 562 5654 2160 5654 2160 5655 562 5655 2166 5655 1414 2289 1413 2288 1317 2144 1317 2144 1413 2288 679 5656 1317 2144 679 5656 576 2145 1995 4681 1619 5657 2034 4869 2034 4869 1619 5657 1620 5658 2034 4869 1620 5658 2035 4871 2035 4871 1620 5658 1922 5659 2035 4871 1922 5659 2036 4874 2036 4874 1922 5659 1913 5660 2036 4874 1913 5660 2037 4877 2037 4877 1913 5660 1892 5661 2037 4877 1892 5661 981 5662 981 5662 1892 5661 1891 5663 981 5662 1891 5663 1893 5664 1893 5664 1891 5663 110 5665 1893 5664 110 5665 1882 5666 1882 5666 110 5665 1859 5667 1882 5666 1859 5667 1883 3965 1883 3965 1859 5667 1861 5668 1883 3965 1861 5668 1884 3967 1884 3967 1861 5668 1862 5455 1884 3967 1862 5455 1589 5669 1589 5669 1862 5455 2153 5457 1589 5670 2153 5671 201 5672 201 5673 2153 5457 2154 5459 201 5674 2154 5459 1961 4503 1961 4503 2154 5459 2155 5460 1961 4503 2155 5460 1960 4502 1960 4502 2155 5460 1979 5675 1960 4502 1979 5676 1261 2046 1261 2046 1979 5676 1981 5677 1261 2046 1981 5677 583 5446 583 5446 1981 5677 1982 5678 583 5446 1982 5678 2135 5425 2135 5425 1982 5679 2156 5465 2135 5425 2156 5465 2033 4868 2033 4868 2156 5465 1995 4681 2033 4868 1995 4681 2034 4869 2170 5521 1000 5680 2171 5524 2171 5524 1000 5680 999 5681 2171 5524 999 5681 2180 5576 2180 5576 999 5681 1498 2560 2180 5576 1498 2560 2179 5574 2179 5574 1498 2560 1500 2562 2179 5574 1500 2562 2023 5572 2023 5572 1500 2562 1501 5682 2023 5683 1501 5684 2021 5685 2021 5686 1501 2993 1641 2991 2021 5686 1641 2991 1623 2929 1623 2929 1641 2991 1640 2990 1623 2929 1640 2990 1621 2927 695 5617 1279 5687 566 5426 566 5426 1279 5687 659 5688 566 5426 659 5688 2135 5425 2135 5425 659 5688 531 5689 2135 5425 531 5689 583 5446 2190 5690 2191 5691 2192 5692 2192 5692 2191 5691 1925 5693 2192 5692 1925 5693 2193 5694 2193 5694 1925 5693 1924 5695 2193 5694 1924 5696 2194 5697 2194 5697 1924 5696 1947 5698 2194 5697 1947 5698 2195 5699 2195 5699 1947 5698 1946 5700 2195 5699 1946 5700 2196 5701 2196 5701 1946 5700 1945 5702 2196 5701 1945 5702 2197 5703 2197 5703 1945 5702 1605 5704 2197 5703 1605 5704 2198 5705 2198 5705 1605 5704 1604 5706 2198 5705 1604 5706 2199 5707 2199 5707 1604 5706 2003 5708 2199 5707 2003 5708 2200 5709 2200 5709 2003 5708 2002 5710 2200 5709 2002 5711 2201 5712 2201 5712 2002 5711 2001 5713 2201 5712 2001 5713 2202 5714 2202 5714 2001 5713 2057 5715 2202 5714 2057 5715 2203 5716 2203 5716 2057 5715 2056 5717 2203 5716 2056 5717 2204 5718 2204 5718 2056 5717 1416 2291 552 5719 1071 2678 2183 5612 2183 5612 1071 2678 1539 2679 2183 5612 1539 2679 1072 2190 1072 2190 1539 2679 2205 5720 1072 2190 2205 5720 1349 2191 532 5721 2206 5722 466 5723 466 5724 2206 5725 1363 2208 466 5726 1363 5727 1312 5728 1312 5728 1363 5727 1313 5729 612 1032 672 5730 527 1033 527 910 672 5731 491 911 1537 5732 1071 5733 2207 5734 2207 5734 1071 5733 551 5735 2142 5736 2190 5690 2140 5737 2140 5737 2190 5690 2192 5692 2140 5737 2192 5692 2138 5738 2138 5738 2192 5692 2193 5694 2138 5738 2193 5694 2136 5739 2136 5739 2193 5694 2194 5697 2136 5739 2194 5697 274 5740 274 5740 2194 5697 2195 5699 274 5740 2195 5699 275 5741 275 5741 2195 5699 2196 5701 275 5741 2196 5701 276 5742 276 5742 2196 5701 2197 5703 276 5742 2197 5703 2137 5743 2137 5743 2197 5703 2198 5705 2137 5743 2198 5705 2139 5744 2139 5744 2198 5705 2199 5707 2139 5744 2199 5707 2141 5745 2141 5745 2199 5707 2200 5709 2141 5745 2200 5709 2143 5746 2143 5746 2200 5709 2201 5712 2143 5746 2201 5712 2145 5747 2145 5747 2201 5712 2202 5714 2145 5747 2202 5714 2147 5748 2147 5748 2202 5714 2203 5716 2147 5748 2203 5716 2149 5749 2149 5749 2203 5716 2204 5718 2208 5750 1078 5751 2209 5752 2209 5753 1078 1734 1077 1733 2209 5753 1077 1733 2210 5754 2210 5754 1077 1733 2211 5755 2210 5754 2211 5755 2212 5756 1313 5757 501 5758 1311 5759 1311 5759 501 5758 463 5760 1311 5761 463 5762 2089 5763 2089 5763 463 5762 465 5764 2089 5170 465 5765 2090 5172 2090 5172 465 5765 594 5766 2090 5172 594 5766 2103 5258 638 5767 637 5342 2213 5768 2213 5768 637 5342 2117 5341 567 5769 566 2972 2184 5770 2184 5770 566 2972 1636 2974 2184 5770 1636 2974 604 5771 604 5771 1636 2974 1526 4670 604 5771 1526 4670 658 5772 658 5773 1526 5774 608 5775 658 5596 608 5776 301 5595 2214 5777 2215 5778 1735 5779 1735 5779 2215 5778 1736 5780 1358 2202 1360 2204 2216 5781 2216 5781 1360 2204 935 1512 2216 5781 935 1512 2217 5782 2218 5783 1080 5784 607 5785 607 5786 1080 5787 605 5788 2118 5789 637 5790 1671 3120 1671 3120 637 5790 639 5791 1671 3120 639 5791 2219 5792 2219 5793 639 5794 1350 5795 658 2096 1239 5796 1292 2097 1292 5797 1239 2167 1332 2166 1292 5798 1332 2166 1516 5799 1516 5799 1332 2166 1991 4673 2220 5800 615 5801 2221 5802 2221 5802 615 5803 2182 5598 2221 5802 2182 5598 1306 5804 1306 5804 2182 5598 2181 5597 1306 5804 2181 5597 1297 5805 1233 1994 2222 5806 1234 1995 1234 1995 2222 5806 2223 5807 1234 1995 2223 5807 1986 4643 1986 4643 2223 5807 2224 5808 1986 4643 2224 5808 1985 4642 1985 4642 2224 5808 2225 5809 1985 4642 2225 5809 1984 4641 1984 4641 2225 5809 2226 5810 1984 4641 2226 5810 1983 4640 1983 4640 2226 5810 2227 5811 1983 4640 2227 5811 1856 3836 1856 3836 2227 5811 2228 5812 1856 3836 2228 5812 1855 3835 1855 3835 2228 5812 1624 5813 1855 3835 1624 5814 1854 3834 1854 3834 1624 5814 1622 2928 1854 3834 1622 2928 1853 3833 1853 3833 1622 2928 1621 2927 527 5815 529 1708 614 5816 614 5816 529 1708 550 1707 614 5816 550 1707 1704 5817 1704 5817 550 1707 1324 2156 1704 5817 1324 2156 588 5818 588 5818 1324 2156 589 2155 1674 5819 1675 5820 790 5821 790 5822 1675 5823 757 5824 2229 5825 616 5826 2220 5800 2220 5827 616 5828 615 5829 2186 5634 2094 5830 2230 5831 2230 5831 2094 5189 2095 5191 884 5832 1991 5833 885 5834 885 5835 1991 5836 2039 5835 885 5837 2039 5837 1503 5837 1503 5838 2039 5838 1915 5839 1503 539 1915 5840 392 5841 392 5842 1915 5843 1916 5844 392 5845 1916 5846 393 5847 393 5848 1916 5849 993 5850 393 5851 993 5852 1483 5853 1350 5854 2231 5855 2219 5792 2219 5792 2231 5855 2229 5825 2219 5792 2229 5825 1671 3120 1671 3120 2229 5825 2220 5800 1671 3120 2220 5800 1673 3122 1673 3122 2220 5800 2221 5802 1673 3122 2221 5802 1672 3121 1672 3121 2221 5802 1306 5804 1672 3121 1306 5804 1305 5856 564 5857 622 5858 2165 5859 2165 5860 622 5861 1302 5862 379 673 380 675 1502 5863 1502 5864 380 5865 2087 5866 1502 5864 2087 5866 2109 5867 1087 1743 702 1742 1123 5868 1123 5868 702 1742 701 5869 1123 5868 701 5869 2232 5870 376 4840 333 5445 1614 2917 1614 2917 333 5445 910 1758 1614 2917 910 5090 1615 2918 1615 2918 910 5090 2077 5089 1615 2918 2077 5089 2233 5871 2233 5871 2077 5089 648 1765 2233 5871 648 1765 2234 5872 2234 5872 648 1765 1099 1767 2234 5872 1099 1767 2235 5873 2235 5873 1099 1767 1722 3236 1081 5874 567 5875 1082 5876 1082 5876 567 5875 2184 5877 2160 5878 2166 5879 1302 5880 1302 5881 2166 5882 2165 5883 1400 5884 2236 5885 1401 5886 1401 5887 2236 5888 2237 5889 1401 5890 2237 5891 1061 5892 1061 1704 2237 5893 2238 5894 1061 1704 2238 5894 1059 1702 539 5895 621 5896 2239 5897 2239 5897 621 5898 2240 5899 47 226 49 228 1775 3415 1775 3415 49 228 2005 5900 1775 3415 2005 5900 1773 3413 1773 3413 2005 5900 386 5901 1773 3413 386 5901 1772 3411 1772 3411 386 5901 71 5902 1772 3411 71 5902 93 5903 1533 5904 616 5905 2241 5906 2241 5907 616 5826 2229 5825 2241 5908 2229 5825 2242 5909 2242 5909 2229 5825 2231 5855 532 5721 581 5910 2206 5722 2206 5725 581 5911 580 2209 2206 5725 580 2209 1363 2208 626 1043 625 1042 2185 5912 2185 5912 625 1042 1524 5913 2185 5912 1524 5913 1307 5914 1307 5915 1524 5916 1322 5917 1307 5918 1322 5919 1308 5920 1308 5921 1322 5922 1321 5923 2243 5924 1707 3190 2244 5925 2244 5925 1707 3190 1706 3189 2244 5925 1706 3189 2245 5926 1737 5927 1736 5928 1738 5929 1738 5929 1736 5928 2246 5930 1738 5929 2246 5930 541 5931 1333 2169 2119 5354 1070 1719 1070 1719 2119 5354 2120 5357 1070 1719 2120 5357 598 1720 598 5932 2120 5933 2094 5934 245 4528 244 3187 2177 5564 2177 5564 244 3187 1276 2072 2177 5564 1276 2072 1316 2140 1316 2140 1276 2072 1278 2074 1316 2140 1278 2074 1314 2141 1314 2136 1278 5935 1057 5936 1314 2136 1057 5936 1315 2137 644 1069 646 1071 1727 5937 1727 5937 646 1071 786 5938 1727 5937 786 5938 1726 5939 1080 5940 2218 5941 1081 5942 1081 5943 2218 5944 567 5945 1541 5946 659 5947 647 5948 647 5949 659 5950 473 5951 1535 5952 645 5953 1337 5954 1337 5954 645 5953 644 5955 1337 2173 644 5956 650 2174 2247 5957 1708 3191 2214 5777 2214 5777 1708 3191 1709 3193 2214 5777 1709 3193 2215 5778 2215 5778 1709 3193 2246 5958 2215 5778 2246 5959 1736 5780 283 1646 1338 2176 322 595 322 595 1338 2176 1348 2189 322 595 1348 2189 320 593 320 593 1348 2189 1347 2188 320 593 1347 2188 1009 1632 1828 5548 76 5960 601 2022 601 2022 76 5960 75 5961 601 2022 75 5961 1246 2023 1246 2023 75 5961 1242 5962 1246 2023 1242 5963 1245 2021 1245 2021 1242 5963 2248 5964 1245 2021 2248 5964 1735 3298 1541 5965 647 5966 1540 5967 1540 5967 647 5966 472 5968 1540 5967 472 5968 2061 5969 1725 5970 1724 5971 675 5972 675 5972 1724 5971 2249 5973 1680 5974 1679 5975 2250 5976 2250 5977 1679 5978 2064 5979 2250 5980 2064 5981 2251 5982 2251 5983 2064 5984 381 5985 2251 5986 381 5987 403 5988 661 5989 667 5990 2252 5991 2252 5991 667 5990 669 5992 2252 5993 669 5994 668 5995 895 5996 1096 5997 893 5998 893 5999 1096 1756 2063 6000 1535 6001 1342 2181 1536 6002 1536 6002 1342 2181 787 2240 1536 2674 787 6003 646 2675 646 2675 787 6003 786 6004 655 6005 657 3318 1548 6006 1548 6006 657 3318 1547 3320 565 6007 567 6008 658 6009 658 6009 567 6008 2218 6010 658 6009 2218 6010 607 6011 1012 6012 2108 5277 1013 6013 1013 6013 2108 5277 2107 5276 1013 6013 2107 5276 1988 4658 1988 4658 2107 5276 2253 6014 1988 4658 2253 6014 1191 2808 2024 6015 2254 6016 2169 6017 2169 6018 2254 6019 2255 6020 2169 6021 2255 6020 2256 6022 1624 6023 2046 6024 1623 6025 1623 6026 2046 4917 2045 4916 1623 6026 2045 4916 2021 6027 2021 6028 2045 4916 2044 4915 2021 6029 2044 4915 2022 6030 2022 6030 2044 4915 2029 4849 2022 6030 2029 4849 2024 6031 2024 6032 2029 4849 2031 4851 2024 6033 2031 4851 2254 6019 2254 6019 2031 4851 1329 2162 2254 6019 1329 2162 2255 6020 1074 6034 1001 6035 1062 6036 1062 6037 1001 6038 1000 5680 1062 6037 1000 5680 1063 6039 1063 6039 1000 5680 2170 5521 1063 6039 2170 5521 2073 6040 2073 6040 2170 5521 2169 5520 2073 5077 2169 6041 2074 5078 2074 5078 2169 6041 2256 6042 2074 5078 2256 6042 2257 6043 1230 4886 2258 6044 2041 4888 2041 4888 2258 6044 2259 6045 2041 4888 2259 6045 2260 6046 763 6047 765 6048 1093 6049 1093 6049 765 6048 2178 6050 699 1150 1344 2183 698 1148 698 1148 1344 2183 1343 2182 362 651 1090 6051 361 649 361 649 1090 6051 1089 6052 361 649 1089 6052 997 6053 997 6053 1089 6052 1088 6054 997 6053 1088 6054 996 6055 996 6055 1088 6054 2261 6056 996 6057 2261 6058 1973 6059 1973 6059 2261 6058 2012 6060 1973 6059 2012 6060 1971 6061 1971 6061 2012 6060 2014 6062 1971 6061 2014 6062 1969 6063 1969 6063 2014 6062 2016 6064 1969 6063 2016 6064 2051 6065 2051 6065 2016 6064 1017 6066 2051 6065 1017 6066 957 6067 957 6067 1017 6066 1019 6068 957 6067 1019 6068 958 6069 958 6069 1019 6068 1018 6070 958 6071 1018 6072 959 6073 959 6073 1018 6072 188 6074 959 6073 188 6074 1880 6075 1268 2060 989 1602 1267 2058 1267 2058 989 1602 1336 2172 1267 2058 1336 2172 2262 6076 1286 2085 1680 6077 1284 2083 1284 6078 1680 6079 2250 6080 1284 2083 2250 6081 2042 4889 2042 4889 2250 6082 2251 6083 2042 4889 2251 6083 2040 4887 2040 4887 2251 6083 403 6084 1967 4810 271 6085 2011 4811 2011 4811 271 6085 270 6086 2011 4811 270 6086 1804 3526 1804 3526 270 6086 2263 6087 1804 3526 2263 6087 1136 1827 640 3054 2264 6088 1046 3055 1046 3055 2264 6088 2265 6089 1046 6090 2265 6091 2266 6092 541 6093 2246 6094 621 6095 621 6096 2246 5958 1709 3193 621 6097 1709 3194 2240 5899 2240 5899 1709 3194 684 3196 2240 5899 684 3196 1730 6098 642 6099 570 6100 1732 6101 1732 6102 570 6103 1066 6104 2142 5736 1442 2333 2190 5690 2190 5690 1442 2333 1444 2335 2190 5690 1444 2335 2191 5691 813 6105 1728 6106 814 6107 814 6108 1728 6109 1549 6110 1925 6111 2191 6112 235 6113 235 6113 2191 6112 1444 6114 235 6113 1444 6114 372 1701 372 1701 1444 6114 1443 6115 372 1701 1443 6115 1697 3172 326 2159 2151 6116 1326 2158 1326 2158 2151 6117 2152 6118 2058 4960 1715 6119 1303 4958 1303 5400 1715 3227 1716 3229 1303 5400 1716 3229 2131 5399 2131 5399 1716 3229 571 6120 2131 5399 571 6121 2130 5398 2130 6122 571 6123 499 6124 2130 5398 499 6125 1283 2081 1283 2081 499 6125 498 6126 1283 2081 498 6126 858 6127 858 6128 498 6129 882 6130 2046 6131 2267 6132 2268 6133 2268 6133 2267 6132 1219 1968 2268 6133 1219 1968 2030 4850 2030 4850 1219 1968 1221 1970 2030 4850 1221 1970 1329 2162 1329 2162 1221 1970 1287 2086 1329 2162 1287 2086 1327 2160 1327 2160 1287 2086 1289 2088 1327 2160 1289 2088 1328 2161 2238 5894 2269 6134 1059 1702 1059 1702 2269 6134 2270 6135 1059 1702 2270 6135 1678 3128 1678 3128 2270 6135 2271 6136 1678 3128 2271 6136 2272 6137 2272 6138 2271 6139 2273 6140 2272 6141 2273 6142 2274 6143 2274 6144 2273 6145 2275 6146 2274 6147 2275 6148 2276 6149 2277 6150 1357 6151 677 6152 677 6153 1357 6154 1341 6155 1730 6098 1729 5302 2240 5899 2240 5899 1729 5302 899 5301 2240 5899 899 5301 2239 5897 811 6156 1127 6157 762 6158 762 6158 1127 6157 781 6159 762 6160 781 6161 760 6162 1397 2259 2278 6163 2279 6164 2279 6164 2278 6163 2280 6165 2279 6164 2280 6165 2281 6166 2281 6166 2280 6165 2282 6167 2281 6166 2282 6167 2283 6168 2283 6168 2282 6167 2284 6169 681 6170 2232 6171 682 6172 682 6173 2232 6174 701 6175 682 6176 701 6177 579 6178 675 6179 672 6180 1725 6181 1725 6182 672 6183 612 6184 1725 6182 612 6184 611 6185 920 1493 922 1495 2285 6186 2285 6186 922 1495 1001 6187 2285 6186 1001 6187 1074 6188 1280 2078 1504 6189 1281 2079 1281 2079 1504 6189 663 6190 1281 2079 663 6190 1282 2080 454 6191 453 6192 2096 6193 2096 5207 453 6194 2102 5256 2096 5207 2102 5256 2284 6169 2284 6169 2102 5256 2103 5258 2284 6169 2103 5258 2283 6168 2283 6168 2103 5258 594 5766 2283 6168 594 5766 2281 6166 2281 6166 594 5766 593 5366 2281 6166 593 5366 2279 6164 2279 6164 593 5366 1095 1755 2279 6164 1095 1755 1397 2259 487 6195 663 6196 1731 6197 1731 6197 663 6196 1504 6198 1731 6197 1504 6198 1505 6199 677 6200 1341 6201 678 6202 678 6203 1341 6204 1340 6205 678 6206 1340 6207 699 6208 699 6209 1340 6210 1344 2183 415 6211 3 6212 1238 6213 1238 6213 3 6212 2286 6214 1238 6213 2286 6214 1487 6215 960 6216 962 6217 977 6218 977 6218 962 6217 2018 6219 977 6218 2018 6219 978 6220 978 6220 2018 6219 2017 6221 978 6220 2017 6221 2050 6222 2050 6222 2017 6221 2015 6223 2050 6224 2015 6225 2052 6226 2052 6226 2015 6225 2013 6227 2052 6226 2013 6227 2053 6228 2053 6228 2013 6227 2287 6229 2053 6228 2287 6229 1970 6230 1970 6230 2287 6229 2288 6231 1970 6230 2288 6231 1972 6232 1972 6232 2288 6231 2289 6233 1972 6232 2289 6233 1974 6234 1974 6234 2289 6233 992 6235 1974 6236 992 6237 1975 6238 1975 6238 992 6237 367 6239 1975 6238 367 6239 366 6240 639 1059 638 1058 1702 6241 1702 3178 638 3308 1740 3310 1702 3178 1740 3310 1701 3177 1701 3177 1740 3310 1741 3312 1701 3177 1741 3312 1699 3175 1699 3175 1741 3312 2290 6242 781 6243 1127 6244 1486 6245 1486 6245 1127 6244 1126 6246 1342 2181 2189 6247 1343 2182 1343 2182 2189 6247 597 6248 1343 2182 597 6249 698 1148 698 6250 597 6251 599 6252 677 6152 676 6253 2277 6150 2277 6150 676 6253 2162 5475 1321 6254 1354 6255 2291 6256 2291 6256 1354 6255 1353 6257 2291 6258 1353 6259 1548 6260 1548 6261 1353 6262 655 6263 2241 6264 1357 6265 1533 6266 1533 2658 1357 6151 2277 6150 1533 2658 2277 6150 1076 1732 1076 1732 2277 6150 2162 5475 1076 1732 2162 5475 1075 1730 1075 1730 2162 5475 2161 5474 1075 1730 2161 5474 536 6267 618 6268 617 6269 619 6270 619 6270 617 6269 1068 6271 619 1760 1068 6272 700 1761 700 6273 1068 1717 1067 1716 700 6273 1067 1716 662 6274 1067 6275 1747 6276 662 6277 662 6278 1747 6279 660 6280 1746 6281 1069 6282 1745 6283 1745 6284 1069 6285 689 6286 1745 6284 689 6286 670 6287 769 2507 1486 2505 2292 6288 2292 6288 1486 2505 847 6289 2292 6288 847 6289 846 6290 2164 5478 676 6291 2293 6292 2293 6292 676 6291 678 6293 2293 6292 678 6294 2294 6295 2294 6295 678 6294 699 6296 1298 6297 537 6298 1296 6299 1296 6300 537 6301 536 6302 1296 6300 536 6302 524 6303 524 6304 536 6305 2161 6306 524 6307 2161 5474 2095 5191 2095 5191 2161 5474 2163 5476 2095 5191 2163 5476 2230 5831 2230 5831 2163 5476 2164 5478 2230 5831 2164 5478 2186 5634 2186 5634 2164 5478 2293 6292 2186 5634 2293 6292 2187 5635 2187 5635 2293 6292 2294 6295 2187 5635 2294 6295 599 6308 599 6309 2294 6295 699 6296 1112 6310 683 1137 1743 3316 1743 3316 683 1137 692 1139 1743 3316 692 1139 1742 3314 1742 3314 692 1139 590 5339 1742 3314 590 5339 533 6311 2222 5806 321 6312 2223 5807 2223 5807 321 6312 1009 1632 2223 5807 1009 1632 2224 5808 2224 5808 1009 1632 1347 2188 2224 5808 1347 2188 2225 5809 2225 5809 1347 2188 1346 2187 2225 5809 1346 2187 2226 5810 2226 5810 1346 2187 1220 1969 2226 5810 1220 1969 2227 5811 2227 5811 1220 1969 1219 1968 2227 5811 1219 1968 2228 5812 2228 5812 1219 1968 2267 6132 2228 5812 2267 6132 1624 6313 1624 6314 2267 6132 2046 6131 489 850 491 852 2104 6315 2104 6316 491 6317 2295 6318 2104 6316 2295 6318 1779 6319 1779 6320 2295 6321 821 6322 1779 6320 821 6322 820 6323 1274 2067 1390 2244 577 2068 577 2068 1390 2244 2116 5338 577 2068 2116 5338 578 6324 578 6324 2116 5338 2115 5337 578 6324 2115 5337 579 6325 579 6326 2115 5337 2114 5336 579 6327 2114 6328 682 6329 682 6330 2114 5336 692 1139 2265 6091 1064 1710 2266 6092 2266 6092 1064 1710 1065 1712 2266 6092 1065 1712 1953 6331 1953 6332 1065 2802 1184 1912 1953 6332 1184 1912 1871 3888 1871 3888 1184 1912 1185 1914 1871 3888 1185 1914 1872 3889 1736 6333 1737 6334 602 6335 602 1085 1737 6336 924 6337 602 1085 924 6337 654 1086 1430 2310 1927 4315 2150 6338 2150 6338 1927 4315 1929 4317 2150 6338 1929 4317 2148 6339 2148 6339 1929 4317 1930 4319 2148 6339 1930 4319 2146 6340 1353 6341 1355 6342 696 5591 696 5591 1355 6342 627 6343 696 5591 627 6343 633 5589 2152 6118 1735 3298 1326 2158 1326 2158 1735 3298 2248 5964 1326 2158 2248 5964 1016 1644 1016 1644 2248 5964 1242 5963 1016 1644 1242 5963 327 1642 327 6344 1242 6345 1241 6346 363 2054 1226 1975 1266 2053 1266 2053 1226 1975 1225 1974 1266 2053 1225 1974 365 1652 365 1652 1225 1974 1615 2918 365 1652 1615 2918 1989 4667 1989 4667 1615 2918 2233 5871 1989 4667 2233 5871 1990 4668 1990 4668 2233 5871 2234 5872 1990 4668 2234 5872 1710 3198 1710 3198 2234 5872 2235 5873 1710 3198 2235 5873 500 6347 500 6348 2235 5873 1722 3236 500 6348 1722 3236 2296 6349 2296 6350 1722 6351 446 6352 2296 6353 446 6354 500 6355 561 6356 1696 6357 2297 6358 2297 6359 1696 6360 1751 6361 2297 6362 1751 6363 2298 6364 2298 6364 1751 6363 1728 6365 2298 6364 1728 6365 2299 6366 2299 6366 1728 6365 755 6367 2299 6366 755 6367 1768 6368 1768 6369 755 6370 754 6371 491 6372 672 6373 2295 6374 2295 6375 672 6376 671 6377 2295 6378 671 6379 821 6380 2123 5377 2300 6381 1692 3162 1692 3162 2300 6381 1094 1751 1692 3162 1094 1751 2178 6382 2178 6382 1094 1751 1093 1750 890 6383 817 6384 888 6385 888 6385 817 6384 816 6386 888 6385 816 6386 342 6387 342 6387 816 6386 1255 6388 342 6387 1255 6388 343 6389 700 1761 2211 5755 620 1759 620 1759 2211 5755 1077 1733 620 1759 1077 1733 2098 5230 2098 5230 1077 1733 1079 1735 2098 5230 1079 1735 2099 5231 586 6390 544 6391 1549 6392 1549 6393 544 6394 1349 2191 1549 6393 1349 2191 2301 6395 2301 6395 1349 2191 2205 5720 492 2101 561 6356 1293 2102 1293 2102 561 6356 2297 6358 1293 2102 2297 6358 1101 6396 1101 6396 2297 6358 2298 6397 1101 1769 2298 6398 1102 1770 1102 1770 2298 6398 2299 6399 1102 1770 2299 6399 2159 5469 2159 5469 2299 6399 1768 6400 1308 2149 1321 6401 1319 2150 1319 6402 1321 6254 2291 6256 1319 6403 2291 6404 1546 6405 1546 6405 2291 6404 1548 6406 741 6407 795 6408 1545 6409 1545 6409 795 6408 1558 6410 1545 6411 1558 6412 1544 6413 1284 2083 2042 4889 1285 2084 1285 2084 2042 4889 2041 4888 1285 2084 2041 4888 2302 6414 2302 6414 2041 4888 2260 6046 1350 6415 1352 2195 2231 5855 2231 5855 1352 2195 1356 2199 2231 5855 1356 2199 2242 5909 2242 5909 1356 2199 1357 2201 2242 5909 1357 2201 2241 5908 632 6416 1371 6417 759 6418 759 6418 1371 6417 1752 6419 2303 6420 2304 6421 1758 3370 1758 3370 2304 6421 2305 6422 1758 3370 2305 6422 1759 3371 2217 5782 1952 6423 2216 5781 2216 5781 1952 6423 1137 1828 2216 5781 1137 1828 1358 2202 1358 2202 1137 1828 1136 1827 1358 2202 1136 1827 1359 2203 1359 2203 1136 1827 2263 6087 1359 2203 2263 6087 1749 6424 1749 6424 2263 6087 270 6086 717 6425 1106 6426 1441 6427 1441 6428 1106 6429 1375 6430 1441 6428 1375 6430 1422 6431 739 1790 708 1789 722 6432 722 6432 708 1789 613 6433 722 6432 613 6433 612 6434 2305 6422 2306 6435 1374 2225 1374 2225 2306 6435 2304 6421 1374 2225 2304 6421 1372 2223 1816 3580 1950 4388 1815 3578 1815 3578 1950 4388 1796 6436 1815 3578 1796 6437 2307 6438 2307 6439 1796 6440 1797 6441 716 6442 715 6443 725 6444 725 6445 715 6446 723 6447 727 6448 1378 6449 728 6450 728 6450 1378 6449 2133 5406 728 6450 2133 5406 759 6451 759 6451 2133 5406 471 5249 759 6451 471 5249 563 6452 563 6452 471 5249 622 5248 713 1777 1105 1779 714 6453 714 6453 1105 1779 2308 6454 714 6453 2308 6454 2309 6455 1118 1804 2310 6456 2311 6457 2311 6457 2310 6456 2312 6458 1394 2251 729 2279 2313 6459 2313 6459 729 2279 731 6460 2313 6459 731 6460 1384 2236 746 6461 748 6461 706 6461 706 6462 748 6462 613 6462 1384 2236 2314 6463 2313 6459 2313 6459 2314 6463 1780 3429 2313 6459 1780 3429 1394 2251 1394 2251 1780 3429 1782 3431 724 6464 703 6465 725 6466 725 6466 703 6465 705 6467 725 6468 705 6469 716 6470 716 6470 705 6469 732 6471 716 6472 732 6473 718 6474 632 6475 771 6476 1371 6477 1371 6478 771 6479 1569 6480 1371 6478 1569 6480 941 6481 1433 6482 1379 2231 2315 6483 2315 6483 1379 2231 1378 2230 727 6448 1108 1793 1378 6449 1378 6449 1108 1793 1107 1792 1378 6449 1107 1792 2315 6484 2315 6484 1107 1792 1812 3574 2315 6484 1812 3574 1433 6485 2316 6486 1382 2234 2317 6487 2317 6487 1382 2234 1381 2233 2258 6044 990 2059 2259 6045 2259 6045 990 2059 1267 2058 2259 6045 1267 2058 2260 6046 2260 6046 1267 2058 2262 6076 2260 6046 2262 6076 1218 6488 1218 6489 2262 6076 1216 1965 1216 1965 2262 6076 1336 2172 1216 1965 1336 2172 1229 1981 1229 1981 1336 2172 1335 2171 1229 1981 1335 2171 1227 1979 1227 1979 1335 2171 1331 2165 1227 1979 1331 2165 2070 5066 2070 5066 1331 2165 1330 2164 2070 5066 1330 2164 2071 5069 2318 6490 939 6491 2319 6492 2319 6492 939 6491 938 6493 1486 6494 1126 6495 847 6496 847 6497 1126 6498 845 6499 938 6500 738 6501 2319 6492 2319 6492 738 6501 737 6502 2319 6492 737 6502 2318 6490 220 6503 796 6504 216 6505 216 6506 796 6507 1788 6508 2320 6509 2321 6510 1368 2216 1368 2216 2321 6510 2322 6511 1368 2216 2322 6511 1366 2214 2323 6512 939 6491 2324 6513 2324 6513 939 6491 2318 6490 2324 6513 2318 6490 2325 6514 2325 6514 2318 6490 737 6502 788 2241 1342 2181 1339 3454 1339 3454 1342 2181 1344 2183 1339 3454 1344 2183 1340 6210 1158 172 2326 6515 711 6516 711 6516 2326 6515 1405 6517 711 6516 1405 6517 1557 6518 1393 2250 2327 6519 1391 6520 1391 6520 2327 6519 733 6521 1391 6522 733 1195 2328 6523 2328 6523 733 1195 735 1197 2328 6524 735 6525 2329 6526 220 6527 215 6528 794 6529 794 6529 215 6528 829 6530 794 6531 829 6532 855 6533 1457 2355 1821 3612 1455 2353 1455 2353 1821 3612 1909 4158 1455 2353 1909 4158 1103 1776 1103 1776 1909 4158 831 6534 1103 1776 831 6534 833 1774 747 6535 752 6536 708 6537 708 6538 752 6539 707 6540 939 6541 2323 6512 2330 6542 2330 6542 2323 6512 2331 6543 764 6544 785 6545 1741 6546 1741 3312 785 6547 2332 6548 1741 3312 2332 6548 2290 6242 1752 6549 1371 6550 1754 6551 1754 6552 1371 6553 1109 6554 1383 2235 1757 3369 1395 2254 1395 2254 1757 3369 750 3368 1395 2254 750 3368 749 6555 752 6556 746 6557 707 6558 707 6559 746 6560 706 6561 657 2252 1394 2251 1744 5541 1744 5541 1394 2251 1782 3431 1744 5541 1782 3431 2175 5543 2175 5543 1782 3431 1783 3432 2175 5543 1783 3432 2176 5546 736 6562 1460 2358 737 6563 737 6563 1460 2358 1459 2357 737 6564 1459 2357 2325 6514 2325 6514 1459 2357 2333 6565 2325 6514 2333 6565 2324 6513 2324 6513 2333 6565 2334 6566 2324 6513 2334 6566 2323 6512 2323 6512 2334 6566 2335 6567 2323 6512 2335 6567 2331 6543 963 1549 2336 6568 1814 3577 1814 3577 2336 6568 1092 1749 1814 3577 1092 1749 2337 6569 726 6570 1752 6570 1753 6570 1753 6571 1752 6571 1754 6571 1388 2242 1398 2260 1389 2243 1389 2243 1398 2260 1095 6572 1389 2243 1095 6572 591 6573 2132 5531 2133 6574 1399 2261 1399 2261 2133 6574 1378 2230 1399 2261 1378 2230 1400 2262 1400 2262 1378 2230 1377 2229 242 1988 998 6575 362 1989 362 1989 998 6575 368 6576 362 1989 368 6576 1090 6577 1090 172 368 1605 992 172 1090 6578 992 6578 1088 6578 1088 172 992 172 2289 172 1088 172 2289 172 2261 172 2261 172 2289 172 2288 172 2261 172 2288 172 2012 172 2012 172 2288 172 2287 172 2012 172 2287 172 2013 172 1410 2285 2338 6579 1726 6580 1726 6580 2338 6579 649 6581 1110 2185 1313 6582 1345 2186 1345 2186 1313 6582 580 6583 1345 2186 580 6584 1111 2184 1111 1796 580 6585 1769 6586 1111 1796 1769 6586 1112 1797 1408 2282 1342 2181 1409 2283 1409 2283 1342 2181 1535 6587 1409 2283 1535 6587 1115 2281 1325 2266 1402 2265 2339 6588 2339 6588 1402 2265 2340 6589 2339 6588 2340 6589 2341 6590 1698 4318 1697 6591 1930 4319 1930 4319 1697 6591 2342 6592 1930 4319 2342 6592 2146 6340 2146 6340 2342 6592 2144 6593 1698 3173 1928 6594 330 3174 330 3174 1928 6594 1417 6595 330 3174 1417 6595 624 4947 624 4947 1417 6595 1416 6596 624 4947 1416 6596 2056 4948 1404 2269 1403 2268 1768 6597 1768 6598 1403 6599 2343 6600 1768 6598 2343 6600 2159 5469 700 1761 661 6601 2211 5755 2211 5755 661 6602 2252 6603 2211 5755 2252 6603 680 5518 680 5518 2252 6603 668 6604 680 5518 668 6604 689 5519 1770 6605 1713 6606 628 6607 628 6608 1713 6609 1712 6610 623 6611 624 6612 742 6613 742 6614 624 6615 1487 6616 742 6617 1487 6618 2286 6619 817 6620 2344 6621 818 4736 818 4736 2344 6621 242 6622 818 4736 242 6622 1938 4734 1771 6623 1770 6624 630 6625 630 6625 1770 6624 628 6626 630 6627 632 6628 1771 6629 1771 6630 632 6631 759 6632 1771 6630 759 6632 758 6633 2345 6634 1380 2232 1789 3456 1789 3456 1380 2232 1382 2234 1765 6635 1124 6636 1763 6637 1763 6638 1124 6639 1123 6640 1763 6638 1123 6640 820 3426 820 3426 1123 6640 2232 6641 820 3426 2232 6641 1778 3424 803 6642 673 6643 2249 6644 2249 6645 673 6646 675 6647 921 6648 2346 6649 922 6650 922 6651 2346 6652 1223 6653 922 6654 1223 6655 2 6656 2 6657 1223 6658 1222 6657 2 6659 1222 6659 0 6659 0 539 1222 539 1920 6660 0 539 1920 6661 795 6662 795 6663 1920 6664 1921 6665 795 6663 1921 6665 1558 6666 1558 6666 1921 6665 1162 6667 1367 2215 2347 6668 1368 2216 1368 2216 2347 6668 2348 6669 1368 2216 2348 6669 2320 6509 1122 6670 1117 6671 1120 6672 1120 2175 1117 6673 1116 6674 1120 2175 1116 6674 1337 2173 935 1512 1360 2204 936 1513 936 1513 1360 2204 1359 2203 936 1513 1359 2203 2349 6675 2349 6675 1359 2203 1749 6424 2350 6676 1381 2233 2351 6677 2351 6677 1381 2233 1380 2232 2351 6677 1380 2232 1351 2194 1351 2194 1380 2232 2345 6634 1351 2194 2345 6634 1352 2195 1352 2195 2345 6634 1789 3456 1352 2195 1789 3456 1356 2199 1356 2199 1789 3456 1339 3454 1356 2199 1339 3454 1341 2200 754 6678 778 6679 792 6680 792 6681 778 6682 783 6683 803 6684 2249 6685 1723 6686 1723 6687 2249 6688 1724 6689 2188 6690 2121 5375 1670 3119 1670 3119 2121 5375 482 5374 1670 3119 482 5374 1671 3120 1671 3120 482 5374 444 6691 1671 3120 444 6691 2118 5789 2118 5343 444 6692 1273 2066 2118 5343 1273 2066 497 3149 497 3149 1273 2066 577 2068 497 3149 577 2068 1685 3151 1685 3151 577 2068 1674 3123 1685 3151 1674 3123 1686 3152 1686 3152 1674 3123 1784 3441 1686 3152 1784 3441 2352 6693 2352 6693 1784 3441 1786 3443 2352 6693 1786 3443 2353 6694 747 6695 721 6696 671 6697 671 6697 721 6696 821 6698 2309 6699 2208 6700 714 6701 714 6702 2208 6703 712 6704 2121 5375 1532 6705 551 6706 551 5735 1532 2650 1530 2648 551 5735 1530 2648 2207 5734 2207 5734 1530 2648 1529 2647 2207 5734 1529 2647 1537 5732 1537 5732 1529 2647 2354 6707 1537 5732 2354 6707 2355 6708 1162 6709 1921 4290 1160 6710 1160 6710 1921 4290 745 4289 1160 6711 745 2246 2356 6712 2356 6712 745 2246 225 2245 2356 6712 225 2245 2357 6713 2357 6713 225 2245 224 472 2357 6713 224 472 2358 6714 2358 6714 224 472 1935 4336 2358 6714 1935 4336 2359 6715 2359 6715 1935 4336 1958 4428 2359 6715 1958 4428 2047 4925 2047 4925 1958 4428 1328 2161 2047 4925 1328 2161 1289 2088 1514 6716 2360 6717 1528 6718 1528 6719 2360 6720 2361 539 1528 6721 2361 539 776 539 776 539 2361 539 2362 539 776 539 2362 539 777 539 777 539 2362 539 2363 539 777 539 2363 539 2364 539 2364 6722 2363 6722 2365 6723 2364 539 2365 6724 927 539 2312 6458 2310 6456 1766 6725 1766 6725 2310 6456 1118 1804 1766 6725 1118 1804 1765 6726 1765 6726 1118 1804 789 1806 1765 6727 789 6728 1124 6729 2350 6676 2351 6677 2290 6242 2290 6242 2351 6677 1351 2194 2290 6242 1351 2194 1699 3175 1699 3175 1351 2194 1350 6730 1699 3175 1350 6731 1700 3176 1700 6732 1350 6733 639 6734 1700 3176 639 6735 1702 3178 1410 2285 1407 2284 2338 6579 2338 6736 1407 2280 1394 2251 2338 6736 1394 2251 1098 1763 1098 1763 1394 2251 656 2253 1098 1763 656 2253 691 1764 2337 6569 2366 6737 2367 6738 2367 6738 2366 6737 2368 6739 2367 6738 2368 6739 1361 2206 1361 2206 2368 6739 2124 5378 1361 2206 2124 5378 1362 2207 1362 2207 2124 5378 636 5379 1362 2207 636 5379 635 2205 2353 6694 1412 2287 2352 6693 2352 6693 1412 2287 1414 2289 2352 6693 1414 2289 1686 3152 1686 3152 1414 2289 1317 2144 1686 3152 1317 2144 1684 3150 1684 3150 1317 2144 1695 3165 1684 3150 1695 3165 2117 5341 2117 5341 1695 3165 1694 3164 2117 5341 1694 3164 2213 5768 2213 5768 1694 3164 1692 3162 2213 5768 1692 3162 638 5767 638 5767 1692 3162 2178 6740 760 6741 797 6742 761 6743 761 6744 797 6745 874 6746 673 6747 748 6748 671 6749 671 6749 748 6748 747 6750 1117 6751 1122 6752 2369 6753 2369 6754 1122 6755 2370 6756 2369 6757 2370 6758 2371 6759 2372 6760 1121 1811 1091 1747 1091 1747 1121 1811 1120 1810 1091 1747 1120 1810 650 1748 763 6761 1406 2277 791 6762 791 6762 1406 2277 2373 6763 791 6762 2373 6763 792 6764 1514 6765 2374 6766 2360 6767 2360 6767 2374 6766 2375 6768 2360 6769 2375 6768 2361 6770 2361 6770 2375 6768 2376 6771 2361 6770 2376 6771 2362 6772 2362 6772 2376 6771 2377 6773 2362 6772 2377 6773 2363 6774 2363 6774 2377 6773 2378 6775 2363 6774 2378 6775 2365 6776 2365 6776 2378 6775 2379 6777 2365 6778 2379 6779 2380 6780 1112 6781 582 6782 681 6783 681 6170 582 6784 1778 6785 681 6170 1778 6785 2232 6171 2305 6422 1374 2225 2381 6786 2381 6786 1374 2225 1373 2224 2381 6786 1373 2224 2382 6787 2382 6787 1373 2224 2372 6760 2382 6787 2372 6760 2383 6788 2383 6788 2372 6760 1091 1747 2383 6788 1091 1747 1098 1763 1098 1763 1091 1747 649 1746 1098 1763 649 1746 2338 6736 611 6789 613 6790 804 6791 804 6791 613 6790 748 6792 804 6793 748 6794 673 6795 1539 2679 2321 6510 2205 5720 2205 5720 2321 6510 2320 6509 2205 5720 2320 6509 2301 6395 2301 6395 2320 6509 2348 6669 2301 6395 2348 6669 2384 6796 2384 6796 2348 6669 2347 6668 2384 6796 2347 6668 1439 2326 2121 5375 2188 6690 1532 6705 1532 2650 2188 6797 2189 6247 1532 2650 2189 6247 1531 2649 1531 2649 2189 6247 1342 2181 1531 2649 1342 2181 1529 2647 1529 2647 1342 2181 1408 2282 1529 2647 1408 2282 2354 6707 2314 6463 2385 6798 1780 3429 1780 3429 2385 6798 2386 6799 1780 3429 2386 6799 1781 3430 1781 3430 2386 6799 2387 6800 1781 3430 2387 6800 1783 3432 1783 3432 2387 6800 2388 6801 1783 3432 2388 6801 2176 5546 2389 6802 798 6803 1788 6804 1788 6804 798 6803 216 6805 2027 6806 2390 6806 2028 6806 2028 0 2390 0 2391 0 2028 0 2391 0 2392 0 2392 0 2391 0 2393 0 2392 0 2393 0 2394 0 2394 6807 2393 6807 2395 6807 2394 0 2395 0 1083 0 1083 0 2395 0 2396 0 1083 6808 2396 6808 1084 6808 1084 0 2396 0 2397 0 1084 6809 2397 6809 247 6810 247 1616 2397 0 709 6811 247 1616 709 6811 998 1617 753 6812 813 6813 1396 6814 1396 6815 813 1328 815 1330 1396 6815 815 1330 2398 6816 2398 6816 815 1330 2399 6817 2398 6816 2399 6817 2400 6818 890 6819 1130 6820 1870 3887 1870 3887 1130 6820 2401 6821 1870 3887 2401 6821 1869 3885 1869 3885 2401 6821 665 6822 1869 3885 665 6822 203 6823 792 6764 2373 6763 1403 6599 1403 6599 2373 6763 2336 6568 1403 6599 2336 6568 2343 6600 2343 6600 2336 6568 963 1549 2343 6600 963 1549 876 1424 876 1424 963 1549 88 1548 876 1424 88 1548 114 1425 1423 6824 1424 4725 767 6825 767 6825 1424 4725 1244 2018 767 6825 1244 2018 1761 6826 1761 6826 1244 2018 295 2020 2402 6827 2403 6828 2404 6829 2404 6829 2403 6828 2405 6830 2404 6829 2405 6830 2406 6831 2406 6831 2405 6830 688 6832 2406 6831 688 6832 2236 6833 2236 6833 688 6832 687 6834 2236 6835 687 6836 2237 6837 2237 6837 687 6836 686 6838 2237 6837 686 6838 2238 6839 2238 6839 686 6838 2407 6840 2238 6839 2407 6840 2269 6841 2269 6841 2407 6840 2408 6842 2269 6841 2408 6842 2270 6843 2270 6843 2408 6842 2409 6844 2270 6843 2409 6844 2271 6845 2271 6845 2409 6844 2410 6846 2271 6845 2410 6846 2273 6847 2273 6848 2410 6849 2275 6850 832 6851 831 6534 2411 6852 2411 6852 831 6534 2412 6853 1383 2235 1121 1811 1757 3369 1757 3369 1121 1811 2372 6760 1757 3369 2372 6760 1756 3367 1756 3367 2372 6760 1373 2224 1756 3367 1373 2224 1755 3365 1755 3365 1373 2224 1372 2223 1755 3365 1372 2223 1767 3394 2371 6854 2370 6855 703 6856 703 6857 2370 6858 2413 6859 703 6857 2413 6859 704 6860 774 6861 1113 1798 1462 6862 1462 6862 1113 1798 1223 1972 1462 6862 1223 1972 2346 6863 2337 6569 1092 1749 2366 6737 2366 6737 1092 1749 1094 1751 2366 6737 1094 1751 2368 6739 2368 6739 1094 1751 2300 6381 2368 6739 2300 6381 2124 5378 2124 5378 2300 6381 2123 5377 2124 5378 2123 5377 1300 2112 1300 2112 2123 5377 2122 5376 1300 2112 2122 5376 1301 2113 1301 2113 2122 5376 432 6864 1301 6865 432 6866 434 6867 1726 5939 786 5938 1410 6868 1410 6868 786 5938 799 6869 1410 6870 799 6871 1411 6872 1411 6873 799 6874 824 6875 1411 6873 824 6875 819 6876 819 6876 824 6875 1106 6877 819 6876 1106 6877 730 6878 730 6879 1106 1783 718 1785 730 6880 718 6881 731 6882 731 6883 718 6474 732 6473 731 6884 732 6885 704 6886 1388 2242 1759 3371 1397 2259 1397 2259 1759 3371 2305 6422 1397 2259 2305 6422 2278 6163 2278 6163 2305 6422 2381 6786 2278 6163 2381 6786 2280 6165 2280 6165 2381 6786 2382 6787 2280 6165 2382 6787 2282 6167 2282 6167 2382 6787 2383 6788 2282 6167 2383 6788 2284 6169 2284 6169 2383 6788 1098 1763 2284 6169 1098 1763 2096 5207 2096 5207 1098 1763 1097 1762 2096 5207 1097 1762 436 5306 436 5306 1097 1762 1689 5601 436 6887 1689 6888 1248 6889 790 3440 1118 1804 1785 3442 1785 3442 1118 1804 2311 6457 1785 3442 2311 6457 1786 3443 1786 3443 2311 6457 2312 6458 1786 3443 2312 6458 2353 6694 761 6890 875 6891 846 6290 846 6290 875 6891 1800 6892 846 6290 1800 6892 2292 6288 1514 6893 1515 6894 2374 6895 2374 6766 1515 6896 2100 5232 2374 6766 2100 5232 2375 6768 2375 6768 2100 5232 2099 5231 2375 6768 2099 5231 2376 6771 2376 6771 2099 5231 1079 1735 2376 6771 1079 1735 2377 6773 2377 6773 1079 1735 1078 6897 2377 6773 1078 6897 2378 6775 2378 6898 1078 6899 2208 6900 2378 6898 2208 6900 2379 6901 2379 6902 2208 6903 2309 6904 2379 6902 2309 6904 2380 6905 2380 6905 2309 6904 2308 6906 2336 6568 2373 6763 1092 1749 1092 1749 2373 6763 1406 2277 1092 1749 1406 2277 1093 2276 640 3054 685 3192 2264 6088 2264 6088 685 3192 1708 3191 2264 6088 1708 3191 2265 6089 2265 6089 1708 3191 2247 6907 2265 6091 2247 6908 1064 1710 1064 6909 2247 6910 2414 6911 1064 1809 2414 6912 1119 1807 1119 4243 2414 6913 1748 3332 1119 4243 1748 3332 417 4241 417 4241 1748 3332 1750 3334 417 4241 1750 3334 269 6914 703 6915 724 6916 2371 6917 2371 6918 724 6919 1369 6920 2371 6921 1369 6922 2369 6923 2369 6923 1369 6922 1115 6924 2369 6923 1115 6924 1117 6925 1106 6926 823 3455 1376 2228 1376 2228 823 3455 1789 3456 1376 2228 1789 3456 1375 2226 1375 2226 1789 3456 1382 2234 731 6460 704 6927 1384 2236 1384 2236 704 6927 2413 6928 1384 2236 2413 6928 1121 1811 1121 1811 2413 6928 2370 6929 1121 1811 2370 6929 1122 1812 806 6930 712 6931 2210 6932 2210 5754 712 6933 2208 6934 2210 5754 2208 6934 2209 5753 1776 3416 2344 6621 1775 3415 1775 3415 2344 6621 817 6620 1775 3415 817 6620 1870 6935 1870 6935 817 6620 890 6936 767 6937 769 6938 1423 6939 1423 6940 769 6941 2292 6942 1423 6940 2292 6942 1047 6943 888 6944 868 6945 889 6946 889 6946 868 6945 654 6947 108 6948 1198 6949 853 6950 853 6951 1198 6952 866 6953 2415 6954 855 6955 2389 6956 2389 6956 855 6955 798 6957 2260 6046 1218 6958 2302 6414 2302 6414 1218 6958 312 6959 2302 6414 312 6959 1285 2084 1285 2084 312 6959 314 6960 1285 2084 314 6960 313 3666 1416 2291 1415 2290 2204 5718 2204 5718 1415 2290 1431 2311 2204 5718 1431 2311 2149 5749 249 6961 1135 6962 1941 6963 1941 6963 1135 6962 2416 6964 1941 6963 2416 6964 1148 6965 1148 6965 2416 6964 802 6966 1148 6965 802 6966 800 6967 1162 6667 1042 6968 1558 6666 1558 6666 1042 6968 1041 6969 1558 6666 1041 6969 884 6970 884 6971 1041 6972 1516 6973 884 6974 1516 6975 1991 6976 793 6977 794 6978 2415 6979 2415 6980 794 6981 855 6982 1792 6983 1803 6984 1793 6985 1793 6985 1803 6984 879 539 895 1475 894 6986 2417 6987 2417 6987 894 6986 2307 6988 2417 6987 2307 6988 1797 6989 1419 2294 2418 6990 1857 6991 1857 6992 2418 6990 2419 6993 1857 6992 2419 6993 1858 6994 1858 6994 2419 6993 916 2336 1858 6994 916 2336 399 4855 399 4855 916 2336 1203 2338 399 4855 1203 2338 1205 4856 945 6995 1425 2302 2245 5926 2245 5926 1425 2302 2420 6996 2245 5926 2420 6996 2244 5925 846 6997 845 6998 761 6999 761 6999 845 6998 811 7000 1798 3497 849 3496 2421 7001 2421 7001 849 3496 1772 3411 2421 7001 1772 3411 982 7002 982 7002 1772 3411 93 5903 982 7002 93 5903 2005 5900 2005 5900 93 5903 97 7003 2005 5900 97 7003 386 5901 2422 7004 2423 7005 1588 7006 1588 7006 2423 7005 1587 7007 839 7008 2424 7009 861 7010 861 7011 2424 7012 828 7013 861 7014 828 7015 1809 7016 1809 7016 828 7015 1559 7017 2257 7018 2425 7019 2426 7020 2426 7020 2425 7019 2427 7021 2426 7022 2427 7023 954 7024 954 7025 2427 7021 2428 7026 954 7027 2428 7026 955 7028 840 7029 867 7030 838 7031 838 7032 867 7033 871 7034 2429 7035 1427 2305 2430 7036 2430 7036 1427 2305 946 2307 839 7037 859 7038 2424 7039 2424 7039 859 7038 873 7040 982 7041 961 7042 2421 7043 2421 7043 961 7042 983 7044 2421 7043 983 7044 1798 7045 1798 7045 983 7044 1472 7046 1798 7045 1472 7046 1592 7047 1592 7047 1472 7046 186 7048 1592 7047 186 7048 191 7049 1877 7050 852 7051 1585 7052 1585 7052 852 7051 827 7053 2431 7054 903 7055 2432 7056 2432 7056 903 7055 1159 1867 2432 7056 1159 1867 2433 7057 1047 7058 2292 7059 1799 7060 1799 3504 2292 7061 1800 3505 863 7062 865 7063 1877 7064 1877 7065 865 7066 852 7067 848 7068 1141 7069 1802 7070 1802 7070 1141 7069 1436 7071 1802 7072 1436 7073 1801 7074 2331 6543 1450 2346 2330 6542 2330 6542 1450 2346 116 1423 2330 6542 116 1423 1438 2323 1438 2323 116 1423 1801 7075 1438 2323 1801 7075 1436 2321 870 7076 2434 7077 125 7078 125 7079 2434 7080 123 7081 869 1416 125 1418 1805 7082 1805 7082 125 1418 124 7083 1805 7082 124 7083 1204 7084 1204 7084 124 7083 35 7085 1204 7086 35 7087 1205 7088 1205 7088 35 7087 34 7089 1205 7088 34 7089 2032 7090 2032 7090 34 7089 406 7091 2032 7092 406 7093 384 7094 2434 7095 870 7096 1189 7097 1189 7098 870 7099 1966 7100 1189 7101 1966 7102 1190 7103 935 1512 1428 2308 2217 5782 2217 5782 1428 2308 1257 2039 2217 5782 1257 2039 1952 6423 830 2273 674 7104 719 2274 719 2274 674 7104 214 7105 719 7106 214 7107 247 7108 247 7108 214 7107 239 7109 247 7108 239 7109 2326 7110 2326 7110 239 7109 740 7111 2326 7110 740 7111 1405 2275 1405 2275 740 7111 854 7112 1405 2275 854 7112 830 2273 878 1847 190 7113 951 1845 951 1845 190 7113 10 7114 951 1845 10 7114 9 4809 1142 3525 850 3524 1906 7115 1906 7115 850 3524 202 7116 1906 7115 202 7116 200 7117 1950 4388 2435 7118 1254 2035 1254 2035 2435 7118 2436 7119 1254 2035 2436 7119 1252 2033 1252 2033 2436 7119 2437 7120 1252 2033 2437 7120 173 399 926 7121 1560 7122 942 7123 942 7123 1560 7122 834 7124 942 7125 834 7126 851 7127 870 7128 869 7129 1966 7130 1966 7131 869 7132 2438 7133 1966 7134 2438 7135 1886 7136 1886 7137 2438 7138 1887 7139 1794 7140 841 7141 1905 7142 1905 7143 841 7144 159 7145 1905 7146 159 7147 161 7148 123 7149 2434 7150 897 7151 897 7151 2434 7150 1189 7152 897 1498 1189 7153 887 1496 887 7154 1189 2804 886 2806 1430 2310 1415 2290 1927 4315 1927 4315 1415 2290 1417 2292 1927 4315 1417 2292 1928 4316 859 7155 838 7156 873 7157 873 7158 838 7159 871 7160 2439 172 2440 172 2441 172 2441 7161 2440 7161 2442 7161 2441 172 2442 172 2443 172 2443 172 2442 172 2444 172 2443 7162 2444 7162 1003 7162 1003 172 2444 172 353 172 1003 172 353 172 394 172 394 172 353 172 352 172 394 7163 352 7163 347 7164 347 634 352 7165 1494 7166 347 634 1494 7166 345 632 665 7167 2401 7168 666 7169 666 7169 2401 7168 1130 7170 666 7169 1130 7170 1277 7171 1277 7171 1130 7170 1055 7172 1277 7171 1055 7172 1057 7173 2172 5529 1286 2085 2007 4756 2007 4756 1286 2085 1285 2084 2007 4756 1285 2084 2008 4757 2008 4757 1285 2084 1835 3665 2008 4757 1835 3665 2445 7174 2445 7174 1835 3665 968 7175 1421 7176 2316 6486 2446 7177 2446 7177 2316 6486 2317 6487 2446 7177 2317 6487 1386 2238 1386 2238 2317 6487 1381 2233 1386 2238 1381 2233 1387 2239 1387 2239 1381 2233 2350 6676 1819 3597 802 3595 954 7178 954 7179 802 6966 2416 6964 954 7180 2416 7181 2426 7182 2426 7183 2416 6964 1135 6962 2426 7184 1135 7185 2257 7186 2257 6043 1135 1825 1134 1824 2257 6043 1134 1824 2074 5078 2074 5078 1134 1824 249 1826 2074 5078 249 1826 1566 5080 1566 5080 249 1826 251 7187 1566 5080 251 7187 1561 7188 793 3450 2415 7189 1787 3451 1787 3451 2415 7189 2389 7190 1787 3451 2389 7190 1788 3453 864 7191 2447 7192 865 7193 865 7193 2447 7192 1432 2313 926 7194 928 7195 1560 7196 1560 7197 928 7198 1811 7199 1560 7197 1811 7199 1559 7200 851 7201 1793 7202 881 7203 881 7204 1793 7205 879 7206 880 2312 825 1341 1432 2313 1432 2313 825 1341 852 1387 1432 2313 852 1387 865 7193 883 7207 2109 7208 1485 7209 1485 7209 2109 7208 2087 7210 1485 7209 2087 7210 1058 7211 2448 7212 2449 7213 2450 7214 2450 7214 2449 7213 2451 7215 2450 7214 2451 7215 2445 7174 2445 7174 2451 7215 918 2325 2445 7174 918 2325 2008 4757 2008 4757 918 2325 2452 7216 2008 4757 2452 7216 2009 4758 2009 4758 2452 7216 166 7217 2009 4758 166 7217 1263 2050 1263 2050 166 7217 165 397 1263 2050 165 397 1264 2051 1264 2051 165 397 2453 7218 1264 2051 2453 7218 2173 5530 165 7219 167 7220 172 7221 172 7222 167 7223 2454 7224 172 7225 2454 7226 887 7227 887 7228 2454 7229 925 7230 998 7231 709 7232 1774 7233 1774 7233 709 7232 711 7234 1774 7233 711 7234 1776 7235 1776 7235 711 7234 1557 7236 1776 7235 1557 7236 2344 7237 2344 7237 1557 7236 246 7238 2344 7237 246 7238 242 7239 249 539 1941 539 250 7240 250 7241 1941 539 1940 7242 250 7243 1940 7244 1507 7245 1507 7246 1940 7247 1565 7248 1507 7246 1565 7248 1508 7249 1508 7249 1565 7248 1563 7250 1508 5109 1563 7251 2110 5299 1148 7252 1147 7253 921 7254 921 6648 1147 7255 2455 7256 921 6648 2455 7256 2346 6649 666 7257 1277 2073 664 3641 664 3641 1277 2073 1276 2072 664 3641 1276 2072 1831 3640 1831 3640 1276 2072 1707 3190 1831 3640 1707 3190 349 2017 349 2017 1707 3190 2243 5924 349 2017 2243 5924 1243 2015 1243 2015 2243 5924 2244 5925 1243 2015 2244 5925 1977 4614 1977 4614 2244 5925 2420 6996 1977 4614 2420 6996 1721 3234 1721 3234 2420 6996 1425 2302 1721 3234 1425 2302 1719 3232 1719 3232 1425 2302 1426 2304 1719 3232 1426 2304 1717 3230 1717 3230 1426 2304 945 7258 1717 3230 945 7258 1948 4386 1948 4386 945 7258 947 2306 1948 4386 947 2306 1364 2211 1364 2211 947 2306 1427 2305 1364 2211 1427 2305 809 2212 809 2212 1427 2305 2429 7259 809 2212 2429 7259 810 7260 810 7260 2429 7259 2456 7261 810 7260 2456 7261 2457 7262 1435 7263 903 7264 2458 7265 2458 7265 903 7264 2431 7054 2458 7265 2431 7054 1187 1916 1187 1916 2431 7054 2432 7056 1187 1916 2432 7056 1188 1917 1188 1917 2432 7056 2433 7057 1188 1917 2433 7057 1601 2870 2459 7266 2105 7267 2111 7268 2111 7268 2105 7267 643 7269 2412 6853 831 6534 2460 7270 2460 7270 831 6534 1909 4158 2460 7270 1909 4158 2461 7271 2461 7271 1909 4158 1896 4079 2461 7271 1896 4079 2462 7272 2462 7272 1896 4079 1895 4078 2462 7272 1895 4078 1902 7273 1902 7274 1895 4078 205 448 1902 7274 205 448 105 7275 912 7276 2329 7277 913 7278 913 7278 2329 7277 735 7279 913 7280 735 7281 1817 7282 952 3891 1872 3889 2463 7283 2463 7284 1872 3889 1185 1914 2463 7284 1185 1914 2464 7285 1806 7286 937 7287 1807 7288 1807 7288 937 7287 931 7289 635 2205 2411 6852 1361 2206 1361 2206 2411 6852 2412 6853 1361 2206 2412 6853 2367 6738 2367 6738 2412 6853 2460 7270 2367 6738 2460 7270 2337 6569 2337 6569 2460 7270 2461 7271 2337 6569 2461 7271 1814 3577 1814 3577 2461 7271 2462 7272 1814 3577 2462 7272 1813 3576 1813 3576 2462 7272 1902 7273 1813 3576 1902 4114 89 3575 1663 7290 1818 3596 1661 7291 1661 7291 1818 3596 1819 3597 1661 7292 1819 7293 953 7294 953 7294 1819 7293 954 7295 1563 7296 1562 7297 2110 7298 2110 7299 1562 7300 2465 7301 2110 7299 2465 7301 558 7302 558 7302 2465 7301 900 7303 558 7304 900 7305 559 7306 720 7307 1808 7308 892 7309 892 7310 1808 7311 933 7312 939 6541 2330 6542 940 1878 940 1878 2330 6542 1438 2323 940 1878 1438 2323 1163 1876 1163 1876 1438 2323 1437 2322 895 1475 2417 6987 909 1473 909 1473 2417 6987 1797 7313 909 1473 1797 7313 1272 2065 583 5446 2129 5397 1096 1756 1096 1756 2129 5397 2128 5396 1096 1756 2128 5396 2063 6000 2063 6000 2128 5396 2127 5395 2063 6000 2127 5395 1519 7314 1519 7315 2127 7316 1145 7317 1519 7315 1145 7317 1517 7318 1517 7319 1145 7320 1144 7321 1517 7322 1144 7323 1447 7324 102 7325 1495 2553 100 1889 100 1889 1495 2553 1978 4615 100 1889 1978 4615 1169 1890 1169 1890 1978 4615 1993 4678 1169 1890 1993 4678 2303 6420 2303 6420 1993 4678 1601 2870 2303 6420 1601 2870 2304 6421 2304 6421 1601 2870 2433 7057 2304 6421 2433 7057 1372 2223 1372 2223 2433 7057 1159 1867 1372 2223 1159 1867 1767 3394 1767 3394 1159 1867 902 1869 1767 3394 902 1869 751 3396 897 2328 1440 2327 1834 3657 1834 3657 1440 2327 1448 2344 1834 3657 1448 2344 1876 3913 1452 2350 2466 7326 1453 2351 1453 2351 2466 7326 911 1476 1453 2351 911 1476 913 1478 1953 7327 1954 7328 2266 7329 2266 7329 1954 7328 1424 2301 2266 7329 1424 2301 1046 7330 1046 7330 1424 2301 1047 2300 1918 7331 260 7332 2072 5071 2072 5071 260 7333 262 7334 2072 5071 262 7334 1259 3910 1259 3910 262 7334 67 7335 1259 3910 67 7335 1833 3655 1833 3655 67 7335 33 7336 1833 3655 33 7336 123 3656 956 7337 948 7338 2467 7339 2467 7339 948 7338 905 7340 1659 3073 1568 7341 2126 5385 2126 5385 1568 7341 1567 7342 2126 5385 1567 7343 2125 5384 2125 5384 1567 7343 600 2076 2125 5384 600 2076 1511 3075 1511 3075 600 2076 1279 2075 784 3421 779 7344 1777 3422 1777 3422 779 7344 1396 6815 1777 3422 1396 6815 2468 7345 2468 7345 1396 6815 2398 6816 2468 7345 2398 6816 2469 7346 2469 7346 2398 6816 2400 6818 2469 7346 2400 6818 2470 7347 1392 2249 2355 6708 1393 2250 1393 2250 2355 6708 2354 6707 1393 2250 2354 6707 2327 6519 2327 6519 2354 6707 1408 2282 2327 6519 1408 2282 1449 2345 1449 2345 1408 2282 1422 2330 1449 2345 1422 2330 1448 2344 1448 7348 1422 7349 974 7350 1448 2344 974 7351 1876 3913 1567 7352 1161 7353 2471 7354 2471 7354 1161 7353 1160 6711 2471 7354 1160 6711 808 7355 808 7355 1160 6711 2356 6712 304 4929 1887 7356 2049 4927 2049 4927 1887 7356 2438 7357 2049 4927 2438 7357 1445 2337 1445 2337 2438 7357 869 7358 1445 7359 869 7360 1203 7361 1517 7362 510 3579 1518 2626 1518 2626 510 3579 1815 3578 1518 2626 1815 3578 1520 2627 1520 2627 1815 3578 2307 6438 1520 2627 2307 6438 894 7363 408 7364 2472 7365 1262 2049 1262 2049 2472 7365 1458 2356 1262 2049 1458 2356 1179 1906 1179 1906 1458 2356 1460 2358 1179 1906 1460 2358 2464 7366 2464 7367 1460 7368 736 7369 1580 2809 1191 2808 2019 4824 2019 4824 1191 2808 2253 6014 2019 4824 2253 6014 2020 7370 2020 7371 2253 6014 2107 5276 2020 4827 2107 5276 2473 7372 2473 7372 2107 5276 2105 5274 2473 7372 2105 5274 430 2349 430 2349 2105 5274 2459 7373 430 1850 2459 7374 1146 1848 1115 2281 1369 7375 1408 2282 1408 2282 1369 7375 723 7376 1408 2282 723 7376 1422 2330 1422 2330 723 7376 715 7377 1422 2330 715 7377 717 2331 916 2336 904 7378 1445 2337 1445 2337 904 7378 1435 7263 1445 2337 1435 7263 2049 4927 2049 4927 1435 7263 2458 7265 2049 4927 2458 7265 2048 4926 2048 4926 2458 7265 1187 1916 2048 4926 1187 1916 2047 4925 2047 4925 1187 1916 1186 1915 2047 4925 1186 1915 2359 6715 2359 6715 1186 1915 1968 4603 2359 6715 1968 4603 2358 6714 2358 6714 1968 4603 1949 4387 2358 6714 1949 4387 2357 6713 2357 6713 1949 4387 1365 2213 2357 6713 1365 2213 2356 6712 2356 6712 1365 2213 809 2212 2356 6712 809 2212 808 7355 917 7379 2474 7380 2475 7381 2475 7381 2474 7380 2476 7382 2475 7381 2476 7382 2477 7383 920 7384 1564 7384 921 7385 921 7386 1564 7387 1565 7388 921 7389 1565 7390 1940 7390 2341 6590 2478 7391 2479 7392 2479 7392 2478 7391 2480 7393 2479 7392 2480 7393 2447 7394 2447 7394 2480 7393 2481 7395 2447 7394 2481 7395 1432 7396 1179 1906 2464 7397 1180 1907 1180 1907 2464 7398 1185 1914 1180 1907 1185 1914 843 4664 843 4664 1185 1914 844 1913 826 7399 828 7400 864 7401 864 7402 828 7403 2424 7404 864 7405 2424 7039 2447 7406 2447 7406 2424 7039 873 7040 2447 7406 873 7040 2479 7407 2479 7407 873 7040 872 7408 2479 7409 872 7410 862 7411 2482 7412 2483 7413 2484 7414 2484 7414 2483 7413 2485 7415 2484 7414 2485 7415 2486 7416 2474 7380 1888 7417 2476 7382 2476 7382 1888 7417 166 7217 2476 7382 166 7217 2477 7383 2477 7383 166 7217 2452 7216 2477 7383 2452 7216 2475 7381 2475 7381 2452 7216 918 2325 2475 7381 918 2325 917 7379 2429 7259 1567 7418 2456 7261 2456 7261 1567 7419 2471 7354 2456 7261 2471 7354 2457 7262 2457 7262 2471 7354 808 7355 2457 7262 808 7355 810 7260 2404 6829 2487 7420 2402 6827 2402 7421 2487 7422 2488 7423 2402 7421 2488 7423 2489 7424 2489 7424 2488 7423 2490 7425 2489 7424 2490 7425 2491 7426 2491 7426 2490 7425 2492 7427 2491 7426 2492 7427 2493 7428 2493 7428 2492 7427 2494 7429 2493 7428 2494 7429 2495 7430 2495 7430 2494 7429 2496 7431 2495 7430 2496 7431 2497 7432 2497 7432 2496 7431 2498 7433 2497 7434 2498 7435 2499 7436 2499 7436 2498 7435 2500 7437 2499 7436 2500 7437 2501 7438 2501 7438 2500 7437 2275 6850 2501 7438 2275 6850 2502 7439 2502 7439 2275 6850 2410 6849 1196 7440 1959 7441 1212 1950 1212 1950 1959 7441 1942 4367 1212 1950 1942 4367 1957 4426 1957 4426 1942 4367 1631 2968 1957 4426 1631 2968 1956 4425 1956 4425 1631 2968 1633 2970 1956 4425 1633 2970 1987 4644 1987 4644 1633 2970 1634 2971 1987 4644 1634 2971 1910 4159 1910 4159 1634 2971 297 567 1910 4159 297 567 206 449 206 449 297 567 988 1601 206 449 988 1601 204 7442 1056 1697 1055 1696 924 7443 924 7443 1055 1696 890 1819 924 7443 890 1819 923 7444 1163 2339 1437 7445 878 1841 878 1841 1437 7445 1436 7446 878 1841 1436 7446 1141 1839 431 7447 1146 7448 445 7449 445 7449 1146 7448 2459 7450 445 7449 2459 7450 914 7451 914 7452 2459 7453 2111 7454 797 7455 899 5301 874 7456 874 7456 899 5301 1799 5300 2275 7457 2500 7458 2276 7459 2276 7459 2500 7458 2498 7460 2276 7459 2498 7460 2503 7461 2503 7462 2498 7463 2496 7464 2503 7465 2496 7466 1140 7467 1140 1832 2496 7468 2494 7469 1140 1832 2494 7469 1138 1830 1766 7470 1764 7470 2504 7470 2504 539 1764 539 1810 539 2504 539 1810 539 2505 539 2505 539 1810 539 1811 539 2505 539 1811 539 2506 539 2506 7471 1811 7471 928 7471 2506 7472 928 7472 2507 7472 898 7473 1152 7474 896 7475 896 2329 1152 1857 1154 1859 896 2329 1154 1859 1440 2327 1440 2327 1154 1859 734 7476 1440 2327 734 7476 1449 2345 1449 2345 734 7477 733 7478 1449 2345 733 7478 2327 6519 770 1252 777 1254 771 7479 771 7480 777 7481 2364 7482 771 7483 2364 7484 1569 7485 1569 7486 2364 7487 927 7488 1569 7486 927 7488 926 7489 741 1207 742 1209 1 7490 1 7491 742 7492 2286 7493 1 7491 2286 7493 3 7494 862 7411 892 7495 2479 7409 2479 7409 892 7495 933 7496 2479 7409 933 7496 2341 7497 2341 7497 933 7496 932 7498 2341 7497 932 7498 2339 7499 2339 7499 932 7498 722 7500 2339 7501 722 6432 1325 2157 1325 2157 722 6432 612 6434 1325 2157 612 6434 589 2155 749 2255 916 2336 1383 2235 1383 2235 916 2336 2419 6993 1383 2235 2419 6993 1384 2236 1384 2236 2419 6993 2418 6990 1384 2236 2418 6990 2314 6463 2314 6463 2418 6990 1419 2294 2314 6463 1419 2294 2385 6798 2385 6798 1419 2294 1418 2293 2385 6798 1418 2293 2386 6799 2386 6799 1418 2293 2508 7502 2386 6799 2508 7502 2387 6800 2387 6800 2508 7502 832 6851 2387 6800 832 6851 2388 6801 2388 6801 832 6851 2411 6852 2388 6801 2411 6852 2176 5546 2176 5546 2411 6852 635 5116 2176 5546 635 5116 2091 5547 2091 5547 635 5116 2080 5118 2091 5547 2080 5118 517 7503 2494 7469 2492 7504 1138 1830 1138 1830 2492 7504 2490 7505 1138 1830 2490 7505 1588 2836 1588 2836 2490 7505 2488 7506 1588 2836 2488 7506 2422 7507 2422 7508 2488 7509 2487 7510 2422 7511 2487 7512 1377 7513 1377 7514 2487 7515 2404 7516 1377 7517 2404 7518 1400 7519 1400 5884 2404 7520 2406 7521 1400 5884 2406 7521 2236 5885 1105 539 1104 7522 2308 7523 2308 7523 1104 7522 1762 7524 2308 7523 1762 7524 2380 7525 2380 7526 1762 7527 2509 7528 2380 7529 2509 7530 2365 7531 2365 7532 2509 7533 2507 7534 2365 7535 2507 7536 927 7536 927 539 2507 539 928 539 876 1424 1450 2346 2343 6600 2343 6600 1450 2346 2331 6543 2343 6600 2331 6543 2159 5469 2159 5469 2331 6543 2335 6567 2159 5469 2335 6567 2158 5468 1012 6012 1918 7331 2108 5277 2108 5277 1918 7331 2072 5071 2108 5277 2072 5071 2106 5275 2106 5275 2072 5071 2071 5069 2106 5275 2071 5069 2167 5495 2167 5495 2071 5069 1330 2164 2167 5495 1330 2164 1027 2163 351 637 353 639 965 7537 965 7537 353 639 2444 7538 965 7539 2444 7540 2025 7541 2025 7541 2444 7540 2442 7542 2025 7541 2442 7542 2027 7543 2027 7543 2442 7542 2440 7544 2027 7543 2440 7544 2390 6228 2390 6228 2440 7544 2510 7545 2390 6228 2510 7545 2391 7546 2391 7546 2510 7545 2511 7547 2391 7546 2511 7547 2393 7548 2393 7548 2511 7547 2512 7549 2393 7548 2512 7549 2395 7550 2395 7550 2512 7549 1129 7551 2395 7550 1129 7551 2396 7552 2396 7552 1129 7551 1128 7553 2396 7552 1128 7553 2397 7554 2397 7554 1128 7553 710 7555 2397 7556 710 7557 709 7558 2464 7559 736 7560 2463 7561 2463 7562 736 7563 738 7564 820 1335 822 1337 1763 7565 1763 7566 822 7567 2513 7568 1763 7569 2513 7570 1764 7571 1764 7572 2513 7573 1809 7574 1764 7575 1809 3566 1810 3568 950 7576 952 7577 944 1860 944 1860 952 7577 2463 7578 944 1860 2463 7578 738 1861 935 7579 934 7580 1429 7581 1429 7581 934 7580 2069 7582 1857 3857 398 1946 1863 3856 1863 3856 398 1946 1210 1945 1863 3856 1210 1945 1420 2295 1420 2295 1210 1945 2514 7583 1420 2295 2514 7583 1418 2293 1418 2293 2514 7583 1456 2354 1418 2293 1456 2354 2508 7502 2508 7502 1456 2354 1455 2353 2508 7502 1455 2353 832 6851 1037 7584 857 7585 2067 7586 2067 7586 857 7585 856 7587 2067 7586 856 7587 915 7588 915 7589 856 7590 908 7591 915 7592 908 7593 914 7594 1433 6482 2423 7005 1379 2231 1379 2231 2423 7005 2422 7004 1379 2231 2422 7004 1377 7595 1433 6482 1432 7396 2423 7005 2423 7005 1432 7396 2481 7395 2423 7005 2481 7395 1587 7007 1587 7007 2481 7395 2480 7393 1587 7007 2480 7393 1202 1934 1202 1934 2480 7393 2478 7391 1202 1934 2478 7391 1139 1935 1139 1935 2478 7391 2341 6590 1139 1935 2341 6590 1140 7596 1140 7596 2341 6590 2340 6589 1140 7596 2340 6589 2503 7597 2503 7597 2340 6589 1402 2265 2503 7597 1402 2265 2276 7598 2276 7598 1402 2265 1324 2264 2276 7598 1324 2264 2274 7599 2274 7599 1324 2264 2113 5332 2274 7600 2113 5332 2272 7601 2272 7601 2113 5332 2082 5129 2272 7601 2082 5129 1678 7602 1678 7602 2082 5129 1677 5131 430 2349 1451 2348 2473 7372 2473 7372 1451 2348 1795 3488 2473 7372 1795 3488 2020 4827 1766 6725 2504 7603 2312 6458 2312 6458 2504 7603 2515 7604 2312 6458 2515 7604 2353 6694 2353 6694 2515 7604 2516 7605 2353 6694 2516 7605 1412 2287 1412 2287 2516 7605 2517 7606 1412 2287 2517 7606 1413 2288 1421 2296 1422 2298 2316 7607 2316 7607 1422 2298 1375 7608 2316 6486 1375 2226 1382 2234 956 7609 1107 7610 949 7611 949 7612 1107 7613 941 7614 1705 3188 2066 7615 1706 3189 1706 3189 2066 7615 1447 7616 1706 3189 1447 7616 2245 5926 2245 5926 1447 7616 1446 7617 2245 5926 1446 7617 945 6995 945 7618 1446 2342 1144 2341 945 7618 1144 2341 946 7619 946 7620 1144 7621 1143 5394 946 7620 1143 5394 2430 7622 2430 7622 1143 5394 2129 5397 2430 7623 2129 7624 2429 7625 2505 7626 2506 7627 2518 7628 2518 7628 2506 7627 1556 2714 2518 7628 1556 2714 2519 7629 2519 7629 1556 2714 812 1325 2519 7629 812 1325 2212 5756 2212 5756 812 1325 806 1327 2212 5756 806 7630 2210 5754 1551 2708 2520 7631 1552 2709 1552 2709 2520 7631 2521 7632 1552 2709 2521 7632 1554 2711 1554 2711 2521 7632 2522 7633 1554 2711 2522 7633 2523 7634 2523 7634 2522 7633 2448 7212 2523 7634 2448 7212 2524 7635 2524 7635 2448 7212 2450 7214 2445 7174 968 7636 2450 7214 2450 7637 968 7638 967 7639 2450 7214 967 7640 2524 7635 2524 7641 967 7642 1131 7643 2524 7635 1131 7644 2523 7634 2523 7634 1131 1821 1823 3614 2523 7634 1823 3614 1554 2711 1554 2711 1823 3614 1824 3615 1554 2711 1824 3615 1553 2710 805 3387 807 7645 1762 3385 1762 7646 807 2712 1555 2713 1762 7646 1555 2713 2509 7647 2509 7647 1555 2713 1556 2714 2509 7647 1556 2714 2507 7648 2507 7649 1556 2714 2506 7627 2482 7412 2525 7650 2483 7413 2483 7413 2525 7650 2526 7651 2483 7413 2526 7651 2485 7415 2485 7415 2526 7651 2527 7652 2485 7415 2527 7652 2486 7416 1735 5779 2152 7653 2214 5777 2214 5777 2152 7653 2079 7654 2214 5777 2079 7654 2247 7655 2247 7655 2079 7654 934 7656 2247 7657 934 7658 2414 7659 2414 6913 934 7660 936 7661 2414 6913 936 7661 1748 3332 1748 3332 936 7661 2349 7662 1748 3332 2349 7662 1749 3333 686 539 688 539 2407 539 2407 7663 688 7663 2405 7663 2407 539 2405 539 2408 539 2408 539 2405 539 2403 539 2408 7664 2403 7664 2409 7664 2409 539 2403 539 2402 539 2409 539 2402 539 2410 539 2410 539 2402 539 2489 539 2410 539 2489 539 2502 539 2502 539 2489 539 2491 539 2502 539 2491 539 2501 539 2501 539 2491 539 2493 539 2501 539 2493 539 2499 539 2499 539 2493 539 2495 539 2499 7665 2495 7665 2497 7665 780 7666 1761 7667 899 7668 899 5301 1761 7669 295 565 899 5301 295 565 2239 5897 2239 5897 295 565 297 567 2239 5897 297 567 539 5895 1562 7670 1564 7671 2465 7672 2465 7672 1564 7671 920 7673 2465 7674 920 7675 900 7676 900 7676 920 7675 2285 7677 900 7676 2285 7677 901 7678 901 7678 2285 7677 1074 7679 901 7678 1074 7679 1073 7680 1549 6393 2301 6395 1550 2707 1550 2707 2301 6395 2384 6796 1550 2707 2384 6796 815 1330 815 1330 2384 6796 1439 2326 815 1330 1439 2326 2399 6817 2399 6817 1439 2326 918 2325 2399 6817 918 2325 2400 6818 2400 6818 918 2325 2451 7215 2400 6818 2451 7215 2470 7347 2470 7347 2451 7215 2449 7213 2470 7347 2449 7213 2469 7346 2469 7346 2449 7213 2448 7212 2469 7346 2448 7212 2468 7345 2468 7345 2448 7212 2522 7633 2468 7345 2522 7633 1777 3422 1777 3422 2522 7633 2521 7681 1777 3422 2521 7681 785 7682 1797 7683 1451 7684 1272 2065 1272 2065 1451 7684 429 7685 1272 2065 429 7685 648 1765 1697 6591 1443 2334 2342 6592 2342 6592 1443 2334 1442 2333 2342 6592 1442 2333 2144 6593 2144 6593 1442 2333 2142 5736 2173 5530 929 1507 2172 5529 2172 5529 929 1507 2088 5167 2172 5529 2088 7686 1286 2085 1286 7687 2088 7688 506 7689 1286 7687 506 7689 1680 7690 821 6698 721 6696 822 7691 822 7692 721 7693 891 7694 822 7692 891 7694 2513 7695 2513 7696 891 7697 861 7698 2513 7696 861 7698 1809 7699 1107 7700 956 7701 1812 7702 1812 7702 956 7701 2467 7703 395 700 1022 7704 394 698 394 698 1022 7704 1021 7705 394 7706 1021 7707 1004 7708 1004 7708 1021 7707 1020 7709 1004 7708 1020 7709 1003 7710 1003 7710 1020 7709 2026 7711 1003 7710 2026 7711 2443 7712 2443 7712 2026 7711 2028 7713 2443 7712 2028 7713 2441 7714 2441 7714 2028 7713 2392 7715 2441 7714 2392 7715 2439 7716 2439 7716 2392 7715 2394 7717 2439 7716 2394 7717 2528 7718 2528 7718 2394 7717 1083 7719 2528 7718 1083 7719 1156 7720 1156 7720 1083 7719 1085 7721 1156 7720 1085 7721 1157 7722 1157 7722 1085 7721 1084 7723 1157 7724 1084 7725 1158 7726 1158 7726 1084 7725 247 7727 1158 7726 247 7727 2326 7728 905 7729 907 7730 2467 7731 2467 7732 907 7733 1812 7734 800 3594 1818 3596 1147 7735 1147 7735 1818 3596 1663 7290 1147 7735 1663 7290 2455 7736 2455 7736 1663 7290 1150 7737 2455 7736 1150 7737 2346 7738 2346 7739 1150 7740 1149 1854 2346 7739 1149 1854 1462 2361 1462 2361 1149 1854 1151 1856 1462 2361 1151 1856 1461 2359 1461 2359 1151 1856 1150 7741 1461 7742 1150 7743 1662 7744 898 7745 1452 7746 1152 7747 1152 7748 1452 2350 1454 2352 1152 7748 1454 2352 1153 7749 1153 7749 1454 2352 1453 2351 1153 7750 1453 7751 1817 7752 1817 7752 1453 7751 913 7753 912 7754 2526 7651 2329 6526 2329 6526 2526 7651 2525 7650 2329 6526 2525 7650 2328 6524 2328 6524 2525 7650 2482 7412 2328 6524 2482 7412 1391 7755 1391 7755 2482 7412 2484 7414 1391 7755 2484 7414 1392 2249 1392 2249 2484 7414 2486 7416 1392 2249 2486 7416 2355 6708 2355 6708 2486 7416 2529 7756 2355 6708 2529 7756 1537 7757 1537 7758 2529 7759 2322 7760 1537 2676 2322 7761 1538 2677 785 6547 2521 7762 2332 6548 2332 6548 2521 7632 2520 7631 2332 6548 2520 7631 2290 6242 2290 6242 2520 7631 1551 2708 2290 6242 1551 2708 2350 6676 2350 6676 1551 2708 1553 2710 2350 6676 1553 2710 1387 2239 1387 2239 1553 2710 1824 3615 1387 2239 1824 3615 1385 2237 1385 2237 1824 3615 1133 1823 1385 2237 1133 1823 1386 2238 1386 2238 1133 1823 1132 1822 1386 2238 1132 1822 2446 7177 2446 7177 1132 1822 1894 4198 2446 7177 1894 4198 1421 7763 1421 7763 1894 4198 974 7764 165 397 173 399 2453 7218 2453 7218 173 399 2437 7120 2453 7218 2437 7120 2173 5530 2173 5530 2437 7120 2436 7119 2173 5530 2436 7119 929 1507 929 1507 2436 7119 2435 7118 929 1507 2435 7118 930 1508 930 1508 2435 7118 1950 4388 930 1508 1950 4388 1291 2093 1291 2093 1950 4388 1816 3580 1291 2093 1816 3580 505 2094 1812 3574 1434 2316 1433 6485 1433 6485 1434 2316 881 2315 1433 6485 881 2315 880 7765 1820 3611 1822 3613 1910 4159 1910 4159 1822 3613 1457 2355 1910 4159 1457 2355 1987 4644 1987 4644 1457 2355 1456 2354 1987 4644 1456 2354 1986 4643 1986 4643 1456 2354 2514 7583 1986 4643 2514 7583 1234 1995 1234 1995 2514 7583 1210 1945 1234 1995 1210 1945 1235 1996 1235 1996 1210 1945 397 1947 1235 1996 397 1947 1233 1994 1233 7766 397 7767 321 7768 1233 1994 321 7769 2222 5806 1808 7770 1807 7771 933 7772 933 7773 1807 7774 931 7775 912 7776 2530 7777 2526 7651 2526 7651 2530 7777 2531 7778 2526 7651 2531 7778 2527 7652 408 7779 101 1888 2472 7365 2472 7365 101 1888 1169 1890 2472 7365 1169 1890 1458 2356 1458 2356 1169 1890 2303 6420 1458 2356 2303 6420 1459 2357 1459 2357 2303 6420 1758 3370 1459 2357 1758 3370 2333 6565 2333 6565 1758 3370 1760 3372 2333 6565 1760 3372 2334 6566 2334 6566 1760 3372 1388 2242 2334 6566 1388 2242 2335 6567 2335 6567 1388 2242 1390 2244 2335 6567 1390 2244 2158 5468 2158 5468 1390 2244 1274 2067 2158 5468 1274 2067 2157 5467 2157 5467 1274 2067 1293 5047 2454 7780 167 7781 925 7782 925 7782 167 7781 1890 4000 925 7782 1890 4000 898 7783 898 7783 1890 4000 1889 3999 898 7783 1889 3999 1452 2350 1452 2350 1889 3999 1888 7784 1452 2350 1888 7784 2466 7326 2466 7326 1888 7417 2474 7380 2466 7326 2474 7380 911 1476 911 1476 2474 7380 917 7379 911 1476 917 7379 912 7785 912 7786 917 7787 919 7788 912 7789 919 2324 2530 7777 2530 7777 919 2324 1439 2326 2530 7777 1439 2326 2531 7778 2531 7778 1439 2326 2347 6668 2531 7778 2347 6668 2527 7652 2527 7652 2347 6668 1367 2215 2527 7652 1367 2215 2486 7416 2486 7416 1367 2215 1366 2214 2504 7603 2505 7626 2515 7604 2515 7604 2505 7626 2518 7628 2515 7604 2518 7628 2516 7605 2516 7605 2518 7628 2519 7629 2516 7605 2519 7629 2517 7606 2517 7606 2519 7629 2212 5756 2517 7606 2212 5756 1413 2288 1413 2288 2212 5756 2211 5755 1413 2288 2211 5755 679 5656 679 5656 2211 5755 680 5518 774 7790 1461 7742 2532 7791 2532 7791 1461 7742 1662 7744 2532 7792 1662 7793 955 7028 955 7028 1662 7793 1661 7794 955 7028 1661 7794 953 7795 711 7796 710 172 1158 172 1158 172 710 172 1129 172 1158 7797 1129 7797 1156 7797 1156 172 1129 172 2512 172 1156 172 2512 172 2528 172 2528 172 2512 172 2511 172 2528 172 2511 172 2439 172 2439 7798 2511 7798 2510 7798 2439 172 2510 172 2440 172 774 7799 2532 7792 1790 3458 1790 3458 2532 7792 955 7028 1790 3458 955 7028 1791 3460 1791 3460 955 7028 2428 7026 1791 3460 2428 7026 1328 2161 1328 2161 2428 7026 2427 7021 1328 2161 2427 7021 1329 2162 1329 2162 2427 7021 2425 7019 1329 2162 2425 7019 2255 6020 2255 6020 2425 7019 2257 7018 2255 6020 2257 7018 2256 6022 1567 7800 2429 7801 584 7802 584 7802 2429 7801 2129 5397 584 7802 2129 5397 585 7803 585 7803 2129 5397 583 5446</p>
        </triangles>
      </mesh>
    </geometry>
  </library_geometries>
  <library_visual_scenes>
    <visual_scene id="Scene" name="Scene">
      <node id="f_1-06vxh12-a00_lk2" name="f_1-06vxh12-a00_lk2" type="NODE">
        <matrix sid="transform">1 0 0 -0.155 0 1 0 0 0 0 1 -0.45 0 0 0 1</matrix>
        <instance_geometry url="#f_1-06vxh12-a00_lk2_1-mesh" name="f_1-06vxh12-a00_lk2">
          <bind_material>
            <technique_common>
              <instance_material symbol="Surface_3_001-material" target="#Surface_3_001-material"/>
              <instance_material symbol="Surface_1_002-material" target="#Surface_1_002-material"/>
            </technique_common>
          </bind_material>
        </instance_geometry>
      </node>
    </visual_scene>
  </library_visual_scenes>
  <scene>
    <instance_visual_scene url="#Scene"/>
  </scene>
</COLLADA>