<?xml version="1.0" encoding="utf-8"?>
<COLLADA xmlns="http://www.collada.org/2005/11/COLLADASchema" version="1.4.1" xmlns:xsi="http://www.w3.org/2001/XMLSchema-instance">
  <asset>
    <contributor>
      <author>Blender User</author>
      <authoring_tool>Blender 4.2.0 commit date:2024-07-16, commit time:06:20, hash:a51f293548ad</authoring_tool>
    </contributor>
    <created>2025-03-20T13:12:44</created>
    <modified>2025-03-20T13:12:44</modified>
    <unit name="meter" meter="1"/>
    <up_axis>Z_UP</up_axis>
  </asset>
  <library_effects>
    <effect id="Surface_3-effect">
      <profile_COMMON>
        <technique sid="common">
          <lambert>
            <emission>
              <color sid="emission">0 0 0 1</color>
            </emission>
            <diffuse>
              <color sid="diffuse">0 0.200784 0.4 1</color>
            </diffuse>
            <index_of_refraction>
              <float sid="ior">1</float>
            </index_of_refraction>
          </lambert>
        </technique>
      </profile_COMMON>
    </effect>
    <effect id="Surface_1_001-effect">
      <profile_COMMON>
        <technique sid="common">
          <lambert>
            <emission>
              <color sid="emission">0 0 0 1</color>
            </emission>
            <diffuse>
              <color sid="diffuse">0 0 0 1</color>
            </diffuse>
            <index_of_refraction>
              <float sid="ior">1</float>
            </index_of_refraction>
          </lambert>
        </technique>
      </profile_COMMON>
    </effect>
  </library_effects>
  <library_images/>
  <library_materials>
    <material id="Surface_3-material" name="Surface_3">
      <instance_effect url="#Surface_3-effect"/>
    </material>
    <material id="Surface_1_001-material" name="Surface_1.001">
      <instance_effect url="#Surface_1_001-effect"/>
    </material>
  </library_materials>
  <library_geometries>
    <geometry id="f_1-06vxh12-a00_lk1_1-mesh" name="f_1-06vxh12-a00_lk1_1">
      <mesh>
        <source id="f_1-06vxh12-a00_lk1_1-mesh-positions">
          <float_array id="f_1-06vxh12-a00_lk1_1-mesh-positions-array" count="13629">0.07897496 0.09615296 0.442016 0.078754 0.100377 0.439771 0.078754 0.09597396 0.436446 0.07934397 0.101815 0.43894 0.07934397 0.09750097 0.434783 0.132688 0.164633 0.492808 0.134014 0.167778 0.489483 0.128488 0.168407 0.492393 0.190306 0.09795099 0.513425 0.187653 0.09174996 0.513175 0.192664 0.09192997 0.512427 -0.067501 -6e-6 0.195533 -0.064996 -0.01815897 0.195533 -0.064996 0.01823794 0.195533 0.213073 0.141986 0.45806 0.212778 0.118351 0.458392 0.2172729 0.118441 0.457977 0.133056 0.164723 0.487821 0.18979 0.09058195 0.511679 0.185811 0.09058195 0.509684 0.129004 0.164363 0.492143 0.193179 0.09165996 0.506026 0.187064 0.09174996 0.506525 0.1900849 0.09237897 0.503782 0.184485 0.09192997 0.511513 -0.064996 -0.02669596 0.247241 -0.06492197 -0.02831399 0.21748 -0.06330096 -0.02885299 0.21748 0.157518 0.142166 0.513757 0.1572239 0.118351 0.513009 0.159139 0.118351 0.513924 0.170044 0.142166 0.498129 0.172181 0.142166 0.488569 0.167612 0.142076 0.512261 -0.02852398 -0.06399196 0.24749 -0.02822899 -0.06497997 0.21748 -0.026461 -0.06417095 0.21748 -0.02638697 -0.06372195 0.207504 -0.02587199 -0.06048697 0.207421 -0.026093 -0.05904895 0.23236 -0.06448 -0.032718 0.24749 -0.06462699 -0.032718 0.21748 -0.06330096 -0.03388595 0.21748 -0.06366896 -0.03568297 0.21748 -0.05084896 -0.03936797 0.24749 -0.06440597 -0.03846895 0.24749 -0.064112 -0.03855895 0.21748 -0.03869199 -0.06462097 0.24749 -0.03154498 -0.06444096 0.24749 -0.03346097 -0.06399196 0.24749 -0.02660799 -0.06488996 0.24749 -0.06448 -0.03676199 0.24749 -0.06477499 -0.03694099 0.21748 -0.03655499 -0.06480097 0.217563 -0.03655499 -0.06444096 0.24749 -0.06506896 -0.03981697 0.259461 -0.064996 -0.03963696 0.24749 -0.06506896 0.03881698 0.24749 0.2107149 0.118351 0.473938 0.216978 0.118351 0.46604 0.215652 0.118441 0.467952 -0.03891295 -0.06480097 0.259627 -0.04009199 -0.050152 0.259461 0.02673596 -0.140829 0.250649 0.02968299 -0.137324 0.241255 0.02813595 -0.138133 0.246326 0.146687 0.17344 0.483664 0.149856 0.185842 0.476432 0.1447719 0.164813 0.487987 0.18198 0.185392 0.447835 0.174759 0.186021 0.436612 0.178296 0.186651 0.442847 0.167612 0.118351 0.511762 0.169233 0.118351 0.512427 -0.06138497 -0.02948194 0.25971 -0.063964 -0.03514397 0.25971 -0.06344795 -0.03029096 0.24749 0.128415 0.164184 0.494471 0.141456 0.164004 0.494471 0.1364459 0.164543 0.495219 -0.06330096 -0.03613299 0.24749 0.140056 0.142166 0.511845 0.1300359 0.141986 0.494471 0.136961 0.141986 0.505611 0.217346 0.118351 0.435531 0.217936 0.142076 0.437277 0.216831 0.118441 0.437693 -0.05696499 -0.03927797 0.265779 -0.06042695 -0.03873896 0.259627 -0.05593299 -0.03810995 0.259627 0.219778 0.07844901 0.47718 0.219925 0.07844901 0.488984 0.218967 0.07853895 0.47851 0.208947 0.141896 0.428715 0.208947 0.141986 0.423561 0.2098309 0.141896 0.468451 0.206073 0.07853895 0.489151 0.20541 0.09049201 0.489733 0.1961269 0.09049201 0.499791 -0.02520799 -0.05913895 0.259461 -0.02623999 -0.05958795 0.259461 -0.026829 -0.06497997 0.259544 -0.064996 0.02695494 0.20767 -0.06042695 0.02587598 0.207421 -0.05969095 0.02614599 0.217563 0.127825 0.164633 0.478676 0.219115 0.142076 0.444593 0.218894 0.118351 0.446006 0.217494 0.118441 0.444011 0.214178 0.07844901 0.476099 0.2142519 0.09049201 0.474769 0.214547 0.09049201 0.476182 0.21941 0.07844901 0.481586 0.192074 0.09058195 0.508686 0.1895689 0.09058195 0.504364 0.1300359 0.167599 0.487405 0.03896695 -0.05167996 0.21748 0.03904098 -0.05140995 0.207421 0.04545098 -0.04547899 0.207504 -0.03802895 -0.04655694 0.283402 -0.03773397 -0.05167996 0.283402 -0.03795498 -0.05114096 0.307011 0.1948 0.09049201 0.515087 0.137035 0.141986 0.510848 0.03874599 -0.06327295 0.21748 0.038378 -0.06435096 0.21748 -0.006198942 -0.06372195 0.283402 -0.007156968 -0.06381195 0.259461 0.01236796 -0.063093 0.259461 0.1900849 0.09750097 0.503782 0.147056 0.141986 0.51276 0.145656 0.141986 0.491063 0.146982 0.141986 0.508021 -0.06440597 0.03657096 0.24749 -0.06492197 0.03782898 0.21748 -0.063964 0.03648096 0.21748 0.02901995 -0.06381195 0.21748 0.03115695 -0.06336295 0.21748 0.03086197 -0.063452 0.24749 0.03624099 -0.06506997 0.21748 0.03174597 -0.06453096 0.21748 0.128562 0.164543 0.48807 -0.063964 0.03845798 0.24749 0.005442976 -0.06417095 0.307095 0.003968954 -0.06390196 0.283319 0.005957961 -0.06246399 0.283402 -0.05917495 -0.02445 0.283402 -0.05792194 -0.02579796 0.307011 -0.05917495 -0.02399998 0.307011 -0.02800798 -0.05698198 0.307011 -0.02476596 -0.05850994 0.307095 -0.02366095 -0.05365699 0.306928 -0.05445897 -0.02148395 0.307011 -0.05438596 -0.02130395 0.283402 -0.05792194 -0.02229297 0.283402 -0.06138497 -0.01600199 0.307011 -0.06241697 -0.01420497 0.283402 -0.06116396 -0.01600199 0.283402 -0.06418496 -6e-6 0.259461 -0.064112 -6e-6 0.271432 -0.063964 -9.94e-4 0.283402 0.06497597 -0.03846895 0.20767 0.05105096 -0.03918796 0.207504 0.02887296 -0.06336295 0.24749 0.03506195 -0.06363195 0.24749 0.02784097 -0.06497997 0.24749 0.03270399 -0.06497997 0.24749 -0.007229983 -0.06426095 0.307095 -0.007966995 -0.06228399 0.283402 -0.063964 0.02848297 0.24749 -0.06440597 0.03153795 0.24749 -0.06285899 -0.00593698 0.307011 -0.06388998 -0.004139959 0.283319 -0.06271195 -0.00593698 0.283402 0.03999799 -0.06488996 0.24749 0.03999799 -0.06497997 0.259544 -0.03095495 0.06461 0.21748 -0.03699696 0.064879 0.217563 -0.03611296 0.06344097 0.21748 0.06497597 -0.02687597 0.20767 0.06048196 -0.02579796 0.207421 0.05967098 -0.02606695 0.217563 0.194653 0.164363 0.478011 0.198116 0.167688 0.474437 0.192885 0.168138 0.476598 0.197453 0.164543 0.473688 0.194506 0.167778 0.470945 -0.06219595 0.01778799 0.307095 -0.06072199 0.01787799 0.283402 -0.06190097 0.01626098 0.283402 0.195906 0.164633 0.470862 0.192664 0.164543 0.472857 0.03926199 -0.05689197 0.265779 0.03867197 -0.06048697 0.259627 0.03808295 -0.05599296 0.259627 0.179475 0.118351 0.509185 0.180875 0.141986 0.507855 0.179033 0.141986 0.509185 -0.04222899 -0.03828895 0.307095 -0.04134398 -0.03846895 0.315325 -0.04937499 -0.028494 0.314992 0.01443099 -0.06237399 0.283402 0.01273697 -0.062913 0.307095 0.01229494 -0.06183499 0.283402 -0.05807 -0.02211296 0.307011 0.192516 0.164543 0.461718 0.186769 0.164633 0.47319 0.194579 0.164543 0.452573 -0.04819697 -0.01501399 0.307178 -0.03854495 -0.01716995 0.307178 -0.06226897 -0.01258695 0.307095 0.199442 0.164363 0.476598 0.197895 0.142076 0.477762 0.1995159 0.141986 0.475019 0.172475 0.150074 0.504364 0.173138 0.141986 0.504613 0.1835269 0.141986 0.499376 0.201505 0.118351 0.487987 0.206737 0.118351 0.487738 0.206147 0.141986 0.487987 0.176454 0.141986 0.504447 -0.05460697 -0.01806896 0.307011 0.169602 0.150074 0.499875 0.174759 0.149805 0.495884 0.17277 0.142076 0.387898 0.172917 0.118441 0.389311 0.171296 0.118351 0.388147 0.178812 0.118351 0.395379 -10e-6 -0.03927797 0.329956 -0.005314946 -0.03972697 0.32954 0.01605194 -0.03640198 0.329623 0.09798496 0.141986 0.449996 0.09864795 0.141986 0.438607 0.09813195 0.141986 0.460886 0.155308 0.01167696 0.51542 0.1584759 0.01599097 0.515087 0.152729 0.01455295 0.515087 -0.01562994 -0.03604298 0.329706 -0.02616596 -0.029392 0.329457 0.02128398 -0.05401599 0.306928 0.02644097 -0.05392599 0.307011 -0.01842999 -0.05482494 0.306928 0.099164 0.150074 0.437942 0.06401795 -0.028494 0.24749 0.064902 -0.03864896 0.24749 0.06438696 -0.03154897 0.24749 0.179991 0.141986 0.391722 0.1796219 0.118351 0.392304 0.173065 0.141986 0.395213 0.176675 0.118351 0.39646 0.172991 0.118351 0.394382 -0.05143898 0.03791898 0.307011 -0.007082998 0.04187297 0.307095 -0.04657596 0.03800898 0.306928 0.09547996 0.142076 0.472774 0.09636396 0.118441 0.472441 0.095995 0.118351 0.474769 -0.03928095 0.05688095 0.265779 -0.03869199 0.060476 0.259627 -0.03810197 0.05598199 0.259627 0.04972398 0.04115396 0.259461 0.03918796 0.05103999 0.207421 0.03911399 0.05112898 0.24749 0.06445997 0.03270596 0.24749 0.06505 0.02668499 0.247241 0.05163997 0.03899699 0.21748 0.05134499 0.03899699 0.207421 0.04545098 0.04546797 0.207504 0.118247 0.164453 0.433038 0.116552 0.164543 0.423394 0.117657 0.164633 0.42672 0.105795 0.142166 0.43894 0.104542 0.150074 0.437693 0.1053529 0.149805 0.444177 0.02695697 0.064969 0.207587 0.02585196 0.060476 0.207421 0.02614694 0.05966699 0.217563 0.112352 0.164633 0.427717 0.115521 0.167778 0.429047 0.112573 0.168407 0.423561 0.115742 0.164633 0.428465 0.112721 0.164543 0.424059 0.112721 0.164543 0.43495 0.219262 0.090851 0.413336 0.205263 0.09049201 0.409844 0.2112309 0.09058195 0.411174 0.183012 0.141986 0.392802 0.182938 0.118441 0.393052 0.181464 0.118351 0.391722 0.01899999 0.064879 0.195533 0.03476697 0.064969 0.195533 0.02776795 0.06335097 0.195533 0.162897 0.141986 0.387233 0.164297 0.141986 0.40893 0.163044 0.141986 0.391888 -0.001335978 -0.02723598 0.350489 -9.68e-4 -0.03460496 0.338269 0.01789397 0.06092494 0.207504 -0.034271 0.05427497 0.265363 -0.02476596 0.05903798 0.283402 -0.02962899 0.05697095 0.265363 -0.051144 0.039177 0.24749 -0.05099594 0.03944694 0.259461 -0.04613399 0.04474896 0.259544 0.099164 0.142076 0.46205 0.101079 0.141896 0.471278 0.101079 0.141986 0.476432 -0.04981797 -0.01456397 0.315075 -0.04591298 -0.01977699 0.314826 -0.02800798 -0.03181898 0.306928 -0.02786099 -0.04287296 0.307095 -0.02800798 -0.04152494 0.329291 0.178001 0.141986 0.39646 0.219483 0.07853895 0.412005 0.219925 0.07844901 0.41001 0.21882 0.07853895 0.414416 0.02621996 -0.05401599 0.283319 0.04058796 -0.04439997 0.283402 0.117584 0.167599 0.425057 0.214473 0.03252696 0.476182 0.215431 0.02246099 0.47585 0.215947 0.02246099 0.467869 -0.02631396 -0.04439997 0.329457 -0.06271195 0.007902979 0.307011 -0.04104995 0.009340941 0.307011 -0.05807 0.008082985 0.307011 0.09732198 0.141986 0.47585 0.1097 0.176675 0.451576 0.109921 0.164992 0.448167 0.1097 0.168138 0.449248 0.1264989 0.07853895 0.514007 0.1161839 0.07853895 0.515004 0.123404 0.07844901 0.514422 -0.02152395 -0.041345 0.332699 -0.02321898 -0.04278296 0.32954 -0.02093499 -0.03954797 0.32954 0.06269198 0.02731394 0.183895 0.06188094 0.02695494 0.185973 0.06615495 0.01383399 0.184477 0.188611 0.07844901 0.51409 0.1866959 0.07853895 0.514506 0.111321 0.163734 0.448832 0.110437 0.162656 0.448832 0.111026 0.163105 0.461468 0.06460797 0.02821296 0.182981 0.06269198 -0.00800395 0.307011 0.04102998 -0.009351968 0.307011 0.05812394 -0.008093953 0.307011 0.06748098 -6e-6 0.195533 0.06497597 0.01823794 0.195533 0.06497597 -0.01815897 0.195533 0.112868 0.163644 0.447253 0.110142 0.164992 0.44692 -0.03854495 0.06433999 0.24749 -0.02196598 0.064969 0.24749 -0.03670197 0.06442999 0.24749 -0.02771395 -0.03262799 0.329457 -0.02653497 -0.041794 0.329623 -0.03898698 0.05157899 0.24749 -0.03854495 0.06415998 0.21748 0.2102 0.09606295 0.412172 0.214031 0.09579396 0.410343 0.02850395 0.06398099 0.24749 0.03874599 0.06442999 0.24749 0.03159898 0.06442999 0.24749 0.194137 0.03252696 0.501537 0.1939899 0.02246099 0.501371 0.200474 0.02246099 0.495469 -0.02712398 -0.04197394 0.333198 -0.02366095 -0.036852 0.332782 -0.02535599 -0.03748095 0.329623 0.1934739 0.07844901 0.514422 0.191706 0.07853895 0.514506 0.193032 0.118351 0.403443 0.192443 0.118351 0.39804 0.1929579 0.141986 0.398538 0.02253597 -0.01528298 0.350406 0.03410398 -0.01995599 0.329623 0.02946197 -0.01815897 0.338269 0.144845 0.164813 0.412005 0.149487 0.185842 0.423145 0.146761 0.17344 0.416328 0.110216 0.181079 0.461635 0.110289 0.164453 0.461551 0.110289 0.169036 0.463463 0.1097 0.176675 0.447918 -0.002882957 0.06452 0.307095 -0.002146959 0.06263297 0.283402 -0.004135966 0.06389099 0.283319 0.19119 0.03252696 0.51409 0.191116 0.07853895 0.513259 0.205042 0.030909 0.507938 0.203347 0.022551 0.50719 0.210642 0.022641 0.506941 0.11051 0.1830559 0.449248 0.111247 0.1792809 0.447669 0.110216 0.178023 0.446422 0.188464 0.03252696 0.514921 0.188832 0.03252696 0.513259 0.112868 0.171732 0.454319 0.112868 0.172721 0.455732 0.112868 0.1710129 0.455732 0.117584 0.118351 0.502036 0.120015 0.142076 0.502452 0.117068 0.141986 0.501454 0.04139798 -0.02696597 0.332699 0.03830397 -0.02642697 0.32954 0.04235595 -0.02597695 0.329706 0.037346 -0.02498894 0.332533 0.03793495 -0.02220296 0.329623 0.01951497 0.06101495 0.276004 0.01951497 0.06119495 0.259461 0.01951497 0.06110495 0.26794 0.120383 0.118351 0.50187 0.062545 -0.007913947 0.283402 0.06372296 -0.006116986 0.283402 -0.01828199 0.08500999 0.274009 -0.01282995 0.08545899 0.273676 -0.01688295 0.08509999 0.270434 0.1861799 0.03252696 0.514007 0.1861799 0.07853895 0.513259 0.111321 0.171283 0.463048 0.111247 0.164813 0.461219 0.06342899 0.03027999 0.24749 0.110584 0.1655319 0.46338 -0.01209294 0.055803 0.307095 -0.02130299 0.05391496 0.306928 -0.026461 0.05391496 0.307011 0.111321 0.169306 0.44717 0.054735 -0.01797896 0.307011 0.05407094 -0.016541 0.315325 0.04935598 -0.028494 0.314992 0.1097 0.164273 0.452324 0.107711 0.167059 0.450079 0.209757 0.118261 0.424059 0.212705 0.141986 0.424143 0.202537 0.030909 0.495718 0.207473 0.02291095 0.494055 0.20099 0.022641 0.497547 0.207473 0.030909 0.494637 0.109552 0.167509 0.451825 0.131951 0.118351 0.503532 0.132762 0.141896 0.503283 0.1298879 0.142076 0.508188 0.183306 0.07853895 0.514506 0.181538 0.07844901 0.514422 0.1826429 0.03252696 0.514838 0.1748329 0.164813 0.415996 0.157371 0.164543 0.41001 0.167539 0.164992 0.413169 0.027031 -0.02867394 0.32954 0.131067 0.118351 0.505361 0.138656 0.118351 0.511845 0.137035 0.118441 0.510765 0.213957 0.03252696 0.488652 0.206 0.02246099 0.489234 0.220073 0.022551 0.488403 0.111247 0.163465 0.453155 -0.02321898 0.03441399 0.32954 -0.01504099 0.03881698 0.329623 -0.03029197 0.02893197 0.329457 0.193916 0.03252696 0.507772 0.1934739 0.03252696 0.514506 0.06210297 -0.01779896 0.307095 0.06077599 -0.01788896 0.283402 0.06188094 -0.01627194 0.283402 0.04434597 -0.02633696 0.329457 0.04360896 -0.02714598 0.314992 0.04464 -0.02373099 0.315075 0.155013 0.09049201 0.514173 0.155013 0.104421 0.51409 0.155676 0.118351 0.513924 0.167833 0.185752 0.42539 0.157666 0.185482 0.424392 0.181538 0.07853895 0.510931 0.16776 0.07853895 0.513009 0.180727 0.07853895 0.509019 0.15715 0.186471 0.425639 -0.01680898 0.085729 0.254889 -0.01791399 0.08231395 0.25414 -0.01364099 0.08231395 0.253226 -0.01194596 -0.020316 0.350738 -0.01297795 0.08411097 0.251397 -0.01673495 0.08509999 0.249236 0.01730495 0.08258301 0.248986 0.01899999 0.07503396 0.25015 3.59e-4 0.07458496 0.248404 0.170265 0.185392 0.427468 0.173212 0.17335 0.420485 -0.01577699 0.08222395 0.248737 0.05090296 0.03935694 0.24749 0.06401795 0.03854799 0.24749 0.06409198 0.03845798 0.21748 -0.03832298 0.010239 0.32954 -0.02756595 0.02839297 0.329872 -0.03139799 0.02479797 0.32954 0.128488 0.118351 0.508271 0.1304039 0.118351 0.507689 0.134014 0.186471 0.434201 0.111321 0.18 0.462549 0.111616 0.181977 0.461053 0.007210969 -0.02328097 0.351653 0.002126991 -0.02696597 0.350406 -0.04237598 0.02785396 0.329623 -0.01909297 0.03531295 0.32954 0.179475 0.167688 0.406934 0.175938 0.167778 0.410509 0.181906 0.168138 0.412172 0.119794 0.164902 0.467121 0.126057 0.164453 0.480339 0.176822 0.164543 0.408265 0.177191 0.164633 0.412089 0.110216 0.182876 0.457478 0.214031 0.118351 0.425223 -10e-6 0.06406998 0.276004 -0.019535 0.06101495 0.276004 0.191706 0.142076 0.412005 0.191485 0.149984 0.411673 0.187653 0.150164 0.412255 0.108079 0.179461 0.457977 0.1097 0.1791909 0.457312 0.109921 0.177035 0.458642 0.06328099 0.02884197 0.21748 0.180949 0.164723 0.4076 0.119278 0.167868 0.43495 0.129372 0.185572 0.435615 0.12893 0.180809 0.434035 0.155013 0.07853895 0.514339 0.123257 0.1746079 0.46496 0.115742 0.164363 0.465043 0.109626 0.181258 0.458226 0.104321 0.181528 0.457395 -0.01894599 0.07503396 0.250067 0.120605 0.164543 0.473273 -0.02579796 0.05768996 0.307011 -0.02594494 0.05481398 0.283236 0.115373 0.162746 0.464212 0.112721 0.182427 0.447087 0.111173 0.181528 0.44717 -0.01901894 0.08231395 0.250815 -0.01901894 0.082493 0.273094 -0.01592499 0.08231395 0.270268 0.110363 0.181438 0.44825 -0.04200696 0.02704495 0.333198 -0.04134398 0.02147299 0.332699 -0.036924 0.02371996 0.332782 0.1130149 0.163644 0.463463 0.1130149 0.18018 0.46338 -0.04281795 0.02335995 0.32954 -0.03957599 0.02102398 0.32954 0.209978 0.030909 0.506858 0.06460797 0.03270596 0.21748 0.06328099 0.03387498 0.21748 0.064902 0.02830296 0.21748 -0.03721797 0.02533698 0.329789 0.193327 0.150074 0.407683 0.1929579 0.142076 0.407516 0.183085 0.141986 0.399952 0.02504098 0.03728997 0.332533 0.02327299 0.03737998 0.329623 0.02636796 0.03818798 0.329623 0.01472598 0.02389895 0.34999 0.01443099 0.04205298 0.350406 0.005368947 0.04133397 0.351985 0.01575797 0.02093398 0.351486 0.02187299 0.04241198 0.329872 0.02106297 0.03944694 0.332699 0.02327299 0.04277199 0.332449 0.004926979 0.04438894 0.34733 0.002642989 0.04205298 0.348244 0.004926979 0.04205298 0.345501 0.121268 0.07844901 0.385902 0.193843 0.07853895 0.384988 0.123257 0.07853895 0.385487 -0.01150399 0.04232197 0.34733 -0.008556962 0.04456895 0.348327 -0.01179897 0.04438894 0.345833 -0.009514987 0.04474896 0.346831 0.00249499 0.04474896 0.346665 -0.003472983 0.04456895 0.34733 0.003600955 0.04537796 0.330704 0.001242995 0.04726499 0.332283 0.002052962 0.04528796 0.333281 0.03815597 0.010239 0.32954 0.02680999 0.005475997 0.350904 0.03366196 0.008261978 0.338435 0.107637 -0.179832 0.449996 0.115152 -0.1809999 0.449996 0.122447 -0.178753 0.449996 0.02798897 0.05697095 0.307011 0.02474695 0.05849897 0.307095 0.02371495 0.05346596 0.306928 -0.006566941 0.04690599 0.34467 -0.005977988 0.04528796 0.34442 -0.007303953 0.04510796 0.342259 0.01877897 0.035043 0.32954 0.01642096 0.02866196 0.341843 0.02820998 0.02704495 0.329706 -0.006861984 0.04537796 0.346499 -0.006051957 0.05067998 0.346748 0.01487398 0.04187297 0.329623 0.01118999 0.04205298 0.328958 0.01649498 0.03639096 0.329457 0.139761 0.09049201 0.387648 0.115152 0.09049201 0.384988 0.120236 0.090671 0.385321 0.115226 0.090671 0.391888 0.02673596 0.04124397 0.329623 0.090985 0.07853895 0.416495 0.090617 0.07853895 0.41134 0.090617 0.07844901 0.413419 0.090617 0.07844901 0.418407 0.090985 0.07853895 0.421482 0.123773 0.03252696 0.385986 0.123846 0.07853895 0.386734 0.097911 0.03243696 0.421399 0.09002697 0.03252696 0.421732 0.09105896 0.03252696 0.421566 0.090469 0.03252696 0.423478 0.09540599 0.03252696 0.42381 0.09452199 0.02246099 0.424143 0.09407997 0.02246099 0.432123 0.100121 0.03180795 0.404856 0.102627 0.02291095 0.405937 0.107416 0.030909 0.404274 0.109037 0.022641 0.402445 0.12171 0.03252696 0.385487 0.12112 0.03252696 0.386734 0.110952 0.03162795 0.396876 0.110216 0.022641 0.397541 0.106679 0.022551 0.392802 0.09002697 0.01652997 0.40868 0.08995395 0.02246099 0.409761 0.09172195 0.02246099 0.399536 0.03351497 0.06398099 0.24749 0.06143897 0.02947098 0.25971 0.05701899 0.02956098 0.259876 0.06224995 0.01554197 0.259461 0.03940898 -0.02112495 0.332699 0.03653597 0.06442999 0.24749 0.03940898 0.05067998 0.259461 0.06505 0.03980594 0.259461 0.041767 -0.02184396 0.32954 0.06372296 0.002510964 0.307178 0.06305998 0.002240955 0.283402 0.06387096 0.004127979 0.283319 0.04279798 -0.02328097 0.332449 0.01826298 0.08500999 0.250981 0.01281094 0.08545899 0.251314 0.01686298 0.08509999 0.254556 0.01590496 0.08231395 0.254722 0.01899999 0.082493 0.251896 -0.012609 0.05499398 0.315325 -10e-6 0.05697095 0.314992 -0.01776695 0.01904594 0.351237 -0.01356697 0.02569699 0.351486 -0.01548296 0.03243696 0.337604 0.06505 0.039626 0.24749 0.007284998 0.06424999 0.307095 0.007947981 0.06227296 0.283402 0.006178975 0.06371098 0.283402 0.01907294 0.08231395 0.274175 -0.01039898 0.04483896 0.342342 -0.009956955 0.04429894 0.329623 -4.52e-4 0.04510796 0.329374 0.01332598 0.04438894 0.307011 0.01332598 0.04447895 0.329291 0.05790299 0.022282 0.283402 0.05804997 0.02210199 0.307011 0.05451297 0.02138298 0.306928 -10e-6 0.05697095 0.307011 0.01141095 0.05634194 0.307011 -0.01091396 0.05688095 0.306928 0.05694496 0.039267 0.265779 0.06048196 0.03872799 0.259627 0.05591297 0.03809899 0.25971 -0.01106196 0.04241198 0.32821 0.00138998 0.04214298 0.327794 -0.01172494 0.04061496 0.326464 0.06394499 0.035133 0.25971 0.03852498 0.01724898 0.307011 0.05532395 0.01617097 0.306928 0.03874599 -0.005307972 0.329706 0.04449295 -0.01357597 0.329457 0.04110395 -0.009261965 0.329374 0.05436599 0.02129298 0.283402 0.02459895 -0.01285696 0.350738 0.02555698 -0.002611994 0.350489 -0.01194596 0.04447895 0.330953 -0.009661972 0.04438894 0.327877 0.02769398 0.04286199 0.307095 0.02629399 0.04456895 0.32954 0.02813595 0.03800898 0.329623 0.041767 0.007542967 0.329374 -0.01039898 0.04627698 0.344503 -4.52e-4 0.04546797 0.332782 0.06136596 0.01599097 0.307011 0.062397 0.01419395 0.283402 0.06114494 0.01599097 0.283402 0.004557967 0.04205298 0.329872 0.002642989 0.04438894 0.32796 0.004631996 0.04456895 0.330371 0.01310497 0.05652099 0.283319 0.013547 0.05858796 0.307011 0.003894984 0.04501795 0.342093 0.128857 0.07853895 0.508853 0.128341 0.07844901 0.514506 0.128415 0.03252696 0.514506 0.01575797 0.08222395 0.276253 0.016716 0.08509999 0.275754 0.01295799 0.08411097 0.273593 0.01678895 0.085729 0.270101 0.219483 0.07853895 0.421732 0.219925 0.07844901 0.423228 0.21941 0.03252696 0.423478 0.133572 0.141896 0.395462 0.137772 0.141986 0.411424 0.138804 0.141896 0.394714 0.01362097 0.08231395 0.271847 0.01789397 0.08231395 0.27085 -0.01378798 0.04196298 0.350904 -0.01518797 0.04142397 0.342924 0.01104199 0.04924196 0.307178 0.01229494 0.05049997 0.315075 0.005810976 0.04960197 0.314826 0.111321 0.164453 0.422896 0.1121309 0.142076 0.422314 0.11051 0.141986 0.424974 0.219483 0.03252696 0.421732 0.1329089 0.141986 0.391971 0.219999 0.022551 0.422812 0.220073 0.03243696 0.416744 0.09511095 0.09049201 0.480921 0.09113198 0.090671 0.480339 0.09768998 0.09049201 0.48142 0.09798496 0.141986 0.421981 0.09628999 0.142076 0.42539 0.101595 0.141896 0.426304 0.219483 0.03252696 0.411673 0.219704 0.03252696 0.412754 0.219999 0.02246099 0.413252 0.219115 0.022551 0.411507 0.09849995 0.118351 0.436862 0.09643697 0.141986 0.436446 0.152434 0.142166 0.386235 0.152729 0.118441 0.386983 0.150813 0.118351 0.386069 0.09076398 0.142076 0.442764 0.09267997 0.118441 0.442016 0.09127998 0.118351 0.443845 0.130551 0.118351 0.390807 0.1295199 0.142166 0.390973 0.219999 0.01050895 0.408597 0.07985895 0.102085 0.460388 0.07882797 0.102264 0.460055 0.07934397 0.09804099 0.464461 0.206368 0.02246099 0.411008 0.115226 0.03252696 0.50054 0.115373 0.07853895 0.500623 0.115815 0.02246099 0.501038 0.183454 0.07853895 0.385986 0.1865479 0.07844901 0.38557 0.1160359 0.03252696 0.50162 0.09931099 0.118351 0.426055 0.092974 0.118441 0.434035 0.094374 0.118441 0.43204 0.13372 0.118351 0.395629 0.132762 0.118351 0.392054 0.142414 0.142166 0.387731 0.142414 0.118351 0.38823 0.140793 0.118351 0.387565 0.07904899 0.08905398 0.456314 0.07904899 0.08743596 0.453903 0.07742798 0.08869397 0.456813 0.07705998 0.086088 0.45781 0.07860696 0.08824497 0.459057 0.08000695 0.09965795 0.443096 0.07993298 0.09768098 0.442431 0.07860696 0.100916 0.442598 0.07897496 0.08734595 0.456813 0.07949095 0.103163 0.449913 0.078754 0.099029 0.444426 0.079786 0.100557 0.443512 0.07882797 0.09839999 0.445673 0.07831197 0.102085 0.443096 0.07750195 0.09920901 0.445091 0.078754 0.08590799 0.456896 0.07801699 0.086088 0.454402 0.07809096 0.08276295 0.457478 0.07816499 0.09938895 0.442598 0.07654398 0.09965795 0.442681 0.07728099 0.08518898 0.45673 0.09710097 0.030909 0.500041 0.09783697 0.022551 0.498378 0.09798496 0.022641 0.505694 0.07845896 0.09786099 0.442598 0.07698595 0.08644795 0.45648 0.07919597 0.08429098 0.456896 0.07949095 0.099568 0.440852 0.202537 0.030909 0.393218 0.204452 0.022551 0.392304 0.199663 0.022641 0.396793 0.207473 0.030909 0.392054 0.078902 0.09237897 0.463297 0.078902 0.09965795 0.461302 0.07735395 0.09714198 0.444593 0.199369 0.03117895 0.400035 0.201505 0.022641 0.404108 0.2078419 0.031358 0.406269 0.208726 0.022551 0.404856 0.212189 0.022551 0.401448 0.108447 0.118351 0.412005 0.103216 0.118351 0.412338 0.103805 0.141986 0.412005 0.07337599 0.09830999 0.460388 0.07337599 0.09768098 0.462466 0.09820598 0.030909 0.504946 0.07993298 0.08321195 0.460388 0.07934397 0.08689695 0.464128 0.096143 0.07853895 0.42381 0.090469 0.07844901 0.423311 0.18117 0.07853895 0.39114 0.181685 0.07844901 0.385487 0.181538 0.03252696 0.38557 0.118026 0.09525495 0.386235 0.128488 0.07853895 0.389061 0.142266 0.07853895 0.386983 0.129299 0.07853895 0.390973 0.197969 0.01050895 0.384988 0.195169 0.02246099 0.384988 0.196274 0.01652997 0.384988 0.078902 0.08887398 0.436446 0.078902 0.08869397 0.439023 0.07308095 0.08869397 0.437443 0.1160359 0.09534496 0.393467 0.103511 0.05553299 0.411091 0.104248 0.09049201 0.410592 0.111689 0.09049201 0.402279 0.09724795 0.03252696 0.488901 0.103511 0.03252696 0.489151 0.090617 0.03252696 0.488486 0.07993298 0.09597396 0.437194 0.09385895 0.107027 0.430461 0.09378498 0.09049201 0.430461 0.09393197 0.098939 0.430461 0.155013 0.07853895 0.385736 0.07993298 0.09237897 0.436695 0.07698595 0.09848999 0.439522 0.07337599 0.09651297 0.460471 0.078902 0.09651297 0.460471 0.07705998 0.09696197 0.442681 0.07639598 0.09867 0.442348 0.07897496 0.08303296 0.453654 0.09105896 0.03252696 0.479009 0.09157496 0.03252696 0.481087 0.09150099 0.07853895 0.481087 0.09105896 0.03252696 0.483997 0.09157496 0.03252696 0.486158 0.09150099 0.07853895 0.486075 0.160908 0.118441 0.512677 0.164371 0.118351 0.513342 0.196053 0.141986 0.459639 0.1961269 0.164453 0.459307 0.1995159 0.164453 0.463547 0.218967 0.07853895 0.488486 -0.01275599 -0.063003 0.259461 -0.05924898 -0.02534794 0.21748 -0.05887997 -0.02597695 0.247573 -0.06300598 -0.01276695 0.24749 0.21182 0.141896 0.439106 0.211157 0.141896 0.462715 0.02496796 -0.05922895 0.24749 0.02386295 -0.05967795 0.21748 0.02504098 -0.05922895 0.21748 0.03454595 -0.063542 0.21748 -0.01592499 -0.06201499 0.283402 -0.02594494 -0.05859994 0.283402 0.173581 0.09049201 0.51143 -0.06727999 0.04987096 0.184311 -0.06816399 0.04690599 0.182981 -0.06632196 0.04870295 0.184394 -0.04966998 -0.04107499 0.259461 -0.05409097 -0.03469496 0.259793 -0.04996496 -0.03999698 0.283402 -0.05880695 0.03872799 0.217563 -0.06086999 -0.01968699 0.283402 0.06608098 -0.04907399 0.185973 0.06667095 -0.04844498 0.183895 0.06114494 -0.04206395 0.18456 -0.03478699 -0.05230897 0.283402 -0.03213399 -0.05536395 0.283402 -0.05777496 -0.02597695 0.283402 -0.03898698 0.05139899 0.207421 -0.03972297 0.05049997 0.21748 -0.03891295 0.05139899 0.21748 -0.06330096 -0.009351968 0.283402 -0.061827 -0.01258695 0.283402 0.064534 -0.02660697 0.21748 0.06519699 -0.02993196 0.21748 -0.03699696 -0.03415495 0.315158 0.180949 0.118441 0.507772 0.19539 0.118351 0.499625 0.009347975 -0.06327295 0.283402 0.215578 0.141986 0.467952 0.217346 0.142076 0.465043 -0.01268297 -0.05617296 0.306928 -0.01798796 -0.06057697 0.307011 -0.01504099 -0.06228399 0.307095 0.1934 0.150344 0.491395 0.189127 0.150164 0.486989 0.06129199 -0.028584 0.195533 0.06762897 -0.007104992 0.18456 0.05200797 -0.03739094 0.283402 0.04611396 -0.04475998 0.259544 0.05613398 -0.03118997 0.259461 -0.009293973 -0.04107499 0.329457 0.007505953 -0.041794 0.329374 -0.03994399 0.04996097 0.283402 -0.052028 0.03737998 0.283402 -0.04657596 0.03800898 0.283402 0.110584 0.141986 0.436778 0.1130149 0.141986 0.452074 0.113826 0.141986 0.439937 0.09245896 0.141986 0.452074 0.09054297 0.142076 0.455233 0.09680598 0.141986 0.456065 0.02386295 0.05975699 0.21748 0.01281094 0.06299197 0.24749 0.02614694 0.05885797 0.247573 0.092238 0.142076 0.462632 0.09393197 0.141986 0.465957 0.09872198 0.141986 0.465957 0.123846 0.165082 0.425639 0.05922895 0.02533698 0.21748 0.06099694 0.017609 0.207504 0.05981796 0.02569699 0.207338 -0.02962899 0.06173396 0.259544 -0.02948194 0.05706095 0.259876 -0.02498698 0.05912798 0.259461 0.09997397 0.150344 0.462632 0.105868 0.150164 0.461053 -0.01334595 -0.04439997 0.307011 -0.009661972 -0.04107499 0.307011 -0.01356697 -0.04448997 0.329457 0.219483 0.07853895 0.41716 0.218378 0.07853895 0.421067 0.105058 0.118351 0.490065 0.116994 0.118351 0.496549 -0.02528196 0.05921798 0.21748 -0.01761895 0.06101495 0.207504 -0.02564996 0.05975699 0.207338 0.180285 0.03252696 0.509268 0.113826 0.1622059 0.440021 0.104026 0.164723 0.452158 0.1041 0.164813 0.461551 0.104321 0.177125 0.461718 0.06431299 -6e-6 0.24749 0.06431299 -6e-6 0.207504 0.02666199 0.06452 0.24749 -0.06079596 0.01419395 0.307011 -0.054901 0.01832795 0.306928 0.03874599 0.064969 0.259627 0.03999799 -0.04997199 0.283402 0.219999 0.09049201 0.41001 0.009568989 0.04106396 0.307011 0.06482899 0.03737998 0.247407 0.06328099 0.03612095 0.24749 0.204895 0.118351 0.409927 0.001094996 0.06398099 0.283402 0.1295199 0.186471 0.464045 0.113679 0.18701 0.445008 0.1130149 0.185752 0.464378 -0.02130299 0.01059895 0.351486 -0.02564996 0.008261978 0.351237 0.213294 0.02246099 0.508354 0.218304 0.02246099 0.500373 0.116257 0.142076 0.467287 0.116921 0.141986 0.496633 0.03682994 -0.03478497 0.315241 0.04228299 -0.03837895 0.315075 0.05827099 -0.02633696 0.283402 0.06217598 -0.016092 0.259461 0.001242995 -0.033077 0.341012 0.04132497 -0.03864896 0.307261 0.05141896 -0.03792995 0.307011 0.05252397 -0.03496396 0.307011 -0.03183996 0.02803295 0.306928 -0.04281795 0.02776396 0.307095 0.110584 0.18045 0.46338 0.03852498 0.064969 0.207587 0.03366196 0.06478899 0.21748 0.03793495 0.06452 0.21748 0.183012 0.141986 0.418157 0.183012 0.141986 0.408597 0.183012 0.149984 0.408597 0.12392 0.09049201 0.506193 0.138951 0.09049201 0.512178 -8.2e-4 0.05094999 0.329956 -0.01025098 0.05085998 0.330039 -0.01032495 0.05067998 0.342342 0.129667 0.03252696 0.390724 0.09525901 0.03252696 0.426138 0.09201699 0.07853895 0.437194 0.155013 0.09049201 0.385819 0.01502096 0.03369498 0.335775 0.125688 0.07853895 0.386235 0.11832 0.07853895 0.38557 0.118836 0.07853895 0.386734 0.115005 0.07853895 0.399619 0.115373 0.07844901 0.384988 0.1160359 0.07853895 0.398372 0.126425 0.03252696 0.386318 0.128562 0.03252696 0.385404 0.124731 0.03252696 0.384988 0.127825 0.022551 0.384988 -0.01106196 0.04915195 0.315158 0.06269198 0.005925953 0.283402 0.06328099 0.009340941 0.283402 0.06180799 0.01257598 0.283402 0.008020997 0.05804896 0.307011 0.214031 0.05544298 0.424143 0.215947 0.02246099 0.432373 0.214841 0.02237194 0.424143 0.219999 0.01050895 0.490481 0.219999 0.008531987 0.48965 0.22022 0.007992982 0.444094 0.03476697 0.05229794 0.283402 0.037714 0.051669 0.283402 0.03211498 0.05535298 0.283402 0.02806198 0.03189796 0.306928 0.09172195 0.090851 0.486241 0.09430098 0.09049201 0.486241 0.09842699 0.09058195 0.48516 0.145656 0.118351 0.386651 0.149045 0.118441 0.387316 0.101374 0.118351 0.42647 0.116626 0.022551 0.515004 0.09665799 0.02246099 0.508354 0.104542 0.02246099 0.513259 0.103805 0.03216695 0.501122 0.105279 0.03117895 0.508603 0.09201699 0.07853895 0.462798 0.08000695 0.07844901 0.469864 0.08007997 0.07844901 0.430128 0.078902 0.08914399 0.4623 0.07337599 0.08914399 0.463048 0.08000695 0.09049201 0.430211 0.20541 0.02246099 0.386734 0.09002697 0.090671 0.411257 0.09518498 0.03243696 0.476265 0.09356397 0.07853895 0.476432 0.095995 0.07853895 0.475767 0.078754 0.08680695 0.439937 0.09002697 0.03252696 0.48674 0.09002697 0.02246099 0.48674 0.09002697 0.02246099 0.489068 -0.06720596 -0.049793 0.184477 -0.06727999 -0.05033195 0.175 -0.06727999 -0.05033195 0.195533 -0.03132396 -0.05716198 0.21748 -0.02859795 -0.05707198 0.21748 0.2112309 0.141986 0.434035 -0.03905999 -0.05149996 0.24749 0.135783 0.186111 0.467703 -0.06433296 -6e-6 0.24749 -0.06226897 -0.01555299 0.259461 0.03830397 -0.06515997 0.20767 -0.05696499 -0.02948194 0.259876 0.184338 0.09210896 0.507107 -0.06300598 0.01275599 0.24749 -0.06448 0.02668499 0.247407 -0.05887997 0.02614599 0.247573 -0.064996 0.03863799 0.259544 0.01759999 -0.06093597 0.207504 -10e-6 -0.06426095 0.259461 -0.03235495 -0.04790496 0.283319 -0.02793496 -0.05689197 0.283402 -0.02800798 -0.05114096 0.283402 0.1416029 0.142076 0.494388 0.002200961 -0.062913 0.283402 -0.001114964 -0.06399196 0.283402 0.06497597 -0.041345 0.201519 0.06328099 -0.05042195 0.207504 0.06497597 -0.04278296 0.19545 -0.06300598 -0.002251982 0.283402 0.01597899 -0.05626296 0.307011 -0.003251969 -0.05770099 0.283319 0.001905977 -0.05859994 0.283402 0.07286 -0.138942 0.278331 0.09452199 -0.141188 0.301359 0.078754 -0.13984 0.27351 -0.05549097 -0.016451 0.283319 0.03933495 -0.05096095 0.24749 0.170265 0.185392 0.472525 0.174759 0.186021 0.46338 0.16857 0.186201 0.473855 0.064902 -0.03783994 0.21748 0.03461998 -0.05410599 0.259793 0.04014599 -0.05024194 0.259461 0.06902796 -0.01438397 0.182981 0.06077599 -0.03020095 0.184477 0.203274 0.118351 0.482916 0.212852 0.118441 0.477596 0.205189 0.118351 0.478261 -0.05829095 0.026326 0.283402 -0.05615395 0.03117895 0.259461 -0.06219595 0.01608097 0.259461 0.007062971 -0.05707198 0.283319 0.01192599 -0.05761098 0.283402 0.170633 0.141986 0.502285 0.171002 0.141986 0.506276 0.101669 -0.166711 0.297202 0.104174 -0.1595219 0.296121 0.11611 -0.161229 0.330288 0.100785 0.09669297 0.484329 0.100564 0.090671 0.48408 0.110363 0.09049201 0.496217 0.101006 0.09219896 0.484745 0.09290099 0.118441 0.465791 0.09407997 0.118351 0.469615 0.09872198 0.118351 0.46604 0.116257 -0.145143 0.389228 0.09864795 -0.141638 0.336024 0.108668 -0.144244 0.390225 -0.02034598 0.064969 0.259461 -0.019535 0.06128394 0.259461 -0.01960897 0.07485496 0.259461 0.1693069 0.142256 0.401448 0.219999 0.022641 0.476931 0.219999 0.02246099 0.449996 0.208873 0.090671 0.415164 0.1995159 0.09049201 0.403692 0.209242 0.09633296 0.415663 0.03719896 -0.04709595 0.307011 0.04655599 -0.03801995 0.307011 0.180875 0.02237194 0.509767 0.181464 0.03252696 0.510598 -0.06366896 0.004667997 0.307261 0.02548396 -0.05868899 0.283402 0.116331 0.09049201 0.515004 0.194285 0.07853895 0.500955 -10e-6 0.064969 0.207504 0.06364995 -0.004678964 0.307261 0.048545 -0.01429498 0.307261 0.003305971 0.05777996 0.283319 -0.001556992 0.05840897 0.283402 0.193032 0.141986 0.403443 0.1821269 0.022551 0.515004 0.197969 0.01050895 0.515004 0.212189 0.03243696 0.481336 0.219778 0.03252696 0.478344 0.212115 0.03243696 0.478593 0.171517 0.164543 0.413668 0.199442 0.142076 0.46338 0.202095 0.141986 0.412837 -0.01923996 0.07494395 0.275754 0.02032595 0.064969 0.247573 0.01980996 0.07494395 0.24749 -0.02977699 0.007273972 0.346083 -0.02874499 0.008980989 0.346166 -0.01585096 0.06209295 0.283402 -0.01968199 0.06092494 0.283402 -0.015998 0.05634194 0.283402 -0.01408296 -0.01941698 0.351071 0.1270149 0.118441 0.506941 0.1225939 0.118351 0.505195 0.154276 0.01527196 0.384905 0.187653 0.02246099 0.384822 0.178885 0.03252696 0.390225 0.172917 0.02246099 0.389061 0.16776 0.07853895 0.386983 0.128562 0.03252696 0.389394 0.128488 0.07844901 0.385653 0.100785 0.03252696 0.413834 0.09054297 0.03252696 0.416578 0.100637 0.03252696 0.416328 0.05451297 0.03396499 0.259461 0.03233599 0.047984 0.283319 0.02798897 0.05688095 0.283402 0.02798897 0.05121898 0.283402 0.13033 -0.158892 0.449996 0.1309199 -0.166531 0.449996 0.128783 -0.164734 0.407849 0.219999 0.01014995 0.431209 0.22022 0.01688998 0.451326 0.104763 0.09049201 0.490148 0.131141 0.03252696 0.509767 0.137109 0.02246099 0.510931 0.142193 0.07853895 0.513009 0.218452 0.03252696 0.421067 0.218967 0.03252696 0.419404 0.156045 0.118351 0.385902 0.155897 0.118441 0.392304 0.158918 0.118351 0.391389 0.113679 0.01652997 0.515004 0.115005 0.09049201 0.399203 0.120531 0.09049201 0.395878 0.212852 0.01050895 0.391057 0.213294 0.02246099 0.391638 0.219999 0.02246099 0.403859 0.160908 0.142076 0.512843 0.161055 0.141896 0.507938 0.1611289 0.118351 0.507938 -0.06005895 -0.03235799 0.184976 -0.06190097 -0.04278296 0.184144 -0.06057494 -0.03990697 0.195533 -0.06433296 -0.04709595 0.195533 0.209684 0.118351 0.468202 0.166507 0.118351 0.506941 0.166139 0.141896 0.507107 0.184633 0.09786099 0.511929 -0.040313 -0.05042195 0.207587 -0.03847098 -0.06506997 0.20767 -0.03928095 -0.05105096 0.21748 -0.03854495 -0.063452 0.21748 0.21742 0.141986 0.45407 0.217862 0.118441 0.454236 0.213589 0.141986 0.453986 0.212778 0.118261 0.453321 0.218673 0.118351 0.456231 0.219189 0.142076 0.457229 0.211452 0.118351 0.463131 -0.03139799 -0.05707198 0.24749 -0.03154498 -0.06399196 0.21748 0.219852 0.090671 0.488901 0.1714439 0.118351 0.505527 0.170928 0.118441 0.511097 0.170928 0.141986 0.511347 -0.03618699 -0.05410599 0.24749 -0.03618699 -0.054196 0.21748 0.206 0.141986 0.478011 0.211968 0.141986 0.478011 0.2030529 0.141806 0.483165 0.177043 0.141986 0.508021 0.177265 0.118351 0.507938 0.1762329 0.118351 0.504364 -0.03368198 -0.05437594 0.21748 -0.03368198 -0.05446594 0.247573 -0.02867096 -0.05725198 0.247573 -0.03360795 -0.06480097 0.21748 0.216168 0.118351 0.434035 0.216094 0.141986 0.434035 -0.05718594 0.031358 0.21748 -0.05711197 0.031358 0.24749 -0.063964 0.03153795 0.21748 0.211305 0.118351 0.433952 0.03852498 -0.06444096 0.24749 -0.06455397 0.02659499 0.21748 -0.063964 0.02848297 0.21748 -0.05711197 0.02866196 0.21748 -0.05725896 0.02866196 0.247573 -0.05423796 0.03621095 0.21748 -0.05416494 0.03621095 0.24749 0.1368139 0.118351 0.504862 0.194653 0.07844901 0.515004 0.183675 0.164453 0.422979 0.191337 0.164723 0.433869 0.182864 0.164453 0.417825 0.190895 0.164363 0.428216 -0.06271195 -0.02966195 0.265696 -0.06322699 -0.03649199 0.265446 -0.06448 0.03342497 0.217563 -0.063964 0.03351497 0.24749 -0.05438596 0.03369498 0.21748 -0.05445897 0.03369498 0.247573 -0.05423796 -0.03424495 0.265363 0.07403898 -0.05707198 0.195533 0.07366997 -0.05922895 0.195533 0.07418596 -0.05716198 0.185973 0.07366997 -0.05922895 0.185973 0.156045 0.141896 0.508021 0.1511819 0.141896 0.508188 0.156634 0.118351 0.507772 0.151624 0.118351 0.508105 0.213663 0.141986 0.448167 0.213589 0.118351 0.448167 0.217715 0.141986 0.447918 0.217936 0.118441 0.447752 0.02644097 -0.06390196 0.21748 0.02673596 -0.06453096 0.24749 0.02644097 -0.05958795 0.21748 0.02614694 -0.05958795 0.24749 0.02784097 -0.06497997 0.21748 -0.06381696 -0.002341985 0.307178 -0.05865895 -0.001982986 0.283402 -0.05814296 -0.001353979 0.306845 -0.05755394 0.003319978 0.283319 -0.05821698 0.003948986 0.306928 -0.06271195 0.004037976 0.283402 -0.003988981 -0.05859994 0.307011 -0.004282951 -0.06282299 0.283402 -0.004061996 -0.06246399 0.307011 -0.013125 -0.05644297 0.283319 -0.008335947 -0.05779099 0.283402 -0.008040964 -0.05805999 0.307011 -0.06064897 0.014283 0.283402 0.06445997 -0.03343695 0.217563 0.06401795 -0.033526 0.24749 0.05436599 -0.03361594 0.21748 0.05443996 -0.03370594 0.247573 0.05414497 -0.03622198 0.24749 0.05421894 -0.03622198 0.21748 -0.02800798 -0.05122995 0.307011 0.01605194 -0.05626296 0.283402 0.01597899 -0.06120598 0.283402 0.01597899 -0.06111598 0.307011 -0.05622798 -0.01600199 0.307011 -0.05792194 -0.006026983 0.306928 -0.05799597 -0.006116986 0.283319 -0.03611296 0.06326198 0.24749 0.06394499 -0.028494 0.21748 0.05709195 -0.028584 0.21748 0.05723994 -0.02867394 0.247573 0.05716598 -0.03136998 0.21748 0.05709195 -0.03136998 0.24749 -0.01813495 -0.054735 0.283402 -0.01791399 -0.06066697 0.283402 -0.02344 -0.05356699 0.283319 0.06438696 -0.03658199 0.24749 0.06394499 -0.03649199 0.21748 0.207989 0.142076 0.485077 0.201579 0.141986 0.48807 0.03425097 -0.054286 0.265363 -0.03994399 -0.02975195 0.306845 0.02938896 -0.06138598 0.25971 0.03506195 -0.06390196 0.259627 0.02960997 -0.062734 0.265696 0.03653597 -0.06327295 0.265446 -0.034639 0.05409497 0.259793 0.04677695 -0.03801995 0.283402 0.06505 -0.03864896 0.259544 0.101153 0.118351 0.470529 0.05186098 -0.03460496 0.283402 0.048177 -0.03325694 0.283319 0.04788196 -0.03298699 0.306928 0.1831589 0.118351 0.399536 0.188022 0.141896 0.402113 0.188317 0.118351 0.40178 0.115521 0.09049201 0.501038 0.100195 0.118261 0.475933 -0.03508198 0.06389099 0.259627 -0.02970296 0.06272196 0.265696 -0.03648096 0.06326198 0.265446 0.205926 0.07853895 0.410759 0.06394499 -0.03154897 0.21748 0.02238899 -0.05859994 0.283402 0.02290499 -0.05967795 0.307095 0.02585196 -0.05770099 0.307011 -0.05689096 0.02794295 0.283402 -0.05718594 0.02794295 0.307011 -0.05814296 0.02515697 0.307095 -0.05475395 0.018148 0.283402 -0.03125 0.06389099 0.24749 -0.05350196 0.02300095 0.307011 -0.05357497 0.02309095 0.283319 0.212263 0.07853895 0.478676 0.02054697 -0.053837 0.283319 0.212115 0.07853895 0.48142 0.06092399 -0.01788896 0.207504 0.05974495 -0.02391099 0.21748 0.020473 0.065059 0.259378 0.01973599 0.07485496 0.259461 -0.03979694 0.065059 0.24749 -0.04001796 0.05040997 0.24749 -0.04001796 0.064879 0.259544 -0.04016494 0.05023097 0.259461 0.05775499 -0.00800395 0.283402 0.06445997 -0.02669596 0.247407 0.05112397 -0.03909796 0.24749 0.05097699 -0.03945797 0.259461 0.1895689 0.118351 0.398123 0.189938 0.142076 0.397458 0.111026 0.172901 0.446006 0.17778 0.149984 0.405521 0.170044 0.150164 0.401947 0.17778 0.141986 0.405521 -0.005977988 0.06245297 0.283402 -0.005903959 0.06263297 0.307011 -0.01732498 0.08267295 0.276004 0.01700997 0.07503396 0.276004 -0.05188095 0.03459399 0.283402 -0.04768097 0.03288596 0.283319 -0.05246996 0.035043 0.307095 -0.04826998 0.03315597 0.306845 0.01936799 0.07494395 0.275339 -0.05121695 0.02803295 0.283402 -0.05092298 0.02803295 0.307011 0.219999 0.09058195 0.423394 0.05797594 -0.003599941 0.283319 0.05841898 -0.003959953 0.306928 0.06269198 -0.004049956 0.283402 0.219999 0.09058195 0.476764 0.219336 0.04402995 0.476515 0.122078 0.118351 0.497713 0.121857 0.141806 0.498212 0.21941 0.07844901 0.486574 0.218967 0.03252696 0.486491 0.209168 0.07853895 0.486241 0.209242 0.03252696 0.486158 0.111173 0.181258 0.449165 0.198926 0.03117895 0.502701 0.199737 0.022641 0.502452 0.218967 0.03252696 0.481503 0.183896 0.03252696 0.513342 0.184264 0.07853895 0.513757 -0.01356697 0.08231395 0.274424 0.110289 0.162566 0.453571 0.213589 0.03117895 0.499791 0.212705 0.022551 0.499459 -0.01592499 0.06110495 0.307011 -0.015998 0.056252 0.307011 0.06092399 -0.01402497 0.283402 0.06077599 -0.01411497 0.307011 0.1270149 0.141986 0.50719 0.04810297 -0.01510298 0.315158 0.04449295 -0.02283197 0.307011 0.04139798 -0.02804398 0.314992 0.04147195 -0.02804398 0.329207 0.104321 0.176765 0.451576 0.104248 0.176765 0.448001 0.213589 0.118441 0.427551 0.214547 0.142076 0.427218 0.209315 0.03252696 0.483664 0.209463 0.07853895 0.483747 0.219704 0.03252696 0.483498 0.218967 0.07853895 0.483498 0.208873 0.118351 0.429463 0.06482899 0.03692996 0.21748 0.06364995 0.03567194 0.21748 0.05694496 -0.02795499 0.283402 0.05716598 -0.02795499 0.307011 0.05812394 -0.02516895 0.307011 0.054735 -0.01815897 0.283402 -0.02056699 0.05382496 0.283319 0.181391 0.164543 0.411673 -0.02240896 0.05858796 0.283402 -0.02277696 0.05948698 0.307095 0.03653597 0.06398099 0.21748 0.03624099 0.05418497 0.24749 0.03616696 0.05418497 0.21748 -0.02012395 0.06613695 0.247573 -0.019903 0.07494395 0.24749 0.1130149 0.185842 0.436113 0.05001896 -0.02804398 0.307011 0.05046099 -0.02813398 0.283402 0.1270149 0.141986 0.500955 0.1270149 0.118351 0.501205 0.1087419 0.179551 0.461801 0.1097 0.177125 0.461718 0.03373599 0.05445498 0.247573 0.03366196 0.05436497 0.21748 0.03137797 0.05715095 0.21748 0.02865195 0.05706095 0.21748 0.03137797 0.05706095 0.24749 0.02872496 0.05723994 0.247573 0.02843099 0.06469899 0.21748 0.03152495 0.06398099 0.21748 -0.04178595 0.02650594 0.329623 0.03727197 -0.03415495 0.307095 0.04139798 -0.02804398 0.307011 0.112942 0.182786 0.461551 0.110731 0.1831459 0.460803 0.003378987 0.05067998 0.341926 0.002936959 0.05085998 0.346415 -1.57e-4 0.05067998 0.341926 -2.31e-4 0.04528796 0.341926 0.027031 0.04151397 0.332699 0.1936219 0.09049201 0.384988 0.027399 0.010239 0.347579 0.100564 0.07853895 0.416328 0.100858 0.07853895 0.413751 0.09776395 0.07853895 0.421316 0.097911 0.07853895 0.418573 0.09783697 0.03243696 0.418656 0.09002697 0.02246099 0.421732 0.09083795 0.022551 0.423478 0.09105896 0.03252696 0.41849 0.119278 0.03252696 0.386318 0.118026 0.03252696 0.385237 0.116994 0.03252696 0.385487 0.116478 0.07853895 0.385986 0.09105896 0.03252696 0.413502 0.103953 0.02246099 0.410759 0.090985 0.022551 0.411424 0.09068995 0.03252696 0.411424 0.008389949 0.05777996 0.283402 0.004042983 0.06245297 0.307011 0.004263997 0.06281197 0.283402 0.003968954 0.05858796 0.307011 -0.01430398 0.04187297 0.328127 -0.01798796 0.03863799 0.328958 0.013547 0.08231395 0.250566 0.02341997 0.05355596 0.283319 0.01818895 0.05472397 0.283402 0.01833695 0.05490398 0.306928 0.01796799 0.06056594 0.307011 0.01796799 0.06065499 0.283402 0.06269198 0.02965098 0.265696 0.06320798 0.03648096 0.265446 0.05797594 0.006104946 0.283319 0.05687099 0.01149797 0.283319 0.05790299 0.006015956 0.306928 0.05709195 0.01113796 0.306845 0.062913 0.005925953 0.307011 0.121562 0.03252696 0.514755 0.121489 0.07853895 0.514007 0.121341 0.03252696 0.504364 0.121268 0.07853895 0.504447 0.02592599 0.05858796 0.283402 0.01258897 0.05310595 0.307011 0.02798897 0.05121898 0.307011 0.030936 0.04870295 0.307011 0.118836 0.03252696 0.504197 0.118763 0.07853895 0.504114 0.118468 0.03252696 0.514007 0.118394 0.07844901 0.514422 0.126278 0.07853895 0.50719 0.123625 0.07853895 0.507107 0.126352 0.03243696 0.507107 0.123625 0.03243696 0.50719 0.055471 0.01634997 0.283319 0.218452 0.07853895 0.416162 0.218452 0.03252696 0.415996 0.126646 0.03252696 0.514672 0.06224995 0.01257598 0.307178 0.194506 0.09049201 0.398954 0.194137 0.07853895 0.398871 0.194211 0.02246099 0.398954 0.123478 0.03252696 0.514007 0.169086 0.118441 0.389061 0.16916 0.141986 0.389228 0.05922895 0.02443897 0.283402 0.05908197 0.02542698 0.307178 0.097027 0.090851 0.489151 0.092238 0.09696197 0.487571 0.09857398 0.09669297 0.488569 0.08995395 0.07844901 0.489816 0.104026 0.07853895 0.489234 0.090101 0.09058195 0.490065 0.106237 0.141986 0.419072 0.103805 0.141986 0.421981 0.10189 0.141986 0.43736 0.09636396 0.141986 0.451825 0.09643697 0.118351 0.451825 0.09216398 0.118441 0.452074 0.159655 0.142256 0.386318 0.159066 0.118441 0.387316 0.158845 0.141896 0.391888 0.148898 0.118351 0.392054 0.143519 0.118351 0.393135 0.148971 0.141896 0.392054 0.143887 0.141896 0.392885 0.149045 0.142076 0.387149 0.116478 0.03252696 0.513508 0.09002697 0.07862895 0.470529 0.09002697 0.090402 0.47028 0.09216398 0.118441 0.445757 0.092606 0.141986 0.445923 0.09695297 0.141986 0.441932 0.09724795 0.118351 0.4416 0.09643697 0.141986 0.446006 0.09717398 0.118261 0.446671 0.100121 0.141986 0.431624 0.100269 0.118351 0.431791 0.09444797 0.141986 0.43204 0.105574 0.022551 0.507689 0.110952 0.02291095 0.502452 0.110363 0.030909 0.502452 0.09378498 0.09049201 0.469532 0.09393197 0.107027 0.469532 0.08007997 0.09049201 0.469615 0.08000695 0.107027 0.469366 0.138582 0.118351 0.394548 0.103805 0.118351 0.421981 0.09717398 0.118441 0.422314 0.102553 0.022641 0.494804 0.102258 0.03117895 0.493889 0.08995395 0.07862895 0.429712 0.08995395 0.090312 0.429546 0.09002697 0.03252696 0.4825 0.090101 0.07853895 0.482583 0.07308095 0.086088 0.439272 0.191558 0.07844901 0.38557 0.191485 0.03252696 0.386069 0.19119 0.07853895 0.395878 0.19119 0.03252696 0.395795 0.125615 0.09049201 0.388895 0.125615 0.09534496 0.387814 0.07330197 0.09597396 0.436446 0.090617 0.07853895 0.488486 0.1886849 0.03252696 0.395629 0.1886849 0.07853895 0.395546 0.188464 0.07853895 0.385986 0.188464 0.03252696 0.385321 0.125467 0.09049201 0.392969 0.09054297 0.07853895 0.48674 0.183675 0.07853895 0.392719 0.183601 0.03243696 0.392885 0.18338 0.03252696 0.385237 0.186401 0.07853895 0.392885 0.186327 0.03243696 0.392802 0.186475 0.03252696 0.386069 0.194506 0.09804099 0.507689 0.184411 0.09777098 0.50719 0.208579 0.118351 0.473522 0.208652 0.141896 0.473605 -0.064996 -0.04278296 0.195533 -0.06506896 -0.03837895 0.20767 -0.06330096 -0.05042195 0.207504 0.215283 0.118351 0.464128 -10e-6 -0.06497997 0.207504 -0.02822899 -0.06497997 0.207504 -0.05166 -0.03900796 0.21748 -0.05136495 -0.03909796 0.207421 0.218967 0.118351 0.45116 -0.06440597 -0.02660697 0.21748 -0.064996 -0.02696597 0.207587 0.181096 0.118351 0.504197 0.181464 0.141986 0.503948 0.212999 0.118441 0.474686 0.175128 0.118351 0.510765 -0.06079596 -0.02633696 0.21748 -0.05976396 -0.02570796 0.207338 0.212631 0.141986 0.451243 0.21322 0.141986 0.443928 0.212631 0.118351 0.438109 0.127236 0.142076 0.492808 0.215947 0.118351 0.430377 0.126941 0.141986 0.481835 0.1268669 0.164094 0.487821 0.02621996 -0.06165498 0.21748 0.02621996 -0.06165498 0.207504 0.148087 0.118351 0.513674 0.146982 0.118351 0.508271 -0.06433296 0.04708498 0.195533 -0.06042695 0.03989595 0.195533 -0.064996 0.04277199 0.19545 -0.06123799 0.02857196 0.195533 -0.02402997 -0.05662298 0.283402 0.150813 0.118351 0.512427 0.1502979 0.142166 0.513591 0.212115 0.118351 0.44293 0.218304 0.118351 0.440353 -0.06521695 0.02992099 0.21748 0.06431299 -0.04709595 0.195533 0.06040799 -0.03990697 0.195533 0.002052962 -0.06246399 0.307011 -0.04546999 0.04546797 0.207504 -0.05637496 0.01257598 0.283319 -0.05674296 0.01374399 0.306928 -0.01415598 -0.06030696 0.283402 -0.05416494 -0.02606695 0.283319 -0.05394399 -0.02642697 0.307011 -0.05711197 -0.01114898 0.306845 -0.05689096 -0.011509 0.283319 0.193253 0.142076 0.492227 0.190895 0.142076 0.487571 0.173212 0.17335 0.479508 0.174759 0.164813 0.483913 0.165549 0.1831459 0.47585 0.160392 0.164723 0.488984 -0.05438596 -0.01743996 0.315075 -0.05232298 -0.015643 0.307011 0.01089495 -0.05680197 0.306928 0.01966297 -0.06093597 0.283402 -0.03758698 -0.03586298 0.307095 -0.06366896 0.007003962 0.283402 -0.05829095 0.008082985 0.283402 0.186843 0.141986 0.478011 0.001021981 -0.05770099 0.307011 0.00603199 -0.05823999 0.307011 0.097395 0.118351 0.461884 0.093122 0.118441 0.4623 0.1130149 0.164633 0.438607 0.110584 0.164094 0.437194 0.1684229 0.141986 0.405604 0.168865 0.141896 0.393135 0.168497 0.118351 0.393467 -0.03721797 0.04708498 0.283402 0.213957 0.090402 0.424059 0.2147679 0.03252696 0.473855 0.21801 0.09049201 0.462715 -0.02498698 -0.04448997 0.307011 -0.05718594 0.02425897 0.283402 -0.01194596 0.05759996 0.283402 -0.012609 0.06272196 0.307095 -0.01231396 0.06182396 0.283402 0.107932 0.118351 0.487156 0.181391 0.03252696 0.514173 0.171591 0.150344 0.395961 0.104542 0.142076 0.462133 0.152655 0.165082 0.410675 -0.026461 0.06433999 0.24749 -0.02601897 0.05885797 0.247573 -0.02638697 0.060835 0.21748 0.1139 0.162566 0.459224 -0.06912195 0.069462 0.266527 -0.06897395 0.069462 0.268106 -0.07000595 0.06847399 0.266527 -0.07000595 0.06847399 0.268106 -0.03920799 -0.004857957 0.329956 -0.03589195 -0.02175396 0.329374 -0.03397595 -0.01977699 0.329872 -0.007082998 0.05706095 0.283319 -0.006051957 0.05822896 0.307011 0.05782896 9.83e-4 0.306928 0.05834496 0.001881957 0.283319 -0.001482963 0.05768996 0.307011 0.202095 0.118351 0.412837 -0.009366989 0.06335097 0.283402 0.2064419 0.03216695 0.501371 0.05355596 -0.02301198 0.307011 0.05355596 -0.02301198 0.283402 0.05716598 -0.02426999 0.283402 0.1447719 0.182606 0.422646 0.06445997 0.02659499 0.21748 0.06497597 0.02695494 0.207587 0.06497597 0.04277199 0.195533 0.06431299 0.04708498 0.195533 0.06505 0.03872799 0.207504 0.06328099 0.05040997 0.207504 0.05893397 0.02605599 0.247573 0.06077599 0.026326 0.21748 0.104469 0.177394 0.458143 0.183012 0.164273 0.408514 0.181464 0.150074 0.405521 0.181391 0.164453 0.405604 0.1041 0.181258 0.448417 0.01715797 -0.03864896 0.306928 0.113089 0.168767 0.46496 0.03189396 -0.02804398 0.307011 0.01612597 0.06200295 0.307011 -0.006787955 0.05058997 0.342591 0.09002697 0.03252696 0.478261 0.090617 0.03252696 0.476598 0.09002697 0.02246099 0.478261 0.09091097 0.022551 0.476515 0.180875 0.02246099 0.38956 0.181538 0.022551 0.385819 0.155013 0.02246099 0.385736 0.109552 0.02246099 0.404524 0.112058 0.01050895 0.384988 0.107195 0.01050895 0.385819 0.116257 0.022551 0.384988 0.104542 0.02246099 0.386734 0.09002697 0.02246099 0.413252 0.09002697 0.03252696 0.413252 0.09665799 0.02246099 0.391638 0.09732198 0.022551 0.400533 0.04692399 0.04232197 0.259461 0.04994499 0.03998595 0.283402 -0.01216697 0.05049997 0.307011 0.02946197 0.05589199 0.259461 0.04441899 -0.01339596 0.307011 0.05679798 -0.01393496 0.306928 0.05650299 -0.01348596 0.283319 0.005884945 0.04133397 0.327212 0.06092399 0.01967597 0.283402 0.02496796 0.04447895 0.307011 0.161939 0.118351 0.386318 0.163044 0.118351 0.392054 0.01207399 0.055803 0.315075 0.05775499 0.02596598 0.283402 0.05421894 0.02605599 0.283319 0.05392396 0.026416 0.307011 0.04707199 0.03719997 0.283402 0.03800898 0.04654598 0.283402 0.02408397 0.056611 0.283402 0.1231099 0.141896 0.421898 0.117215 0.164273 0.421815 0.139025 0.142076 0.388646 0.139025 0.118441 0.388895 0.097911 0.118351 0.457062 0.09253197 0.118441 0.455982 0.09172195 0.118351 0.459639 0.09113198 0.118351 0.454153 0.218673 0.03252696 0.41425 0.092974 0.141986 0.433869 0.153613 0.141986 0.391805 0.153097 0.118351 0.39114 0.09142696 0.07853895 0.484246 0.1934739 0.07853895 0.385986 0.090985 0.118351 0.448832 0.107416 0.022641 0.495967 0.206147 0.03216695 0.398621 0.213515 0.03117895 0.397208 0.1092579 0.030909 0.497547 0.09695297 0.118441 0.425306 0.134825 0.118351 0.389228 0.129078 0.118441 0.39222 0.12893 0.118351 0.395795 0.128562 0.141986 0.396044 0.206663 0.03252696 0.411008 0.200474 0.02246099 0.404524 0.107047 0.118261 0.417658 0.102774 0.118441 0.415248 0.09997397 0.118351 0.417326 0.117805 0.118351 0.402944 0.114636 0.118351 0.400367 0.07993298 0.08941298 0.462466 0.109552 0.02246099 0.495469 0.103584 0.02246099 0.488984 0.1929579 0.03252696 0.385487 0.1936219 0.022551 0.385986 0.09547996 0.03252696 0.474353 0.09518498 0.02237194 0.475684 0.094006 0.02246099 0.46762 0.120605 0.09408599 0.395795 0.07344895 0.08869397 0.440353 0.078902 0.08869397 0.440353 0.124657 0.09543401 0.393301 0.08000695 0.107027 0.430544 0.09091097 0.107027 0.449996 0.08000695 0.09624296 0.46205 0.193695 0.03252696 0.391389 -0.06654298 -0.05554395 0.195533 -0.06646895 -0.06084597 0.175 -0.06646895 -0.06084597 0.195533 -0.06558495 -0.04862397 0.195533 -0.06610095 -0.04907399 0.185973 -0.06668996 -0.04844498 0.183895 -0.06123799 -0.028584 0.195533 -0.026093 -0.06497997 0.195533 -0.04392296 -0.06480097 0.195533 -0.05040699 -0.06327295 0.207504 -0.05217498 -0.062554 0.195533 -0.05836397 -0.05832999 0.207504 -0.05836397 -0.05832999 0.195533 -0.06204795 -0.05311799 0.195533 -0.06764799 0.007093966 0.18456 -0.06904798 -0.01438397 0.182981 -0.06617498 -0.01384496 0.184477 -0.06388998 -0.03065097 0.182981 -0.064112 -0.04044598 0.182897 -0.06816399 -0.04691696 0.182981 0.19679 0.164363 0.442514 0.191558 0.09183996 0.510432 0.157076 0.141986 0.491977 0.158697 0.186561 0.471361 -0.07007998 -0.04206395 0.182981 -0.07074296 -0.04044598 0.175 -0.07877397 -0.02094495 0.182981 -0.07877397 -0.02094495 0.175 -0.08149999 -6e-6 0.182981 -0.08149999 -6e-6 0.175 -0.07877397 0.02093398 0.182981 -0.07877397 0.02093398 0.175 -0.07074296 0.04043495 0.182981 -0.07074296 0.04043495 0.175 0.145803 0.164453 0.491063 0.162455 0.164363 0.491811 0.176822 0.164363 0.485909 -0.06094294 -0.01761996 0.207504 -0.064996 -6e-6 0.207504 0.2137359 0.142076 0.474686 -0.06079596 0.03018999 0.184394 -0.06904798 0.014373 0.182981 -0.07052201 -6e-6 0.182981 -0.03987097 -0.050511 0.24749 0.034841 -0.155208 0.22438 0.03454595 -0.148558 0.2252939 0.05222898 -0.149007 0.234272 0.03358799 -0.1428059 0.228536 0.06158697 -0.1428959 0.245827 0.192148 0.118351 0.497131 -0.06094294 0.01787799 0.207504 0.07610195 -0.149636 0.253475 0.08715397 -0.158084 0.266277 0.06423896 -0.156915 0.2417539 0.06269198 -0.1641049 0.2438319 0.03439897 -0.161678 0.225959 0.03314596 -0.16707 0.229866 0.02518898 -0.1469399 0.25572 0.04935598 -0.14038 0.263285 0.05355596 -0.137953 0.257382 0.05790299 -0.1387619 0.251148 0.03174597 -0.138582 0.234605 0.03624099 -0.06497997 0.195533 0.02717798 -0.06497997 0.207587 0.02599895 -0.06497997 0.195533 -0.06116396 0.04214298 0.18456 -0.01791399 -0.06093597 0.207504 0.141309 0.141986 0.506941 0.142635 0.118351 0.506359 0.144477 0.141986 0.506858 -0.05976396 0.02389895 0.21748 -0.05703794 -0.02957195 0.265363 -0.03368198 -0.04880398 0.307011 -0.03508198 -0.05293798 0.307011 0.083691 -0.144064 0.269436 -0.064112 0.04052495 0.182981 -0.06388998 0.03063899 0.182981 0.05090296 -0.171115 0.260375 0.06917595 -0.172103 0.280493 0.04721897 -0.166981 0.265696 0.06423896 -0.167879 0.284566 0.05377697 -0.160959 0.277666 0.06659698 -0.161858 0.295623 0.06077599 -0.15386 0.287808 0.07381796 -0.155028 0.311584 0.076249 -0.147839 0.31042 0.08634299 -0.149187 0.339765 0.140646 0.118351 0.510432 -0.064996 0.03836798 0.207587 -0.064996 0.04133397 0.201519 -0.06330096 0.05040997 0.207504 -0.03802895 -0.04655694 0.307011 -0.04709094 -0.037211 0.307011 -0.04709094 -0.037211 0.283402 0.06563895 -0.04862397 0.195533 -0.06683796 0.04978096 0.195533 -0.05099594 0.039177 0.207421 0.031452 -0.170485 0.2353529 0.05952399 -0.169497 0.248238 0.08509099 -0.165273 0.267774 0.1860319 0.164363 0.478593 0.218894 0.09049201 0.456397 0.21801 0.09049201 0.437443 0.151845 0.118351 0.513924 0.210052 0.118351 0.482667 -0.04937499 -0.028494 0.307011 -0.03095495 -0.04871398 0.307011 -0.063964 0.003139972 0.283402 0.041251 -0.06497997 0.195533 0.05038696 -0.06327295 0.195533 0.05038696 -0.06327295 0.207504 0.05834496 -0.05832999 0.195533 0.05834496 -0.05832999 0.207504 0.062029 -0.05311799 0.195533 -0.05829095 0.05831897 0.207504 -0.05048096 0.06326198 0.207504 -0.03861796 0.065149 0.207504 -0.05703794 0.009879946 0.307011 -0.03478699 0.064969 0.195533 -0.04134398 0.064969 0.195533 -0.05048096 0.06326198 0.195533 -0.05829095 0.05831897 0.195533 -0.06204795 0.05310595 0.195533 0.02658897 -0.06497997 0.259544 0.02592599 -0.05895894 0.259461 0.06379699 -0.03065097 0.182981 0.064166 -0.04053598 0.182981 0.06821799 -0.04700696 0.182981 0.192148 0.141986 0.497131 0.1835269 0.149984 0.499376 -0.04193395 -0.002072989 0.307011 0.02960997 -0.05698198 0.265363 0.05871295 -0.03873896 0.217563 0.207252 0.118441 0.484745 0.184706 0.141806 0.489899 0.190527 0.171822 0.449331 0.1822749 0.185572 0.451243 0.02953594 -0.05707198 0.259793 0.09341698 -0.150804 0.37335 0.083691 -0.156376 0.34043 0.08103799 -0.163296 0.329623 0.07772296 -0.169137 0.309173 0.08339595 -0.173361 0.30618 0.08310097 -0.173721 0.288889 0.05532395 -0.172013 0.25414 0.08074396 -0.170575 0.271099 0.1753489 0.185662 0.461967 0.1753489 0.185662 0.438025 0.06298696 0.01275599 0.24749 0.1648859 0.141986 0.392885 0.05532395 -0.03217798 0.283402 -0.01275599 0.06299197 0.24749 0.06298696 -0.01276695 0.24749 0.05886095 -0.02615696 0.247573 0.152876 0.141986 0.408015 0.09732198 0.141986 0.448749 -0.03721797 0.04708498 0.307011 0.155013 0.02246099 0.515004 0.128046 0.022641 0.515004 0.09798496 0.149984 0.449996 -0.02948194 -0.01824897 0.338352 -0.02690297 -0.01384496 0.345917 -0.02564996 -0.001892983 0.351071 -0.04451298 0.02497798 0.307011 0.09393197 -0.174799 0.336855 0.111173 -0.178394 0.38956 0.101153 -0.1764169 0.371604 0.105574 -0.178124 0.409595 0.09496396 -0.172103 0.372768 0.09931099 -0.173811 0.410093 0.09290099 -0.166172 0.386069 0.172623 0.02246099 0.510931 -0.019535 0.06110495 0.26794 -0.02336597 -0.01465398 0.350489 0.105426 0.141806 0.455898 0.11611 0.07853895 0.50162 0.116552 0.07853895 0.514007 -0.04451298 0.01365399 0.329457 -0.04104995 0.008980989 0.329374 -0.04178595 -0.007464945 0.329291 0.110363 0.164363 0.427468 0.03808295 0.04654598 0.306928 0.09894299 -0.145592 0.372435 0.09172195 -0.143974 0.338102 0.187359 0.118351 0.394797 0.06048196 0.03989595 0.195533 0.06121796 0.02857196 0.195533 0.06556499 0.04861295 0.195533 0.06379699 0.04672598 0.18614 0.02179896 -0.03586298 0.329374 0.03218799 -0.02786499 0.329457 -0.02174496 0.03594195 0.307011 -10e-6 0.06433999 0.24749 -0.04451298 0.02497798 0.329374 0.124141 0.164453 0.421316 0.133204 0.164363 0.414084 0.147498 0.164363 0.408181 0.164297 0.164453 0.40893 0.168644 0.164453 0.405521 0.100195 -0.145412 0.298449 0.11191 -0.1470299 0.331784 0.105868 -0.142716 0.333696 0.08774298 -0.1402 0.304767 0.06725996 -0.141368 0.28282 0.04611396 -0.145772 0.267691 0.02474695 -0.152871 0.257216 0.103363 -0.14721 0.41001 0.1835269 0.149984 0.400617 -0.026977 0.064969 0.207587 -0.02653497 0.06461 0.21748 0.08789098 -0.170485 0.33885 0.08781695 -0.164644 0.355061 0.09068995 -0.157904 0.373765 0.08125895 -0.142536 0.308009 0.062913 -0.14667 0.286229 0.04456698 -0.152961 0.269769 0.04014599 -0.16042 0.265197 0.211968 0.090761 0.420319 0.219483 0.03252696 0.487904 0.107932 0.141986 0.487156 -0.05534398 0.03216695 0.283402 0.218967 0.09651297 0.414915 0.216389 0.09624296 0.420402 0.211894 0.09570395 0.420319 0.216389 0.090671 0.420319 0.064166 -6e-6 0.259461 0.119794 -0.148737 0.368694 0.02496796 -0.1599709 0.256385 0.02607297 -0.165992 0.25281 0.02784097 -0.169946 0.247157 0.02990394 -0.171204 0.240424 0.09628999 -0.1512539 0.281823 0.111395 -0.152692 0.31732 0.1192049 -0.154219 0.345085 0.07050198 -6e-6 0.182981 0.06902796 0.014373 0.182981 0.06033396 0.03270596 0.185973 0.06055498 0.03863799 0.185973 -0.04436498 0.01338499 0.307011 0.05709195 -0.009890973 0.307011 0.002052962 -0.04197394 0.307011 -0.01820898 0.064969 0.195533 0.1934739 0.022641 0.514755 0.201284 0.022551 0.514921 0.02901995 -0.015643 0.341344 0.06409198 -9.94e-4 0.283402 -0.01739799 0.03576195 0.329457 0.124436 -0.150535 0.408348 0.122889 -0.1552979 0.368362 0.113458 0.177933 0.435033 0.202832 0.01050895 0.514173 0.01339995 -0.01977699 0.350988 -0.01703 0.07503396 0.276004 0.127973 -0.156915 0.40602 0.124067 -0.162937 0.367697 0.113458 -0.168329 0.33087 0.09665799 -0.172013 0.29953 0.185885 0.09049201 0.393717 0.03867197 0.05867797 0.217563 0.170633 0.176316 0.420984 -0.01562994 -0.01734995 0.351486 0.02430498 -0.002161979 0.351486 -0.02366095 -0.01213794 0.351486 -0.005903959 0.04960197 0.306845 0.02658897 0.06452 0.21748 0.219336 0.09049201 0.449996 0.04132497 0.064969 0.195533 0.1259829 -0.171833 0.408015 0.121341 -0.170036 0.368113 0.115815 -0.175248 0.368944 0.108079 -0.173541 0.332449 0.101153 -0.175878 0.334528 0.06409198 -6e-6 0.271432 0.062029 0.05310595 0.195533 0.05834496 0.05831897 0.195533 0.05834496 0.05831897 0.207504 0.05046099 0.06326198 0.195533 0.05046099 0.06326198 0.207504 0.04132497 0.064969 0.201519 0.18758 0.141986 0.412005 0.193548 0.142076 0.432705 0.196937 0.141986 0.447918 0.09776395 -0.152422 0.410426 0.09496396 -0.1595219 0.410592 0.09584796 -0.1676999 0.423145 0.1013 -0.175518 0.449996 0.120383 -0.177046 0.408431 0.01199996 -0.020316 0.350738 0.03366196 0.04879295 0.307011 0.03800898 0.05112898 0.307011 0.03513598 0.05292695 0.307011 0.02872496 0.03081899 0.329457 0.129151 0.02237194 0.390225 0.137404 0.02246099 0.389061 0.09068995 0.07853895 0.449996 0.09068995 0.02246099 0.449996 0.1160359 0.03252696 0.398372 0.1152999 0.03252696 0.399453 0.12672 0.07853895 0.385487 0.09002697 0.03252696 0.417492 0.101963 0.03153795 0.391638 0.09710097 0.030909 0.397541 0.1160359 0.02246099 0.398621 0.101595 0.01050895 0.388147 0.09665799 0.01050895 0.391638 0.09172195 0.01050895 0.399536 0.09002697 0.01050895 0.40868 0.09945797 0.022641 0.393135 0.115963 0.03252696 0.391888 0.05701899 0.02965098 0.265363 0.05421894 0.03423398 0.265363 0.05392396 0.03486299 0.260625 0.01413697 0.06029599 0.283402 0.01590496 0.06200295 0.283402 0.04191398 0.002060949 0.307011 0.097543 -0.168868 0.449996 0.09695297 -0.161229 0.449996 0.09982699 -0.154129 0.449996 0.105426 -0.149007 0.449996 0.04707199 0.03719997 0.307011 0.117068 0.03252696 0.514506 0.03594595 0.02174299 0.329374 0.128046 -0.173631 0.449996 0.126573 -0.152332 0.449996 0.12031 -0.147929 0.449996 0.112721 -0.14676 0.449996 0.170928 0.09049201 0.387814 0.03970396 0.005206942 0.32954 0.128783 0.03252696 0.509601 0.129151 0.02246099 0.510432 0.09783697 0.090851 0.479424 0.097911 0.09660297 0.479508 0.09216398 0.09696197 0.479258 0.09334295 0.09049201 0.482916 0.208431 0.01050895 0.511845 0.213294 0.01050895 0.508354 0.218304 0.01050895 0.500373 0.09393197 0.098939 0.469532 0.117805 0.141986 0.402944 0.1083739 0.141986 0.411922 0.106237 0.141986 0.416328 0.102037 0.141986 0.414915 0.215799 0.03252696 0.423561 0.09466898 0.118351 0.435864 0.218231 0.01050895 0.399536 0.09024798 0.07844901 0.477097 0.112058 0.01050895 0.515004 0.107195 0.01050895 0.514173 0.211747 0.02282094 0.394299 0.07337599 0.08914399 0.456564 0.155013 0.104421 0.385902 0.07337599 0.09606295 0.443013 0.181243 0.03252696 0.390392 0.09002697 0.02246099 0.491312 0.210568 0.01050895 0.389477 0.204821 0.01041895 0.386401 0.07941699 0.08716696 0.43495 0.080302 0.082493 0.439106 0.07993298 0.08878397 0.43761 0.07971197 0.085729 0.456231 0.09172195 0.02246099 0.500457 0.101595 0.01050895 0.511845 0.09665799 0.01050895 0.508354 0.09172195 0.01050895 0.500457 0.09002697 0.01050895 0.491312 0.02677398 0.08208096 0.183022 0.02665996 0.08002597 0.1780019 0.02847999 0.08574497 0.177901 -0.145376 -0.163776 0.196677 -0.141166 -0.17593 0.195774 -0.1498129 -0.17593 0.2025009 -0.1442379 -0.182186 0.213747 -0.148675 -0.18165 0.205815 -0.145148 -0.182096 0.199087 -0.1347939 -0.182096 0.212843 -0.135704 -0.182186 0.198384 -0.131267 -0.18165 0.206216 -0.14822 -0.176019 0.203806 -0.144124 -0.176019 0.198987 -0.147879 -0.17593 0.2122409 -0.150723 -0.167708 0.206618 -0.04058396 0.169574 0.18011 -0.05139297 0.164659 0.176997 -0.04706996 0.166625 0.178604 -0.145262 -0.1634179 0.215353 -0.13889 -0.17593 0.216157 -0.135932 -0.161988 0.197481 -0.13468 -0.1634179 0.196577 -0.141052 -0.161988 0.196577 -0.149358 -0.17879 0.242965 -0.149927 -0.185046 0.236841 -0.14731 -0.185135 0.244271 -0.131608 -0.161988 0.201597 -0.165856 -0.1787 0.246781 -0.1671079 -0.176734 0.254814 -0.163239 -0.177002 0.242263 -0.165629 -0.178611 0.261139 -0.1321769 -0.17593 0.19969 -0.129333 -0.167708 0.205413 -0.130243 -0.17593 0.2095299 0.03337299 0.07287597 0.182922 0.03735494 0.073502 0.177901 0.02950495 0.074395 0.177901 -0.1400279 0.166983 0.262043 -0.1400279 0.166983 0.272987 -0.140142 0.151343 0.273088 0.02802497 0.07618296 0.183022 -0.07642495 0.09807795 0.274594 -0.07904195 0.09915095 0.268067 -0.07335299 0.098257 0.268871 -0.07164597 0.100313 0.268067 -0.1501539 -0.161899 0.2313179 -0.169497 -0.161988 0.232021 -0.153568 -0.161988 0.188042 -0.125009 -0.161988 0.188042 -0.14731 -0.161988 0.199991 -0.149358 -0.161988 0.206015 -0.148334 -0.161988 0.210433 -0.14401 -0.161988 0.21445 -0.139004 -0.161988 0.215454 -0.132746 -0.161988 0.21204 -0.128309 -0.161988 0.215654 -0.130584 -0.161988 0.206015 -0.125009 -0.161988 0.206216 -0.1318359 -0.176019 0.2082239 -0.135932 -0.176019 0.213044 -0.125009 -0.166904 0.188042 -0.124554 -0.166993 0.198184 -0.126488 -0.167261 0.213044 -0.138549 -0.169138 0.224089 -0.1527709 -0.1674399 0.232021 -0.167221 -0.166099 0.23172 -0.149017 -0.178611 0.235535 -0.148334 -0.1793259 0.23423 0.01266497 0.07922101 0.183022 0.01459896 0.07868498 0.1780019 0.009478986 0.08172398 0.177901 -0.140256 0.135882 0.269272 -0.138094 0.135524 0.274493 -0.143555 0.142763 0.274795 -0.169497 -0.152247 0.26144 -0.175983 -0.156984 0.262043 -0.175983 -0.156984 0.272987 -0.08382099 -0.165921 0.184327 -0.08063495 -0.175036 0.1845279 -0.08211398 -0.1703889 0.185131 -0.143555 -0.178611 0.233828 -0.139914 -0.1793259 0.2356359 -0.178486 -0.151174 0.261942 -0.139687 -0.178611 0.2383469 -0.164946 -0.177002 0.261541 -0.07483196 -0.1793259 0.196075 -0.08006596 -0.185046 0.195874 -0.07301098 -0.1852239 0.193163 -0.09565401 0.06313496 0.30311 -0.09019196 0.06688797 0.297487 -0.102594 0.06688797 0.306022 -0.08575499 -0.1684229 0.186235 -0.168814 -0.169048 0.245174 -0.08700597 0.062599 0.289856 0.008796989 0.08395797 0.183022 0.02313297 0.08297497 0.182922 0.02370196 0.08762198 0.177901 0.02063 0.07993596 0.177901 0.01869499 0.07904297 0.183022 -0.13468 -0.163776 0.215353 -0.05912995 0.173507 0.243969 -0.05867499 0.174132 0.193966 -0.06379497 0.171898 0.224089 -0.136159 0.145891 0.274393 -0.133429 0.1442829 0.268268 -0.138208 0.1461589 0.268168 0.137482 -0.06654095 0.248187 0.139985 -0.06904298 0.240556 0.139416 -0.06823897 0.244773 -0.072784 -0.178611 0.19236 -0.077335 -0.178611 0.196376 -0.04103899 -0.178611 0.1757929 -0.04581797 -0.177002 0.176997 -0.03614699 -0.173606 0.177299 -0.199421 -0.003178 0.183825 -0.197601 -0.045807 0.18493 -0.202493 -0.01050597 0.18493 -0.049914 -0.178611 0.180311 -0.08279699 -0.179415 0.194268 -0.08325195 -0.178611 0.192561 -0.08143097 -0.17879 0.186335 -0.09167098 -0.167082 0.188042 -0.04502195 0.180031 0.198284 -0.04206299 0.151879 0.197983 -0.04718297 0.151968 0.197681 -0.1580049 -0.153319 0.262043 -0.172 -0.152962 0.272987 -0.1592569 -0.15323 0.273088 -0.1527709 -0.156805 0.272987 -0.1524299 -0.1564469 0.262043 -0.149017 -0.16315 0.272987 -0.148562 -0.16315 0.261942 -0.149017 -0.171998 0.262043 -0.149017 -0.171998 0.272987 -0.154023 -0.177002 0.262043 -0.06777799 -0.177002 0.261541 -0.147879 -0.177896 0.262043 -0.1674489 -0.177002 0.272987 -0.154023 -0.177002 0.272987 -0.07301098 0.107998 0.274594 -0.07084995 0.104871 0.26867 -0.07619696 0.10925 0.268168 -0.04706996 0.169128 0.180612 -0.037853 0.1750259 0.18252 -0.184744 -0.09746295 0.267264 -0.184857 -0.101395 0.266461 -0.186905 -0.09549695 0.266461 -0.04502195 0.149466 0.193966 -0.04923099 0.151968 0.195272 -0.18463 -0.100412 0.272987 -0.186223 -0.1037189 0.267164 -0.08291 0.159476 0.29819 -0.08336496 0.068497 0.299194 -0.08291 0.068497 0.297487 0.03598999 0.06474298 0.184729 0.05123698 0.07948899 0.185131 0.04247498 0.07305496 0.183122 -0.04069799 0.151968 0.192761 -0.04285997 0.151968 0.190352 -0.04194897 0.180031 0.190954 -0.188612 -0.105238 0.266461 -0.031937 -0.178611 0.180612 -0.02977496 -0.176466 0.18252 -0.02658897 -0.177092 0.183825 -0.192594 -0.10506 0.267565 -0.194984 -0.101664 0.266561 -0.149927 -0.14903 0.266461 -0.146969 -0.147778 0.267164 -0.142645 -0.151264 0.266461 0.07080698 0.03739595 0.177901 0.06853097 0.04123896 0.182922 0.07444798 0.03569799 0.183022 -0.201242 0.02515196 0.18493 -0.141393 -0.153945 0.267264 -0.144352 -0.149208 0.272987 -0.1431 -0.156805 0.273088 -0.04911798 0.1799409 0.1921589 -0.04786598 0.151879 0.19005 0.131224 -0.05411899 0.204409 0.129404 -0.03821098 0.2152529 0.1231459 -0.03821098 0.207019 -0.131153 0.159386 0.268168 -0.130129 0.159565 0.266461 -0.139459 0.149109 0.26636 -0.07221496 0.1072829 0.268067 -0.04661399 -0.168691 0.176997 0.007316946 -0.172266 0.176997 -0.02840995 -0.17021 0.177299 -0.150723 -0.157788 0.272987 -0.1524299 -0.1555539 0.266561 -0.148106 -0.159307 0.267264 -0.1464 -0.158771 0.266561 -0.07107698 0.102189 0.274393 -0.05230295 -0.167619 0.182018 -0.05116599 -0.164669 0.176997 -0.130129 0.159476 0.269172 -0.081317 0.104156 0.268168 -0.080976 0.102279 0.274393 -0.079611 0.107105 0.274393 -0.2075 -0.02042597 0.272987 -0.207955 -0.02292895 0.267666 -0.20932 -0.01622599 0.267164 -0.21171 -0.02489495 0.272787 0.129859 -0.115963 0.198083 0.133727 -0.108634 0.196577 0.13111 -0.1206099 0.200694 -0.08313798 -0.1485829 0.266461 -0.08291 -0.153051 0.267264 -0.08177298 -0.146259 0.267164 -0.04183596 0.07367998 0.183022 -0.03717094 0.07216095 0.1780019 -0.04399698 0.07761299 0.177801 -0.081317 -0.154392 0.266461 -0.07653898 -0.155107 0.267164 -0.03318798 0.07278698 0.183022 -0.07426297 -0.153766 0.266461 -0.05457895 -0.091654 0.202802 -0.05901598 -0.09996497 0.203003 -0.06106495 -0.10506 0.2041079 -0.207727 -0.01872795 0.266461 -0.209661 -0.024001 0.266461 -0.122847 0.06688797 0.275498 -0.117386 0.06313496 0.269875 -0.125919 0.06268799 0.283129 0.01550996 -0.1793259 0.196175 0.02165395 -0.178611 0.19477 0.01357495 -0.178611 0.194167 0.01846796 -0.185582 0.196376 -0.1175 0.06179398 0.278008 -0.114996 0.06036394 0.275899 -0.119889 0.06036394 0.28353 -0.110445 0.06679898 0.266963 -0.102367 0.06313496 0.267164 -0.07346695 -0.146885 0.272987 -0.072784 -0.151353 0.267164 -0.07528698 -0.144919 0.267264 -0.09553998 0.06688797 0.270176 -0.1262609 0.06688797 0.290358 -0.21171 -0.015064 0.272787 -0.215578 -0.01515299 0.266561 -0.06959795 -0.101485 0.211136 -0.06868797 -0.107115 0.215755 -0.066298 -0.107026 0.207722 3.5e-5 0.067514 0.195473 -0.02749896 0.06313496 0.1845279 -0.01816898 0.06501096 0.195473 -0.211596 -0.01479595 0.266461 -0.123302 0.06304496 0.297186 -0.02408599 0.06313496 0.195473 -0.217626 -0.01685094 0.272987 -0.072784 -0.1485829 0.266461 -0.109535 0.06188398 0.273289 -0.077335 -0.144472 0.266461 -0.120116 0.06188398 0.286542 -0.08347898 -0.150459 0.272987 -0.07938295 -0.145008 0.272787 -0.074377 -0.153587 0.272787 -0.07926899 -0.155017 0.272787 0.005610942 -0.177002 0.182721 0.03507995 -0.177002 0.183926 -0.117272 0.06179398 0.295378 -0.118751 0.06036394 0.292366 -0.112379 0.06036394 0.298893 -0.164946 0.145981 0.262043 -0.16506 0.136954 0.262043 -0.160508 0.140529 0.262043 -0.1175 0.06688797 0.302909 -0.110559 0.06313496 0.305821 -0.02852296 0.06679898 0.182922 -0.02954697 0.08976697 0.183022 -0.02875095 0.07707595 0.182922 -0.03261899 0.08619195 0.1780019 -0.03057098 0.08502995 0.182922 -0.03660196 0.08708596 0.183022 -0.065957 -0.178969 0.260938 -0.065957 -0.184867 0.257725 -0.06436395 -0.184956 0.263549 -0.001215994 0.09450399 0.183022 -0.02590596 0.09083896 0.174989 -0.016918 0.09298396 0.1780019 -0.106235 0.06027495 0.272586 -0.037512 0.08672797 0.1780019 -0.05844795 -0.1793259 0.253809 -0.055489 -0.185135 0.258328 -0.06163299 -0.185046 0.253709 -0.100432 0.06188398 0.274092 -0.117841 0.06170499 0.275297 -0.117841 0.06161499 0.297788 -0.05594396 -0.178969 0.261039 -0.06470495 -0.178611 0.255115 -0.06618499 -0.178432 0.267063 -0.05651295 -0.178611 0.255918 -0.08973699 0.06304496 0.275799 -0.08700597 0.06679898 0.282526 -0.03478097 0.06501096 0.195473 -0.130129 0.068497 0.29819 -0.116248 0.06706696 0.310941 -0.129105 0.068497 0.299696 -0.193732 0.06000697 0.18493 -0.02886497 0.081366 0.1780019 -0.06106495 -0.1787 0.264051 -0.05844795 -0.184778 0.263348 -0.06800496 -0.178611 0.261541 -0.06732195 -0.178611 0.263348 0.01255095 -0.185046 0.191456 -0.079952 -0.104345 0.213245 -0.08006596 -0.09496098 0.2095299 -0.06925696 -0.09183299 0.20973 -0.079952 -0.085666 0.213245 -0.06959795 -0.08235996 0.216056 -0.08006596 -0.08030396 0.221378 -0.07198697 -0.08003598 0.224992 -0.07073599 -0.07985699 0.261942 -0.06925696 -0.078606 0.224992 -0.06902897 -0.07699698 0.262043 -0.079952 -0.08003598 0.262043 -0.08006596 -0.1097069 0.221378 -0.129446 0.06688797 0.298491 0.04463696 -0.106847 0.323693 0.03621798 -0.120521 0.317066 0.04293096 -0.11632 0.320681 -0.01851099 0.07788097 0.177901 -0.02067297 0.07850599 0.183022 -0.014642 0.07886397 0.182922 -0.02408599 0.08091896 0.1780019 0.019378 -0.179237 0.185833 0.01482695 -0.178611 0.186737 0.02279096 -0.1787 0.188745 -0.02522397 0.08261698 0.182922 -0.02601999 0.08654999 0.177901 -0.09542596 0.06036394 0.277907 -0.093037 0.06188398 0.283329 0.01255095 -0.1793259 0.188444 -0.07005298 0.068497 0.266461 -0.08347898 0.068497 0.266461 -0.08347898 0.06688797 0.266461 0.132817 -0.09853595 0.216157 0.127924 -0.102021 0.222382 0.132362 -0.09978699 0.217462 -7.8e-5 0.067514 0.185231 3.5e-5 0.06956899 0.183022 -0.01782798 -0.08986699 0.182922 -0.01486998 -0.09218996 0.183926 -0.01566594 -0.08218097 0.183022 -0.01566594 -0.09326297 0.183323 -0.01384598 -0.092637 0.185934 -0.07744896 0.06787097 0.266862 -0.01703196 -0.08897298 0.177901 -0.09508496 0.06179398 0.297788 -0.09508496 0.06161499 0.275196 -0.077335 0.05643194 0.273088 -0.08177298 0.05821895 0.267164 -0.07471799 0.05750399 0.266862 -0.02749896 -0.103808 0.205413 -0.03478097 -0.09907197 0.208325 -0.02886497 -0.107204 0.215052 -0.160053 0.140976 0.272987 -0.09292298 0.06036394 0.286542 -0.109535 0.06188398 0.299796 -0.103505 0.06036394 0.299796 -0.08313798 0.06286698 0.266461 -0.07938295 0.05678898 0.266461 -0.03034394 -0.080751 0.177901 -0.02863699 -0.078606 0.182922 -0.03102695 -0.08557695 0.182922 -0.03580498 -0.07172501 0.183022 -0.03352999 -0.07744395 0.183022 -0.067209 -0.04973995 0.1845279 -0.06607097 -0.04911398 0.186034 -0.06811898 -0.04696899 0.183022 0.01903694 0.06483298 0.195473 -0.07232898 0.171183 0.1861349 -0.09053397 0.169396 0.184628 -0.09030598 0.171898 0.188042 -0.02260696 -0.09174299 0.183022 -0.04365599 -0.069848 0.182922 -0.047297 -0.07252895 0.177901 -0.03967398 -0.06957995 0.177901 -0.04866194 -0.07628196 0.183022 0.03997194 -0.177002 0.220876 0.03997194 -0.17593 0.19989 0.03974497 -0.177002 0.208425 0.04201996 -0.168334 0.2021999 0.04213398 -0.16887 0.182721 0.04008597 -0.16878 0.206919 -0.04615896 -0.09889298 0.206317 -0.03159499 -0.09513896 0.203405 -0.09576696 0.06036394 0.294977 -0.09428799 0.06188398 0.292366 -0.100205 0.06179398 0.298993 -0.03034394 -0.08700698 0.1780019 -0.02692997 -0.090671 0.1780019 -0.025451 -0.07708698 0.1780019 -0.02260696 -0.09174299 0.1780019 -0.01942098 -0.07771199 0.177901 -0.01600795 -0.08280599 0.1780019 -0.05435097 -0.106311 0.205413 -0.08154499 0.06563699 0.272787 -0.07687997 0.06715595 0.272787 -0.01304894 0.08020401 0.1780019 -0.01031899 0.08592396 0.177901 -0.01327699 0.09119695 0.1780019 -0.02169698 0.09217995 0.177901 -0.1501539 0.140976 0.272987 -0.1501539 0.140618 0.261942 -0.143441 0.144461 0.262043 -0.143783 0.144819 0.272987 -0.139573 0.1511639 0.262043 -0.05571699 -0.07324397 0.1837249 -0.04843497 -0.06823897 0.183022 -0.04684197 -0.064754 0.18493 -0.04854899 -0.07833796 0.1780019 -0.164946 0.145981 0.272987 -0.016918 0.09298396 0.183022 0.123259 0.128911 0.224089 0.126673 0.124889 0.226298 0.125421 0.131503 0.221177 0.03519397 0.1702 0.257725 0.06818997 0.154381 0.280819 0.04691296 0.164659 0.265758 0.128835 0.171183 0.2198719 0.131224 0.1264089 0.218968 0.132817 0.167787 0.217361 0.190162 -0.05599498 0.339156 0.190162 -0.04107099 0.339056 0.1861799 -0.04098099 0.337148 0.09003597 -0.01157897 0.398497 0.1081269 -0.01050597 0.382331 0.09003597 -0.01434898 0.392774 0.203361 -0.04124897 0.335642 0.2038159 -0.05608499 0.33514 0.205295 -0.05599498 0.331123 0.07239997 -0.03731697 0.476715 0.06818997 -0.03740596 0.450006 0.06989699 -0.038836 0.431431 0.05032598 0.1690379 0.261139 0.04258894 0.171094 0.259131 0.195737 -0.04053395 0.345181 0.186863 -0.03955096 0.352109 0.199606 -0.03946197 0.341164 0.03371399 0.173328 0.253307 -0.183947 0.112735 0.184126 -0.1824679 0.112199 0.189749 -0.185313 0.112199 0.18995 -0.08325195 -0.07136696 0.267164 -0.08313798 -0.06859695 0.266461 -0.07972395 -0.07494199 0.266461 0.213829 -0.04080295 0.351305 0.20063 -0.04250097 0.345281 0.2008579 -0.04044497 0.344076 -0.194984 0.118008 0.18995 -0.194984 0.118008 0.192962 -0.190774 0.114165 0.192962 -0.190774 0.114165 0.18995 -0.185313 0.112199 0.192962 0.175143 -0.03946197 0.314657 0.187318 -0.03955096 0.341164 0.075244 -0.152962 0.208124 0.07035195 -0.143221 0.211538 0.068645 -0.151174 0.2095299 0.07626795 -0.149387 0.214249 0.007658958 -0.177002 0.28584 0.002310991 -0.1787 0.28835 0.01346194 -0.178611 0.28102 -0.08063495 -0.064664 0.267063 -5.33e-4 -0.177002 0.288249 0.20575 -0.04053395 0.332328 0.21178 -0.03829997 0.343775 0.04702699 0.1799409 0.248387 0.04930198 0.153935 0.245074 0.04691296 0.15465 0.247785 0.098342 -0.143489 0.197681 0.07877099 -0.155643 0.197782 0.07410597 -0.155196 0.193464 0.101527 0.01049596 0.388155 0.107216 0.01049596 0.385846 0.09401798 0.009869992 0.398698 0.09003597 0.01049596 0.408739 0.09174197 0.01049596 0.399602 0.09663498 0.01049596 0.391669 -0.07653898 -0.07503098 0.272787 -0.08165895 -0.07369101 0.272787 0.186863 -0.04107099 0.359238 0.1969889 -0.04250097 0.345381 0.128948 0.17592 0.203003 0.128152 0.172345 0.199991 0.123032 0.176724 0.201196 0.04930198 0.180031 0.243969 0.04816395 0.1799409 0.240857 0.07012397 0.158314 0.208726 0.07251298 0.159386 0.2155539 0.07672297 0.16171 0.215956 0.177646 -0.041875 0.305017 0.18106 -0.03955096 0.300599 0.040883 0.155633 0.245174 0.04179298 0.180031 0.2470819 0.04361295 0.155365 0.248086 0.08912497 0.160459 0.287446 0.07342398 0.163944 0.276903 0.1013 0.156526 0.296282 0.04816395 0.153935 0.2410579 0.08161598 -0.158324 0.203706 0.185497 -0.03955096 0.363856 0.187887 -0.05608499 0.362551 0.189935 -0.04115998 0.364358 0.05419498 -0.134552 0.209931 0.133045 0.170736 0.205011 0.130883 0.1740429 0.21696 0.06762099 -0.03669196 0.405726 0.09049099 -0.01595795 0.504829 0.07604098 -0.01926398 0.488262 0.09105998 -0.02060496 0.510552 0.08548396 -0.02480494 0.503624 0.18709 -0.04303699 0.300399 0.07456195 0.160012 0.205112 0.07592695 0.160995 0.209429 0.204043 0.008797943 0.360844 0.205295 -0.008628964 0.355422 0.202564 -0.007824957 0.36466 0.214511 -0.04250097 0.352812 0.214511 -0.05599498 0.352812 0.2106429 -0.05599498 0.349598 0.19972 -0.05617398 0.344779 0.178329 0.007635951 0.373395 0.165244 0.01049596 0.370684 0.185042 0.01049596 0.375805 0.08616697 -0.03642296 0.50513 0.07467496 -0.03910499 0.476012 -0.02784097 -0.120521 0.270879 -0.02829599 -0.1147119 0.269674 -0.028979 -0.117393 0.272987 0.08400499 -0.15609 0.19979 0.091856 -0.168512 0.199991 -0.02795398 -0.112209 0.259733 -0.02772694 -0.112924 0.265557 0.03792399 0.15885 0.259533 0.01880896 0.1610839 0.248187 0.02665996 0.157688 0.2497929 0.070921 -0.04098099 0.395786 0.133727 -0.03946197 0.335341 0.1796939 -0.05608499 0.303009 0.178215 -0.05599498 0.307026 0.207457 -0.03955096 0.370885 0.197785 -0.03946197 0.37209 0.2015399 -0.04035598 0.370985 0.07512998 0.159029 0.2021999 0.07001 0.158046 0.205714 0.092197 0.176545 0.201698 0.09105998 0.175741 0.217462 0.094814 0.178243 0.213747 0.11063 0.178333 0.203606 0.125421 0.178154 0.212642 0.124852 0.177081 0.2182649 0.09617996 0.175652 0.219671 0.08457398 -0.04276895 0.390163 0.08650797 -0.03999799 0.392071 0.07842999 -0.04044497 0.395987 -0.07938295 -0.064754 0.266461 0.121553 0.132218 0.316062 0.08741897 0.148304 0.293772 0.105965 0.139993 0.305017 -0.07255595 -0.07047295 0.272887 -0.07301098 -0.07243996 0.266862 -0.074377 -0.06618398 0.266561 0.09003597 -0.03946197 0.392372 0.09583801 -0.040892 0.379721 0.09947896 -0.04008799 0.373897 -0.03011596 -0.120789 0.272184 -0.02715796 -0.12347 0.271983 0.208367 0.01049596 0.389561 0.20484 0.01040595 0.386448 0.210529 0.01049596 0.38946 -0.01805597 -0.07306498 0.182821 -0.02135497 -0.076819 0.182922 0.06807595 -0.040892 0.388958 0.03200799 0.1742219 0.191255 0.03200799 0.180031 0.193966 0.03325897 0.180031 0.188344 -0.02237898 0.157778 0.262143 -0.02215194 0.169396 0.262043 -0.02590596 0.171898 0.262043 -0.04502195 0.1719869 0.262043 -0.02761298 0.150628 0.262043 -0.02624797 0.153667 0.262043 -0.03205096 0.155007 0.262043 -0.07403498 0.1719869 0.262043 -0.06948399 0.1700209 0.262143 -0.04797995 0.155007 0.262043 -0.05196195 0.150985 0.262043 -0.05355495 0.156973 0.261742 -0.06732195 0.1571519 0.261742 -0.06902897 0.145534 0.261742 0.09617996 -0.04214298 0.365162 0.03189396 0.1742219 0.236841 0.03007298 0.170915 0.197983 -0.05719596 -0.111494 0.266059 -0.06709498 -0.110958 0.265356 -0.06698095 -0.11498 0.266963 -0.05457895 -0.117125 0.266963 -0.04843497 -0.123827 0.267164 -0.04866194 -0.178611 0.266963 -0.02954697 -0.178611 0.270778 -0.01589399 -0.140986 0.279514 -0.01566594 -0.121414 0.278811 -0.01714497 -0.123917 0.277907 -0.02078598 -0.123649 0.275297 -0.01077395 -0.178522 0.283831 -0.03773999 -0.126419 0.267867 -0.047297 -0.122219 0.268268 -0.05275899 -0.114354 0.268469 -0.002694964 -0.179773 0.275899 -5.33e-4 -0.185046 0.275498 -0.005994975 -0.1853139 0.282626 0.215649 0.01818197 0.386348 0.20996 0.008976995 0.384239 0.217014 0.01049596 0.388155 0.08798795 -0.038836 0.504327 0.08605295 -0.03552997 0.563969 0.08605295 -0.02516299 0.563969 0.08594 -0.02623498 0.507741 0.09003597 -0.03946197 0.563969 0.08741897 -0.03803199 0.563969 0.191869 -0.01068496 0.371387 0.193348 0.002898991 0.372893 0.193917 0.005222976 0.376307 0.185383 0.004328966 0.373897 0.199378 0.002898991 0.368475 0.03667294 -0.178611 0.2440699 0.03849297 -0.177002 0.236439 0.03098398 -0.176913 0.258729 0.05806297 0.163676 0.205614 0.06056696 0.1610839 0.1948699 0.05794996 0.165374 0.193966 0.05669796 0.1651059 0.187339 0.05794996 0.172702 0.193966 0.05794996 0.180031 0.243969 0.05806297 0.171451 0.243969 0.05897396 0.166893 0.244271 0.05794996 0.180031 0.193966 0.05544596 0.180031 0.185633 0.050668 0.18012 0.256018 0.05419498 0.171362 0.254311 0.05669796 0.180031 0.249592 0.09458696 -0.05608499 0.379319 0.09526997 -0.04616498 0.371789 0.09094595 -0.04455596 0.383536 0.07012397 -0.042858 0.390967 0.08741897 -0.02373296 0.51236 -0.03591895 -0.06448596 0.195473 -0.02613395 -0.06502199 0.195473 -0.04388397 -0.064754 0.195473 -0.01100099 -0.153677 0.283731 -0.01111495 -0.177002 0.283831 -0.004515945 -0.1787 0.279514 -0.003036975 -0.179237 0.281924 -0.002581 -0.179237 0.279112 0.08354997 -0.01551097 0.488864 0.09003597 -0.01551097 0.500612 1.49e-4 -0.177896 0.285036 0.200175 0.006026983 0.371688 1.49e-4 -0.179237 0.278108 -0.002239942 -0.177002 0.278409 0.001741945 -0.177807 0.277104 -0.00622195 -0.177002 0.287145 0.03314495 0.169306 0.182419 -0.05332696 -0.108634 0.263549 0.201426 0.08208096 0.369981 0.2008579 0.07573598 0.373496 0.214511 0.05160599 0.382231 0.026546 -0.178611 0.265356 0.04497897 0.180031 0.189749 0.04213398 0.151879 0.19005 0.04714 0.151968 0.190352 -0.00326395 -0.177002 0.28102 -0.05162096 -0.116052 0.273088 0.140099 -0.03606599 0.53957 0.135434 -0.03829997 0.543285 0.144764 -0.03803199 0.536357 0.002651989 -0.179237 0.279112 0.180718 0.106569 0.355523 0.04406797 0.167519 0.178704 0.04372698 0.166446 0.176997 0.03940296 0.167519 0.176997 0.003220975 -0.177181 0.279112 -0.03432595 0.18012 0.252404 -0.04069799 0.173149 0.256822 -0.03307497 0.174311 0.251098 0.188455 0.100581 0.35733 0.002879977 -0.179147 0.281924 0.22111 0.01040595 0.420988 0.219973 0.01049596 0.408638 0.219973 0.01013797 0.43123 0.04497897 0.149466 0.193966 0.04076898 0.151968 0.195272 0.04293096 0.151968 0.197681 -9.89e-4 -0.179237 0.284032 -0.002125978 -0.177002 0.283631 0.1372539 -0.03436797 0.544791 -0.105666 0.137401 0.178905 -0.08473098 0.1501809 0.176997 -0.114427 0.129 0.176997 0.01994699 -0.142237 0.273389 0.02779799 -0.169942 0.2470819 0.02609097 -0.16601 0.252805 0.133727 0.01049596 0.533947 0.111995 0.01049596 0.51497 0.121894 0.01040595 0.522601 0.168772 0.11908 0.343474 -0.04502195 0.18012 0.257324 0.09504199 -0.05599498 0.355422 0.09458696 -0.06126797 0.355824 0.09265297 -0.06260895 0.340562 0.09515595 -0.05885499 0.341867 0.09595197 -0.04866695 0.350603 0.04190695 0.1799409 0.197079 0.04497897 0.180031 0.198284 0.002196967 -0.177002 0.283631 0.001855969 -0.179237 0.28343 0.04918795 0.167876 0.181616 0.05294299 0.163855 0.18011 0.04930198 0.151968 0.192761 0.03849297 0.17163 0.182319 -0.02749896 0.1719869 0.2489899 0.06762099 -0.04214298 0.385444 0.06762099 -0.039909 0.385544 0.06750696 -0.05599498 0.385243 0.107216 0.01049596 0.514167 0.04497897 0.171183 0.181014 0.003675997 -0.1787 0.284735 0.00526899 -0.178611 0.27851 0.005837976 -0.185135 0.280618 0.04805099 0.180031 0.190954 -0.04547697 -0.122665 0.272987 3.5e-5 -0.179147 0.283932 0.04907494 0.1799409 0.195774 0.04793697 0.151879 0.197983 0.241136 -0.03865796 0.447797 0.237495 -0.03838998 0.424001 0.238405 -0.03695994 0.4238 0.1793529 0.007009983 0.534048 0.174461 0.007099986 0.533244 0.1685439 0.004686951 0.53455 0.176053 0.01058495 0.533947 -0.06902897 0.158492 0.266461 -0.07005298 0.159476 0.266461 -0.06936997 0.1591179 0.268168 -0.05651295 0.175294 0.250998 -0.05958497 0.172077 0.251098 -0.04968696 0.1750259 0.256721 0.128038 -0.126598 0.199991 0.152842 0.001290977 0.53455 0.150794 6.65e-4 0.540675 0.160238 -1.39e-4 0.540574 0.146129 0.01049596 0.529027 0.155004 0.008529961 0.530031 0.165813 0.006831943 0.529529 -0.1524299 0.153577 0.194569 -0.150041 0.155633 0.19477 -0.149244 0.156437 0.197079 -0.062316 0.157509 0.259031 0.1302 -0.112567 0.19236 0.119732 -0.12347 0.193464 0.141919 -0.09719496 0.18995 0.208367 0.01049596 0.511858 0.202792 0.01049596 0.514167 0.212577 0.01049596 0.506034 0.218721 0.01049596 0.496796 0.218266 0.01049596 0.500411 0.2132599 0.01049596 0.508343 0.220086 0.01049596 0.490471 -0.09690499 0.159207 0.312146 -0.116248 0.158939 0.312046 -0.116248 0.06903296 0.312046 -0.09667795 0.06903296 0.311946 -0.09679198 0.06706696 0.310841 -0.04081195 0.151879 0.24658 -0.04126697 0.180031 0.246178 -0.04081195 0.180031 0.242865 -0.01805597 0.157956 0.2440699 -0.02078598 0.15885 0.2473829 -0.01964896 0.157778 0.244472 0.233512 0.005490958 0.478924 0.218038 0.006473958 0.50011 0.2221339 0.003613948 0.505231 0.2364709 0.003435969 0.480028 0.238746 0.005490958 0.451914 0.221566 0.005579948 0.489667 0.223045 0.005490958 0.444082 0.2214519 0.006116986 0.444082 0.220883 0.007367968 0.431531 0.2202 0.007992982 0.444082 0.2423869 0.003166973 0.448199 0.2390879 0.008350968 0.434343 0.223386 0.006742 0.431431 0.2390879 0.01344496 0.417374 0.2308959 0.02381199 0.402413 0.226003 0.02524197 0.401007 0.235674 0.01380199 0.420286 0.232375 0.01657295 0.41396 0.229758 0.01049596 0.423197 0.223841 0.01049596 0.419482 0.219973 0.008529961 0.489667 0.06511795 -0.062788 0.3499 0.06887197 -0.06216198 0.37209 0.06432098 -0.06082099 0.35492 -0.160622 0.150985 0.1967779 -0.154023 0.151968 0.196276 -0.05537599 0.180031 0.252504 0.113133 -0.02185595 0.531337 0.135093 -0.02212399 0.540373 0.137482 -0.01845997 0.537261 0.02643197 -0.06394898 0.217462 0.02722895 -0.06493198 0.207622 0.02791196 -0.06502199 0.217462 0.128493 0.009959995 0.533345 0.139189 -0.02319699 0.53957 -0.04615896 0.151968 0.248387 -0.04809397 0.180031 0.2470819 -0.04388397 0.1799409 0.248287 0.09640699 -0.05671 0.34016 0.136458 -0.03758496 0.56417 0.132021 -0.03946197 0.563969 0.09572499 -0.065647 0.333734 0.002538979 -0.132228 0.292969 0.007658958 -0.128028 0.302206 0.003220975 -0.12633 0.298692 -0.08382099 0.159476 0.299696 0.142488 0.006920993 0.52963 0.239201 -0.035887 0.473803 0.2368119 -0.038836 0.4731 -0.05799198 0.180031 0.243969 0.00743097 -0.132317 0.291462 0.006975948 -0.130977 0.294977 -0.06925696 0.05902397 0.206417 -0.07426297 0.03614497 0.206216 -0.07210099 0.05053395 0.206317 0.1463569 -0.007198989 0.540173 0.14977 -0.01390194 0.540675 0.159328 -0.01461696 0.540675 0.163651 -0.006752967 0.540173 0.157166 -0.01524299 0.53455 0.146926 -0.009165942 0.53455 0.157735 -0.009790956 0.1529999 0.157735 -0.009790956 0.165049 0.157962 4e-5 0.165049 0.157962 4e-5 0.1529999 0.157735 0.009780943 0.165049 0.157735 0.009780943 0.1529999 -0.04513496 0.18012 0.180411 -0.03694295 0.180031 0.183825 -0.169497 0.1340939 0.18995 -0.167677 0.1273919 0.192962 -0.173593 0.139367 0.192962 -0.2004449 0.08726495 0.267164 -0.202948 0.083332 0.272787 -0.1974869 0.08753299 0.273088 -0.180306 0.142138 0.18985 0.07410597 0.05732595 0.185934 0.07444798 0.05830895 0.195774 0.06557297 0.048657 0.195473 0.06386595 0.046691 0.1861349 0.07057899 0.05258899 0.183624 0.07581299 0.05634295 0.183122 0.02950495 -0.063771 0.195473 0.03621798 -0.06502199 0.195473 0.02597695 -0.06502199 0.195473 -0.04502195 0.180031 0.189749 -0.04809397 0.1799409 0.197079 0.171616 0.01147896 0.1529999 0.171957 4e-5 0.1529999 0.171616 -0.01148897 0.1529999 -0.194984 0.08654999 0.266461 -0.130129 0.159476 0.297487 -0.129674 0.159476 0.299194 -0.155275 0.115506 0.203103 -0.158688 0.113539 0.199288 -0.165742 0.109786 0.210734 -0.151634 0.122298 0.19989 -0.06766396 0.134988 0.258127 -0.06800496 0.1550959 0.259031 -0.169156 0.120957 0.18995 -0.17291 0.115148 0.192862 -0.175983 0.113718 0.18995 -0.02727198 0.15179 0.222984 0.131793 -0.008896946 0.206417 0.1346369 -0.015064 0.215454 0.139985 -0.01318699 0.213245 -0.023745 0.15456 0.214751 -0.02260696 0.147411 0.206216 -0.01805597 0.151432 0.208726 0.128493 -0.01917499 0.212642 -0.02704399 0.1475 0.211337 -0.07824498 0.154739 0.275196 -0.07744896 0.1541129 0.268067 -0.08108997 0.149377 0.268168 -0.04092496 0.1799409 0.195774 -0.04786598 0.151879 0.239953 -0.04388397 0.1799409 0.2397519 -0.04809397 0.180031 0.240957 0.131452 -0.01980096 0.222984 -0.199421 0.07680797 0.267164 -0.196691 0.07707595 0.272787 -0.201697 0.07832795 0.272787 -0.194643 0.149377 0.193063 -0.191684 0.151968 0.183926 -0.194984 0.148126 0.184026 0.01755797 -0.06832796 0.184729 0.032121 -0.063771 0.184126 0.02506697 -0.06502199 0.185934 -0.002581 -0.14331 0.288149 -0.003605961 -0.139914 0.289755 -0.007245957 -0.143489 0.287044 0.13111 -0.020069 0.272987 0.129745 -0.02936297 0.235033 -0.192822 0.07931095 0.267264 -0.196577 0.07680797 0.266461 -0.192481 0.08127695 0.266461 -0.202948 0.08002597 0.266561 0.136685 -0.01649397 0.243668 -0.206248 0.08610296 0.266461 -0.08211398 0.068497 0.268067 -0.08188599 0.159476 0.268067 -0.08291 0.159476 0.269573 -0.08291 0.068497 0.269573 0.06454896 -0.130619 0.215454 0.06238698 -0.131334 0.211437 -0.186905 0.141602 0.192962 -0.04183596 0.151968 0.240756 -0.01282197 -0.119984 0.279213 -0.01851099 -0.119984 0.26134 -0.04923099 0.151968 0.245275 -0.04502195 0.149466 0.243969 0.14465 -0.01551097 0.222081 -0.07210099 0.145355 0.268067 -0.07062196 0.149287 0.275096 -0.07460397 0.144015 0.274393 -0.07119095 0.1522369 0.268469 0.158076 -0.02015799 0.177098 0.170933 -0.018996 0.176997 0.163879 -0.05206298 0.176997 -0.006563961 -0.152872 0.176997 0.029163 -0.150191 0.176997 0.07865798 -0.152962 0.176997 0.06329697 -0.139288 0.176997 0.107103 -0.134552 0.176997 0.09401798 -0.120699 0.176997 0.131338 -0.111047 0.176997 0.119505 -0.09549695 0.176997 0.1505669 -0.08316397 0.176997 0.1385059 -0.06502199 0.176997 0.1505669 -0.02829098 0.176997 0.04611599 -0.165831 0.176997 0.04361295 -0.166814 0.176997 -0.1141999 -0.129189 0.176997 -0.04206299 -0.147153 0.176997 -0.08450299 -0.150281 0.176997 -0.006563961 0.152862 0.176997 -0.04206299 0.1471419 0.176997 -0.07517296 0.1332899 0.176997 -0.104073 0.112109 0.176997 -0.139004 0.1021 0.176997 -0.127285 0.08485198 0.176997 -0.157323 0.07073098 0.176997 -0.143555 0.05285698 0.176997 -0.168587 0.03605598 0.176997 -0.151975 0.01791399 0.176997 -0.172455 -1.39e-4 0.176997 -0.151975 -0.01792395 0.176997 -0.168587 -0.03633397 0.176997 -0.143555 -0.05286794 0.176997 -0.157209 -0.07091999 0.176997 -0.127285 -0.084773 0.176997 -0.138776 -0.102378 0.176997 -0.104073 -0.11212 0.176997 -0.07517296 -0.1333 0.176997 -0.006904959 0.172166 0.176897 0.01915097 0.170915 0.176997 0.029163 0.1501809 0.176997 0.08036398 0.152058 0.176997 0.04827797 0.165195 0.176997 0.108354 0.133648 0.176997 0.1617169 0.01898598 0.176997 0.155004 0.02238196 0.176997 0.170933 0.01898598 0.176997 0.15068 0.02836996 0.176997 0.163993 0.05169498 0.176997 0.1385059 0.06501096 0.176997 0.1509079 0.082439 0.176997 0.119505 0.09548699 0.176997 0.132134 0.110143 0.176997 0.09401798 0.120689 0.176997 0.06329697 0.1392779 0.176997 -0.03057098 0.17163 0.18011 -0.03637397 0.171719 0.181616 -0.049914 0.166983 0.180311 -0.07631099 0.158403 0.182219 -0.05571699 0.169932 0.1837249 -0.09679198 0.14893 0.182922 -0.144921 -0.18585 0.239049 -0.142759 -0.1852239 0.233929 -0.140142 -0.185046 0.241158 -0.08347898 0.1610839 0.298491 -0.08347898 0.1610839 0.266461 -0.129446 0.1610839 0.266461 -0.129446 0.1610839 0.298491 -0.117727 0.1610839 0.310038 -0.09519898 0.1610839 0.309837 -0.128991 -0.1624349 0.206015 0.1617169 -0.018996 0.165049 0.171616 -0.01148897 0.165049 0.171388 -0.01863896 0.164748 0.155004 -0.02239197 0.165049 0.158076 0.02014797 0.165149 0.15068 -0.02829098 0.165049 0.1505669 0.02827996 0.1649489 0.1385059 -0.06502199 0.165049 0.1385059 0.06501096 0.165049 0.119505 -0.09549695 0.165049 0.119505 0.09548699 0.165049 0.09401798 -0.120699 0.165049 0.09401798 0.120689 0.165049 0.06329697 -0.139288 0.165049 0.06329697 0.1392779 0.165049 0.029163 -0.150191 0.165049 0.029163 0.1501809 0.165049 -0.006563961 -0.152872 0.165049 -0.006563961 0.152862 0.165049 -0.04206299 -0.147153 0.165049 -0.04206299 0.1471419 0.165049 -0.07517296 -0.1333 0.165049 -0.07517296 0.1332899 0.165049 -0.104073 -0.11212 0.165049 -0.104073 0.112109 0.165049 -0.127285 -0.084773 0.165049 -0.127285 0.08485198 0.165049 -0.143555 -0.05286794 0.165049 -0.143555 0.05285698 0.165049 -0.151975 -0.01792395 0.165049 -0.151975 0.01791399 0.165049 0.170933 0.01898598 0.165049 0.171616 0.01147896 0.165049 0.171275 0.01523196 0.165049 0.02745598 0.066531 0.182922 0.02722895 0.09048199 0.183022 0.02267795 0.08932 0.183022 0.03041499 0.08699697 0.183022 0.03428298 0.08806896 0.183022 0.01994699 0.092359 0.183022 0.009364962 0.09021395 0.182922 0.01448595 0.09343099 0.183022 -0.01179796 0.08976697 0.182922 -0.01088696 0.08368998 0.183022 -0.02499598 0.08869498 0.183022 -0.02237898 0.09182196 0.183022 0.04065495 0.07600396 0.182922 0.02347397 0.06375998 0.1845279 0.04668498 0.08217096 0.182721 0.04145097 0.08225995 0.183022 0.03951698 0.08583498 0.183022 -0.07790398 -0.18585 0.191155 -0.08325195 -0.1852239 0.188444 -0.075742 -0.184956 0.186034 -0.137525 0.1412439 0.275397 -0.1318359 0.14044 0.274694 -0.1674489 -0.177002 0.24658 -0.05332696 0.177081 0.184428 -0.055489 0.180031 0.185833 -0.05400997 0.173775 0.184026 -0.0564 0.1769919 0.188444 -0.05856096 0.172881 0.187842 -0.05787897 0.177081 0.192561 -0.05799198 0.1769919 0.243969 -0.05799198 0.180031 0.193966 -0.178031 -0.151621 0.266561 -0.158802 -0.152068 0.266461 -0.148106 -0.163597 0.266461 -0.147765 -0.177896 0.266561 0.08354997 0.04409897 0.1780019 0.08354997 0.04409897 0.183022 0.09128695 0.02452695 0.183022 0.075244 -0.05671 0.183524 0.08605295 -0.03910499 0.174989 0.08684998 -0.03722798 0.183022 0.09356296 -0.01336598 0.174989 0.07410597 -0.05715698 0.185934 0.07365095 -0.05921298 0.186034 0.071603 -0.06171494 0.174989 0.05760794 -0.07520997 0.195372 0.05134999 -0.07949995 0.184729 0.05134999 -0.07932096 0.174989 0.04861998 -0.08101898 0.183022 0.03325897 -0.08843696 0.183022 0.07365095 -0.05921298 0.195473 0.050668 -0.07887399 0.195573 0.02711498 -0.09058195 0.174989 0.01528197 -0.09317296 0.183223 0.01380294 -0.092637 0.186034 0.01220995 -0.09371 0.186034 6.04e-4 -0.09451395 0.174989 0.01380294 -0.09299498 0.195673 3.5e-5 -0.09451395 0.195473 -0.01350396 -0.09353095 0.195774 -0.01225298 -0.09371 0.186034 -0.02795398 -0.09031397 0.183022 -0.03500896 -0.08781099 0.183022 -0.02590596 -0.09084999 0.174989 -0.04183596 -0.084683 0.183022 -0.04183596 -0.084683 0.1780019 -0.04593199 -0.08244895 0.177901 -0.04684197 -0.08209097 0.183022 -0.04968696 -0.080572 0.183022 -0.05036896 -0.07994699 0.174989 -0.05617195 -0.07315397 0.195473 -0.06641197 -0.06082099 0.195473 -0.06641197 -0.06082099 0.174989 0.08081901 0.04892498 0.183022 0.08116096 0.04838895 0.177801 0.071603 0.06170499 0.174989 0.08605295 0.03909397 0.174989 0.09356296 0.01335597 0.174989 0.094473 0.003792941 0.183022 0.09288001 -0.01720899 0.183022 0.07365095 0.05920195 0.186034 0.05134999 0.07931095 0.174989 0.06386595 0.06965899 0.195473 0.02711498 0.09057098 0.174989 0.01903694 0.09253698 0.177901 0.01448595 0.09343099 0.1780019 6.04e-4 0.09450399 0.174989 0.038607 0.08628195 0.177901 0.05123698 0.07913196 0.195673 0.03428298 0.08806896 0.1780019 -0.147424 -0.153587 0.27369 -0.1520889 -0.150102 0.273088 0.02700096 -0.123738 0.311444 0.01687496 -0.128564 0.306022 0.05043995 -0.07136696 0.330822 0.04452395 -0.08262795 0.322388 0.04497897 -0.08959895 0.324497 0.04224795 -0.09639096 0.319878 0.04247498 -0.09996497 0.322087 0.038266 -0.105685 0.318673 0.020971 -0.115337 0.307728 0.03667294 -0.1037189 0.314857 0.02006095 -0.11489 0.302106 0.007089972 -0.1186439 0.296884 0.011186 -0.1206099 0.304716 -0.001670956 -0.123023 0.293671 -0.004287958 -0.120163 0.287145 -0.164946 0.136686 0.266561 -0.161077 0.139993 0.266561 -0.150382 0.140172 0.266461 -0.14401 0.143389 0.266461 -0.13889 0.16877 0.266561 -0.1386629 0.170111 0.262143 -0.14401 0.143478 0.268067 -0.05218994 -0.06251895 0.195473 -0.04934495 -0.06645196 0.195473 -0.06561595 -0.04866695 0.195473 -0.06732195 -0.05027598 0.195473 -0.06208896 -0.05304598 0.195473 -0.06652599 -0.05554896 0.195473 -0.05833399 -0.05831897 0.195473 -0.06436395 -0.04705798 0.195473 -0.07005298 0.068497 0.268067 -0.04809397 -0.103093 0.212943 -0.04240494 -0.100234 0.213044 -0.05002796 -0.105417 0.262043 -0.046956 -0.1022 0.272987 -0.04126697 -0.100055 0.272987 -0.03762596 -0.100234 0.213044 -0.03330194 -0.10211 0.213044 -0.05400997 -0.108902 0.213044 -0.06163299 -0.110243 0.210433 -0.06481897 -0.109975 0.2228839 -0.05844795 -0.109975 0.213044 -0.079952 -0.109975 0.262043 -0.06902897 -0.109975 0.262043 -0.06698095 -0.109975 0.262043 -0.05844795 -0.109975 0.262043 -0.05150699 -0.108634 0.266862 -0.05082398 -0.106847 0.272987 -0.03045797 -0.104791 0.272987 -0.035236 -0.101038 0.272987 -0.028068 -0.110422 0.272987 0.02756994 0.168234 0.252303 -0.03057098 -0.06600499 0.183022 -0.01407295 -0.07324397 0.1848289 -0.01885199 -0.067703 0.184428 -0.011684 -0.142237 0.285338 0.001855969 -0.139824 0.287848 0.004927992 -0.140003 0.287145 0.00515598 -0.177002 0.287044 0.01004797 -0.140003 0.283831 0.01004797 -0.177002 0.283831 0.02495294 -0.160022 0.25642 0.02153998 -0.139288 0.267766 0.02472597 -0.152872 0.257223 0.02609097 -0.130173 0.252605 0.02518099 -0.146885 0.255717 0.02677398 -0.140808 0.250596 0.02813899 -0.138126 0.246279 0.02961796 -0.137322 0.241258 0.03166598 -0.138573 0.234531 0.03780996 -0.130262 0.214349 0.03360098 -0.142863 0.2286069 0.03462499 -0.1485829 0.2252939 0.03439694 -0.161631 0.225996 0.03485196 -0.155196 0.22439 0.03314495 -0.166993 0.229812 0.03143894 -0.170478 0.235334 0.02995997 -0.171193 0.240455 0.01915097 -0.176913 0.274895 0.026546 -0.135088 0.26877 0.009023964 -0.1364279 0.285538 0.004699945 -0.1364279 0.288149 -0.002808988 -0.132943 0.291362 -1.92e-4 -0.128653 0.294173 -0.002467989 -0.12633 0.293872 -4.2e-4 -0.12633 0.294575 0.03416997 -0.131334 0.26626 0.01004797 -0.151711 0.283831 0.03974497 -0.134373 0.209931 0.03940296 -0.1594859 0.210032 -0.187361 0.10925 0.192862 -0.187247 0.110501 0.184126 0.187659 -0.05599498 0.358133 0.195396 -0.05599498 0.347088 0.1943719 -0.05590599 0.366668 0.202337 -0.05599498 0.370182 -0.005084991 -0.141701 0.294274 -0.01566594 -0.141165 0.294274 0.1302 0.121136 0.200091 0.1316789 0.167876 0.201296 0.02313297 0.1700209 0.249291 0.028822 0.171362 0.249391 0.02791196 0.171451 0.245074 0.02745598 0.169932 0.200091 0.008227944 0.1719869 0.207823 0.01357495 0.1719869 0.24417 -0.02647495 0.1719869 0.187842 -0.02988898 0.172702 0.194067 -0.03387099 0.173685 0.1861349 -0.05196195 0.1719869 0.260436 -0.02215194 0.170111 0.249291 -0.01896595 0.1719869 0.242363 -0.016918 0.170915 0.245576 0.011527 0.167787 0.2470819 0.202337 -0.04250097 0.370182 -0.02658897 -0.117035 0.268871 -0.02431398 -0.118286 0.268469 0.194031 -0.04098099 0.299093 0.194145 -0.05608499 0.298893 0.04793697 0.180031 0.181315 0.03917598 0.18012 0.182018 -0.195098 0.100313 0.193163 -0.1674489 0.114969 0.192962 -0.180648 0.108803 0.192862 -0.174048 0.107998 0.192962 -0.184061 0.1062999 0.192962 -0.16597 0.151968 0.192962 -0.16597 0.122119 0.192962 -0.182354 0.11202 0.192962 -0.194984 0.135971 0.192962 -0.191002 0.151968 0.193063 -7.8e-5 -0.18585 0.280819 0.001286983 -0.184867 0.28604 0.200175 0.006473958 0.382833 0.23192 0.01049596 0.414562 0.2286199 0.01049596 0.405425 0.218266 0.01049596 0.399501 0.212918 0.01049596 0.391067 0.198013 0.01049596 0.385042 0.144764 0.01049596 0.370684 0.124966 0.01049596 0.375805 0.111995 0.01049596 0.385042 0.137027 -0.02489495 0.546498 0.137027 -0.02650296 0.563969 0.135434 -0.02373296 0.56407 0.03348696 0.176545 0.250094 0.03200799 0.180031 0.243969 0.08901196 -0.02346497 0.563969 0.09902399 -0.02346497 0.563969 0.09561097 -0.02364397 0.555133 0.09652096 -0.02346497 0.545494 0.100048 -0.02346497 0.530533 0.131338 -0.02337497 0.54459 0.118481 -0.02346497 0.539369 0.110857 -0.02346497 0.536859 0.102324 -0.02355396 0.538666 0.123715 -0.02346497 0.545896 0.124511 -0.02355396 0.555334 0.120984 -0.02346497 0.563969 0.08901196 -0.02346497 0.521698 0.09140098 -0.02346497 0.520794 0.093221 -0.02185595 0.517581 0.01391696 -0.075836 0.184428 0.01755797 -0.06841796 0.195473 0.01402997 -0.07467401 0.195473 0.038266 -0.06663 0.184428 0.03780996 -0.06609398 0.195473 -0.01407295 -0.07467401 0.195473 -0.01771396 -0.06841796 0.195473 0.09902399 -0.03302699 0.563969 0.120984 -0.03302699 0.563969 0.084347 -0.05599498 0.363154 0.06750696 -0.05599498 0.376508 0.06727999 -0.05599498 0.371989 0.07467496 -0.05599498 0.371989 0.08445996 -0.05599498 0.390264 0.09504199 -0.03320598 0.553627 0.09799998 -0.03302699 0.542984 0.106534 -0.03302699 0.53716 0.1166599 -0.03302699 0.538566 0.122918 -0.03320598 0.55935 0.124511 -0.03311699 0.545996 0.218266 0.03525096 0.389561 0.01630598 -0.126151 0.306925 0.188455 0.01049596 0.522702 0.201654 0.006563961 0.515171 0.187545 0.007099986 0.523204 0.18197 0.01049596 0.53224 0.185042 0.005133986 0.530533 0.122804 0.006920993 0.523706 0.12599 0.005043983 0.531236 0.09003597 0.01049596 0.491274 0.090263 0.004239976 0.501917 0.09128695 0.01049596 0.496796 0.09470099 0.007367968 0.502821 0.09765899 0.01049596 0.505933 0.109151 0.006384968 0.516275 -0.156981 0.151968 0.188042 -0.1589159 0.151968 0.189046 -0.153227 0.152952 0.187842 -0.158802 0.150539 0.185733 -0.162784 0.152058 0.188946 -0.156867 0.149377 0.184729 -0.162443 0.150449 0.1837249 -0.166197 0.150985 0.1967779 -0.06732195 0.04981899 0.184327 -0.06686699 0.04972898 0.195473 -0.06698095 0.05938094 0.195673 -0.05082398 0.07931095 0.184428 -0.05036896 0.07993596 0.174989 -0.06641197 0.06081098 0.174989 -0.046956 0.08199197 0.182922 -0.04172199 0.08476197 0.183022 -0.04172199 0.08476197 0.1780019 -0.07073599 0.04043495 0.183022 -0.06811898 0.04695898 0.183022 -0.07073599 0.04043495 0.174989 -0.067209 0.05035495 0.174989 -0.05105197 0.07913196 0.195573 -0.155616 0.124443 0.196979 -0.1730239 0.108267 0.199087 -0.169611 0.111663 0.19728 -0.166084 0.120063 0.196979 -0.151178 0.15036 0.19969 -0.06095099 0.1353459 0.254211 -0.06584298 0.130609 0.25391 -0.05742394 0.135882 0.233728 -0.06584298 0.127839 0.208023 -0.05719596 0.133916 0.207321 -0.06390899 0.132128 0.213044 -0.05992698 0.128911 0.203606 -0.03034394 0.136776 0.213044 -0.03364294 0.133826 0.213044 -0.03091299 0.132665 0.206317 -0.03773999 0.132218 0.213044 -0.04297298 0.13043 0.206317 -0.04388397 0.132754 0.213044 -0.05218994 0.135793 0.213044 -0.05218994 0.135793 0.252002 -0.02613395 0.139814 0.205413 -0.028068 0.143925 0.222181 -0.02761298 0.1491979 0.272987 -0.04263198 0.1323069 0.272987 -0.04752498 0.134631 0.272987 -0.04627299 0.133737 0.252002 -0.04900395 0.136061 0.257725 -0.05218994 0.136686 0.255316 -0.05196195 0.140976 0.258629 -0.05196195 0.141065 0.273088 -0.05196195 0.150985 0.272987 -0.05355495 0.154828 0.257525 -0.03728395 0.1323069 0.272987 -0.03250598 0.134631 0.272987 -0.02920597 0.138831 0.272987 0.09071797 -0.172623 0.217863 0.07171696 -0.1344619 0.219972 0.06796199 -0.1333 0.217462 0.06944096 -0.1295469 0.222482 0.06420695 -0.130083 0.216859 0.06727999 -0.133122 0.216157 0.05487799 -0.129904 0.212642 0.08980798 -0.173249 0.209931 0.09526997 -0.177181 0.2182649 0.09208399 -0.1753939 0.202802 0.09868299 -0.177985 0.203907 0.117115 -0.178432 0.217663 0.125421 -0.178164 0.207321 0.128835 -0.175841 0.218667 0.133045 -0.170836 0.2149519 0.129859 -0.174947 0.201597 0.123032 -0.176913 0.201196 0.09754496 -0.175841 0.200493 -0.004060983 -0.132317 0.293973 -0.01441496 -0.120074 0.294073 -0.01600795 -0.123023 0.293973 -0.00622195 -0.120074 0.293973 -0.08347898 0.159476 0.266461 -0.1351349 0.171898 0.266561 -0.07403498 0.1719869 0.266461 -0.06959795 0.170379 0.266762 -0.1536819 -0.125078 0.188042 -0.166766 -0.130887 0.187842 -0.09440195 -0.153677 0.188042 -0.1017979 -0.141433 0.188042 -0.112493 -0.131781 0.188042 -0.1253499 -0.125615 0.188042 -0.139459 -0.123291 0.188042 -0.154364 0.170111 0.272987 -0.145034 0.1719869 0.272987 -0.161191 0.163765 0.272987 -0.1648319 0.155275 0.272987 0.06898599 0.01442795 0.183022 0.082071 0.03793197 0.182922 0.06466299 0.02819097 0.183022 0.06136298 0.03784298 0.183022 0.06272798 0.02729696 0.183926 0.07023799 0.04838895 0.182922 0.07046496 4e-5 0.183022 0.06898599 -0.01434898 0.183022 0.06386595 -0.03061395 0.183022 0.06420695 -0.04053395 0.183022 0.06818997 -0.04696899 0.183022 0.066711 -0.04848796 0.183926 -0.133429 -0.123738 0.184026 -0.148334 -0.123917 0.184026 -0.162443 -0.1284739 0.184026 -0.16506 -0.129815 0.18493 -0.125578 -0.125615 0.182922 -0.116134 -0.1297259 0.18001 -0.105666 -0.1374109 0.178905 -0.09679198 -0.14894 0.182922 -0.09280896 -0.157609 0.184126 -0.09155797 -0.162346 0.184026 -0.09098899 -0.1654739 0.18503 0.05043995 0.063313 0.195473 0.05829095 0.05830895 0.195473 0.06204599 0.05312496 0.195473 0.06432098 0.04713696 0.195473 0.04133796 0.06501096 0.195473 0.03951698 0.06787097 0.195473 0.034738 0.06501096 0.195473 -0.108283 0.06188398 0.302608 -0.102822 0.06188398 0.302608 -0.104642 0.06188398 0.270377 -0.110218 0.06188398 0.270377 -0.09906697 0.1451759 0.188042 -0.09280896 0.157867 0.188042 -0.108625 0.134631 0.188042 -0.120685 0.127302 0.188042 -0.128195 0.17154 0.188042 -0.1344529 0.123638 0.188042 -0.138549 0.167519 0.188042 -0.150496 0.124353 0.188042 -0.1471959 0.156437 0.188042 -0.143214 0.162782 0.187942 -0.156867 0.130877 0.188143 -0.03603297 -0.08325296 0.182922 -0.06925696 -0.05903398 0.206417 -0.06447798 -0.085756 0.20461 -0.06208896 -0.07091999 0.203505 -0.06334 -0.102557 0.2041079 -0.05184799 -0.08039295 0.202903 0.04486495 0.172345 0.257123 0.05681198 0.167429 0.254512 0.04213398 0.180031 0.256621 0.03769695 0.176188 0.254814 0.03462499 0.180031 0.252203 -0.189978 0.14035 0.18995 -0.194984 0.135971 0.18995 0.215194 -0.04241096 0.357029 0.202678 -0.03776395 0.310841 0.2165589 -0.03695994 0.354217 0.215763 -0.04062396 0.357229 -0.143669 0.06885397 0.268168 -0.139687 0.1362389 0.268168 -0.142645 0.1422269 0.268469 -0.132291 0.138474 0.268067 -0.130926 0.068497 0.268067 0.223614 0.03677099 0.390163 0.206205 0.05437594 0.377411 0.216901 0.05240994 0.381528 0.099366 -0.118912 0.223486 0.1016409 -0.1235589 0.219972 0.09344899 -0.171015 0.219972 0.119505 -0.171908 0.220173 0.129631 -0.106489 0.2198719 0.130996 -0.167976 0.219169 -0.06322598 0.1542029 0.256721 -0.106577 0.160548 0.310841 -0.02294796 0.156705 0.247885 -0.02260696 0.157688 0.252002 -0.02192395 0.1601909 0.250797 -0.02203798 0.160012 0.25632 -0.019876 0.160995 0.247785 -0.02397197 0.15599 0.252002 -0.02363097 0.156705 0.2228839 -0.02397197 0.15599 0.256621 -0.03205096 0.180031 0.243969 -0.03239196 0.180031 0.190854 -0.04923099 0.180031 0.243969 -0.1377519 -0.17593 0.1975809 -0.145034 0.1719869 0.262043 0.04201996 0.080383 0.177901 0.00891 0.09003496 0.177901 0.06853097 0.04534995 0.177801 -0.14219 -0.17593 0.214349 0.02779799 0.063313 0.195473 0.06033897 0.03274899 0.186034 0.06193196 0.02693998 0.186034 0.06056696 0.03864699 0.186034 0.07706499 0.05053395 0.183022 -0.06902897 -0.177807 0.266561 -0.06948399 -0.177985 0.262043 0.07501697 0.05062299 0.1780019 0.08229899 0.03828996 0.177901 -0.190433 -0.105417 0.27359 -0.08347898 0.06688797 0.298491 -0.195439 -0.099608 0.273188 0.02335995 -0.1852239 0.190854 -0.216716 -0.02364397 0.272787 -0.218195 -0.02149897 0.266461 -0.2147819 -0.024984 0.266561 -0.08302396 0.06063199 0.272787 -0.07301098 0.06340301 0.266561 -0.07232898 0.062599 0.272887 -0.03569197 -0.08307498 0.177901 0.07865798 0.159297 0.22188 0.08104699 0.162782 0.21937 0.197558 -0.04205399 0.302106 0.197444 -0.05599498 0.302005 0.04497897 0.180031 0.2397519 0.040883 0.179852 0.242062 0.04429596 0.154739 0.239552 0.04133796 0.155365 0.241761 0.205864 -0.04258996 0.36968 0.155118 0.113718 0.341566 0.121553 0.134541 0.31797 0.137141 0.124532 0.327208 0.040883 0.1799409 0.1921589 -0.129446 0.06688797 0.266461 -0.129446 0.068497 0.266461 0.06602799 -0.04911398 0.186034 0.162059 -0.01104199 0.53455 -0.04797995 0.155007 0.272987 -0.03205096 0.155007 0.272987 0.163083 -0.004875957 0.53455 0.026205 -0.06171494 0.207521 0.026205 -0.06171494 0.217462 -0.156867 0.13195 0.184026 0.1316789 -0.168155 0.200895 0.133045 -0.167976 0.205011 -0.192481 0.081366 0.272887 0.06147694 -0.06439596 0.342771 0.05783599 -0.06350296 0.340562 -0.062316 0.171183 0.186235 -0.06254398 0.168859 0.184126 -0.07585597 0.167608 0.184126 -0.09235399 0.158761 0.184126 -0.068915 0.124264 0.255717 -0.07596999 0.103619 0.275297 -0.130129 0.068497 0.269573 0.076496 0.03560894 0.1780019 -0.213075 -0.01980096 0.273791 -0.078018 -0.150102 0.27369 -0.06095099 -0.18585 0.259131 0.01835399 -0.185671 0.185231 -0.02795398 -0.06457495 0.186034 -0.06413698 -0.04044497 0.182922 -0.07005298 -0.04205399 0.183022 -0.06390899 -0.03061395 0.183022 -0.07881397 -0.02087295 0.183022 -0.06902897 -0.01434898 0.183022 -0.070508 4e-5 0.183022 -0.08154499 4e-5 0.183022 -0.06902897 0.01442795 0.183022 -0.07881397 0.02095198 0.183022 -0.06413698 0.04052394 0.182922 -0.06390899 0.030604 0.183022 0.04452395 -0.09335196 0.316665 0.04497897 -0.09692698 0.314456 0.03803795 -0.104076 0.31054 -0.07790398 0.06188398 0.27369 -0.02647495 -0.06421697 0.217462 -0.02818197 -0.06502199 0.217462 -0.026362 -0.063771 0.207521 -0.02818197 -0.06502199 0.207521 0.04805099 0.168413 0.264252 0.07706499 0.163229 0.282928 0.19642 -0.03838998 0.296282 0.196534 -0.04026597 0.298993 -0.180648 0.109965 0.184026 -0.01976197 -0.120878 0.273791 0.08104699 -0.03445696 0.49519 0.07171696 -0.03445696 0.476916 0.02711498 -0.06948995 0.182319 -0.078018 -0.07011598 0.27369 -0.08291 -0.068686 0.272787 -0.07744896 -0.06448596 0.273088 0.106648 4.86e-4 0.522902 0.120187 0.00388199 0.529328 0.09663498 4.86e-4 0.515171 0.09617996 0.004418969 0.513364 -0.1850849 0.09870398 0.19989 -0.190205 0.09664797 0.197079 -0.192481 0.084315 0.198284 -0.193505 0.100938 0.1967779 -0.184402 0.104066 0.196979 -0.143783 0.06876498 0.266461 -0.184516 0.105585 0.183926 -0.03205096 0.1769919 0.243969 -0.03057098 0.173149 0.243969 -0.031937 0.17583 0.193966 -0.01759999 0.1610839 0.2470819 1.49e-4 0.159476 0.24668 -0.01816898 0.166893 0.2470819 -0.01782798 0.159207 0.246178 0.1590999 4e-5 0.53455 0.1613759 -0.04848796 0.257525 0.149429 -0.06010597 0.264453 0.1564829 -0.05822998 0.251902 0.159555 -0.05724698 0.242363 0.136344 0.005490958 0.534248 0.1509079 -0.014081 0.53455 0.07285499 -0.06180399 0.350703 0.087646 -0.06251895 0.360342 0.07467496 -0.06251895 0.371989 0.06875896 -0.06251895 0.361748 0.05999797 -0.129189 0.217863 -0.197942 0.08199197 0.273791 -0.06117796 0.138027 0.256721 -0.147082 -0.176019 0.210032 -0.06902897 0.06948 0.268067 -0.078359 0.143746 0.268168 -0.150951 -0.1624349 0.206015 -0.132974 -0.176019 0.2018989 -0.082569 -0.178611 0.185833 -0.16176 -0.178611 0.241258 -0.167221 -0.17164 0.245074 -0.169952 -0.170925 0.248086 -0.075401 -0.16315 0.183825 -0.07847297 -0.178611 0.184026 -0.078359 -0.156 0.180612 -0.05537599 -0.178611 0.184026 -0.05423796 -0.1733379 0.184026 -0.205565 -0.08781099 0.255416 -0.205565 -0.08781099 0.266461 -0.21683 -0.05393999 0.266461 -0.222746 -0.01881796 0.266461 -0.22286 0.01692998 0.266461 -0.222746 -0.01863896 0.248889 -0.22286 0.01710897 0.248889 -0.221153 -0.01845997 0.239351 -0.221267 0.01710897 0.239351 -0.204655 0.00388199 0.18744 -0.217285 0.05214196 0.266461 -0.217285 0.05240994 0.248889 -0.200218 0.09486097 0.266461 -0.206476 0.086371 0.252203 -0.2004449 0.09539699 0.248789 -0.204655 0.08592396 0.239351 -0.196349 0.08958798 0.220775 -0.191229 0.08619195 0.202702 -0.188498 0.09271597 0.203505 -0.191115 0.100491 0.266461 -0.172683 0.1072829 0.266461 -0.188726 0.101832 0.248889 -0.172569 0.10773 0.2470819 -0.1651729 0.120957 0.253609 -0.165401 0.117114 0.262043 -0.166539 0.113718 0.243467 -0.163125 0.161352 0.248889 -0.164605 0.151968 0.242965 -0.1562989 0.168413 0.245375 -0.159826 0.163765 0.240556 -0.150837 0.171094 0.246279 -0.142417 0.1719869 0.2397519 -0.130812 0.171094 0.188645 -0.133998 0.1719869 0.262043 -0.125578 0.1719869 0.188645 -0.08450299 0.1719869 0.188946 -0.06208896 0.1719869 0.188544 -0.16267 0.120332 0.236439 -0.154023 0.1522369 0.211136 -0.1625559 0.158224 0.239652 -0.151292 0.134452 0.203505 -0.152544 0.1206 0.2033039 -0.170635 0.108177 0.201999 -0.180648 0.1023679 0.202802 -0.1952109 0.07010596 0.193063 -0.195553 0.06885397 0.195272 -0.194984 0.06045395 0.186837 -0.215692 0.05214196 0.239351 -0.194643 0.106211 0.184026 -0.194756 0.09548699 0.186938 -0.202038 0.03257 0.18744 -0.203176 -0.02489495 0.18744 -0.2154639 -0.05349296 0.239351 -0.216943 -0.05393999 0.248889 -0.188612 -0.06528997 0.184026 -0.186564 -0.07967799 0.18493 -0.197601 -0.05322498 0.18744 -0.180648 -0.018013 0.183926 -0.191684 0.05938094 0.184227 -0.190091 0.06384998 0.184026 -0.191115 0.102189 0.184026 -0.160281 0.08377897 0.183926 -0.145148 0.12337 0.183926 -0.153454 0.126051 0.184026 -0.116134 0.129715 0.18001 -0.1416209 0.101921 0.180612 -0.125464 0.125604 0.182922 -0.150837 0.094325 0.183122 -0.133429 0.123817 0.184026 -0.1595979 0.070463 0.180612 -0.170749 0.03605598 0.180612 -0.174503 4e-5 0.180612 -0.170749 -0.03606599 0.180612 -0.176779 -0.01988995 0.183122 -0.168018 -0.05858695 0.183122 -0.169156 -0.06707698 0.184026 -0.153909 -0.09710597 0.184026 -0.1416209 -0.101932 0.180612 -0.150837 -0.09433495 0.183122 -0.188157 -0.08039295 0.18744 -0.204883 -0.08754301 0.241761 -0.171886 -0.164669 0.241961 -0.169611 -0.166993 0.242263 -0.19396 0.07779097 0.200292 -0.176779 0.01987999 0.183122 -0.179055 0.03230196 0.184026 -0.168018 0.058577 0.183122 -0.1595979 -0.07047295 0.180612 -0.168928 0.110501 0.262043 -0.16597 0.114791 0.266461 -0.141735 -0.178611 0.243568 -0.04809397 0.125604 0.203003 -0.07323896 -0.178879 0.188042 -0.06902897 -0.07217097 0.266461 -0.070508 -0.06305599 0.266461 -0.1919119 -0.09487098 0.266862 -0.07460397 -0.05116897 0.266461 -0.07642495 -0.03821098 0.266561 -0.08291 -0.01640498 0.266461 -0.08450299 4e-5 0.266461 -0.08291 0.01639395 0.266461 -0.076994 0.03578799 0.266561 -0.07460397 0.05115896 0.266461 -0.07073599 0.06232994 0.266561 -0.06914299 0.06939095 0.266461 -0.18975 -0.09451395 0.273389 0.09458696 0.01335597 0.174989 0.09458696 -0.01336598 0.174989 0.08707696 -0.03919398 0.174989 0.07285499 -0.06180399 0.174989 0.05271595 -0.079589 0.174989 0.02859395 -0.09111797 0.174989 0.002082943 -0.09549695 0.174989 -0.02454096 -0.09227997 0.174989 -0.07198697 -0.05072295 0.174989 -0.06732195 -0.06305599 0.174989 -0.05947196 -0.073601 0.174989 -0.04923099 -0.08182299 0.174989 -0.07346695 0.03766399 0.174989 -0.08017998 0.01934295 0.174989 -0.07881397 0.02095198 0.174989 -0.08245497 4e-5 0.174989 -0.08017998 -0.01935398 0.174989 -0.07881397 -0.02087295 0.174989 -0.07346695 -0.03767496 0.174989 -0.07073599 -0.04044497 0.174989 -0.067209 -0.05036497 0.174989 -0.04923099 0.08190196 0.174989 -0.05947196 0.07367998 0.174989 -0.06732195 0.06304496 0.174989 -0.07198697 0.05071198 0.174989 0.02859395 0.09110796 0.174989 0.002082943 0.09548699 0.174989 -0.02454096 0.092269 0.174989 0.05271595 0.07957899 0.174989 0.07285499 0.06179398 0.174989 0.08707696 0.03918397 0.174989 -0.04365599 0.081187 0.183022 -0.03876399 0.06715595 0.184327 -0.02658897 -0.178611 0.184026 0.03496599 -0.178611 0.184026 0.03974497 -0.1787 0.186536 -0.002012968 -0.178611 0.276301 0.03997194 -0.178611 0.220876 -0.005084991 -0.178879 0.282225 -0.001443982 -0.1787 0.28594 -0.03125399 0.07385897 0.177901 -0.04126697 0.06501096 0.195473 -0.03955996 0.06787097 0.195473 -0.05833399 0.05830895 0.195473 -0.05048298 0.063313 0.195473 -0.06436395 0.04713696 0.195473 -0.06208896 0.05312496 0.195473 -0.06698095 -0.177002 0.264754 0.07831597 0.148751 0.285036 0.06693798 0.145623 0.220574 0.08059197 0.138116 0.219972 0.09424495 0.13052 0.21947 -0.03352999 -0.07512098 0.177901 0.05203294 0.155811 0.26867 0.185952 -0.05599498 0.336144 0.06932801 0.157688 0.200493 0.07797497 0.154918 0.19728 0.239201 -0.03543996 0.423499 0.217356 -0.03821098 0.360443 0.214739 -0.03946197 0.362149 0.079795 -0.04232197 0.392673 0.105396 0.142763 0.306825 0.03894799 -0.173785 0.18503 0.09174197 0.01049596 0.500411 0.101527 0.01049596 0.511858 0.09663498 0.01049596 0.508343 0.169227 0.01049596 0.529831 0.197899 0.01049596 0.51497 0.145333 -0.01845997 0.536959 0.127583 -0.01845997 0.53455 0.161603 -0.01845997 0.537261 0.17776 -0.01845997 0.53455 0.219062 0.05276799 0.37962 0.209846 0.07171398 0.369379 0.20575 0.078417 0.369379 0.195965 0.09164398 0.35994 -0.03876399 -0.124453 0.269975 0.06727999 -0.05948096 0.371989 0.180377 0.09852498 0.359438 -0.03660196 -0.123738 0.273289 0.06204599 -0.05313599 0.195473 0.06432098 -0.04705798 0.195473 0.065687 -0.04857796 0.195473 0.07410597 -0.05706799 0.195473 0.041224 -0.06502199 0.195473 0.05043995 -0.06332397 0.195473 0.05829095 -0.05831897 0.195473 0.07057899 -0.01551097 0.397895 0.07035195 -0.01667296 0.37711 0.068304 -0.01756596 0.381227 0.06818997 -0.01863896 0.377512 0.07365095 -0.01551097 0.456734 0.07035195 -0.016047 0.450006 0.06750696 -0.02087295 0.378014 0.06750696 -0.02051597 0.380424 0.068304 -0.01747697 0.450006 0.07137596 -0.01676195 0.470891 0.06875896 -0.01944297 0.372994 0.067393 -0.02283895 0.3745 0.06807595 -0.02292895 0.370483 0.06523197 -0.04839897 0.357229 0.08491498 -0.01551097 0.360342 0.09003597 -0.01551097 0.386348 0.114271 -0.01551097 0.368977 0.108923 -0.01416999 0.377411 0.131565 -0.01416999 0.36727 0.130541 -0.01050597 0.371387 0.155118 -0.01050597 0.367672 0.139758 -0.005500972 0.370483 0.159669 -0.005500972 0.369178 0.142488 0.005937993 0.370082 0.161148 0.005937993 0.369379 0.153411 0.008529961 0.369981 0.07695096 -0.01551097 0.476916 0.09105998 -0.02337497 0.336345 0.12508 -0.022035 0.28594 0.127583 -0.01792395 0.287546 0.133727 -0.01667296 0.278309 0.130086 -0.01613599 0.289153 0.1329309 -0.01551097 0.291061 0.197785 -0.01452797 0.362049 0.198923 -0.01443797 0.349297 0.1839039 -0.01551097 0.313853 0.157394 -0.01479595 0.22188 0.15216 -0.01372295 0.213948 0.147267 -0.004070997 0.20471 0.139985 -0.008360981 0.2079229 0.139985 -0.00237298 0.204308 0.142716 -0.01551097 0.35984 0.156256 -0.01416999 0.364057 0.176622 -0.01595795 0.360945 0.120756 -0.005500972 0.376608 0.103803 -0.005500972 0.387251 0.09003597 -0.006662964 0.40161 0.10972 0.007546961 0.383235 0.09242498 0.00486499 0.398196 0.09003597 0.007367968 0.405827 0.09003597 0.003256976 0.40171 0.08992201 0.01558995 0.450006 0.09003597 0.02247095 0.421792 0.09003597 0.02247095 0.450006 0.09003597 0.006920993 0.491776 0.09435898 -0.01533198 0.513364 0.09242498 5.76e-4 0.509849 0.114726 -0.01729798 0.528525 0.114271 -0.01345497 0.52732 0.130996 -0.01595795 0.534449 0.132248 -0.01345497 0.53455 0.1466979 -0.02114099 0.53706 0.146243 -0.03007799 0.537361 0.171844 -0.03606599 0.535755 0.194486 -0.03445696 0.528023 0.182539 0.003166973 0.533044 0.136913 -0.03946197 0.536156 0.132362 -0.03946197 0.544691 0.09094595 -0.03946197 0.507138 0.15819 -0.03955096 0.531437 0.171275 -0.038836 0.533445 0.193917 -0.03821098 0.526818 0.214284 -0.03597694 0.514368 0.207571 0.001558959 0.51989 0.07365095 -0.03946197 0.438259 0.127469 -0.04178595 0.324396 0.165131 -0.04098099 0.275498 0.158304 -0.04518198 0.270678 0.170933 -0.04276895 0.254613 0.165813 -0.04929298 0.240054 0.09856897 -0.04151797 0.364258 0.09788596 -0.04455596 0.356125 0.1196179 -0.04830998 0.318673 0.152956 -0.05179494 0.266862 0.137596 -0.07655096 0.269875 0.08571195 -0.067703 0.336445 0.05817699 -0.066899 0.33755 0.05476397 -0.07091999 0.333332 0.08946698 -0.07199299 0.331525 0.04998499 -0.08182299 0.327107 0.07865798 -0.08235996 0.327208 0.08525699 -0.084504 0.3253 0.06295597 -0.103808 0.32279 0.06591397 -0.107562 0.318171 0.04236197 -0.120074 0.316464 0.06067997 -0.09782099 0.324999 0.03348696 -0.125257 0.312448 0.04873299 -0.126866 0.298792 0.059201 -0.1176609 0.309937 0.07922595 -0.122487 0.282325 0.08582597 -0.111584 0.29568 0.1055099 -0.102825 0.285538 0.08525699 -0.09111797 0.320279 0.08980798 -0.08539795 0.321484 0.03041499 -0.129994 0.28835 0.009137988 -0.130083 0.296684 0.04327195 -0.129994 0.264754 0.04782295 -0.129994 0.2255949 0.06841695 -0.127849 0.227001 0.04395496 -0.129994 0.280016 0.09890997 -0.117839 0.2280049 0.09253895 -0.1206099 0.259332 0.06887197 -0.127581 0.269071 0.133955 -0.09397798 0.217462 0.127583 -0.09996497 0.2266989 0.132476 -0.167976 0.2171609 0.133045 -0.104702 0.2079229 0.134069 -0.09478199 0.212943 0.149201 -0.07628196 0.2179639 0.133841 -0.103898 0.204208 0.1329309 -0.120252 0.203806 0.133045 -0.111137 0.19969 0.1358889 -0.104523 0.1994889 0.14283 -0.09478199 0.197079 0.15068 -0.08334296 0.202903 0.154777 -0.07655096 0.200493 0.122122 -0.125972 0.198886 0.123942 -0.170478 0.19989 0.110289 -0.140897 0.199991 0.1584179 -0.06698799 0.188544 0.164789 -0.05447596 0.208023 0.1505669 -0.07985699 0.206718 0.137141 -0.09898197 0.203806 0.13623 -0.09540796 0.208023 0.149543 -0.07735496 0.21214 0.162855 -0.05331397 0.219771 0.148974 -0.07672899 0.238246 0.143967 -0.08083999 0.252203 0.117115 -0.05822998 0.311042 0.09720396 -0.14188 0.191958 0.05021297 -0.1644009 0.201999 0.07205796 -0.156179 0.199991 0.07137596 -0.155196 0.20471 0.04361295 -0.162167 0.208626 0.04964399 -0.154034 0.210032 0.03610396 -0.1733379 0.182922 0.04019999 -0.16887 0.179206 0.00743097 -0.174232 0.180411 -0.02681696 -0.174143 0.1821179 -0.02749896 -0.17173 0.179909 -0.03057098 -0.173696 0.180813 0.1685439 -0.03418898 0.187641 0.168658 -0.04652196 0.213546 0.171957 4e-5 0.187339 0.1685439 0.03417897 0.187641 0.1584179 0.06697797 0.188544 0.141919 0.09718495 0.18995 0.121894 0.121315 0.192059 0.100276 0.139904 0.194368 0.07854396 0.153041 0.191958 0.07171696 0.156348 0.194569 0.06306999 0.1610839 0.211136 0.06113499 0.165463 0.2443709 0.07444798 0.158403 0.226197 0.06796199 0.159744 0.215956 0.106648 0.153667 0.299294 0.08696395 0.152683 0.22921 0.124397 0.146964 0.312046 0.102551 0.143031 0.198886 0.08081901 0.160369 0.199991 0.115522 0.137491 0.199991 0.09845495 0.173685 0.19989 0.123259 0.123102 0.197681 0.132248 0.111663 0.200392 0.131452 0.1113049 0.196979 0.127014 0.115952 0.193063 0.133158 0.11202 0.20481 0.134182 0.108713 0.2023 0.134865 0.108624 0.206216 0.133045 0.117561 0.2155539 0.130541 0.121493 0.221478 0.135775 0.109875 0.214148 0.133613 0.115774 0.222984 0.177533 0.111395 0.34739 0.129745 0.121315 0.227402 0.1655859 0.120778 0.339256 0.125876 0.125604 0.22921 0.117912 0.1323069 0.229611 0.153639 0.130162 0.331224 0.105055 0.146517 0.2212769 0.107444 0.1501809 0.219972 0.128038 0.134452 0.219972 0.11484 0.172702 0.220072 0.08491498 0.162872 0.219972 0.103462 0.144015 0.224792 0.10312 0.143568 0.2294099 0.1388469 0.138563 0.321183 0.157166 0.126498 0.339056 0.147381 0.134452 0.328513 0.233285 0.02220296 0.400204 0.226572 0.03587698 0.387051 0.241022 4.86e-4 0.46085 0.24307 -0.03508299 0.44358 0.22953 -0.03445696 0.495792 0.227596 4.86e-4 0.497499 0.2371529 4.86e-4 0.480229 0.221566 4.86e-4 0.506837 0.2064329 0.004596948 0.518384 0.188342 9.33e-4 0.531136 0.201768 -0.03955096 0.51748 0.235561 -0.03955096 0.462256 0.228392 -0.03821098 0.495089 0.212577 -0.038836 0.51256 0.2345359 -0.03946197 0.425005 0.176167 -0.03955096 0.274895 0.19312 -0.03946197 0.296282 0.122918 -0.09093898 0.277004 0.102779 -0.11355 0.270879 0.124739 -0.099608 0.260738 0.114157 -0.109439 0.250998 0.133158 -0.094603 0.243969 0.1763949 0.01103198 0.217863 0.176053 -0.01622599 0.217863 0.151477 0.08869498 0.215956 0.164107 0.06420695 0.21696 0.172412 0.03811097 0.217562 0.225434 0.03775399 0.382733 0.2195169 0.05196297 0.376006 0.157849 0.076451 0.216458 0.242615 -0.01622599 0.434343 0.24216 0.005848944 0.426712 0.239998 0.01013797 0.415566 0.2338539 0.01987999 0.3993 0.228847 0.02997797 0.388155 0.1682029 0.05115896 0.217261 0.182425 -0.03946197 0.262947 0.185497 -0.03838998 0.262043 0.18709 -0.03543996 0.26144 0.177533 -0.04071295 0.2413589 0.17355 -0.02972096 0.217663 0.1767359 -0.03946197 0.232222 0.1711609 -0.04312598 0.217462 0.174461 0.02452695 0.217763 0.239998 -9.44e-4 0.415667 0.202906 0.08163398 0.36466 0.186749 0.101474 0.353715 0.176167 -0.002641975 0.217863 0.239998 -0.01193594 0.415868 0.239543 -0.02373296 0.419683 0.236016 -0.038926 0.424503 0.1479499 -0.002909958 0.53455 0.129745 0.005490958 0.533847 0.127469 0.003166973 0.533044 0.12178 0.001111984 0.530935 0.09003597 0.02247095 0.489065 0.09003597 0.02247095 0.486756 0.09003597 0.02247095 0.491274 0.09003597 0.02247095 0.478221 0.09003597 0.03248095 0.478221 0.09003597 0.03248095 0.482538 0.09003597 0.03248095 0.486756 0.09003597 0.03248095 0.421792 0.09003597 0.03248095 0.417474 0.09003597 0.01648396 0.408739 0.09003597 0.02247095 0.409843 0.09003597 0.02247095 0.413257 0.09003597 0.03248095 0.413257 0.127924 0.007635951 0.373998 0.129859 -0.02507299 0.272385 0.12838 -0.04107099 0.270979 0.12508 -0.04223197 0.278108 0.133158 -0.05501198 0.257424 0.130769 -0.06037497 0.259533 0.1335 -0.06332397 0.255014 0.121667 -0.07744395 0.259131 0.1231459 -0.078606 0.256621 0.110289 -0.09290498 0.259131 0.12599 -0.08459395 0.247183 0.109378 -0.09898197 0.250898 0.106761 -0.102289 0.242765 0.07695096 -0.115426 0.255918 0.139189 -0.01551097 0.273489 0.160466 -0.01265096 0.220876 0.201426 -0.01265096 0.348494 0.203247 -0.009969949 0.347892 0.162514 -0.009611964 0.220173 0.158076 -0.01256197 0.215956 0.161034 -0.009165942 0.216056 0.155573 -0.006841957 0.207823 0.147267 0.03292798 0.204509 0.143399 0.004507958 0.203003 0.1505669 0.001022994 0.204308 0.160693 -0.004428982 0.213546 0.156711 -0.002194941 0.208325 0.154321 0.031587 0.208827 0.143399 0.06420695 0.208827 0.1624 -0.005322992 0.216859 0.189935 -0.005590975 0.301202 0.204271 0.008261978 0.34749 0.202678 0.02256095 0.347189 0.2041569 0.01737695 0.351707 0.204385 0.01844996 0.352912 0.212577 0.03435796 0.38434 0.204954 0.01147896 0.362953 0.182653 0.08860498 0.360945 0.178443 0.105139 0.356828 0.131565 0.1423169 0.321083 0.104713 0.154471 0.302306 0.129631 0.140618 0.322689 0.102893 0.152683 0.303913 0.110516 0.145891 0.310339 0.08480197 0.155722 0.292366 0.07535797 0.161442 0.284635 0.137027 0.127034 0.328914 0.1407819 0.130252 0.331626 0.155004 0.124979 0.340461 0.181515 0.08771097 0.358936 0.195737 0.068497 0.369078 0.144764 0.071267 0.217562 0.151932 0.05705797 0.217261 0.207571 0.04579699 0.377914 0.167065 0.101921 0.348594 0.13771 0.085388 0.217763 0.188683 0.07814896 0.363957 0.14977 0.115595 0.336244 0.118139 0.110233 0.218466 0.127924 0.09780997 0.218165 0.106192 0.120421 0.218968 0.160238 0.02640396 0.21696 0.156028 0.04177498 0.21706 0.1613759 0.01049596 0.21696 0.129859 0.09512895 0.215353 0.148064 0.064565 0.215353 0.158873 0.030604 0.215353 0.075244 0.1402609 0.215353 0.04179298 0.152415 0.215353 0.07285499 0.136686 0.208827 0.04054099 0.1482149 0.208827 0.06909996 0.131235 0.204509 0.038607 0.142048 0.204509 0.07740598 0.117382 0.202903 0.01812696 0.136507 0.202903 -0.03045797 0.124621 0.203103 0.03724199 0.154918 0.221779 0.014144 0.157241 0.222683 0.006406962 0.156705 0.216157 0.006406962 0.153041 0.210132 0.05214697 0.15027 0.221177 0.04918795 0.154381 0.264352 0.007316946 0.157956 0.241961 -0.005766987 0.157956 0.222984 -0.01805597 0.157509 0.220775 -0.01805597 0.155901 0.214048 0.006406962 0.149734 0.2068189 -0.01828294 0.142763 0.203606 0.006406962 0.144908 0.204308 -0.067209 0.120868 0.20722 -0.06902897 0.07216095 0.211136 -0.06584298 0.07216095 0.205513 -0.06334 0.120868 0.2041079 -0.06834596 0.125962 0.232423 -0.06902897 0.120868 0.213044 -0.07084995 0.06143695 0.211036 -0.06299901 0.06956899 0.203806 -0.07676595 0.03641295 0.2106339 -0.07460397 0.05115896 0.213044 -0.08291 0.01639395 0.211136 -0.080976 0.01603698 0.207019 -0.08245497 4e-5 0.207019 -0.080976 -0.016047 0.207019 -0.07426297 -0.03606599 0.206417 -0.07210099 -0.05054396 0.206317 -0.02454096 -0.09227997 0.203003 0.002082943 -0.09549695 0.203003 0.02859395 -0.09111797 0.203003 0.05271595 -0.079589 0.203003 0.07285499 -0.06180399 0.203003 0.08707696 -0.03919398 0.203003 0.09458696 -0.01336598 0.203003 0.09458696 0.01335597 0.203003 0.08707696 0.03918397 0.203003 0.07285499 0.06179398 0.203003 0.05271595 0.07957899 0.203003 0.02859395 0.09110796 0.203003 0.002082943 0.09548699 0.203003 -0.02454096 0.092269 0.203003 -0.04923099 0.08190196 0.203003 -0.05708199 0.07600396 0.202903 -0.068915 -0.07333296 0.211036 -0.07073599 -0.06144696 0.210433 -0.07460397 -0.05116897 0.213044 -0.07653898 -0.03758496 0.211036 -0.08291 -0.01640498 0.211237 -0.08450299 4e-5 0.211237 -0.05901598 0.120868 0.203003 0.130086 0.05544894 0.202903 0.133045 0.002898991 0.203003 0.113474 -0.01193594 0.203003 0.118708 -0.01854896 0.204509 0.111426 -0.03794294 0.203204 0.1205289 -0.02560997 0.205815 0.126218 -0.02551996 0.211237 0.115522 -0.068686 0.202802 0.1335 -0.06511098 0.206015 0.13953 -0.058945 0.208927 0.138051 -0.06841796 0.211538 0.143854 -0.05903398 0.215152 -0.02044498 -0.103004 0.203204 0.06306999 -0.09630095 0.202702 -0.02146899 -0.111762 0.2068189 0.04395496 -0.106847 0.204308 0.04395496 -0.112835 0.2079229 -0.01839697 -0.116052 0.211136 0.04395496 -0.116141 0.211237 -0.02192395 -0.11918 0.222984 -0.02601999 -0.11641 0.223085 -0.02044498 -0.118823 0.216257 -0.02647495 -0.113282 0.213144 -0.003718972 -0.120163 0.222984 0.04395496 -0.1186439 0.216157 0.06614196 -0.11641 0.215353 0.06534498 -0.11212 0.208827 0.06420695 -0.1057749 0.204509 0.09288001 -0.09585398 0.204208 0.117684 -0.07851696 0.204509 0.122122 -0.08325296 0.208827 0.140554 -0.07029497 0.2179639 0.14556 -0.06171494 0.227603 0.143967 -0.05134797 0.227503 0.142261 -0.05027598 0.240957 0.1381649 -0.04339396 0.2310169 0.131907 -0.039909 0.244271 0.134979 -0.04151797 0.222984 0.130769 -0.03678095 0.223085 0.04406797 -0.120074 0.234431 0.06648296 -0.117839 0.222984 0.08810096 -0.111584 0.222984 0.087646 -0.110154 0.215353 0.10824 -0.101306 0.222984 0.107444 -0.100055 0.215353 0.1261039 -0.08754301 0.222984 0.12508 -0.08638095 0.215353 0.06045299 -0.1176609 0.26385 0.091856 -0.108813 0.249391 0.04395496 -0.119984 0.271883 0.05214697 -0.09710597 0.311444 0.05043995 -0.094603 0.314355 0.053626 -0.08361095 0.316866 0.06306999 -0.08593398 0.315359 0.06511795 -0.08798998 0.312648 0.06238698 -0.111047 0.284233 0.03428298 -0.112299 0.300901 0.03166598 -0.118286 0.29076 0.02222299 -0.120074 0.282727 0.04748195 -0.07208198 0.324296 0.05021297 -0.07395899 0.319476 0.04622995 -0.08235996 0.318271 0.05555999 -0.06296598 0.326404 0.06238698 -0.05581694 0.337148 0.07592695 -0.05903398 0.330621 0.07353699 -0.07297599 0.319175 0.06352496 -0.05340397 0.349096 0.05499094 -0.05948096 0.333734 0.069669 -0.04795199 0.350904 0.07285499 -0.04839897 0.346486 0.06614196 -0.05125898 0.349598 0.071603 -0.05206298 0.343474 0.06545895 -0.05340397 0.343976 0.06932801 -0.05527997 0.338453 0.06659698 -0.04741597 0.355322 0.06807595 -0.03320598 0.36466 0.076496 -0.05090099 0.339658 0.129745 -0.03847897 0.262846 0.1335 -0.047773 0.254512 0.1385059 -0.05250996 0.249994 0.1287209 -0.02551996 0.216157 0.08036398 -0.112835 0.264654 0.08445996 -0.106221 0.272284 0.08036398 -0.06430697 0.323292 0.07183098 -0.08110797 0.314155 0.04987096 -0.118108 0.280618 0.136458 -0.065737 0.249894 0.142488 -0.06108999 0.244773 0.136685 -0.04973995 0.20963 0.139985 -0.047773 0.215956 0.134524 -0.04232197 0.217261 0.08594 -0.106132 0.208827 0.124852 -0.088615 0.236439 0.141009 -0.07056295 0.232222 0.105168 -0.09639096 0.208827 0.136572 0.063582 0.204509 0.125649 0.09352099 0.208827 0.105168 0.120868 0.215353 0.09652096 0.113986 0.204509 0.119391 0.09101796 0.204509 0.1016409 0.118097 0.208827 0.184473 -0.01434898 0.368274 0.179922 -0.01122099 0.371086 0.183449 -0.005590975 0.373596 0.06898599 -0.02051597 0.466072 0.06750696 -0.02051597 0.450006 0.06750696 -0.03445696 0.450006 0.069669 -0.03445696 0.463461 0.06750696 -0.04786294 0.384741 0.06750696 -0.03838998 0.378014 0.06432098 -0.05349296 0.355924 0.06682395 -0.03579795 0.367672 0.056584 -0.06171494 0.339056 0.06113499 -0.057693 0.348293 0.079454 -0.01613599 0.488864 -0.08040696 0.145981 0.274895</float_array>
          <technique_common>
            <accessor source="#f_1-06vxh12-a00_lk1_1-mesh-positions-array" count="4543" stride="3">
              <param name="X" type="float"/>
              <param name="Y" type="float"/>
              <param name="Z" type="float"/>
            </accessor>
          </technique_common>
        </source>
        <source id="f_1-06vxh12-a00_lk1_1-mesh-normals">
          <float_array id="f_1-06vxh12-a00_lk1_1-mesh-normals-array" count="41076">0.9682887 -0.2431424 -0.05743598 0.991621 0.1247081 0.03370374 0.8906265 -0.4538779 -0.02791839 -0.6080226 -0.01244801 -0.7938222 -0.3284212 -0.04362607 -0.9435235 -0.7772153 -0.01764142 -0.6289876 -0.05708616 -0.9983661 -0.002542674 -0.1226035 -0.9924547 0.001518368 -0.04101049 -0.9991586 5.60517e-4 0.04093021 -0.9991619 -4.99736e-4 0.05698752 -0.9983716 0.002586126 0.1226079 -0.992454 -0.001539707 -0.3487943 0.8890712 -0.2964711 -0.3489679 0.8889617 -0.296595 -0.3489678 0.8889617 -0.2965952 -0.9302977 -0.07650566 0.3587383 -0.9975981 -0.0232023 0.0652669 -0.9905402 -0.04472243 -0.1297315 -0.2554109 0.8528404 -0.4554433 -0.2857388 0.8398654 -0.4614972 -0.3173528 0.9115256 -0.2615501 -0.5537785 -0.02505308 0.832287 -0.6614482 -0.04786962 0.7484617 -0.2019667 -0.04004603 0.9785734 0.3132211 0.6879305 -0.6547092 0.1641274 0.3819755 -0.9094817 -0.07044667 0.4857143 -0.8712744 -0.9692629 -0.2403579 0.05251371 -0.9946953 -0.009802401 0.1023986 -0.91867 -0.2304857 0.3208141 0.3133471 0.6879805 -0.6545963 0.385218 0.8760219 -0.2901601 0.3133583 0.6879674 -0.6546049 -0.7981672 0.5445488 -0.2576738 -0.89379 0.4478779 0.02334511 -0.8115553 -0.5840442 0.01645046 -0.8243623 -0.4871178 -0.2883453 0.9328473 -0.07786208 -0.3517579 0.9976691 -0.03239113 -0.06006163 0.990437 -0.04421913 0.1306881 0.08861762 0.9949237 -0.04768615 -0.1459745 0.9892603 0.00745815 0.327323 0.9443157 0.03357893 0.9996178 0.0107221 0.02548199 0.9999735 -0.007288813 0 0.9864709 -0.160014 0.03564721 0.5562145 0.8288426 0.06037801 0.7368848 0.675627 -0.02299869 0.3274533 0.9442747 0.03346318 -0.4299638 -0.9025237 0.02412784 -0.4299719 -0.9025204 0.02410864 -0.1397581 -0.9845157 -0.1058141 0.06430816 -0.4092997 -0.9101309 0.2734354 -0.1947556 -0.9419679 -0.003385722 -0.9999861 0.004080474 0.004662692 -0.9999877 0.001689016 -0.002067744 -0.9999971 0.001211106 0 -1 6.82285e-7 -0.002134978 -0.999997 0.001191914 0 -1 0 -0.009008586 -0.9999573 0.002099215 -0.008611798 -0.9999567 0.00352782 -0.002414226 -0.9999875 0.004397571 0.001984059 -0.9999734 0.007027804 -0.003425896 -0.9999859 0.00408107 0.001975417 -0.9999735 0.007021903 9.2776e-4 -0.999992 0.003924906 -0.003331661 -0.9999865 0.003996849 8.47605e-4 -0.9999921 0.003899991 -5.9184e-4 -0.9999997 7.2706e-4 -5.45742e-4 -0.9999997 6.70076e-4 9.32256e-4 -0.9999919 0.003919064 0 -1 1.68493e-6 -5.44271e-4 -0.9999997 6.68357e-4 0 -1 -1.23027e-6 0 -1 -6.76288e-7 0 -1 2.71449e-6 0 -1 -4.00038e-6 -5.44919e-4 -0.9999997 6.69062e-4 0.2673431 0.9364307 0.2272122 0.2673431 0.9364307 0.2272121 0.2673431 0.9364306 0.2272121 -0.9987189 -0.04535603 0.0224384 -0.9989952 0 0.04481804 -0.9995989 0.007530331 -0.02730268 -0.9870971 -0.04675394 -0.1531456 -0.9109067 0.02636927 -0.4117689 -0.7621574 -0.05568587 -0.6449923 -0.5846887 0.0382108 -0.8103575 -0.7620443 -0.05575829 -0.6451197 -0.5553326 -0.2952466 -0.7774544 -0.2824095 -0.02264845 -0.9590265 -0.2823356 -0.02257478 -0.9590501 -0.5845653 0.03820896 -0.8104466 -0.2419309 -0.008818745 -0.9702535 -0.01399981 -0.03863024 -0.9991555 -0.03651326 0.05285328 -0.9979346 -0.7666841 -0.6400266 -0.05060905 -0.8796325 -0.4542974 0.1409282 0.4639682 0.8839733 -0.0576623 0.117628 0.9923979 0.03619456 0.6506835 0.7585822 -0.03411954 -0.9947102 -0.009675979 0.1022648 -0.9947097 -0.009669184 0.1022703 -0.9690175 0.212072 -0.1266123 -0.8684413 -0.4877567 0.08890104 -0.7619096 -0.5862616 0.2753025 -0.8684403 -0.4877585 0.0889005 -0.4350657 0.9003375 -0.01050609 -0.5897936 0.8075541 0 -0.6510405 0.7570386 -0.05512714 -0.9279069 -0.3201181 0.1910846 0.02940404 -0.9839795 -0.1758406 0.08516156 -0.8559405 -0.5100131 0.0608884 0.0435664 0.9971934 0.3115093 0.9120665 -0.26664 0.07439881 0.9044474 -0.4200472 -0.1687946 0.8245206 -0.5400688 0.07424139 0.904426 -0.4201213 -0.90228 0.3074814 0.302235 -0.8938404 0.4477704 0.02347296 -0.01000142 -0.3465384 0.9379826 0.05985975 -0.0896275 0.994175 0.3307868 -0.3337007 0.8827366 0.5246936 0.3786908 0.7624236 0.7705018 0.382421 0.5099815 0.1793732 0.3949453 0.9010236 0.4039401 0.7100481 0.5767704 0.7778455 -0.3504055 0.5217016 0.4801451 -0.6124001 0.6280341 0.7717611 -0.5950847 0.2241855 0.8252226 0.564657 0.0130406 0.9755357 0.2129061 -0.05478245 0.6507792 0.7584949 -0.03423404 -0.9261339 0.3765264 -0.02245086 -0.987649 0.1537112 0.03036975 -0.8158014 0.5753639 0.0585193 -0.6453561 0.7601507 0.07540899 -0.2927978 0.9552314 -0.04245603 -0.8157191 0.5754934 0.05839395 0.3207766 0.7425406 0.5879931 0.3061073 0.8831747 0.3553881 0.08635777 0.7062693 0.7026564 -0.5983142 0.7982987 0.06884282 -0.6569468 0.7518606 -0.05591583 -0.3344472 0.9424113 -0.002451837 0.5902 0.805611 0.05152601 0.5901972 0.8056128 0.0515331 0.365678 0.9272584 -0.08044737 -0.57759 -0.8126865 0.07700926 0.2958317 0.8944875 0.3352251 -0.004162132 0.9056779 0.4239461 -0.1042273 0.3786049 -0.9196712 -0.2446974 0.1149187 -0.9627652 -0.02056509 0.1191347 -0.9926652 -0.1562808 0.003038823 -0.987708 -0.4429255 -0.1030254 -0.8906194 -0.5109069 -0.02405107 -0.8592996 -0.3461819 -0.2233588 -0.9111909 -0.3750448 -0.5626589 -0.7367201 -0.5975437 -0.1161868 -0.7933739 0.05971837 -0.08952784 0.9941924 0.05971497 -0.08953154 0.9941923 -0.2198982 0.1674458 0.9610446 -0.8192515 -0.5623121 0.1123924 -0.1680245 -0.9850184 -0.03881359 -0.2293134 -0.9667709 -0.1130025 -0.02866286 -0.9905537 0.1340964 -0.137627 -0.7527775 0.6437273 0.1025182 -0.5769501 0.81032 -0.1879802 -0.3652023 -0.9117515 -0.4086585 -0.5791912 -0.7053623 -0.1767601 -0.4711779 -0.8641454 -0.3037002 0.8281927 0.4710234 -0.004308342 0.9056472 0.4240102 -0.03526461 -0.0132991 -0.9992896 -0.2430622 -0.01513308 -0.9698926 0.2147521 0.004422485 -0.9766587 0.2775133 0.9597728 0.04269027 -0.2679488 0.9624689 0.04309552 0.05487358 0.9977859 0.0375806 0.2595041 0.9655007 0.02159309 0.629757 0.7754089 0.04634106 0.2776491 0.9597337 0.04268693 0.6299051 0.7752875 0.04635936 0.7617539 0.6464878 0.04224509 0.9680243 0.2489001 0.03126949 0.9714891 0.23368 0.04003208 0.9628195 -0.2697478 0.0146557 0.9994656 -0.02542084 0.02054977 0.9680652 0.2487435 0.03125107 1 0 0 0.9134797 -0.4062879 0.02202838 0.7069659 -0.7072476 0 0.3049709 -0.9523617 0 -0.005815804 -0.03996926 -0.999184 -0.00324434 -0.2529801 -0.9674661 -0.003246605 -0.2528126 -0.9675099 -0.003956496 -7.49135e-4 0.999992 0 0 1 -0.002641201 -0.001910507 0.9999948 -0.003953456 -7.48416e-4 0.9999919 -0.002650976 -0.001905977 0.9999947 0.002325236 -0.002214312 0.9999949 0.002358019 -0.002211689 0.9999948 -0.002616405 -0.001924693 0.9999948 0.005001962 -0.001711189 0.9999861 0.002373993 -0.002214908 0.9999948 0.004976451 -0.001717865 0.9999862 0.005013227 -3.09995e-4 0.9999874 0.004979133 -3.07993e-4 0.9999876 0.004979789 -0.001713037 0.9999862 -5.16658e-6 0 1 1.40195e-5 0 1 -0.651121 0.7569648 -0.0551899 -0.7062451 0.6994032 -0.1097856 -0.6511143 0.7569698 -0.05520117 0.8285238 0.5599136 0.006726026 0.8285241 0.5599132 0.006726443 0.6340294 0.7550064 -0.1672483 -0.07103145 0.5959375 -0.7998831 -0.1778998 0.3230288 -0.9295182 0.0369265 0.3421772 -0.9389095 0.4709169 0.1635089 -0.8668923 0.5327304 -0.1872628 -0.8253066 0.3490762 0.8979654 -0.2679625 0.4822574 0.8690144 -0.1106424 0.2281802 0.8638525 -0.4491023 0.8605778 -0.5066263 0.05230671 0.8054704 -0.5510703 -0.2180342 0.964667 -0.2258896 -0.1356151 0.9149925 0.1199456 0.3852297 0.8892488 -0.1276736 0.4392451 0.9962412 -6.67518e-4 0.0866208 0.235334 -0.05977278 0.9700748 0.6623305 -0.1683327 0.7300566 0.5447416 -0.5568135 0.6270688 -0.4946373 0.6588157 0.5668298 -0.597907 0.5496953 0.5833888 -0.3619832 0.3620077 0.8590219 -0.3423339 0.8978261 0.2769762 -0.4723079 0.873365 0.1189907 -0.2251307 0.8589159 0.4599779 -0.7562128 -0.01036953 0.6542437 -0.410761 0.008992314 0.9116987 -0.8914397 -0.01056456 0.4530162 0.8048 -0.3994995 -0.4389729 0.5262531 -0.5141897 -0.6772493 0.5327693 -0.1874167 -0.8252467 0.552673 -0.05262184 -0.8317353 0.6122089 0.08236593 -0.7863945 0.3342801 0.0335046 -0.9418781 -0.2584379 -0.4366378 -0.8617178 0.09454441 0.3081707 -0.9466215 0.1935805 0.08021247 -0.9777999 0.701775 0.7117516 0.03035807 0.8537116 0.5206187 -0.01152008 0.5012543 0.8624297 -0.07042193 -0.1564301 0.003063559 -0.9876843 -0.5969785 -0.02883374 -0.801739 -0.6239829 0.0843057 -0.7768771 0.7470415 0.3221924 0.5814819 0.1275899 0.1217999 0.9843199 0.4853599 0.4510071 0.7490116 0.8927051 0.4400108 0.09730547 0.892716 0.4399929 0.09728491 0.7326538 0.659729 -0.1672603 0.8062832 0.4769707 0.3498665 0.8927534 0.439897 0.09737521 0.9242728 0.1569504 0.3479749 0.9996828 -0.001249551 0.02515739 0.9996828 -0.001245677 0.02515703 0.9673112 0.02418512 0.2524368 -0.4872285 -0.3164472 0.8139224 -0.76192 -0.4704009 0.4451978 -0.5929484 -0.1705489 0.7869722 0.0351755 -0.1075388 0.9935784 0.5446491 -0.5568662 0.6271025 0.1805413 -0.6325365 0.7531948 -0.7637475 0.6353186 -0.1142806 -0.828101 0.5327621 -0.1743938 -0.7961751 0.6050662 1.00702e-4 0.4583621 0.03742206 -0.8879774 0.2735536 -0.1945725 -0.9419714 -0.08941131 -0.2136065 -0.9728196 0.03130149 -0.7011103 -0.7123655 0.04180043 -0.7021088 -0.7108418 -0.8636648 -0.5010362 0.05519068 -0.80694 -0.5841423 0.08732551 -0.6439841 -0.7593744 -0.09292495 0.1525329 -0.05505788 0.9867637 0.4275763 0.06940591 0.9013109 0.6430793 -0.5147288 0.5670127 -0.2271516 -0.425769 -0.8758556 0.02784705 -0.3023349 -0.952795 0.7972082 -0.4931966 0.3481613 0.8044342 -0.5876417 0.08696502 0.5896039 -0.752695 0.2929465 -0.5204592 -0.3917489 -0.7587193 -0.454854 -0.4084312 -0.7913861 -0.4051549 -0.7246922 -0.5573784 0.1936377 0.08003515 -0.9778031 0.2804359 -0.1528863 -0.9476189 0.02798491 -0.3022472 -0.9528188 -0.1186137 0.9924005 0.03274232 -0.0648781 0.9977339 0.01783245 -0.5986579 0.800821 0.01717066 -0.9764206 0.2136298 -0.03106963 -0.9966149 -0.07579767 0.03183877 -0.8619993 0.506895 -0.003844678 0.3039714 -0.8003007 0.5168367 0.459577 -0.5753707 0.6765632 0.9091965 0.4160651 0.01585888 0.8777993 -0.03033804 -0.4780671 0.8405442 0.4888259 -0.2335264 0.421079 -0.8789823 0.223792 0.6980882 -0.6690545 0.2550278 0.527904 -0.8470494 0.06184428 0.5273633 -0.4309274 -0.7322497 0.3786185 -0.3738104 -0.8467077 0.5621873 -0.1540221 -0.812541 -0.1559041 0.02916061 0.9873418 -0.5989468 0.1119452 0.7929257 -0.3989399 0.4107581 0.8198322 0.4128507 0.8206655 0.3950474 0.3700608 0.9268438 0.06336945 0.5856772 0.7453092 0.3185854 -0.04271596 -0.1426205 0.9888554 0.1666063 -0.6380222 0.751778 -0.4879903 -0.7130272 0.5034458 0.1521475 0.9852008 0.07893466 0.3699398 0.9269014 0.06323426 -0.08868938 0.9946162 -0.0536006 0.04656177 -0.5246453 -0.8500467 -0.2719964 -0.3730459 -0.8870483 0.3735049 -0.3798153 -0.8463064 -0.5380365 0.3096575 0.7839829 -0.7513936 0.4135863 0.5141537 -0.7513021 0.4135486 0.514318 0.655918 -0.2406802 -0.7154332 0.8777224 -0.03042304 -0.4782028 0.6559874 -0.2406867 -0.7153674 -0.5563746 -0.1744016 -0.8124232 -0.4589101 0.1392689 -0.8774998 -0.2721753 -0.372964 -0.8870279 -0.9195546 -0.03797984 -0.3911229 -0.4841241 -0.6157681 -0.6216538 -0.8847909 -0.3984348 -0.2416501 -0.02672666 0.9333108 0.3580737 -0.1886804 0.9695749 0.1559625 0.5060694 -0.03264254 0.8618749 0.5060529 -0.03267735 0.8618832 0.2067776 0.1289321 0.9698554 -0.6967685 -0.5611656 -0.4467738 -0.5452204 -0.4570897 -0.7027117 -0.8528711 -0.4925572 -0.1732006 -0.521876 0.3827778 -0.7623167 -0.7744936 0.3598556 -0.5202535 -0.1766309 0.4074526 -0.8959822 -0.1622524 -0.4070277 -0.8988897 0.09617441 -0.5683276 -0.8171623 -0.3800126 -0.5782029 -0.7219917 0.9927726 0.1170229 0.02661007 0.9927753 0.1170055 0.02658694 0.9177794 0.359655 -0.1683135 0.1931127 0.3760417 -0.9062562 -0.1764521 0.407446 -0.8960204 0.5077073 0.4044141 -0.760712 -0.9195944 -0.03781628 -0.391045 -0.9319459 0.2926337 -0.2141086 -0.8262323 0.1156092 -0.5513391 0.2533242 0.9632425 0.089392 0.5120704 0.8579989 0.04027444 -0.05245524 0.9984563 0.0182622 0.800439 0.1663532 0.5758681 0.65082 0.7363586 0.1849576 0.7340435 0.3697381 0.5696261 -0.05187946 0.9984905 -0.01803547 -0.01811921 0.9997841 0.01017385 -0.2198506 0.9753248 0.02018135 0.2201246 0.06496006 0.9733064 0.5257195 0.4642116 0.71283 0.6240428 0.1839617 0.7594265 0.8086431 0.3824201 -0.4470476 0.5348272 0.5262678 -0.6610614 -0.9072139 -0.3808804 0.1785869 -0.9000477 -0.3975314 -0.178558 -0.7635009 -0.3983044 0.5083505 -0.2199495 0.9753012 0.02024728 -0.03935909 0.9909867 0.1280477 -0.06638014 0.9975792 0.02072536 -0.05259275 0.9984472 0.01836478 -0.2804171 0.9463329 0.1606875 -0.05260622 0.9984469 0.01834225 0.2174537 -0.7903084 0.5728232 0.5151351 -0.5153084 0.6849038 0.7556363 -0.1663869 0.6335054 0.5655493 0.1420907 -0.8123819 0.6529601 -0.1863145 -0.7341185 0.3736336 -0.3797251 -0.84629 -0.4357712 0.02020257 -0.8998308 -0.7171863 0.3993708 -0.5710926 -0.2753725 0.2075444 -0.9386668 -0.3098463 0.4373633 -0.8442207 0.05326926 0.4775011 -0.8770149 -0.458878 0.139414 -0.8774935 -0.02542728 0.1134639 0.9932168 -0.398867 0.4108806 0.8198062 0.07516264 0.8511279 0.5195497 -0.871742 0.4078499 -0.2715224 -0.9260593 0.3772042 0.01145726 -0.7172741 0.39943 -0.5709409 -0.9185176 0.3950659 0.0157597 -0.9185148 0.3950723 0.0157662 -0.7798596 0.5933222 0.1994688 -0.9724442 0.1602984 -0.1692835 0.3514088 -0.9181426 0.1831015 0.5101524 -0.8593277 0.03606402 -0.01513737 -0.9998489 0.00855714 0.001519262 -0.9993084 -0.03715687 -0.5775844 -0.5902959 0.563868 -0.7853671 -0.5051165 0.3578489 -0.354471 -0.5085217 0.7847012 -5.723e-6 0 1 -0.5207464 -0.3638761 0.7722806 -0.6270983 -0.5951542 0.502533 -0.2313615 -0.5987321 0.7668063 -0.1908977 -0.004232585 -0.9816008 -0.4288847 -0.9010357 0.0647512 -0.5785478 -0.8142012 0.04856723 -0.2178577 -0.9759801 9.20787e-4 -0.9994342 -0.01607292 0.02954643 -0.9994342 -0.01610982 0.02952623 -0.9554536 -0.1411906 0.2591791 0.2938551 0.1031187 -0.9502714 0.2938689 0.103024 -0.9502775 -0.4356954 0.02007377 -0.8998704 -0.3393089 -0.3074699 -0.8890061 -0.5669673 -0.1955168 -0.8002009 -0.2177348 -0.9760075 0.001033425 -0.1084486 -0.9899957 0.09026384 -0.2177406 -0.9760062 0.001041233 0.8053501 -0.04935485 -0.5907415 0.8053459 -0.04936021 -0.5907466 0.5696864 -0.3038585 -0.7636278 0.07483488 0.5241401 -0.8483378 -0.2124041 0.4548686 -0.8648579 0.3311429 0.6518106 -0.6822663 0.09798574 0.9951799 0.003982186 0.9200368 0.2126027 -0.3291389 -0.4543424 -0.02237057 -0.8905463 -0.4543324 -0.02239161 -0.8905507 -0.1893562 0.1224702 -0.974241 -0.6396421 0.7633135 -0.09061223 -0.6349353 0.7281622 -0.2581416 -0.8682268 0.4704321 -0.1577207 0.0341981 0.9365442 -0.3488773 -0.3258646 0.9153019 -0.2367165 0.5293774 -0.3387316 -0.7778307 0.6420964 -0.569477 -0.513233 0.2374587 -0.5925952 -0.7697041 0.7609981 0.3837405 -0.5230919 0.5078547 0.404419 -0.7606109 0.9043063 0.3884597 -0.1770007 0 0 -1 -0.1319903 -0.98718 0.08974635 -0.0691173 -0.9954392 0.06575435 -0.2604502 -0.9491061 0.1770968 -0.1563395 0.003039121 -0.9876987 -0.4899563 0.05923122 -0.8697324 -0.2548359 0.03985142 -0.9661629 -0.7588082 -0.6506969 -0.02835083 -0.5786765 -0.8141038 0.04866874 -0.9034739 -0.428604 0.005808651 -0.263365 0.06163978 0.9627251 -0.2633658 0.06163668 0.9627251 -0.5326765 0.2152235 0.8184954 0.004593372 0.08814507 0.9960972 -0.2632058 0.06155633 0.9627739 0.2827758 0.01083683 0.9591248 -0.9834681 0.02748239 0.1789839 -0.9273685 0.1308367 0.3505272 -0.9547354 0.02399271 0.2964871 -0.8195133 -0.04733687 0.5711018 -0.8195317 -0.04730981 0.5710776 -0.6294063 -0.2742397 0.7270767 0.05232894 0.630513 0.7744128 0.01482516 0.8135101 0.581362 0.003201305 0.3923246 0.9198213 0.05238658 0.6304491 0.7744609 0.1858785 0.332342 0.924661 0.04100298 0.05035769 0.9978892 0.04095667 0.05018156 0.9979 0.003192603 0.392139 0.9199004 -0.006435513 -0.2737805 0.9617707 0.05453038 -0.6053426 0.794095 0.1151773 -0.8480854 0.5171899 0.02442294 -0.9786888 0.2038917 0.2246615 -0.963437 0.1460015 0.1755567 -0.9844693 -3.78882e-4 0.6143457 -0.780072 0.1186049 0.3747199 -0.9271281 0.004319608 0.8417754 -0.5346904 0.07430058 0.9927542 -0.1201189 0.003285109 0.6870362 -0.7266174 0.002899348 0.0194903 -0.9997888 0.006534039 0.2151676 0.8815882 0.4201252 0.05236136 0.6306023 0.774338 0.02662354 0.9462933 0.3222114 -0.7650823 0.3597745 0.5340519 -0.50922 0.3814664 0.7714781 -0.8474122 -0.05239027 0.5283445 -0.6770494 -0.1527094 0.7199195 -0.6594926 -0.2676903 0.7024325 -0.3843027 -0.1125201 0.9163246 -0.4267272 -0.189147 0.8843797 0.01513963 -0.4899063 0.8716436 0.009453892 0.9996318 0.02543598 0.2183866 0.9754884 -0.02701276 -0.231089 0.9728529 -0.01245582 0.3848426 0.9214248 -0.05359601 0.218533 0.9754589 -0.02689832 0.7325271 0.6798244 0.03525382 0.07858002 0.9599007 -0.2691019 -0.1332439 0.9768115 -0.1675868 0.9276089 0.3681544 -0.06327933 0.7326107 0.6797334 0.03527212 0.9879552 0.1495979 -0.03956186 0.7325543 0.6797998 0.03516495 0.834385 0.5511754 0.002719283 0.5797697 0.8147764 -0.002573192 0.3533176 -0.6120725 -0.7074843 0.6434683 -0.5714969 -0.5092542 0.5510533 0.7082866 -0.4412148 0.3312515 0.6518872 -0.6821405 0.5511401 0.7081854 -0.4412688 -0.9178121 0.184979 0.3512886 -0.3378326 0.9394832 -0.05692452 -0.1887846 0.9695827 0.1557881 -0.1334508 0.9767965 -0.1675097 -0.04989928 -0.9896335 -0.1346684 -0.2262609 -0.7534794 -0.6173125 -0.4924673 -0.57186 -0.6560886 -0.09117418 -0.9952947 0.03280049 -0.5124531 -0.8360142 0.1961432 0.00345081 0.01112586 0.9999322 -0.01638317 -0.001391053 0.9998648 0.49011 0.5375236 0.6861928 0.6618255 0.2454025 0.7083535 0.70459 0.1216018 0.699118 -0.1136701 0.7987265 0.5908596 -0.05593919 0.8731701 0.4841949 0.003263056 0.5856603 0.8105502 -0.2493696 -0.001133561 0.9684078 -0.5211809 0.05202955 0.8518588 -0.1367931 0.04438591 0.9896048 -0.2494329 -0.00121349 0.9683914 -0.5185189 -0.1277496 0.8454693 -0.6132456 0.04546838 0.7885826 -0.9640339 0.07892447 0.2537907 -0.6133152 0.04550474 0.7885264 -0.6705066 0.08382087 0.7371532 -0.1000204 0.8345389 -0.541794 -0.376849 0.9040274 -0.2017903 -0.9755865 0.2177364 -0.02867209 -0.9570851 0.2705454 -0.1038915 -0.9755874 0.2177317 -0.02867561 -0.09905171 0.9950512 -0.007874429 -0.09905171 0.9950512 -0.007874429 -0.09905177 0.9950512 -0.007874369 -0.3688169 -0.9294927 -0.004160225 -0.3688094 -0.9294958 -0.00415039 -0.1075239 -0.9712434 -0.2124265 0.6998094 0.519881 0.4898883 0.3273918 0.8441893 0.4244515 0.8545081 0.5026799 0.1308775 -0.9743795 -0.2248711 0.004186511 -0.7742351 -0.6302412 0.05793088 -0.7457501 -0.6655939 0.02901238 0.8533695 -0.4588816 -0.2473624 0.9065195 -0.4212991 0.02701133 0.6436098 -0.5714393 -0.50914 -0.4605664 0.3872803 0.7986817 -0.1963441 0.3756856 0.9057093 -0.7239862 0.3729103 0.5803292 -0.005371749 -0.02128398 0.999759 -0.3543341 -0.5084475 0.7848112 0.1560344 -0.2396867 0.9582294 -0.4091351 -0.2527632 -0.8767663 0.9140915 -0.4040479 0.03438425 0.8071117 -0.5899765 -0.02232521 0.9864202 -0.1627257 -0.02226418 0.1350401 0.0537396 -0.9893818 -0.8073683 0.0541929 0.5875538 -2.26509e-7 0 1 0.003614246 0.8247694 -0.5654578 -0.001833975 0.6551201 -0.7555226 -0.005254626 0.9254519 -0.3788287 -0.2356754 -0.03517276 0.9711952 -0.2493038 -0.001106798 0.9684248 -0.02023166 0.1045282 0.9943161 0.340537 -0.9360306 -0.08877742 0.5953035 -0.8034967 -0.002633452 0.06863111 -0.9976414 0.001187562 0.7724239 -0.6339924 0.03761851 0.5954008 -0.8034242 -0.002748787 0.9049633 -0.420222 -0.06674641 -0.941559 0.3364095 0.01718872 -0.9416719 0.3360942 0.01716852 0.8549091 -0.4902627 0.1696257 0.9795495 -0.1989035 0.03033226 0.8015604 -0.5847703 -0.1246787 0.9795631 -0.1988238 0.03041708 0.784035 -0.5593948 0.2690104 0.9483281 -0.2282089 0.2204416 0.9206824 0.3386594 0.1940462 0.9043422 0.3884488 -0.176841 0.7706055 0.3823993 0.5098412 0.92405 -0.331682 -0.1900494 0.913452 -0.3659909 0.1779217 0.7771087 -0.3583856 -0.5173606 -0.1936573 0.6170039 0.7627602 0.1067463 0.2973483 0.9487831 -0.04825443 0.1345576 0.9897302 0.683464 0.3923737 0.6155648 0.8392142 0.3818985 0.3871347 0.4084542 0.3861803 0.8270611 -0.002583444 0.009233653 0.9999541 0.01732277 0.01613992 0.9997197 -0.001702368 0.006147205 0.9999797 -0.00169599 0.001928806 0.9999968 0.01109212 0.002250969 0.9999361 -0.003256678 -7.92644e-4 0.9999944 -0.01333659 -0.002833068 0.9999071 -0.04326272 -0.009177982 0.9990216 -0.8843312 0.4505078 -0.1224789 -0.8843526 0.4504649 -0.1224822 -0.8843526 0.4504649 -0.1224827 0.1376514 0.05400878 0.9890072 0.5572136 0.2042666 0.8048529 0.5759466 -0.1670234 0.800243 -0.1910097 0.3563965 0.9146021 0.1791983 0.3949017 0.9010775 -0.5091102 0.3814383 0.7715645 0.4094232 0.4532023 -0.791821 0.5654869 0.1422233 -0.8124022 0.0534386 0.4775375 -0.8769848 0.1642484 -0.3969416 0.9030283 -0.09199053 -0.5731592 0.8142644 0.3814423 -0.5711131 0.7268643 -0.005318164 -0.02114224 0.9997624 0.4083241 0.3861274 0.82715 -0.172645 0.1276984 0.9766713 0.4242745 -0.5965409 0.681271 0.1736567 -0.5094407 0.842801 0.6934962 -0.5003047 0.518419 0.7759157 0.597262 0.2030589 0.5121539 0.8579434 0.0403915 0.9091307 0.4162037 0.01600193 -0.1391451 0.3935165 0.9087263 -0.1043784 0.5134588 0.8517425 -0.1590068 0.1846098 0.969864 -0.02166324 0.9502371 0.3107736 0.04659891 0.9976264 0.05069589 0.2874257 0.9302318 0.2281564 0.04641085 0.9976412 0.05057883 0.04640525 0.997641 0.05058652 -0.1986164 0.9711953 -0.1316485 -0.3768814 0.9040291 -0.2017221 -0.4910396 0.8710677 -0.01100832 -0.3064359 0.9410902 0.1429906 0.008482515 1.7523e-4 0.9999641 0.0354321 7.34904e-4 0.9993719 0.00458908 -0.002024114 0.9999875 -0.00525397 -0.001651942 0.9999849 -0.01201272 -0.005419433 0.9999132 -0.005270183 0.004122495 0.9999777 -0.01613491 0.01239049 0.9997931 0.00220865 0.008447587 0.9999619 0.2644234 -0.963673 0.0376144 0 -0.9991669 0.04081177 0.004763066 -0.9993293 0.0363093 0.2610566 -0.9648182 0.03122758 0.644837 -0.7632915 0.03963977 0.7731866 -0.6323528 0.04808837 0.9425468 -0.3302114 0.0506559 0.7732915 -0.6322245 0.04808944 0.9426066 -0.3300376 0.05067646 0.9864423 -0.1601839 0.03567457 0.9216591 0.3877574 0.01374071 0.5121474 -0.5130135 0.6888558 0.2209947 -0.3838266 0.8965705 0.3338845 -0.7546901 0.5647691 0.979112 -0.1855649 -0.0830993 0.9747319 0.2194066 0.04193717 0.9050184 -0.4201198 -0.0666418 -0.7457448 -0.6656 0.02900856 -0.7150615 -0.6990616 0 -0.7457459 -0.6655988 0.02900606 -0.1277858 0.985849 -0.1085013 -0.09635251 0.9953474 0 -0.0552386 0.9984596 -0.005211472 0.5269539 0.7232179 0.446403 0.6699199 0.5554955 0.4925769 0.3705226 0.3925376 0.8418 -0.01284444 0.9055274 0.4240936 0.1443106 0.900357 0.4105262 0.1442517 0.9003337 0.4105982 0.3456648 0.1827212 0.920396 0.7159108 0.05616205 0.6959293 0.7075721 0.08465236 0.7015523 -0.1309346 -0.01541447 0.9912713 -0.09665197 0.006686568 0.9952959 -0.5086735 -0.01979291 0.8607321 -0.5644453 0.6328276 -0.5300291 -0.4301584 0.6657301 -0.6097272 -0.3544428 0.8475238 -0.3950617 0.8638777 -0.03829669 0.5022438 0.9381539 0.01707231 0.3457976 0.9716153 -0.02134025 0.2356023 -0.4836164 -0.8650659 0.133328 -0.4853684 -0.8740155 0.02268379 -0.3944461 -0.9184242 0.03015601 -0.2040455 0.1733038 0.9634996 -0.2196518 0.4989875 0.8383105 -0.4092945 0.4129025 0.8136274 -0.4899028 -0.590887 -0.6409743 -0.6302136 -0.6875241 -0.3607514 -0.5798231 -0.4506854 -0.6787399 -0.4445309 0.7825003 0.4359882 -0.2166813 0.709001 0.6710938 -0.1143363 0.7050083 0.6999218 -0.03288453 -0.9992181 0.0219525 -0.3441001 -0.9389326 9.8604e-4 0.2903295 -0.9567173 -0.02001994 -0.3922862 -0.2110748 -0.8952983 -0.4042972 0.08411759 -0.9107514 0.6963145 -0.3594052 -0.6212681 0.2072401 -0.254661 -0.9445631 0.1161339 -0.673055 -0.7304176 0.6741799 0.7385672 0 0.67418 0.7385671 0 0.5721753 0.8201314 0 0.4584277 0.8887318 0 0.3387253 0.9408854 0 0.3387246 0.9408856 0 -0.6524321 -0.7072088 0.2723754 -0.7980694 -0.3947997 0.4552128 -0.8307173 -0.4066482 0.3801923 0.02491456 -0.5595007 0.8284553 -0.07344025 -0.1882938 0.9793632 0.0345903 -0.3785822 0.924921 -0.7007092 -0.4876712 0.5207528 -0.4830548 -0.7723795 0.4124173 -0.7583988 -0.5711905 0.3139631 0.4925441 -0.4518045 0.7438233 0.1657592 -0.3787559 0.9105316 0.6270687 -0.3564696 0.6926141 -0.1917615 0.07900923 0.9782561 -0.5496089 0.226688 0.8040786 -0.6142327 0.5251319 0.5890287 0.2493175 0.468018 0.8478208 0.4664128 0.3930148 0.7924636 0.05559599 0.07881188 0.9953381 0.04729664 -0.9960905 0.0746113 0.3707994 -0.9286056 -0.01412343 0.3479091 -0.916229 -0.198705 -0.6308685 0.008756875 -0.7758404 -0.8246598 -9.48831e-5 -0.565629 -0.4485726 0.02330613 -0.8934425 0.4247148 -0.6188298 -0.6608079 0.2281469 -0.8173959 -0.5289737 0.3684597 -0.9116574 -0.1819846 -0.06005972 -0.9930003 -0.1017031 -0.03376048 -0.9959624 -0.08318173 -0.1867374 -0.9754254 -0.1169382 -0.2843742 -0.957242 -0.05309623 -0.3105665 -0.9415895 -0.1302222 -0.2124258 -0.963176 -0.1648246 -0.232855 -0.9706338 -0.06040483 0.05372649 -0.9977065 -0.04117333 -0.505648 -0.8625916 0.01599848 -0.8539955 -0.3748163 -0.3608385 -0.489917 -0.5909538 -0.6409018 -0.5916925 -0.2064288 -0.7792864 0.4491333 0.6959429 -0.5603058 0.291857 0.2178264 -0.9313277 0.1032108 0.679271 -0.7265938 -0.951362 0.008317947 0.3079628 -0.9392116 0.01452517 0.3430314 -0.951362 0.008316516 0.307963 -0.4384703 -0.7775378 -0.4507534 -0.4840947 -0.8576108 -0.173655 -0.2334567 -0.9407447 -0.245962 -0.4161926 -0.2279149 -0.8802492 -0.527926 -0.4160102 -0.7404254 0.06536889 -0.4272313 -0.9017763 -0.8887233 -0.01939499 -0.4580338 -0.9504693 6.89244e-4 -0.310818 -0.8247608 -1.28899e-4 -0.5654819 -0.3214196 0.9446209 -0.06618946 -0.190965 0.9757981 0.1065389 -0.5583632 0.7861383 0.2649852 -0.9061473 0.2280457 -0.3562195 -0.7862747 0.5196736 -0.3342328 0.8937523 0.001748561 -0.4485577 0.7301381 -0.006845414 -0.6832654 0.5070056 0.002329707 -0.8619397 -0.3868222 -0.9132067 0.128149 -0.5099719 -0.7989773 0.318691 -0.2717851 -0.9557262 0.1127851 -0.4373349 0.4258179 0.7920969 -0.437374 0.4257336 0.7921206 -0.4373348 0.4258179 0.792097 -0.9513659 0.008315503 0.307951 -0.9621163 0.002107322 0.2726315 -0.9984067 -9.97726e-4 0.05641794 -0.7219545 -0.5785149 0.3796081 -0.3446717 -0.8431028 0.4127703 -0.5105902 -0.8199477 0.2588117 -0.8817253 -0.3735024 -0.2881955 -0.6607983 -0.7488295 0.05099093 -0.7680955 -0.4898939 -0.4123508 -0.8612304 -0.01099997 0.5080959 -0.5518226 -0.08416104 0.8297041 -0.9565509 -9.04515e-4 0.2915639 -0.04924994 -0.2224863 0.9736911 0.03446018 -0.3786277 0.9249074 -0.3344876 -0.324624 0.8847244 0.9415775 0.2558039 -0.2190804 0.7558103 0.6166195 0.2202984 0.9255788 0.1434943 0.3503046 -0.8462345 -0.5270264 0.07829719 -0.8155775 -0.575969 0.05561667 -0.4662358 -0.8843362 0.0239529 -0.8466692 0.3953686 0.3561391 -0.8532344 0.2817359 0.4388805 -0.7714885 0.5185307 0.3686888 -0.7816863 0.4545902 0.426983 -0.8532521 0.2815773 0.438948 -0.9267293 0.06085425 0.3707692 -0.245563 -0.620073 -0.745123 -0.3265985 -0.2101095 -0.9215137 -0.4479413 -0.3159941 -0.836359 0.5194824 -0.8539476 0.03019291 -0.9745188 0.163597 -0.1534577 -0.9967846 0.07761865 0.01989871 -0.7887966 0.1841874 -0.5864085 0.859429 0.04334658 -0.5094144 0.6387208 0 -0.7694387 0.6506493 -0.03481942 -0.7585796 0.7910397 -0.1901631 -0.5814586 0.548859 -0.1556788 -0.8212904 0.6505926 -0.03479409 -0.7586295 0.2695804 0.02132308 -0.9627418 0.2073095 -0.254521 -0.9445856 0.2071493 -0.2545936 -0.9446012 0.08554762 0.001901626 -0.9963324 -0.188825 -0.1943665 -0.9625835 0.08823758 -0.7395048 -0.6673431 0.2279641 0.1609193 -0.96028 0.1261539 0.07134491 -0.9894418 0.371156 0.1098002 -0.922056 -0.6899672 -0.6918576 0.2127871 -0.7144377 -0.665215 0.2169513 -0.4293753 -0.8908017 0.1486915 0.8177582 0.1776064 0.5474737 0.937578 0.13552 0.3202842 0.9787319 0.004257857 0.2050997 -0.6482782 -0.4199997 -0.6350871 -0.5479458 -0.3712954 -0.7495967 -0.7755065 -0.5369511 -0.3320742 -0.8653774 0.4921958 0.0941556 -0.865211 0.4924685 0.09425842 -0.542507 -0.4469656 0.7112721 -0.4214729 -0.704151 0.5714298 -0.2594823 -0.9232652 0.2832851 -0.7119798 -0.6773192 0.1852661 -0.4662231 -0.8843426 0.02396351 -0.9048535 -0.42379 0.04052382 -0.007218539 0.9966332 0.08167177 -0.9922322 0.1162137 -0.04438132 -0.9355296 -0.08643001 -0.342512 -0.9978923 -0.04664278 -0.04511779 0.329816 -0.663318 0.6717371 -0.1302375 -0.8065611 0.5766258 -0.05447334 -0.5783145 0.8139933 -0.3266072 -0.8120219 0.483682 -0.1609623 -0.7083041 0.6873111 -0.06487351 -0.9622217 0.2644256 -0.3823691 0.7562346 -0.5309456 -0.3649171 0.9206727 -0.1385545 -0.5918558 0.7899828 -0.1601062 -0.4526277 0.8165837 -0.3582169 -0.5253155 0.8414223 -0.1266977 -0.5919306 0.789961 -0.159937 -0.5748589 0.7884147 0.2189514 -0.1424571 0.9768276 0.1597306 -0.5584247 0.7860879 0.2650052 -0.4369518 0.8679092 -0.2362351 -0.1424282 0.9768418 0.1596697 0.001396834 0.9751578 -0.2215069 0.235292 0.9716292 0.0239669 0.09135949 0.9456231 -0.3121704 0.1530256 0.8831669 -0.4433956 0.2353501 0.9716171 0.02388978 0.5154526 0.8185397 -0.2535774 0.9415479 0.2558433 -0.2191616 0.6268947 0.7509581 -0.2075213 0.7340508 0.6745275 0.07862645 0.7339466 0.6746326 0.07869738 0.5445938 0.8368704 -0.05536925 0.2354562 0.9715895 0.02396523 0.7037532 0.6707243 0.2342227 0.235442 0.9715916 0.02401971 0.2355654 0.8740256 0.4249569 0.1583905 0.9476181 0.277367 0.2353898 0.8740617 0.4249798 -0.1424674 0.9768041 0.1598645 -0.195447 0.7802515 0.5941449 -0.5610234 0.7531786 0.3434746 -0.6012181 -0.7307773 0.3232671 -0.3341004 -0.9383013 -0.0892629 -0.7445447 -0.664458 -0.0644114 0.4733316 -0.6339681 0.6115895 0.2634831 -0.9207277 0.2878145 0.1252454 -0.9213929 0.3678979 -0.3807358 0.372011 -0.8465508 -0.3807358 0.372011 -0.8465508 -0.4042475 0.08431744 -0.910755 -0.4402552 -0.8977671 0.0137757 -0.1309829 -0.8882116 -0.4403676 -0.3961035 -0.9182034 0.00210154 0.9031645 0.4282134 0.03045517 0.9687407 0.2047848 -0.1400167 0.9031671 0.4282069 0.03046381 0.7614458 -0.5050894 0.4063065 0.7381377 -0.561691 0.3737058 0.4940946 -0.8425129 0.2145756 0.5020683 0.164022 0.8491315 0.1521861 -0.1612603 0.9751075 0.1931402 -0.2818351 0.9398223 0.2751792 0.03488624 0.9607599 0.4195313 0.4018732 0.8139358 0.4110848 0.3101455 0.8572158 0.5315729 -0.5516516 0.6427371 0.5819032 -0.7093343 0.3977859 0.2635678 -0.920715 0.2877776 0.001281857 -0.9996225 0.0274474 -0.3479426 -0.1117435 -0.9308326 -0.5784272 -0.8144164 0.04634726 -0.7632395 -0.6461024 -0.004174232 -0.4148349 -0.9098942 0.002159118 -0.4364422 -0.8738908 0.214087 -0.7543376 -0.6531069 0.06652885 -0.7957276 -0.5624799 0.2245754 -0.9688638 0.1349689 -0.2075728 -0.9964706 0.04078471 -0.07337015 -0.8649646 0.01008152 -0.5017318 -0.01041901 0.004508674 0.9999356 0.005669951 0.008495092 0.9999479 -0.005150377 0.002259969 0.9999843 8.33521e-4 0.01005756 0.9999491 1.2658e-5 0 1 -0.01325422 2.48344e-4 0.9999122 3.84289e-5 0 1 0 0.05079209 0.9987093 -0.001856386 -0.03252494 0.9994692 -0.037 -0.03199476 0.998803 -0.03995114 0.03955864 0.9984183 -0.05091708 -0.05295944 0.9972978 0.0491752 -0.02289968 0.9985277 0.2645252 -0.1327307 0.9552011 0.5315711 -0.7871457 0.3127839 0.4117841 -0.8874037 0.2072407 0.3237764 -0.9312307 0.1672672 -0.8997289 0.4347438 0.03854608 -0.917904 0.3414918 -0.2020783 -0.7373874 0.6641618 -0.1230814 -0.1967527 0.429992 0.8811329 -0.04590553 0.3695212 0.9280877 -0.005381584 0.1833146 0.9830396 -0.1440652 0.2916423 0.9456162 -0.005347073 0.1831647 0.9830677 -0.2173675 -0.08991032 0.9719401 -0.006532311 0.001453459 0.9999777 -0.1415177 -0.1288775 0.9815108 -0.09555679 -0.003255903 0.9954187 -0.3020477 0.01185786 0.9532191 -0.6892254 -0.03195017 0.7238422 -0.6110143 0.2153878 0.7617543 -0.5753406 0.03521317 0.8171555 -0.5478819 0.2473173 0.7991618 -0.5678247 -0.009390294 0.823096 -0.4283597 -0.01433098 0.9034947 -0.2172784 -0.2009205 0.9552074 -0.4283478 -0.01438343 0.9034995 0.0987659 -0.2916494 0.9514126 -0.1872927 -0.4041494 0.8953127 -0.312851 -0.471328 0.8246055 -0.4401315 -0.1881044 0.8780098 -0.2175091 -0.08996677 0.9719032 -0.73373 0.006441533 0.6794106 -0.191714 0.1516456 0.9696646 -0.187258 -0.4041998 0.8952971 -0.8666108 -0.08158421 -0.49227 -0.7601602 -0.2666174 -0.5925131 -0.8666128 -0.08158701 -0.4922661 -0.832631 0.06181591 0.5503677 -0.5007361 0.1128401 0.8582136 -0.749153 0.03743767 0.6613382 -0.525762 -0.8314474 0.1796377 -0.5892126 -0.8046942 0.07277363 -0.9042966 -0.345122 0.251274 -0.9576831 -0.2878202 0.001664876 -0.9628689 0.2699509 -0.003187298 -0.9886869 0.1393069 0.05560362 -0.2327622 -0.9725328 0.001345515 -0.7072375 -0.7069706 0.002779245 -0.5133177 -0.8557479 0.06481099 -0.7363565 -0.6706601 0.08940982 -0.7073678 -0.7068403 0.002797663 -0.9576276 -0.2880049 0.001593768 -0.9576314 -0.2879926 0.001586139 -0.9381766 -0.2527574 0.2365128 -0.2724239 0.4178915 -0.8666902 -0.4170978 0.3484184 -0.839425 -0.7570152 0.2642013 -0.5976001 0.1566022 0.6065903 -0.7794383 0.1196711 0.3149199 -0.9415436 0.2279495 0.1609662 -0.9602755 -0.9647281 0.1581778 -0.2104271 -0.7570967 0.2641335 -0.5975269 -0.8158084 0.1740697 -0.5515038 -0.7444356 0.3255821 -0.582934 0.8697529 0.398257 0.2914127 0.9585161 0.2046504 0.1984066 0.8447906 0.3004752 0.4427679 -0.2694562 0.7896256 -0.5512576 0.1721557 0.4988851 -0.8493975 -0.06952339 0.8960349 -0.4385064 0.8555117 0.5165925 -0.03509849 0.6418711 0.7566961 -0.1241473 0.9743983 0.2157245 -0.06333386 0.9253436 0.08481717 -0.3695203 0.9956451 0 -0.09322601 0.9744368 0.2155517 -0.06332796 0.999078 0.009733796 0.04181277 0.9808909 0.1944872 0.005292296 0.9816149 0.0705071 0.1773725 0.9666712 0.2033367 0.1555671 0.987192 0.01589429 -0.1587429 0.987161 0.01592391 -0.1589328 0.9026223 0.182399 -0.3898765 0.7236058 0.01248049 -0.6901007 0.3770366 0.06156754 0.9241498 0.7375972 0.1876009 0.6486573 0.9040326 0.03169375 0.426287 0.9041095 0.0315786 0.4261325 0.8816273 0.2171458 0.4190238 0.891739 0.02471828 0.4518746 0.9947664 -0.06005764 0.08266186 0.8045773 -0.01012533 0.5937616 -0.798808 -0.5157157 0.3097469 -0.71197 -0.677287 0.1854215 -0.861766 -0.4611225 0.2114841 0.9276476 0.2163118 -0.3044326 -0.9886642 0.1394711 0.05559629 -0.861336 0.5080328 0.001725316 -0.67556 0.7304161 0.1005544 0.3138754 -0.06613171 -0.9471584 0.1499105 -0.03569281 -0.9880552 0.3137852 -0.06614655 -0.9471873 -0.0187757 -0.004194498 -0.9998149 0.149695 -0.03568804 -0.988088 0.2752417 0.9603447 0.0444982 0.2753267 0.9603187 0.04453414 0.2752417 0.9603447 0.0444982 -0.1771557 0.9789739 0.1011232 -0.4609205 0.8313528 0.3104913 -0.1161706 0.991156 0.06414216 0.7286036 -0.272715 -0.6283019 0.8004517 -0.3802947 -0.4633067 0.7286174 -0.2727082 -0.628289 -0.4240642 0.5629754 -0.7093859 -0.126411 0.9446409 -0.3027771 -0.6071516 0.7586418 -0.2362833 0.3183934 0.3114208 0.8953451 0.30348 0.4762361 0.8252872 0.1259075 0.5312428 0.8378118 0.3357615 0.1545988 0.9291736 0.3183825 0.3113394 0.8953773 0.3220183 0.2248628 0.9196419 0.1403713 0.4262617 0.8936426 0.02644926 -0.5185047 0.8546656 -0.0192492 -0.04528319 0.9987888 -0.418357 -0.1967622 0.8867143 -0.9688471 0.1350156 -0.2076202 -0.9675127 0.1463964 -0.2061248 -0.9374125 0.3315039 -0.1065979 0.009122788 0.6525964 0.7576508 -0.3222222 0.7860173 0.5275886 -0.0713002 0.6516304 0.7551783 0.3359718 0.5747724 0.7461633 0.001380741 0.4530289 0.8914948 0.003897488 0.4108071 0.911714 0.7455251 -0.5642609 0.3546858 0.7605391 -0.4163003 0.4982715 0.834164 -0.4943072 0.2446033 0.02925789 -0.01194483 0.9995006 0.2336816 -0.01322084 0.9722234 -0.4106534 0.006488204 0.9117686 -0.1085642 0.01790648 -0.9939282 0.05955731 -0.02456349 -0.9979227 -0.3354352 -0.2357177 -0.9120967 0.6549312 -0.7107006 0.256846 -0.894849 -0.4128916 0.1696052 -0.9554548 -0.2599089 0.139834 -0.6288098 -0.7739962 0.07435268 0.6328322 -0.1137706 0.7658849 0.670358 -0.2224571 0.7079076 0.3900724 -0.08151692 0.9171689 -0.2582634 0.6336858 0.7292068 0.1258628 0.5313069 0.8377778 -0.254655 0.7294393 0.6348773 -0.1874766 0.3246718 0.9270604 0.2641842 0.5336058 0.8034126 0.1676673 0.6555719 0.7362834 0.1728171 0.6981094 -0.694822 0.2993202 0.877287 -0.3751998 0.152211 0.9388172 -0.3089566 -0.07530093 -0.9348731 0.3469036 0.8052077 0.08332794 0.5871092 0.3896739 0.1417399 0.9099803 0.8013591 0.2560483 0.5406135 0.5914232 0.7366772 0.3279106 0.2387785 0.6970869 0.6760582 0.3360658 0.5748761 0.7460412 -0.8908563 -0.446026 0.0862323 -0.8908563 -0.446026 0.0862323 -0.9182586 -0.31914 -0.234416 -0.001297771 0.999647 0.02653753 -0.02412891 0.9996919 0.005832672 -0.09255194 0.9955829 0.01577597 -0.7174232 0.6087934 0.3386365 -0.506509 0.6972843 0.5071917 0.3474527 0.8970568 -0.2730672 0.4801427 0.8692362 -0.1178619 0.2254458 0.8610951 -0.4557298 0.7435652 0.01519948 -0.6684908 0.7145283 -0.08661526 -0.6942242 0.7285967 -0.2725595 -0.6283774 0.8005484 -0.380222 -0.4631993 0.8726997 -0.3061244 -0.3803725 0.5883011 -0.7542761 0.2914951 0.6328732 -0.113864 0.7658371 0.9406029 -0.2005243 0.2739639 -0.5249729 0.6795929 -0.5124031 -0.4198977 0.7035031 -0.573384 -0.5445331 0.6281279 -0.555823 -0.9583643 -4.38246e-4 -0.2855482 -0.07666397 -0.9931843 0.08779329 -0.07666397 -0.9931843 0.08779329 -0.07666397 -0.9931843 0.08779329 0.2909219 0.7272319 0.6216899 0.6387633 0.7301813 0.2425216 0.5460649 0.8181897 0.1799405 0.3511878 0.2740536 0.8952999 0.5140146 0.07189655 0.8547631 0.1973672 0.05189996 0.9789549 0.9820566 -0.1419585 0.1241485 0.8917088 0.02466398 0.4519373 0.9976373 -0.06516104 0.02177017 0.9467154 -0.3216232 -0.01699066 0.6852886 -0.6366569 0.3536207 0.9387505 -0.2981814 0.1727296 0.8849578 -0.3954477 0.2459086 0.9820465 -0.1419957 0.1241853 0.9654262 -0.2385082 0.1051955 0.9976342 -0.06520277 0.02178621 0.9467757 -0.321445 -0.01700049 0.4107591 0.008147716 -0.9117076 0.5701308 0.003173351 -0.8215479 0.2155418 0.005229711 -0.9764807 -0.8635879 0.1156802 -0.4907484 -0.8518832 -0.04182457 -0.5220593 -0.5984317 0.2672737 -0.7552776 -0.1532381 0.6722875 -0.7242566 -0.07859039 0.6242331 -0.7772751 0.4688541 0.3033545 -0.8295493 0.4617106 0.7967821 -0.3898228 0.172857 0.6980469 -0.6948748 -0.3423238 0.8978341 0.2769626 -0.4722979 0.873367 0.1190171 -0.2251009 0.8589239 0.4599776 -0.7713158 -0.330115 -0.544147 -0.7494212 0.01135885 -0.6619961 -0.9108595 -0.1572289 -0.3815941 -0.2962387 0.6515401 -0.6983826 -0.357931 0.4013318 -0.8431003 0.1832731 0.6284359 -0.7559626 0.7127181 0.2800295 0.6431302 0.435865 0.3581289 0.8256909 0.400366 0.7114139 0.577579 0.9252968 0.084818 -0.3696374 0.9128404 0.3550136 -0.2017124 0.887906 -0.007147669 -0.4599695 0.9653531 -0.01170951 0.2606844 0.9653406 -0.01171058 0.2607307 0.9653531 -0.01170951 0.2606844 -4.20314e-4 0.9999969 0.002504229 -0.002533555 0.9998832 0.0150789 -0.05835312 0.996296 0.06316125 0.03376287 0.2092396 -0.9772814 0.1727004 0.6980451 -0.6949155 -0.2404865 0.4794635 -0.8439676 0.4391285 0.8338891 -0.3343577 0.4692934 0.5828706 -0.6633443 0.8442453 0.4341884 -0.3142139 0.1833404 0.6283677 -0.7560029 0.09485715 0.2659518 -0.959308 0.4688177 0.3033301 -0.8295788 0.1165776 0.9922058 0.04401528 0.8876416 0.003590703 0.4605211 0.9552548 0.1630529 0.2467835 0.8876425 0.003588855 0.4605194 -0.4107099 0.006465196 0.9117433 -0.5700574 8.35029e-4 0.8216044 -0.215461 0.00435847 0.9765028 -0.5652796 -0.7982631 0.2079305 -0.3835785 -0.9063493 0.1771966 -0.7745633 -0.6239691 0.1035097 0 -0.843955 -0.5364141 0 -0.843955 -0.5364141 0 -0.843955 -0.5364141 -0.2676672 -0.1358481 0.9538866 0 0.1394394 0.9902307 -0.2676848 -0.1358303 0.9538842 -0.9396888 -0.02158051 -0.3413492 -0.9997092 -0.005592644 -0.02346044 -0.8034756 -0.01429951 -0.5951659 0.5225711 -0.4228032 0.7403762 -0.1255125 0.9295772 -0.3466022 -0.6602392 0.702475 -0.2657316 -0.2403547 0.6212517 -0.7458391 0.6902406 -0.7235081 -0.01020264 0.6267713 -0.7620156 -0.1627578 0.8301172 -0.5394581 -0.1410335 0.581328 0.5757664 -0.5749356 0.4438737 0.4512974 -0.7741492 0.07201647 0.3383065 0.9382763 -0.3360686 0.5012246 0.7973906 -0.0411567 0.3519437 0.9351159 -0.146252 0.07722061 0.9862289 -0.3644167 0.07793724 0.927969 0.2219903 0.02586078 0.9747059 0.9095671 0.4117504 -0.05611968 0.3710027 0.9261802 -0.06743419 0.6872121 0.7156316 -0.1249439 -0.8227886 0.3427521 0.4533652 -0.6215358 0.7146039 0.3209901 -0.4256709 0.502685 0.7524043 0.2519094 -0.1364027 -0.9580898 0.5966304 -0.4527759 -0.6625905 0.5623191 -0.1540115 -0.8124517 0.1413062 0.9880823 0.06104207 0.085487 0.987881 0.12955 0.1413077 0.988082 0.06104314 0.05469882 0.9905611 0.125685 0.1609361 0.9151861 0.3695054 -0.01258164 0.9203942 0.3907892 0.6498442 -0.759015 0.03998523 0.6497051 -0.7591189 0.04027241 -0.1075695 -0.9822971 0.1533661 -0.01284569 -0.9880151 -0.1538221 -0.1075735 -0.982297 0.1533641 0.4917207 -0.541182 -0.6821532 0.5423073 -0.5778033 -0.609956 0.2545675 -0.3362362 -0.9067198 0.1873366 0.1789475 0.9658586 -0.3237787 0.301099 0.896943 -0.1864032 -0.1332578 0.9733943 0.3083346 -0.2170874 0.9261765 0.1701085 -0.3725603 0.912284 -0.1695086 -0.2351675 0.9570597 -0.2192512 -0.4779344 0.8505926 0.4430767 -0.4377492 0.782342 -0.9617241 -0.006035089 -0.2739534 -0.870307 -0.01668369 -0.4922271 -0.9998193 0.00247997 0.01884627 0.1180162 -0.9624759 0.2443612 0.5520038 -0.672096 0.4935372 0.3063625 -0.9320395 0.1935055 -0.01000493 0.1330446 0.9910596 -0.3797707 0.0324881 0.92451 0.3444848 0.01800364 0.9386193 0.2706921 0.9574698 0.09988731 0.3540919 0.9159107 0.1890145 0.4379338 0.8229001 0.3620074 0.5781804 0.6704354 0.4649987 0.7092639 0.6359249 0.304211 0.2707152 0.9574667 0.09985458 0.2706359 0.9574927 0.09982031 0.7320803 0.6371194 0.241117 0.3021295 0.9490492 0.08957409 0.07039886 0.997139 -0.02752965 0.1326125 0.9883331 0.07491087 0.4647891 0.8851094 0.02350574 0.1327716 0.9883134 0.07488983 0.6274129 0.7781709 0.0283423 0.4429153 0.8880403 0.1233312 0.6275759 0.7780399 0.02832818 0.6606178 0.7419916 0.11416 0.8782435 0.4780014 0.0142579 0.7662785 0.5750662 0.2865595 0.7632665 0.6250953 0.1633409 0.3023144 0.9489884 0.08959382 0.3015106 0.9280072 0.2188473 0.09118831 0.9639218 0.2500792 -0.004439413 0.9652897 0.2611443 0.02907675 0.9719866 0.2332311 0.4211478 0.8652089 0.272118 0.09135431 0.9638967 0.2501151 0.5167877 0.8377802 0.176224 0.3979122 0.812821 0.4254267 -0.05003648 0.7522073 0.657024 0.07024425 0.9066121 0.4160773 0.0700494 0.9066109 0.4161128 -0.2299282 0.8416728 0.4885898 -0.1735009 0.9365533 0.3045744 -0.01550936 0.9795744 0.2004833 0.07021152 0.9066311 0.4160416 0.5411807 0.8073488 0.2351838 0.7690696 0.6354584 0.06873679 0.9649899 0.2029041 0.1662061 0.7439095 0.581334 0.3296203 0.2000158 0.966656 0.1599062 -0.507507 -0.8103215 0.2929434 -0.6007203 -0.7883051 0.1330801 -0.8905405 -0.3437892 0.2979038 -0.1072716 0.933578 0.3419427 -0.3225387 0.6395401 0.6978233 -0.1604091 0.882986 0.4411404 -0.3690935 0.4117622 0.8331998 -0.2275218 0.09369701 0.9692548 -0.5383415 0.09374624 0.8374965 -0.2351422 0.8295199 0.5065619 0.04710942 0.8841478 0.4648262 -0.01535421 0.6641585 0.7474341 -0.8099618 -0.5864411 -0.006993234 -0.8099662 -0.5864357 -0.006938636 -0.5866427 -0.8091602 0.0333184 -0.05716627 0.9968087 0.05571889 -0.05840283 0.9962903 0.06320405 -0.1138621 0.9872854 0.110919 0.3028022 0.4219666 0.8545496 -0.006001532 0.4177181 0.9085569 0.11987 0.8100979 0.5739099 0.2473254 0.004909396 -0.9689201 0.5098416 -0.004893422 -0.8602544 -0.02360612 -0.001688897 -0.99972 0.9387521 -0.298111 0.1728426 0.7783375 -0.4380579 0.4497732 0.839251 -0.4688628 0.2753643 0.5284832 -0.831658 0.1704427 0.6986607 -0.7153866 -0.00976032 0.18979 -0.9818131 0.004779636 0.6640753 -0.5190329 0.5381532 -0.3673021 -0.5962198 0.7138705 -0.5064448 -0.4180969 0.7541278 -0.6743245 -0.2074218 0.708705 0.7515324 3.43592e-4 0.6596962 -0.0241084 0.9996032 -0.01457011 -0.01495754 0.945104 0.3264274 -0.04836893 0.9984014 -0.0292437 -0.02939754 -0.02072721 0.9993529 0.1055327 -0.08844316 0.990475 -0.145327 -0.00970298 0.9893361 -0.7155294 0.1137683 0.6892566 -0.8628994 0.188115 0.46906 -0.4341417 0.1672765 0.8851778 0.9236659 -0.2610587 0.2805171 0.5973798 -0.7864599 0.156902 0.6200428 -0.7844892 -0.01112443 0.8496481 -0.4496715 0.2754883 0.4595503 -0.7812308 0.4224832 0.6152501 -0.5246171 0.5884253 -0.8638714 0.2853901 0.4150647 -0.8336242 0.02481734 0.5517742 -0.9848752 0.04556518 0.1671667 -0.1094619 0.9239267 -0.3665757 -0.1095566 0.9239206 -0.3665627 -0.1096514 0.9239145 -0.3665496 0.02622979 0.003034055 -0.9996514 0.02622979 0.003034055 -0.9996514 0.02632296 0.003011405 -0.9996491 -0.05892747 0.004143655 0.9982537 -0.1281563 0.00900954 0.9917132 -0.03911972 0.005066335 0.9992217 0.04243844 0.001917362 0.9990972 0.05837857 0.003252089 0.9982892 0.1159961 -3.64261e-4 0.9932497 -0.1287128 -0.9897909 0.06121313 -0.07399052 -0.9891123 0.12721 -0.1287108 -0.9897912 0.06121152 -0.9421328 -0.3265274 -0.0759325 -0.8397166 -0.5422303 -0.02936834 -0.9871278 -0.1530641 -0.04636943 -0.9997336 0.02308326 0 -0.9997335 0.02308553 0 -0.9999709 0.00763303 0 -0.9999693 -0.007846355 0 -0.9997286 -0.02329641 0 -0.9997286 -0.02329862 0 -0.06743574 0.2100691 -0.9753581 0.3825318 -0.0841661 -0.9201009 0.5192345 0.1156458 -0.8467712 -0.8194788 -0.4048462 -0.4056529 -0.8116254 0.5823668 0.04596835 -0.8116225 0.5823715 0.04596239 -0.5972044 0.7574199 0.2639356 -0.1778635 0.3229271 -0.9295605 0.3889819 0.07938718 -0.9178184 0.2104903 0.2874429 -0.9343824 -0.5186901 -0.6907211 0.5038502 -0.7542695 -0.3856415 0.5313739 0.6858034 -0.6900693 0.2312533 0.7348082 -0.6769679 0.04208934 0.7277309 -0.6852807 0.02825093 0.757192 -0.5556553 0.3433766 0.6221412 -0.5877814 0.517159 0.6857444 -0.6900733 0.2314165 0.4917926 -0.4513199 0.7446143 0.3960872 -0.4448775 0.8032428 -0.4106986 0.006468117 0.9117482 -0.570085 8.36463e-4 0.8215853 -0.2154952 0.004365742 0.9764952 0.976415 0.003006935 -0.2158809 0.9996872 -0.001291275 0.0249778 0.8983409 -0.008163392 -0.4392234 0.1161293 0.9879127 -0.1026779 -0.01076173 0.999938 0.002869546 -0.06481903 0.9977381 0.01781505 -0.7343121 0.6784411 -0.02244031 -0.5067545 0.8423887 0.183252 -0.4125125 0.9109487 -0.002440154 -0.8278521 0.3122495 0.4660057 -0.4855688 0.76789 0.4178134 -0.7752366 0.629126 -0.05664771 0.7601139 -0.08943545 0.6436056 0.9006069 -0.06799924 0.4292823 0.9990333 -0.02511322 0.0360797 -0.8542915 0.368119 -0.3669801 -0.5127947 0.8242679 0.2400501 -0.8233758 0.3236771 0.4661387 -0.6681479 0.6301131 0.3956462 0.9427357 -0.3277645 0.0618062 0.7780237 -0.6282328 0.001654088 0.9859046 -0.1672688 0.003634035 -0.2615128 0.5629882 0.7839997 -0.3133338 0.8715243 0.3771837 -0.08964335 0.83152 0.548214 0.5454348 -0.7205179 0.4281995 0.3985384 -0.511649 0.7611719 0.09491068 -0.6707056 0.7356263 -0.4762925 0.7913944 0.3831976 -0.2968519 0.5348589 0.7910784 -0.7513013 0.3475495 0.561031 0.8336021 -0.4070918 0.3733416 -0.9018762 0.4304434 0.03657728 -0.7863632 0.6015459 -0.1406255 -0.9018716 0.4304519 0.03659039 -0.5627422 -0.003795444 -0.8266237 -0.2432314 -0.01519095 -0.9698494 -0.8033666 -0.01426935 -0.595314 0.07265394 -0.003159344 0.9973523 0.07265192 -0.003172755 0.9973524 0.2744029 -0.03205358 0.9610805 -0.8519558 0.5086308 0.1243628 -0.4018507 0.8526722 0.3338658 -0.7560806 0.4664549 0.4590882 0.9909681 -0.07447868 0.1115137 0.9799538 -0.1439824 -0.1376944 0.9990402 -0.0251103 0.03589415 -0.2055425 -0.9785658 -0.01270169 0.06037056 -0.9980087 0.01827758 -0.4693135 -0.8817085 0.04832351 -0.9114018 0.4114911 0.004700303 -0.6747021 0.7380341 -0.009098708 -0.9725387 0.2322563 -0.01501429 0.3145381 -0.7976697 0.5145764 0.1273022 -0.9089896 0.3969032 0.3233069 -0.9411224 0.0987994 -0.009999692 -0.2089324 0.9778789 0.1560301 -0.3582829 0.9204825 -0.3683972 -0.2789215 0.8868407 -0.9041624 0.399003 -0.1526008 -0.8940219 0.4233365 0.1466667 -0.9998432 0.01661956 0.006115496 0.440698 -0.4038719 -0.8016687 0.1175393 -0.4296606 -0.8953079 -0.6909899 -0.7182391 0.08164381 -0.8554843 -0.5169013 0.03097999 -0.4694457 -0.8816431 0.04823124 -0.7381021 0.6656651 0.1099789 -0.7440658 0.6560176 -0.1265186 -0.4267416 0.9043363 0.008223474 -0.02389657 0.6021335 -0.7980378 -0.9682325 -0.2459758 -0.04496717 -0.8555813 -0.516735 0.03107804 -0.9984143 0.04971438 -0.02640926 0.8567878 -0.001037418 0.5156683 0.8269415 -0.002072393 0.5622842 0.9635611 -5.21752e-4 0.267488 0.9766163 0.0870487 0.1965786 0.9962505 -6.64591e-4 0.08651375 0.9636199 0 0.2672766 0.9705935 0 0.2407248 0.8567937 -0.001035392 0.5156583 -0.700684 -0.4876443 0.5208117 -0.583087 -0.6993269 0.4134629 -0.7307819 -0.4855907 0.4797495 0.05457776 -0.1470902 0.9876162 0.1992091 -0.5574481 0.8059575 0.01767802 -0.9909313 -0.1332023 -0.1468425 -0.8746278 -0.4620211 0.2148388 -0.9606841 -0.1758703 -0.5713852 0.7560795 0.3191597 -0.8519786 0.5086105 0.1242899 -0.5075728 0.8616086 -6.91046e-4 -0.2095638 -0.01214414 0.9777196 0.07247793 -0.003141522 0.9973651 -0.4457373 -5.21393e-4 0.8951637 -0.5233975 0.8346588 0.1714635 -0.1522941 0.9880218 0.02488791 -0.01363444 0.9993582 0.033127 0.4758821 0.8695268 -0.132135 0.3133246 0.9428035 0.1137958 0.2424494 0.8977831 0.367701 -0.2196843 0.9241906 0.3124272 -0.2338925 0.9722506 0.004816055 -0.06092292 0.9913862 0.1159394 -0.877285 -0.02277272 0.4794294 -0.7543871 -0.385497 0.5313119 -0.8234023 0.3235267 0.4661965 0.7633407 -0.6454772 -0.02588981 0.9232202 -0.3837311 0.02037245 0.5440261 -0.8382226 0.03766232 0.9232757 -0.3836015 0.02029907 0.9232812 -0.3835868 0.02032464 0.9828185 -0.1218587 -0.1386301 0.1173793 -0.4296697 -0.8953247 -0.2190822 -0.4062523 -0.8871089 -0.2190822 -0.4062522 -0.8871089 -0.9428609 0.3231783 0.08105075 -0.8117227 0.5822402 0.0458548 -0.9984042 0.04987174 -0.02649486 1.52867e-4 0.003175139 -0.999995 -0.008009672 0.001708686 -0.9999666 9.09176e-5 0.001589953 -0.9999988 -3.67108e-7 0 -1 5.19903e-7 0 -1 -7.23875e-7 0 -1 -1.34092e-6 0 -1 7.40378e-7 0 -1 8.94206e-5 0.001579403 -0.9999988 8.95178e-5 0.001579463 -0.9999988 1.20066e-6 0 -1 0.004183709 0.002342402 -0.9999885 1.09473e-4 0.00159645 -0.9999988 0.004146575 0.002321481 -0.9999887 1.67202e-4 0.003177285 -0.9999949 -3.0161e-7 0 -1 -0.1726928 -0.1091648 -0.9789077 -0.1726918 -0.1091662 -0.9789078 6.93002e-7 0 -1 6.50443e-7 0 -1 -0.02477204 -0.3737104 -0.9272146 -3.53475e-7 0 -1 0 0 -1 6.71318e-7 0 -1 -2.54033e-6 0 -1 1.2689e-6 0 -1 1.38491e-6 0 -1 -1.26624e-6 0 -1 -6.87188e-7 0 -1 1.27695e-6 0 -1 6.78809e-7 0 -1 -6.73893e-7 0 -1 1.15113e-6 0 -1 -0.02397513 0.1372172 -0.9902508 0.004519343 0.02342832 -0.9997154 -0.02134376 0.1493778 -0.9885499 0.005375504 0.03205364 -0.9994718 -2.8487e-7 0 -1 0 0 -1 0.001143932 -5.21395e-4 -0.9999992 0.003501355 0.01344078 -0.9999036 2.88519e-6 0 -1 -7.64215e-7 0 -1 -1.31336e-6 0 -1 7.21807e-7 0 -1 -0.0505197 0.8438108 -0.5342575 -0.02132719 0.1494132 -0.9885449 -0.134917 0.4748029 -0.8696895 -0.0245462 0.7210837 -0.692413 -0.0474168 0.8883489 -0.4567143 -0.1382433 0.6930769 -0.7074838 -0.2588136 0.8183987 -0.5130684 -0.2881761 0.7926096 -0.5373312 -0.2588596 0.8184298 -0.5129954 -0.2782324 0.6674487 -0.6907235 -0.2979508 0.6344853 -0.7131997 -0.2782941 0.6672927 -0.6908494 -0.2473604 0.539452 -0.804863 -0.2324216 0.4055492 -0.8840306 -0.2442905 0.3645337 -0.8985752 -0.258884 0.8183712 -0.5130768 -0.4198372 0.7035775 -0.5733373 -0.2473943 0.5395551 -0.8047835 -0.3307679 0.6861456 -0.6479173 -0.4199466 0.7036048 -0.5732235 -0.6009809 0.7158787 -0.3554428 -0.2473711 0.5394299 -0.8048745 -0.4467389 0.6521967 -0.6124246 -0.158542 0.2888031 -0.9441701 -0.2249893 0.6960491 -0.6818325 -0.07102304 0.596023 -0.7998203 6.68486e-4 -0.9999771 0.006744623 -0.1354932 -0.9893509 -0.05316454 0.0482521 -0.9937126 -0.1010297 0.136955 -0.9883346 0.06661909 -0.04682815 -0.9923245 0.1144528 0 1 0 0.001558303 0.9844374 0.1757286 0.006485879 0.9532598 0.3020824 0.006522655 0.9532598 0.3020816 0.8179641 -0.02463293 0.5747418 0.8554939 -0.02936053 0.5169798 0.849223 0.05462908 0.525201 0.3202705 -0.04840141 0.9460889 0.7749396 -0.01977199 0.631726 0.6018387 -0.01743435 0.7984275 0.9186155 -0.08932173 0.384925 0.9614419 -0.06944715 0.266095 -0.01090282 0.0143733 -0.9998373 -0.0163455 0.02155375 -0.9996341 -0.03266882 0.04307848 -0.9985375 -0.01633518 0.02154195 -0.9996346 -0.01089102 0.01436054 -0.9998376 -2.7958e-7 0 -1 -0.04685831 0.004558324 -0.9988912 -0.03182584 0.004270434 -0.9994844 -0.04234057 0.006610631 -0.9990814 0.008820474 -3.01512e-4 -0.9999611 0.007287263 -0.001161456 -0.9999728 -9.14367e-4 -6.35541e-4 -0.9999994 -0.002776741 2.59024e-7 -0.9999963 -0.002686381 0 -0.9999964 -9.9345e-4 -5.83519e-4 -0.9999994 -1.88469e-6 0 -1 -0.002684533 2.9552e-7 -0.9999964 1.21103e-6 0 -1 2.51177e-7 0 -1 -8.70616e-7 0 -1 3.91782e-7 0 -1 -7.2668e-7 0 -1 5.58678e-7 0 -1 6.82103e-7 0 -1 -6.32852e-7 0 -1 -7.13167e-7 0 -1 6.21257e-7 0 -1 -1.81322e-7 0 -1 -3.5787e-7 0 -1 9.46145e-7 0 -1 3.13857e-6 0 -1 -0.003378987 0.00484544 -0.9999827 -0.03178179 0.004254162 -0.9994858 4.41859e-6 0 -1 -5.24082e-5 0 -1 -0.01996827 -0.006800651 0.9997776 -0.020621 0.131445 0.9911091 -0.01322704 -0.00962162 0.9998663 9.71948e-7 0 1 -0.01065999 -0.006033062 0.999925 -0.01435959 -0.007000565 0.9998725 -0.01996541 -0.006798803 0.9997776 3.42318e-6 0 1 0.008962512 -0.001745998 0.9999583 0.001066088 -0.003943443 0.9999917 -8.62271e-4 0.08801776 0.9961186 -0.01549261 0.009432733 0.9998355 -0.007726848 -0.002944707 0.9999659 -0.00108534 -0.008103847 0.9999666 -0.001915633 -0.02802044 0.9996056 0.00260508 -0.02692174 0.9996342 -0.006579995 -0.006494462 0.9999573 -0.009695172 0.001216411 0.9999523 6.26976e-4 0.01179218 0.9999303 -0.002267301 0.01037472 0.9999436 0.03220194 0.134372 0.9904077 -0.001701056 -0.005364298 0.9999842 -0.005054771 -0.01078498 0.9999291 -0.001894176 -0.008038103 0.9999659 -0.01121622 0.02120476 0.9997123 -0.1014696 0.09958881 0.9898414 -0.06779003 0.02606207 0.9973592 -5.88462e-4 0.2034066 0.9790943 0.0440604 0.5834904 0.8109239 -0.02065807 0.1316303 0.9910836 -0.2585906 0.4869326 0.8342826 -0.1719242 0.1705844 0.9702283 0.07151377 0.8872039 0.4558017 0.003351032 0.5856671 0.8105447 0.08082985 0.9305715 0.3570759 -0.4678274 0.3893584 0.7934342 -0.0835734 0.08714246 0.9926841 -0.1720427 0.1704917 0.9702236 -0.08344656 0.08711385 0.9926973 0.001150429 0.01572459 0.9998758 0.05791372 0.03133046 0.9978299 0.00746721 -0.9999722 6.37502e-5 0.1086416 -0.9930762 0.04468345 -0.05763375 -0.9881842 0.1420226 -0.09374898 -0.9945971 -0.04458647 0.07225316 -0.9872555 -0.141796 0.01720857 0.02157378 0.9996192 -0.08905059 0.04116386 0.9951761 -0.01799577 -0.1542851 0.9878625 0.1228584 0.001756846 0.9924228 0.05181723 0.1963313 0.9791675 -0.0245586 -0.9996839 -0.005372703 0.3825922 -0.9239174 0 0.1422581 -0.9898207 -0.004204332 0.202809 -0.979204 0.005306124 0.03198349 -0.9990015 0.03119325 0.341839 -0.9396144 0.01646661 -0.583824 0.05888551 -0.809742 -0.7653691 -0.07216453 -0.639533 -0.4607058 0.07290786 -0.8845533 -0.2443664 0.3644112 -0.8986043 -0.5838986 0.05895698 -0.809683 -0.1780309 0.322903 -0.9295369 -0.4895904 0.26137 -0.8318575 -0.832719 0.1801355 -0.5235747 -0.8327133 0.18017 -0.5235719 -0.4923226 0.3907247 -0.7777872 -0.8583866 0.4192364 -0.2956573 -0.8221603 0.2924584 -0.4883857 -0.858458 0.4191782 -0.295533 -0.9691673 0.1759286 -0.1725223 -0.9459302 0.3210191 -0.04650777 -0.8445399 0.5224598 0.1174225 -0.9868447 0.1413101 0.078543 -0.8638757 0.2854356 0.4150246 -0.9848984 0.04548788 0.1670508 -0.9948002 0.02203416 -0.09943515 -0.880514 0.4725133 -0.03776639 -0.8584297 0.4192466 -0.2955179 -0.6679607 0.7441958 -0.001125037 -0.9097063 0.2240852 0.3496002 -0.5839398 0.05889254 -0.8096579 -0.8165577 0.09768635 -0.5689386 -0.8287439 -0.0270757 -0.5589726 -0.8288086 -0.02697986 -0.5588814 -0.8327893 0.180056 -0.5234902 -0.9691694 0.1758688 -0.172572 -0.9069607 -0.06242972 -0.4165632 -0.08371275 -0.9928145 0.0855081 -0.07307577 -0.9973264 6.66152e-5 -0.1227142 -0.9889134 -0.08361506 -0.07299876 -0.9973321 1.97813e-4 -0.08368736 -0.992809 0.08559566 -0.2781989 -0.9452223 0.1707642 -0.2993744 -0.9308201 0.2096403 -0.6263987 -0.7655638 0.1467549 -0.7393989 -0.6708934 0.05649226 -0.8070161 -0.5840324 0.08735758 -0.6265425 -0.765457 0.1466977 -0.9342238 -0.347456 0.08062505 -0.9811188 -0.1852608 0.0555365 -0.9975741 -0.03454685 0.06043636 -0.999402 -0.0236572 0.02521926 0.8818042 0.4298182 -0.1941078 0.9299732 0.3676276 0 0.9539971 0.2993883 0.01601332 0.8834288 -0.4595764 0.09134048 0.8945367 -0.4467999 -0.01318275 0.931878 -0.3623508 -0.01747345 0.9859672 -0.1625615 -0.03797888 0.9019085 -0.1805089 0.3923999 0.8223589 -0.5597572 0.1019697 0.7428809 -0.6689355 -0.02556025 0.6373497 -0.7705122 0.009818673 0.5679637 -0.8230423 -0.004331648 0.5043966 -0.8626226 -0.03829252 0.4644253 -0.8851301 -0.02922552 0.3718919 -0.9280601 -0.0200203 0.7060909 -0.7081212 0 0.4671915 -0.8805103 0.08021175 0.2763092 -0.9602596 -0.0394324 0.2678586 -0.9599027 0.08269673 0.5476867 -0.8134898 0.1956368 0.2854988 -0.9550294 0.08005887 -0.05301088 -0.9919863 -0.1146867 0.3436877 -0.9389961 0.01285344 0.03467458 -0.9992261 0.01857346 -0.03807055 -0.9981854 -0.0466538 -0.0531091 -0.9919909 -0.1146017 0.03457546 -0.9992302 0.01854103 -0.2339043 -0.972128 -0.01600211 -0.03815716 -0.9981815 -0.04666715 -0.2339577 -0.972115 -0.01600837 -0.3220733 -0.939723 0.1148459 -0.5524696 -0.798078 0.2405183 -0.4092814 -0.7372301 0.5375693 -0.2874972 -0.9541131 0.08374774 -0.05310028 -0.9919843 -0.1146628 -0.3220238 -0.9397429 0.1148218 -0.1484552 -0.9785354 -0.1429319 -0.1592736 -0.979621 -0.1223707 -0.05317419 -0.9919762 -0.1146982 -0.1576513 -0.9137796 -0.3743699 -0.06865262 -0.9869339 -0.145768 -0.1576749 -0.913725 -0.3744934 -0.2692333 -0.9421584 -0.1996275 -0.3343641 -0.9424433 -0.00118339 -0.3739388 -0.9250509 -0.06671243 -0.269276 -0.9421665 -0.1995316 -0.354856 -0.9222531 -0.1533835 -0.05314081 -0.9919846 -0.1146411 -0.3880568 -0.9194313 -0.06370413 -0.3925212 -0.8739646 -0.286554 -0.4466261 -0.8731517 -0.1952723 -0.4708796 -0.8819227 -0.02202194 -0.5829331 -0.8124383 -0.01153171 -0.6361093 -0.7715256 -0.01064729 -0.7691323 -0.6386045 -0.02489614 -0.7448792 -0.6664065 0.03251934 -0.7465776 -0.6642197 0.03787004 -0.7661554 -0.6426554 0 0.820398 0.5708353 -0.03308033 0.7934398 0.4945953 -0.3547236 0.7885023 0.6022844 -0.1245694 0.8505108 0.4340959 -0.2969717 0.7885687 0.6021785 -0.1246612 0.8817441 0.4299076 -0.194183 0.9118693 0.4050746 -0.06640106 0.9119222 0.4049794 -0.06625455 0.9006785 0.4336671 -0.02666831 0.9540038 0.2993671 0.01600736 0.9879885 0.1447336 -0.0541383 0.9996733 0.02551877 0.001493215 0.9859932 -0.1624162 -0.03792864 0.9831044 -0.1830022 -0.003991186 0.9830742 -0.1831624 -0.004082977 0.8700423 0.4734537 0.1373618 0.8969631 0.4303668 0.1012023 0.9527415 0.2198197 0.2096735 0.8521902 0.522895 -0.01878106 0.5460101 0.8324175 -0.09462749 0.6528694 0.7574628 -0.003427803 0.3266078 0.9451554 0.002978563 0.3056954 0.9451307 -0.1152323 0.270974 0.9625862 9.40521e-4 0.2023672 0.963142 -0.1772144 0.2495865 0.9682936 -0.01069432 0.1237121 0.9662209 -0.2260809 0.06421273 0.9873737 -0.1448099 -0.2727522 0.9575182 -0.09362179 -0.05521601 0.9984608 -0.005217552 0.07261586 0.9973306 0.007670223 0.6070449 0.7792673 -0.155689 0.4855142 0.8457525 -0.2213112 0.5760204 0.7496098 -0.3260149 0.4550405 0.8904653 -0.00313282 0.6001053 0.7994628 0.02707332 0.3057544 0.9451044 -0.1152905 0.3537122 0.9329751 -0.06667304 0.3266718 0.9451335 0.00291413 0.003206253 -0.002487361 0.9999918 0.08121186 0.102157 0.9914478 -0.08244538 0.06146681 0.9946983 -0.07481551 -0.1071261 0.9914267 0.08904016 -0.06626725 0.9938212 -0.4727647 0.1456601 0.8690666 -0.575033 0.4133801 0.7060128 -0.5334354 0.03531271 0.8451035 -0.8382992 0.08137923 0.5391029 -0.8925091 0.1150639 0.4361054 -0.7886531 0.05282026 0.6125653 -0.882991 0.2873582 0.3711501 -0.8540219 0.07307964 0.5150786 -0.9234926 0.2863675 0.2552555 -0.7749815 0.1003401 0.6239678 -0.7748674 0.1003155 0.6241133 -0.8829309 0.2874523 0.3712197 -0.6991652 0.1853064 0.6905285 -0.5792697 0.5040135 0.6406381 -0.7578141 0.5712432 0.3152765 -0.7134897 0.6878088 0.1336095 -0.4742636 0.8799499 0.02761101 -0.5514721 0.7642203 0.3344339 -0.5513947 0.7642701 0.3344475 -0.3344556 0.9111244 -0.2408152 -0.3282967 0.934444 0.1379708 -0.5476804 0.6808333 0.4863254 -0.4857199 0.779729 0.3950934 -0.5570586 0.4630773 0.6893804 -0.5979471 0.5380612 0.5940954 -0.5454934 0.4492923 0.7075121 -0.4857052 0.7797242 0.3951212 -0.5268851 0.6803382 0.5094429 -0.5468828 0.2590479 0.7961239 -0.4456349 0.03681093 0.8944577 -0.5540384 0.2969527 0.7777279 -0.5358931 0.1737639 0.8262112 -0.4457244 0.03672111 0.8944168 -0.491632 -0.08349621 0.866791 -0.6991202 0.1852312 0.6905942 -0.5335027 0.03519123 0.845066 -0.4574991 -0.07386392 0.8861371 -0.6945537 -0.01562404 0.7192713 -7.26614e-4 -0.9999747 0.007079005 -0.001089692 -0.999943 0.01062399 -0.002167642 -0.9997745 0.02112787 0 -1 -7.75028e-7 -7.23995e-4 -0.9999749 0.007056951 0 -1 4.67993e-6 0 -1 -2.18153e-7 -0.6333857 0.7728788 0.03848338 -0.6485112 0.7587271 0.06137365 -0.4498024 0.8905624 0.06765133 -0.6333631 0.7728991 0.03844654 -0.4496135 0.8906566 0.06766533 -0.2243695 0.9711881 0.08032417 -0.1612629 0.9822975 0.09532052 -0.2242167 0.9712237 0.08032226 -0.1614201 0.9822728 0.09530937 -0.3255425 0.9396185 0.1055431 -0.6704005 0.739851 0.05642426 -0.7236585 0.6729062 0.1533482 -0.7237741 0.6727868 0.1533265 -0.7628923 0.6446512 0.04919564 -0.8643698 0.502783 0.008621037 -0.9771905 0.1932227 0.08811217 -0.977227 0.1930704 0.08804172 -0.8837057 0.4567535 0.1021794 -0.9992631 0.03835159 0.001546204 -0.9981673 0.04813599 -0.03667742 -0.6355131 0.7677836 -0.0814349 -0.9758101 0.2183326 0.01121377 2.21246e-6 0 1 1.18069e-6 0 1 0 -1 -3.00502e-6 0 -1 -2.18228e-6 0 -1 -1.2056e-7 -0.2496874 0.8263278 0.5048154 -0.5859218 0.7989884 0.1353268 -0.1843793 0.9670947 0.1753059 -0.7464646 0.6627853 0.05921399 -0.6335984 0.7736184 0.008230626 -0.1656496 0.9861845 6.35234e-4 0.1900141 0.9722211 0.1366777 0.2749288 0.8913323 0.3604734 0.3273005 0.8442117 0.4244774 0.582682 0.8016588 0.13351 -0.4881634 0.8621832 0.1354128 -0.08048754 0.9268133 0.3667955 -0.4880241 0.8622505 0.135487 -0.4220077 0.8177474 0.3914062 -0.5487354 0.7856786 0.2856546 -0.3145949 0.8702046 0.3791758 0.4214262 0.8481653 0.3209602 0.06970417 0.9945333 0.07774889 0.1535824 0.9408243 0.3020961 0.0898993 0.9469797 0.3084602 0.06957882 0.9945427 0.07774144 -0.1115882 0.9935307 0.02109557 -0.4880076 0.8622689 0.1354287 -0.4401432 0.8843026 0.1558303 -0.5302082 0.8196327 0.216983 0.5665841 0.7259899 0.3897706 0.008416175 0.9999594 0.003251731 0 1 -1.2538e-7 0 0.9953923 0.09588634 -0.1176905 0.9689632 0.2173925 0.01309961 0.9487759 0.3156784 -0.1069499 0.8415005 0.5295647 -0.1178057 0.9689244 0.2175023 -0.09489315 0.7480831 0.6567854 -0.4666317 0.8275335 0.312159 -0.4667637 0.8274729 0.3121224 -0.8708693 0.4433177 0.2122644 -0.9335763 0.3484982 0.08357244 -0.6491461 0.6905062 0.3190779 -0.8897802 0.1381898 0.4349653 -0.8708311 0.4432989 0.2124605 -0.9416926 0.2116969 0.261533 -0.93361 0.3483816 0.083682 -0.9317603 -0.01325696 0.3628319 -0.955492 -0.2597472 0.1398801 0.7812554 0.624205 0.002851128 0.4007368 0.9161877 0.003182113 0.9787535 0.004113376 0.2049998 0.9746631 0.1112418 0.1940544 0.9963645 0.07963246 0.03027397 0.9735115 0.2286325 0.00165826 0.9079969 0.411419 0.07922291 0.4732614 0.7778541 0.4134813 0.8816689 0.4578236 0.1142701 0.9963513 0.07980453 0.03025525 -0.1842713 0.9671103 0.1753333 0.1799306 0.9081733 0.3779502 -0.3144563 0.8702704 0.3791394 -0.2631346 0.7437359 0.6145057 0.2554928 0.8549933 0.4513425 0.2038594 0.5420137 0.8152684 -0.6142263 0.2631343 0.7439668 -0.5553436 -0.2751861 0.7847715 -0.5850127 -0.1347101 0.7997584 -0.4545632 0.7143403 0.5320624 -0.553775 0.3513107 0.7549266 -0.4094153 0.4129623 0.8135362 -0.4483967 0.3068217 0.8395242 -0.5896689 0.1511293 0.7933792 -0.5850051 -0.1345809 0.7997856 0.05222791 -0.006214022 0.9986159 0.04503315 -0.01075267 0.9989277 1.26888e-5 0 1 0.002484083 -2.68472e-4 0.9999969 -0.010037 -0.1236172 0.9922792 0.005337595 -0.01216524 0.9999119 0.04794204 -0.1409135 0.9888604 0.05222237 -0.00621134 0.9986162 0.1378858 -0.2394608 0.9610651 0.2318046 -0.214853 0.9487386 -0.1366323 0.04436659 0.9896279 -0.2117187 -0.1272482 0.9690114 0.008975803 0.00811094 0.9999269 0.006751 -0.005836367 0.9999602 0.006255269 0.008529484 0.9999442 -0.6132181 0.04551655 0.7886011 -0.6261909 -0.1144876 0.7712183 -0.2118925 -0.1273509 0.96896 -0.273804 -0.5054496 0.8182616 -0.03361588 -0.2208073 0.974738 -0.6238341 -0.0595768 0.7792828 -0.689251 -0.03195983 0.7238175 -0.5678966 -0.009380877 0.8230465 -0.437596 -0.08049213 0.8955618 -0.3383039 -0.1340003 0.9314475 -0.6238363 -0.05957126 0.7792816 -0.6281819 -0.1448493 0.7644647 -0.8838168 -0.02245575 0.4672941 -0.5597569 -0.05944645 0.8265219 -0.009949922 -0.2087424 0.9779201 0.02040719 0.03024077 0.9993343 0.3635227 -0.3439134 0.8657799 0.3007818 -0.2356694 0.924116 0.3291087 -0.001390397 0.9442911 0.4397863 -6.5623e-4 0.8981024 0.5975446 -0.08566546 0.7972464 0.6617287 0.004995346 0.7497268 0.8299635 -0.03431117 0.5567616 0.9671267 0.03146666 0.2523409 0.9617744 0.01206356 0.2735771 0.9584063 0.001937329 0.285401 0.9546178 0.001752018 0.2978285 0.9550828 0.00762999 0.2962408 0.9515352 0.005443632 0.3074916 0.9531899 0.004101276 0.3023448 0.9555461 0.01174318 0.2946081 0.9577298 0.01674121 0.2871819 0.9559329 0.01219308 0.293332 0.9398398 -0.002304613 0.3416078 0.9560644 0.01207804 0.2929078 0.9599781 3.79527e-4 0.2800749 0.955958 -0.002917885 0.2934892 0.9593275 -0.005268573 0.2822465 0.9589865 9.75581e-4 0.2834503 0.9548695 -0.004997491 0.2969838 0.9568949 0.0246399 0.2893871 0.9553697 0.01997482 0.2947371 0.8536869 0.03769046 0.5194211 0.9539824 0.01204574 0.2996206 0.8298543 -0.03436833 0.5569208 0.6618053 0.004995226 0.7496592 0.6121309 -0.5005445 0.6121692 0.5559398 -0.4084372 0.7239544 0.3177103 -0.8051871 0.5007336 0.2482913 -0.611099 0.7516045 -0.09862232 -0.7242346 0.6824646 0.2481364 -0.6112215 0.7515561 -0.2002136 -0.7020719 0.683381 -0.02821606 -0.4416716 0.8967331 -0.4462524 -0.3546319 0.8216418 -0.2263983 -0.0566188 0.9723879 -0.5532829 -0.08967387 0.8281526 -0.3109138 0.1128666 0.9437127 -0.593863 0.06015068 0.8023145 -0.6743242 -0.2074029 0.7087107 -0.3494365 0.1931368 0.9168383 -0.6743481 -0.2072373 0.7087365 -0.5469884 0.2590346 0.7960559 0.3178323 -0.8051562 0.5007056 0.6936767 -0.653737 0.3023915 0.3380832 -0.8787456 0.3369063 0.0029217 -0.9372315 0.3486957 0.2688977 -0.4212579 0.8661617 0.5976051 -0.08573639 0.7971935 0.7257244 0 0.6879855 0.9122193 -0.01077556 0.4095606 0.9210472 -0.01471978 0.3891727 0.7312251 -0.6820899 -0.007953524 0.8213623 -0.5704069 0 0.8021154 -0.5958712 -0.03935033 0.2905127 -0.9566625 -0.01998364 0.5815739 -0.8128855 -0.03144884 0.679638 -0.7334516 -0.01187169 0.6797399 -0.7333563 -0.01192647 -0.001518785 -0.9999777 -0.00651735 -0.02707129 -0.9994537 -0.01896309 -0.01434814 -0.999891 -0.003515899 -0.003957152 -0.9999808 0.004781007 -0.01503884 -0.9998503 0.008573353 1.41005e-4 -0.9999934 0.003632068 -0.004772126 -0.9999868 -0.001925945 -0.004756748 -0.9999869 -0.001919209 1.22896e-4 -0.9999935 0.003641188 -0.03933024 -0.8933822 0.447573 0.07935947 -0.9313528 0.3553648 0.04728364 -0.9960849 0.07469493 -0.2978854 -0.9194598 0.2566283 -0.03940969 -0.893342 0.4476461 -0.06838154 -0.9397774 0.3348769 0.03735756 -0.9584354 0.2828535 -0.215049 -0.9524251 0.2159644 -0.2369464 -0.9611946 0.1412851 -0.2974948 -0.712602 0.6353701 -0.2754061 -0.9612995 -0.007407069 -0.1642057 -0.9853957 0.04507637 0.5569022 0.3491184 -0.753642 0.6629438 0.5545222 -0.5030019 0.9415495 0.2558048 -0.2191997 0.4112219 0.08291411 -0.9077565 0.2918797 0.217674 -0.9313562 0.6754077 0.1409798 -0.7238434 0.7609524 0.107488 -0.6398422 -0.2573617 0.7581285 0.5991712 -0.4663423 0.6613301 0.5875095 -0.3896924 0.8536264 0.3456327 -0.4446441 0.7825405 0.4358006 -0.5909934 0.8066692 0.003414988 -0.2326795 0.9690654 0.08229494 -0.2021019 0.9780152 -0.05139195 -0.6015468 0.7943086 -0.084944 -0.09834849 0.971233 -0.2168736 0.1917555 0.7754594 -0.6015751 0.1521845 0.9388774 -0.3087866 0.1085781 0.9934168 -0.03652334 0.03519475 0.9993638 -0.005779683 0.008539855 0.9859932 0.1665673 0.005464375 0.9998887 -0.01388645 0.111245 0.9932664 -0.03234946 0.2110596 0.9766407 0.04033273 0.428298 0.9036276 0.004256784 -0.1185811 0.8534322 -0.5075353 0.1371417 0.9737319 -0.1817646 -0.04739326 0.8884137 -0.4565906 -0.04730921 0.8883923 -0.4566411 0.4165621 0.8505406 -0.3210245 0.1113326 0.9932551 -0.03239542 -0.03243839 0.9198223 -0.3909922 0.1372602 0.9737383 -0.1816412 -0.4392622 0.8692765 0.2267317 -0.07557159 0.9609047 0.2663666 -0.3387061 0.6289039 0.6998272 0.2062847 0.8307127 0.5170719 -0.3065097 0.9430001 0.129625 0.1064625 0.9942812 -0.008402526 -0.07548594 0.9609475 0.2662367 -0.01269161 0.9907091 0.1354048 0.04971534 0.9583981 0.2810719 0.2519042 0.9659383 0.05922448 0.2111786 0.9766153 0.04032665 0.317502 0.9324346 0.1725062 0.2516947 0.9598196 0.1240815 0.3174476 0.9324216 0.1726765 0.06648707 0.9773513 0.2009082 0.01924878 0.8638234 0.5034271 -0.0376231 0.9162769 0.3987749 0.5539948 0.8312145 0.04660719 0.06647044 0.9773818 0.2007652 0.1377261 0.6725224 0.7271487 -0.09086471 0.2693806 0.9587376 -0.06471723 0.8100882 0.5827256 -0.06483846 0.8100876 0.5827127 -0.1089975 0.3325911 0.9367511 -0.3174304 0.5706564 0.7573567 -0.03761202 0.9162796 0.3987697 -0.173186 0.8599382 0.4801176 -0.3897445 0.8536654 0.3454774 -0.5388082 0.4236879 0.7281307 -0.2530369 -0.267025 0.9298763 -0.05464369 -0.5782806 0.814006 -0.5081717 -0.4458715 0.7368583 -0.7152174 0.01351577 0.6987714 -0.4707031 -0.003472506 0.882285 -0.5517513 -0.08414006 0.8297535 -0.4141823 0.01102775 0.9101271 -0.2530375 -0.2669357 0.9299018 0.616079 0.4972206 0.610916 0.8295477 0.2875707 0.4787002 0.6197528 0.1652415 0.767204 0.8157706 0.5651513 0.1229736 0.6160417 0.4973587 0.6108412 0.4663109 0.8274807 0.3127777 0.2861388 0.6943571 0.6602975 0.6160116 0.4972623 0.6109501 0.4110817 0.3100569 0.8572494 -0.3546337 0.01395499 -0.9349012 -0.4479476 -0.3158329 -0.8364166 -0.2994546 -0.1646161 -0.9398024 -0.2791845 -0.4336135 -0.8567587 -0.1609798 -0.08104538 -0.9836246 -0.2993514 -0.1647316 -0.9398151 -0.2593867 -0.03370219 -0.9651853 -0.1610244 -0.08090221 -0.9836291 -0.2312489 -0.01273536 -0.9728112 -0.2312698 -0.01274448 -0.9728062 0.4259685 0.2071208 -0.880711 0.7235263 0.01251095 -0.6901835 0.9166935 -2.98008e-4 -0.399591 0.1900147 0.02730238 -0.9814016 0.03379625 0.2090545 -0.9773198 -0.3544003 0.02679306 -0.93471 0.01172566 -0.00410515 0.9999229 0.01030826 0.01129066 0.9998832 0.009143173 0.02437782 0.999661 -0.01051163 0.01700478 0.9998002 -0.005630612 0.01228845 0.9999088 -0.01025098 0.037916 0.9992284 -0.00578618 0.04490709 0.9989745 0.008315861 0.003488242 0.9999594 -0.00976324 -0.02711671 0.9995847 0.001660943 -0.002860486 0.9999945 -0.003500223 -0.001132905 0.9999932 -0.009722292 5.29289e-5 0.9999528 -0.014979 0.02659142 0.9995341 -0.00974363 8.99937e-5 0.9999526 -0.01497846 0.0266053 0.9995338 -0.005075931 0.02562773 0.9996587 0.003189682 -0.005409479 0.9999803 0.003217101 -0.005477607 0.9999798 0.001656055 -0.002850949 0.9999946 0.004517316 -0.007424354 0.9999623 0.003191351 -0.005416929 0.9999803 0.004558145 -0.007313549 0.9999629 0.005344092 -0.007669568 0.9999564 0.004527747 -0.007273495 0.9999634 0.001653015 -0.002849757 0.9999946 0.004034817 -0.005669713 0.9999759 0.01933377 -0.9997329 0.01266694 -0.08170455 -0.9962602 0.02810686 -0.008942961 -0.9888429 -0.1486939 0.1198711 -0.9927853 -0.002863049 0.04705029 -0.9838094 0.1729323 -0.1262679 0.9446843 -0.3027013 -0.2548377 0.9645835 -0.06809234 -0.4211683 0.8748899 -0.2391338 -0.07227599 0.9629827 -0.2596935 -0.07134932 0.9586189 -0.2756065 0.1770901 0.7700768 -0.6128793 -0.02299726 0.8701808 -0.4921957 -0.01386219 0.997529 -0.06887561 -0.07542532 0.9898661 -0.1203169 0 1 0 0 1 0 0 1 0 -0.1734289 0.9365983 0.304477 -0.07542181 0.9898679 -0.1203041 -0.08949083 0.9954988 0.03120553 -0.1507238 0.9570978 -0.2474794 -0.0755347 0.9898486 -0.1203926 -0.133313 0.9787336 -0.155911 0.003683507 0.9999799 -0.005173504 0.01853698 0.9994894 -0.02603036 0.009207844 0.9998741 -0.01292961 0 1 0 0 1 0 0 1 -1.26519e-7 0 1 -1.46517e-7 0.9598751 -0.1626518 0.2284387 0.9254987 0.01659882 0.3783873 0.9783914 0.1700735 0.1175817 0.9721116 -0.2345167 0.001023769 0.9598991 -0.1626942 0.2283076 0.9864594 0.161642 0.02774643 0.9864574 0.1616581 0.02772152 0.9840875 -0.08368456 0.1567446 0.9784069 0.1700637 0.1174671 0.9864297 0.1618293 0.02770763 0.8124642 0.5641687 0.147023 0.6147453 0.7887177 0.003571689 0.8570643 -0.5151819 0.005348324 0.5955001 -0.7867658 0.1624168 0.9598752 -0.1627638 0.2283586 -0.9951651 0.08332508 0.05199551 -0.9928271 0.0418142 0.1120098 -0.9488382 -0.03688025 0.3136017 -0.9885573 -0.004396498 0.1507815 -0.5248237 0.8486014 0.06660264 -0.6978702 0.716223 0.001384496 -0.08790135 0.996127 0.002108931 0 0.9997949 -0.02025353 0.02967399 0.9995579 0.001941502 -0.08779299 0.9961366 0.00213164 0.02685987 0.9995922 0.009703099 -0.04139643 0.9973354 0.06007117 0.02583765 0.9967797 0.07591307 -0.005363643 0.9276395 0.3734385 -0.06941556 0.9810965 0.1806412 -0.2220544 0.8763399 0.427458 -0.07444965 0.9837189 0.1635678 0.00687772 0.9999353 0.009062588 -0.01023077 0.9999055 0.009189724 -0.06403923 0.9976565 -0.02409583 -0.04985255 0.9985136 -0.02202779 0.1454028 0.9892945 -0.01242834 0.02595305 0.9967784 0.07589048 0.4252043 0.9050644 0.007730722 0.4202792 0.8875039 0.1889501 0.02591443 0.9967709 0.07600241 0.2334486 0.9466503 0.2221596 0.047212 0.8841871 0.4647412 0.0472719 0.8841839 0.464741 0.4202805 0.8874728 0.1890936 0.2629159 0.6624979 0.701407 -0.07833045 0.9861838 0.1459658 -0.03242534 0.9790683 0.2009328 -0.327781 0.8248832 0.4605729 -0.2220973 0.8763344 0.4274469 -0.2904216 0.8696303 0.3992474 -0.5247571 0.8486456 0.06656408 -0.07840383 0.9861764 0.1459764 -0.4430156 0.8929291 0.08009338 -0.1566107 0.9379233 0.3094722 0.9715242 0.01602417 0.236398 0.8873078 0.03791362 0.4596166 0.9859108 -0.109087 0.1268073 0.3232862 -0.9411378 0.09872126 0.5770821 -0.8165176 -0.01659548 0.6704877 -0.7271614 0.1472498 0.7627369 -0.6466497 0.00877285 0.577148 -0.8164713 -0.01657551 0.9467892 -0.3217526 0.008096635 0.7627494 -0.6466341 0.008816301 0.9468492 -0.3215908 0.007490038 0.9999428 -0.009657561 -0.004617929 0.3539552 -0.9346523 -0.03377544 0.11489 -0.9933202 -0.010746 -0.03908938 -0.9876139 0.1519575 -0.3941055 -0.919016 0.00951761 -0.3942819 -0.91894 0.009554862 -0.1454783 -0.9891884 0.01850187 -0.5666044 -0.8235912 0.02563208 -0.6574521 -0.7534682 0.006528556 -0.7031385 -0.7110522 0.001081585 -0.7049354 -0.7092634 -0.003389775 0.003276467 0.002470135 0.9999916 0.01169478 0.008316993 0.9998971 0.02343368 0.01666289 0.9995865 -0.002800643 4.31285e-4 0.9999961 -0.005691647 8.70742e-4 0.9999835 7.15158e-4 0.003632366 0.9999932 -8.16036e-7 0 1 7.13931e-4 0.003621339 0.9999932 -0.008764564 -0.006049871 0.9999434 -6.19352e-6 0 1 -1.44083e-5 0 1 0.08636164 0.01361155 0.9961709 0.03985768 0.01018512 0.9991535 0.014876 -0.001272737 0.9998886 -0.01393049 -0.005790114 0.9998862 3.93008e-6 0 1 -0.002760827 -0.9999889 -0.00381869 -0.00242424 -0.9999946 -0.002223908 -0.003341019 -0.9999945 1.68307e-4 -0.001660823 -0.9999807 -0.006004095 -0.002410352 -0.9999948 -0.002155303 -0.001590847 -0.9999678 -0.007871627 -0.003221631 -0.9999887 -0.003527045 -0.003323554 -0.9999946 0 -0.002423226 -0.9999949 -0.002117574 -0.002604901 -0.9999915 0.00317955 -0.002576351 -0.9999912 0.003311634 -0.002406537 -0.9999949 -0.002112627 -0.00191152 -0.9999774 0.006453931 0.001790761 0.9999948 0.002724528 0 0.9998503 -0.01730561 0.01425457 0.9998811 -0.005895495 0.01416009 0.9996845 0.02074807 0.001766383 0.9999626 0.008464336 0.02336645 0.9997262 -0.001308023 0.03506988 0.999383 -0.001963257 0.004632771 0.9999632 0.007216989 -0.7450478 0.004042565 0.6669989 -0.7492613 0.03742754 0.6612161 -0.8681365 0.03797262 0.4948709 -0.9689146 0.04851126 -0.2425923 -0.9583106 0.09725922 0.2686663 -0.9770169 0.03578799 0.2101362 -0.891683 -0.02279931 0.4520862 -0.8606963 0.1100435 0.497084 -0.5053232 0.04938346 0.8615159 -0.3839976 -0.2208933 0.8965222 -0.4456533 0.03673559 0.8944516 -0.2747669 -0.483406 0.8311569 -0.5445677 -0.2447362 0.8022159 -0.6743109 -0.2072634 0.7087643 -0.3986508 -0.06107431 0.9150669 0.6239496 -0.02393352 0.781098 0.5827334 -0.02164655 0.8123751 0.5767156 0.04145324 0.8158926 0.5826631 -0.02166354 0.8124252 0.6240139 -0.02399629 0.7810447 0.7638556 0.07815396 0.6406376 0.7728337 0.09223377 0.6278703 0.5618211 0.3628824 0.7434202 0.7191876 0.05036747 0.692988 0.8619807 0.04074811 0.5053007 0.719223 0.05053597 0.692939 0.8802351 0.1538174 0.4489167 0.9475812 0.04796582 0.3158941 0.9650307 0.2026896 0.1662312 0.9677258 -0.1410376 0.2088426 -0.702131 0.1459 0.6969399 -0.6205863 0.254492 0.7416917 -0.7887076 0.04614168 0.6130344 -0.9948274 0.08265697 0.05904632 -0.9141815 0.2635942 0.3078804 -0.7878929 0.3864642 0.4794479 -0.7877885 0.3865115 0.4795814 -0.7267122 0.4930276 0.4783441 -0.6712424 0.3385701 0.6593966 -0.721053 0.06929802 0.6894059 -0.6076286 0.2071945 0.7667189 -0.5419163 0.1475383 0.827381 -0.6972202 0.04464596 0.7154654 -0.5269613 0.4904146 0.6941221 -0.1009339 0.8588936 -0.5021097 -0.1168201 0.9348936 -0.3351523 -0.3205276 0.9269946 -0.1947904 0.07425826 0.893902 -0.442069 0.03716111 0.9954095 -0.08819842 -0.3134786 0.9469188 -0.07124537 0.202425 0.8111755 -0.5486515 0.1445834 0.9225166 -0.357853 -0.1409199 0.988174 -0.06044602 0.09819614 0.9908688 0.09239417 -0.30409 0.9523724 0.02272295 -0.2809343 0.9576433 -0.06320816 -0.6745734 0.7381528 -0.009019553 -0.3042694 0.9523149 0.0227279 0.1497136 0.9687207 0.1979047 -0.1072566 0.9336487 0.3417547 -0.3439777 0.9368234 0.06357079 -0.9884039 0.1438679 0.04857951 -0.9990922 -0.01264274 0.04068249 -0.9813616 0.1920006 0.008081555 -0.7031046 0.7110238 0.009448766 -0.5243777 0.8466753 -0.09038209 -0.8564669 0.516202 5.31841e-5 -0.5156558 0.8567959 -1.25358e-4 -0.4773687 0.8785924 -0.0139572 -0.4529006 0.8839713 -0.116086 -0.3772521 0.9149505 -0.1433404 -0.3552269 0.9347774 -0.002270698 -0.3240102 0.9460089 -0.009200513 -0.2728453 0.9574879 -0.09366196 -0.2970206 0.9547747 0.01357227 -0.2404559 0.9658017 -0.09699493 -0.1278395 0.9858292 -0.1086182 -0.9281135 0.3722977 0 -0.9545423 0.2879209 0.07714027 -0.9511636 0.3039382 0.05393993 -0.9880375 0.1540046 -0.00803405 -0.7709207 0.6368755 0.008428871 0.07268422 0.02126049 0.9971285 0.02328824 0.0115987 0.9996615 -0.208676 0.1133709 0.9713915 -0.3603855 0.7923156 0.4922991 -0.4423875 0.6652095 0.6014896 -0.3443006 0.4656114 0.8152688 -0.1670005 0.3268892 0.9301905 -0.3110133 0.4095503 0.8576359 -0.2968428 0.1083751 0.9487567 -0.1669376 0.3268424 0.9302182 -0.007047653 0.01901048 0.9997944 0 0.006500124 0.9999789 -0.6488593 0.1873099 0.7374935 -0.2969698 0.1082751 0.9487284 -0.6264742 0.3140164 0.713389 -0.4384058 0.4703198 0.765898 0.3717138 -0.887836 0.2712492 0.7275459 -0.6060083 0.3216068 0.3803163 -0.9237273 0.04569047 0.7917061 -0.4782182 0.3801432 0.3131257 -0.8916254 0.327042 0.6548694 -0.7466586 0.1168205 0.3161067 -0.9479507 0.03828829 0.7324847 -0.6618174 0.1595746 0.3406831 -0.4691057 0.8147853 0.2534171 -0.8665555 0.429955 0.7917021 -0.4782152 0.3801556 0.7979332 -0.5852847 0.1440291 0.5010067 -0.8545468 0.1369026 0.4637644 -0.7419912 0.4841194 0.4514963 -0.8043858 0.3861537 0.12468 -0.9843959 0.1241764 0.3361083 -0.8488792 0.4079652 0.1245884 -0.9844056 0.124191 -0.06219416 -0.9142573 0.400332 -0.07238131 -0.8309858 0.5515646 0.1245095 -0.9844143 0.1242012 -0.2615359 -0.960128 0.09875929 -0.1254556 -0.9782895 0.1649567 -0.1450214 -0.9858459 0.08412373 0.7388694 -0.3236411 0.5910401 0.4972977 -0.4965969 0.7113977 0.8888869 -0.3224223 0.32546 0.5996978 -0.7044764 0.3795729 0.9427763 -0.3276386 0.06185299 0.8889508 -0.322381 0.3253263 0.9778278 -0.198465 0.06681674 0.9333896 -0.2509259 0.2565546 0.9778069 -0.1985605 0.06684011 0.8735808 -0.3727326 0.3129332 0.5968719 -0.6483619 0.4726213 0.9929766 0.1154161 0.02601313 -0.225382 -0.9742675 0.002432465 -0.6509156 -0.7590696 0.01106113 -0.4128264 -0.9073687 0.0790981 -0.6978529 -0.6906392 0.1897866 -0.1973277 -0.8280171 0.5248329 -0.2599396 -0.7795522 0.5698507 -0.6978582 -0.6906141 0.1898583 -0.63586 -0.4022501 0.6586934 -0.9591869 -0.2826665 0.007753193 -0.8645684 0.5025154 3.31672e-6 -0.9934384 0.07824003 0.08342015 -0.9592446 -0.282471 0.007758617 -0.9735553 -0.2091965 0.09179937 -0.9230606 -0.2928361 0.2494118 -0.9231023 -0.2926494 0.2494763 -0.9914426 -0.085653 0.09851527 -0.9657759 -0.1702558 0.1956783 -0.9601646 -0.2490664 0.1266891 -0.2252287 -0.974303 0.00241822 0.2729005 -0.9620414 0.00131607 0.641073 -0.7674759 0.002506613 0.9318172 -0.3629241 0.001741528 0.9984152 -0.05588835 0.00661081 -0.1063327 -0.8722575 0.4773472 0.304315 -0.8723964 0.3825139 -0.1448851 -0.985862 0.0841698 -0.1448408 -0.9858772 0.08406853 0.3002946 -0.9462279 0.1203157 0.3159455 -0.9480049 0.03827899 0.2321755 -0.9723573 0.024818 -0.125298 -0.9783139 0.1649316 0.2533175 -0.8666274 0.4298691 -0.7224943 -0.4805344 0.4970803 -0.273097 -0.2871436 0.9181322 -0.6593362 -0.5447427 0.5181999 -0.3923041 -0.7992759 0.4552533 -0.4170243 -0.8545358 0.3096116 -0.7392174 -0.5702174 0.3583433 -0.5546796 -0.4010145 0.7290529 -0.5023313 -0.7728697 0.3877319 -0.1427972 -0.9583268 0.2474241 -0.3447392 -0.9090631 0.2340067 -0.0421226 -0.9610084 0.2732921 -0.02833205 -0.8928999 0.4493631 -0.5830559 -0.6993409 0.4134831 -0.5639092 -0.4007753 0.7220705 -0.7391932 -0.5701904 0.3584361 -0.6275635 -0.4489405 0.6360948 -0.7584665 -0.57116 0.3138549 -0.7900776 -0.5179353 0.3279032 -0.7584685 -0.5711849 0.3138047 -0.7931463 -0.6080724 0.0341624 -0.455229 -0.8891013 0.04759722 -0.5548164 -0.8184932 -0.1491568 -0.1178521 -0.9709403 -0.2082925 -0.5922445 -0.7525809 -0.2878688 -0.7932474 -0.6079482 0.03402405 -0.7755481 -0.5370002 -0.3318977 -0.7929463 -0.5715004 -0.211243 -0.7932536 -0.6079381 0.03405815 -0.8228305 -0.5047758 0.2610586 0.048289 -0.9975295 0.05101984 0.2243841 -0.9709155 -0.08351534 0.5389996 -0.8408493 0.04951751 0.9659485 -0.2507855 0.06364119 0.6993781 -0.6566521 0.2822734 0.6951111 -0.7093186 -0.1169943 0.6950449 -0.7093817 -0.1170057 0.5646002 -0.8191861 -0.1008009 0.09490245 -0.9318324 -0.3502597 -0.2361497 -0.7278905 -0.6437459 -0.5774874 -0.7088668 -0.4049891 -0.003123581 0.03356665 0.9994317 0.001612901 0.03188371 0.9994904 0.009066164 0.02214515 0.9997137 0.01660698 -0.06412184 0.9978039 0.02100378 -0.01417875 0.9996789 -0.1701226 0.04149472 0.9845489 -0.2262115 -0.05653876 0.9724361 0.01221352 -0.08294266 0.9964795 4.07297e-4 -0.002653539 0.9999964 -0.02548873 -0.01275432 0.9995937 0.005104362 -0.006860554 0.9999635 0.004778385 -0.006770491 0.9999657 0.00405091 -0.005268931 0.999978 0.004072487 -0.005253672 0.999978 0.004766523 -0.006777167 0.9999657 4.13069e-4 -0.002645909 0.9999964 0.004062175 -0.005275607 0.9999779 4.33293e-4 -0.002654254 0.9999965 -0.02497196 -0.00859493 0.9996512 -0.02496707 -0.008596897 0.9996513 -0.05099856 -0.02545243 0.9983744 -0.0254817 -0.02652549 0.9993234 0.004038393 -0.005252301 0.9999781 0.002916455 -0.008130073 0.9999627 0.005084097 -0.006634533 0.9999651 0.005120515 -0.006847679 0.9999635 0.002898395 -0.008148729 0.9999626 6.55873e-4 -0.01024246 0.9999474 0.007640719 2.40696e-5 -0.9999709 0.003853678 1.29249e-5 -0.9999927 0.01526242 4.71324e-5 -0.9998836 -0.1198946 -0.1319478 -0.9839792 -1.87594e-7 0 -1 -0.1198992 -0.1319438 -0.9839792 1.89205e-6 0 -1 0.003835022 1.18476e-5 -0.9999927 0.003835022 1.24121e-5 -0.9999927 0.003835022 1.20656e-5 -0.9999927 0.007669985 2.47723e-5 -0.9999706 -7.57245e-4 0.001603901 0.9999985 -7.57239e-4 0.001603901 0.9999985 -7.57142e-4 0.00160396 0.9999985 -0.002334833 0.002135157 0.999995 -7.66798e-4 0.001624345 0.9999985 -0.002367496 0.002172589 0.9999949 -0.002640068 -0.002810597 0.9999926 -0.002615451 -0.002861678 0.9999926 -0.00238943 0.002134621 0.9999949 -0.001634478 -0.004943668 0.9999865 -0.00263822 -0.002834022 0.9999926 -0.00162357 -0.004984617 0.9999863 -2.7207e-4 -0.004967927 0.9999877 -2.72881e-4 -0.00497806 0.9999877 -0.001612305 -0.004919826 0.9999866 0.5543894 -0.01957106 -0.8320273 0.6662175 -0.05182796 -0.7439544 0.1972723 -0.03935819 -0.9795584 0.8576312 -0.04354405 -0.5124184 0.8571956 -0.01993381 -0.5146051 0.7731865 -0.03580033 -0.6331674 0.910967 -0.05048441 -0.4093783 0.8073821 -0.1085509 -0.5799577 -3.4028e-7 0 1 -9.41559e-7 0 1 -0.006061017 -4.36251e-4 0.9999815 -0.02552056 -0.01008731 0.9996235 -0.001053214 -0.009880781 0.9999507 0.07972085 0.02175217 0.9965799 0.008309781 -0.001954674 0.9999636 0.1246921 -0.006801307 0.9921722 0.07981759 0.02178364 0.9965715 0.3068739 -0.03620254 0.9510614 0.3711311 0.1268886 0.9198701 0.009745895 0.008975148 0.9999123 0.1135154 -0.09580689 0.9889062 0.3067976 -0.03636997 0.9510797 0.1136662 -0.09593838 0.9888761 0.416383 -0.3753397 0.8280975 0.1968887 -0.2366315 0.9514412 3.31689e-7 0 1 1.14949e-6 0 1 1.15469e-6 0 1 -4.65662e-7 0 1 -1.68611e-7 0 1 -0.004893243 0.009373664 0.9999442 0.09316009 0.1010145 0.9905136 0.140008 0.1518393 0.9784389 0.4421264 0.4493616 0.7762721 0.09332263 0.1011113 0.9904885 0.5051848 0.4896024 0.7106884 -0.128196 -0.9917473 0.001782178 -0.3073971 -0.950927 -0.03528392 -0.008674323 -0.9990673 -0.04230135 -0.1280921 -0.9917606 0.001893281 -0.00856316 -0.9990732 -0.04218596 0.1489612 -0.9876943 0.04765141 0.281717 -0.9588723 -0.03463411 0.3838562 -0.9231798 -0.01984369 0.4191486 -0.9028289 -0.09599334 0.4336574 -0.8978279 -0.07646328 -0.3140114 -0.9493167 0.01395457 -0.5701413 -0.7846949 -0.2432958 -0.5673393 -0.8234608 -0.006203651 -0.6465298 -0.7468642 -0.1555414 -0.5673832 -0.8234304 -0.006224095 -0.6240696 -0.7397696 -0.2515514 -0.7829023 -0.6219877 -0.01398479 -0.7829524 -0.6219251 -0.01395696 -0.6466287 -0.7467813 -0.1555282 -0.8606503 -0.5089726 0.01510518 -0.936143 -0.3247358 -0.134845 -0.9414541 -0.3337308 -0.04783296 -0.957556 -0.2407922 -0.1584481 -0.9460568 -0.2109517 -0.2459188 -0.9309439 -0.1896626 -0.3120443 -0.03114688 -0.002531468 0.9995117 -0.00410819 -0.001034379 0.9999911 -0.01557457 -0.001268029 0.9998779 -0.005575239 -0.01236104 0.9999081 -0.01644194 -0.01521182 0.9997491 -0.006200134 -0.0102688 0.9999281 -0.00343436 -0.006570935 0.9999725 -0.00411272 -0.00103867 0.9999911 -2.30527e-6 0 1 -0.01558387 -0.001266717 0.9998778 -0.004320204 -0.0064646 0.9999698 -0.004358649 -0.006449759 0.9999698 -0.006226837 -0.01027309 0.9999279 -0.005328297 -0.003391861 0.9999801 -0.004326283 -0.006449222 0.9999698 -0.005297541 -0.003372311 0.9999803 -0.9384524 -0.1167495 0.3250796 -0.9008824 0.1675156 0.4004368 -0.9978907 4.99426e-4 0.06491649 -0.3498737 -0.4064978 0.844007 -0.4778225 -0.3143323 0.8202933 -0.7241907 -0.09727102 0.6827051 -0.7241804 -0.09711229 0.6827386 -0.3616756 -0.1040434 0.9264804 -0.5746808 0.1194161 0.8096184 -0.6904152 0.1798938 0.7006891 -0.8312878 0.2532015 0.4948228 -0.6853067 0.1427928 0.7141184 -0.5025898 0.3463308 0.7921228 -0.6642275 0.2836315 0.6916322 -0.8620358 0.1698669 0.477535 -0.8106445 0.09976631 0.5769769 -0.7242449 -0.09716469 0.6826627 -0.009041011 -0.9945925 0.1034609 0.0626319 -0.9973146 -0.03795742 0.00314629 -0.9999942 -0.001401007 -0.001564383 -0.9999451 0.01037043 0.05310189 -0.9656063 0.2545284 -0.07320851 -0.9074185 0.4138023 0.1234452 -0.9862343 0.1100156 0.2037317 -0.906917 0.3687748 0.05311375 -0.9655566 0.2547146 0.2045516 -0.8213015 0.5325623 -0.02618306 -0.8426756 0.5377847 -0.004046022 -0.9998441 -0.01718795 -0.1729018 -0.840779 0.5130262 -0.3844249 -0.8011817 0.4586127 -0.1034977 -0.9881482 0.1133649 -0.103518 -0.9881594 0.1132475 -0.270815 -0.9306122 0.2462123 -0.254435 -0.9647882 -0.06668341 -0.1115981 -0.9889001 -0.09809529 -0.1116835 -0.9888834 -0.09816545 -0.4216576 -0.8853567 -0.1958273 -0.3769423 -0.8174784 -0.4354808 0.08301937 -0.996496 -0.01018613 -0.1033799 -0.9881776 0.113215 0.07468503 -0.9065048 -0.4155373 0.110293 -0.9875399 -0.1122518 0.01074045 -0.9930482 -0.1172183 0.1766243 -0.8373231 -0.5173914 0.3928951 -0.7922095 -0.4669448 0.1103995 -0.9875173 -0.1123461 0.1104007 -0.9875271 -0.112259 0.2763912 -0.927167 -0.2529214 0.2444947 -0.967523 0.06420081 0.1234812 -0.9862367 0.1099532 0.1235631 -0.986212 0.110082 0.4154297 -0.8880095 0.1971229 0.3734229 -0.8189558 0.4357371 0.08301764 -0.9964963 -0.01017266 -0.1115156 -0.9889124 -0.09806418 0.03439116 -0.9992591 0.01728099 -0.03423404 -0.9790249 -0.2008443 0.003312408 -0.9999942 -7.76623e-4 -0.04171723 -0.9983031 0.04062873 -0.06009191 -0.9970329 0.04810804 -0.2094719 -0.9038836 -0.3729826 -0.03425836 -0.9789897 -0.2010112 -0.2080964 -0.8197121 -0.5336368 0.02779638 -0.8427653 -0.5375632 -8.30936e-6 0 -1 1.47744e-6 0 -1 -5.48624e-7 0 -1 0.009979069 -0.002762794 -0.9999465 0.01001 -0.002770245 -0.9999461 -2.90601e-7 0 -1 0.001944065 -0.00358361 -0.9999917 -0.01403534 -0.00604391 -0.9998833 0.002624928 -2.71193e-4 -0.9999966 0.001935303 -0.003659844 -0.9999914 0.0019176 -0.003644585 -0.9999915 0.002591192 -2.65636e-4 -0.9999966 -1.20295e-4 -0.002591431 -0.9999967 -1.03802e-4 -0.002591609 -0.9999967 -0.03873676 -0.007246971 -0.9992232 -0.05188226 -0.005062758 -0.9986404 0.006258308 0.008514225 0.9999443 0.01079428 0.02561658 0.9996137 0.009724378 0.02740645 0.9995772 0.01120191 0.02444487 0.9996385 0.005301296 0.0115258 0.9999195 -0.006651103 -0.01434141 0.9998751 0.7666141 0.1210173 0.6306009 0.6286128 0.0306611 0.7771139 0.2068068 -0.001189768 0.9783812 0.2067132 -0.001189768 0.9784009 0.5768203 0.01496589 0.8167341 0.2027325 0.03590542 0.9785757 0.4175365 0.144496 0.8970978 0.1291918 0.4795233 0.8679671 0.6543474 0.346712 0.672027 0.1290823 0.4796786 0.8678976 0.3858907 0.7174617 0.5799458 0.08989018 0.9469298 0.3086161 -0.04833811 0.1345254 0.9897305 0.129117 0.4795647 0.8679555 -0.1391039 0.393526 0.9087286 -0.184782 0.5638008 0.8049748 0.05520743 0.166837 0.9844377 0.01412761 0.01682251 0.9997587 -0.04823511 0.1344383 0.9897474 0.4522852 0.1159527 0.8843038 0.01075571 0.1802714 0.9835581 0.3034301 0.2489155 0.919767 0.4523002 0.1158267 0.8843126 0.3769176 0.061549 0.9241996 -0.001542329 0.03478062 0.9993939 -0.2639146 0.07246476 0.9618201 -0.5320398 0.09865272 0.8409526 -0.7710371 0.05376958 0.6345161 -0.9185346 0.08546721 0.3859918 -0.5320519 0.0986827 0.8409416 -0.8172743 0.1832002 0.5463519 -0.4545716 0.7143341 0.5320634 -0.5350701 0.3795357 0.7547534 -0.9885441 -0.004250228 0.1508725 0.03320485 0.03826302 0.9987159 0.01651668 0.01906031 0.9996819 0.06917273 0.1921135 0.9789319 -0.001757502 -0.05824369 0.9983009 -8.77584e-7 0 1 0 0 1 0.001619577 0.005302846 0.9999847 0.006437122 0.02108186 0.9997571 0.003234267 0.01058816 0.9999388 -0.95784 -0.1823477 -0.2220178 -0.9604396 -0.03077799 -0.2767828 -0.9566106 -9.26975e-4 0.2913681 -0.9603975 -0.0307542 -0.2769311 -0.90556 -0.2192609 -0.363161 -0.7160482 -0.01240199 -0.6979408 -0.5916804 -0.2063836 -0.7793075 -0.715921 -0.01243561 -0.6980706 -0.4163148 -0.2278527 -0.8802075 -0.2571498 -0.008783817 -0.9663317 0.9251645 -0.1863569 -0.3306689 0.972098 -0.008849859 -0.2344084 0.8594806 0.04347288 -0.5093165 0.5415667 -0.8370462 -0.0778414 0.8288717 -0.4823849 -0.2833311 0.4595922 -0.8561367 -0.2362308 0.4595891 -0.8561394 -0.2362271 0.7517212 -0.6041276 -0.264472 0.8413378 -0.4731807 -0.2612485 0.7260613 -0.6414362 -0.2477793 0.8640125 -0.4253731 -0.2693327 0.8716941 -0.2491501 -0.4219877 0.870014 -0.4780153 -0.1207363 0.8717289 -0.2490964 -0.4219475 0.9049358 -0.343164 -0.2516541 0.9720848 -0.009018599 -0.2344567 2.02518e-4 1.94824e-4 1 -0.1783152 -0.1009083 0.9787856 -0.1707834 -0.02108752 0.985083 -0.3237897 -0.05006659 0.9448035 -0.0494408 0.07276839 0.9961227 0.01876449 -0.003283202 0.9998186 0.05047148 -9.68174e-4 0.9987251 -0.1444339 0.001386046 0.9895135 0.003350496 0.002263844 0.9999918 0.05048364 -9.66713e-4 0.9987245 0.01883888 -0.003300607 0.9998171 -0.1444988 0.00137484 0.989504 -0.2687464 -0.001291275 0.9632102 -0.5628544 0.2277222 0.7945675 -0.06485867 0.5362825 0.8415428 -0.533782 0.09234875 0.8405644 -0.5859746 0.06758171 0.8075064 -0.1765779 0.5062352 0.8441246 -0.1024056 0.3443549 0.9332379 -0.1022501 0.3444185 0.9332314 0.1325906 0.5949621 0.792742 0.3589985 0.5279816 0.7696465 0.2642315 0.5335811 0.8034134 0.6248752 -0.4556623 0.6339582 0.3802993 -0.749012 0.5425437 0.1497651 -0.3112422 0.9384556 -0.1995428 -0.2171378 0.955528 0.1496715 -0.3110742 0.9385262 0.2048172 -0.6362171 0.7438264 0.1556487 -0.7972139 0.5832869 -0.2416769 -0.2376945 0.9407942 -0.150721 -0.3372024 0.9292889 0.02393186 -0.1385139 0.9900713 0.002123415 -0.3597773 0.9330359 0.7673078 0.09812277 0.6337277 0.3762165 -0.1021258 0.9208863 0.5292938 -0.0759865 0.8450291 0.3000215 -0.03455674 0.9533063 0.3760395 -0.1021043 0.920961 0.05992233 -0.2298781 0.971373 0.2617759 -0.1055305 0.9593419 -0.2731171 -0.2871012 0.9181393 -0.6649633 -0.4074001 0.6259784 0.7673732 0.09809273 0.6336532 0.658125 -0.2282717 0.7174702 0.4662539 -0.1278359 0.8753658 0.3761019 -0.1022422 0.9209202 0.5641396 -0.4451732 0.6953902 0.1497801 -0.3112273 0.9384581 0.07815873 -0.8453498 0.5284648 -0.1154007 -0.7457112 0.6561993 -0.1076327 -0.9822671 0.153514 0.3348606 -0.7894882 0.5143703 0.2985138 -0.703777 0.6446608 0.09593778 -0.7407088 0.664941 0.09584438 -0.7406051 0.6650698 0.3649798 -0.509645 0.7791353 0.1647265 -0.2532352 0.9532771 -0.1467062 -0.3922773 0.9080727 -0.1825326 0.4660437 0.8657281 -0.002215743 0.744283 0.6678608 -0.008108615 0.7760236 0.6306518 0.001938819 0.3840683 0.9233028 -0.00220263 0.7443987 0.6677318 -0.01470589 0.8693634 0.4939545 0.006537973 0.953197 0.3022794 -0.004260957 0.9429673 0.3328583 0.4173138 -0.8546943 0.3087832 0.631436 -0.6031649 0.4873199 0.6251906 -0.7689222 0.1337738 0.6251427 -0.7689826 0.133651 0.6569035 -0.6358838 0.4051291 0.8700966 -0.4814155 0.1056943 0.813573 -0.4615108 0.3537043 0.9720214 -0.1134278 0.2056909 0.909794 -0.4149726 0.008532464 0.9986596 -0.04245096 0.02961581 0.9997028 0.001209735 0.02435457 0.9501147 0.06798595 0.3044012 0.7775241 0.06359374 0.6256296 0.9720192 -0.1134177 0.2057067 0.5910448 -0.1372949 0.7948687 0.5882083 -0.2386431 0.7726969 0.9720123 -0.1134926 0.2056981 0.6314711 -0.6031255 0.4873232 0.7121115 -0.7020189 0.008167207 0.4939981 -0.8657445 0.08032816 0.729843 -0.6836035 0.003926873 0.5455441 -0.7205124 0.4280696 0.5396456 -0.837246 0.08832883 0.9427276 -0.3277702 0.06189852 0.3064113 -0.9320574 0.1933421 0.004577815 0.9999889 -0.001080989 0.00724101 0.9999737 5.22933e-4 0.002126634 0.9999977 -4.21118e-4 0.007221221 0.9995203 0.03012174 4.3392e-4 0.9999336 0.01152563 -0.008295655 0.9999647 -0.001343011 -0.005026042 0.9999853 0.002063393 0.002120435 0.9999977 -4.26006e-4 0.004016637 0.9999713 0.006431102 0.002147674 0.9999976 -4.19676e-4 0.004020154 0.9999713 0.006432056 0.004590988 0.9999889 -0.00108093 0.003171265 0.9999599 0.008379876 0.007676541 0.9999174 0.01031029 0.001325488 0.9999895 -0.004404902 -0.00711441 0.9997972 -0.01884013 -0.001901507 0.9999973 -0.001379013 0.001333594 0.9999895 -0.004404544 0.001333236 0.9999895 -0.004404664 0.007672488 0.9999175 0.01030439 0.00721991 0.9999738 5.19659e-4 -0.001894295 0.9999973 -0.001379668 0.004547476 0.9999891 -0.001088857 -0.01079112 0.999933 -0.00418365 9.76229e-5 0.9999571 0.009267568 -0.002799034 0.9999681 0.007480204 9.32765e-4 0.999956 0.009345054 0.004189312 0.9999714 0.006308376 0.01039725 0.9999452 0.001254081 -0.004272103 0.9999478 -0.009285748 0.002240061 0.9997836 0.02068489 0.001123368 0.9999457 0.01037472 -0.5133759 0.07236486 -0.8551073 -0.1461758 -0.06578165 -0.9870692 -0.3728851 -0.00495696 -0.9278643 -0.146065 -0.0658918 -0.9870782 -0.1460674 -0.06589353 -0.9870777 -0.07481074 -0.1510121 -0.9856971 0.706964 0.7072496 0 0.8579679 0.5133843 0.0181055 0.7069651 0.7072485 0 0.3826671 0.9238863 1.83599e-5 0.9988115 -0.04866397 -0.00274223 0.9435418 0.3312393 -0.003062665 0.9916148 0.1247832 0.03360605 0.9916032 0.1248406 0.03373271 0.8453729 0.5315079 -0.05332982 0.7369799 0.6755264 -0.02290761 -0.9346251 0.3517199 0.05262225 -0.6349196 0.7718909 0.0325827 -0.8091412 0.5865547 -0.03527456 -0.634834 0.7719674 0.03243613 -0.4050483 0.9086602 0.1013534 -0.146108 0.9892413 0.00736612 0.5319459 -0.8467783 0 0.5262504 -0.8502885 -0.008372426 0.5262398 -0.8502949 -0.008384943 0.5203086 -0.8538149 -0.01671141 0.8537867 0.5204975 -0.01143974 0.9995782 0.02266114 0.01816427 0.9568979 0.2801837 -0.07644295 0.9995841 0.02248078 0.0180608 0.9561331 -0.2726219 0.1071774 0.8458093 -0.5323993 0.03402423 0.5084449 0.06682378 0.8584977 0.1505349 -0.06045514 0.9867545 0.3752124 -4.10266e-5 0.926939 0.1505271 -0.06048291 0.986754 0.1505233 -0.06047993 0.9867548 0.09571725 -0.1263456 0.9873576 -0.6070269 0.7940414 -0.03188574 -0.6941128 0.7195612 0.02095746 -0.4955481 0.8616458 0.1095399 -0.4955589 0.8616355 0.1095709 -0.6941322 0.7195408 0.02101171 -0.6569826 0.6698842 0.3458746 -0.0393477 0.9909919 0.1280114 -0.05188798 0.9984906 -0.01800376 0.001180112 0.9854096 0.1701959 0.0729441 0.9824048 0.1719301 -0.05172681 0.9984992 -0.0179907 0.1556584 0.987593 -0.02075135 0.1015761 0.9778824 0.1828348 -0.04935693 0.9987783 -0.002443313 -0.4616076 0.8870756 -0.003924548 -0.378764 0.9230535 -0.06715869 -0.4617286 0.8870123 -0.004000902 -0.3789196 0.9229884 -0.0671761 -0.6069151 0.7941246 -0.03194218 -0.9966049 -0.07596778 0.03174525 -0.8120797 -0.5822038 0.03956431 -0.9435619 -0.3217908 0.07836842 -0.8119968 -0.5823144 0.03963828 -0.6306406 -0.7760057 -0.01037353 -0.4301496 -0.9024335 0.02418798 -0.4480642 0.8939038 -0.01321846 0.1175103 0.9924131 0.03616052 -0.2926983 0.9552636 -0.04241567 0.2778307 0.96062 0.004409372 0.1453562 -0.005344092 0.9893649 -0.002008914 -0.1213054 0.9926132 -0.002015888 -0.1211408 0.9926333 -0.003996551 -0.2407972 0.9705672 0.9920333 -0.09145474 -0.08663755 0.9755576 0.2128226 -0.05471652 0.9998964 -0.01192408 0.008067309 0.9299029 0.3660643 -0.03574275 0.8879054 0.08846908 0.4514393 0.8482385 0.1816951 0.4974719 0.7504028 -0.07971417 0.6561565 0.8739789 -0.09533351 0.4765211 0.8483144 0.1816575 0.4973565 0.9161906 0.1504251 0.3714393 0.491811 -0.4512607 0.744638 0.7571734 -0.5555875 0.3435274 0.7503695 -0.07988625 0.6561737 0.8739934 -0.09545916 0.4764695 0.7572481 -0.5555372 0.3434444 0.9319872 -0.2026762 0.3005368 0.8879824 0.08837753 0.4513057 0.5903388 0.8055012 0.05165517 0.9056243 0.423121 0.02851998 0.7707945 0.6370157 -0.009333968 0.9056819 0.4230034 0.02843719 0.9056857 0.4229941 0.02845358 0.9728748 0.1948971 -0.1246187 -0.008115112 -0.01896303 0.9997873 0.06822377 -0.07278561 0.9950115 -0.008349716 -0.01901149 0.9997845 0.1135129 -0.09583956 0.9889032 0.001129329 -0.999229 0.0392459 -4.87315e-6 -0.9998061 0.0196942 -7.76781e-7 -0.999805 0.01975023 -0.001135289 -0.9999994 2.98895e-5 -0.3926545 -0.9171193 0.06866365 -0.1520863 -0.9882075 0.01777029 -0.3646103 -0.9263517 0.09450888 -0.01983124 -0.9997565 -0.009684085 0.8457238 -0.5325298 0.03410851 0.469451 -0.8811921 0.05582457 0.6943071 -0.7191295 -0.02811622 0.4693366 -0.8812624 0.05567514 0.2106705 -0.973928 0.08415722 -0.1519826 -0.9882246 0.01770591 0.8286142 0.5597785 0.006838083 0.9992765 -0.02639538 0.0273813 0.9612889 0.2718809 -0.04477244 0.9992755 -0.02653187 0.02728646 0.9420752 -0.3082853 0.1321159 0.804517 -0.5875434 0.08686232 -0.9775879 0.2105276 0 -0.9749073 0.222185 -0.01377248 -0.9749225 0.2221233 -0.01369643 -0.9719574 0.2335458 -0.02748441 0.8604887 -0.5067681 0.05239796 0.4453846 -0.8936066 0.05567693 0.6518206 -0.6690826 0.3570131 0.445271 -0.8936723 0.05553144 0.4452691 -0.8936731 0.05553412 0.1965462 -0.9720909 -0.1280977 -0.9228461 0.3660959 -0.119704 -0.9252364 0.1997421 0.3225537 -0.960622 0.2777714 0.006970763 -0.9606611 0.2776364 0.006956696 -0.9653941 0.1436052 0.217696 -0.9090954 0.1730569 0.3789421 0.3726702 0.06114363 0.9259473 0.5388069 -0.1107646 0.8351157 0.751461 3.48116e-4 0.6597774 0.7873708 -0.1582002 0.5958355 0.6354547 -0.3465091 0.690021 0.7873467 -0.1583068 0.5958392 0.443181 -0.4377289 0.7822942 0.440644 -0.3045472 0.8444431 -0.82798 -0.5491462 0.113524 -0.7891491 -0.5895245 0.172351 -0.7891505 -0.5895218 0.1723536 -0.7891194 -0.5895522 0.1723917 -0.7891197 -0.5895516 0.172392 -0.7450085 -0.626105 0.2301194 -0.8637331 -0.5009088 0.05527764 -0.995611 0.09056937 -0.02358341 -0.9389196 -0.344136 7.06397e-4 -0.9955946 0.09071928 -0.02369296 -0.9955954 0.0907073 -0.02370834 -0.9075055 0.3444866 -0.2403391 -0.0171523 -0.3884385 -0.921315 0.1964684 0.01046341 -0.9804545 -0.1727014 -0.1091876 -0.9789037 -0.2942962 -0.06634932 -0.9534084 0.5061668 -0.03273767 0.8618141 0.9005866 -0.02455973 0.4339823 0.7301405 0.03118884 0.682585 0.9006491 -0.02448022 0.4338573 0.9006485 -0.02447861 0.4338583 0.9728675 0.1435148 0.1814727 0.5102932 -0.8592486 0.03595274 0.8903864 -0.4491907 0.07375574 0.7317046 -0.6729804 0.108193 0.8904578 -0.4490375 0.07382649 0.9333399 -0.3001119 0.1970012 0.9927905 0.1168579 0.02667444 -0.9615886 0.2741985 -0.01274836 -0.879923 0.2724518 -0.3892372 -0.9665643 -0.07267928 -0.2459092 -0.8724049 -0.02907937 -0.487918 -0.6956999 0.02554219 -0.7178784 -0.4544612 -0.02241981 -0.8904843 -0.8529335 -0.4925103 -0.1730265 -0.8986669 -0.2427471 0.3653382 -0.9749024 -0.03106606 0.220455 -0.9903405 0.1286325 0.05176359 -0.9748989 -0.03091663 0.2204916 -0.7240977 0.3728476 0.5802303 -0.8945809 -0.4429929 0.05901139 -0.9918879 0.1270533 -0.003994286 -0.9843249 -0.1738592 -0.02962338 -0.9918692 0.1271951 -0.004136443 -0.9918697 0.1271901 -0.004142999 -0.906691 0.376892 -0.1893772 0.03433042 -0.9994074 -0.002563893 -0.4970015 -0.8671487 0.03229039 -0.1353016 -0.9831085 0.1232526 -0.4971793 -0.8670493 0.03222531 -0.7281479 -0.6792209 0.09197616 -0.8945157 -0.4431434 0.05887019 -0.6857739 0.7278134 -0.001379191 -0.6054521 0.7956857 0.01766908 -0.605477 0.7956671 0.01765292 -0.5182979 0.8544213 0.03649151 -0.3769764 0.9039818 -0.2017573 -0.8406522 0.5409873 -0.02523046 -0.6947083 0.7184583 0.03461456 -0.8407341 0.5408639 -0.02515053 -0.9596441 0.2766593 -0.05042695 -0.9998556 -0.005871295 0.01594853 -0.4419096 0.8926457 0.08887928 -0.4044772 0.9134683 0.04443007 -0.4045356 0.9134397 0.04448562 -0.3654063 0.9308481 0 0.7098616 0.7042218 0.01297122 0.7086713 0.7053776 0.01508176 0.7086711 0.7053778 0.01508158 0.7086384 0.7054094 0.01513946 0.7086387 0.7054091 0.01513981 0.7072712 0.7067292 0.01736199 -0.7238081 -0.6897885 0.01713722 -0.4871199 -0.87229 -0.04271394 -0.6360214 -0.7715865 0.01144981 -0.4405937 -0.8977066 0 0.999994 0 -0.003482699 0.9800606 -0.0182535 0.1978586 0.9993759 -0.03528022 -0.001738727 0.9993754 -0.03529703 -0.001735925 0.980066 -0.01828992 0.1978285 0.9975229 -0.07034265 0 0.9307647 0.3421631 0.1288475 0.9137523 0.1405861 0.381172 0.9733678 -0.003954529 0.2292151 0.9828892 -0.1717163 0.06665176 0.9733512 -0.004078567 0.2292834 0.6936267 -0.5002132 0.5183327 0.8395106 0.5316714 0.112016 0.9747131 0.2194885 0.04194307 0.9072661 0.4205147 0.005970895 0.9988984 0.0467993 0.003445625 -0.6361568 -0.7714738 0.01152014 -0.9446277 -0.3269442 -0.02803921 -0.8472793 -0.5287944 -0.04994487 -0.9446663 -0.3268224 -0.0281561 -0.9971104 -0.0750038 0.01206147 -0.9878801 0.1485785 -0.04491668 0.2819517 -0.023808 0.9591333 0.5749837 -0.03940314 0.8172155 0.03560835 -0.003979504 0.9993579 -0.09646666 0.006716966 0.9953136 -0.2528911 0.9673433 0.01711785 -0.2460644 0.969216 0.008527994 -0.2461216 0.9692007 0.008601009 -0.239268 0.9709537 0 -0.2144454 0.9470958 -0.2387945 -0.2672065 0.9595461 -0.08872413 -0.2671875 0.9595519 -0.08871895 -0.4266555 0.9009863 0.07867014 -0.2672715 0.9595447 -0.08854365 -0.3131664 0.947546 0.06390243 -0.9682949 0.2497658 0.004701137 -0.9799456 -0.0471121 0.1936162 -0.9871056 0.1598532 0.008350431 -0.9997114 -0.01859331 0.01521706 -0.2528347 0.9509118 0.1784417 -0.2060303 0.850605 0.4837591 -0.558337 0.7860966 0.265164 -0.5583782 0.7860767 0.2651363 -0.326574 0.817662 0.474108 -0.4215238 0.5927805 0.6862427 0.5068705 0.002310335 -0.8620191 0.079131 0.001226007 -0.9968635 0.3172791 0.01023417 -0.9482771 0.07894265 0.001255035 -0.9968785 -0.21941 0.008034467 -0.9755997 -0.4484418 0.0233286 -0.8935075 0.6520869 0.01495897 -0.7579967 0.8265939 -0.0531221 -0.5602862 0.6692824 0.007317543 -0.7429721 0.9024192 -0.005019545 -0.4308301 -0.1925359 -0.9595183 0.205559 -0.3266256 -0.8120577 0.4836094 -0.3568399 -0.9216474 0.1524181 -0.5371755 -0.8425993 -0.03832614 0.4918025 -0.02016365 0.8704734 0.5461981 -0.009487807 0.8376023 0.5462211 -0.009481191 0.8375875 0.5985233 0.00127387 0.8011046 0.8189007 0 0.5739355 0.8188995 0 0.5739369 0.1901493 0.8411856 0.5062114 0.07504874 0.4841573 0.8717566 -0.4226232 0.5469504 0.7226583 -0.4924381 0.3361337 0.8028194 -0.2676751 0.531389 0.8037262 -0.4283854 -0.01423084 0.9034842 0.08249688 -0.4991161 0.8625993 -0.03316891 -0.4523377 0.8912298 0.09828883 -0.3533169 0.9303261 0.3448981 -0.362452 0.865837 -0.03311288 -0.4523187 0.8912415 -0.2529276 -0.2670076 0.9299111 0.05388873 -0.9976959 -0.04121756 0.5724136 -0.8197715 -0.01782119 0.3161883 -0.9482347 0.02959656 0.5725202 -0.8196986 -0.01774418 0.5725124 -0.8197044 -0.01772922 0.7419854 -0.6518288 0.1567698 -0.7270441 -0.5592237 0.3983415 -0.6468721 -0.6066733 0.4620651 -0.6489815 -0.6884596 0.3238002 -0.6489892 -0.6883606 0.3239949 -0.6588496 -0.4133507 0.6285368 -0.5883298 -0.7289354 0.3500304 0.4108235 0.01177132 -0.911639 0.8923072 -0.00711596 -0.4513729 0.757013 -0.007400274 -0.6533579 0.89239 -0.007144272 -0.4512088 0.9745392 0.003761887 -0.2241855 0.9996861 -0.001286685 0.02502167 0.9996817 -0.00124073 0.02520209 0.9673117 0.02415049 0.2524382 0.9996815 -0.001280069 0.0252065 0.5073531 -0.04206889 0.8607109 0.2338578 -0.01325392 0.9721806 0.23386 -0.01322621 0.9721804 0.3703351 -0.1024891 -0.923227 0.05969047 -0.02464914 -0.9979127 0.2573769 0.08547359 -0.9625235 0.2573035 0.08560991 -0.962531 -0.9821949 0.09999752 -0.1590401 -0.9988633 -0.02401536 -0.04117447 -0.9625663 -0.0690959 -0.2620912 -0.9625241 -0.06927198 -0.2622002 -0.9625278 -0.06928187 -0.2621839 -0.9047962 -0.2354282 -0.3548487 -0.4107612 0.008992314 0.9116986 -0.8914398 -0.01056456 0.4530161 -0.7562128 -0.01036953 0.6542435 -0.8915232 -0.01058655 0.4528514 -0.9742647 -4.26826e-4 0.2254068 -0.9997134 -0.005626022 -0.02327078 -1 0 0 -0.9795321 -0.201034 -0.01010769 -0.9795607 -0.2008956 -0.01009023 -0.9723462 -0.103196 0.209508 0.505263 0.4897008 0.7105649 0.6437671 0.6449473 0.4118337 0.561227 0.5500743 0.6184195 0.6422958 0.6398422 0.4219694 0.9455448 -0.3248757 -0.02002 0.7784561 -0.627408 -0.01911866 0.8721462 -0.4847138 -0.06643497 0.643985 -0.750058 -0.1506531 0.2506526 0.9680771 -2.42591e-5 0.2506526 0.9680771 -5.1583e-6 0.3795478 0.9251722 1.81314e-5 0.8378511 0.5449111 -0.03282457 0.9867185 0.1551782 -0.04802495 0.9414901 0.3279433 -0.07777953 0.9867414 0.1550117 -0.04809176 0.9978051 -0.06571352 0.008174657 0.8722115 -0.4845896 -0.06648439 0.995894 -0.003289341 0.09046792 0.8448335 1.94195e-4 -0.5350294 0.9566481 0.004361271 -0.2912139 0.8447359 2.11801e-4 -0.5351834 0.6922649 -0.009120464 -0.7215859 0.5100128 -0.004868924 -0.8601531 0.07198131 0.9856781 0.1525039 -0.8100691 -0.5862931 -0.006970405 -0.9017003 -0.4323359 -0.004742681 -0.9786811 -0.2040421 -0.02345627 -0.9787145 -0.203887 -0.02341067 -0.9787147 -0.203886 -0.02341455 -0.9948773 -0.1010906 0 0.6912451 0.1109573 0.714051 0.6895626 0.1695771 0.7040931 0.8231012 0.08698302 0.5611938 0.877143 0.1428945 0.4584773 0.6895622 0.1696178 0.7040837 0.6919585 0.1147937 0.7127524 0.9639399 0.2575327 0.06705832 0.999884 0.002764642 0.01498085 0.9834397 0.17275 0.05480712 0.9995328 0.00554955 0.0300582 -0.7106323 0.7035636 0 -0.7106317 0.7035643 0 -0.8645137 0.5026094 -1.19939e-5 -0.9679176 0.251268 2.41156e-5 0.7998012 -0.5983183 -0.04830449 0.9164751 -0.2548176 -0.3084504 0.9659535 -0.2507995 0.0635094 0.8278715 -0.5493242 -0.1134538 0.9113176 -0.3406338 -0.2312334 0.8840323 -0.3765991 -0.2768757 -0.1214203 -0.9926012 0 -0.1214204 -0.9926013 0 -0.12142 0.9926013 0 -0.1214207 0.9926012 0 0.6955152 -0.6874275 0.2090506 0.5444309 -0.8377305 0.04245841 0.5444179 -0.8377379 0.0424785 0.544294 -0.8378266 0.04231864 0.2990933 -0.9499805 0.08989101 0.06052023 -0.9980009 0.01820886 0.7642353 0.6139258 0.1975848 0.8893283 0.4567389 0.0220201 0.843988 0.4258749 0.3260596 0.8893941 0.4566181 0.02186876 0.8894006 0.4566046 0.02188485 0.9511556 0.2668588 -0.1552083 0.944006 0.1195846 0.3074936 0.9852921 0.1706634 -0.008578002 0.9852921 0.1706629 -0.00858736 0.9853178 0.1705161 -0.008561432 0.9853178 0.1705163 -0.008557498 -0.2686173 -0.8526371 0.4481683 -0.2508249 -0.9488912 0.1915528 -0.5045676 -0.6712013 0.5430474 -0.3865835 -0.7591661 0.5236603 -0.1953651 -0.97331 0.1204171 -0.6580024 -0.7197253 0.2214238 0.9987645 -0.002293884 -0.0496422 0.953526 0.003263413 0.3012934 0.9958813 -0.003329694 0.09060621 0.9355499 -0.005018353 0.3531591 -0.98708 0.1600093 0.008375525 -0.695146 0.7188423 -0.006150901 -0.764349 0.6265136 0.1524846 -0.3624868 0.9319765 -0.004819929 0.7156589 -0.6972171 -0.04148238 0.9014779 -0.3550098 0.2476001 0.8964553 -0.4250425 0.1253273 0.8982209 -0.1748232 0.4032818 -0.9876797 0.153539 0.03024429 -0.9187242 -0.3911923 -0.0539869 -0.9514483 -0.3005005 0.06667602 -0.8649067 -0.5019317 0.001131296 -0.9186682 -0.3913331 -0.0539183 -0.7317482 -0.6757982 0.08855181 -0.7213503 -0.6846588 0.104384 -0.1558214 0.6994112 -0.6975269 -0.2323588 0.4055681 -0.8840384 -0.08641886 0.4797801 -0.8731226 -0.2026018 0.4918946 -0.846754 -4.66375e-4 0.2669107 -0.9637212 -0.0424211 0.3299691 -0.9430381 -0.05666536 0.1056646 -0.9927861 -0.1584815 0.2886977 -0.9442126 -0.1088867 0.6353126 -0.7645401 -0.04240226 0.3301314 -0.9429821 7.20385e-4 0.7760216 -0.6307061 -0.01118183 0.4735153 -0.8807146 -0.1792468 0.4183542 -0.8904215 -0.3207014 0.7426866 -0.5878497 -0.2071068 0.9487631 -0.2386533 -0.06723809 0.8629611 -0.5007769 -0.1717411 0.9334883 -0.3148091 -0.2070484 0.948816 -0.2384938 0.06092625 0.4831729 0.8734026 -0.3179313 0.6895239 0.6507508 -0.1730381 0.3765732 0.9100827 -0.3180463 0.6895832 0.6506318 -0.318054 0.6895745 0.6506372 -0.3825001 0.8760502 0.2936494 -0.1744815 -0.8979936 -0.4039352 -0.114461 -0.6364031 -0.762817 -0.261349 -0.4987469 -0.8264068 -0.1878087 -0.3651564 -0.9118053 -0.1144714 -0.6362766 -0.762921 -0.04797953 -0.1442587 -0.9883762 0.7489334 -0.5470286 0.3739767 0.5755328 -0.1826274 0.7971257 0.9602014 -0.1733939 0.2189702 0.6233785 -0.239978 0.744184 0.4737441 -0.2127748 0.8545721 0.2646819 -0.1328389 0.9551426 -0.1746016 -0.8979905 -0.4038903 -0.4086271 -0.5793203 -0.7052744 -0.2490383 -0.9004467 -0.356617 -0.4803679 -0.5545215 -0.679524 -0.005338788 -0.9999493 -0.008532881 -0.115405 -0.9602862 -0.2540322 -0.006985425 -0.9998798 -0.01383805 -0.2490016 -0.9004868 -0.3565413 0.04664963 0.009002387 0.9988708 0.02320456 0.004476547 0.9997208 0.02318072 0.004470348 0.9997214 -6.61076e-6 0 1 0.0675739 0.1134484 0.9912433 -0.0130012 0.006119251 0.9998968 0.1662264 -0.05351209 0.9846346 -0.00295633 -0.1255997 0.9920766 -0.1244233 0.1252229 0.9842957 -0.1699499 -0.0293169 0.9850165 -0.9346675 0.3516232 0.05251461 -0.982109 -0.1836121 -0.04181718 -0.9930763 -0.08536523 0.08069956 -0.9547823 -0.2971119 0.01075035 -0.9820796 -0.1837922 -0.04171538 -0.8688316 -0.4862947 0.09300136 -0.8603694 -0.4977832 0.1094369 -0.9777867 0.2094843 0.007040679 -0.9871326 6.99631e-4 0.1599026 -0.9978974 5.00702e-4 0.06481319 -0.9871326 1.20775e-7 0.1599041 -0.9723593 -0.1031011 0.2094935 7.6352e-4 0.004312574 0.9999904 -0.009445488 0.00548011 0.9999404 -0.02244794 0.007412433 0.9997206 -0.08290338 5.26266e-4 0.9965575 -0.03341686 0.003003895 0.999437 -0.02580881 6.25368e-4 0.9996667 -3.43781e-4 -3.37329e-5 1 -0.4723709 0.8733533 0.1188267 -0.3224391 0.9396342 -0.1145456 -0.2544533 0.9001953 -0.3534151 -0.2542825 0.900195 -0.3535386 -0.0277574 0.9296618 -0.3673669 0.2280501 0.8638483 -0.4491761 0.4823032 0.8690135 -0.1104498 0.3297234 0.9358683 0.1242297 0.2613579 0.8949593 0.3615798 0.2612277 0.8949444 0.3617106 0.03462815 0.9253488 0.377532 -0.2249373 0.8589068 0.4600895 0.06337434 0.1894393 0.9798451 -0.002327561 -0.009496927 0.9999522 0.1426498 3.99531e-4 0.9897732 0.03587746 -0.1839941 0.9822723 -0.1222982 0.08069682 0.9892074 -0.1311455 -0.1324464 0.9824759 0.1241897 -0.1254653 0.9842944 0.003971815 -0.01668417 0.999853 -0.02993637 -0.1733564 0.9844042 -0.1272156 -0.006573319 0.9918534 0.1083253 0.06349354 0.9920859 -0.05582892 0.1598693 0.9855582 -0.02619153 -0.9893091 -0.1434624 -0.01375448 -0.9994946 0.02866029 -0.1811122 -0.9825603 -0.04211515 -0.08420777 -0.9873074 0.1346603 0.1297734 -0.9915437 -1.98544e-4 0.09398865 -0.9767821 0.1925173 -5.15823e-4 -0.454091 -0.8909552 0.6516968 -0.03282129 -0.7577692 0.7010056 -0.08955514 -0.7075104 0.7009984 -0.08954733 -0.7075186 0.7446566 -0.1456199 -0.6513689 -0.97561 0.2176465 -0.02855211 -0.9988096 -0.042203 0.02446192 -0.9736977 -0.2083815 0.09214127 -0.9736617 -0.208531 0.09218394 -0.9131865 -0.4072953 0.01418131 -0.7633141 -0.646015 -0.00403577 -0.9990475 -0.02963441 0.03203046 -0.9823647 -0.1865413 -0.01272428 -0.9640766 0.07882344 0.2536594 -0.9441663 -0.3091158 0.1140062 -0.9640257 0.07885766 0.2538423 -0.8474498 -0.1951599 0.4937018 -0.6886991 0.03927475 0.7239828 0.1455443 -0.005356788 0.9893373 0.1455451 -0.005349755 0.9893372 0.1455457 -0.00535494 0.989337 0.1453562 -0.005344927 0.9893649 0.1453564 -0.005340576 0.9893649 0.7001724 -0.7132301 0.03258198 0.6519131 -0.7107397 0.2643075 0.575949 -0.8174847 -0.00134176 0.3268107 -0.9345121 0.1410033 0.5758013 -0.8175886 -0.001405596 0.2143315 -0.9728339 0.08750003 0.1663544 -0.9849607 -0.04667657 -0.00419408 -0.9999426 -0.009872615 -0.1188324 -0.9714232 0.2054652 -0.2529376 -0.9673848 -0.01376605 -0.4349597 -0.8872358 0.1536969 -0.691874 -0.7217427 -0.01995092 -0.3425122 -0.7690996 0.539603 -0.1187844 -0.9713932 0.2056345 -0.07834577 -0.6681089 0.7399274 -0.04796463 -0.7664186 0.6405482 -0.1187807 -0.971395 0.2056285 0.1580944 -0.9213188 0.3552153 -0.03288751 -0.3123095 0.949411 0.178839 -0.695978 0.695436 0.1379055 -0.2396676 0.9610107 0.01526731 0.006006598 0.9998654 0.01760274 -0.002337276 0.9998424 0.01173621 -0.001529753 0.99993 0.006563425 -0.003524661 0.9999724 -7.98655e-7 0 1 -1.20916e-6 0 1 -3.09522e-6 0 1 0.002217352 9.10132e-4 0.9999971 0.01523154 -0.006110131 0.9998654 0.0152328 -0.006239652 0.9998645 0.008102238 -8.78375e-4 0.9999668 0.002061903 9.27026e-4 0.9999975 -0.003235638 0.004996061 0.9999823 -2.4293e-6 0 1 -0.5016849 0.3310023 -0.7992182 -0.3449078 0.5265918 -0.777007 -0.5139925 0.7310353 -0.4487752 -0.6254141 0.7429599 -0.2384699 -0.4206535 0.6037695 -0.677136 -0.3797919 0.7894363 -0.4822328 -0.3344737 0.9110953 -0.2409001 0.9989854 0.004701554 0.04479181 0.9025073 -0.004991829 -0.4306458 0.947666 -0.2031038 -0.2463292 0.849817 -0.1653541 -0.5004689 0.9020782 -0.3583393 -0.2405163 0.8018402 -0.4504143 -0.3926569 0.8289029 -0.4823613 -0.28328 -0.1230006 0.117913 0.9853768 -0.02272862 0.03318631 0.9991908 0.03233629 0.1627207 0.9861422 0.03243023 0.1627154 0.98614 0.1392858 0.02602535 0.9899102 -0.1655691 -0.03430861 0.9856013 0.005304515 -0.1092939 0.9939954 0.4262614 -0.9038951 -0.03570699 0.4979161 -0.8670396 -0.01794695 0.4979228 -0.8670359 -0.01793915 0.5664528 -0.8240942 0 -0.01292747 0.9055704 0.4239993 -0.0601921 0.9354955 0.3481741 0.1701722 0.965054 0.1992792 0.01082485 0.9416331 0.336467 -0.01079154 0.999933 -0.004183292 0.00572896 0.9999822 -0.001656115 -0.00660938 0.9999782 -3.41121e-4 -0.006451249 0.9999485 -0.007851064 -0.001749277 0.999998 0.001055061 0.005358695 0.9999531 0.008071959 -0.001228094 0.9999468 0.01024007 0.002213776 0.9999225 0.01225972 0.01033014 0.9999462 9.31597e-4 0.005602002 0.9999541 0.007786631 0.003242909 0.999987 0.003936827 0.002162098 0.9999926 0.003218412 -0.009441971 0.9999554 -1.93225e-4 -0.01388001 0.9999033 -9.90556e-4 -0.004877984 0.9999649 -0.006829023 -0.001099467 0.9999535 -0.009587109 0.005447268 0.9999852 2.1042e-4 0.008913695 0.9998402 -0.01549839 -0.005605399 0.9999843 1.40436e-4 -0.005114138 0.9998151 -0.0185402 -2.10187e-4 0.9999998 -5.37421e-4 -0.009309589 0.9998314 0.0158258 -0.002994596 0.9999773 0.006038188 -0.01772701 0.9998361 0.003684699 0.6616436 -0.6553913 -0.3642663 0.8289153 -0.4823001 -0.2833482 0.5254009 -0.6753245 -0.5175817 0.864998 -0.3286554 -0.3791624 0.8289512 -0.4822248 -0.2833713 0.8498203 -0.1654371 -0.5004361 -0.8825882 -0.4661332 -0.06130135 -0.8369731 -0.546173 -0.03422045 -0.779658 -0.6261395 0.00910604 -0.7157391 -0.6969543 0.04441112 -0.7795529 -0.6262692 0.009175419 -0.5146571 -0.8573945 -0.00171411 -0.344271 -0.9388698 0.001048862 -0.6924768 0.5590276 0.4560307 -0.5561109 0.5461298 0.6264846 -0.4925064 0.3363027 0.8027068 -0.277911 0.6805015 0.6779995 0.460992 0.8654264 0.1962742 0.2210434 0.9709245 0.09189963 0.1105555 0.9935085 0.02680569 0.03907561 0.9983196 0.0427913 0.2208751 0.970965 0.09187573 -0.2982299 0.952486 0.06188237 -0.9267719 0.06072938 0.3706829 -0.8640544 0.2163652 0.4545285 -0.8817007 -0.09746491 0.4616324 -0.950328 -0.1380327 0.2789689 -0.8311569 -0.4706219 0.2961305 -0.91597 -0.20098 0.3472836 -0.9237194 0.1910446 0.3320309 -0.9886656 0.1394358 0.0556609 -0.7829996 0.6064276 0.1384096 0.09246689 -0.008208274 0.995682 5.22318e-4 -0.1730043 0.9849209 0.2040769 -0.1009115 0.97374 0.2002838 -0.2920052 0.935211 -0.006864666 0.03485369 0.9993689 -0.1508803 -0.2227087 0.9631387 -0.2163563 -0.3001759 0.9290233 -0.1436335 -0.1600365 0.9766052 0.0181657 -0.3156737 0.9486939 5.79521e-4 -0.1731218 0.9849004 0.1116964 -0.513431 0.8508306 0.237928 -0.4926083 0.8370947 -0.123988 -0.1224367 0.9847012 -0.02176588 -0.0354247 0.9991353 -0.171441 0.03560519 0.9845508 0.002224564 0.1061723 0.9943454 0.04184526 -0.1684038 0.9848296 0.1438683 -0.02496594 0.9892819 0.767839 -0.3077295 0.561895 0.694497 -0.5574954 0.4548328 0.5704452 -0.4172811 0.7074382 0.7379094 -0.432111 0.5184301 0.7166162 -0.6250177 0.3095389 0.4073464 -0.7264862 0.5534318 0.03942316 -0.999111 0.01493722 0.005571663 -0.9999816 -0.002439141 0.005572497 -0.9999815 -0.00244075 0.005563378 -0.9999816 -0.002445399 0.005562901 -0.9999817 -0.002444386 -0.02801412 -0.9994147 -0.01963317 -0.4832456 0.3284611 0.8115337 -0.3979632 0.627624 0.6691139 -0.6483176 0.2541562 0.717697 -0.6471281 0.1974025 0.7363814 -0.4515702 0.4023191 0.7963817 -0.7183118 0.3117776 0.621951 -0.5587204 0.4494041 0.697042 -0.2914755 0.2022503 0.9349529 -0.6480829 0.0712791 0.7582268 -0.2608944 0.1414067 0.9549546 -0.003889679 0.06706845 0.9977408 -0.3260162 0.3424614 0.8811547 -0.3501896 0.734823 0.5808636 0.9767695 -0.1949291 0.08901834 0.6706685 -0.6506279 0.3562123 0.7401361 -0.281677 0.6106199 0.8159384 -0.1683055 0.5530985 0.7863019 -0.4561063 0.416769 0.6479528 -0.3403667 0.6814013 0.8916643 0.02465635 0.4520255 0.891677 0.02465164 0.4520006 0.704334 -0.2383244 0.6686667 0.7339959 -0.001140475 0.679153 -0.005427062 -0.001979827 -0.9999833 0.01595538 -0.001314997 -0.9998719 0.0239672 -0.001974344 -0.9997109 0.0590626 0 -0.9982544 -0.4991374 -0.8664543 0.01090401 -0.9136762 -0.40628 -0.01151812 -0.6919781 -0.7216852 -0.01835107 -0.6919849 -0.7216776 -0.01839512 0.8345378 -0.3827316 0.3963122 0.922348 -0.3601661 0.1398383 -0.9224085 0 -0.3862159 -0.9240821 -0.002277016 -0.3821877 -0.9542717 0.03691136 -0.2966532 -0.990039 0.009767055 -0.1404543 -0.9997124 0.01675987 -0.01716095 -0.2678185 0.009665668 0.963421 -0.2758937 -9.67098e-4 0.9611877 -0.2758796 -9.47603e-4 0.9611918 -0.2839607 -0.01157432 0.9587661 0.4801595 0.8692465 -0.1177176 0.3283209 0.9369822 0.1194561 0.2613582 0.8949458 0.3616131 0.2612237 0.8949432 0.3617168 0.03462255 0.9253454 0.3775412 -0.224967 0.8589173 0.4600556 0.3797208 0.9251013 1.82131e-5 0.4108083 0.9114632 0.02171742 0.8707945 0.4906333 0.03156018 0.8707969 0.4906263 0.03160345 0.7497168 0.6605693 0.03966081 0.9777153 0.2074354 0.03230541 0.9596769 0.2800549 0.02428066 -0.8723688 0.4885441 0.01724666 -0.9994327 -0.003763377 0.03347158 -0.9758391 0.2182016 0.01123094 -0.9758293 0.2182441 0.01125937 -0.9994329 -0.003765821 0.03346461 -0.9977515 -0.004469215 0.06687432 -0.7477254 0.6583396 0.0865783 -0.6747037 0.7376122 0.02652037 -0.6747066 0.7376095 0.0265218 -0.5916861 0.8054535 -0.03394085 0.8795493 0.1642227 0.4465692 0.9731839 0.1774945 0.1463178 0.8954434 0.04054927 0.4433246 0.9956703 0.03463727 0.08626121 0.8014132 0.2560927 0.5405123 0.9017166 0.4233046 0.08786571 0.9623295 0.2536451 -0.0979101 0.961135 0.08505827 -0.2626494 0.3789343 0.9252542 -0.01771014 0.2112332 0.9766033 0.04033184 0.5473098 0.8369147 -0.005103886 0.5220062 0.850167 -0.06874275 0.7374876 0.6733788 0.05170112 0.5220922 0.8501105 -0.06878852 0.9622825 0.2538284 -0.09789556 0.962279 0.2538263 -0.09793639 0.7019726 0.7024805 -0.1172844 0.7832194 0.3959347 -0.4793777 0.8285568 0.2471557 -0.502402 0.6531631 0.06435304 -0.7544779 0.5193411 0.1156998 -0.8466985 0.8284798 0.2471969 -0.5025089 0.4206253 0.2943738 -0.8581483 0.5378779 0.301124 -0.7874082 0.7831611 0.3959173 -0.4794876 0.4442312 0.4156302 -0.7936689 0.3184082 0.3342295 -0.8870778 0.2519611 0.5644745 -0.786056 -0.0709505 0.5959563 -0.7998763 -0.4723551 0.8733627 0.1188209 -0.3221157 0.9397162 -0.1147828 -0.2539074 0.9002063 -0.3537793 -0.2537925 0.9001944 -0.353892 -0.02947407 0.9276627 -0.3722541 0.2252794 0.861097 -0.4558085 0.1503179 -0.2195673 0.9639475 -0.03671377 -0.03671854 0.998651 0.2313728 0.07568812 0.9699165 -0.05335491 0.1868675 0.9809352 0.4719685 -0.1400982 0.8704128 0.4726247 -0.2525677 0.8442959 0.2087136 -0.6149949 0.7604078 -0.09083282 0.2693832 0.9587398 0.1998393 0.3691416 0.9076336 0.2315486 0.075782 0.9698672 0.625389 0.07109618 0.7770676 0.5438529 -0.1940979 0.8164253 -0.3344631 0.9424058 -0.002419888 -0.4393457 0.8692596 0.2266345 -0.7712879 0.6288295 0.09843116 -0.7713154 0.6287956 0.09843122 -0.6215726 0.7146483 0.3208198 -0.8771303 0.3541473 0.3243795 0.1413425 0.9880797 0.06099873 0.3759469 0.9266391 -0.001948833 0.5145889 0.8544245 -0.07181239 0.514693 0.8543567 -0.07187443 0.6690669 0.7427344 -0.02636551 0.8377726 0.5450245 -0.03294569 -0.3788453 0.8989498 -0.2199215 -0.1211405 0.9472552 -0.2967031 0.1158759 0.8767523 -0.4667745 0.1160507 0.8767554 -0.4667251 0.2764035 0.9187669 -0.2819017 0.4758337 0.8695268 -0.1323092 -0.8591005 0.5002706 -0.1080548 -0.6686394 0.7425825 0.0386343 -0.6696149 0.6919484 0.2698581 -0.4501813 0.8928259 0.01410239 -0.6688117 0.6506219 0.3596974 -0.6163391 0.6305783 0.4716961 -0.6488465 0.1874501 0.7374691 -0.78771 0.1533112 0.5966645 -0.6719865 0.2728381 0.6884719 -0.5182728 0.1655739 0.8390343 0.6844671 -0.6545544 0.321035 0.7734275 -0.4557204 0.4406006 0.787266 -0.5612187 0.2554324 0.1897598 -0.9810162 -0.03998392 0.5214639 -0.8530978 -0.01731353 0.242323 0.8977767 0.3677999 -0.03652691 0.9527494 0.3015532 -0.3328068 0.8750284 0.3515182 -0.3329135 0.8750327 0.3514064 -0.3016307 0.9517484 0.05651581 -0.378968 0.8989359 -0.2197669 0.00494641 0.95336 0.3017954 0.01222395 0.9392095 0.3431272 -0.01269972 0.9203811 0.3908164 -0.1107332 0.8287634 0.5485341 -0.09424215 0.8471812 0.5228793 -0.1108517 0.8287192 0.5485767 -0.2553634 0.6278048 0.7352896 -0.1287502 -0.9897887 0.06117075 -0.3678035 -0.9299029 -0.001093506 -0.5087816 -0.8580889 -0.0694614 -0.5089242 -0.8579997 -0.06951731 -0.6675754 -0.7441874 -0.02298176 -0.8396358 -0.5423501 -0.02946835 0.05195897 -0.9720135 0.229107 0.1473776 -0.9660953 0.2119902 0.06534665 -0.9967975 -0.04609256 0.06547933 -0.9967901 -0.04606425 0.2948888 -0.8548879 0.4268576 0.2138744 -0.9751034 0.05857604 -0.03037232 -0.9993847 0.01754641 -0.02486264 -0.9994246 0.02307194 0.06539601 -0.9967937 -0.04610717 -0.09255462 -0.9894421 0.1115258 0.06543153 -0.9967861 -0.04621881 -0.01723551 -0.9987449 0.04702991 0.05236351 -0.9968345 0.05982595 -0.05053251 -0.998107 0.03505629 -0.2989497 -0.9512202 0.07622009 -0.03008657 -0.9884344 0.1486353 -0.1640167 -0.8856365 0.4344498 0.04504936 -0.1889128 0.98096 -0.02147859 -0.03709918 0.9990808 -0.1324137 -0.1334496 0.98217 -0.1855193 0.04247862 0.9817221 0.1601891 -0.02686083 0.9867209 0.00768435 0.1252143 0.9921 0.4737461 -0.2128491 0.8545525 0.6376416 -0.5427356 0.5466731 0.247765 -0.5048918 0.8268597 0.2477675 -0.5048986 0.8268547 0.6833304 -0.6256335 0.3763543 0.3623435 -0.8011425 0.4763172 0.1886764 -0.5157606 0.8356987 0.2246013 -0.7823152 0.5809797 -0.1972737 -0.827939 0.5249764 0.857861 -0.2204286 0.4642046 0.8981785 -0.1748734 0.4033544 0.6180621 -0.2604712 0.7417237 0.732164 -0.362387 0.5767248 -0.9884985 0.02681159 -0.1488357 -0.9412759 0.06017732 -0.3322325 -0.8304718 0.01266425 -0.5569167 -0.6664499 0.01631486 -0.7453714 -0.8303877 0.01278656 -0.5570394 -0.5135264 0.07237887 -0.8550157 -0.9885151 0.02688652 -0.1487115 -0.9970744 -0.02269548 0.07299017 -0.8712868 0.06029504 0.4870566 -0.8712216 0.06022953 0.4871813 -0.9418253 0.01496642 0.3357696 -0.7811071 0.01574462 0.6241986 -0.6562776 0.1435624 0.7407358 0.01206308 -0.001208305 0.9999265 -0.03122794 -7.11244e-4 0.9995121 -0.04929518 -5.01682e-4 0.9987841 -0.06735008 0.003032207 0.9977248 -0.038787 0.001498043 0.9992464 -0.01405423 0.02012842 0.9996987 0.06307995 -0.009714007 0.9979612 0.2989755 -0.03736931 0.9535288 0.2476084 -0.01282519 0.9687753 0.2991368 -0.0374248 0.953476 0.3284236 -0.06601023 0.9422212 -0.00344181 -2.58567e-4 0.9999941 -0.04930597 -5.07532e-4 0.9987837 -0.003406286 -2.88828e-4 0.9999942 0.1524766 -0.05500465 0.9867753 0.06312251 -0.009739696 0.9979583 0.06764692 0.1130813 0.9912803 0.02264058 0.07132732 0.997196 0.02255743 0.07130283 0.9971997 -0.02971845 0.01000231 0.9995083 -0.05110448 0.008577287 0.9986565 0.0226376 0.07133114 0.9971958 0.1783865 -0.03850978 0.9832067 0.005426526 3.40307e-4 0.9999853 0.4274505 0.06950801 0.9013628 -0.8551656 -0.06992393 0.5136172 -0.8548568 -0.02360874 0.5183265 -0.7695657 -0.03576558 0.6375654 -0.9083177 -0.0430029 0.4160646 -0.8044186 -0.1061824 0.5844964 -0.005814671 -0.9998221 -0.01794129 -0.04657727 -0.998848 -0.01154267 -0.05509549 -0.9984769 -0.002936065 -0.05512624 -0.9984752 -0.002895891 -0.04657995 -0.998848 -0.0115357 -0.05048155 -0.9985108 0.02068507 -0.0284729 -0.9994552 0.01669585 -0.00784558 -0.9998043 0.0181632 0.005563378 -0.9998211 0.01807641 -0.01029902 -0.9997704 0.01879078 -0.9197815 -0.08805191 -0.3824251 -0.9625516 -0.06303906 -0.2636677 -0.8216814 -0.02537626 -0.5693819 -0.8602142 -0.03287404 -0.5088723 -0.8564204 0.02906656 -0.5154604 -0.08266073 -0.08452171 -0.992987 -0.2198879 -0.04153066 -0.9746407 0.1365883 0.1330986 -0.9816458 0.06897568 0.3073793 -0.9490841 0.0111702 -0.001093566 0.9999371 0.007136046 -0.003095388 0.9999698 0.001648962 -0.003568291 0.9999924 0.008405685 -0.00160402 0.9999634 0.01313352 0.001187503 0.999913 0.04319089 0.00390011 0.9990593 0.9870327 0.04473412 0.1541602 0.997408 -0.008853077 -0.07140731 0.8722432 0.06129682 -0.4852162 0.8721812 0.06120181 -0.4853394 0.9410207 0.0266242 -0.3372998 0.7828576 0.007889091 -0.6221509 0.6665925 0.1238707 -0.7350583 -0.2071027 0.9488038 -0.2384953 -0.2701338 0.9627145 -0.01444578 -0.2700708 0.9627304 -0.01456725 -0.382466 0.8761239 0.293474 -0.4904997 -0.0522263 -0.869875 -0.6483627 -0.1174366 -0.7522197 -0.4288395 -0.03003025 -0.9028815 -0.6634706 -0.1310141 -0.7366424 -0.6565952 -0.1886103 -0.7302801 -0.8860452 -0.2906017 -0.3612128 -0.8837459 -0.4151623 -0.2159481 -0.9211432 -0.3892023 -0.004112184 -0.1954248 -0.2425131 -0.9502613 -0.1036053 -0.1751868 -0.9790688 -0.1487658 -0.02640682 -0.9885199 -0.04794615 -0.1440799 -0.9884039 -0.1954235 -0.2425524 -0.9502516 -0.5418616 -0.6266932 -0.5600373 -0.4211984 -0.7110691 -0.5630034 -0.5151312 -0.6963918 -0.4996784 -0.5929284 -0.727414 -0.3454054 -0.4212275 -0.711176 -0.5628464 -0.3243286 -0.6444669 -0.6924403 -0.4564006 -0.6588473 -0.5980125 -0.3243046 -0.644344 -0.6925658 -0.2240019 -0.3978747 -0.8896736 -0.04139524 -0.07589793 -0.996256 -0.2925776 0.06313413 -0.9541555 -0.2883456 -0.04536348 -0.9564513 -0.4573502 -0.4064701 -0.7909569 -0.3112447 -0.5748862 -0.756725 -0.3243113 -0.6445047 -0.6924131 -0.4050137 -0.7247743 -0.5573743 -0.4050394 -0.7247181 -0.5574287 -0.5975753 -0.1160869 -0.7933647 -0.4735126 -0.3132291 -0.8232093 -0.2469 -0.1041964 -0.9634229 -0.2944345 -0.06633931 -0.9533664 -0.8243641 -0.4870324 -0.2884843 -0.8860877 -0.2906899 -0.3610375 -0.9198941 -0.3921668 0 -0.9211698 -0.3891394 -0.00412476 -0.9180964 -0.3963567 -8.21473e-4 -0.9188029 -0.3945544 0.01131546 -0.8837642 -0.4151591 -0.2158792 -0.9188028 -0.3945529 0.01137858 -0.9341774 -0.3563661 -0.01777219 -0.9294859 -0.3684483 0.01737523 -0.9636673 -0.2670729 0.00418663 -0.9169535 -0.3955852 0.05204415 -0.9938414 -0.1108015 0.001569986 -0.9987422 0.05013662 5.08923e-4 -0.9931941 -0.08216863 -0.08254647 -0.99373 0.07640624 -0.08162599 -0.9690346 -0.06173688 -0.2390828 -0.9668442 0.09020352 -0.2389051 -0.8911648 0.0156235 -0.4534108 -0.9781793 0.2077422 0.002905607 -0.969287 0.2331236 -0.07833266 -0.9179854 0.3962656 0.01662713 -0.7393231 0.6727442 0.02857702 -0.8991156 0.4331282 -0.06317442 -0.7027145 0.702867 -0.1103203 -0.88912 0.3775501 -0.2586925 -0.8245521 0.4922044 -0.2790139 -0.9196891 0.3660025 -0.1421762 -0.8470039 0.5264202 -0.07393461 -0.9648827 0.2204399 0.142855 -0.7662413 0.6378659 0.07746881 -0.4525798 0.8915086 0.01959174 -0.5297328 0.8478626 -0.02263617 -0.4040517 0.9145913 -0.01628434 -0.5298271 0.8478028 -0.02266997 -0.5571175 0.8299403 -0.02862524 -0.9992609 0.02257031 -0.03111869 -0.9962915 0.07679212 -0.03881126 -0.9719282 0.2352484 0.003740072 -0.8870185 0.4524902 -0.0919286 -0.9930046 -0.1179738 0.004908025 -0.9999692 0.00336802 0.007097899 -0.8175597 0.5757889 0.007967352 -0.8657427 0.4960042 -0.06685477 -0.9882945 0.1525573 -5.91894e-4 -0.9868739 0.08229494 -0.1389513 -0.5233266 0.852106 -0.006678164 -0.5915281 0.7968021 -0.123293 -0.8033023 0.5528952 -0.2213873 -0.7702789 0.594227 -0.2314407 -0.8524659 0.4743065 -0.2198534 -0.6599326 0.7419636 -0.1182331 -0.8205566 0.5346599 -0.2020542 -0.659812 0.7420852 -0.1181426 -0.3773473 0.9250888 -0.04266178 -0.1747325 0.9846032 0.005016982 -0.08959203 0.9959682 -0.004544854 -0.2465152 0.9684107 -0.03756302 -0.08575814 0.9960308 -0.02384108 -0.2725675 0.9447554 -0.1820558 0.1180269 0.9930037 -0.00366193 -0.07592934 0.9970479 -0.0114125 -0.05023837 0.9929535 -0.1073285 -0.1583375 0.8855599 -0.436707 0.06864321 0.9976336 0.003918588 -0.350167 0.9354133 0.04883897 -0.511385 0.8571479 0.06150478 -0.3502959 0.9353597 0.04894155 -0.5114995 0.8570714 0.06162095 -0.6275724 0.7533713 0.1964297 0.3969597 0.9157946 -0.0611822 0.3692618 0.9288213 -0.03060728 -0.2237042 0.9745118 0.01683324 0.002615511 0.9962198 -0.0868287 -0.2542485 0.9659647 -0.04764401 -0.308509 0.9335942 -0.1822746 -0.1468442 0.9745554 -0.1693476 -0.1469702 0.9745261 -0.169407 -0.4454503 0.8183345 -0.3631843 -0.1461853 0.8298776 -0.5384542 -0.116588 0.7747543 -0.6214202 0.00362879 0.8248062 -0.5654041 -0.1582609 0.8855013 -0.4368535 -0.005229413 0.9255208 -0.3786609 -0.00389105 0.9330393 -0.3597534 -0.4793871 0.8008383 -0.3589513 -0.1747705 0.9845964 0.005027115 -0.9521647 0.1730462 -0.251868 -0.9540433 0.06016695 -0.2935664 -0.9260258 0.2803657 -0.2527275 -0.8814837 0.4121135 -0.2305405 -0.9778021 0.02919673 -0.2074866 -0.9378734 0.2869958 -0.1950051 -0.7752914 0.6290511 -0.05672818 -0.9512156 0.3043457 0.0506227 -0.9781993 0.1987745 -0.06012398 -0.951278 0.3041408 0.0506829 -0.9778223 0.0291984 -0.207391 -0.9968824 0.05833041 0.05313277 -0.9864249 0.05223113 -0.1556852 -0.8524947 0.4742541 -0.2198548 -0.4071827 0.9031497 0.1360998 -0.4124928 0.9109575 -0.002478659 -0.7751928 0.6291757 -0.05669355 -0.8143251 0.5769408 -0.06335568 -0.9930089 -0.1179382 0.004899084 -0.9999249 0.01226389 0 -0.4687523 0.8282887 0.3069351 -0.4503296 0.8329914 0.3214479 -0.6129518 0.788503 0.05053001 -0.9136698 -0.01950454 0.4059891 -0.9811255 -0.002060592 0.1933615 -0.9444974 0.2234609 0.2408108 -0.9976541 0.05534487 0.04028987 -0.9653525 0.2042803 -0.1623706 -0.9155817 0.1470586 -0.374278 -0.9406988 0.2424175 -0.2373175 -0.9995602 -0.009203076 -0.02819138 -0.9881018 0.004801988 -0.1537264 -0.9994418 -0.007691025 -0.03251147 -0.9698964 0.2433477 -0.009093761 -0.9725685 0.2321316 -0.01501661 -0.9999155 0.008635401 -0.00972265 -0.9994813 -0.01447224 -0.02877056 -0.9999155 0.008630931 -0.009730398 -0.9996767 0.02542954 0 -0.9698998 0.2433345 -0.009090542 -0.598861 0.07133203 -0.79767 -0.9155277 0.1470267 -0.3744226 -0.8202717 -0.01906502 -0.5716562 -0.7023022 0.09263086 -0.7058266 -0.8871114 0.1426245 -0.4389667 -0.6240381 0.08436018 -0.7768269 -0.8911004 0.01560956 -0.4535379 -0.6703426 -0.02633756 -0.7415842 -0.8845933 -0.1171302 -0.4514147 -0.9416216 -0.2257175 -0.2498007 -0.9686864 -0.2407871 -0.0605663 -0.09835547 -0.0349884 -0.9945362 -0.5258051 -0.1169885 -0.8425217 -0.6167305 -0.235127 -0.7512383 -0.8441065 -0.2357478 -0.4815675 -0.1449089 -0.01560717 -0.989322 -0.5130798 0.06395345 -0.8559551 -0.1920282 0.02499115 -0.9810712 -0.4812862 -0.03410536 -0.8758999 -0.1933683 0.002196729 -0.9811239 -0.2343769 -0.07055145 -0.9695824 -0.103543 0.04896438 -0.993419 -0.09927326 -0.08620065 -0.9913195 -0.003515779 -0.007178604 -0.9999681 0.05647391 5.23399e-4 -0.998404 -0.007872581 -0.01926046 -0.9997836 -9.76573e-4 3.73439e-4 -0.9999995 -0.003249466 0.00224936 -0.9999923 0.05909168 0.007000327 -0.998228 0.1844374 0.03961521 -0.9820457 -0.5825256 0.5719426 -0.5775341 -0.6184206 0.4368409 -0.6532428 -0.3935803 0.3247191 -0.8600303 -0.3984041 0.2486877 -0.8828526 -0.1614766 0.1156023 -0.9800823 -0.5805139 0.7416651 -0.3360605 -0.6836221 0.5403545 -0.4905894 -0.7826247 0.3822766 -0.4912872 -0.6864971 0.2917863 -0.66602 -0.8382347 0.2097523 -0.5033555 -0.7279947 0.1405088 -0.6710299 -0.864929 -1.2057e-4 -0.5018944 -0.7163415 -1.01654e-5 -0.6977499 -0.731373 -0.1411868 -0.667203 -0.4965447 -0.05527216 -0.8662496 -0.4331501 -0.1426188 -0.8899668 -0.1287253 -0.05023747 -0.990407 -0.1075725 -0.07243168 -0.9915553 -0.05644547 -0.04340255 -0.9974619 -0.3383448 -0.2758435 -0.8996851 -0.8401257 -0.2112657 -0.4995554 -0.6802642 -0.5390736 -0.4966288 -0.5672864 -0.7484295 -0.3435687 -0.6161279 -0.4350385 -0.6566034 -0.5802389 -0.570272 -0.5814746 -0.3775656 -0.2286145 -0.8973181 -0.5929554 -0.7273535 -0.3454864 -0.5419121 -0.626703 -0.5599774 1.32718e-6 0 -1 -0.1375648 -0.0569747 -0.9888528 -0.4387611 -0.1867726 -0.8789794 -0.8338977 -0.3567851 -0.4210926 -0.8487859 -0.3193011 -0.4214374 -0.8726225 -0.3723387 -0.3160602 -0.864655 -0.3903882 -0.3161787 -0.9110682 -0.356778 -0.2065533 -0.6613753 -0.1540544 -0.7340641 -0.5258076 -0.1169326 -0.8425278 -0.8845114 -0.1171302 -0.4515753 -0.5970851 -0.02890115 -0.8016572 -0.8007371 -0.5226513 -0.2926703 -0.7710548 -0.5763464 -0.2707388 -0.8006369 -0.5227813 -0.292712 -0.5872278 -0.7752621 -0.2326632 -0.3741816 -0.8415845 -0.3895174 -0.2835775 -0.8677234 -0.4082155 -0.4469716 -0.6251085 -0.6398874 -0.3740567 -0.8416314 -0.389536 -0.4916898 -0.6674824 -0.5592033 -0.8369443 -0.4794747 -0.2638719 -0.4105516 -0.8960407 -0.1689928 -0.4803652 -0.5545054 -0.6795389 -0.836987 -0.4793896 -0.2638915 -0.447125 -0.6249717 -0.6399137 -0.5175777 -0.3087078 -0.7980055 -0.702288 0.09260529 -0.705844 -0.681128 0.5539262 0.47878 -0.7661275 0.6380026 0.0774694 -0.61295 0.7885039 0.05053824 -0.474879 0.868071 0.1447159 -0.9439709 0.30124 -0.1348085 -0.4585837 0.04604125 -0.8874577 -0.1523734 0.03152036 -0.9878202 -0.4641059 0.1608715 -0.8710489 -0.6868616 -0.2924484 -0.6653535 -0.7783629 -0.3819476 -0.4982642 -0.7788118 0.6272573 7.17859e-4 -0.9111254 0.4100929 -0.04091972 0.009856164 -0.9997781 -0.01862037 -0.005773305 -0.9998226 -0.01793044 0.007775902 -0.9998065 -0.01807105 0.02863991 -0.9994516 -0.01662456 0.05056631 -0.9985093 -0.02054858 0.0550881 -0.9984768 0.003082156 0.04640704 -0.9988536 0.01174968 0.04637223 -0.9988547 0.01179254 0.05508106 -0.9984771 0.003098666 0.005604326 -0.9998207 0.01809149 0.5010992 0.8625296 -0.07030117 0.2518535 0.9627619 -0.09828239 -0.1418667 0.9898644 0.006501317 -0.1419344 0.9898552 0.006431221 0.008354783 0.9998613 -0.01440769 -0.3516963 0.9351212 -0.04310506 -0.4183121 0.9071537 0.04568505 0.5086045 0.06686991 0.8583996 0.6620125 0.0179038 0.7492789 0.8283409 0.0222184 0.5597838 0.9391291 0.07347476 0.3356162 0.8283977 0.02213317 0.5597029 0.9870067 0.04465711 0.1543492 0 0.05322295 0.9985827 -0.01117956 0.01553469 0.9998169 -0.03039425 0.009728074 0.9994907 -0.04557669 -0.01216977 0.9988867 -0.06858563 -0.001972019 0.9976433 -0.3653843 -0.3004102 -0.8810494 -0.1096995 -0.05299758 -0.9925509 -0.1096424 -0.05294823 -0.9925599 0.161314 0.201784 -0.9660543 0.3851285 0.876123 -0.2899736 0.2700621 0.9626911 0.0170989 0.2701238 0.9626848 0.0164628 0.3060817 0.8832578 0.355204 0.6029122 -0.7751999 0.1885789 0.4568311 -0.8895432 0.004274547 0.4004926 -0.9148205 -0.05205196 0.2815381 -0.9443296 -0.170229 0.2835665 -0.9455794 -0.1595924 -0.0817247 0.175556 0.9810715 0.1622056 -0.03236889 0.986226 0.1622332 -0.03239101 0.9862207 0.3894754 -0.2369174 0.8900444 0.2149258 0.004416823 -0.9766204 0.4182161 0.006898045 -0.9083214 0.5811935 -0.001241385 -0.8137645 0.7633298 -0.00869739 -0.6459505 0.5812605 0.001400411 -0.8137164 0.8982469 -0.008136034 -0.4394159 -0.01737964 -0.001190245 0.9998483 -0.01874262 -5.75685e-4 0.9998242 -0.004968166 -3.87607e-4 0.9999876 0.006119668 6.93588e-4 0.9999811 0.01281487 7.35653e-4 0.9999176 0.008121371 0.001026213 0.9999665 4.56942e-6 0 1 0.09075248 -0.7589952 0.6447405 0.1101877 -0.4643695 0.8787604 -0.1150379 -0.7819215 0.6126704 0.04704695 -0.3414534 0.9387205 0.9649465 0.1613566 0.2069838 0.9938999 -0.09448063 -0.05689138 0.9938954 -0.09450632 -0.05692619 0.8877105 -0.3375934 -0.3130509 0.07669252 -0.08640897 0.9933035 0.2108976 -0.05338025 0.9760496 -0.1466419 0.1286547 0.9807875 -0.08398014 0.3008202 0.9499761 -0.8915233 -0.01058632 0.4528514 -0.9742646 -4.26621e-4 0.2254068 -0.9997135 -0.005625844 -0.02327078 -0.9396865 -0.02156341 -0.3413565 -0.9997092 -0.005592823 -0.02346038 -0.8034757 -0.01429969 -0.5951659 -0.2906646 -0.2227546 -0.9305346 -0.04768413 0.004802167 -0.998851 -0.04766428 0.004812657 -0.9988518 0.2008484 0.231776 -0.9518087 -0.6609407 0.7337776 -0.1572512 -0.5334077 0.8458529 0.003029227 -0.5334015 0.8458569 0.003038227 -0.3767564 0.9118103 0.163269 -0.8700209 -0.3134111 0.3805749 -0.9491262 -0.3140166 0.02351939 -0.9908928 -0.04836285 0.1256689 -0.9909086 -0.04824602 0.1255888 -0.9909091 -0.04825365 0.1255819 -0.9632433 0.2240438 -0.1482116 -0.02542471 0.1134598 0.9932172 8.75094e-4 7.73191e-4 0.9999994 -0.1558274 0.02915608 0.9873539 0.1275453 0.1217831 0.9843277 -0.03525346 -0.1158364 0.9926426 4.41567e-4 7.68692e-4 0.9999997 0.1275191 0.121757 0.9843344 -0.001883924 -0.00876832 0.9999598 0.1375644 0.05390954 0.9890248 0.04077374 -0.09086716 0.995028 -0.00918895 0.002502739 0.9999547 -0.003008365 0.004050254 0.9999873 -5.40675e-4 0.005762517 0.9999833 -0.0352599 -0.1158294 0.9926432 -0.00241506 -0.01072794 0.9999396 -0.001888096 -0.008784055 0.9999597 -0.007703721 8.6748e-5 0.9999704 -5.90877e-4 0.001728177 0.9999984 -0.007700085 1.30656e-4 0.9999704 3.57866e-4 0.001053571 0.9999995 0.006371438 0.02971124 0.9995383 0.06178504 0.1955261 0.9787504 0.01735979 -0.06702041 0.9976006 0.235235 -0.05976617 0.9700992 0.03508836 -0.1074936 0.9935865 -0.1916064 0.07901293 0.9782863 -0.002677083 0.01398682 0.9998987 0.01332634 0.01734572 0.9997608 0.130649 0.4945812 0.8592556 0.06808155 0.2527201 0.9651412 -0.0133199 -0.008105874 0.9998785 0.002641081 -0.002636551 0.999993 -0.01333165 -0.008108675 0.9998783 0.002650916 -0.002617776 0.9999931 -0.001535475 -0.001963734 0.9999969 -0.009566605 0.04400473 0.9989856 0.07152998 -0.1377769 0.9878771 3.63096e-4 0.001036345 0.9999995 0.002647161 -0.002646207 0.999993 -5.7957e-4 0.001691699 0.9999985 7.45403e-5 -0.003834307 0.9999927 -0.001542031 -0.001948714 0.999997 7.55842e-5 -0.003910839 0.9999924 -2.85663e-4 -0.001000046 0.9999995 -0.00150907 -0.001920819 0.999997 -3.42572e-4 -8.56358e-4 0.9999997 0.004885733 -5.45117e-5 0.9999881 0.004863679 -5.23709e-5 0.9999882 -2.84588e-4 -0.001006543 0.9999995 -7.42868e-5 0.001237213 0.9999993 0.2200671 0.06488144 0.9733247 0.001594662 0.07269263 0.9973531 2.42443e-7 0 1 -6.9061e-6 -0.001725733 0.9999985 -6.49021e-6 -0.001699447 0.9999986 -7.90404e-4 7.91523e-4 0.9999995 0.001473188 0.001686811 0.9999976 0.001457095 0.001690149 0.9999975 -7.9282e-4 8.05909e-4 0.9999994 0.01401549 -0.02355694 0.9996243 -7.14335e-4 -2.77928e-4 0.9999997 0.009420335 0.02276641 0.9996965 0.003475129 0.01111942 0.9999322 -0.005137443 -0.009010672 0.9999462 -0.02127724 -0.1314722 0.9910916 0.0217151 -0.1356978 0.9905123 -0.007537186 -0.4512881 0.8923466 -0.005153536 -0.009007096 0.9999462 -0.01640558 -0.001392483 0.9998645 -0.02184319 -0.001853585 0.9997597 -8.04223e-4 -3.12737e-4 0.9999997 -0.02188414 -0.001749575 0.9997591 0.05831623 -7.1148e-4 0.9982979 0.009391427 0.0227831 0.9996964 -0.01944696 0.02932256 0.9993808 0.003434956 0.01114803 0.999932 -8.03157e-4 -3.123e-4 0.9999997 1.23554e-6 0 1 -8.03051e-4 -3.12268e-4 0.9999997 1.35355e-6 0 1 5.66073e-7 0 1 0.001593291 -9.79015e-4 0.9999983 0.001609086 -9.88333e-4 0.9999983 -1.04332e-6 0 1 0.005888104 -0.005391597 0.9999682 0.008811116 -0.008015275 0.9999291 0.008826732 -0.008075714 0.9999285 0.005896985 -0.00540781 0.999968 0.009539365 -0.0111581 0.9998923 0.133713 0.06347686 0.9889851 -0.04353439 -0.01264661 0.9989719 0.5168789 0.2453448 0.8201478 0.1064698 0.05056321 0.9930295 0.2977413 0.1997015 0.9335253 0.1337128 0.06347864 0.988985 0.1064107 0.05052673 0.9930378 -1.53065e-5 0 1 1.58464e-6 0 1 -5.55087e-6 0 1 -0.1114331 -0.04416829 0.99279 -0.04355019 -0.01265561 0.9989711 -0.03985279 -0.01575279 0.9990814 -7.38603e-4 -4.93936e-4 0.9999997 0.05452638 -0.1470178 0.9876299 -1.2922e-7 0 1 0.001592218 -9.78353e-4 0.9999983 -0.005099833 -0.003106832 0.9999822 -0.01273322 -0.00467348 0.999908 -0.007338702 -0.00427103 0.999964 -0.003069698 0.1063082 0.9943286 0.001434624 0.001677095 0.9999976 0.3248661 0.323183 0.8888278 0.959548 0.1968994 0.2012418 0.9961683 -0.03044205 -0.0819875 0.9961669 -0.03045123 -0.08200198 0.9000635 -0.2536376 -0.3543357 0.7301011 0.61325 0.3014581 0.5709018 0.8177782 0.07286924 0.570896 0.8177828 0.07286483 0.3435684 0.92463 -0.1643786 -0.8915836 0.411576 -0.1889021 -0.8054533 0.5926352 -0.005358576 -0.8054468 0.592644 -0.005351483 -0.6598384 0.7298629 0.1786433 -0.1327074 0.5255569 -0.8403444 -0.2324563 0.4054388 -0.8840722 -0.8618962 0.5070697 -0.003915548 -0.6771085 0.7299344 0.0933808 -0.4490574 0.8914249 0.0609017 -0.4489411 0.8914766 0.06100291 -0.4489441 0.8914747 0.06100904 -0.137274 0.9572629 0.2545656 -0.05483108 0.02183634 0.9982569 0.01908636 0.01721882 0.9996696 0.01900714 0.01723712 0.9996708 0.09263277 0.01255047 0.9956213 0.8905504 -0.4540176 -0.02807116 0.7585532 -0.6515118 0.01138824 0.499836 -0.8657785 -0.02432405 0.4997431 -0.865835 -0.02422517 0.6088284 -0.7924697 -0.03632909 0.3188725 -0.9468008 0.04346001 0.4997181 -0.8658489 -0.02423983 0.3188393 -0.9468133 0.04343044 0.2670778 -0.963675 0 1.01963e-5 0 1 9.34909e-6 0 1 -1.95286e-5 0 1 -9.802e-7 0 1 2.12852e-5 0 1 -3.39761e-6 0 1 5.81341e-6 0 1 -8.94489e-7 0 1 -2.71828e-6 0 1 1.6132e-5 0 1 8.57868e-6 0 1 -1.76881e-6 0 1 -1.87313e-6 0 1 -8.9715e-7 0 1 -4.63398e-6 0 1 -4.88106e-6 0 1 2.18646e-6 0 1 -2.60666e-6 0 1 -7.40652e-6 0 1 1.00832e-5 0 1 -8.94482e-7 0 1 -1.76887e-6 0 1 1.10055e-5 0 1 -1.63109e-6 0 1 -1.95288e-5 0 1 -0.3937625 0.9189903 0.02019381 -0.2548846 0.9546076 0.1541369 -0.2549011 0.9546058 0.1541208 -0.1064946 0.9534814 0.2820148 0.1178387 -0.9451192 0.3047358 0.4413463 -0.8487492 0.2912705 0.3915879 -0.9183132 0.05796521 0.3917015 -0.9182721 0.05784744 0.3917209 -0.9182625 0.05787068 0.6118861 -0.7660597 -0.1968451 0.5073533 -0.04205089 0.8607117 0.2338567 -0.0132457 0.9721809 0.2338555 -0.01325213 0.972181 0.02925896 -0.01194375 0.9995006 0.233686 -0.0131796 0.9722229 -0.4106534 0.006486177 0.9117686 -0.8196048 0.5728167 -0.01136583 -0.6375039 0.7266927 -0.2559423 -0.6207458 0.7839858 -0.006394445 -0.6206482 0.7840633 -0.006376624 -0.6622734 0.7317569 -0.1610152 -0.5844005 0.7763891 -0.2360004 -0.3521202 0.9355586 -0.02723169 0.9638898 0.2577033 0.067124 0.9487797 0.3155388 -0.01588767 0.6596363 0.7510788 0.02758032 0.6595227 0.7511823 0.02747893 0.7955431 0.6039643 -0.04835659 0.3710022 0.9250366 -0.08163785 0.1055819 0.9943633 0.00969851 -0.08493679 0.9948148 -0.05594062 -0.1768389 0.9837506 -0.03103101 -0.3116774 0.9498821 -0.02410894 0.9481911 0.2298794 -0.2192926 0.9984944 -0.03900086 -0.03857403 0.9805333 -0.1946483 -0.02582144 0.9167795 -0.3925322 0.07371586 0.8795452 -0.4758153 0 -0.01271522 -0.005202472 0.9999057 0.01013994 -0.008866965 0.9999093 0.0322386 0.1345484 0.9903825 0.1450411 0.1510421 0.977829 0.21056 0.3447767 0.9147642 0.2107127 0.3448452 0.9147033 0.2369573 0.2714446 0.9328286 0.3033857 0.2551158 0.9180812 0.3033265 0.2550179 0.918128 0.1450581 0.1510029 0.9778324 0.06585508 0.05902051 0.9960823 -0.0296055 0.003183007 0.9995567 -0.02675867 0.01447337 0.9995372 -6.40668e-4 0.2034019 0.9790952 -0.01270532 0.5294579 0.8482412 -0.009417295 -0.9999547 0.001404464 0.001973986 -0.9999969 0.001538991 -0.009944796 -0.9999299 -0.006452023 0.009819626 -0.9999501 0.001911342 -0.0378037 -0.99878 -0.03177171 -0.0286622 -0.990557 0.1340724 0.1016823 -0.99384 0.04407519 0.1222574 -0.9913389 0.04796099 0.02935284 -0.984005 -0.1757062 0.4758676 -0.8594807 0.1866623 0.02944689 -0.99955 0.00573188 0.003951728 -0.9999917 -0.001063466 0.0256437 -0.999638 0.008153021 0.02564764 -0.9996379 0.008152186 0.02211487 -0.9978732 0.06132072 0.09861761 -0.9949256 0.01994287 0.3613452 -0.9322222 0.01978635 0.09975135 -0.9948973 -0.01513928 -0.02437394 -0.9942126 -0.1046295 0.1149669 -0.9925863 -0.03943449 0 -1 0 0.01763331 -0.9998432 -0.001603126 0.1894449 -0.981014 -0.04150027 0.1893858 -0.9810275 -0.04145169 0.0176059 -0.9998438 -0.001600027 0.02208733 -0.9978733 0.06132841 0.2960889 0.8543034 0.4271969 0.2960724 0.8543277 0.4271597 0.2959968 0.8543677 0.4271319 -7.82632e-4 -0.9961813 0.08730697 0.02209633 -0.9978731 0.06132918 0 -1 1.43615e-7 0 -1 2.44156e-7 0.001437306 -0.999999 4.92583e-5 0.001485228 -0.9999989 5.07263e-5 0 -1 2.45577e-7 0.001167535 -0.9999994 2.70499e-4 0.001612067 -0.9999988 5.52759e-5 0.001228451 -0.9999992 2.63583e-4 -0.052702 -0.9946187 0.08919835 0.003436982 -0.999985 0.004259407 0.005097508 -0.9999703 -0.005787611 -0.001405179 -0.9999974 -0.00181514 -0.04989391 -0.9896418 -0.1346098 -7.61738e-4 -0.9999986 0.001512646 -5.01869e-4 -0.9999994 0.001007854 -0.001470267 -0.9999973 -0.001826345 -0.001466512 -0.9999973 -0.001834928 -4.90326e-4 -0.9999995 9.87557e-4 0 -1 0 0.003522634 -0.9999843 0.00436455 6.459e-4 -0.9999976 -0.002108216 -0.09113872 -0.9952987 0.03277832 8.42291e-4 -0.9999959 -0.002750158 -0.03341132 -0.9989615 -0.03097748 -7.31764e-4 -0.9999986 0.001514673 0.01741045 -0.9998455 0.002477109 -5.05578e-4 -0.9999994 0.001010179 8.51926e-4 -0.9999958 -0.002782166 6.42154e-4 -0.9999977 -0.002094388 -0.0691809 -0.9808245 0.182201 -0.05269712 -0.9946194 0.08919262 -0.03343194 -0.9989604 -0.03099441 -0.06341588 -0.9979841 -0.002515912 -0.02480769 -0.9996777 0.005404591 -0.05272084 -0.994613 0.08924961 -0.06339836 -0.9979854 -0.002418696 -0.02266907 -0.9987799 0.04387468 -0.06919801 -0.980821 0.1822143 0 -1 -6.90321e-6 0.001018762 -0.9999995 3.29691e-4 0.4494456 -0.8862714 -0.1118997 0.9995296 0 -0.03067219 0.9999657 7.59028e-7 -0.008287787 0.9999997 8.13743e-7 -8.67624e-4 0.9999651 3.08703e-5 0.008358061 0.9999955 0 0.003004968 0.9999961 0 -0.002803385 0.9999961 0 -0.002803385 -0.7096694 -0.6656211 0.2309069 -0.4507543 -0.841126 0.2988771 -0.5334032 -0.8443181 0.05107045 -0.2762546 -0.9566441 0.09227973 -0.5332658 -0.8444108 0.05096966 -0.01529645 -0.9998471 0.008488059 -0.08882707 0.9946103 -0.05348002 -0.3097084 0.9476842 -0.0773018 -0.5001831 0.8658865 -0.00760132 -0.6899119 0.717705 0.09445226 -0.5003191 0.8658073 -0.007650673 -0.8460012 0.5264571 0.08441102 0.00477159 0.04280507 0.9990721 -0.003046929 0.01640057 0.999861 -0.004317462 0.002273619 0.9999881 -0.005874633 -0.01195698 0.9999113 -0.002283751 -0.008650243 0.9999601 -1.38642e-7 0 1 -1.22529e-6 0 1 0.007997691 -0.007069885 0.999943 0.00222814 -0.00320214 0.9999924 0.002731621 -0.001629531 0.999995 0.002716958 -0.001621186 0.999995 0.002217829 -0.003187239 0.9999925 0.01219332 -0.01484805 0.9998155 0.01570427 -0.01136285 0.9998121 0.002814233 -0.006220161 0.9999767 -0.02172815 -0.02096855 0.999544 0.003243625 -0.01563811 0.9998726 0.02457219 -0.01284712 0.9996156 -0.06622964 0.9975904 0.02067083 -0.01793998 0.9997871 0.01019746 0.3444553 0.9387958 -0.003636598 0.5284154 0.8488259 0.01648557 0.6453499 0.763875 0.004335045 0.7048121 0.7092195 0.01574158 0.6997732 0.7138998 0.02578115 -0.9614794 -0.01987522 0.2741578 -0.9764144 -0.004859864 0.2158504 -0.999602 0.00878334 0.02680915 -0.9834991 0.02746945 0.1788157 -0.999603 0.008782148 0.02677083 -0.9994524 0.01211488 -0.03079438 -0.9510101 -0.03331458 0.3073597 0.9879678 0.1494858 -0.03967142 0.9932902 -0.1154444 0.006869852 0.8927275 -0.4504821 -0.01018726 0.8926836 -0.4505698 -0.01014518 0.9395264 -0.3394168 -0.04567587 0.7779123 -0.6236672 0.07675796 0.7656183 -0.6407499 0.05716806 -0.9035325 -0.4284818 0.00569272 -0.9749414 -0.1966025 0.1040992 -0.997836 0.03635382 0.05478864 -0.9567329 0.2909504 -0.003174006 -0.9978234 0.03652286 0.05490499 -0.8460474 0.526362 0.08454036 0.8450704 -0.1617028 0.5096158 0.7045854 -0.02163732 0.7092893 0.7045871 -0.0216338 0.7092877 0.5073343 -0.05127704 0.8602224 0.7044871 -0.02153128 0.7093901 0.282946 0.01093006 0.9590736 -0.09758794 -0.9951867 0.008946001 -0.00844258 -0.9999316 0.008104622 -0.008394122 -0.999932 0.008104264 0.08098828 -0.9966896 0.007132053 -0.7068781 -0.3295646 -0.6258679 -0.4789008 -0.3494397 -0.8053235 -0.5626085 -0.09887182 -0.82079 -0.5625374 -0.09875738 -0.8208525 -0.5625116 -0.0987851 -0.8208668 -0.3551736 0.1429633 -0.9238038 0.2833244 -0.9545396 0.09263616 0.08483111 -0.9801439 0.1792256 0.420943 -0.8790577 0.2237517 0.1719712 -0.8442614 0.5075911 -0.01275056 -0.005209028 0.9999052 -0.00507605 -0.01081407 0.9999287 -0.01941812 -0.01699262 0.9996671 0.008733928 -0.02298974 0.9996976 0.007566809 -0.9999714 -6.05835e-5 8.35261e-4 -0.999996 0.0027107 0.006777226 -0.9990699 -0.04258412 -4.2386e-4 -0.9985588 -0.05366736 -0.001608252 -0.9983462 -0.05746626 -0.001965939 -0.9999971 0.001435339 -0.002194464 -0.99998 0.005933582 0 -1 1.1201e-6 -0.004519879 -0.9998688 0.01555782 -0.06903338 -0.9954499 0.06568127 0.003132939 -0.999637 0.02676278 0.004086494 -0.9997227 0.0231927 0.00369215 -0.9999111 0.01281404 0.007455527 -0.9999536 0.006106197 0.7616732 -0.6112834 0.2149102 0.8857739 -0.4624178 0.03967797 0.88577 -0.462426 0.03966909 0.8858425 -0.4622967 0.03956007 0.8858417 -0.4622984 0.03955781 0.9494155 -0.2817552 -0.1386514 -0.4147106 -0.9099509 0.002200603 -0.1989582 -0.9786675 -0.05124092 0.2563089 -0.965492 0.04616427 0.2563852 -0.9654763 0.04606759 0.06973159 -0.9975591 -0.003659546 0.4264888 -0.9044874 -0.003151714 0.2564931 -0.9654436 0.04615145 0.6451307 -0.7610274 -0.06814485 0.8069975 -0.590136 -0.02223694 -0.662348 0.7316821 -0.1610478 -0.8196525 0.5727487 -0.01135098 -0.8747183 0.4846218 -0.003101348 -0.9367668 0.3457971 -0.05378061 -0.965741 0.2548522 -0.04893738 -0.9826099 0.1731628 -0.06702637 -0.9657528 0.2548077 -0.04893523 -0.9826104 0.1731613 -0.06702208 -0.9834384 0.1711196 -0.05972528 -0.3689501 -0.9294403 -0.004071712 -0.8184062 -0.5711835 0.06293416 -0.6268531 -0.7783189 -0.03570771 -0.8185185 -0.5710281 0.06288546 -0.9490761 -0.3021081 0.08936113 -0.9998562 -0.00603187 0.01585412 -0.4050587 -0.8738092 0.2690442 -0.3723714 -0.9109371 0.1775759 -0.4598014 -0.8781327 0.1321578 -0.4951256 -0.8534384 0.1627684 -0.5438787 -0.8075708 0.2280908 -0.5448905 -0.8136668 0.2025847 -0.2312311 0.9728209 -0.01231366 -0.4412626 0.8965 -0.0396896 -0.7268559 0.6854358 0.04310709 -0.7269354 0.6853587 0.04299277 -0.6104918 0.7918166 0.0180664 -0.8500106 0.5267655 3.16635e-4 -0.7269613 0.6853238 0.04311096 -0.945933 0.3185169 -0.06130111 -0.9878575 0.148752 -0.04483705 -0.8211877 -0.5705006 0.01341509 -0.9485241 -0.312091 0.05386424 -0.9981389 -0.05553561 -0.02519214 -0.9939979 0.1039995 -0.03394806 -0.998149 -0.05538183 -0.02512931 -0.9432751 0.3301384 0.03522437 -0.9432458 0.3302341 0.0351147 -0.9432485 0.3302268 0.03510832 -0.9170044 0.3959494 -0.04824155 -0.8210955 -0.5706304 0.01353174 -0.6590359 -0.7484604 -0.07401829 -0.4651526 -0.8850196 -0.01932191 -0.2003315 -0.9770051 0.07299631 -0.4649744 -0.8851113 -0.01941817 0.06849014 -0.9976513 0.001066327 -0.8685092 -0.4876654 0.08873736 -0.8735545 -0.3691092 -0.3172711 -0.8770788 -0.4645244 -0.1222703 -0.8734917 -0.3691035 -0.3174508 -0.8734904 -0.3691059 -0.3174514 -0.777673 -0.358197 -0.5166428 0.9864485 -0.162572 -0.02213251 0.9961934 0.08166497 -0.03049081 0.8999401 0.4305464 0.06883174 0.8998901 0.4306527 0.0688188 0.9571104 0.2853998 0.04986792 0.7882894 0.6145905 0.02964133 0.7279408 0.6782711 0.1002522 0.04918485 0.006766617 0.9987668 0.0112124 0.001545071 0.999936 0.006581425 0.003364145 0.9999727 -0.004691183 0.002622485 0.9999856 0.004155755 0.003835558 0.999984 0.007604777 0.002244293 0.9999686 -3.82637e-6 0 1 0.466536 0.3929654 0.7924156 0.7291914 0.02380967 0.6838956 0.8536334 0.03776687 0.5195034 0.8536735 0.03763824 0.5194469 0.6701422 -0.1438006 0.7281696 0.80596 -0.2198432 0.5496339 0.8536605 0.03781151 0.5194555 0.7873865 -0.02953165 0.6157519 0.8447545 0.300371 0.4429078 -0.6024733 -0.4446195 0.6628269 -0.5341381 -0.5710713 0.6233572 -0.4783198 -0.6367112 0.6048216 -0.5129302 -0.8144505 0.2712438 -0.6024968 -0.4445994 0.662819 -0.4312403 -0.8496348 0.3035665 -0.4051413 -0.8737244 0.2691962 -0.5087268 -0.01981836 0.8607 -0.7612403 -0.1215189 0.6369824 -0.8843854 -0.01777106 0.4664192 -0.8844397 -0.01775747 0.4663166 -0.8428467 -0.1611108 0.5134713 -0.9977206 -0.03176909 0.05953592 -0.9979044 -0.04657495 -0.04491764 0.8853499 -0.02610319 0.464192 0.816019 -0.06558644 0.5742922 0.6715245 -0.02842408 0.740437 0.8159229 -0.06182092 0.5748462 0.04425257 -0.9663178 0.2535185 0.03966635 -0.6130538 0.7890447 -0.02827256 -0.8928154 0.4495347 -0.03835439 -0.7677344 0.6396194 0.02028626 -0.3203614 0.9470782 -0.04916948 -0.2225775 0.9736743 -0.05390131 -0.3074912 0.9500231 -0.2168125 -0.2735104 0.937115 -0.155972 -0.954869 -0.2527804 0.0541284 -0.9978888 -0.03589087 0.07017779 -0.86405 -0.4984904 0.1454824 -0.8090485 -0.5694518 0.05418401 -0.9978876 -0.03584098 0.3478457 -0.9162311 -0.1988062 0.3081054 -0.7465575 -0.5896804 -0.8729213 -0.4856318 0.04658526 -0.5058335 -0.8624842 0.01592791 -0.7111908 -0.699013 0.07475763 -0.9766655 -0.2145494 -0.00965625 -0.8730004 -0.4854803 0.04668271 -0.9975022 0.06391996 0.03005927 0.9912624 0.01681077 0.1308293 0.9997181 -0.003040671 -0.02355116 0.999718 -0.003021478 -0.02355366 0.9655191 0.007163226 -0.2602338 0.9997139 -0.003061592 -0.02372521 0.8938471 0.001717448 -0.4483686 -0.3277383 0.001380026 0.9447676 -0.344572 0.00427097 0.9387503 -0.344536 0.004265308 0.9387635 -0.3615032 0.007205486 0.9323431 0.0096457 -0.971861 0.2353578 0.08255684 -0.9443393 0.3184458 -0.1305017 -0.9680205 0.2142564 -0.2423226 -0.9694253 0.03865778 -0.09093213 0.2692139 0.958778 -0.2191102 0.1020854 0.970345 -0.3922529 0.2012257 0.8975779 -0.3582651 0.3161328 0.8784681 -0.2192548 0.1020737 0.9703136 -0.5661335 -0.1769393 0.8050997 -0.3923624 0.201282 0.8975174 -0.5661379 -0.1769064 0.8051037 -0.6141994 0.2631546 0.7439817 0.9375537 0.1355918 0.320325 0.7243487 0.4699883 0.5044107 0.9094679 0.3826887 0.1625349 0.9095217 0.3826195 0.1623966 0.9095248 0.3826085 0.1624052 0.9734861 0.2287405 0.001645326 -0.04930889 0.9907789 -0.1261971 -0.344152 0.862504 -0.3710072 0.1858599 0.9614124 -0.2028353 0.1858853 0.9614101 -0.2028235 -0.3822316 0.7562413 -0.5310349 0.2075867 0.7998697 -0.563131 0.9414386 -0.2428023 -0.2339667 0.6267459 -0.7620264 -0.1628044 0.8640466 -0.4252927 -0.2693508 0.6135898 -0.7864294 -0.07096958 0.8640562 -0.425336 -0.2692513 0.7718034 -0.6345701 -0.04050028 0.8606863 -0.5091293 0.002548754 0.767133 -0.6054116 0.212094 0.6135371 -0.7864837 -0.07082182 0.3360656 -0.9340198 0.1211076 -0.5932056 0.7504171 0.2915154 -0.7803035 0.5043664 0.3697851 -0.8038186 0.5875193 0.09325689 -0.9350755 0.3291891 0.1314098 -0.8039047 0.5874145 0.09317493 -0.9974924 0.06411051 0.02997976 0.09610658 -0.8886783 -0.4483465 0.2228319 -0.8934317 -0.3900331 0.2232813 -0.624772 -0.7482016 0.1773671 -0.4887801 -0.8541868 0.2840241 -0.7160151 -0.6376934 0.4246616 -0.6187354 -0.6609306 -0.001009643 -0.9917819 -0.1279368 0.07962572 -0.9725134 0.2188091 0.009624361 -0.9719012 0.2351922 0.2412647 -0.8962817 0.3721163 0.06535011 -0.9053696 0.4195656 0.2469797 0.8912253 0.3804188 0.2433709 0.9622803 0.1216033 0.4405478 0.8842675 0.1548827 0.5285584 0.8484337 0.02804356 0.6329029 0.7696213 0.08436363 0.5286836 0.8483534 0.02811366 0.9030982 0.4283446 0.03056991 -0.581609 -0.02855366 0.8129674 -0.6025142 -0.4444385 0.6629111 -0.6362657 -0.2931398 0.713607 -0.6025032 -0.4445365 0.6628553 0.006325304 -0.9997335 0.02220344 0.005622029 -0.9999304 0.01038277 -0.001254141 -0.9999215 0.0124669 0.001638591 -0.9999986 -4.25352e-4 -0.001650571 -0.9999986 4.43528e-4 0.001778244 -0.999994 -0.002984344 -0.00478208 -0.9999809 0.003905296 -0.004671216 -0.9999678 0.006529331 0.9663421 -0.2367031 -0.1007708 0.9795765 -0.198773 0.03031849 0.9994577 0.02681565 -0.01911014 0.9993599 -0.02194988 0.02825206 0.9994596 0.02675509 -0.0190944 0.9993597 -0.02194392 0.02826154 0.9873589 -0.1403281 0.07369303 0.9831574 -0.004959225 0.182694 0.9873312 -0.1405015 0.07373344 0.9708192 -0.2109464 0.1140689 0.8342501 -0.4942246 0.2444769 0 -1 -1.92718e-7 0 -1 2.93671e-7 0 -1 -3.65356e-7 -0.09808218 0.2310156 0.9679937 -0.0367282 -0.03663778 0.9986535 0.4106892 0.008164167 -0.9117388 -0.03481006 -0.01272672 -0.999313 -0.2424015 -0.01508802 -0.9700587 -0.5624107 -0.003721535 -0.8268496 -0.2425971 -0.01510465 -0.9700096 -0.8033743 -0.01426899 -0.5953035 0.001994192 0.9999424 -0.01054793 -4.20398e-4 0.9999968 0.00250566 0.05465883 0.9905833 0.1255281 -0.05713689 0.9968126 0.05568021 0 1 4.81069e-7 0 1 -1.7527e-7 -4.20342e-4 0.9999968 0.00250554 0.001990497 0.9999427 -0.01052439 0.005951225 0.9994867 -0.03148263 -0.01010578 0.9999217 -0.00739479 -0.002191543 0.9999917 -0.003427207 -1.97953e-4 0.9999972 -0.002361953 0.005033612 0.9999874 2.8369e-4 0.004081606 0.9999917 -7.35349e-5 -0.8666788 -0.08144766 -0.492173 -0.8607202 0.3454437 -0.3739379 -0.8698465 0.1444743 -0.471693 -0.8606558 0.3456014 -0.3739402 -0.8606614 0.3455991 -0.3739297 -0.7445434 0.5617622 -0.3606639 -0.138947 0.926747 0.3490468 0 1 -4.27904e-7 -0.09757709 -0.02703088 0.9948608 -0.3299885 0.03428202 0.9433622 -0.5769171 -0.01215761 0.8167122 -0.5770372 -0.01204234 0.8166292 -0.5770496 -0.01206505 0.81662 -0.7102367 0.1433866 0.6892054 0.2423147 0.06958836 -0.9676989 0.3712519 0.1096467 -0.9220356 0.5145107 8.33124e-4 -0.8574836 0.5722528 0.0720449 -0.8169066 0.659938 -0.09814608 -0.7448821 0.6128684 -0.1940495 -0.7659878 0.4639491 -0.003704011 -0.8858541 0.4062088 0.0519284 -0.9123037 0.2839603 0.1726495 -0.9431642 0.2866383 0.1579852 -0.9449229 -0.9744831 0.1637856 -0.1534836 -0.7445001 0.325683 -0.5827953 -0.678426 0.6865432 -0.2615274 -0.6065286 0.7239317 -0.3287034 -0.6844666 0.4505255 -0.5731776 -0.3890987 0.4963421 -0.7760456 -0.1034691 -0.9192122 0.3799252 -0.3443433 -0.3871467 0.8553042 -0.1239074 -0.9660885 0.2265394 -0.5368361 -0.1344017 0.8329126 -0.418522 -0.1967149 0.8866468 -0.5597649 -0.0594837 0.8265138 0.8028131 0.5128726 0.3040609 0.878625 0.4586979 -0.1327194 0.7211745 0.6071097 0.3336544 0.7793919 0.609192 0.1464024 0.8786275 0.4586728 -0.132789 0.805884 0.5691115 -0.163289 -0.424816 0.7816818 0.4566233 -0.7714911 0.518576 0.3686198 -0.6119712 0.7860346 0.08741319 -0.6119844 0.7860345 0.08732086 -0.7466565 0.5823756 0.3214698 -0.8420375 0.5254619 0.1219132 -0.9049214 -0.4236423 0.04055255 -0.9962924 -0.05704545 0.06439971 -0.8618459 -0.4610257 0.2113696 -0.9169803 -0.3418455 0.2056428 -0.9962955 -0.05694967 0.06443613 -0.9341613 -0.2803434 0.2207948 -0.9340943 -0.2805281 0.2208434 -0.409247 0.3851702 0.8271401 -0.05017524 0.7521354 0.6570958 -0.06486743 0.5363476 0.8415008 0.1325297 0.5950701 0.7926712 -0.05006784 0.7521236 0.6571175 0.1768451 0.8268087 0.5339601 -0.09742099 -0.02693986 0.9948786 0.221363 -0.08020037 0.971888 0.520738 -0.02107834 0.8534563 0.7215605 0.04588711 0.6908291 0.5208323 -0.02117735 0.8533964 0.8875691 0.003447175 0.4606617 0.1162851 -0.4383709 0.89124 -0.1114208 -0.8353755 0.5382688 -0.1617583 -0.5933344 0.7885358 -0.1618695 -0.5933453 0.7885047 -0.1531079 -0.8970853 0.4144828 -0.4093661 -0.6495711 0.6406848 -0.9871049 7.06868e-4 0.1600735 -0.9496932 -1.32984e-4 0.3131819 -0.801589 -2.44063e-4 0.5978755 -0.4587168 -4.47415e-4 0.8885825 -0.8014902 -2.35915e-4 0.5980078 -0.2119731 0.00464946 0.9772644 -0.06330686 0 0.9979941 -0.02218294 0.01055163 0.9996983 -0.01478636 0.007033467 0.999866 0.2428858 0.007449686 0.9700263 0.4756333 0.008141815 0.879606 0.6341397 -0.01816755 0.773005 0.6064913 -0.01439964 0.7949597 0.5704015 -0.03309351 0.8206991 0.6064798 -0.01441746 0.7949682 0.5704115 -0.03306239 0.8206934 0.585841 0.01122915 0.8103483 0.8727269 0.4815515 0.0803495 0.7827423 0.622317 -0.006013989 0.7827638 0.6222899 -0.005998313 0.6651822 0.7409759 -0.09212708 -0.9145675 0.06834393 0.3986169 -0.917185 -0.08522152 0.3892419 -0.756907 -0.1730682 0.6301899 -0.5445283 -0.07095831 0.8357357 -0.7568293 -0.1731582 0.6302584 -0.2677708 -0.1359441 0.9538438 -0.5113899 0.08928173 0.8546983 -0.6278112 0.01678115 0.7781848 -0.3684235 0.2073947 0.9062293 -0.1938326 0.3075861 0.9315684 0.008396685 0.3346307 0.9423121 0.07028323 0.03673076 0.9968506 0.03224337 0.02329003 0.9992087 0.03222149 0.02318173 0.999212 0.1642954 -0.1742018 0.9709073 0.1520653 -0.1612447 0.9751288 0.003264009 -4.49515e-4 0.9999946 0.002056181 0.003377079 0.9999922 5.62363e-4 0.003578722 0.9999935 5.64942e-4 0.003599226 0.9999935 0.001992762 0.003332614 0.9999926 5.57435e-4 0.003552079 0.9999936 1.34292e-6 0 1 0.4035866 -0.9125278 -0.06641411 0.147273 -0.9822835 0.1158865 0.008690118 -0.9967786 0.07973033 -0.03811389 -0.943695 0.3286142 0.1471368 -0.9822979 0.1159385 -0.383433 -0.9064021 0.1772413 -0.0781486 -0.9738142 0.2134916 0.01352554 -0.01998102 0.999709 0.0130124 -0.02700549 0.9995507 0.0129975 -0.02712166 0.9995477 0.01240134 -0.03376853 0.9993528 0.9671444 0.1375747 0.2137873 0.9950218 -0.06614398 0.07454323 0.9950202 -0.06615328 0.07455682 0.9950187 -0.06629657 0.07444959 0.9950209 -0.06628382 0.07443183 0.9614447 -0.2660865 -0.06944197 0.9328315 0 -0.3603132 0.9329473 3.55361e-4 -0.360013 0.9764465 -0.0247513 -0.2143354 0.9764804 -0.02479737 -0.2141755 0.9330827 7.35165e-4 -0.3596614 0.9999982 0.001929581 4.24512e-4 0.9373281 -0.01648288 0.3480582 0.794767 0.05026906 0.6048294 0.5301406 0.001073896 0.847909 0.2206026 0.05189025 0.9739825 -0.08288234 0.003320276 0.9965538 -0.3918845 0.04913842 0.9187013 -0.611492 -0.00320518 0.7912442 -0.8636149 -0.02431493 0.5035655 -0.9262138 -0.07256752 0.3699488 -0.926282 -0.0725789 0.3697758 -0.9341147 0.01215296 0.3567663 -0.9900595 0.009679198 -0.1403159 -0.9664269 0.03663522 -0.2543168 -0.864903 0.009981572 -0.5018399 -0.6172958 -0.03192991 -0.786083 -0.5343496 0.1010481 -0.8392019 -0.8648658 0.01006424 -0.5019024 -0.3545117 0.02670067 -0.9346703 -0.4618738 0.2037226 -0.8632323 -0.3544238 0.02672147 -0.934703 -0.07089424 0.1513527 -0.9859343 -0.01027846 0.01018041 0.9998954 0.006582736 0.005320906 0.9999642 0.002194821 0.001810967 0.999996 0.01167458 2.61266e-4 0.9999319 0.002164721 0.001750707 0.9999962 0.01169848 2.6076e-4 0.9999316 4.72069e-6 0 1 0.002161502 0.001748859 0.9999961 0.002159595 0.001746892 0.9999963 -3.49285e-6 0 1 0.0021618 0.001748502 0.9999961 -3.56392e-6 0 1 8.42637e-6 0 1 -0.1318357 -0.9872091 0.08965229 0 -1 -4.01669e-7 -0.006243348 -0.999964 -0.005747377 -0.01544076 -0.999805 0.01231122 -0.00624746 -0.9999639 -0.005751252 -0.01542943 -0.9998052 0.01231229 -0.02314871 -0.9995617 0.01846176 -0.02753615 -0.9981676 0.05388301 0.09172862 -0.01330691 0.9956952 -0.1452848 -0.009681522 0.9893426 -0.3226699 0.1037377 0.9408096 -0.3227888 0.1038242 0.9407593 -0.1872913 0.2333199 0.9541927 -0.3113899 0.3833031 0.8695489 -0.322838 0.1037415 0.9407515 -0.3129873 0.2383651 0.919359 -0.3472002 -0.03032839 0.9373005 -0.8701625 -0.02109217 -0.4923133 -0.7208583 -0.006172418 -0.693055 -0.4808978 6.84923e-4 -0.8767764 -0.2426161 -0.008815824 -0.9700823 -0.4807592 7.15077e-4 -0.8768525 -0.02375572 -0.001645922 -0.9997165 -0.5446001 0.6281409 -0.5557425 -0.6010111 0.7158275 -0.3554949 0.558057 0.7748321 0.2969978 0.4364858 0.8907941 0.1263564 0.4364742 0.8908017 0.1263439 0.2898082 0.9556948 -0.05156397 -0.4459068 -5.23256e-4 0.8950793 -0.6996113 0.008364856 0.7144747 -0.8883776 -0.002066433 0.4591088 -0.9640739 -0.007836103 0.2655187 -0.8884714 -0.002048909 0.4589274 -0.9998156 0.002514958 0.01904118 -0.3421142 0.7228972 0.6003146 -0.2654409 0.8944632 0.3598288 -0.3213397 0.7996722 0.5072133 -0.3014335 0.8788184 0.3698868 -0.1936943 0.9568293 0.2167032 -0.1936575 0.9568766 0.2165271 -0.2093767 0.9397826 0.2701297 -0.1647845 0.9838572 0.06979328 0.01748555 -0.008063316 0.9998146 0.01211953 -0.003617048 0.99992 0.007524311 -0.004176259 0.9999631 -0.001184284 -9.0873e-4 0.9999989 1.32762e-5 0 1 -0.001170635 -8.98199e-4 0.999999 -9.34134e-4 0.002972662 0.9999952 -0.001011133 0.004095554 0.9999911 -0.001024067 0.004146516 0.9999909 -9.34266e-4 0.002972602 0.9999952 0.007444322 0.006412386 0.9999517 0.009271383 0.002361238 0.9999542 0.006318211 -0.006200909 0.9999609 0.8783091 0.4778805 0.01426386 0.914592 0.4004943 0.05590862 0.9449693 0.318565 0.0744943 0.9402849 0.3211593 0.1127884 -0.2565378 0.966425 -0.01453137 -0.472384 0.8598673 -0.193602 -0.6088171 0.7912808 -0.05671584 -0.8008915 0.5968843 -0.04797881 -0.8481629 0.5054063 -0.1586951 -0.1392508 0.9900618 0.01967149 -0.4639261 0.8855643 0.02342075 -0.8008697 0.596921 -0.0478878 -0.9853606 0.1618796 -0.05347323 -0.9961923 0.08717089 0.001508474 -0.8429825 0.5358248 -0.04766982 -0.8670701 0.4960716 0.04585289 -0.8670052 0.4961839 0.04586642 -0.6098867 0.7788078 0.1466178 -0.4303503 0.8957437 0.1115434 -0.8046447 0.4986057 -0.3223963 -0.9958678 0.09077215 -0.00280255 -0.8510351 0.3152908 -0.4199179 -0.9640492 0.2498199 -0.09055006 -0.07546895 0.996108 -0.0455349 -0.05033481 0.9966232 -0.0648756 -0.08067357 0.9829023 -0.165514 -0.2623201 0.8609851 -0.4357672 -0.1262543 0.8618662 -0.4911684 -0.2776731 0.4758279 -0.8345571 0.004290878 0.4548152 -0.8905755 -0.269892 0.4113708 -0.8705931 -0.1910349 0.133645 -0.9724427 0.04057753 0.09419345 -0.9947267 -0.1122502 0.151697 -0.9820325 0.105682 0.1678961 -0.9801236 -0.01424175 0.1792531 -0.9836999 0.1057204 0.1680127 -0.9800995 -0.01344317 0.4163551 -0.9091027 0.2125884 0.4906128 -0.8450476 -0.151979 0.9871342 0.0496844 -0.1160271 0.9911774 0.06407076 -0.9709125 -0.2390121 0.01422256 -0.9962981 -0.05693835 0.06440693 -0.7829158 0.3319232 -0.5261844 -0.7986776 0.3466724 -0.4918662 -0.8260893 0.543285 -0.1497265 -0.8412699 0.3353553 -0.4240305 -0.576387 0.7581301 -0.3049867 -0.7821621 0.5988368 -0.1720961 -0.4170152 0.9001921 -0.1255093 -0.3072721 0.9341526 -0.1815015 -0.1193397 0.9909335 -0.06171619 -0.2821373 0.9522933 -0.1163448 -0.3778539 0.9242749 0.05424356 -0.05048888 0.9986348 0.01339894 -0.325254 0.9295748 0.1734954 -0.06099361 0.9913752 0.1159967 -0.1249873 0.8643599 0.4870936 -0.0896573 0.8315204 0.548211 -0.07604658 0.4768666 0.8756799 -0.1074253 0.6317291 0.7677097 -0.02588117 0.3437067 0.9387204 -0.256859 0.5065217 0.8230793 -0.01629716 0.9880239 -0.1534377 0.02852755 0.8633494 -0.5037994 -0.008879244 0.9875355 -0.1571453 -0.4263938 0.1397731 -0.8936732 -0.2777246 0.4756492 -0.8346418 -0.4989299 0.4190189 -0.7586119 -0.493318 0.5005151 -0.7114225 -0.2983588 0.5445074 -0.7838965 -0.3544142 0.8475594 -0.395011 -0.4933535 0.5003285 -0.7115292 -0.6383156 0.1500276 -0.7550132 -0.638319 0.1500265 -0.7550106 -0.4989671 0.4190387 -0.7585765 -0.6779393 0.2722927 -0.6828287 -0.7598188 0.1167218 -0.6395714 -0.6383369 0.1501104 -0.7549788 -0.618871 0.4823238 -0.6199697 -0.566841 0.1253305 -0.8142381 -0.783975 0.1718636 -0.5965285 -0.7933889 0.2500954 -0.5549652 -0.9477661 0.2164755 -0.2342602 -0.962746 0.1039243 -0.2496398 -0.9116491 0.07369589 -0.4043081 -0.9427617 -0.01349985 -0.3331937 -0.9999632 -4.09717e-5 0.008586525 -0.9917892 0.08713883 -0.0936014 -1 -1.71146e-6 0 -1 -5.15467e-7 0 -0.999989 0.004561305 -0.001155316 -0.9999995 -7.4476e-6 -0.001105785 -0.9998629 0.01656442 0 -0.9201009 0.1845064 0.3455021 -0.9744145 0.1341473 0.1803359 -0.9999743 0.001879632 0.006926953 -0.771598 0.5184453 0.3685798 -0.7611806 0.217304 0.6110508 -0.8907372 0.2650203 0.3692582 -0.867798 0.134939 0.4782448 -0.9743911 0.1341745 0.180442 -0.2462309 0.796428 0.5523339 -0.4188297 0.4003478 0.8150482 -0.4248196 0.7816174 0.4567306 -0.4319474 0.7339097 0.5242118 -0.6098604 0.5934413 0.5252597 -0.5004569 0.05273789 0.8641538 -0.9141309 0.2636374 0.3079935 -0.006191968 0.4176377 0.9085926 -0.2327396 0.3399862 0.9111761 -0.3305675 0.5343062 0.7779731 -0.232753 0.3400998 0.9111303 -0.1785904 0.1630497 0.9703197 0.08982408 -0.001811861 0.995956 -0.1688077 0.03012967 0.9851884 1.99496e-7 0 1 -2.36188e-6 0 1 -9.75687e-7 0 1 -0.009364068 0.006916522 0.9999322 0.2342886 0.1455466 0.9612102 -0.01288408 0.1248003 0.9920983 0.05970823 0.3242856 0.9440731 0.09665399 0.1259523 0.9873167 0.009898304 0.04246461 0.999049 0.00990343 0.04247015 0.9990487 0.09666901 0.1259344 0.9873174 0.04433101 0.004492998 0.9990069 0.09666442 0.1260561 0.9873023 0.42554 0.2340523 0.8741483 0.2031774 -0.05348193 0.9776803 0.1788502 -0.2778051 0.9438416 0.08994078 -0.001819252 0.9959455 0.4000285 -0.1025688 0.9107453 0.2769321 0.06238657 0.9588621 0.3995694 0.16439 0.9018427 0.3460881 0.09288454 0.9335929 0.3996871 0.1645142 0.9017679 0.5618265 0.3628199 0.7434465 0.3198561 -0.2379272 0.9171057 0.2904546 -0.3698012 0.8825437 0.6327618 -0.1138819 0.7659266 0.632844 -0.1138594 0.765862 0.6821461 0.01979374 0.730948 0.959864 -0.1626647 0.2284761 0.4240783 -0.8821508 0.2048602 0.1526252 -0.9648349 0.2140073 0.0957123 -0.8710704 0.4817424 0.2032889 -0.9772025 0.0612294 0.152576 -0.9648622 0.2139198 -0.05979335 -0.9981753 0.00841546 0.03438913 -0.976965 0.2106105 0.1904322 -0.781732 0.5938273 0.09562885 -0.8710694 0.4817605 0.0897209 -0.8897068 0.4476293 0.1695421 -0.6963436 0.6973959 0.08973515 -0.8896265 0.447786 0.178853 -0.2778973 0.9438139 0.3262853 -0.6990711 0.6362684 0.3893445 -0.504173 0.7708569 0.6465241 -0.3007778 0.7010987 0.5711499 0.2591525 0.7788631 -0.2326045 -0.9725705 0.001362681 -0.4337069 -0.8979429 0.07481235 -0.04172271 -0.9989733 0.01765584 -0.394441 -0.9184268 0.03014612 0.4587967 -0.8429385 0.2809987 0.06871664 -0.9961605 0.05424469 0.2634507 -0.9207629 0.2877315 -0.04161959 -0.9989776 0.01766002 0.08251976 -0.9443693 0.3183663 0.03459119 -0.9663123 0.2550374 0.2193526 -0.9693395 0.1107493 0.05424243 -0.9972879 0.04974472 0.3115096 -0.9224174 0.2282719 0.2444989 -0.9566047 0.1585181 0.5052883 -0.8056996 0.3090828 0.3956053 -0.9051967 0.1552914 0.7078157 -0.6975551 0.1114176 0.3031471 -0.9292724 0.2110797 0.4718216 -0.8185711 0.3276063 0.5807982 -0.6960647 0.4220989 0.6782696 -0.5785382 0.4530385 0.4719101 -0.8185318 0.3275768 0.6779261 -0.7152382 0.1698549 0.8392625 -0.4688899 0.275283 0.6153168 -0.5245232 0.5884392 0.7436218 -0.4647489 0.480661 0.2948831 -0.854821 0.4269956 0.02961009 -0.9431411 0.3310711 0.07392138 -0.7931433 0.6045324 -0.09254318 -0.9894339 0.1116088 -0.1721516 -0.9110227 0.3747019 0.0519942 -0.9719985 0.2291625 0.02946537 -0.9431489 0.3310618 -0.2684896 -0.8526509 0.4482185 -0.2309235 -0.7344669 0.638148 0.05192363 -0.9719796 0.2292591 -0.2308918 -0.7344167 0.638217 0.07382452 -0.7931266 0.6045662 -0.1710114 -0.5721598 0.8021149 0.1381294 -0.5870076 0.7977108 -0.3823177 -0.7636309 0.5202894 -0.6449398 -0.5100706 0.569105 -0.2310717 -0.7343526 0.6382257 -0.2309885 -0.7343468 0.6382626 -0.3865641 -0.759055 0.5238356 -0.2778784 -0.4520847 0.8475866 -0.3982868 -0.3805171 0.8346104 -0.5021461 -0.3102886 0.8071991 -0.1245435 -0.2660121 0.9558904 0.07884669 -0.3212893 0.9436931 0.3212988 -0.5073862 0.799579 0.2557084 -0.4901971 0.8332588 0.3989766 -0.6496645 0.647112 0.2944678 -0.7631796 0.5751918 -0.3842291 -0.1124566 0.9163632 -0.620635 -0.05120164 0.7824262 -0.3636075 -0.1383883 0.9212157 -0.1244551 -0.266051 0.9558911 -0.2778242 -0.451966 0.8476676 0.06541693 -0.24041 0.9684646 0.1676542 -0.5855593 0.793103 0.08111971 -0.5395401 0.838043 -0.1730867 -0.1839082 0.967584 0.08115583 -0.5396626 0.8379607 0.09547555 -0.8584005 0.5040168 0.2118477 -0.9378123 0.2750065 0.3678554 -0.7947098 0.4828237 0.4008741 -0.8632795 0.3066731 0.4931709 -0.7195574 0.4888966 0.5813686 -0.6624747 0.4723748 0.509209 -0.5975081 0.6194275 0.5681914 -0.5552719 0.6073153 0.5610436 -0.5494039 0.6191813 0.1381558 -0.5870202 0.797697 0.3542453 -0.7896356 0.5009849 -0.1512969 -0.5520828 0.8199476 0.09541517 -0.8583381 0.5041346 -0.3219408 -0.3475794 0.8806491 -0.1520475 -0.8075712 0.5698336 -0.04356122 -0.9338345 0.355043 0.05555927 -0.9929668 0.1045475 0.07867759 -0.9683592 0.2368338 0.05145072 -0.9986612 0.005372166 -0.1725406 -0.8831107 0.4362857 0.09277743 -0.9255456 0.3670937 0.3176855 -0.8052433 0.5006588 0.3088817 -0.9439361 0.1165196 0.002857208 -0.937234 0.3486897 0.653014 -0.7309151 -0.1983326 0.6525855 -0.7257214 -0.2178547 0.5791359 -0.8133885 -0.05477976 0.2396678 -0.9608795 -0.138817 0.239581 -0.9609028 -0.1388049 0.04425024 -0.9663411 0.2534306 0.03533744 -0.9993206 0.01047837 -0.04199957 -0.9610298 0.2732361 -0.02999264 -0.9884505 0.1485466 -0.115881 -0.8537281 0.5076614 0.157674 -0.9799229 0.1220249 0.07727372 -0.996087 0.04288911 0.2441836 -0.9696882 0.008899509 0.5586683 -0.7931115 -0.2426193 0.1031241 -0.8418777 0.529724 0.4109103 -0.9003129 0.1434904 0.3840245 -0.9211372 0.06349468 0.21939 -0.9718636 0.08572816 0.9540827 -0.1305282 0.2696088 0.8473616 -0.5083796 0.1533898 0.6249925 -0.4556072 0.633882 0.6893032 -0.4552123 0.5635982 0.6321764 -0.7576526 0.1622202 0.5831131 -0.5282207 0.6172212 0.3803294 -0.7490935 0.5424099 0.08985906 -0.9000492 0.4264233 0.877067 -0.1055897 0.4686197 0.8050428 -0.01796245 0.5929449 0.7556911 -0.08316653 0.6496263 0.8233221 -0.4047024 0.3979406 0.9790279 -0.1765931 0.1015834 0.9884817 -0.1196726 0.0926423 0.8607742 -0.455739 0.2266491 0.7957314 -0.599305 0.08743619 0.7673971 0.09811621 0.6336206 0.872736 -0.3726105 0.3154258 0.9737198 -0.03963905 -0.2242738 0.9858869 -0.1641788 -0.03274899 0.8790252 -0.4723619 0.06472325 0.7520594 -0.5653836 0.3387454 0.8303651 -0.5545657 0.05432122 0.8174164 -0.5302466 0.2250981 0.8714403 -0.4904705 0.005525469 0.9368204 -0.142438 -0.3194979 0.8084099 -0.2231489 -0.5446816 0.7394701 -0.1946389 -0.6444376 0.9736954 -0.03962087 -0.2243824 0.9402654 -0.0910021 -0.3280541 0.3669359 -0.397808 -0.8408966 0.4754928 -0.3546389 -0.8050701 0.2518953 -0.1363658 -0.9580987 0.4853941 -0.134886 -0.8638278 0.08681172 -0.08270388 -0.9927859 0.1133866 -0.1533842 -0.9816399 0.3601658 -0.5258841 -0.7705367 0.3670264 -0.3979012 -0.8408129 0.4247626 -0.6187959 -0.6608089 0.6425611 -0.6808565 -0.3514963 0.3649382 -0.1656249 -0.9161815 0.150394 -0.07479715 -0.9857927 0.1446214 -0.1801683 -0.9729461 0.06859481 -0.207648 -0.9757956 -0.129184 -0.2174293 -0.9674896 -0.5742847 -0.5641822 -0.593208 -0.7304405 -0.4399052 -0.5224367 -0.29033 -0.2113372 -0.933298 -0.2053256 -0.1603965 -0.9654607 -0.2903174 -0.2113683 -0.9332948 -0.1460642 -0.5183409 -0.8426078 -0.4362004 -0.5412868 -0.7188448 0.1918676 -0.3141786 -0.9297735 0.1133841 -0.1534748 -0.981626 0.8301093 -0.5575935 0.002881288 0.7685234 -0.5968444 -0.2305397 0.7178564 -0.5018376 -0.4825363 0.6924268 -0.5757908 -0.434753 0.6625209 -0.4861668 -0.5698316 0.6425649 -0.6808869 -0.3514306 0.5966296 -0.4528743 -0.6625241 0.7647327 -0.6440522 -0.01951587 0.8765134 -0.4808281 -0.02299398 0.9192204 -0.3921357 -0.03554582 0.885177 -0.4454922 0.1341587 0.7066953 -0.5265805 0.4725407 0.7003322 -0.5025125 0.5069676 0.7150768 -0.5210244 0.466046 0.7762748 -0.5654502 0.2786819 0.8317573 -0.5487228 0.08416265 0.8140419 -0.5788391 0.04776185 0.839409 -0.522455 0.149778 0.7958081 -0.5472011 0.2593467 0.7165887 -0.4659569 0.519023 0.7002093 -0.609029 0.3725462 0.5577819 -0.8196708 -0.1304582 0.6254601 -0.7799562 -0.02163469 0.6690174 -0.6991073 -0.2523187 0.4469945 -0.666544 -0.5965863 0.3684153 -0.9116993 -0.1818646 0.44225 -0.8967286 -0.01711237 0.3707171 -0.9086635 0.1920926 0.4519588 -0.8900617 -0.05935776 0.5925086 -0.7702189 0.2360013 0.4520959 -0.8899925 -0.05935382 0.7393686 -0.6352102 0.2232538 0.6783058 -0.7160967 -0.1646417 0.05872774 -0.9913283 -0.1175554 0.2289969 -0.9705424 0.07488662 -0.1721393 -0.7467629 0.6424276 0.0355696 -0.4516038 0.8915093 0.209215 -0.8657183 0.4547097 0.2092739 -0.865732 0.4546565 0.03454136 -0.3786526 0.9248941 0.3170697 -0.5407606 0.7791308 0.0457794 -0.09585267 0.9943423 0.2142338 -0.5195725 0.8271326 0.03455168 -0.3785644 0.9249299 0.05791479 -0.2798849 0.9582851 -0.04915648 -0.222406 0.9737142 -0.002983331 -0.1698848 0.9854595 0.0883935 -0.1940317 0.9770048 0.119511 -0.3074218 0.9440388 0.1384056 -0.9903097 -0.01143461 0.209294 -0.8657569 0.4545997 0.1464979 -0.9794995 0.1382721 -0.0518589 -0.8641271 0.5005947 0.9482849 -0.2283686 0.220462 0.7394429 -0.6350981 0.2233265 0.4476299 -0.700166 0.5562329 0.6688087 -0.6958318 0.26175 0.596713 -0.542997 -0.5908368 0.2166233 -0.573885 -0.7897662 0.2984316 -0.8037031 -0.5147812 0.01513463 -0.7622734 -0.6470783 0.9795536 -0.1988753 0.03038769 0.7512747 -0.4956137 -0.4358367 0.6783655 -0.7160239 -0.1647124 0.6783317 -0.7160363 -0.1647973 0.1854017 -0.1878078 -0.9645488 0.01421666 -0.5266957 -0.849935 0.5673433 -0.4752043 -0.6725344 0.1854265 -0.1876116 -0.9645823 0.4413651 -0.2134716 -0.8715658 0.2690241 -0.1150736 -0.9562343 0.1854959 -0.1051046 -0.9770079 0.4922583 -0.4306672 -0.7564441 0.4534119 -0.1930941 -0.8701335 0.2691719 -0.1151219 -0.956187 0.5526945 -0.05268388 -0.831717 0.2541985 -0.1897139 -0.9483627 0.1996531 -0.3179793 -0.9268376 0.09728288 -0.5695036 -0.8162118 0.1550614 -0.7611517 -0.629765 0.4337565 -0.4594829 -0.7750683 0.4419178 -0.4890586 -0.7520176 0.04554289 -0.814862 -0.577863 0.03646504 -0.8161907 -0.5766308 0.2976275 -0.8892906 -0.3472467 0.5925328 -0.7815902 -0.1949912 0.4519794 -0.8900452 -0.05944937 0.4595653 -0.1880054 -0.8680171 0.3125929 -0.3421161 -0.886139 0.5527158 -0.05274808 -0.8316988 0.4338459 -0.4593484 -0.7750979 0.4506107 -0.2098707 -0.8677007 0.4323496 -0.3855381 -0.8151285 0.1997452 -0.3179988 -0.9268111 0.9537773 -0.2993562 -0.02636027 0.9538018 -0.2992829 -0.02630436 0.9655089 -0.2433537 -0.0925827 0.8373325 -0.5428673 -0.06457149 0.7669718 -0.6296378 0.1237365 0.8393768 -0.5224985 0.1498064 0.9999522 -0.009787499 0 0.9996397 0.01595097 -0.02159142 0.9991529 -0.03891545 0.01338183 0.9947752 -0.101047 0.01455014 0.9987898 -0.03337281 0.03612881 0.9995629 -0.0295633 0 0.9995561 0.02979588 0 0.9980636 0.06021088 0.01561808 0.9980618 0.06023693 0.01562803 0.9953944 0.09061038 0.03130102 0.997256 0.07235115 0.01568311 0.9927377 0.120285 0.00190252 0.9792363 0.190926 -0.06814324 0.9541295 0.2982844 -0.02575463 0.919098 0.386048 -0.07890504 0.8781047 0.4778763 -0.02380394 0.8051218 0.5858433 -0.09255576 0.769813 0.6379485 -0.02024298 0.702786 0.6896667 -0.1745042 0.6374766 0.7701798 -0.02113509 0.5535001 0.7824093 -0.2854354 0.4833502 0.8752451 -0.01785415 0.553457 0.7824311 -0.2854595 0.483325 0.8752591 -0.01784765 0.4557632 0.8715857 -0.1806056 0.4026662 0.9009141 -0.1619067 0.4391401 0.833877 -0.3343728 0.4435514 0.8569869 -0.2623656 0.4025937 0.9009566 -0.16185 0.2992931 0.877349 -0.3750767 0.439106 0.8338928 -0.3343783 0.2351329 0.9686942 -0.07964998 0.1860102 0.9613951 -0.2027801 0.5645913 0.8226968 -0.06638312 0.3597559 0.9267336 -0.1083543 0.3960115 0.9136821 -0.09143388 0.6257165 0.7787705 -0.04466962 0.4867072 0.8727974 -0.03661584 0.5522918 0.8283391 -0.09395831 0.7006334 0.7103019 0.06770688 0.486678 0.8728166 -0.03654766 0.8690105 0.3671988 0.3316413 0.4531918 0.8869313 0.08927589 -0.4445074 0.7825508 0.4359216 -0.07497632 0.8280222 0.5556599 0.1360047 0.8959799 0.4227562 0.1921606 0.7834573 0.5909898 -0.07492834 0.8279893 0.5557153 0.1702017 0.9650362 0.1993399 0.1361525 0.895981 0.4227064 0.1703118 0.965043 0.1992133 0.2583444 0.9650442 -0.04413783 0.348205 0.931815 -0.1023429 0.4198724 0.8811373 -0.217496 0.2789396 0.9600892 0.02052748 0.2139623 0.9740982 -0.07316291 -0.190794 0.9758303 0.1065506 0.1748857 0.9797625 0.09736764 0.3596976 0.9313108 -0.05725359 0.5315457 0.7781442 -0.3345905 0.4496652 0.891329 0.05773931 0.07884341 0.8735312 0.4803405 0.4606685 0.8487337 -0.2596843 0.6130614 0.5189303 -0.5957073 0.5315756 0.7780688 -0.3347185 0.5316086 0.7780405 -0.3347318 0.5441218 0.7087306 -0.449035 0.5584338 0.7818416 -0.2772642 0.4738652 0.8757848 -0.0919395 -0.01763719 0.8709968 0.4909721 -0.1130341 0.9935316 0.01087373 -0.1027261 0.9916248 -0.07828038 0.2138587 0.9741161 -0.07322776 -0.01902335 0.9947996 -0.1000597 0.01654243 0.9965652 -0.08114248 -0.2328613 0.9630414 -0.1353764 -0.1029028 0.9916091 -0.07824593 -0.4101071 0.9097406 -0.06468558 -0.5917993 0.7900459 -0.1600032 -0.5583741 0.7861286 0.2649909 0.3122622 0.8618056 -0.3997291 0.5534679 0.7823571 -0.2856408 0.3091983 0.8031772 -0.5092177 0.3107306 0.445962 -0.8393835 0.3106555 0.4458356 -0.8394783 0.05029338 0.6264666 -0.7778241 -0.08288353 0.2769808 -0.9572941 0.1660341 0.1920696 -0.9672341 0.1205905 0.1481348 -0.9815875 0.281436 0.1031157 -0.9540236 0.1205881 0.1482455 -0.9815711 -0.02396482 0.2192424 -0.975376 -0.04411375 0.2561576 -0.9656279 -0.06300812 0.593879 -0.8020835 -0.402498 0.6789673 -0.6140024 -0.09737873 0.3252223 -0.9406105 -0.08303374 0.2770357 -0.9572651 -0.4025216 0.6789632 -0.6139914 -0.2808598 0.5542527 -0.7835317 -0.08304774 0.2769638 -0.9572848 -0.1614562 0.4980102 -0.8520082 0.07624977 0.5588935 -0.8257264 0.1059039 0.7582404 -0.6433163 -0.2584465 0.6653263 -0.7003902 0.00136888 0.975126 -0.2216476 0.3692232 0.3132163 -0.8749685 0.5477619 0.484845 -0.6818228 0.1661692 0.192167 -0.9671917 0.4112329 0.08302074 -0.9077418 0.3693457 0.3131262 -0.874949 0.4112108 0.08292412 -0.9077607 0.3386312 0.04334509 -0.9399203 0.8833542 0.4070928 -0.2322952 0.8052566 0.5621515 -0.1885407 0.6575656 0.587616 -0.4715029 0.6897516 0.6171163 -0.3786956 0.7491879 0.6085543 -0.2614943 0.9162153 0.09595161 -0.3890284 0.9455912 0.2277144 -0.2323868 0.8414704 0.5178388 -0.1541773 0.6575163 0.587641 -0.4715405 0.5903451 0.5037262 -0.6306763 0.85633 0.4922228 -0.1562558 0.6326115 0.1297137 -0.7635294 0.7609853 0.1073525 -0.6398257 0.9455917 0.2276202 -0.2324767 0.9456331 0.2275824 -0.2323457 0.8541563 0.1336534 -0.5025474 0.9415944 0.2557119 -0.2191149 0.8746234 0.1198369 0.4697586 0.7160343 0.05611985 0.6958056 0.9723271 0.07003855 0.2228783 0.979997 0.1212776 0.1577902 0.7966137 0.0693441 0.6004982 0.8901675 0.3404613 0.3028003 0.8524901 0.4979711 -0.1590142 0.852439 0.4980278 -0.159111 0.9040824 0.3599946 0.230302 0.8016179 0.5929262 -0.0764684 0.7245945 0.6660326 -0.1770972 0.7237541 0.6744076 -0.1461322 0.6723024 0.7088003 -0.2135687 0.6983458 0.7150039 -0.032902 0.6310031 0.7703197 -0.0918852 0.5685362 0.7238509 0.390905 0.7412261 0.6257653 0.2429026 0.8901099 0.340611 0.3028013 0.516496 0.5550813 0.6520098 0.7973622 0.5900188 0.126852 0.801621 0.5929422 -0.07631146 0.6350319 0.7408486 0.2188103 0.6358577 0.7492105 -0.1853885 0.3175733 0.4737069 0.8214311 0.3174773 0.4735987 0.8215306 0.2569298 0.3627642 0.8957618 0.106549 0.1614843 0.9811066 0.2596448 0.1059293 0.959877 0.5255432 0.1976867 0.8274807 0.3839231 0.1580953 0.9097302 0.8111842 0.3008324 0.501478 0.7159968 0.05623394 0.6958349 0.1497434 0.07865738 0.9855912 0.0117591 0.1085783 0.9940184 0.3455263 0.1827563 0.920441 0.1665037 0.3753778 0.9117938 0.2103225 0.6425107 0.7368476 0.3456112 0.1828315 0.9203943 0.5548422 0.570389 0.6056457 0.345574 0.1826879 0.9204368 0.2596931 0.1057802 0.9598803 0.6404879 0.05530792 0.7659742 0.7324582 0.3755701 0.5678488 0.3456858 0.1827821 0.9203761 0.8070644 0.1463261 0.5720453 -0.1273899 0.2350904 0.9635893 -0.03352558 0.2259078 0.9735717 0.1307916 0.4782365 0.8684374 0.3175669 0.4737346 0.8214176 0.1904917 0.7285248 0.6580005 0.5023276 0.7865468 0.3591814 0.5661769 0.8236353 -0.03269076 0.6014732 0.7611013 -0.2428065 -0.5610945 0.753081 0.3435726 -0.558401 0.7860537 0.2651563 -0.3774841 0.5184321 0.76729 -0.04567998 0.7293992 0.6825615 -0.03351002 0.2259613 0.9735598 -0.3773592 0.5184431 0.7673439 -0.3254233 0.4569379 0.8278331 -0.3774188 0.5183359 0.7673871 -0.1286242 0.5049843 0.853491 -0.3953445 0.6458815 0.6531001 0.2706398 0.8888971 0.3696162 0.1741542 0.7892951 0.5887984 0.5460408 0.8182107 0.1799188 0.5001859 0.8644014 0.05122929 0.7210801 0.6071943 0.3337047 0.8058522 0.5691823 -0.1631988 0.6388059 0.7301458 0.2425163 0.6740587 0.7207543 0.1617345 0.8058648 0.5691369 -0.1632947 0.7245613 0.6660857 -0.1770333 0.7245399 0.666133 -0.1769432 0.582741 0.8056009 0.1068661 0.7245463 0.6660971 -0.1770515 0.6358737 0.7491922 -0.185407 0.6358108 0.7492778 -0.185277 0.5438419 0.8385267 -0.03330236 0.5055702 0.8492901 -0.1520039 0.2902419 0.6521544 0.7003245 0.6489852 0.5524708 0.5230624 0.3591454 0.5280117 0.7695572 0.6726806 0.6066501 0.4236468 0.3360951 0.5748361 0.7460587 0.4699293 0.610895 0.6371607 0.4862183 0.8100962 0.3276219 0.8443209 0.5324398 0.06025069 0.6329449 0.6188851 0.4651473 0.4573714 0.6473184 0.6097461 0.8443928 0.5323401 0.06012487 0.8888148 0.4518502 0.07641774 0.802731 0.5129145 0.3042067 0.6988923 0.7010582 0.1416583 0.9823476 0.1045106 0.1551476 0.9748066 -0.2220135 -0.02149903 0.9793478 0.1843501 0.08302414 0.8428453 -0.1307361 0.5220344 0.9236846 -0.2609721 0.280536 0.8653361 0.1104765 0.4888643 0.9355186 0.1715991 0.308802 0.7996688 0.5080478 0.3200272 0.7663425 0.5749263 0.2866684 0.7161542 0.4257827 0.553021 0.8653308 0.1105643 0.488854 0.741842 0.3007007 0.5993743 0.7682774 0.07547777 0.6356516 0.6325072 0.6013786 0.4881378 0.359136 0.8119302 0.4602074 0.5014591 0.5426667 0.6738335 0.4328364 0.229008 0.8718991 0.2181403 0.9213853 0.3216584 0.362377 0.698696 0.6168523 0.2114619 0.9349158 0.2849851 0.3590258 0.8120279 0.460121 0.2000944 0.9666303 0.1599633 0.3590664 0.812024 0.4600961 0.5618422 0.3628069 0.7434411 0.666495 0.1450496 0.7312627 0.2770018 0.06245231 0.9588377 0.2343705 0.1456756 0.9611707 0.4089204 0.158942 0.898622 0.05627435 0.07987898 0.9952148 0.05973714 -0.9933286 0.09863972 0.2518428 -0.8382035 0.4837252 -0.04160934 -0.998978 0.01765221 -0.241419 -0.9702057 0.02044504 -0.3476352 -0.9326712 0.09630244 0.5481351 -0.8357725 -0.03213077 0.4772818 -0.8682637 0.135352 0.1234734 -0.9920788 0.02310961 0.1233031 -0.9921005 0.02309048 0.3641334 -0.9215088 0.1350129 0.3952876 -0.8855044 0.2441921 0.3009996 -0.8968017 0.3242624 0.3010879 -0.8967308 0.3243764 0.5732238 -0.739529 0.3528618 0.646507 -0.3009056 0.7010596 0.5057327 -0.8618953 -0.03702861 0.6266249 -0.7621335 -0.1627697 0.1285465 -0.9912862 -0.02876967 0.336001 -0.9340567 0.1210021 0.1201151 -0.987915 0.09796136 0.3360035 -0.934033 0.1211774 0.2552282 -0.9023834 0.3472217 0.5493959 -0.7550064 0.3579516 -0.08924376 -0.9830059 0.1604217 -0.08855283 -0.9935793 -0.07041841 0.04724615 -0.9960991 0.07452863 -0.06830406 -0.9398368 0.3347261 -0.1009481 -0.9943464 0.03293454 0.06894659 -0.9965798 0.04555451 -0.05184012 -0.987692 -0.1475713 0.141963 -0.9564826 -0.254927 -0.1467189 -0.9460562 -0.2888795 0.1419109 -0.9564545 -0.2550609 0.09450143 -0.8584086 -0.5041867 0.4000065 -0.7580975 -0.5150563 0.5422293 -0.7444256 -0.3896382 0.6686754 -0.5752219 0.4711613 0.5503956 -0.7846628 0.2852528 0.6798037 -0.679969 0.2747892 0.5559352 -0.8288618 0.0626443 0.6996529 -0.7115457 0.06471884 0.9682816 0.06220185 -0.2419952 0.9680361 -0.1002618 -0.2298999 0.8304221 0.5248237 -0.1869745 0.9032168 0.3611322 -0.2319116 0.9465948 0.2278125 -0.2281665 0.985521 0.1469263 0.08462232 0.9800278 0.1211592 0.1576893 0.9726917 0.09987634 0.209513 0.9341852 0.3106983 -0.1753985 0.876111 0.4628723 0.1348283 0.9226756 0.3458335 -0.170497 0.878634 0.4586372 -0.1328693 0.9032086 0.3611337 -0.2319409 0.8538687 0.4413214 -0.2759418 0.9921038 -0.03497004 -0.1204459 0.9865019 0.1424096 -0.08083099 0.9313635 0.3508306 0.09736537 0.9864876 0.1425447 -0.08076715 0.8216398 0.5649376 0.07585328 0.8862144 0.4632678 -0.00266695 0.964278 0.1720914 -0.2013769 0.948651 0.2162386 -0.2308728 0.9460533 0.2323274 -0.2258475 0.9465857 0.2278081 -0.2282083 0.9161862 0.2699936 -0.2961524 0.8385022 -0.5448373 -0.00816369 0.9313769 0.3507732 0.09744328 0.8127868 0.5080173 0.2851247 0.4774192 -0.8681756 0.1354327 0.9236707 -0.261061 0.2804993 0.5733045 -0.739523 0.3527432 0.7369069 -0.5030127 0.4516044 0.7160599 0.4257987 0.5531309 0.2269927 -0.9738824 -0.005232751 0.5682938 -0.8086682 -0.1519805 0.5270537 -0.7940124 -0.3029174 0.602066 -0.7331345 -0.3162759 0.5684373 -0.8085564 -0.1520376 0.8661823 -0.4154924 -0.2776586 0.6020097 -0.7332155 -0.3161953 0.8267493 -0.4960354 -0.2653948 0.7517268 -0.6041088 -0.2644985 0.6087461 -0.791239 -0.05804449 0.9432291 -0.1291565 -0.3060024 0.8591625 -0.4512155 -0.241339 0.9096568 -0.3623951 -0.202964 0.6087884 -0.791195 -0.05820041 0.5480711 -0.8357477 -0.03382575 0.6019385 -0.7332309 -0.3162951 0.713054 -0.6971449 -0.07445144 0.9096369 -0.3624632 -0.202932 0.9428443 0.1338244 -0.3051815 0.9682533 0.06219077 -0.2421115 0.9712781 -0.01104062 -0.2376912 0.8493312 0.4516654 -0.2731938 0.8058806 0.5690997 -0.1633471 0.7821302 0.5701785 -0.2513345 0.9516424 -0.009988546 -0.3070456 0.968452 -0.04822301 -0.2444899 0.9680225 -0.1002676 -0.229954 0.9432358 -0.1291311 -0.3059926 0.9614201 -0.1207938 -0.2471444 0.9067686 -0.3132064 -0.2822632 0.9432392 -0.1291076 -0.3059918 0.8795368 -0.3677636 -0.3019356 0.8871511 -0.3684592 -0.2778502 0.6266485 -0.7621169 -0.1627565 0.5481426 -0.8357664 -0.03216028 0.261332 -0.9648137 -0.02898544 0.2613415 -0.9648115 -0.02897661 0.3771008 -0.9259068 0.02217364 0.3264449 -0.6990732 0.6361843 -0.1924563 -0.9595593 0.2054424 0.03012925 0.06666994 0.9973201 -0.007485628 0.01837694 0.9998031 -1.17337e-6 0 1 -0.01863825 0.01010191 0.9997754 -0.328638 0.07107961 0.9417775 -0.4133411 0.2089692 0.8862737 -0.4175197 0.09396541 0.9037964 -0.02940934 -0.02053385 0.9993565 0.09177416 -0.01321983 0.9956922 0.2209576 0.01763272 0.975124 0.2735808 0.03774338 0.9611082 0.2916357 0.117681 0.9492627 0.2734528 0.03788971 0.961139 -0.2543046 0.01003098 0.9670722 -0.5461753 0.05059808 0.8361414 -0.6205042 0.2544166 0.7417863 -0.4133233 0.2091117 0.8862484 -0.5853659 0.4105979 0.6991109 -0.3979099 0.6275078 0.6692547 -0.4515195 0.4023127 0.7964137 -0.5253272 0.2256244 0.8204421 -0.6644155 0.0907042 0.7418388 -0.5005109 0.05269515 0.8641251 -0.5201215 0.05710947 0.8521809 -0.9948456 0.08252173 0.05892693 -1 -4.0162e-7 0 -1 -2.36486e-7 0 -0.99998 0.006212115 0.001175045 -1 -6.30773e-7 0 -1 -1.02719e-6 0 -0.9999991 -6.6983e-5 -0.001340568 -0.9918014 0.08707308 -0.09353214 -1 -3.75034e-7 0 -0.9999991 -6.70513e-5 -0.001340568 -1 1.37893e-6 0 -0.9999991 -6.69504e-5 -0.001340508 -0.5925742 0.1899814 -0.7827917 -0.3887425 0.2565469 -0.8849084 -0.3886883 0.2564311 -0.8849659 -0.29636 0.1209368 -0.9473886 -0.1317259 0.1375802 -0.9816924 -0.314294 0.03852444 -0.9485437 -0.1316748 0.1374338 -0.9817198 -0.01659351 -0.04645365 -0.9987827 -0.0142399 0.1793254 -0.9836868 -0.1316412 0.1375545 -0.9817074 0.1260469 0.07134717 -0.9894554 -0.01650857 -0.04646593 -0.9987835 0.1260799 0.07127171 -0.9894566 0.2422192 0.06964528 -0.9677187 -0.8603528 0.4794014 -0.1731108 -0.9721172 0.1505893 -0.1797531 -0.953122 0.03442412 -0.300622 -0.8507383 0.2005218 -0.4858348 -0.8544992 0.04061597 -0.5178625 -0.7776584 0.291533 -0.5570064 -0.7335235 0.3007275 -0.6095132 -0.6888378 0.441453 -0.5749972 -0.6856635 0.4556884 -0.5676388 -0.639661 0.5842437 -0.499493 -0.6997941 0.6133438 -0.3661935 -0.5697994 0.7824575 -0.2511749 -0.5458393 0.8331 -0.08946543 -0.3365223 0.9375576 -0.08796995 -0.4171074 0.9001467 -0.1255285 -0.507591 0.8615979 -7.11165e-4 -0.8260752 0.5433399 -0.1496053 -0.426607 0.9044001 0.008199274 -0.1381007 0.9900344 -0.02757382 -0.4016924 0.8527189 0.3339367 -0.6722106 0.6924219 0.2620779 -0.6711413 0.7369139 0.08079224 -0.4483862 0.8706551 -0.2022615 -0.6827731 0.698544 -0.2141427 -0.8559828 0.4904004 0.1637107 -0.8014905 0.5824396 0.1355628 -0.4483571 0.8706789 -0.202224 -0.6790897 0.7231802 -0.1258872 -0.9086857 0.3838604 -0.164139 -0.6164493 0.7408244 -0.2667762 -0.7570931 0.2641813 -0.5975101 -0.6945438 0.3099192 -0.6492758 -0.5465441 0.7972414 -0.2563117 -0.269006 0.5061156 -0.8194406 -0.8499264 0.4151414 0.3244733 -0.5525315 0.7202527 0.4194581 -0.5526743 0.7201706 0.4194107 -0.788173 0.5319017 0.3096188 -0.7979519 0.3827651 0.465579 -0.8395832 0.30283 0.4509924 -0.5184974 0.3982023 0.7567003 -0.3541973 -0.0917434 0.9306598 -0.08009308 0.08087116 0.9935014 -0.3750833 0.05034542 0.9256229 -0.5184397 0.3981056 0.7567906 -0.3398229 0.5706294 0.7475979 -0.8396391 0.3027219 0.4509609 -0.831956 0.06167751 0.5514028 -0.5856059 0.3364089 0.7374922 -0.7112672 -0.00677061 0.7028892 -0.6898196 -0.1496787 0.7083397 -0.6388858 -0.3024774 0.7073418 -0.9246829 0.05754894 0.376364 -0.9513296 0.07521075 0.298857 -0.9736164 -0.05201554 0.2221835 -0.9974149 -0.01999431 0.06902009 -0.9652598 -0.0750668 0.2502772 -0.988972 -0.001475512 0.1480951 -0.851446 0.2328434 0.4699189 -0.8765081 0.3584581 0.3213123 -0.9513261 0.07520204 0.2988702 -0.9513211 0.07535505 0.2988477 -0.8896549 0.415398 0.1896281 -0.9644932 0.1297464 0.2300413 -0.848562 0.1241361 0.5143275 -0.8644514 -0.1113331 0.4902333 -0.6353387 0.7561307 -0.1568793 -0.3757327 0.9266303 -0.01346045 -0.8215174 0.549536 0.1520514 -0.8626012 0.4797417 0.1605219 -0.709318 0.6611048 0.2445579 -0.8887016 0.1232186 0.4416183 -0.8626307 0.4797036 0.1604773 -0.9165087 0.3750711 0.1390451 -0.9644944 0.1297933 0.2300095 -0.9769636 0.1972274 -0.08150893 -0.8626471 0.4797154 0.1603533 -0.7245875 -0.213783 0.6551868 -0.6591013 -0.1820114 0.7296968 0.2386468 0.6970419 0.6761511 -0.1221728 0.4920904 0.8619287 0.001340687 0.4530467 0.8914858 -0.1876044 0.3245688 0.9270705 0.5000989 0.8644525 0.05121719 0.4393458 0.8981102 -0.0193237 0.09928166 0.8482943 0.5201345 0.09923243 0.8482605 0.5201992 0.4019068 0.9151243 0.03191345 0.02590018 0.8836974 0.4673415 -0.2974328 0.5180514 0.8019704 -0.3401568 0.5421124 0.7683799 -0.5333078 0.1202251 0.8373343 -0.5365813 0.1462904 0.8310714 -0.5815683 -0.02843803 0.8130005 -0.5850135 -0.1345629 0.7997825 0.02603417 0.8837556 0.4672242 0.43932 0.8981227 -0.01932752 0.2375953 0.964042 0.1190444 -0.09540903 0.8752387 0.4741881 0.01084989 0.941632 0.3364695 -0.3584334 0.5678251 0.741013 -0.4093205 0.4129466 0.813592 -0.484536 0.2962348 0.8230856 -0.386911 0.5380852 0.7488419 -0.5782906 -0.009871184 0.8157712 -0.5286499 0.1004955 0.8428701 -0.2471208 0.4851738 0.8387715 0.1740506 0.7892716 0.5888607 0.4035513 0.8830664 0.239458 0.498483 0.8253935 0.2650291 -0.636278 -0.2931193 0.7136046 -0.2171977 0.7916849 0.5710169 -0.7051768 -0.3324006 0.6262871 -0.7915602 -0.5026117 0.347583 -0.7246377 -0.213959 0.6550739 -0.8338184 -0.3389225 0.4357504 -0.6915494 -0.07016104 0.7189137 -0.850997 -0.4460927 0.2771378 -0.8985918 -0.339436 0.2780578 -0.8338468 -0.3389373 0.4356846 -0.8861314 -0.2162262 0.4098993 -0.6278985 0.01670622 0.778116 -0.6654385 -0.03618007 0.7455754 -0.6278747 0.0167672 0.778134 -0.8644179 -0.1112783 0.490305 -0.6168374 0.1913874 0.7634676 -0.6664093 0.09149104 0.7399515 -0.7492408 0.03743684 0.6612387 -0.7271234 -0.5591607 0.3982849 -0.748601 -0.6070519 0.266617 -0.7915637 -0.5026885 0.3474639 -0.8134968 -0.5245859 0.2510632 -0.8438587 -0.4620392 0.2728043 -0.7025485 -0.609747 0.3669255 -0.6987567 -0.6783509 0.2271106 -0.7579541 -0.6039426 0.2464935 -0.7051832 -0.3324233 0.6262678 -0.6489875 -0.6884357 0.3238388 -0.6398829 -0.7394274 0.2092775 -0.9285292 -0.160718 0.3346692 -0.9196969 -0.2520989 0.301005 -0.9479455 -0.0767014 0.3090571 -0.6987259 -0.6783544 0.227195 -0.7040525 -0.5220028 0.4814803 -0.813497 -0.524544 0.2511503 -0.7977669 -0.3515109 0.4899063 -0.8985826 -0.3394066 0.2781233 -0.851107 -0.1652398 0.4983099 -0.9284954 -0.1606735 0.334784 -0.5448669 -0.8136542 0.2026991 -0.3723425 -0.9109318 0.1776642 -0.4181861 -0.7921318 0.4445759 -0.2118732 -0.8932384 0.3965287 -0.3083498 -0.6385205 0.7051327 -0.1519111 -0.6959331 0.7018549 -0.1696154 -0.375815 0.9110399 -0.0758264 -0.400893 0.9129815 -0.03034591 -0.05507051 0.9980212 -0.01258224 -0.1081045 0.99406 0.07140213 -0.1251443 0.9895659 -0.1834414 -0.9752088 0.1237632 -0.1649852 -0.984714 0.05584293 -0.1285566 -0.9903652 0.05147749 -0.06522583 -0.9874831 0.1436061 -0.0544371 -0.9303993 0.3624829 -0.04442161 -0.7497845 0.6601894 -0.2362699 -0.9668642 0.09669768 -0.2892896 -0.9508756 0.1102144 -0.2835974 -0.9531493 0.1052566 -0.2501058 -0.9673668 0.04060351 -0.205982 -0.9555287 0.2110367 -0.1601737 -0.9870266 0.0110861 -0.262154 -0.9576383 0.1191811 -0.3145533 -0.9280628 0.1993885 -0.160195 -0.9870232 0.01108455 -0.2379263 -0.9711351 0.01696413 -0.250102 -0.9673678 0.04060262 -0.3671231 -0.9051336 0.2143686 -0.3488932 -0.9052919 0.2423226 -0.3146171 -0.9280145 0.1995121 -0.5340818 -0.5711434 0.6233394 -0.2595102 -0.9232696 0.2832452 -0.01712465 -0.983639 0.179335 -0.04115468 -0.9676265 0.2490086 0.1140344 -0.8937258 0.4338784 0.5438404 -0.1942198 0.8164045 0.5050714 -0.6521691 0.5653127 0.2088112 -0.614999 0.7603777 0.1777303 -0.6914443 0.7002263 -0.007835268 -0.9950658 0.09890854 0.07106214 -0.9876753 0.1394553 0.1962494 -0.9741571 0.111822 0.4413192 -0.894638 0.06971698 0.4938528 -0.8658207 0.08039927 0.1258853 -0.8954889 0.4269106 -0.02255171 -0.5751203 0.817758 0.09478187 -0.6706821 0.7356643 0.1280872 -0.2949 0.9469043 0.3119952 -0.5339394 0.7858548 0.1282377 -0.2948515 0.9468991 0.3985096 -0.5115194 0.761274 0.4299665 -0.2301348 0.8730217 0.1989402 -0.3563276 0.9129367 -0.01703917 -0.3287506 0.9442631 0.4128987 -0.4829858 0.7721655 0.4675299 -0.7509911 0.4662922 0.5453958 -0.7205962 0.4281175 -0.07231926 -0.8308986 0.5517044 0.0471518 -0.3414559 0.9387144 0.3124365 -0.6416159 0.7005088 0.4866568 -0.2859412 0.8254713 0.6932328 -0.4862902 0.5319306 0.8002964 -0.1130304 0.5888549 0.9626007 -0.06648427 0.2626402 0.7324562 -0.0725761 0.6769348 0.3636773 -0.1015656 0.9259715 0.241623 -0.3145365 0.9179788 0.04712468 -0.3412688 0.9387837 0.6550117 -0.7465414 0.1167719 0.9149627 -0.4025197 0.02865707 0.8048262 -0.5199155 0.2862566 0.9846277 -0.1329427 0.1132898 0.7917984 -0.478069 0.3801386 0.7633194 -0.6006609 0.237803 0.794676 -0.5899496 0.1430022 0.9848849 -0.1484358 0.08926707 0.9964888 -0.08237165 -0.01500403 0.9427976 -0.2362278 0.2352216 0.896731 -0.2849436 0.3386455 0.8021946 -0.1737971 0.5712079 0.3860592 -0.02313953 0.9221838 0.9964923 -0.08232402 -0.01503157 0.9849017 -0.1483011 0.08930546 0.9993784 -0.003281772 0.03510344 0.9990383 -0.02506792 0.03597253 0.9990114 0.01762264 0.04081547 0.9993113 0.0333653 -0.01624035 0.9860848 0.1660543 0.007929861 0.9993114 0.03338521 -0.01619344 0.9986616 0.04727244 0.02098238 0.8490729 -0.06551831 0.5241972 0.9612319 -0.2757391 0.001116037 0.9616782 -0.27417 0.002443671 0.9803199 -0.1974128 0.001010954 0.9304591 -0.2340748 0.2818776 0.9668743 -0.2185072 0.1319423 0.9735631 -0.2284182 2.05483e-4 0.9304155 -0.2340819 0.2820155 0.9735838 -0.2283304 0 0.9545363 -0.1872239 0.2319653 0.947434 -0.2402806 0.211268 0.9475789 -0.1745363 0.2676405 0.9757078 -0.2190508 0.003353714 0.9745123 -0.005227386 0.2242733 0.9995251 0.03049206 0.004454016 0.9534028 0.1944873 0.2306466 0.9653272 0.2610232 0.00320822 0.9471838 0.2482755 0.2029829 0.9792376 0.2025188 0.008935451 0.9722177 0.2092952 0.1048246 0.9648002 0.2629234 0.005664348 0.9368157 0.3161343 0.1497848 0.8698919 0.4932132 0.005363821 0.783842 0.6209594 -0.001052141 0.7063807 0.7077631 0.009882926 0.5740152 0.8188443 8.28013e-4 0.4756013 0.8796556 0.00309199 0.3057508 0.9521062 -0.003212392 0.211817 0.9773094 0 0.02586722 0.9996654 0 -0.06926453 0.9975984 0 -0.2546394 0.9670362 0 -0.3448458 0.9386594 0 -0.5125344 0.8586667 0 -0.5900484 0.8073679 0 -0.730072 0.6833702 0 -0.7921337 0.6103476 0 -0.8920716 0.4518944 0 -0.9303016 0.3667955 0 -0.9822099 0.1877867 0 -0.99558 0.09391754 0 -0.99558 -0.09391772 0 -0.9822099 -0.1877867 0 -0.9303015 -0.3667958 0 -0.8920716 -0.4518942 0 -0.7921336 -0.6103478 0 -0.7300723 -0.68337 0 -0.5900484 -0.8073679 0 -0.5125346 -0.8586666 0 -0.3448458 -0.9386594 0 -0.2546394 -0.9670362 0 -0.06924575 -0.9975997 0 0.02588522 -0.999665 0 0.2108189 -0.9775251 0 0.3006358 -0.9537391 0 0.4614605 -0.8871607 -4.19268e-4 0.5421453 -0.8402763 0.003800749 0.6562043 -0.7545816 0.001581728 0.7261337 -0.6875256 0.006203353 0.8024295 -0.5967441 -0.001878082 0.871746 -0.489938 0.004453003 0.9235009 -0.3086473 0.2277788 0.9720622 -0.234543 0.009212076 0.9721955 -0.2341604 0.0022071 0.9927719 -0.1199713 0.003297448 0.9875525 0.01095229 0.1569082 0.9969762 0.07770782 3.94766e-4 0.9483864 0.1980676 0.247654 0.9599981 0.2799975 0.002292633 0.9569492 0.2601587 0.1287084 0.9792043 0.2028767 0 0.9375599 0.2210745 0.2685287 0.9792252 0.202776 -1.54927e-4 0.9375329 0.2210955 0.2686056 0.9712616 0.2380146 2.75413e-4 0.9573405 0.188185 0.2192839 0.9871213 0.1599736 1.42588e-4 0.9747679 0.002532064 0.2232068 0.9994674 -0.03263497 0 0.9994401 -0.002228796 -0.03338772 0.9949715 -0.006656348 -0.09993815 0.9987435 -0.003329813 -0.05000513 0.9977462 -0.0516119 0.04288005 0.9740059 -0.226503 0.002988159 0.8572584 -6.04907e-4 0.5148863 0.6609546 0.2334607 0.7131866 0.6740207 0.04620069 0.7372664 0.6740228 0.04621636 0.7372635 0.8003855 0.1662656 0.5759678 0.7414935 0.2145535 0.6357313 0.4176489 0.1445142 0.8970424 0.9149977 0.2893716 0.2811468 0.7622497 0.05726802 0.6447447 0.8095011 0.06461471 0.5835522 0.9730967 -0.2299934 0.01362949 0.8967122 -0.2849734 0.3386701 0.1317058 3.50328e-4 0.9912889 0.06542611 -0.07379668 0.9951249 0.1988342 -0.3564248 0.9129219 -0.005387485 -0.001352846 0.9999846 -4.87416e-5 0.002864837 0.999996 0.002884089 0.005086243 0.999983 -0.04970103 -0.02587926 0.9984289 0.001828074 0.003920197 0.9999907 -2.31858e-4 0.005383551 0.9999855 0.001966416 0.001979053 0.9999961 0.001982629 9.05451e-4 0.9999976 7.75946e-4 8.15822e-4 0.9999995 -0.03244459 0.1117285 0.9932091 0 0 1 -0.1128945 0.06699401 0.9913459 -0.2568681 0.5063785 0.8231645 -0.2836828 0.4504528 0.846532 -0.4096779 0.1484737 0.9000666 -0.2569865 0.5064871 0.8230606 -0.4097284 0.1485178 0.9000362 -0.7512816 0.3475478 0.5610584 -0.005851805 0.004637718 0.9999722 -0.1677669 -0.0247386 0.9855163 -0.550032 0.01907086 0.8349258 -0.7525849 0.2638112 0.6033405 -0.8001141 0.02832937 0.5991786 -5.27752e-4 -0.003988325 0.9999919 -0.06934148 0.04473197 0.9965897 -0.330142 -0.1717358 0.9281774 -0.4201685 0.2386651 0.8754983 -0.396207 -0.2182409 0.891847 -0.7123885 -0.04011982 0.7006376 -0.7064146 0.4068698 0.5791679 -0.9318989 0.02801012 0.3616349 0.01413482 0.01688694 0.9997576 0.1323435 0.2104177 0.9686122 0.02031463 0.08973252 0.9957587 0.008629202 0.02065873 0.9997494 0.455011 0.7443649 0.4887595 0.5715509 0.4800323 0.6655063 0.126222 0.3404079 0.9317674 0.1068426 0.2972635 0.9487988 0.4212334 0.4244552 0.8014988 0.08656483 0.2075933 0.9743776 -0.01645457 0.0849483 0.9962496 0.005315005 -0.01805925 0.9998229 0.004501581 -0.007514834 0.9999617 0.2360557 0.605885 0.7597243 -0.01978975 0.3924914 0.9195428 -0.03925997 0.6726673 0.7389029 0.08037853 0.7813865 0.6188493 -0.03971928 0.8242678 0.5648054 0.5422531 0.8349918 0.09354293 0.3095341 0.9494284 0.05267292 0.7785019 0.6224162 0.08082753 0.2554794 0.9024518 0.3468592 0.7395017 0.5772189 0.3463461 0.9379134 0.3411171 0.0629099 0.8817644 0.4576425 0.1142586 0.8041183 0.5170931 0.2932721 0.4609939 0.8654249 0.1962766 0.0391581 0.9983189 0.04273575 0.0168668 0.9973147 0.07126605 -0.04205948 0.9685637 0.2451844 -0.1642062 0.8945029 0.4158136 -0.1302669 0.689646 0.7123335 -0.08710527 0.3982991 0.9131104 -0.1884085 0.3373828 0.9223206 -0.2653028 0.2814161 0.922182 -0.4967797 0.5125662 0.7003469 -0.7999789 0.5322538 0.2770194 -0.9836816 0.1739966 -0.04577988 -0.9260655 -0.3744079 0.04713344 -0.8814909 -0.3976209 -0.2546988 -0.7227985 -0.6907186 0.02168476 -0.8374571 -0.5353208 -0.1099883 -0.797782 -0.5883662 -0.131793 -0.6849613 -0.7218633 0.09869849 -0.685012 -0.721822 0.0986486 -0.8373876 -0.5354472 -0.1099016 -0.9282302 -0.3616331 0.08723688 -0.7619552 -0.4704995 0.4450334 -0.05516219 0.9982552 0.0210638 -0.160903 0.9843706 0.07158815 -0.3687211 0.9264164 0.07614153 -0.3428515 0.8584265 0.381519 -0.5313461 0.8414977 0.09773987 -0.4967921 0.779869 0.3807913 -0.6794312 0.7264653 0.1030609 -0.6114461 0.6723404 0.4172435 -0.1697647 0.9816989 -0.08629798 -0.416586 0.90838 -0.03608256 -0.1521274 0.9880481 0.02486658 -0.09367066 0.9938988 -0.05823338 0.2851419 0.9560516 0.06826043 0.5448593 0.8261467 0.1435628 0.1102892 0.9938751 0.006988525 -0.379705 0.7894039 -0.4823545 -0.3448241 0.5267133 -0.7769618 -0.3460641 0.6810485 -0.6453005 -0.2927408 0.5524763 -0.7804312 -0.1583755 0.2756716 -0.9481152 -0.2846722 0.4695124 -0.8357751 -0.1582084 0.2755868 -0.9481678 -0.2246093 0.4229807 -0.8778599 -0.4238715 0.6275641 -0.6530668 -0.3718588 0.7855357 -0.494626 -0.2585272 0.8237372 -0.5045998 -0.2605962 0.9120115 -0.3167408 -0.175195 0.9188565 -0.353567 -0.1305651 0.9816507 -0.1389773 -0.0397787 0.9952437 -0.0889253 -0.7173122 0.5149528 -0.4693472 -0.3888077 0.4811539 -0.7856969 -0.6821769 0.2813934 -0.6748722 -0.3604848 0.2816115 -0.8892388 -0.3171213 0.4409772 -0.8396268 -0.158306 0.2755677 -0.948157 -0.3404694 0.3537365 -0.871178 -0.2636615 0.739571 -0.6192879 -0.1810865 0.9214576 -0.3436914 -0.1860516 0.7737317 -0.6055775 -0.26352 0.7396554 -0.6192472 -0.1747579 0.7349888 -0.6551727 -0.1891835 0.5170153 -0.8348083 -0.3170707 0.4410654 -0.8395996 -0.6111171 0.7688034 -0.1883543 -0.4353044 0.8396789 -0.3247299 -0.586193 0.7908468 -0.175895 -0.3884807 0.7805175 -0.4897705 -0.7173494 0.5150106 -0.469227 -0.5177511 0.7290141 -0.4477413 -0.6264536 0.5667417 -0.535126 -0.4909121 0.7660458 -0.4149449 -0.3809573 0.7794609 -0.4973052 -0.2964665 0.9058492 -0.3025639 -0.08390474 0.899057 -0.4297167 -0.728989 0.67865 -0.08949446 -0.8858847 0.3611996 -0.2911073 -0.6843901 0.5900185 -0.4283556 -0.7028777 0.4085471 -0.582282 -0.7027995 0.4086026 -0.5823373 -0.68611 0.5120069 -0.5168192 -0.7032887 0.372536 -0.6054767 -0.5783159 0.5860148 -0.5675716 -0.665536 0.7370026 -0.1178519 -0.6111518 0.7687519 -0.1884521 -0.6842733 0.5901452 -0.4283677 -0.9851527 -0.1339785 -0.1073504 -0.886686 -0.3105342 -0.3425736 -0.8274372 -0.2080979 -0.5215773 -0.9998464 0.01644194 0.006072759 -0.8261767 0.5431916 -0.1495829 -0.8520616 0.5084708 0.1242917 -0.9649363 0.05746781 0.2561165 -0.9998456 0.01646411 0.006141901 -0.9283044 -0.3614445 0.08722901 -0.8763722 -0.4650883 -0.1251586 -0.8056792 -0.4462056 0.3895917 0.6671385 0.6216375 0.4104791 0.7379234 0.5795527 0.3458147 0.2362009 0.6058806 0.7596828 0.5715717 0.4800829 0.6654519 0.7395966 0.5770872 0.3463629 0.6998561 0.5198062 0.4899012 0.8817448 0.4576618 0.1143324 -0.3854542 0.8786171 -0.2818815 -0.5288446 0.6870366 -0.4983013 -0.4613367 0.6089484 -0.6452522 -0.439375 0.593111 -0.6746621 -0.210204 0.9416716 -0.2628098 -0.06943917 0.3405812 -0.9376474 -0.1469085 0.9890154 -0.01632624 -0.6905358 0.4444411 -0.5706422 -0.8811627 0.1573572 -0.4458601 -0.7706359 0.3940736 -0.5008259 -0.5928235 -0.1704536 0.787087 -0.8305919 -0.3314571 0.4474967 -0.8002131 0.02836281 0.5990446 -0.7514109 0.347411 0.5609701 -0.8940062 0.423341 0.1467499 -0.396103 -0.2182765 0.8918845 -0.5900512 -0.4457066 0.6731903 -0.6316717 -0.6489747 0.424055 -0.7618797 -0.4705021 0.4451596 -0.7793744 -0.5343851 0.3271211 -0.743411 -0.5242508 0.4153329 -0.690662 -0.7044339 0.163581 -0.2690855 0.6568359 0.7043861 -0.6942543 0.712949 -0.09856307 -0.8223181 0.5649708 -0.06782996 -0.7472048 0.5778493 -0.3282914 -0.8752261 0.4094228 -0.2575892 -0.4057806 0.6147404 0.6763404 -0.1971634 0.4922257 0.8478447 -0.3626065 -0.186239 0.9131438 -0.5567003 -0.4385571 0.7055158 -0.5764185 -0.6724209 0.4643186 -0.2170115 -0.2840931 0.933915 -0.3005223 -0.2521518 0.9198402 -0.4441148 -0.5532738 0.7047342 -0.1985256 0.6637395 -0.7211363 -0.3873372 0.8987872 -0.2053085 -0.02856624 0.8759179 -0.4816139 -0.02845495 0.8759199 -0.4816167 -0.3279989 0.9250302 -0.1916663 0.07188743 0.5841907 -0.8084266 -0.2688738 0.506101 -0.8194931 -0.1122385 0.1518109 -0.9820163 -0.3178054 0.1870785 -0.9295168 -0.01354628 0.4163801 -0.9090898 0.1057466 0.1680301 -0.9800937 0.05782121 0.150596 -0.9869031 0.1235183 0.1668373 -0.978217 -0.369296 0.1136676 -0.9223341 -0.272343 0.417885 -0.8667188 0.05770748 0.1505433 -0.9869177 -0.3953732 0.242882 -0.8858264 -0.853315 0.2815734 0.4388282 -0.804217 0.5622778 0.1925584 -0.9748104 0.137536 0.1755804 -0.7297081 0.6588261 0.1829596 -0.9936621 0.08909398 0.06854218 -0.9936628 -0.09254932 0.06378847 -0.9936549 -0.09262442 0.06380289 -0.9423611 -0.334401 0.01147764 -0.924537 -0.37261 0.07995659 -0.98991 -0.04742527 0.1335257 -0.9503429 -0.1379719 0.2789484 -0.9998457 0.001081705 0.01753365 -0.9988559 0.004697263 0.04759186 -0.999903 -5.0864e-4 0.01392531 -0.9996954 -7.38133e-4 0.02466815 -0.9001454 0.4279773 0.0810793 -0.9747037 0.1488412 0.1667305 -0.9640532 0.2498154 -0.09051924 -0.9908643 0.01253235 0.1342795 -0.9931032 0.113056 0.03105521 -0.9966707 -0.001240551 0.08152401 -0.8792268 0.06424039 0.4720523 -0.8909777 0.2820056 0.3558532 -0.8780805 0.1508352 0.4541182 -0.9528584 0.2641538 0.1492775 -0.9731163 0.1899828 0.1301975 -0.9607228 0.2530435 -0.1139336 -0.8650199 0.4597564 -0.20091 -0.8544916 0.289271 -0.43147 -0.9420074 0.3125168 -0.122292 -0.8947751 0.3528149 -0.2736772 -0.8545044 0.2892095 -0.4314861 -0.69309 0.4608986 -0.5542552 -0.9466214 0.282311 0.1555913 -0.8788889 0.42099 -0.224325 -0.713581 0.6877276 0.13354 -0.8026022 -0.00150901 0.5965127 -0.798884 -0.2195433 0.5599869 -0.8791773 0.0641579 0.4721558 -0.7560288 -0.3539187 0.5506016 -0.9204428 0.1417635 0.3642639 -0.8967728 0.3813132 0.224497 -0.9204342 0.1419426 0.3642159 -0.8584693 0.5125169 0.01889723 -0.7989478 -0.2195547 0.5598912 -0.9345276 -0.2233765 0.2770583 -0.9204529 0.1418192 0.3642169 -0.7290116 0.678642 -0.0893706 -0.7955669 -0.5828565 0.1653835 -0.9731461 -0.1668975 0.1585308 -0.8905407 -0.3437781 0.2979158 -0.9731785 -0.1667066 0.1585325 -0.8212902 0.3954706 0.4112 -0.4130135 0.885254 0.2138814 -0.6099436 0.7787374 0.1467549 -0.5270105 0.8418528 0.1163775 -0.412847 0.8853469 0.2138183 -0.1521535 0.9871029 0.0497716 -0.8532303 0.2817084 0.438906 -0.7355465 0.5703935 0.3655444 -0.4129866 0.8852689 0.2138717 -0.3610721 0.9032048 0.2320515 -0.1771346 0.978979 0.1011113 0.9164693 -0.2547173 -0.3085504 0.9737014 -0.03960561 -0.2243593 0.9503083 -0.2505862 -0.1847183 0.9872956 -0.00164771 -0.158886 -0.9871503 -0.1529037 -0.04642146 -0.9974485 0.07031381 0.01235663 -0.8710207 0.4875507 -0.06014245 -0.8709594 0.4876703 -0.06006383 -0.9442605 0.3287756 -0.01669812 -0.7750703 0.6318139 -0.008805751 -0.6451758 0.7512949 -0.1389398 0.1561291 -0.3021667 0.9403824 0.1647272 -0.2530822 0.9533175 0.4737212 -0.2126914 0.8546056 0.5753958 -0.1825541 0.7972414 0.164818 -0.2531387 0.953287 0.6086483 -0.2378356 0.7569556 -0.1972581 -0.8279663 0.5249392 -0.2824135 -0.3770603 0.8820817 0.1356887 -0.366375 0.9205206 -0.01804429 -0.1439747 0.9894168 -0.282413 -0.3769694 0.8821207 -0.1161563 -0.18304 0.9762194 -0.01198762 -0.2646251 0.9642769 -0.1161062 -0.1830219 0.9762287 0.1646961 -0.2530918 0.9533205 -0.8923762 -0.4327937 -0.1278852 -0.9928349 -0.1107571 0.04485297 -0.9928391 -0.110736 0.04481261 -0.9886116 0.1489486 -0.02148324 -0.9928517 -0.110583 0.04491227 -0.9019281 0.4303206 0.03674244 0.4854462 -0.8742381 -0.007060945 0.6122396 -0.7816841 -0.1188812 0.4855518 -0.87418 -0.006983458 0.612289 -0.7816671 -0.1187388 0.658396 -0.7526718 0 -0.2960733 -0.9297741 0.2187711 -0.02653086 -0.9979057 0.05899608 -0.02653843 -0.9979061 0.05898469 0.2762261 -0.9547429 0.1102961 -0.02636504 -0.9979168 0.05888253 0.5438891 -0.8383147 0.03759497 -0.3244972 0.9456645 -0.02050632 -0.3432644 0.9384282 0.03901571 -0.3431291 0.938763 0.03140765 -0.4540696 0.8587791 0.2373172 -0.3431295 0.9387638 0.03137928 -0.4748247 0.8681002 0.1447196 -0.5934447 0.80002 0.08827018 -0.7911352 0.6111012 0.02569931 -0.5935751 0.799915 0.08834451 -0.7075276 0.6702701 0.2239257 -0.9002819 0.4346573 0.0237866 -0.9003431 0.4345364 0.02367573 -0.7912411 0.6109669 0.025635 -0.9799141 0.195045 -0.04154539 -0.997777 0.06647449 -0.004718244 -0.998988 -0.001936137 -0.04493552 -0.9982353 0 -0.05938267 0.04525542 0.9983654 0.03490614 0.1843937 0.9828323 0.006300985 0.4449065 0.8951338 0.02817213 0.6792408 0.7339155 -3.67605e-4 0.8453361 0.5340881 0.01252335 0.912734 0.408479 -0.007846176 0.9216811 0.3879302 -0.003785669 0.887569 0.4606751 0 0.8049668 0.5933201 0 0.7561785 0.6543655 0 0.6453034 0.7639266 0 0.5831167 0.8123885 1.51007e-5 0.4492831 0.8933895 0 0.3777515 0.9259071 5.27057e-6 0.2291733 0.9733856 0 0.1522526 0.9883416 0 -0.003184258 0.999995 1.50394e-5 -0.08158278 0.9966666 0 -0.2361801 0.9717093 -1.51618e-5 -0.3122505 0.9499998 0 -0.4571981 0.889365 0 -0.525978 0.8504983 0 -0.6517937 0.7583964 0 -0.7088735 0.7053357 -2.2416e-5 -0.8096577 0.5869024 0 -0.8532388 0.5215205 0 -0.9239233 0.3825781 0 -0.9510101 0.30916 1.275e-5 -0.9875767 0.1571382 -1.51495e-6 -0.9969077 0.07858312 5.30621e-6 -0.9969079 -0.07857942 -1.51616e-5 -0.9875773 -0.1571345 0 -0.9509006 -0.3094966 0 -0.9236251 -0.3832973 -3.76733e-6 -0.8531428 -0.5216774 0 -0.8100819 -0.5863167 -1.48763e-5 -0.7096274 -0.7045773 0 -0.6521989 -0.758048 -1.8809e-5 -0.5259789 -0.8504977 1.74206e-5 -0.4571994 -0.8893643 1.51291e-6 -0.3122498 -0.9500001 1.36529e-5 -0.2361783 -0.9717098 1.5162e-5 -0.08156841 -0.9966678 0 -0.003170311 -0.999995 0 0.1522527 -0.9883416 0 0.2291734 -0.9733856 0 0.3777517 -0.925907 1.8835e-5 0.4492831 -0.8933895 0 0.583117 -0.8123882 0 0.6452646 -0.7639591 0 0.7561737 -0.654371 0 0.8049418 -0.593354 1.84375e-6 0.8876591 -0.4605014 -2.64868e-6 0.8049664 -0.5933205 2.60584e-6 0.8876889 -0.4604439 2.39263e-6 0.92179 -0.3876782 0.003032505 0.9118799 -0.4104186 0.005637347 0.8443123 -0.5356357 -0.01520556 0.6779094 -0.7351445 -0.001218855 0.4450802 -0.8950521 -0.02802568 0.1959137 -0.9804947 -0.01575177 0.06267386 -0.9968627 -0.04834234 0.03601193 -0.9989653 -0.02777785 0.02646958 0.9804369 0.1950458 0.01329869 0.9951044 0.09793102 0.008867084 0.9978286 0.06526601 0.00884664 0.9978347 0.06517416 0.2556898 0.9664347 0.02503335 -0.02407908 0.9996041 -0.01455461 -0.00973761 -0.03194284 0.9994423 0.01142621 -0.09427422 0.9954807 0.01141566 -0.0942465 0.9954835 0.03249239 -0.1561797 0.9871941 -0.998771 -0.04581224 0.0189141 -0.975068 0.1449564 -0.1680181 -0.976344 0.08698076 -0.1979566 -0.9763164 0.08697646 -0.1980949 -0.9275802 0.2849947 -0.2416055 -0.9411598 0.2151223 -0.2606546 -0.9576714 0.04836565 -0.2837718 0.4347518 0.5612633 0.7042546 -0.05368363 -0.01717567 0.9984103 0.001056194 -0.02212011 0.9997548 0.1504936 -0.1040191 0.9831235 -1.02147e-5 0 1 0.1131252 0.01667225 0.9934409 0.09167444 0.01284235 0.9957063 0.113125 0.01667356 0.9934409 0.9418672 -0.329921 0.06354659 -0.2032707 -0.8912327 0.4054446 -0.07629156 -0.9860051 0.1482347 -0.1711807 -0.08252823 0.9817772 0.1155655 -0.9822471 -0.1477681 -0.06547075 -0.9969151 0.04328995 -0.0354433 -0.9648793 -0.2602916 -0.07626408 -0.9860303 0.1480814 -0.09884625 -0.9949859 -0.01524996 -0.06550639 -0.9969061 0.04344111 -0.3151205 -0.9476944 0.0507397 -0.09055405 7.8287e-4 0.9958913 -0.430985 -0.02301108 0.9020657 -0.01536488 -0.03090369 0.9994043 -0.122812 -0.9920503 -0.02744984 0.4158469 -0.9087986 0.03400725 0.1965011 -0.9803477 0.01748472 0.9927497 -0.1197193 0.01073682 0.9874784 -0.1567477 0.01778882 0.9950163 -0.09946078 0.007083892 -0.8305873 -0.5568649 0.005127668 -0.6609837 -0.7503934 0.003237605 -0.9786206 0.2004068 -0.04624706 -0.9806149 0.1958016 -0.00750333 -0.9955874 0.09303259 -0.012286 -0.1817522 -0.9828703 -0.03053402 -0.06616699 -0.9978058 0.002343952 -0.04771971 -0.9988547 -0.003494262 -2.72991e-6 0 1 0.00954169 0.003896296 -0.999947 -6.33479e-4 0.00436455 -0.9999904 2.81576e-6 0 -1 -9.09728e-4 0.006116271 -0.9999809 -0.9767606 -0.2143307 0.00108689 -0.999011 -0.0433079 0.01007854 -0.9989711 -0.03426283 0.02971524 -0.2730748 -0.9613363 0.03553444 0.08392602 -0.9963999 0.01198607 -0.1329098 -0.9910569 -0.01188778 -1.80701e-5 0 1 -0.03090596 -0.9967701 -0.07412427 0.01900899 -0.9997081 -0.01491588 -0.04104954 -0.9983873 -0.03921473 -0.4715902 -0.003885388 0.8818094 -0.1616324 -0.001320958 0.9868502 -0.4715902 -0.003885447 0.8818094 0.4051123 -0.8559949 0.3211805 -0.9984717 -0.04898208 -0.0255962 -0.9965729 -0.08042669 -0.01933902 -0.8627517 -0.5053932 -0.01540118 0.9574341 -0.03845763 0.2860785 0.9574341 -0.03845763 0.2860786 0.9574341 -0.03845763 0.2860785 0.9261054 -0.01679742 0.3768908 0.9261205 -0.01682227 0.3768526 0.9261054 -0.01679742 0.3768908 -0.1614599 -0.001343429 0.9868783 0.745516 0.6089274 -0.2709491 0.6559149 0.6295847 -0.4164118 0.6896529 0.6242122 -0.3670669 -0.05989181 0.002886712 0.9982007 -0.3794627 -0.01945298 0.9250025 0.0891413 0.001819193 0.9960174 -0.4246978 -0.9050232 -0.02376741 -0.2284507 -0.973421 -0.01618051 -0.4245676 -0.9050843 -0.02376693 -0.2350161 0.1070642 -0.966077 -0.9992273 -0.03872281 -0.006741702 -0.999227 -0.03872001 -0.006795167 -0.9981086 -0.05734449 -0.02215838 0.02694249 -0.01145559 -0.9995714 0.1038839 -0.00317502 -0.9945844 0.08061939 -0.03428137 -0.9961553 -0.01168686 -0.8467283 0.5318973 0.1117121 -0.9868496 0.1168269 -0.9452304 -0.3263354 0.006697773 -0.9905126 -0.1371282 -0.00898385 -0.9976564 -0.06528264 -0.02049082 -0.2220095 -0.9652251 0.1380299 -0.2220096 -0.9652251 0.1380298 -0.2220095 -0.9652251 0.1380299 0.9896126 -0.01931744 -0.1424563 0.9899307 -0.02077251 -0.140021 0.9715611 -0.04132139 0.2331558 -0.1431376 -0.9896837 -0.006152629 -0.1431403 -0.9896833 -0.006157457 0.1367701 -0.9771703 -0.1625801 -0.108114 -0.9941376 0.00134617 0.001380622 -0.9990845 -0.0427581 -0.05446398 -0.9984191 -0.01389437 0.6168801 -0.7869376 -0.01372522 0.6168801 -0.7869376 -0.01372528 0.6168801 -0.7869375 -0.01372528 0.4276955 0.001915097 0.903921 0.6460039 0.001801431 0.7633321 0.7926056 -0.02992403 0.609 0.07215416 -0.1558504 0.9851419 -0.06713628 -0.06867486 0.9953777 0.074665 -0.1509317 0.9857205 0.995589 -0.09321594 0.01064908 0.9939647 -0.1083093 0.01741492 0.9960067 -0.08891189 0.008087337 -0.1598812 -0.9871234 0.005029201 -0.227438 -0.9728689 0.04240435 -0.1372747 -0.9905243 0.004178166 0.1117708 -0.9868568 0.1167088 0.2833014 -0.946785 -0.1527692 0.2833014 -0.946785 -0.1527693 0.007087886 0.01461714 0.999868 0.1088147 -0.2337744 0.9661827 0.8169462 -0.04186695 -0.5751924 0.970626 -0.02381575 -0.2394117 0.5459871 -0.005258321 -0.8377771 0.9998968 -0.005037963 0.01345551 0.9538589 -0.01039701 0.3000754 0.9784932 -0.02857124 -0.2042909 0.3672041 0.929788 -0.02560114 0.3671598 0.9298057 -0.02559638 0.3672041 0.929788 -0.02560126 0.115727 -0.9822303 -0.1477534 0.2330898 -0.963029 -0.1350719 0.2330933 -0.9630292 -0.1350643 0.03350663 0.9881098 -0.1500547 0.03350663 0.9881098 -0.1500547 0.03350663 0.9881098 -0.1500547 0.8461221 -0.5329538 -0.006147682 0.9047287 -0.4251586 -0.026578 0.6939578 -0.7200149 -0.001055896 -0.9197219 -0.392565 -0.002150595 -0.9077889 -0.4193618 0.00741744 -0.999316 -0.03676342 -0.004017055 0.09095638 -0.9944579 -0.05273246 0.1555172 -0.9855135 0.0676586 0.2329365 -0.9630773 -0.1349921 -0.6052258 0.7942472 0.05360502 -0.1734204 0.9838463 0.04440498 0.03951811 0.9992166 0.002150416 -0.04615592 0.9988784 0.01056474 -0.05975562 0.9982128 8.43225e-4 0.004324078 0.9926822 -0.120679 -0.0280959 0.8653954 -0.5003013 -0.08432763 -0.9962025 -0.02166986 -0.1298849 -0.991527 -0.002085328 0.1540153 -0.9879955 -0.0120117 0.6656563 0.05002993 0.7445796 0.5782635 -0.04610681 0.8145463 -0.6740664 -0.564713 -0.4761656 -0.7455334 -0.2960347 -0.5971126 -0.7483304 0 -0.6633262 -0.7455326 -0.2958768 -0.5971919 -0.8150779 -0.5792605 -0.01026755 -0.990497 -0.1369042 -0.01315099 0.3061545 -0.9519694 0.004891455 0.2056191 -0.9786317 -8.80911e-4 0.08107489 -0.9966837 0.006965875 5.90026e-6 0 -1 0.04435133 -0.9978181 -0.0489093 -0.1248319 -0.9917677 0.02852958 0.1117013 -0.986862 0.1167315 -0.7821072 -0.6231435 -6.72084e-4 -0.8928444 -0.4502519 -0.01011204 -0.7821076 -0.6231432 -6.53263e-4 -0.997509 0.07045227 -0.003520667 -0.9733105 0.2279813 0.02629202 0.5865322 -0.8086463 -0.04551154 0.2488502 -0.9682715 -0.02289223 0.8405238 -0.5417315 -0.006845295 -0.869131 -0.4944714 0.01046758 -0.7805914 -0.6250154 0.005727767 -0.820382 -0.571712 0.01089727 0.005279362 0.0180996 0.9998223 -0.008734107 0.03637456 0.9993001 0.001835703 7.04406e-5 0.9999983 -0.2207375 0.9753328 -0.001039206 -0.2693508 0.9630202 0.006509542 -0.4701253 0.8825904 -0.004066526 -0.9083593 -0.4181172 0.00784111 -0.9464029 -0.3229061 0.007295608 -0.8202551 -0.5719465 -0.00767821 0.9972054 0.07445687 -0.006132543 0.9972054 0.07445693 -0.006132781 0.9972054 0.07445693 -0.006132781 -0.008102595 -0.001150965 0.9999666 -0.01249003 0.01112115 0.9998602 -0.006404995 -0.004342615 0.9999701 -0.1712159 -0.9852 0.008139789 -0.04469525 -0.9988921 0.01472634 0.08089703 -0.9966982 0.0069682 -0.8732457 -0.4870942 -0.01346218 -0.8732472 -0.4870904 -0.01350635 -0.2130786 -0.9766934 -0.02583909 -0.7820106 -0.623265 -6.231e-4 -0.6384338 -0.7696258 0.008865475 -0.5791274 -0.815222 0.004956662 -0.16146 -0.001331925 0.9868783 -0.9125857 -0.4087926 0.008724808 -0.9704428 -0.2409396 -0.01374709 -0.8359345 -0.5488045 -0.005230605 -0.009125828 -0.9999064 -0.01020061 0.007402956 -0.9999448 -0.007466375 0.003721654 -0.9999861 -0.003753602 0.01146674 -0.05059188 0.9986537 0.1706961 0.9852626 0.01098448 0.2307119 0.9720164 0.04422932 0.1506044 0.9885503 0.009312808 0.1928253 0.1223797 0.9735716 0.3708716 0.4728717 0.7992788 0.8082127 -0.2921547 0.5113101 0.5900851 -0.1414794 0.794848 0.06752163 0.9967424 -0.04411005 -0.8070916 0.5884739 -0.04797577 -0.9258986 0.3776503 -0.009600937 -0.508875 -0.2044678 -0.8362053 -0.896062 0.345349 -0.2789393 0.006102263 -0.9993627 -0.03517341 -0.8951718 -0.2937814 0.3352013 0.9900445 -0.1401584 -0.01295131 0.9900441 -0.1401605 -0.01295524 0.9773295 0.1280922 -0.1685808 0.4992899 0.01047635 0.8663716 0.6403207 0.005303084 0.7680895 0.5853506 0.01094752 0.8107065 -0.7936927 -0.6073107 0.03500896 -0.7781499 -0.6241627 0.07002615 -0.8376945 -0.5456348 0.02346616 0.1347143 -0.9907122 -0.0184772 0.1292501 -0.9914204 -0.019499 -0.2444814 -0.9688484 -0.03952002 -0.2206859 0.9753444 -0.001044631 -0.1715992 0.9851294 -0.008586764 -0.2206856 0.9753445 -0.001042544 -0.0284785 -0.9995738 -0.006428539 0.02571642 0.1150633 -0.9930253 0.8240051 6.74613e-5 0.5665823 0.6144149 -0.001477658 0.7889818 0.9844747 -0.01150399 0.1751497 0.4306007 0.03216242 0.9019694 0.3467319 0.01736277 0.9378036 0.4865001 0.02153438 0.8734151 0.3906461 -0.004725098 0.9205288 0.4151201 0.003023326 0.9097616 0.03289186 -0.00645858 0.9994381 0 -1 -9.67316e-6 1.86793e-5 0 -1 -0.5466982 0.09296768 -0.8321527 -0.6014177 0.1400498 -0.7865639 -0.5405419 0.05605006 -0.839448 0.5843194 -0.04480642 -0.810286 0.3754785 -0.009759366 -0.9267798 0.2083102 -0.9538089 -0.2164616 0.2083103 -0.9538089 -0.2164615 0.2083102 -0.9538089 -0.2164616 0.114613 -0.719394 -0.6850811 0.02523636 -0.4583609 -0.8884078 0.02354884 -0.09412461 -0.9952819 -0.06701761 -0.1431239 -0.9874331 0.02518683 -0.4582012 -0.8884916 0.2091709 -0.9725983 -0.1014892 0.3849189 -0.9203197 -0.0696367 -0.09996116 -0.9905378 -0.09403586 -0.9965412 0.02942728 -0.07771581 -0.9653617 0.02673828 -0.2595419 -0.9996172 0.01969337 -0.01943314 2.22461e-4 0 1 0.2104275 0.001329779 0.9776086 -0.946833 -0.002555966 -0.3217154 -0.9669768 0.00882554 -0.2547115 -0.9468331 -0.002558887 -0.3217149 0.3841075 0.05364781 -0.9217285 0.371446 0.007756531 -0.9284222 0.4910759 0.02907359 -0.8706315 -0.02129197 0.2591945 -0.9655904 -0.007887184 -0.06843668 0.9976243 -0.05888235 -0.2088409 0.9761754 -0.3309204 -0.5571476 0.7616286 -0.9818176 -0.005371987 0.189751 -0.9868682 -0.0346868 -0.157759 -0.9309595 0.01074701 0.3649641 -0.9893789 0.1450099 -0.01007777 -0.9893798 0.1450046 -0.01006966 -0.9773076 -0.1283074 -0.1685447 0.6062722 0.7947528 -0.02832019 0.9033901 0.4287714 0.006446599 0.8395085 0.5433293 0.004332661 0.4115994 0.002549707 0.9113613 0.2106398 0.001310408 0.9775629 0.4115995 0.002549767 0.9113613 0.727414 0.6861705 -0.006235301 0.7389875 0.6733705 -0.0216726 0.7290034 0.6844932 -0.004813432 0.2262604 -0.9728412 -0.04885131 0.9947971 0.09013062 -0.04749059 0.9835515 0.1373399 -0.1173211 0.9979504 0.04858392 -0.04165029 -0.9864184 0.1641002 0.007077991 -0.9703874 0.2369127 0.04712378 -0.990183 0.1396677 0.005531609 -0.7178624 0.5339732 0.4467059 -0.7178625 0.5339732 0.446706 -0.7176296 0.5341391 0.4468816 -0.2114567 -0.192195 0.9583043 -0.2369626 -0.9715188 0 -0.06862312 -0.9262881 0.3705149 -0.06863367 -0.9262701 0.3705581 -0.06863379 -0.9262701 0.370558 0.5134778 0.005593597 -0.8580847 0.6702187 -0.009985864 -0.7420966 0.4386643 0.003945946 -0.8986424 0 -1 8.74738e-6 0.04368716 0.9968225 0.06660676 0.05696946 0.9953448 0.07773828 0.1294298 0.9912518 0.02584326 -0.993789 -0.05082392 -0.09899717 -0.5322359 0.8460374 0.03075277 -0.4658821 0.8848053 0.008584022 -0.4537757 0.8908858 0.020249 -0.4296753 0.9029797 -0.002634823 -0.4288055 0.9033837 0.004879951 -0.7251298 0.6886116 9.77121e-4 -0.1753594 -0.9843544 0.0171892 0.8368337 0.5405457 0.08671736 0.7965386 0.5904775 0.1298562 0.8423504 0.5365752 0.05032891 -0.951638 -0.3071445 -0.006900727 -0.9631319 -0.268846 0.009936153 -0.9857725 -0.1676894 0.01152616 -0.836374 0.007210969 -0.5481119 -0.7317401 0.006078064 -0.6815567 -0.9468141 -0.002572894 -0.3217709 -0.6344765 0.7529821 -0.1745216 -0.6344764 0.752982 -0.1745216 -0.6344765 0.7529821 -0.1745215 0.3850485 -0.9202727 -0.06954032 0.5562016 -0.831045 -0.002031028 0.6300355 -0.776566 8.09609e-4 0.9395159 -0.1496231 -0.3080956 0.9933436 0.0468946 0.1052113 0.9936426 0.09245276 0.06424283 0.9872449 0.02701467 0.1569008 0.1495004 0.988212 0.03296506 -0.8608567 -0.5088423 -0.002292513 -0.8204976 -0.545095 0.172207 -0.9857395 -0.1678844 0.01151657 -0.8787826 0.005183458 0.4771941 -0.605862 -0.002353191 0.7955664 -0.9817798 -0.005356848 0.1899467 -0.9101554 0.1089863 -0.3996737 -0.7768196 0.1577688 -0.6096395 -0.7985029 0.1668816 -0.5783974 0.05900824 0.7900756 0.6101629 0.05900865 0.7900755 0.6101628 0.05900841 0.7900756 0.6101629 0.8045694 -0.568063 -0.1731256 0.6802699 0.2050983 0.7036815 0.9504546 0.294103 0.1006959 0.8420346 0.1776005 0.5093485 -0.001541316 0.9758951 -0.2182348 -0.003573477 0.8474642 -0.5308406 -0.9426354 0.3337998 -0.004049777 -0.8679973 0.4459071 0.2185125 -0.9556816 0.2467746 -0.1605461 0.4056441 0.1376864 0.9036013 0.6801338 0.2050994 0.7038127 0.5666511 0.1461111 0.8108996 1.02147e-5 0 1 -0.08569163 -0.398552 -0.9131339 -0.2231479 -0.6341303 -0.7403269 -0.2196245 -0.6056161 -0.7648491 -0.05226939 0.004446446 0.9986232 -0.1218451 -0.01449048 0.9924435 -0.03881329 -0.04285043 0.9983274 -0.9811898 0.08381158 0.173903 -0.9559363 -0.2402653 0.1686963 -0.9113571 -0.3200325 0.2588577 -0.9669227 0.2550696 -2.02478e-4 -0.9994007 0.03461581 -2.07633e-4 -0.9995504 0.02976703 0.003627657 -0.04876679 0.9986906 0.01546436 -0.1457248 0.9883707 0.04344844 -0.6737671 0.007707715 -0.7389037 -0.6737652 0.007689952 -0.7389056 -0.424496 0.08430141 -0.9014968 0.8436657 -0.006357729 0.5368313 0.6729662 -0.02202284 0.7393454 0.6801008 -0.005689442 0.7330966 0.08621698 0.02260679 0.9960198 0.3867936 0.8423583 -0.3752644 -0.005172431 0.6220277 -0.7829783 -0.003579139 0.8473743 -0.5309839 -0.005172193 0.6220277 -0.7829783 0.8383302 0.3917312 0.3791427 0.9151602 -0.005172431 -0.4030573 0.8967151 0.004865348 -0.4425815 0.998044 -0.009702086 -0.06175905 -0.6406682 -0.7441225 -0.189278 -0.640668 -0.7441225 -0.189278 -0.640668 -0.7441225 -0.189278 -0.9703121 0.2377346 -0.04446172 -0.9703195 0.2377119 -0.04442006 -0.9703121 0.2377345 -0.04446172 -0.999875 -0.01580852 -4.89583e-4 -0.9785039 -0.1999226 0.05060803 -0.9999335 -0.00444436 0.01065272 -0.999639 -0.002159118 -0.02678102 -0.9998212 -0.01891255 0 -0.9743434 -0.2124332 -0.07434409 0.5353609 0.8431114 -0.05051755 0.06789439 0.9952768 -0.069386 -0.903902 0.006270289 0.4276937 -0.1443396 -0.002175509 0.9895258 -0.3294834 -0.01773881 0.9439948 0.1251702 -0.03485578 0.9915228 0.7388812 0.3389772 -0.5823649 0.7139388 0.2751762 -0.6438707 0.6255719 0.1709472 -0.7612076 0.9763512 7.86342e-4 0.2161898 -0.4335761 0.002315759 0.9011141 -0.1334865 -0.003681004 0.9910439 -0.3207189 0.01631909 0.947034 0.1169578 -0.9535963 -0.2774438 0.1169578 -0.9535963 -0.2774438 -0.980032 0.1986663 -0.008313655 -0.9800366 0.1986449 -0.008290767 -0.959799 -0.07855039 -0.2694734 -0.1332855 -0.003695309 0.9910709 -0.3599293 -0.004389226 0.9329693 0.05917555 -0.02356487 0.9979695 0.9084035 -0.4180481 0.006258785 0.8362991 -0.548225 -0.007297039 0.9697827 -0.2439614 0.002098858 -0.08251321 0.996564 -0.007201731 -0.9239909 0.006215572 0.3823642 -0.1088026 0.005967855 -0.9940455 -0.1042203 0.003263235 -0.9945489 -0.07877284 0.03348231 -0.9963302 -0.5517376 -0.1074256 0.8270703 -0.2719848 -0.1811852 0.9450907 -0.5049274 -0.467691 0.7254747 -0.9340928 0.09991812 -0.3427638 -0.9487358 0.02949947 -0.3146905 -0.9888414 0.1011015 -0.1094138 -0.01586902 0.164642 -0.9862258 -0.6565774 0.2639458 0.7065683 -0.3291009 0.2699074 0.9048992 -0.6809796 0.2275078 0.6960654 0.9377691 -0.341377 0.06364536 0.9201725 -0.3667874 0.1369303 0.8846785 -0.4601644 0.07478499 -0.7421971 -0.6526375 -0.1523412 -0.9743157 -0.2125393 -0.07440459 0.2084439 -0.02246636 -0.9777762 0.153025 -0.01551628 -0.9881006 0.2084441 -0.02246636 -0.9777762 -0.5973414 0.2227261 -0.770439 -0.486642 0.2531154 -0.8361294 -0.5973414 0.2227267 -0.7704389 -0.5609162 0.01006317 -0.8278115 -0.3453072 -0.01809048 -0.9383154 -0.7110248 -0.02239495 -0.7028103 -0.2133859 0.07090687 -0.9743915 -0.3451769 -0.01799005 -0.9383652 -0.3451724 -0.01799625 -0.9383668 -0.9561582 0.07252669 0.2837279 -0.9427022 0.3336107 -0.004062116 -0.999597 -0.01739293 0.02243942 -0.4034773 0.8939637 0.1950257 -0.4030638 0.8941075 0.1952211 -0.695582 0.07849061 0.7141463 -0.695582 0.07849067 0.7141463 -0.6957126 0.07841616 0.7140273 0.881963 -0.01573789 0.4710562 0.8621559 -0.02434551 0.5060579 0.8113668 -0.008103191 0.5844812 0.8536624 -0.5189335 -0.04436844 0.3029195 -0.00220555 0.9530137 -0.04787915 0.007896304 0.998822 -0.1808471 0.02189987 0.9832674 0.2335956 -0.7241476 -0.6488786 0.04047858 -0.4917837 -0.869776 0.2336055 -0.7241145 -0.648912 0.4930365 -0.5767269 0.6513841 0.5097457 -0.6576064 0.554719 0.759328 -0.4306059 0.4878522 -0.2350386 -0.9322425 0.2751012 0.09008735 0.01134431 0.9958693 0.305808 0.004463791 0.9520828 0.09650748 0.03429621 0.9947412 0.9900732 0.08181416 0.1142876 0.9852879 0.1676009 0.03343516 0.9720847 0.2322999 0.0329886 0.00659883 0.006683945 -0.9999559 -0.00555557 0.02536666 -0.9996629 0.8248328 -0.5636577 -0.04405611 0.9307606 -0.3655369 -0.008217453 0.9427244 -0.33354 0.004679918 0.9838756 -0.1063585 0.143794 0.9863663 -0.13902 0.08806258 0.9049075 -0.4255986 0.002889275 0.787271 -0.6165817 -0.005607843 0.9959535 -0.08935201 -0.00964576 -0.1242802 -0.005910038 -0.9922296 0.09346443 -0.6081399 -0.7883086 0.09346431 -0.6081399 -0.7883086 0.09347271 -0.6080638 -0.7883663 -0.00165075 -0.9999163 -0.01283729 -0.9102172 0.1089279 -0.3995492 -0.9984649 0.01456856 -0.05343967 -0.9618492 0.06566333 -0.2655835 0.3048267 0.7208645 -0.6224428 -0.1112061 0.7440094 -0.65885 0.0134201 0.9924033 -0.1222938 0.2013103 -0.2715575 0.9411327 -0.2980273 -0.6461443 0.7026217 -0.1201744 -0.6809365 0.7224152 -0.4174793 -0.6998083 0.5796373 0.3070133 0.946294 -0.1013442 0.3070132 0.946294 -0.1013442 0.3070133 0.946294 -0.1013442 -0.09937942 0.01789027 -0.9948888 0.09557604 -0.1306963 -0.9868048 0.00485289 -0.07261008 -0.9973486 0.6824767 -0.2344387 0.6922891 0.2847521 0.1958296 -0.9383853 0.5341429 0.3141058 -0.7848753 0.1861549 0.9819546 -0.03334039 0.06156778 0.9980989 -0.002841353 0.04183971 0.9991183 0.003483891 -0.07012486 0.01592397 0.9974112 -0.1541639 0.07333111 0.9853203 -0.009564578 0.02762746 0.9995726 0.3239665 -0.006066143 0.9460492 -0.249804 0.003677785 0.9682896 0.2905794 -0.01380282 0.9567514 0.01337873 0.9924135 -0.1222151 -0.1388226 0.9097017 -0.3913709 -0.1352429 0.959537 -0.2469782 0.8181583 -0.05297923 0.5725472 -0.7060625 0.4774614 0.5229784 -0.166302 0.3655629 0.9158098 0.00478518 -0.07246023 -0.9973598 -0.1384499 0.061199 -0.9884768 -0.07593417 0.1831896 -0.9801406 0.08721995 -0.2878909 0.9536831 -0.04501807 -0.711778 0.7009605 0.2029646 -0.7115743 0.672657 -0.01765131 0.04396235 -0.9988774 -0.005580425 0.02541047 -0.9996616 -0.04165679 0.9969294 -0.06630629 0.7069987 0.3592008 0.6092025 0.723589 -0.6050499 -0.3321651 -0.1249921 -0.9917449 0.02861946 -0.2896536 -0.9513622 0.104932 -0.2383372 -0.9639524 0.1182841 -0.6778088 0.2849259 -0.677785 -0.9404879 -0.3252674 0.09840643 -0.3902177 0.8451365 0.3653416 -0.2851147 0.8811585 0.3771862 -0.2364813 0.7602087 0.6051111 0.4587031 -0.007317185 -0.8885596 0.7048457 0.01111084 -0.7092738 0.4425641 -0.0101698 -0.8966792 -0.07686668 0.9955219 -0.05502724 0.04188352 0.9983354 -0.03965282 -0.2407713 0.9696224 -0.04314732 0.07667952 0.007671415 0.9970264 0.1520938 0.04569989 0.987309 0.07667618 0.00767821 0.9970265 -0.3977741 -0.5108926 -0.7620792 0.9988542 0.04731655 -0.007184684 0.9988541 0.04731601 -0.007188439 0.996051 0.08585405 -0.02261829 0.06051546 -0.8650669 0.4979931 0.04233598 -0.7849803 0.6180725 0.378426 -0.7875791 0.486326 -0.1405404 -0.2829793 -0.9487735 -0.4002138 0.3438432 -0.8494709 -0.2461802 0.3114652 -0.9178152 -0.5347158 0.4423529 -0.7200021 0 1 -2.85192e-5 -0.6213732 0.3749096 0.6879957 -0.3588169 0.2625185 0.8957312 -0.4618096 -0.07101774 0.8841314 -0.2970619 0.3772408 -0.8771794 -0.03599369 -0.1180819 0.9923513 -0.1615933 -0.4039342 0.9004026 -0.03598266 -0.1180899 0.9923508 0.322919 -0.09945213 0.9411868 -0.3011934 -0.01002746 -0.9535105 0.004692196 -0.07261532 -0.997349 -0.3234073 -0.03244429 -0.9457035 -0.1864761 -0.9736216 0.131483 -0.2383147 -0.9639564 0.1182974 -0.8838713 0.4676999 -0.005342781 -0.6575998 0.7530699 0.02117472 -0.8928436 0.4502955 -0.008024036 0.6423333 0.5909088 -0.488093 0.6421623 0.5911789 -0.4879909 -0.8087565 -0.1074492 0.5782452 -0.8978719 -0.04159921 0.4382872 -0.5650613 -0.09105569 0.8200089 -0.2933822 0.4259849 -0.8558411 -0.2934072 0.4259667 -0.8558416 -0.418305 0.6629306 -0.6209219 0.02482509 0.999684 -0.003949463 0.05044949 0.9986944 -0.008023381 0.01265996 0.9999178 -0.002016007 0.6256985 0.1708375 -0.7611281 0.6961641 0.1145933 -0.7086775 0.8144851 0.3519464 -0.4612461 0.02512186 -0.08620584 0.9959606 -0.01512598 0.002510368 0.9998825 -0.2981613 -0.2015202 0.9330003 0.01163583 0.2015948 0.9793999 -0.5718993 -0.7937089 -0.2072615 -0.9749152 0.2216063 -0.02076262 -0.9848168 0.1729621 -0.01483368 -0.9749152 0.2216061 -0.02076452 0.1252691 -0.03477662 0.9915131 0.1252713 -0.03477925 0.9915128 0.2136683 0.02696663 0.976534 -0.9993079 0.03689432 -0.004752814 -0.9998751 -0.01580172 -4.80296e-4 -0.9988652 0.04198116 -0.02249419 0.8305878 0.5568639 0.005152106 0.6610203 0.7503609 0.003259837 -0.9442663 -0.3290166 0.01045584 0.6059644 0.7954064 -0.01166146 0.4729861 0.8803282 0.03614556 0.7536405 0.6572027 -0.01051384 -0.187505 0.2671326 0.9452418 -0.5517451 -0.1072558 0.8270874 -0.3315905 0.3889577 0.8595113 0.4186755 -0.8366224 0.3532335 0.315135 0.9477311 0.04995793 0.8388916 -0.44015 -0.3202014 0.596503 0.0117889 -0.8025243 0.6081913 -0.01148861 -0.7937075 0.5082225 0.02324241 -0.8609121 0.248453 -0.9516996 -0.1803858 0.1731438 -0.01974976 0.9846985 0.03819513 -0.0038383 0.999263 0.862366 0.4327447 0.2627867 0.7236732 0.4597818 0.5146823 0.8178219 0.4243432 0.3887165 -0.7701137 0.5376735 0.3432668 -0.8558384 -0.2148227 -0.470523 -0.8557284 -0.2146619 -0.4707963 -0.4535791 -0.8556905 0.2491181 0.6870673 -0.447932 0.5720974 0.001542806 0.9758597 0.2183933 7.82154e-4 0.9939391 0.1099293 0.001542866 0.9758597 0.2183933 -0.5655447 0.4292834 0.704184 -0.2860171 0.6211578 0.7296281 -0.4462592 0.7225152 0.5280383 0.04156535 0.9748488 0.2189568 -0.1148698 0.9554348 0.2719364 0.004081845 0.9554198 0.2952229 0.7219445 0.5239489 0.4519668 -0.0253967 0.9785043 0.2046568 -0.02548068 0.9785117 0.2046111 -0.02548068 0.9785117 0.2046111 9.16422e-6 0 1 -0.005144059 -0.01744651 0.9998346 0.009336233 -0.03507417 0.9993411 5.75623e-4 0.009559929 0.9999542 0.7804965 0.3627885 -0.5091264 0.9895874 0.07261377 0.1242746 0.9688055 -0.2401732 0.06109613 0.9687873 -0.2402573 0.06105381 0.6477173 0.5911753 0.4805977 0.6715287 0.5546568 0.49133 0.5117316 0.723829 0.4628201 -0.9928308 0.03566521 -0.1140843 -0.9062036 0.1571173 -0.3925675 -0.9928309 0.0356782 -0.1140785 0.01198214 0.9984843 0.05371826 0.05016505 0.9987123 -0.007580518 -0.1164662 0.9882443 -0.09903937 0.05422127 -0.2077546 -0.9766771 0.03306591 -0.1050423 -0.993918 0.00486505 0.02365928 0.9997084 -0.02140182 0.02526837 0.9994516 -0.02352696 -0.02290594 0.9994608 0.8906983 0.2678489 0.3673058 0.8908269 0.2675547 0.3672084 0.0687744 -0.7684231 -0.6362359 0.0687654 -0.7684844 -0.6361628 0.0687654 -0.7684845 -0.6361628 -0.01489317 0.9998457 0.009328365 -0.01121449 0.9999006 -0.008557677 -0.009321331 0.9999566 -3.44807e-4 0.01151674 -0.001386523 -0.9999327 0.03304052 -0.1048967 -0.9939342 -0.5173409 0.8549802 0.03697806 -0.42628 0.9042559 0.02463448 -0.5173408 0.8549802 0.036978 0.0630421 -0.9979943 0.005767107 -0.04689925 -0.9988434 -0.01060712 0.088243 -0.9960641 0.008339881 -0.330407 0.9437623 0.01200371 -0.4261459 0.9043197 0.02461087 -0.3304975 0.9437306 0.01200515 0.9041944 0.005508244 -0.4270858 -0.01540517 -0.9952836 -0.09577792 0.004923999 0.9999876 7.78993e-4 0 1 -1.94003e-6 -0.9963532 0.06021046 -0.060458 -0.99481 0.08553969 -0.0551002 -0.9917641 0.02434206 -0.1257441 0.09663474 0.1468275 0.9844305 0.2925091 0.02357697 0.955972 0.2925074 0.02357399 0.9559727 0.5374466 0.04577338 0.8420547 0.2926297 0.02349042 0.9559373 0.7219544 -0.01150554 0.6918451 -0.9040628 -0.004835009 -0.4273726 -0.9040628 -0.004835605 -0.4273726 -0.9040628 -0.004835009 -0.4273726 0.6662496 0.02083051 -0.7454378 0.7976025 -0.109214 -0.5932139 0.6662642 0.02085828 -0.7454241 -0.9842849 0.009357154 -0.1763395 -0.985202 0.01892536 -0.1703495 -0.9628905 0.004760026 -0.2698507 -0.4306502 -0.8595594 0.2751332 -0.009798586 -0.003768563 -0.999945 4.9943e-4 0.06773108 -0.9977035 6.49234e-4 -0.004362225 -0.9999903 0.06993907 -0.01378887 0.997456 0.0372039 -0.01569759 0.9991845 0.04668045 -0.009181141 0.9988677 -0.9800145 0.1987577 -0.008187174 -0.9800125 0.198767 -0.008197307 -0.8576354 0.4469645 0.2543312 0.7598865 0.6500552 -9.26672e-4 0.1861904 0.9819442 -0.03345119 0.5515174 0.8335595 -0.03173917 0.03398412 0.9964075 -0.07757109 -0.09551286 0.9528096 -0.288151 0.996277 -0.08620959 3.02411e-4 0.918201 -0.3955518 -0.0211122 0.9998757 -0.002275943 -0.01560652 0.535534 0.8170059 0.2137867 -1 1.27932e-5 0 -1 1.2789e-5 0 -1 1.2785e-5 0 0.08251327 0.9965638 0.007226288 0.6682803 -0.1868913 0.7200508 0.8212592 0.09992551 0.5617368 0.8212502 0.09993648 0.561748 -0.1243934 0.9912708 0.04368859 -0.1521784 0.9844958 0.08723378 -0.05103462 0.9982684 0.0292524 -0.7050561 0.526774 0.4747685 -0.9626443 0.1548446 0.2221242 -0.7728719 0.519976 0.3637228 0.03396105 0.9964107 -0.07754057 -0.01900893 0.9997064 -0.01503264 0.04323112 0.9981749 -0.04216843 0.8760667 0.4819349 -0.01568382 0.8760673 0.4819332 -0.01570045 0.2963201 0.9538732 -0.04817056 0.9221614 0.06836652 0.3807159 0.8668078 0.3737883 0.3300402 0.8212812 0.1000527 0.561682 -0.02524131 0.999673 0.004110872 -0.05028289 0.9987015 0.008188605 -0.01262366 0.9999182 0.00205928 0.08589673 -0.9952764 0.04524058 0.08164376 -0.9966441 0.005898892 -0.7078686 0.7063164 0.006276547 -0.5387569 0.8424227 -0.008069753 -0.7503572 0.6610273 -0.002670288 0.2344365 -0.9721257 -0.003358602 0.1993941 -0.9798806 -0.00871247 0.2344366 -0.9721257 -0.003359854 0.006569385 0.1193367 -0.9928321 0.1428319 0.9897361 -0.004647016 0.1428207 0.9897378 -0.004627048 -0.1374537 0.9767355 -0.1646031 -0.04951256 0.5288572 -0.8472654 0.05724865 0.7388354 -0.6714498 -0.186719 0.5827002 -0.7909467 0.2491715 -0.1102606 -0.9621623 0.2491715 -0.1102605 -0.9621623 0.2491714 -0.1102606 -0.9621623 0.04199486 0.9200705 -0.3894953 0.1627295 0.7448313 -0.6471056 0.04388344 0.9724407 -0.2289838 0.1138199 -0.4579453 -0.8816639 0.1138198 -0.4579453 -0.8816639 0.1137816 -0.4577807 -0.8817544 0.004990518 7.76535e-4 0.9999873 -0.003780245 -0.01098138 0.9999327 0.4506686 0.338118 -0.8261805 0.4508375 0.338342 -0.8259965 0.234459 -0.9721203 -0.003356397 0.2692859 -0.9630583 0.002001643 0.4718555 -0.8816574 -0.005727589 0.7740417 -0.08763211 -0.6270408 0.7740418 -0.08763211 -0.6270408 0.7740417 -0.08763217 -0.6270408 -0.439859 0.6042948 -0.6643432 -0.7229106 0.4194493 -0.5490561 0.9048393 0.4257471 -0.002323567 0.7935028 0.6085583 0.003201425 0.9915556 0.1296818 5.85632e-4 0.06624442 7.74974e-4 0.9978032 0.1309504 -0.005165576 0.9913755 0.08173358 0.01243889 0.9965767 -0.9453027 -0.2715647 0.1807083 -0.9936276 -0.1019768 0.0480113 -0.1520943 0.3950409 0.9059858 0.908257 0.4183394 0.007848799 0.9473782 0.3200369 0.007143676 0.8204734 0.5716333 -0.007680237 0.9097933 -0.03800737 -0.4133177 0.6628991 -0.06675976 -0.7457265 0.9364953 0.04158163 -0.3482062 -0.8707781 0.490957 -0.02658802 -0.7238436 0.6883918 -0.0465542 -0.8135023 0.5815568 -0.002421855 0.077371 -0.9964396 -0.03349351 0.08164131 -0.9966446 0.005869448 -0.7353954 0.6738892 -0.07118409 -0.3058661 0.9500954 -0.06135731 0.345688 -0.05723798 -0.9366022 0.6627921 -0.06689858 -0.7458091 0.2640835 -0.07607656 -0.9614948 0.9965584 6.08421e-4 0.08289229 0.9958562 0.001604616 0.09092849 0.9967198 -0.01073724 0.08021402 -0.287631 0.1474753 0.9463189 -0.5340375 0.3140752 0.784959 -0.3072779 0.9462109 0.1013172 0.8411417 -0.003207325 -0.5408054 0.995383 -0.00824517 -0.09562855 0.9987063 0.01351046 -0.04902362 -7.76834e-4 0.999985 -0.005433082 0.01037448 0.9999353 0.004677355 -0.7076404 0.3400713 -0.6193518 -0.7078919 0.3402313 -0.6189764 -0.7076403 0.3400714 -0.6193519 -0.2184015 -0.2759613 -0.9360269 -0.9626728 0.1547033 0.2220991 -0.984849 -0.007181227 0.1732656 -0.997056 0.05284279 0.05556285 0.05476522 -0.9949409 0.08422249 0.130803 -0.9820787 0.1356914 0.04515743 -0.9980331 0.04348427 -0.7258701 -0.5980107 0.3398467 -0.9298054 -4.90705e-4 -0.3680512 -0.8535411 -0.01735287 -0.5207364 -0.9838664 -0.002621352 -0.1788861 0.9987149 0.01349407 -0.04885166 0.9991272 0 0.04177433 0.9924488 -0.006235957 -0.1225018 0.3920078 -0.9147276 -0.09799784 0.3919225 -0.9147663 -0.09797739 0.3920078 -0.9147276 -0.09799784 0.9987154 0.01352596 -0.04883319 0.9996074 0.01186215 0.0253849 0.9992694 0.03518062 -0.01493704 0.04732561 0.9684917 -0.2445082 0.1326156 0.7157343 -0.6856659 0.0297836 0.9678983 -0.2495715 0.01775389 0.9998246 0.005962848 0.03542011 0.9993342 -0.008769452 0.002624213 0.9999962 -8.90816e-4 0.1967495 -0.9796278 -0.04023897 0.1968419 -0.9796085 -0.04025536 0.1967495 -0.9796278 -0.04023903 0.9523513 0.03863131 -0.3025471 0.9708977 0.07612073 -0.2270756 0.9571322 0.05764305 -0.283858 -0.4916487 -0.02760207 0.8703561 -0.6981592 -0.04836702 0.7143069 -0.584483 -0.002485811 0.8114023 0.09106808 7.62205e-4 -0.9958444 0.4313179 -0.023072 -0.901905 0.006928741 -0.01407682 -0.999877 0.9992693 0.03512382 -0.01507723 0.9571819 0.05754965 -0.2837094 0.992631 -0.03468304 -0.1161071 -0.5006408 -0.01314687 -0.8655554 -0.5006353 -0.01318031 -0.8655581 -0.9566103 -0.03626382 -0.2891049 0.01149982 5.75314e-4 -0.9999338 0.2833767 0.01894998 -0.9588215 0.3897339 0.006470978 -0.9209048 -0.9804248 0.07145804 -0.1834689 -0.980406 0.07149016 -0.1835573 -0.9804248 0.07145798 -0.1834689 0.02175945 0.90617 0.4223535 0.02173143 0.9061799 0.4223338 -0.09994918 0.7123939 0.6946259 0.05854058 0.004084825 -0.9982767 0.03900849 0.01518654 -0.9991235 0.04539155 0.006853401 -0.9989458 0.6391549 -6.54913e-4 -0.7690779 -0.05790901 0.7957241 -0.6028847 -0.03060382 0.947453 -0.3184282 -0.8228524 3.97804e-4 0.568255 -0.9716719 -6.43215e-4 0.2363331 -0.799885 -0.0171225 0.599909 -0.1207813 -0.9890568 -0.08472651 0.9748281 -0.001283288 -0.2229541 0.9659103 0.004236221 -0.2588428 0.9748282 -0.001281082 -0.2229537 0.06264817 0.002706527 -0.9980321 0.3794552 -0.01938217 -0.9250071 -0.08689403 0.004181861 -0.9962089 0.9748295 -0.001283288 -0.2229482 0.9823856 -0.006765246 -0.1867426 0.9748296 -0.001281917 -0.222948 0.3898982 0.006454288 -0.9208354 0.4912157 -0.006113708 -0.8710166 0.3898963 0.006446063 -0.9208362 -0.5867342 0.7719269 -0.2446876 -0.6721221 0.5079517 -0.5387366 -0.6081241 0.5469653 -0.5753383 -0.955605 0.001265347 0.2946481 -0.9017766 0.3553953 0.2459537 -0.8173719 0.3029012 0.4900553 -0.4752376 0.8617651 0.1775112 -0.1321077 0.9563219 0.2607609 -0.47523 0.8617771 0.1774732 0.5193137 0.2549364 -0.815672 0.2486841 0.1421591 -0.9580956 -0.2704992 -0.3104391 -0.9112946 -0.9966928 0.0770654 0.02577561 -0.9411623 0.2151764 -0.2606007 -0.9978318 0.05167883 0.04075711 0.9840646 0.04939037 0.1708141 0.7603871 -0.2324563 0.606445 0.362586 0.6628578 0.6550962 -0.7883952 0.1807257 -0.5880233 -0.9859356 0.06452113 -0.1541696 0.3388738 -0.6408755 -0.6887984 -0.01098179 0.572023 0.8201642 -0.1241841 -0.9916463 -0.0348705 0.115333 -0.9817612 0.15114 0.4621343 -0.5966585 -0.6560721 0.04876238 -0.01412338 0.9987106 -0.8178423 -0.4004769 -0.4132221 -0.9800785 -0.1641752 -0.1117708 -0.9135881 -0.3621759 -0.1848934 -0.9895357 0.004881501 -0.1442056 -0.9434061 -0.01730901 -0.331188 -0.9923527 -0.02324497 0.121227 -0.9136338 -0.3621328 -0.1847518 -0.9626305 -0.2704162 0.01476019 -0.9556358 0.001128911 0.294549 0.675107 0.7256001 -0.1331735 0.5300457 0.84588 -0.05948704 -0.6010433 0.7811915 -0.1687808 -0.6521714 0.7420815 -0.1548793 -0.4574676 0.7801695 -0.4266838 -0.5456289 -0.4273643 0.7208667 -0.4121268 -0.216154 0.8851153 -0.9026675 0.4121453 -0.1238055 0.08290022 0.9573478 0.2767903 0.02180933 0.9062238 0.4222354 0.1783108 0.9745525 -0.1358411 0.1154692 -0.9817357 0.1512014 0.3442029 -0.8814808 0.3232892 0.3442029 -0.8814809 0.3232891 0.098894 0.02703446 -0.9947308 -0.1087629 -0.1248202 0.9862002 -0.5102756 -0.7861802 0.3486255 -0.5102756 -0.7861801 0.3486256 -0.5102756 -0.7861801 0.3486255 -0.6485155 0.0380125 -0.7602517 -0.4729863 -0.01205515 -0.8809874 -0.8084384 0.02675992 -0.5879724 0.01905745 -0.03669804 -0.9991447 -0.236009 -0.05395328 -0.9702519 -0.4728397 -0.01195323 -0.8810675 0.9897916 -0.03767639 -0.1374527 -0.9394219 0.1009446 0.3275617 -0.8554005 -0.1364674 0.4996666 -0.7979248 0.109422 0.5927421 -0.4822268 -0.1727381 0.8588474 -0.7515575 -0.1036307 0.6514769 -0.7515562 -0.1036088 0.6514819 -0.4573233 0.7801732 -0.426832 -0.2739181 0.7111742 -0.6474567 -0.27399 0.7108402 -0.6477929 -0.966762 0.09186857 0.2386033 -0.9953576 0.002189695 -0.09622114 -0.8318146 0.0553109 0.552291 -0.4478902 0.8724923 0.1953247 -0.5354778 0.8444416 0.01349288 0.779512 0.04263395 0.6249348 0.700747 -0.04390877 0.7120574 0.7795099 0.04263925 0.6249369 -0.3921751 -0.005542099 -0.919874 -0.4224116 0.002131104 -0.9064017 -0.04080605 -0.008013486 -0.999135 -0.2708736 0.92133 0.2788878 -0.941533 -0.02690279 -0.3358452 -0.9953436 0.002238273 -0.09636485 -0.8085224 0.02683442 -0.5878534 -0.9923394 -0.02314615 0.1213539 -0.9923399 -0.02314192 0.121351 -0.9745227 0.04590868 0.2195405 -0.6304875 -0.6004046 0.491935 -0.8177287 -0.3243794 0.4754976 -0.7392274 -0.4142581 0.5309738 0.1915635 0.9813468 -0.01618653 0.1661884 0.9852736 0.04021829 0.1783418 0.9745184 -0.1360448 0.2061509 0.9095604 -0.3608348 0.2061977 0.9095517 -0.3608298 -0.07740765 0.00233978 0.9969968 -0.08765977 0.003622829 0.9961439 -0.07399117 7.2733e-4 0.9972587 -0.9971079 0.001216769 -0.07599043 -0.995867 0.003024458 -0.09077358 -0.9974791 2.96866e-4 -0.0709604 -0.8953599 -0.002294301 -0.4453376 -0.7690216 -0.253772 -0.5866904 -0.8953534 -0.002284169 -0.4453504 0.001651644 -0.9999119 0.01317536 -1.36963e-4 0 1 0.01890993 -0.9973913 -0.06966412 -0.9197704 0.2315192 -0.3168933 -0.9328881 0.2494409 -0.2598059 -0.8954012 -0.002148389 -0.445255 -0.7362686 0.001678943 -0.6766874 -0.7625879 -8.07787e-4 -0.6468842 -0.7080255 -0.005245387 -0.7061675 -0.9762462 -0.2013934 0.07990109 -0.9967193 -0.01437008 -0.07964998 -0.9967055 0.07688355 0.02582675 0.9961979 0.08685356 -0.0067963 0.9976619 0.06589442 -0.01813465 0.9938626 0.09534245 -0.05609929 -2.57903e-4 0 1 0 1 2.50172e-5 -0.9892917 0.01867198 -0.1447527 -0.9411577 0.2150587 -0.2607144 -0.9967098 -0.01430201 -0.07978224 -0.6456297 -0.7474781 0.1563296 -0.4264745 -0.9042459 0.02142101 -0.6017163 -0.7985478 -0.0160939 -0.4884127 0.870031 -0.06707459 -0.6352124 0.7214479 -0.2757139 -0.6679174 0.7231692 0.1758198 -0.01031458 0.9996914 -0.02260214 0 0.9998098 -0.01950311 -0.0097934 0.9996936 -0.02273446 0.6622883 -0.7485809 -0.03163683 0.6622883 -0.748581 -0.03163689 0.6622883 -0.7485809 -0.03163689 -0.9568388 -0.2906176 9.9309e-4 -0.957623 -0.1045073 0.2683962 -0.9394469 0.1009779 0.3274798 -0.05085146 0.002022504 -0.9987043 -0.05277687 -0.01009678 -0.9985554 -0.05192548 0.1716138 0.983795 -0.178282 -0.8416925 0.5096759 -0.1782006 -0.8417659 0.5095829 -0.1782006 -0.841766 0.5095829 -0.9965582 -0.0531643 -0.06360423 -0.9801055 -0.1640391 -0.1117348 -0.9560699 0.1459328 -0.2542324 0.5149393 -0.3811513 -0.767829 -0.7915902 0.5084419 -0.3389276 -0.8638048 0.3818129 -0.3287255 -0.6352488 0.7213574 -0.2758668 0.3632921 0.9315291 0.01651364 0.5299053 0.8459736 -0.05940634 -0.970623 -0.005263388 0.240548 -0.9705253 -0.001560688 0.2409945 -0.9627597 -0.002960383 0.2703424 -0.9255521 0.002533912 0.3786119 -0.972769 -0.001123905 0.2317743 -0.9905916 0.00333625 0.136811 0.01942837 0.999237 0.03388404 0.004747629 0.9990772 0.04269123 0.007766187 0.9998782 0.01354235 0.8998796 -0.00408703 -0.4361194 0.9835633 7.18175e-4 -0.1805625 0.9383994 -0.002554297 -0.3455433 0.001447498 -0.999083 -0.04279083 -0.008366107 -0.9867185 -0.1622241 -0.05697649 -0.9959145 -0.07005715 -0.05599349 -0.9983899 0.009082376 -0.2195714 -0.9755937 -0.002298474 -0.2998006 -0.9539806 -0.006374359 -0.9735034 -0.2282853 0.01329964 -0.9545193 -0.2980989 0.005473375 -0.9765539 -0.2145062 -0.01815289 0.01480561 0.9985123 0.05247819 -4.57983e-4 0.9999893 0.004608452 0.0072335 0.9999709 0.002453327 -0.02175199 0.9997629 -0.001103162 0.01958328 -0.9997789 0.007657945 0.2022799 -0.978466 0.04107522 0.05640441 -0.9984081 1.36362e-4 0.3329459 -0.9426217 -0.02473187 0.1045445 -0.9944724 -0.009751319 0.4162391 -0.9090769 -0.0180068 -0.2997831 -0.9539861 -0.006392061 -0.3308673 -0.9436693 0.003897488 -0.4704107 -0.8823986 0.009303808 0.004286766 0.9927 -0.120534 -0.004067003 0.9999747 0.005852818 -0.1733095 0.9838674 0.0443713 -0.4056677 -0.2706748 0.8730228 -0.3859683 -0.2617764 0.8845912 -0.3990644 -0.2780066 0.8737621 -0.03545111 -0.08909046 0.9953925 -0.06723159 -0.06877672 0.9953641 -0.06922709 -0.0996949 0.992607 -0.7666057 -0.6421166 -0.001455724 -0.6309414 -0.77581 -0.005659401 -0.7865389 -0.6173284 0.0162009 -0.1006882 0.9948827 -0.008388519 -0.3487875 0.9371767 -0.006881773 -0.092597 0.9956751 0.007544815 0.006026029 0.00291866 0.9999777 0.001579165 0.008758008 0.9999605 0.7499104 0.6538782 0.1003882 0.5061822 0.3615273 0.7829927 0.8416395 0.4726094 0.2613112 0.006681859 0.005800306 0.9999608 0.004356741 0.005731344 0.9999741 0.01168304 0.006508886 0.9999107 0.003795385 0.003529429 0.9999867 3.93209e-6 0 1 3.72362e-6 0 1 -0.9191564 0.3937519 0.01053076 -0.6916888 0.7221751 0.005450308 -0.9291106 0.3698003 0.001161694 0.01111817 0.00135523 -0.9999374 1.93969e-5 0 -1 -0.001772105 0.003286302 0.999993 -1.35569e-5 0 1 0.007576525 0.003450691 0.9999654 -0.01914185 0.0033046 0.9998113 -0.04577475 -0.008824348 0.9989128 0.9991468 0.04123961 0.002257764 0.9930892 -0.1166344 0.01304912 0.9747743 0.004172563 0.2231544 0.01235663 0.006720542 0.9999012 -0.001171886 0.02638673 0.9996512 0.009593307 0.02902632 0.9995327 0.04636204 0.996385 0.07118612 0.05042845 0.9951922 0.08396154 0.0184859 0.9994262 0.02838349 0.03112822 0.9993082 0.02035295 0 1 -1.42415e-7 -0.003428757 -0.0143665 0.999891 0.003464639 -0.04827052 0.9988283 -0.003101408 -0.004349708 0.9999858 -0.02454811 0.9996923 0.003563404 -0.03312569 0.9993931 0.0107904 -0.001012504 -0.1311628 0.9913604 0.003529787 0.04115402 0.9991466 9.30877e-4 -0.1226248 0.9924527 -0.002334356 -0.008417129 0.9999619 -0.003445327 0.02302461 0.999729 -0.01033395 0.0313037 0.9994565 -0.007317841 0.9998847 -0.01331323 -0.02856922 0.9995909 0.001432716 -0.03139913 0.999453 -0.01038175 0.9712805 -0.2328794 -0.04879909 0.9848582 -0.1730513 -0.01037144 0.9977825 -0.06598132 0.008747994 0.8973608 -0.4412883 0.002903997 0.7260454 -0.6876467 2.1612e-4 0.871443 -0.4904955 -0.001199185 0.002496659 -0.0449593 0.9989857 0.02065813 -0.08489686 0.9961756 -0.007862031 -0.06834524 0.9976308 0.009285449 -0.009666562 0.9999102 2.38593e-6 0 1 2.37029e-6 0 1 0 1 -1.81796e-7 -0.01566964 0.9998764 0.001373171 0 1 -3.47215e-7 0.008403718 0.9999228 -0.009154736 0.01679664 0.9996914 -0.01830148 0.004190564 0.9999808 -0.004563152 0.1503217 0.9882722 0.02686154 0.2097326 0.9775946 -0.01791852 0.1687294 0.9855223 0.01662069 0.007382869 0.9998932 0.01262265 0 0.999634 0.02705699 -0.02784162 0.9995546 0.01074665 -0.06949472 0.9929903 -0.09560781 -0.03206419 0.9936241 -0.1080889 -0.01169848 0.9995813 0.02646726 0.9735434 0.2279741 0.01552867 0.9854198 0.1701313 0.001814305 0.9874234 0.1452202 0.06249964 0.02166664 0.01171797 0.9996966 0.05856055 0.07258462 0.9956417 0.03305596 0.02701544 0.9990884 0.01526296 0.9998835 3.1353e-4 0.01315015 0.9995916 -0.02537339 0.02462685 0.9994544 -0.02201259 0.3625474 -0.9319654 -1.60921e-4 0.6474489 -0.7621018 -0.003306865 0.344858 -0.9386531 -0.00186485 -0.06037455 -0.9981727 0.002509236 -0.1334246 -0.9910591 -7.66944e-7 0.005187332 0.9999743 -0.004961967 0 1 -1.41586e-6 0 1 -1.37583e-6 -0.2349094 0.9719026 0.01493287 -0.1828359 0.9831312 0.004907011 -0.1556662 0.9861023 0.0580551 0.2225949 0.01438701 0.9748049 0.294098 0.002346217 0.9557724 0.2106285 -0.01385635 0.977468 -0.9882535 -0.1281525 -0.0832594 -0.9977749 2.76417e-4 -0.06667244 -0.9995676 -0.01312279 0.02631902 -0.9997719 0.0210759 0.003485262 -0.9998112 0.01784229 0.007705688 -0.9999213 -0.0115422 0.004922389 0.9998199 -3.07044e-4 -0.01897692 0.9998325 -2.18164e-4 0.01830941 -0.004207313 0.06330639 -0.9979854 5.03491e-4 0.06780099 -0.9976987 8.88632e-4 -0.006120145 -0.9999809 -0.05453258 4.85498e-4 0.998512 -0.06522619 0.1016772 0.9926769 0.02391111 -0.01404052 0.9996156 0.02421933 0.003822982 0.9996994 -0.00315839 -0.005974471 0.9999772 -0.009909927 0.006450355 0.9999302 0.7259829 -0.6877127 2.34496e-4 0.7349068 -0.6781527 0.004593014 0.6142394 -0.7888673 0.01996481 0.1428511 0.989302 -0.02958244 0.2136837 0.9751744 -0.0580877 0.04089015 0.9954779 -0.08574277 -0.07135969 0.997246 -0.02020585 -0.2740212 0.9615499 -0.01827812 0.03294146 0.9882101 -0.1495181 -0.005853533 0.07285016 0.9973258 -0.007792711 0.07890164 0.996852 0.004781424 -0.005401968 0.9999741 0.01755535 0.006328284 -0.9998259 -0.1088461 0.00595206 -0.9940409 -0.04180872 -0.01443868 -0.9990214 -0.005025088 0.9999754 0.004905343 0 1 1.20709e-6 0 1 9.2483e-7 0.01784116 0.999796 0.009477555 -0.01606422 0.9979724 0.06158667 -3.35757e-4 0.9997748 -0.02122139 -0.04215866 0.997103 0.06331127 -0.08258056 0.03140521 0.9960895 -0.196519 0.1110327 0.974193 -0.07125556 0.02614694 0.9971153 0.007578194 0.9999595 0.004848659 0.03301101 0.9992519 0.02015239 0.01566302 0.9998291 0.009832441 -0.1978957 0.9801962 0.007266461 -0.06592381 0.9978198 0.003148078 -0.1027631 0.9946986 0.003806948 0.01326018 0.0132327 0.9998246 0.02445375 -0.009092807 0.9996597 0.002753257 -0.004220843 0.9999874 0.9040604 -0.4273676 0.005629062 0.9671831 -0.2540806 -1.83034e-4 0.9828919 -0.1841727 -0.002005219 0.08383941 -0.8561921 0.5098097 0.2662705 -0.7405756 0.6169667 -0.04104161 -0.7808749 0.6233379 0.02998173 0.00173372 0.999549 0.02542728 -0.009474575 0.9996319 0.01508384 0.02181315 0.9996483 -0.3538125 0.9353058 -0.004451692 -0.02454942 0.9996924 -0.003512203 -0.05700522 0.9982014 -0.0185607 -0.410658 0 -0.9117895 -0.6734786 -0.2203164 -0.7056113 -0.6968669 -0.03000944 -0.7165724 0.03647983 0.9990378 0.02434742 -0.01505893 0.9997164 0.01844882 -0.1006069 0.9948421 0.01293832 0.968531 -0.003961026 -0.2488617 0.9881857 -8.91321e-4 -0.1532586 -0.3275194 0.001726686 0.944843 -0.4918474 -0.00218892 0.8706787 -0.2552888 -0.001028358 0.9668643 -0.00433129 0.9998206 0.01844322 -0.009413182 0.9998496 0.01457136 -2.68408e-4 0.9974968 0.07071191 -0.2219719 0.01417714 -0.97495 -0.2940976 0.002820074 -0.9557713 -0.207912 -0.01395601 -0.978048 -0.9867523 0.02073305 -0.1609046 -0.9784058 -0.01333701 -0.2062627 -0.9835813 0.009782493 -0.1802006 -0.01120442 0.9999007 -0.008548915 0.001305222 0.9998897 0.01480287 0.8089168 0.4797342 0.3398657 0.7247403 0.5563865 0.4064304 0.9731044 0.1494103 0.1753414 -0.1024637 -0.9947293 0.003855288 -0.04689049 -0.9988437 -0.01060754 0.07690304 -0.9969685 0.01182317 -0.01715439 -0.9930477 -0.1164565 -0.01712876 -0.9930297 -0.1166141 -0.03211057 -0.999383 0.01423865 0.007673263 -0.9999505 0.006344079 0.02916741 -0.999043 0.03259676 0.04314017 -0.9990586 0.004573166 0.03334289 0.03717362 -0.9987524 0.01771271 0.01628631 -0.9997105 -0.06570118 0.008554339 -0.9978027 0.1067359 0.01373815 -0.9941925 -0.02148705 0.02055364 -0.9995579 -1.94377e-6 0 -1 -2.65429e-4 -0.01412028 0.9999003 0.02345705 -0.01233834 0.9996487 0.02028572 -0.02319777 0.9995251 0.01911318 -0.003299295 0.9998119 0.05726277 0.004550874 0.9983488 0.001770496 -0.003286123 0.9999931 2.71445e-5 0 1 -0.00756675 -0.003446459 0.9999654 0.001581132 -0.01039844 0.9999448 0.006377935 -0.004184365 0.999971 2.83794e-4 -0.05071961 0.9987129 0.96417 0.008947312 0.2651346 0.9551625 -3.2902e-5 0.2960821 0.9064846 0.002172529 0.4222334 0.9733313 0.00533998 -0.2293421 0.9833308 4.52394e-4 -0.1818255 0.9907641 0.02426511 -0.1334082 0.9966676 0.002984285 0.08151626 0.999986 -0.002057611 0.004875302 0.9999871 0.005072116 -1.64569e-4 -0.00670576 -0.00582093 0.9999607 -0.004412293 -0.005747079 0.9999738 0.9385699 0.344802 -0.01407694 0.9880918 0.1532606 0.01363074 0.9915632 0.1296231 5.59499e-4 0.1177689 0.8460384 0.5199515 0.03324204 0.9899833 0.1372156 0.009203016 0.988619 0.15016 -0.007951438 0.9998782 -0.01343166 -0.01487523 0.9984617 -0.05341559 0 1 -6.91914e-6 -0.01986992 0.9992316 -0.0337845 -0.006308972 0.9960466 -0.08860766 -0.1835831 0.007397294 0.9829764 -0.2237449 9.82841e-4 0.9746473 -0.19721 0.008762836 0.9803221 -0.9979219 -0.06354486 0.01068037 -0.9987711 -0.04581117 0.01891297 -0.9995293 -0.02784919 0.01287448 -0.004766643 0.9999605 0.007511794 -0.02098751 0.9992386 0.0328918 -0.009697377 0.9998316 0.01558566 0.9886459 0.07273524 0.1314876 0.9590992 0.2762696 0.0616762 0.9133037 0.3650529 0.1805903 0.001970469 0.9999963 -0.001889228 -0.1540073 0.9832013 0.09796404 0.02644789 0.9917005 0.1258199 0.04067176 0.03173482 0.9986685 0.1079455 0.2627832 0.9587976 0.01179111 0.1668646 0.9859094 0.003582417 -0.9999796 0.005285561 0.01218509 -0.9998939 0.007992029 0.01067388 -0.9999336 -0.004367649 -0.007107913 -0.9998422 0.01627868 0.002041578 -0.9998843 0.01507943 -0.006934344 -0.9999479 0.007502555 -0.9948546 0.069462 0.07375133 -0.9018498 0.3553152 0.2458012 -0.9801133 -0.1640508 -0.1116484 -0.9992201 -0.03598755 -0.01625424 -0.9999801 -0.00604856 -0.001837074 -0.999082 -0.04261797 -0.004355788 0.1636574 0.03805297 -0.9857832 0.06431627 -0.0273351 -0.9975552 0.2681668 0.0230273 -0.9630973 -0.01165258 0.9980737 -0.06093645 0.006499171 0.999973 0.003422617 -0.01926177 0.9997283 0.01312732 -0.1498293 0.01457518 -0.9886044 -0.1783517 0.001490533 -0.9839658 -0.2638614 -0.005783736 -0.9645433 -0.9908414 -0.1194436 -0.0629816 -0.9967048 0.08091807 0.005651593 -0.9767592 -0.09843766 -0.1903986 -0.9848142 0.02148687 0.1722766 -0.9861328 0.03738915 0.1616916 -0.996169 -0.08652621 0.01266783 -0.9828697 -0.1834196 0.01801711 -0.9999971 -0.00238943 1.39386e-5 -0.0191189 0.9983345 0.05443 -0.004605829 0.9997422 0.02223473 0.01182419 0.9998894 0.009024441 0.5232799 0.03709059 0.8513534 0.6179642 0.01726394 0.7860167 0.4991702 0.01047891 0.8664407 -0.02617615 0.9996521 0.003251671 -0.008905768 0.9999602 5.69165e-4 0.01417243 0.9998996 5.36591e-5 0.004745841 0.9990777 0.04267644 -0.9271156 -0.3734658 -0.03130257 -0.9365518 -0.3499709 -0.01978015 -0.9984718 -0.04897922 -0.0255962 -0.4898146 0.4752583 0.7308975 -0.3092902 0.52045 0.7959092 -0.06727689 0.5195742 0.8517726 0.1039033 -0.003149211 -0.9945825 0.01113384 0.001357376 -0.9999371 0.0213173 0.001067161 -0.9997723 -0.6214064 0.3751895 0.6878132 -0.6024573 0.4897332 0.6302434 -0.5855672 0.4007691 0.7046242 -0.9938645 -0.1092 -0.01756811 -0.9854086 -0.1700159 -0.008042991 -0.9892765 -0.1459764 -0.004815578 0.08275538 -0.9963089 0.02280902 0.1197928 -0.9926446 0.0175023 0.05790245 -0.9975905 0.03821784 -0.9470038 -0.3211871 -0.00476247 -0.9401467 -0.3404868 -0.01389449 -0.8692042 -0.4943426 0.01045715 0.3562951 -0.06873863 0.9318416 0.2055045 -0.0445829 0.9776402 0.5781514 -0.04621529 0.8146196 0.02849942 -0.002939581 -0.9995896 -0.01292049 5.92193e-4 -0.9999164 0.0293557 -0.002849638 -0.999565 0.02153313 -9.81029e-4 0.9997677 0.01943212 -0.002401471 0.9998084 -0.01683497 -0.03011673 0.9994046 0.1164106 -0.992581 0.03509688 0.1541125 -0.9879801 -0.01202905 0.07379877 -0.997272 -0.001546502 -2.06615e-4 0.007555961 0.9999715 -0.005082666 0.003679752 0.9999804 -0.01928031 -2.44614e-4 0.9998142 0.03961104 0.9992129 0.002152979 0.05056267 0.9987143 0.003630161 0.01186794 0.9999294 5.66058e-4 -9.77089e-4 -0.01409876 0.9999002 0.004734694 -0.006490707 0.9999678 0.003450572 -0.0482645 0.9988287 0.9943465 -0.1003732 0.03464555 0.9621327 -0.270658 0.03232836 0.9967582 -0.07785326 0.02030044 -0.01767694 -0.01345896 0.9997532 -0.004962027 -0.003018021 0.9999831 -0.04577457 -0.008820354 0.9989129 -0.003274202 0.02427613 0.9997 -4.63533e-4 0.008399069 0.9999647 -5.39981e-6 -0.01488286 0.9998893 -0.004923582 0.008578658 0.9999511 -0.01628875 -0.001113712 0.9998668 -0.05362081 0.9938258 0.09713459 0.3395876 0.9349923 -0.1023219 0.3033598 0.9381195 -0.1670473 0.006504714 0.00921297 0.9999365 -0.004498898 0.01607644 0.9998607 0.9122691 -0.4095822 -0.002776205 0.6939764 -0.7199971 -0.001037657 0.9061896 -0.4228662 -0.002157986 -0.05417484 0.004832148 0.9985198 0.003235101 -0.004254758 0.9999858 0.01210939 -0.005023837 0.9999141 0.6619169 0.5786893 0.4764291 0.2230114 0.9676795 0.1177387 0.3345576 0.830966 0.444485 0.9992471 -0.03418481 0.01835244 0.9977886 -0.06588435 0.00878781 0.9872819 0.1587176 -0.009120345 0.1646469 -0.1736713 0.9709427 0.1650691 -0.1521813 0.9744706 0.1170558 -0.07257914 0.9904698 0.473202 -0.1065312 0.874489 0.4646477 -0.02644574 0.8851007 0.4233534 -0.07922244 0.9024942 -0.004474222 0.9999324 -0.01073145 0.004608571 0.9999779 0.004798114 -0.01217883 0.9999133 -0.005015194 -0.9017611 0.4322038 0.00517863 -0.8714427 0.4904959 -0.001199185 -0.9665603 0.2564389 -6.02803e-4 -0.006532192 0.008072614 0.9999461 -0.007624745 0.003289997 0.9999656 -0.01723444 -0.001505315 0.9998505 0 1 -3.98099e-6 0.1246623 0.992191 -0.004045903 0 1 -9.87731e-7 0.7515478 -0.5511927 -0.3624398 0.8938632 -0.1436175 -0.4247149 0.9562094 -0.1237668 -0.2652272 -0.04117137 -0.780855 0.6233543 -0.3572043 -0.747431 0.5601357 0.06034809 -0.8650764 0.4979972 -0.847703 0.02750945 0.5297574 -0.791421 0.01673829 0.6110423 -0.8787683 0.005204677 0.4772204 -0.7775169 -0.04798191 0.627029 -0.6998542 -0.007327675 0.7142481 -0.7927901 -0.01475799 0.6093161 -0.6142445 0.7888214 0.02155429 -0.02129286 0.9997438 0.007695078 -0.01334291 0.9999076 0.002625524 0.007300615 0.9999285 0.009480178 0.3546764 0.9349574 -0.007716298 -0.07230538 0.9948548 0.07096409 -0.183564 0.9806664 0.06780636 0.005993127 0.02394121 0.9996954 0.005273997 -0.005575358 0.9999706 0.02665281 0.9996241 -0.006447315 -0.07798594 0.9969132 0.009073853 0.04308599 0.9990618 0.004392325 -0.03779458 0.9992633 -0.006677627 -0.01739412 0.9998481 -0.00112915 -0.01885765 0.9998167 -0.003331899 0.774873 0.005212247 -0.6320955 0.7004196 -4.93785e-4 -0.7137312 0.8229219 0.0140106 -0.5679819 -0.05143809 0.9986094 0.01155883 -0.02786254 0.9995539 0.01075559 0.008686006 0.9999529 0.004327058 1.34741e-7 0 1 5.1361e-5 -0.004698753 0.999989 -0.00124222 0.01398295 0.9999015 -0.7483883 -2.67112e-4 0.6632609 -0.9516941 -0.001221716 0.3070453 -0.9552404 0.01113617 0.2956208 0.01803934 -0.03396642 0.9992602 0.004278898 -0.01376479 0.9998962 -0.005215585 0.07857728 0.9968945 -0.005908429 0.009836673 0.9999342 -0.006007313 0.006760597 0.9999591 -0.009023487 0.01018321 0.9999075 -0.004608929 0.9997419 0.02224844 0.9091206 -0.008868634 0.4164387 0.6800972 -0.005701005 0.7330998 0.9273228 -0.03301125 0.3728039 -0.01864647 0.002328097 0.9998235 -0.05223041 0.004452884 0.9986252 -0.01948213 -0.02541536 0.9994872 0.00181061 -0.9701525 0.2424889 0.006289005 -0.9820522 0.1885045 9.70891e-4 -0.9348805 0.3549612 -0.003076374 -0.03616529 0.9993411 0.004639863 0.003879606 0.9999818 0.005414366 0.01265954 0.9999052 -0.01877969 0.03756743 0.9991176 -0.004592061 0.01249855 0.9999114 0.004749774 -0.07633084 0.9970713 0.005368828 -0.0266605 0.9996302 -0.008930027 0.069664 0.9975306 -0.004615306 -0.04149645 0.9991281 0.001899242 0.01020061 0.9999462 -0.004345476 0.003164649 0.9999856 -0.002554357 0.0414856 0.9991358 0.005692064 -0.008053064 0.9999514 0.01738148 0.002427399 0.999846 0.3054811 0.9521507 -0.00950843 0.1821983 0.9831236 -0.01649361 0.2060136 0.9785421 -0.003730714 -0.0969901 0.0159235 0.995158 0.06010127 0.01051789 0.9981369 -0.007434248 0.03747069 0.9992702 -0.01243948 0.9999215 -0.001518845 -0.008293509 0.9999651 -0.001022934 -0.01173341 0.9999311 3.15391e-4 -0.01240813 0.9987007 -0.04942607 0.02365231 0.9883466 -0.150372 0.002816855 0.9985866 -0.05307537 -0.5884421 0.6715115 0.4503422 -0.6173924 0.5898027 0.5205376 -0.6612816 0.481981 0.5748052 -0.02253329 0.9997435 0.002323031 0.0229116 0.9997375 4.42197e-4 -0.002818584 0.01800352 0.9998341 -0.0214498 -0.02881455 0.9993546 -0.07329791 -0.04954981 0.9960784 -0.01236039 0.03259998 0.9993922 0.005151152 -0.01389276 0.9998903 0.002356052 0.04759621 -0.9988639 0.007254779 2.44024e-4 -0.9999737 0.003353357 -0.001964032 -0.9999926 -0.8274708 0.1789094 0.5322439 -0.7303495 0.4810021 0.4850018 -0.8208655 0.2726725 0.5018264 -5.88825e-4 -0.005765557 0.9999832 -0.006390333 -0.005137205 0.9999665 -0.1552968 -0.4381189 0.885401 0.002347469 -0.1726721 0.9849766 -0.1538447 -0.290089 0.9445529 -0.03082102 0.9983714 0.0480076 -0.02585929 0.99887 0.03987568 -0.04130321 0.9960076 0.07913947 0 1 -6.01703e-6 0 1 -2.46102e-6 -0.07372778 0.9971683 -0.01482272 0.01197695 0.9984779 0.05383747 0.01458382 0.9967274 -0.07951098 0.06424689 -0.02737361 -0.9975586 0.003595173 0.01711183 -0.9998472 0.01310205 0.005763173 -0.9998977 0.1644207 0.01958292 -0.9861959 0.126398 0.02191329 -0.9917376 0.2043502 -0.01331323 -0.9788073 0.9562486 0.01082009 -0.2923552 0.9965503 -5.29108e-4 -0.08298939 0.9999988 0.001608252 -4.01686e-5 -0.003134012 -0.005930244 0.9999775 -0.0299496 -0.01995247 0.9993523 -0.01117914 0.04105961 0.9990942 8.48142e-6 -0.007735192 0.9999701 0.004939794 -0.003790915 0.9999806 0.01910525 0 0.9998176 0.9731333 0.2265522 -0.04105943 0.9721547 -0.2269234 -0.05848956 0.9853132 -0.1457023 -0.08904433 0.9998885 0.01162439 -0.009380519 0.9997893 0.01937204 -0.006795465 -0.06350624 0.9962594 0.05860221 -0.07141518 0.9964803 0.04389834 -0.03838068 0.9982696 0.04455369 -0.1648834 0.01950424 0.9861203 -0.1355726 0.024284 0.9904698 -0.2069319 -0.01327878 0.9782653 0.159462 0.9864215 0.03930145 0.1264063 0.991713 0.02295279 0.3043088 0.947884 0.09440362 -6.97655e-4 0.999664 -0.02591329 -8.50538e-5 0.9999015 -0.01404458 -0.006828784 0.9999703 0.00357604 -3.38331e-4 -0.9993507 -0.0360288 -0.001960754 -0.9955905 -0.09378653 -0.008062183 -0.9977013 0.06728386 -0.1014752 0.0378589 0.9941175 -0.03353428 0.0264312 0.999088 -0.2806408 0.03377658 0.9592185 0.007523834 0.9998936 0.01250237 0.005023241 0.9999526 0.00834912 -0.009308576 0.9999566 -3.3167e-4 -0.9767364 -0.09849637 -0.1904847 0.7793184 0.02678114 -0.6260556 0.6274507 0.01527249 -0.7785066 0.9506847 -0.004138648 -0.3101317 0.9833812 0.01421785 -0.1809957 0.9811472 0.04253107 -0.1885241 0.9938629 0.09535068 -0.05607849 0.999551 -2.1084e-4 0.02996379 0.9992657 0.001458466 0.03828901 0.9992668 0.001452624 0.03826135 0.9989123 0.003138005 0.04652279 -0.9902535 -0.1391494 -0.005966901 -0.8797393 0.4593854 0.1225718 -0.9805058 0.196187 -0.01092058 -0.9560365 0.2919541 0.02751761 0.08667325 -0.01107603 0.9961752 0.06417131 -0.00547409 0.997924 0.0642085 -0.005483686 0.9979215 0.04184979 1.31555e-4 0.999124 0.182283 5.72663e-4 0.983246 0.1718717 -0.001936554 0.9851175 0.1718881 -0.00193268 0.9851146 0.1612911 -0.004436433 0.9868969 -0.4662179 -0.05031394 0.8832381 -0.1978054 -0.02897441 0.979813 -0.3638724 0.01016896 0.9313933 -0.05385559 -0.01711809 0.9984021 -0.7980389 -0.602388 0.01620936 -0.994599 -0.09162241 0.04876792 -0.9822352 -0.1866605 0.01928502 -0.9982408 -0.05924564 -0.002301573 0.02194511 -0.006636857 -0.9997372 0.09930235 0.00748378 -0.9950292 0.09928894 0.007481515 -0.9950306 0.1763259 0.02155464 -0.9840959 0.9986686 -0.01293575 -0.04993695 0.9011641 0.004317879 -0.4334565 0.9011564 0.00432235 -0.4334729 0.8722762 0.01292842 -0.4888429 0.9247555 -0.006195545 0.3805114 0.9455147 0.005323708 0.325536 0.9455231 0.005327403 0.3255118 0.962876 0.01682317 0.2694199 0.9994736 -0.03233999 0.00256145 0.9996562 -0.0261954 0.001131236 0.9996571 -0.02616274 0.00112456 0.999801 -0.01994484 -2.98398e-4 0.05742174 0.007122576 0.9983247 0.4737004 -0.007471501 0.8806545 0.03455907 -0.02042293 0.999194 0.03453892 -0.02044379 0.9991943 0.2637629 -0.02039575 0.964372 0.04481393 -0.01620543 0.9988639 0.9956371 0.01570433 0.09197962 0.9985504 0.007782518 0.05326139 0.9985491 0.0077883 0.05328375 0.9998936 -1.55017e-4 0.01459139 0.9993666 -0.03558456 4.28047e-4 0.9993827 -0.03513383 2.53823e-4 0.9993794 -0.03522491 2.83729e-4 0.9993986 -0.03467875 1.04003e-4 -0.4707017 0.8822922 -6.35564e-4 -0.6209675 0.7837803 0.009366035 -0.6209683 0.78378 0.009348154 -0.9082645 0.4180426 0.01721084 -0.6211004 0.7836748 0.009382963 -0.8952174 0.4454094 -0.01401805 0 0.01057606 0.9999441 0.04337286 -0.001897037 0.9990572 0.04336023 -0.001890599 0.9990577 0.08661288 -0.0143069 0.9961394 0.8682133 -0.02455103 0.4955835 0.8984155 -0.009964048 0.4390334 0.8984277 -0.009957313 0.4390087 0.9247927 0.004675447 0.3804426 -0.9866423 -0.009839177 0.1626046 -0.9754246 -8.98978e-4 0.2203317 -0.9754244 -9.0496e-4 0.2203328 -0.8808563 -0.003405332 0.4733716 -0.9754178 -8.96969e-4 0.2203623 -0.9607189 0.008010804 0.277408 -0.2282906 -0.9734592 -0.01615065 -0.01857399 -0.9997615 -0.01149576 -0.1329134 -0.9910562 -0.01190906 -0.01491332 -0.9997748 -0.01509892 -0.07167029 -0.997424 0.00299108 -0.1067854 -0.9942821 1.84094e-5 -0.106849 -0.9942753 9.57151e-6 -0.1421549 -0.98984 -0.002960145 -0.06567722 -0.9978221 -0.006127953 -0.01637005 -0.9998649 -0.001530408 -0.01636976 -0.9998649 -0.001533567 -0.01634997 -0.9998652 -0.00152707 -0.01635009 -0.9998652 -0.001526176 0.03299695 -0.9994508 0.003078997 -0.9997597 -0.02177333 -0.002555489 -0.9994011 -0.03417605 -0.005426585 -0.9994008 -0.03418523 -0.005428552 -0.998879 -0.0466091 -0.008284509 -0.9997311 -0.02319288 -6.93657e-5 -0.9998825 -0.01512825 0.002517998 -0.9998826 -0.0151233 0.002518773 -0.9999619 -0.007097303 0.005089521 -0.9999813 -9.30389e-4 0.006042242 -1 5.84993e-6 -3.87394e-5 -1 -1.26188e-6 4.0724e-6 -0.9999811 9.36812e-4 -0.006083905 -0.5545189 -0.00293231 0.832166 -0.3515598 0.008349359 0.9361283 -0.4387152 0.007825195 0.8985921 -0.4385832 0.007860183 0.8986562 -0.3514676 0.008331954 0.936163 -0.3143536 0.01847845 0.9491261 0.9337145 -0.002007782 -0.358013 0.829732 0.0144037 -0.5579762 0.8297327 0.01441144 -0.5579752 0.9482386 -0.004541277 -0.3175264 0.8297501 0.01439929 -0.5579494 0.8694242 0.002722382 -0.4940589 -0.02654689 -0.9996476 6.55081e-5 -0.0258916 -0.9996647 -7.84168e-5 -0.02579796 -0.9996672 -9.89253e-5 -0.02522951 -0.9996817 -2.30138e-4 -0.02532273 -0.9996793 -2.07889e-4 -0.02467006 -0.9996956 -3.634e-4 0.008528411 0.001780748 -0.9999621 0.008534967 0.001782 -0.999962 0.01706206 0.003564596 -0.9998481 0.9123213 -0.4094655 -0.002817332 0.986168 -0.1650136 -0.01560115 0.9895227 -0.1443733 0.001094818 0.9895153 -0.1444239 0.001110017 0.9614577 -0.2746275 -0.01337182 0.9981868 -0.05997967 -0.005069375 -0.9612184 0.2757843 0.001547396 -0.9579451 0.2869506 7.7078e-4 -0.9914726 0.1296465 0.01318573 -0.9544802 0.2982744 0 -0.9996337 -0.02696037 0.002421438 -0.9999074 0.01356339 -0.001219809 -0.9999074 0.01355165 -0.001218855 -0.9985132 0.05429357 -0.004877567 -0.02775007 -0.999615 6.73798e-5 -0.03138995 -0.9995065 0.001270353 -0.03143548 -0.9995051 0.001285314 -0.03143805 -0.9995049 0.001286506 -0.03143799 -0.9995049 0.001286685 -0.03513109 -0.9993798 0.002479732 -0.9998837 0.005769431 0.01412838 -0.9996637 0.002819895 0.02578145 -0.9996652 0.002835392 0.02572387 -0.9993 -1.31418e-4 0.03741395 0.8343614 -0.03394591 0.5501716 0.9965006 -0.07812768 0.0297116 0.9820139 -0.0318101 0.1861099 0.9983021 -0.03962719 0.04269361 0.9965031 -0.07810449 0.02968925 0.999583 -0.01201623 -0.02625995 0.05091989 0.998672 -0.007838129 0.07886332 0.9962354 -0.03599488 0.08832252 0.9959853 -0.01457607 0.1449548 0.9866613 -0.07407915 -0.8941662 0.4072837 -0.1859753 -0.9691262 0.2455716 -0.02211308 -0.9691244 0.2455794 -0.02210509 -0.9691627 0.2454398 -0.02198237 -0.9691621 0.245442 -0.02197909 -0.9872829 0.06920886 0.1431176 -0.02675992 0.9996387 -0.002544641 -0.02283114 0.9997385 -0.001299142 -0.02283102 0.9997386 -0.001299619 -0.022812 0.999739 -0.001293659 -0.02281224 0.9997389 -0.001292943 -0.01893383 0.9998208 -4.59816e-5 -0.8628941 0.5052933 -0.009631216 -0.8637604 0.5038146 -0.009427964 -0.8637604 0.5038146 -0.009427964 -0.8638138 0.5037234 -0.009416043 -0.8638137 0.5037235 -0.009415805 -0.6120923 0.7907851 -0.001463711 -0.6512854 -0.758817 -0.004906475 -0.4705225 -0.8823391 0.00928986 -0.5438559 -0.8391194 0.009976506 -0.4267273 -0.9040438 0.02466869 0.8796935 -0.471572 0.06131452 0.8786544 -0.4737957 0.0590263 0.8786394 -0.4738276 0.05899381 0.878647 -0.4738115 0.05901062 0.8786469 -0.4738115 0.05901068 0.8775511 -0.4761049 0.05681967 0.9855431 -0.168596 0.01674145 0.9786457 -0.2053833 0.00839138 0.9786458 -0.2053831 0.008390724 0.9786449 -0.2053869 0.00838828 0.9786449 -0.2053875 0.008390784 0.9702264 -0.2422 0 -0.9932479 0.1159868 -0.002409338 -0.996175 0.0873807 8.52185e-6 -0.9961752 0.08737921 1.23555e-5 -0.9982717 0.05871874 0.002428293 0.03430306 -0.009708821 0.9993644 0.0501644 -0.006012439 0.9987229 0.05016434 -0.006012976 0.998723 0.05019599 -0.00600481 0.9987214 0.05019617 -0.006004869 0.9987214 0.06633096 -0.002273738 0.9977951 -0.02611482 0.999659 0 -0.02644568 0.9996503 -5.54343e-5 -0.02644568 0.9996503 -5.54111e-5 -0.02668535 0.999644 -1.30483e-4 0.06132483 -1.92156e-4 0.9981179 0.07839888 -0.00316751 0.9969171 0.07836949 -0.003161132 0.9969195 0.09549885 -0.006149888 0.9954106 -0.9999518 0 0.00982958 -0.9968571 -0.0790323 -0.005488455 -0.9982415 -0.05927842 4.04045e-5 -0.9982377 -0.05934303 3.36189e-5 -0.9968535 -0.07907408 -0.005506098 -0.9932243 -0.115489 -0.01296198 0.8431465 -0.5375458 0.0121929 0.7783601 -0.6277884 0.006130576 0.7783595 -0.6277889 0.006144344 0.6186064 -0.785691 0.003970623 0.4317558 -0.9019896 0.001284897 0.3806881 -0.9247035 1.81696e-5 -0.06176322 0.9980894 0.001671254 -0.117589 0.9930069 -0.01049453 -0.1175745 0.9930087 -0.01049119 -0.1727901 0.984699 -0.02261722 -0.1374818 -0.9902483 0.02252173 -0.1335716 -0.9908009 0.02173411 -0.1335716 -0.9908009 0.02173405 -0.1335243 -0.9908075 0.02172482 -0.1335243 -0.9908075 0.02172452 -0.1294577 -0.9913629 0.02098441 -0.05759298 0.9982249 0.01517248 -0.2932372 0.9560284 -0.004666924 -0.04171639 0.9991235 -0.003460109 -0.04169201 0.9991244 -0.003488004 -0.04169404 0.9991244 -0.003489732 -0.04649734 0.9988889 -0.007692039 0.9801495 -0.1969198 0.02301776 0.9940779 -0.1084452 0.006991684 0.9940698 -0.1085182 0.00701034 0.9997805 -0.01888829 -0.009071469 -0.9047608 0.4249145 -0.029253 -0.9997627 0.008398592 -0.02010256 -0.9960365 0.08887028 -0.003665685 -0.9960516 0.08870309 -0.003606677 -0.9938524 -0.1093152 -0.01754212 -0.912653 -0.4086424 0.008731663 0.4935401 -0.8696805 0.008604347 0.4594968 -0.8881735 0.003255248 0.4595066 -0.8881684 0.00325483 0.06062155 -0.9980559 -0.01447224 -0.2711729 -0.9623963 0.016083 -0.3243395 -0.945927 0.005106925 -0.3243908 -0.9459095 0.005097687 -0.3764852 -0.9264042 -0.00585097 -0.9318323 -0.3628184 -0.007169723 -0.8924892 -0.4509901 0.008429288 -0.8924885 -0.4509915 0.008419632 -0.7615864 -0.647748 0.02021729 -0.8924298 -0.4511072 0.008457839 -0.9822021 -0.1868974 0.01866722 0.01775276 -0.9998388 -0.002711117 0.01807141 -0.9998328 -0.00281614 0.01830577 -0.9998283 -0.00289309 0.01844304 -0.9998256 -0.002936065 0.01876324 -0.9998193 -0.00303626 -0.9084324 -0.4179574 0.007886052 -0.998858 0.04768675 0.00295329 -0.9807081 -0.1954636 0.002387404 -0.99566 -0.09293532 0.004926443 -0.9988487 0.04788255 0.002937734 -0.9393435 0.3425301 -0.01752364 0.9932028 -0.1163638 -0.002790272 0.9962629 -0.08637326 -1.64377e-4 0.9962637 -0.08636426 -1.59789e-4 0.9984099 -0.05631822 0.00246185 -0.9999781 -0.006426632 -0.001590788 -0.9999789 -0.006311953 -0.001561522 -0.9999146 -0.01269203 -0.003140091 0.9998862 -0.01476681 0.003091692 0.9999717 -0.007377684 0.00154376 0.999971 -0.007467925 0.00156337 0.3486953 -0.9372343 -0.001910805 0.5450668 -0.8382731 0.01416528 0.5450651 -0.838274 0.01417845 0.3040862 -0.9526358 -0.004077255 0.5450153 -0.8383066 0.01415437 0.4848592 -0.8745859 0.003334164 -0.07865035 -0.9967668 0.01644355 -0.03937792 -0.9991905 0.008233726 -0.03939807 -0.9991897 0.008237302 -0.01822865 -0.999834 -1.1351e-4 -0.02813273 -0.9996024 0.001908063 -0.02811592 -0.9996029 0.00190401 -0.03807085 -0.9992674 0.003928601 0.8519818 0.5235623 0.003123044 0.8731297 0.4874879 5.56165e-4 0.8731296 0.4874879 5.54261e-4 0.8731463 0.4874579 5.54759e-4 0.8731462 0.4874581 5.53234e-4 0.8928894 0.4502717 -0.002046167 0.01313161 -0.9999138 -3.18381e-5 0.01985031 -0.9998018 -0.001587927 0.01978588 -0.9998031 -0.001572489 0.02650862 -0.9996438 -0.003119945 0.9996444 0.0265519 0.00246489 0.9999014 -0.01398998 -0.001298725 0.9999012 -0.01399677 -0.00129956 0.9984923 -0.0546571 -0.005074024 -0.996965 -0.07679331 -0.01279497 -0.9983408 -0.05704164 -0.007881999 -0.998341 -0.05703878 -0.00788182 -0.9993023 -0.03722977 -0.002990305 -0.1001036 -0.9905308 -0.09395855 -0.2165075 -0.9762619 -0.00610435 -0.2165074 -0.9762619 -0.006104469 -0.2164369 -0.9762777 -0.006086885 -0.2163913 -0.9762879 -0.006076276 -0.2149314 -0.9766123 -0.00573492 0.03512763 0.9993799 0.00248003 0.03138953 0.9995064 0.001270651 0.03138941 0.9995065 0.001271069 0.03139013 0.9995065 0.00127083 0.0314356 0.9995051 0.001285791 0.02775007 0.999615 6.83764e-5 -0.05347341 0.998565 -0.002963781 0.003674209 0.9999534 -0.008931219 -0.02718549 0.9994341 -0.01981353 0.02722585 0.9996289 -0.001009404 0.4567332 0.8876489 0.05894231 0.4682403 0.8823212 0.04754513 0.4682997 0.8822928 0.04748523 0.479501 0.876793 0.036233 0.6642217 0.3135848 -0.6785824 0.7922179 0.1255457 -0.5971844 0.7922136 0.12554 -0.5971912 0.7922968 0.1253712 -0.5971163 0.7923007 0.1253798 -0.5971094 0.874096 -0.0697723 -0.4807164 -0.001008272 -0.1311326 0.9913644 -0.005713641 -0.003438293 0.9999778 -0.003736495 0.01644849 0.9998579 0.02062457 -0.03479492 0.9991817 -0.7843661 2.01035e-4 0.6202983 -0.4981256 -0.008550345 0.8670629 -0.4981256 -0.00854969 0.8670629 -0.4981069 -0.008548378 0.8670735 -0.4981069 -0.008549273 0.8670736 -0.5049023 -0.009441673 0.863125 0.9988691 0.0475443 3.54989e-4 0.9996355 -0.01731878 -0.02071261 0.9992716 0.0186209 -0.03331261 0.999271 0.01860445 -0.03333741 0.9996347 -0.01733404 -0.02074134 0.997701 -0.01039642 -0.06696724 -0.400542 -0.8969516 -0.1872005 -0.2431079 -0.9694786 -0.03178113 -0.2431344 -0.969471 -0.0318076 -0.07247984 -0.989466 0.1253154 -0.4568129 -0.887613 0.05886608 -0.4682549 -0.8823144 0.0475279 -0.4684668 -0.8822131 0.04731601 -0.4795038 -0.8767915 0.03623116 0.4475005 -0.8942493 0.007846534 0.06902194 -0.9975674 -0.009769797 0.3033055 -0.9528827 -0.004540979 0.5102694 -0.8599691 0.008852958 1 1.23952e-7 0 0.9999809 -9.41363e-4 -0.006112873 0.9999809 -9.40965e-4 -0.006113231 0.9926548 0.1209471 -0.002881228 -0.9143018 -0.01574897 0.4047277 -0.8975147 -0.007032692 0.4409286 -0.8974959 -0.007025003 0.4409672 -0.8793364 0.001672387 0.4761982 0.9991856 -0.001710832 -0.04031753 0.9996245 0.001840531 -0.0273419 0.9996246 0.001840651 -0.02734029 0.9998807 0.005350172 -0.01449596 0.3435297 0.9391305 0.004633069 0.367857 0.9298822 -4.78912e-4 0.3678607 0.9298809 -4.79042e-4 0.3919163 0.9199837 -0.005624234 0.9999424 0.003310561 -0.01020926 0.9997536 -9.10847e-5 -0.02220129 0.9997535 -9.12535e-5 -0.02220392 0.999412 -0.003504633 -0.03411215 0.5081717 0.02324527 -0.860942 0.4001939 0.01763254 -0.9162609 0.4001939 0.01763254 -0.9162609 0.4001616 0.0176413 -0.9162749 0.4002044 0.01763051 -0.9162563 0.3988745 0.01796334 -0.9168297 -0.9537444 0.002007961 0.3006124 -0.6998286 -0.007330715 0.7142732 -0.8276948 -0.001309216 0.5611771 -0.7189139 -0.005130171 0.6950803 -0.6998382 -0.007323026 0.7142639 -0.7113769 -0.005700945 0.7027878 -0.1530658 -0.01507937 0.988101 -0.2106028 -0.02208489 0.9773223 -0.2106035 -0.02207976 0.9773222 -0.4426875 -0.0090276 0.8966306 -0.4601005 -0.007047891 0.8878389 -0.7511798 0.01747334 0.6598664 0.3621292 0.9210075 -0.1435538 0.2226095 0.9748602 -0.009627223 0.2226058 0.974861 -0.009623467 0.07422268 0.989403 0.1247913 0.001792848 0.9993066 0.03719037 5.1314e-4 1 1.46105e-4 -7.34785e-4 0.9999997 1.7947e-4 -0.001002728 0.9986006 -0.05287551 0.0112344 -0.07570165 -0.9970673 -0.02108794 -0.03770989 -0.9990662 0.02536833 -0.01821154 -0.9995124 -0.0534287 3.28379e-4 -0.9985717 -0.001058399 -0.006881296 0.9999759 -5.33049e-4 -0.003470003 0.9999939 -5.33244e-4 -0.003469944 0.9999939 -5.23931e-4 -0.003411531 0.999994 -5.23968e-4 -0.003411531 0.999994 0.02639585 0.9996516 6.50696e-5 0.02593195 0.9996638 -5.51572e-5 0.02607107 0.9996601 -1.90647e-5 0.02518737 0.9996828 -2.27021e-4 0.02528131 0.9996803 -2.07983e-4 0.02452999 0.9996991 -3.61225e-4 -0.02871388 -0.9985828 -0.0448091 0.3953686 -0.9184618 0.01057457 0.2777248 -0.9606102 -0.009852766 0.5574269 -0.8298177 0.02603793 -0.7559809 0.6545255 -0.009446144 -0.9017074 0.4323161 0.005169749 -0.8665502 0.4990492 0.006385087 -0.9453271 0.3253838 0.02195936 -0.0451951 0.9989778 9.83256e-4 -0.05951273 0.9982213 -0.003548204 -0.05952781 0.9982203 -0.003552734 -0.07400298 0.9972252 -0.008092343 -0.9590311 0.08628296 -0.2698419 -0.9197472 0.008430898 -0.3924207 -0.9197479 0.008427083 -0.3924192 -0.9196978 0.008342146 -0.3925386 -0.8003062 0.03590208 -0.5985159 -0.6738752 0.007622122 -0.7388059 -0.2210278 0.9752502 0.005817055 -0.1747601 0.9845088 0.01419192 -0.03960675 0.9990255 0.01947849 -0.07402896 0.9970832 0.01857274 -0.9579176 0.2869271 -0.008180737 -0.9656918 0.2596825 -0.002143263 -0.9656949 0.259671 -0.002141237 -0.9726915 0.2320692 0.003878653 0.03250712 -0.003032743 0.999467 0.02866864 -0.002458393 0.9995861 0.02866864 -0.002458453 0.999586 0.02868455 -0.002460956 0.9995856 0.02868461 -0.00246042 0.9995855 0.02474981 -0.001879215 0.9996919 0.2093193 -0.9725745 -0.1014112 0.4328484 -0.9014232 -0.008858025 0.4328908 -0.9014029 -0.008849203 0.4749725 -0.8799995 0.001468718 0.9985614 -0.003281235 0.05352085 0.9999097 -8.23057e-4 0.01341742 0.9999099 -8.19062e-4 0.01340144 0.999635 0.001653611 -0.0269674 0.9953467 -0.05644673 0.07809501 0.9923747 -0.1209573 0.02370649 0.9968771 -0.03992527 0.06813293 0.9887273 -0.1470899 0.02797842 -0.9982471 0.01227724 0.05789643 -0.9537601 0.002044975 0.3005623 -0.9982981 0.01143556 0.057186 -0.9983099 0.01124054 0.05701982 -0.9537733 0.002041697 0.3005205 -0.8741869 -0.001870334 0.4855861 0.9970895 0.07512617 -0.01298886 0.9979828 0.06340384 -0.003241181 0.999303 0.03690713 0.005605101 0.9986405 0.0517137 0.006557703 -0.9997224 0.01508218 -0.01810377 -0.9701024 0.242361 -0.01274645 -0.9998054 0.01262813 -0.01515781 -0.9998067 0.01258826 -0.01510989 -0.9701005 0.2423695 -0.01274096 -0.9998754 0.0101031 -0.0121271 0.01969814 -0.9997975 -0.004119157 0.01911407 -0.9998094 -0.003996908 0.01878565 -0.9998159 -0.003928303 0.01452749 0.9996802 -0.02070134 0.017039 0.9995158 -0.0260387 0.01703804 0.9995158 -0.02603691 0.005029559 0.9999579 -0.007686495 0.6708474 -0.08909291 0.7362244 0.7916405 0.09062397 0.6042292 0.7916361 0.09062182 0.6042351 0.8614968 0.264293 0.4335581 0.9545791 -0.2979487 -0.002321779 0.9930728 -0.1167775 0.01302129 0.9632644 -0.2685545 -3.34013e-4 0.9711033 -0.2386538 0.00169146 0.7479512 -0.6637538 -1.15746e-4 0.7429637 -0.6693087 -0.005557835 0.7259783 -0.6877177 2.25198e-4 0.7260006 -0.6876942 2.20653e-4 0.5506978 -0.8346986 -0.003221094 0.4286634 -0.9034436 -0.00611639 -0.9460759 0.005636215 -0.3238959 -0.9357976 -2.98158e-4 -0.3525379 -0.9358025 -2.95298e-4 -0.3525248 -0.9246318 -0.006199538 -0.380812 -0.9952898 -0.09289443 0.02773028 -0.97199 -0.1592633 -0.1728316 -0.9972905 0.01284784 -0.0724346 -0.9973013 0.01287704 -0.07227951 -0.9743419 -0.2124401 -0.07434523 -0.9993077 0.0368992 -0.00475347 -0.7537608 0.4252402 0.5010147 -0.902237 0.1135186 0.4160312 -0.9356811 0.1358831 0.3256328 -0.815715 0.1913493 0.5458889 -0.9021977 0.1134477 0.4161359 -0.8846061 0.07638257 0.4600411 -0.4194026 0 0.9078004 -0.4265473 -0.008181929 0.9044283 -0.4265317 -0.0081712 0.9044357 -0.4336067 -0.01643729 0.9009524 -0.2304565 0.9716549 -0.05269491 -0.7562273 0.6541576 0.01408082 -0.5731445 0.8194474 0.003370523 -0.5731207 0.8194641 0.003367245 -0.5731214 0.8194636 0.003361642 -0.5296694 0.8481907 -0.004806697 0.04676306 0.1278328 0.9906927 0.1083934 0.005387187 0.9940935 0.1377002 0.02460217 0.9901685 -0.376558 -0.9263569 0.008194267 -0.3932197 -0.919435 0.004199922 -0.3932346 -0.9194287 0.00419718 -0.4098115 -0.9121702 2.08635e-4 0.1352778 -0.9271373 0.3494516 -0.07945436 -0.9878399 0.1336391 -0.0794475 -0.9878414 0.1336319 -0.07957023 -0.9878461 0.133524 -0.07953023 -0.9878544 0.1334864 -0.2867009 -0.9532749 -0.09523439 0.9999861 0.005285561 5.72722e-5 0.9999678 -0.001875281 0.007807672 0.9999387 0.01069408 0.002891957 0.9999386 0.01068246 0.002981662 0.9999677 -0.001878082 0.00781691 0.9993032 0.0369051 0.005603849 -0.01585966 0.9998742 -1.98335e-4 -0.01530122 0.9998829 -6.04276e-5 -0.01520812 0.9998844 -3.74544e-5 -0.0149253 0.9998887 3.44442e-5 -0.0150181 0.9998872 1.0436e-5 -0.01436853 0.9998968 1.789e-4 0.9999815 -0.00609976 4.1006e-5 0.9954006 -0.008241593 -0.09544616 0.9999813 -0.006122529 1.93826e-5 0.9999812 -0.006142973 0 0.9715765 0.1519821 -0.1814954 0.9704284 0.2312271 -0.06930226 0.9827863 0.05319648 -0.1769219 0.9999385 0.01069313 0.002975225 0.09474599 0.9954113 0.01340055 0.1147318 0.9932503 0.01704823 0.1147362 0.9932498 0.01704603 0.1348478 0.99065 0.02070236 0.1061013 0.003807663 -0.9943481 0.09700775 -0.002476096 -0.9952806 0.1059755 0.00379461 -0.9943615 0.08799266 0.001156508 -0.9961205 0.9259738 0.005099833 0.3775535 0.921651 0.002647697 0.388011 0.9216504 0.002647161 0.3880124 0.9171906 1.63822e-4 0.3984489 0.03250962 0.001492798 -0.9994703 0.0331633 0.0016433 -0.9994486 0.0331633 0.0016433 -0.9994487 0.03356379 0.001727581 -0.9994352 0.03356379 0.001727581 -0.9994352 0.03422176 0.001857817 -0.9994125 -0.04867035 0.01355999 0.9987229 -0.06662589 -0.003741681 0.997771 -0.03893047 -0.002261161 0.9992394 0.04691112 -0.009556889 0.9988534 -0.9969789 0.07697331 0.01040172 -0.9847911 -0.08599692 -0.1509671 -0.995025 -0.0650686 0.07544094 -0.9950147 -0.06519323 0.07546871 -0.9380016 -0.2723782 -0.2143904 -0.9442358 -0.3291034 0.01047861 -0.3296186 -0.01766628 0.9439489 -0.7265517 -0.01485013 0.6869513 -0.5116992 -0.04572337 0.8579472 -0.7266308 -0.01493853 0.6868658 -0.7266289 -0.01494014 0.6868678 -0.7928416 -0.09287017 0.6023101 0.02276557 0.001587271 -0.9997397 0.02366673 0.001718044 -0.9997185 0.02366673 0.001718044 -0.9997184 0.02374839 0.00173074 -0.9997165 0.02374839 0.00173068 -0.9997165 0.0246011 0.001861274 -0.9996957 0.2117174 -0.01297217 0.9772449 -0.04904478 0.003761231 0.9987896 -0.04688936 -6.19669e-4 0.9988999 -0.007554531 0.0374611 0.9992696 0.7665967 -0.006412982 0.6420969 0.6950647 -0.009276747 0.7188874 0.6950647 -0.009268045 0.7188876 0.4817376 -0.003823578 0.8763073 0.6949678 -0.009277164 0.718981 0.4430455 0.001886665 0.8964972 0.8280941 -0.3057965 -0.4698392 0.7536994 -0.03014564 -0.6565276 0.7537015 -0.03014332 -0.6565253 0.7536561 -0.02999472 -0.6565843 0.7536478 -0.03000181 -0.6565935 0.5914201 0.2490627 -0.7669355 -0.9836273 -0.1777242 0.02985894 -0.978468 -0.2000961 0.05061691 -0.8521286 -0.5161978 -0.08612084 -0.9328588 -0.360199 -0.005594849 -0.9785068 -0.1999155 0.0505802 -0.974338 -0.2124684 -0.07431477 0.6419628 0.05565047 -0.7647136 0.6808231 0.004560649 -0.7324337 0.6808307 0.004550039 -0.7324267 0.7161133 -0.04657214 -0.6964287 -0.9998838 0.01504057 -0.002504527 -0.999792 0.02036434 -0.001202166 -0.999791 0.02041161 -0.001190364 -0.9996736 0.0255528 9.74051e-5 0.9989715 -0.04349756 0.01280778 0.9306904 0.3656132 0.01193755 0.9306939 0.3656044 0.01193302 0.9407496 0.3390259 0.007189869 -0.670357 -0.007846057 0.7419974 -0.4376347 0.004770874 0.8991402 -0.5096804 0.007556498 0.8603307 -0.509526 0.007567524 0.860422 -0.3274971 0.001746356 0.9448506 -0.02000415 0.004694342 0.9997889 -0.926655 0.3713659 0.05829304 -0.9159047 0.4005603 0.02589082 -0.915899 0.4005741 0.02587538 -0.9033069 0.4289432 -0.006670415 0.1276494 -0.9918192 -6.61372e-4 0.4441761 -0.8958823 0.01012468 0.2230578 -0.9747777 0.007329463 0.2232233 -0.9747398 0.00733447 0.663984 -0.7477338 -0.004434466 0.787151 -0.6167348 -0.005619466 -0.01672691 -0.9998602 0 -0.0164985 -0.9998639 3.32836e-4 -0.4843085 -0.02470213 0.8745485 -0.3768203 -0.002717614 0.9262824 -0.3767192 -0.002694845 0.9263237 -0.2637854 0.01928299 0.9643887 0.9815088 -0.03713715 0.1877801 0.9301359 0.009162008 -0.3671013 0.984613 -0.006728827 -0.1746202 0.9845774 -0.006728351 -0.1748197 0.8774334 0.003684997 -0.4796842 0.6041141 -0.002511382 -0.7968939 0.9995608 0.001545131 0.02959328 0.9972936 -9.27351e-4 0.07351732 0.9972936 -9.2336e-4 0.07351756 0.9972916 -9.2693e-4 0.07354372 0.9972916 -9.27583e-4 0.07354378 0.9930709 -0.003406226 0.1174675 0.01598179 2.55894e-4 0.9998723 0.02110618 -8.15601e-4 0.9997769 0.02110606 -8.15407e-4 0.999777 0.02619498 -0.00188744 0.9996551 0.918878 -0.01541352 -0.3942409 0.900081 -0.005503177 -0.435688 0.9000651 -0.005500614 -0.435721 0.8792515 0.004425466 -0.4763374 0.631301 -0.7754503 0.01166003 0.6819505 -0.731235 0.01545661 0.6819506 -0.731235 0.01545244 0.8517665 -0.5235518 0.01968103 0.6819556 -0.7312301 0.01546198 0.8879424 -0.4597398 -0.01405888 0.7734239 -0.6338479 -0.007239758 0.9039904 -0.4275162 0.005600869 0.8732593 -0.4871981 0.007508456 0.945427 -0.3250924 0.02196997 0.04464995 -0.9990019 0.001294136 0.0344327 -0.9993971 0.004456162 0.0344665 -0.999396 0.004445314 0.02433514 -0.9996749 0.007621645 -0.4028812 0.9151117 -0.01604837 -0.4431257 0.8964369 -0.006370127 -0.4431247 0.8964374 -0.006369709 -0.4825593 0.8758569 0.003339052 0.9856826 -0.1255801 -0.1125142 0.9548936 0.104375 -0.2780001 0.9548929 0.1043743 -0.2780031 0.9548555 0.1044846 -0.27809 0.9548529 0.1044762 -0.2781019 0.8464254 0.326253 -0.4208598 0.1874235 0.9816789 -0.03433722 -0.3687428 0.9294357 0.01334446 -0.1735751 0.9848119 -0.004142045 -0.1737776 0.9847766 -0.004086494 -0.4658913 0.8848004 0.008583426 -0.7940105 0.6079042 3.93577e-6 -0.9995856 0.02878248 -4.30637e-4 -0.9994498 0.03315389 0.001006066 -0.9994497 0.03315472 0.001006126 -0.9992883 0.0376423 0.002463996 -0.9995577 0.02492988 -0.01621675 -0.998754 0.04970133 0.00453031 -0.9987583 0.04961955 0.004463076 -0.9994188 0.03018194 0.01584541 0.01237136 0.9912933 -0.1310909 -0.08849823 0.9773878 -0.1920448 -0.1702117 0.8910726 -0.4207348 -0.2672838 0.5542639 -0.7882583 -0.170303 0.8910118 -0.4208263 -0.3565023 0.6865888 -0.6336419 0.8583677 -0.5129706 0.008125066 0.9153892 -0.4021949 0.01737695 0.9153816 -0.4022125 0.01737254 0.9131258 -0.4073612 0.01606839 -1 -8.62109e-7 0 0.1045235 0.007239818 0.9944961 0.07356113 -0.00589329 0.9972733 -0.08896398 0.1991633 0.9759198 0.08186614 0.2148486 0.9732102 0.07362264 -0.005898654 0.9972688 0.09482479 -0.008639752 0.9954566 0.1070578 0.9942476 -0.003237187 0.08923357 0.9960093 -0.00170207 0.08923357 0.9960094 -0.001702547 0.08923816 0.9960089 -0.001703619 0.08923816 0.9960089 -0.001704156 0.07167243 0.9974282 -1.76592e-4 0.01245182 -0.9999144 0.004044711 0.02012693 -0.9997957 0.001894831 0.020132 -0.9997956 0.001893699 0.02759587 -0.9996193 -2.58276e-4 -0.03299689 0.9994511 0.002997398 0.01723134 0.9998503 -0.001563847 0.01725178 0.99985 -0.001569569 0.06712532 0.9977259 -0.006097078 0.9995802 0.02892202 -0.001739442 0.9995222 0.03083157 -0.002201199 0.9995222 0.03083163 -0.002201139 0.9995227 0.03081589 -0.002197802 0.9995227 0.03081589 -0.002197861 0.9994606 0.03273463 -0.002619206 -0.9998951 -0.008847415 -0.01147526 -0.9899964 0.06102293 0.1272147 -0.9728336 0.2244052 0.05689477 -0.9675654 0.1809766 0.1762521 -0.9995486 0.02997678 0.002016186 -0.999666 0.02582371 0.001046121 -0.999666 0.02582371 0.001046001 -0.9996674 0.02576988 0.001033067 -0.9996674 0.02576977 0.001033425 -0.9997686 0.02151757 6.45292e-5 0.9997283 0.02317088 -0.002527713 0.9999326 0.01155781 0.001207649 0.9999318 0.01162058 0.001186192 0.9999881 0 0.00489825 -0.9899933 0.06101632 0.1272413 -0.9994199 0.03015327 0.01583987 -0.9999575 0.005391955 0.007486462 -0.9999963 -0.002751946 -4.46495e-5 -0.9267832 -0.1414349 0.3479499 -0.9876684 0.09016227 0.1279924 -0.9876696 0.09015691 0.127987 -0.987671 0.09032171 0.1278597 -0.9876692 0.09033006 0.1278678 -0.944055 0.3124677 -0.1054713 -0.8278591 0.560934 -0.001536965 -0.8282898 0.5602994 -8.12996e-4 -0.8282898 0.5602995 -8.12964e-4 -0.8283278 0.5602433 -7.49708e-4 -0.828328 0.5602433 -7.49751e-4 -0.8287807 0.5595735 0 0.1695514 0.9851503 -0.0270434 0.2161511 0.9761588 -0.01981818 0.216116 0.9761666 -0.01981687 0.370047 0.9289371 0.01188284 0.9981915 1.09736e-4 0.06011348 0.9982663 -2.71372e-4 0.05886036 0.9820228 -0.0317161 0.1860792 0.909196 -0.008896589 0.4162734 0.9912223 0.0931015 0.09386461 0.9810271 0.0180152 0.1930319 0.9810259 0.01800769 0.1930388 0.9555443 -0.05728197 0.2892298 0 -0.0294789 -0.9995655 0.02012985 -0.01495027 -0.9996857 0.02012109 -0.01495587 -0.9996857 0.04039829 -5.54471e-4 -0.9991835 0.2270379 0.9680186 -0.1067418 0.2756693 0.9392731 -0.2043834 0.275669 0.939274 -0.2043796 0.3207204 0.8984913 -0.299753 0.01624846 -0.04690396 0.9987673 -0.008667171 0.02502638 0.9996493 -0.008681476 0.02506816 0.9996481 -0.03363901 0.09715932 0.9947002 -0.0671854 -0.3301101 0.9415485 0.003788113 -0.01617908 0.999862 0.003771483 -0.01617574 0.9998621 -0.207804 0.1485048 0.9668319 0.00383979 -0.01598179 0.9998649 0.07432544 0.2995011 0.9511966 0.9731383 0.1493466 0.1752066 0.9993538 0.02460026 0.02620857 0.9863448 0.1045978 0.1272137 0.9895866 0.07265865 0.1242544 -0.01657068 -0.05401521 0.9984026 -0.0112248 0.05011391 0.9986805 -0.02352601 -0.02292358 0.9994604 -0.02352374 -0.02289479 0.9994612 -0.01121425 0.05024224 0.9986742 -0.07146263 0.0897147 0.9934005 0.713607 0.4320015 0.5514886 0.8426507 0.2478935 0.4780051 -0.9935157 -0.001594483 -0.1136841 -0.9962636 -5.19219e-5 -0.08636486 -0.9962682 -4.7767e-5 -0.0863111 -0.9982427 0.001476585 -0.05924046 -0.01743417 -2.7647e-5 -0.9998481 -0.02099573 -7.92078e-4 -0.9997793 -0.02099579 -7.91872e-4 -0.9997793 -0.02105236 -8.0364e-4 -0.999778 -0.0210523 -8.03936e-4 -0.999778 -0.02476108 -0.001565456 -0.9996923 -0.9985437 -0.003303349 -0.05384773 -0.9999096 -8.21885e-4 -0.01342219 -0.9999101 -8.18983e-4 -0.01338756 -0.9996441 0.001633286 0.02663248 -0.02439332 -0.001864552 -0.9997008 -0.0244643 -0.001877844 -0.9996989 -0.9624217 -9.87602e-4 -0.2715575 -0.9591069 -0.001522541 -0.2830401 -0.9937877 -0.01335835 -0.1104884 -0.9555409 -0.002075016 -0.2948516 -0.2036836 -0.01290094 -0.9789518 -0.02698314 0.003701806 -0.999629 -0.01870638 -0.004361629 -0.9998156 0.2350789 0.01104605 -0.9719135 -0.9069352 0 0.4212702 -0.9421362 -0.01796156 0.3347488 -0.942151 -0.01797491 0.3347065 -0.9938029 -0.01339232 -0.1103475 -0.02446734 0.001839041 0.999699 -0.02370911 0.001724898 0.9997175 -0.02370911 0.001724898 0.9997175 -0.02361404 0.001710832 0.9997197 -0.0236141 0.001710772 0.9997197 -0.02276027 0.001587748 0.9997398 0.450222 -0.002695441 -0.8929126 0.5779087 0.0157603 -0.8159493 0.8032074 0.005224823 -0.5956766 0.803313 0.005230486 -0.595534 0.8033112 0.00519514 -0.5955369 0.9141877 -0.002908527 -0.4052806 -0.2350256 0.03707724 -0.9712818 -0.2275544 0.008181154 -0.9737311 -0.1824163 0.02854448 -0.982807 -0.2202797 0.008466243 -0.9754001 -0.03241002 0.001494407 0.9994736 -0.03330206 0.001675963 0.999444 -0.03330206 0.001675844 0.999444 -0.03337013 0.001690864 0.9994417 -0.03337013 0.001690804 0.9994416 -0.03411853 0.001856923 0.9994161 -0.4193415 0.003505051 -0.9078218 -0.03788971 0.004315197 -0.9992727 -0.1823558 -0.001957356 -0.9832307 -0.03536158 -0.001641035 -0.9993733 -0.03790354 0.004321336 -0.9992721 -0.02372705 -0.001229643 -0.9997177 0.2583197 0.9657158 0.02576607 0.3558826 0.9344615 0.01137399 0.2580361 0.9657111 0.02862834 0.4696809 0.8827964 0.008396565 0.3559878 0.9344218 0.01134854 0.4497393 0.8931543 -0.003147065 -0.9997757 0.01914191 -0.009067654 -0.9946391 0.1032299 0.006058692 -0.9946451 0.1031731 0.006039977 -0.9822005 0.1866444 0.02112066 0.09370946 0.03191041 0.9950882 0.02225369 0.007573485 0.9997237 0.02225124 0.007580578 0.9997237 0.02224236 0.007573485 0.999724 0.02224516 0.007565796 0.9997239 -0.04907083 -0.01670736 0.9986556 -0.0690881 0.997094 -0.03209996 -0.4551331 0.8904145 0.003990948 -0.4551315 0.8904154 0.003995835 -0.4849505 0.8744978 0.008757889 -0.2212918 0.4713079 0.8537557 -0.2247266 0.4041143 0.8866733 -0.3202987 0.35409 0.8786519 -0.1138502 0.1605955 0.9804322 -0.8281597 -0.3055616 0.4698764 -0.7537068 -0.03013008 0.65652 -0.7537043 -0.03013229 0.6565226 -0.7536531 -0.0299834 0.6565883 -0.7536498 -0.02998757 0.6565918 -0.5914952 0.2490876 0.7668696 0.2179334 0.9759631 9.97526e-4 0.2381653 0.9712164 -0.004002392 0.2381793 0.9712131 -0.00400561 0.2583006 0.9660225 -0.009016394 0.9978538 0.06513088 -0.006775677 0.9986864 0.05113285 -0.003300845 0.9986865 0.05113202 -0.003300786 0.9993065 0.03723579 1.40382e-4 0.9000923 -0.3983799 -0.1764298 0.9704973 -0.2404981 -0.01720291 0.9704982 -0.2404941 -0.01720738 0.9705327 -0.2403659 -0.01705235 0.9705317 -0.24037 -0.01704782 0.9872686 -0.0693475 0.1431491 0.979641 0.200722 0.003785729 0.9839299 0.1785491 -0.001532196 0.9839345 0.1785236 -0.001537561 0.9876889 0.1562792 -0.00688678 0.017964 0.9998387 -1.68148e-4 0.02802199 0.9996056 0.00188595 0.02795183 0.9996075 0.001871287 0.03786009 0.9992755 0.003884077 -0.9997732 -0.001240551 0.02126359 -0.9997568 -0.001408696 0.02201181 -0.9997568 -0.001408636 0.02201181 -0.9997521 -0.001454174 0.02221781 -0.999751 -0.001463413 0.02226483 -0.9997317 -0.00162822 0.02311158 0.4267288 0.9040442 0.02463048 0.5363124 0.8439485 0.01096415 0.4472965 0.8943859 2.53612e-4 0.6378646 0.7701431 -0.002918303 0.007661044 0.02963078 0.9995316 8.98076e-4 0.03208029 0.9994849 2.53444e-5 0.02483665 0.9996916 0.003625333 -0.05574977 0.9984382 -0.9908172 -0.1349103 0.008972227 -0.9674886 -0.2528128 -0.007181406 -0.9675188 -0.2526977 -0.007160902 -0.9299698 -0.3669016 -0.0232253 0.9992958 0.001653075 0.03748643 0.9993204 0.001516222 0.03682988 0.9993169 0.001535773 0.03692364 0.9993279 0.001474022 0.03662717 0.9993314 0.00145322 0.03653365 0.9993587 0.001286745 0.03578543 -0.03123474 -0.001848995 0.9995104 -4.36684e-4 -2.55882e-5 1 -3.98891e-4 -2.03546e-5 1 0.03038799 0.001798868 0.9995366 0.988087 0.1537481 -0.006762087 0.9825531 0.1859819 4.92265e-4 0.9825552 0.1859707 4.87512e-4 0.9759106 0.2180342 0.00772953 0.6951819 0.002596855 -0.7188293 0.5654383 0.008185923 -0.82475 0.5652915 0.00820595 -0.8248505 0.6928556 0.08559101 -0.7159786 -0.9992411 -0.002630352 0.0388655 -0.9993571 -0.002161622 0.03578716 -0.9993572 -0.002161502 0.03578716 -0.999363 -0.002137064 0.0356251 -0.999363 -0.002137064 0.0356251 -0.9994736 -0.001663386 0.0324018 0.9365583 0.0415669 -0.3480386 0.999781 -0.00368154 -0.02060443 0.9705643 0.03394514 -0.2384386 0.9995508 0.0184772 -0.0235992 0.9395313 -0.3420174 -0.017466 0.995939 0.0899071 0.004727602 0.9988636 -0.04757237 0.002926826 0.9988722 -0.04738968 0.002953529 0.9811921 0.1930211 0.002244949 0.908325 0.4181918 0.007840394 0.9054644 0.001255929 -0.4244206 0.7004075 -5.04686e-4 -0.7137431 0.9035695 -0.004442334 -0.4284186 0.8370767 -0.00537306 -0.5470593 0.7004194 -4.98342e-4 -0.7137314 0.8312274 4.3785e-4 -0.5559325 0.9995425 0.001337587 0.03021532 0.9996642 6.83265e-4 0.02590399 0.9996642 6.83492e-4 0.02590394 0.9996638 6.85314e-4 0.02591961 0.9996638 6.85291e-4 0.02591961 0.9997677 3.85141e-5 0.02155822 0 -0.007050096 0.9999752 -0.02136957 -0.001776099 0.9997701 -0.02138704 -0.001772761 0.9997697 -0.04267436 0.003508508 0.9990829 0.04964095 0.01053172 -0.9987116 -0.3639026 0.01085859 -0.9313738 -0.3638718 0.01085346 -0.9313858 -0.3458633 0.007740557 -0.938253 0.5156511 8.28854e-4 -0.8567984 0.713189 -0.004059672 -0.70096 0.5287933 4.11344e-4 -0.8487507 0.5420548 0 -0.8403432 0.6020743 -0.7984305 -0.003917694 0.9103725 -0.4137654 0.004508912 0.9103732 -0.4137639 0.004493236 0.910435 -0.4136274 0.004523515 0.9995177 -0.03086316 -0.00342673 0.9546363 -0.2972142 0.01825273 -0.4756022 -0.14854 0.8670285 -0.3200982 -0.005993485 0.9473654 -0.3202776 -0.006064832 0.9473043 -0.1484527 0.1368842 0.9794001 0.0414474 -0.02100247 0.9989199 -0.01798915 -0.0245828 0.9995359 0.01770067 -0.0484699 0.9986678 -0.006112337 -0.07586818 0.9970992 0.04446095 0.999005 -0.00350511 -0.02711915 0.9996322 -1.6172e-4 -0.03082579 0.9995241 -0.001159608 -0.01716935 0.9998388 -0.005258083 -0.0636242 -1.96528e-4 -0.9979739 -0.06098479 2.65368e-4 -0.9981387 -0.06098479 2.65288e-4 -0.9981387 -0.0609138 2.77103e-4 -0.998143 -0.0609138 2.7726e-4 -0.998143 -0.05817514 7.28678e-4 -0.9983062 -0.9895914 0.01849371 -0.1427127 -0.9959427 0.008086025 -0.08962714 -0.9959413 0.008089065 -0.08964115 -0.9993476 -0.002391755 -0.03603863 -0.1318073 -0.001996517 0.9912734 -0.09896326 -1.56161e-4 0.9950911 -0.09895402 -1.4986e-4 0.995092 -0.06646567 0.001694917 0.9977873 0.9978328 0.01845133 -0.06316047 0.9572492 -0.010082 -0.289089 0.9990901 -0.006111025 -0.04220867 0.9990904 -0.006121277 -0.04220098 0.9990903 -0.00612241 -0.04220229 0.9988732 -0.01023519 -0.04634231 -0.197034 6.11e-4 -0.9803965 -0.1792173 -0.003653347 -0.9838028 -0.1791911 -0.003660678 -0.9838076 -0.1613175 -0.007957875 -0.9868705 -0.9998862 -1.06461e-4 -0.01508891 -0.9997336 0.001511812 -0.02303403 -0.9997341 0.001507401 -0.02301448 -0.9995161 0.003098845 -0.03095155 -0.9391825 7.69826e-4 0.3434178 -0.9781711 0.02492451 0.2063012 -0.971707 -6.42482e-4 0.2361888 -0.9594924 0.01324641 0.281423 -0.9999929 -7.99955e-5 -0.003785669 -0.9999819 0.006035983 -7.81916e-5 -0.9999825 0.005914092 -1.519e-4 -0.999921 0.01203989 0.00363028 -0.9976136 -0.02100861 0.06577163 -0.8866571 0.00603044 0.4623883 -0.8866611 0.006034851 0.4623805 -0.8636432 0.01265954 0.5039448 -0.890908 -0.004740536 -0.4541591 -0.8839073 0.006916284 -0.467611 -0.9340802 0.01012808 -0.35692 -0.93414 0.01015937 -0.3567624 -0.965363 0.02667236 -0.2595438 -0.9665151 0.02490866 -0.2553983 -0.02163559 -0.006641805 0.9997439 -0.1005443 0.007713854 0.9949027 -0.1005262 0.007704794 0.9949046 -0.1786745 0.02202177 0.9836618 -0.07313686 -0.007505118 -0.9972938 -0.05767029 -0.003668606 -0.9983289 -0.05767577 -0.003670215 -0.9983287 -0.04219686 1.32632e-4 -0.9991093 0.6984928 -0.05172407 0.7137455 0.7367864 0.002514123 0.6761209 0.7367823 0.002508461 0.6761254 0.7707701 0.05676114 0.63458 0.003049194 -2.71322e-5 0.9999954 -0.001954317 0.004987776 0.9999857 -0.02411341 0.01201379 0.9996371 -0.01191788 0.01500523 0.9998164 -0.1415052 -0.007910192 -0.989906 -0.179406 5.31589e-4 -0.983775 -0.1793774 5.21612e-4 -0.9837803 -0.2170349 0.008928179 -0.976123 -0.0251547 -0.006194829 -0.9996644 -0.02511024 -0.006183028 -0.9996656 -0.05031836 -0.01239019 -0.9986565 -0.02415639 0.0120244 0.9996359 -0.06649279 0.02102857 0.9975654 -0.06658518 0.02109825 0.9975576 -0.5993299 -0.1057441 -0.7934873 -0.6895941 -0.02326226 -0.7238225 -0.6895942 -0.02326333 -0.7238222 -0.689704 -0.02316331 -0.723721 -0.8571265 -0.0500164 -0.512672 -0.9433628 -0.01721924 -0.331316 -0.999522 -0.02518028 -0.01793688 -0.9995031 -0.02442616 -0.01992738 -0.9995031 -0.02442449 -0.01993006 -0.9995038 -0.02440583 -0.0199154 -0.9995038 -0.02440536 -0.01991611 -0.9999921 -5.64569e-5 -0.003992557 -0.6746559 -0.001074612 -0.7381316 -0.702843 6.63052e-4 -0.7113448 -0.7028431 6.5907e-4 -0.7113446 -0.7028492 6.61955e-4 -0.7113387 -0.7028491 6.66088e-4 -0.7113388 -0.7301347 0.002406954 -0.6832991 -0.04221814 0.006629824 -0.9990864 -0.03037315 0.00418502 -0.9995299 -0.05451941 -0.003725588 -0.9985058 -0.06695389 -0.01417523 -0.9976555 0.1594071 -0.4404481 -0.8835128 0.188702 -0.5021899 -0.8439176 0.1886965 -0.5021935 -0.8439167 0.1887118 -0.5022135 -0.8439013 0.1887106 -0.5022138 -0.8439014 0.02798384 -0.3617708 -0.9318471 -0.9993623 0.001201212 -0.03568768 -0.9994547 6.36893e-4 -0.03301566 -0.9994562 6.27153e-4 -0.03296875 -0.9994556 6.30703e-4 -0.03298699 -0.9994556 6.30625e-4 -0.03298699 -0.9995403 5.46046e-5 -0.03031724 0.5398373 -0.1830224 -0.8216316 0.3832718 0.05102926 -0.9222249 0.3832997 0.05098843 -0.9222157 0.1923381 0.2802541 -0.9404593 0.02784705 -0.3616703 -0.9318902 -0.0822547 -0.06487834 -0.9944974 -0.08226561 -0.06488388 -0.9944962 -0.05569839 0 0.9984477 -0.05656993 0.01999038 0.9981986 -0.1658207 -0.01919043 0.9859692 -0.4163356 -0.007486522 0.9091803 0.06611233 0.001799881 -0.9978107 0.09893286 1.09473e-5 -0.9950941 0.09895312 6.31514e-6 -0.9950922 0.1313661 -0.001788198 -0.9913324 0.9997329 -4.18044e-5 -0.02311086 0.99975 1.16367e-4 -0.0223605 0.9997501 1.163e-4 -0.0223605 0.999754 1.53059e-4 -0.02218526 0.999754 1.53161e-4 -0.02218526 0.9997703 3.09687e-4 -0.0214346 -0.01486945 0.9998456 0.009374141 0.001961827 0.9997503 0.02225929 0.001303374 0.9998897 0.01479423 0 1 4.74962e-7 -0.5702448 0.006394803 -0.8214501 -0.464794 0.002093493 -0.8854164 -0.4647935 0.002090692 -0.8854167 -0.4646186 0.002081632 -0.8855085 -0.4646187 0.002088487 -0.8855084 -0.3518993 -0.002255082 -0.9360352 0.9994603 -0.001722753 -0.0328058 0.9995226 -0.001424074 -0.03086411 0.9995226 -0.001424193 -0.03086411 0.9995233 -0.001421213 -0.03084355 0.9995232 -0.001420974 -0.03084361 0.9995817 -0.001137316 -0.02889961 0.0608024 -0.003691494 -0.998143 0.01523226 -9.29113e-4 -0.9998836 0.01519572 -9.21678e-4 -0.9998842 -0.03045839 0.00184834 -0.9995344 -0.9997969 0.001370489 -0.02010816 -0.9997782 0.001511037 -0.02100789 -0.9997782 0.001511037 -0.02100789 -0.9997783 0.001510739 -0.02100491 -0.9997772 0.001517415 -0.02105236 -0.9997577 0.001644492 -0.02195405 -0.08221238 0.9956176 -0.04457515 -0.03149038 0.9984542 -0.0458014 -0.02462452 0.999023 -0.03669816 0.004146575 0.9994555 -0.03273391 -0.01099002 0.999769 -0.01847279 0.9790954 -0.00375092 0.2033673 0.9769898 -0.00612539 0.2131984 0.9769915 -0.006123423 0.2131901 0.9747854 -0.008444488 0.2229846 -0.9994609 -0.0313996 0.00959599 -0.9965379 0.08037233 0.02127045 -0.9902846 -0.1335456 0.03875809 -0.9902676 -0.1336596 0.03879755 -0.9965377 0.08038127 0.02125024 -0.9125401 -0.4085853 0.0181297 0.7477177 -0.03945165 -0.6628438 0.5227075 -0.01259821 -0.8524191 0.4660158 -0.01248586 -0.8846883 0.3025398 0.001645028 -0.9531353 0.3523551 -0.01211982 -0.935788 -0.006345152 -0.01802659 0.9998174 6.04314e-4 0.01267176 0.9999195 -0.003936707 -0.005681633 0.9999761 -0.3535357 -0.9348675 -0.03217869 -0.4011964 -0.9159899 -0.00196731 -0.7617521 -0.6477118 0.0142616 -0.285868 -0.9582466 -0.006568968 -0.01777708 0.9998414 0.001164436 0.03424048 0.9992708 -0.01689815 0.03869497 0.9992495 -0.001799643 0.07786816 0.9967327 0.02145826 -0.9981189 -0.0571711 -0.02213865 -0.9571693 0.2891871 0.01406699 -0.992869 0.1187801 0.01012885 -0.9973509 0.07149457 0.01341027 0.4992775 0.01048225 0.8663788 0.9115331 0.001425921 0.4112243 0.8844227 -1.08326e-4 0.466687 0.9467146 -0.003948986 0.3220496 0.9115883 0.001394331 0.4111021 0.9954378 -0.00543195 0.09525972 0.9467038 -0.003963291 0.3220812 0.9954358 -0.005438745 0.09527873 0.9887327 -0.01382422 0.1490522 -0.9992345 -0.03853553 -0.006754696 -0.9336445 0.3581179 0.007718682 -0.9934763 0.1140027 -0.002862989 -0.9336348 0.3581433 0.007716357 -0.9336348 0.3581433 0.00771594 -0.9955894 0.09301364 -0.01226091 -0.9993503 0.0123884 0.0338456 -0.9990642 0.01685798 0.03983128 -0.9990498 0.01707416 0.04010206 -0.9986893 0.02166974 0.04637098 0 0.999615 -0.02774572 -0.01160877 0.9999259 -0.003704547 -4.8833e-5 0 -1 -5.96733e-5 0 -1 0.02694016 -0.01145082 -0.9995715 0.01111525 0.001354932 -0.9999373 -0.01687759 0.9998401 -0.005918979 -0.002938687 0.9999268 -0.01174843 -0.001951813 0.9999675 -0.007827103 0.004650115 0.9999778 0.004788398 0.05299955 0.01027876 -0.9985417 0.06272327 0.00891 -0.9979913 0.006905257 0.9999644 -0.004857063 0.02496588 0.9986584 0.04536759 0.01247292 0.9996656 0.02265512 0.01481974 0.9985095 0.05252867 -0.09551262 0.9954272 -0.001455068 -0.335843 0.9418638 0.01010859 -0.2686303 0.9632349 0.004044234 -0.5386027 0.8424869 0.011092 -0.3906547 0.9203739 0.01735043 -0.03094375 -0.9967653 -0.07417219 -0.2905232 -0.9564132 -0.02949893 -0.5820835 -0.8123366 -0.03589153 -0.582126 -0.8123077 -0.03585433 -0.5478113 -0.8350982 -0.05013877 -0.7617273 -0.647741 0.01425433 -0.0167998 0.999858 -0.001354098 0 1 1.59061e-6 -0.01693361 0.999849 0.003903269 -0.008742988 0.9999134 0.00984764 -0.01748442 0.9996532 0.01969635 0.9774087 -0.02330911 0.2100688 0.4915457 -0.01226508 0.8707655 0.491546 -0.0122587 0.8707653 0.3587616 -0.003513693 0.9334227 0.4914137 -0.01224929 0.8708403 0.1131088 0.0166707 0.9934428 -0.05589556 -0.9983953 0.009091973 -0.1232486 -0.9923654 -0.004555642 0.3989038 -0.916852 -0.0160712 0.2872073 -0.0306459 0.9573781 0.1936456 -0.008922636 0.9810311 0.1936624 -0.008931636 0.9810277 0.09829694 0.01291978 0.9950733 0.3335105 -0.001787662 0.9427447 -0.2649948 -0.01933205 0.9640561 -0.1735955 -0.01415145 0.9847154 -0.5111877 -0.03732943 0.858658 0 1 -2.76108e-7 0 1 1.21434e-6 0.0128048 0.999916 0.002025306 0.04737764 0.9988327 -0.009409725 -0.9372121 -0.009097576 0.3486415 -0.9918087 0.01221591 0.127147 -0.9927523 -0.002593338 0.1201505 -0.9734715 0.03490185 0.2261309 -0.6426439 -0.7661651 0 -0.3813993 -0.9198039 0.09217166 -0.3814026 -0.919801 0.09218531 -0.3812267 -0.9198715 0.09220981 0.03291153 -0.9988432 0.03506058 0.1162787 -0.9925943 0.03515601 -0.979122 -0.03496634 0.2002435 -0.9939581 -0.0174784 0.1083601 -0.9939495 -0.01749718 0.1084363 -0.9998781 1.65241e-4 0.01561325 -0.7117851 -0.6986221 -0.0727266 -0.5734261 -0.8182795 0.04001384 -0.5734276 -0.8182784 0.04001665 -0.573308 -0.8183578 0.04010713 -0.3565272 -0.9337869 -0.030501 -0.1432932 -0.9896616 -0.006079256 0.02759695 0.01499271 -0.9995068 0.02253174 0.006891429 -0.9997225 0.01811116 0.003444731 -0.9998301 0.01334351 -0.002322614 -0.9999083 0.009302794 -0.003382861 -0.999951 0.9818761 -0.1893345 0.008469462 0.9786184 -0.2054125 0.01056963 0.9240961 -0.382138 -0.004126012 0.9240408 -0.3822717 -0.004141449 0.9786084 -0.2054605 0.01057463 0.8792611 -0.4762229 -0.01057404 0.7178875 -0.6953728 -0.03308141 0.8767914 0.004838585 0.4808465 0.9809281 -0.001968264 0.1943616 0.9003083 0.009703695 0.4351445 0.9213956 0.0145483 0.3883535 0.9826905 0.01779854 0.1843982 0.98488 0.01565718 0.1725291 0.9848797 0.01565778 0.1725306 0.9868956 0.01348173 0.1607962 -0.007207751 0.9999738 -7.07689e-4 0.03199446 0.9993355 -0.01746737 0.04253506 0.9990735 -0.006565809 0.0831089 0.99653 -0.004585206 -0.004598021 0.9997425 0.02222627 0.02649462 0.9994805 0.01835131 0.004305422 0.9926999 -0.1205335 0.008486628 0.9999244 0.008903801 -0.9679176 -0.02685612 0.2498289 -0.9833788 -0.009066581 0.1813396 -0.9833705 -0.009080886 0.1813842 -0.993676 0.008750855 0.1119437 0.4884268 0.5864484 -0.646156 0.3971101 0.7190997 -0.5702625 0.6558644 0.6296608 -0.4163764 0.5813273 0.6474018 -0.4928789 0.006974458 -0.005399823 0.9999612 0.1964142 0.03219795 -0.9799923 0.1542766 0.02451449 -0.9877235 0.4037715 0.002578616 -0.9148563 0.1542214 0.02450591 -0.9877324 0.1542223 0.02450042 -0.9877324 0.1118357 0.01679706 -0.9935848 -0.08161509 -0.9724406 0.2183996 0.03703862 -0.9769427 0.2102646 -0.2914798 -0.956349 0.02088654 -0.2702443 -0.9627903 -0.001738131 -0.2702614 -0.9627854 -0.001738011 0.03103238 -0.9994106 -0.01468014 0.01627469 -0.9954279 0.09411865 0.01626235 -0.9954283 0.0941171 0.01624798 -0.9954143 0.09426862 0.01625782 -0.995414 0.09426987 0.001492738 -0.9943538 0.1061053 -0.02760249 -0.01499181 -0.9995066 -0.02248424 -0.006816089 -0.999724 -0.01818776 -0.003436982 -0.9998287 -0.01340752 0.002375304 -0.9999073 -0.009537041 0.003370463 -0.9999489 -0.4876674 -0.8729245 0.01354426 -0.2093725 -0.9778321 0.002784013 -0.4689168 -0.8831031 0.01568263 -0.4500225 -0.8928399 0.01779747 -0.6965308 0.7175227 -0.002462923 -0.6916552 0.7222036 0.005930542 -0.6886018 0.7251326 0.003207385 -0.7095049 0.7046149 0.01098239 -0.3703773 -0.9280131 0.04015445 -0.2425251 -0.9699775 0.0180366 -0.4744179 -0.88004 0.02138423 -0.2423346 -0.9700261 0.01798939 -0.2423357 -0.9700258 0.01798218 -0.1104394 -0.993873 -0.004434287 0.6941928 -0.7189828 -0.03406369 0.8619399 -0.5069093 -0.01013451 0.8888 -0.4581569 -0.01127183 0.9509338 -0.3093938 6.02722e-4 0.9327498 -0.3602774 -0.01334249 -0.04758685 -0.9988381 -0.00761491 0.1541849 -0.987969 -0.01201903 0.1450134 -0.9893701 0.0108689 0.2353209 -0.9718685 -0.009792149 -0.8733182 -0.4869637 -0.01348167 -0.99429 -0.1055389 0.01577973 -0.9358543 -0.3523542 -0.004829525 -0.9942922 -0.1055191 0.01577568 -0.9942922 -0.105519 0.01577579 -0.9965784 -0.08184659 0.0115199 -0.8691217 -0.4944877 0.01046073 -0.7373205 -0.675543 5.42496e-4 -0.6085792 -0.7934929 -7.4907e-4 -0.09063148 -0.9958799 -0.003042459 -0.0247516 -0.9996662 0.007425248 -0.0906319 -0.9958798 -0.003039419 -0.3258839 -0.9454078 -0.001962542 -0.09065026 -0.9958782 -0.003045141 -0.1561652 -0.987638 -0.01355046 -0.987719 -0.1560893 -0.006890118 -0.9839364 -0.1785126 -0.001539587 -0.9839356 -0.1785171 -0.001538038 -0.9796335 -0.2007575 0.003835976 0.8904418 -0.06121057 -0.450962 0.8132507 0.02252912 -0.5814774 0.8132295 0.02255129 -0.5815062 0.7116857 0.1055956 -0.6945164 0.6733222 0.539019 0.5060591 0.4603779 0.4892512 0.7407332 0.3688776 0.4857563 0.7924457 0.1736367 0.488808 0.8549368 0.1204774 0.5203873 0.8453889 -0.7276884 0.6850897 -0.03349518 -0.6355666 0.7719881 0.009466528 -0.4878935 0.87259 -0.02338039 -0.3476681 0.9374569 -0.01736736 -0.1467328 0.985407 -0.08627104 0.04410552 0.999027 1.17853e-4 0.04895353 0.9987801 0.006478846 0.04730904 0.9984496 0.02933281 0.0117883 0.9989918 0.04331809 0.6840985 -0.7231609 -0.09511905 0.8178767 -0.574846 0.02509444 0.8178713 -0.5748533 0.02510881 0.8179666 -0.574714 0.02518725 0.9321967 -0.3593475 -0.04334223 0.9900231 -0.1403151 -0.01288723 -0.9567185 -0.2892524 -0.03198051 -0.9819201 -0.189095 -0.008728265 -0.9819145 -0.1891229 -0.008736431 -0.9960995 -0.08701735 0.01462328 0.006537377 0.005050241 0.999966 -9.79142e-6 0 1 3.65504e-4 0.004645466 0.9999892 -1.49829e-5 0 1 0.4620735 -0.8841515 -0.06902503 0.5913048 -0.8063153 0.01464605 0.5912985 -0.80632 0.01464468 0.7029224 -0.7045103 0.09780263 0.9636648 -0.01566809 0.266655 0.9845049 -0.0115081 0.1749793 0.9384671 -0.002560377 -0.3453594 0.9318718 -3.72055e-4 -0.3627877 0.7614053 -0.004625618 -0.6482598 -0.1966269 0.9800391 -0.02934819 -0.1179902 0.9929085 -0.01452934 -0.1180037 0.9929068 -0.01454287 -0.03874707 0.9992491 3.62685e-4 0.01613003 0.9998683 -0.001807153 0.02904117 0.999575 -0.00255841 0.02272862 0.9997094 -0.008047878 0.03627932 0.9990348 -0.02476608 0.3393285 -0.01432394 0.9405589 0.1540393 0.01134645 0.9879996 0.1927331 0.1223105 0.9735986 0.3415641 0.03960907 0.9390235 0.4270247 -0.003859877 0.9042317 0.6142846 -0.001440644 0.7890832 -0.6803725 -0.0332328 0.7321126 -0.7675197 0.01010745 0.6409457 -0.8719633 -0.02268111 0.4890457 -0.9380229 -0.01644849 0.346183 -0.9870092 -0.08523815 0.1361883 -0.9769672 -0.2114745 -0.02852815 -0.9899743 -0.1402477 -0.0167787 -0.9899724 -0.1402608 -0.01677852 -0.9976569 -0.0682376 -0.004956305 0.979214 -0.2001694 0.03274405 0.9884554 -0.1496495 0.02368527 0.9178509 -0.3969247 6.67352e-4 0.988459 -0.1496264 0.02368056 0.9884591 -0.1496258 0.02368372 0.9950204 -0.09860843 0.01452374 -0.2843332 -0.03159415 -0.9582048 -0.1913129 -0.01063513 -0.9814715 -0.1913809 -0.01065391 -0.9814581 -0.09667605 0.01036435 -0.995262 -0.6691656 -0.031309 -0.7424536 -0.2052986 0.001222193 -0.9786987 -0.009731054 -0.02917814 -0.9995269 0.1697148 -0.01514464 -0.9853769 0.3770944 -0.08567196 -0.922204 0.3839833 0.05362498 -0.9217816 -0.1100666 0.006163716 -0.9939052 0.1037506 0.0147826 -0.9944936 -0.1102416 0.006175279 -0.9938856 -0.4484694 -9.43147e-4 -0.8937978 -0.7316402 0.006082355 -0.6816639 -0.6846463 0.72374 -0.0863704 -0.8147358 0.5789325 0.03229445 -0.8147354 0.5789328 0.03229498 -0.8148155 0.5788142 0.03240281 -0.931059 0.3628619 -0.03821754 -0.9893627 0.1451278 -0.009973168 -0.5281689 0.2887436 0.7985392 -0.603456 0.1392638 0.7851411 -0.6376454 0.09176802 0.7648445 -0.6800175 -0.00852257 0.7331464 -0.6978799 -0.002976238 0.7162086 -0.2580083 0.003962397 -0.9661346 -0.3146657 0.01616716 -0.9490649 -0.314671 0.01617008 -0.9490631 -0.3701702 0.02837508 -0.9285305 -0.1948873 0.9808205 0.003158867 -0.3427114 0.9391747 -0.02235907 -0.3070178 0.9515385 -0.01773864 -0.9945658 0.008644998 -0.1037515 -0.9971615 0.003665447 -0.07520467 -0.9945609 0.008654892 -0.1037973 -0.9911271 0.01362663 -0.132217 0.004659295 0.004416286 0.9999795 0.01859086 -0.01938301 0.9996393 0.01410627 -0.02358865 0.9996222 -0.5364286 0.8408179 0.07259321 -0.2772071 0.9600768 0.03753477 -0.1852599 0.9822317 0.02999186 2.37774e-4 0.9999747 0.007121145 -0.004511952 0.9998796 0.01484847 0.1739397 -0.005423188 0.9847415 0.1593154 -0.006038546 0.9872093 0.1848044 -0.004285812 0.982766 0.1093295 0.002619326 0.9940021 0.9842049 0.009123563 0.1767982 0.9777339 -0.003164052 0.2098249 -0.1682537 -0.9857038 -0.008873164 -0.2571363 -0.9663087 -0.0113343 -0.1684275 -0.985674 -0.008891105 -0.4965422 -0.8680119 0.001122057 -0.700706 -0.7134503 -2.54557e-4 -0.8817543 -0.4713748 -0.01774972 -0.6412342 -0.7673387 0.003183245 -0.5685632 -0.8226386 0.001321911 -0.3650416 -0.9309287 0.01079261 -0.4213434 -0.9068987 -0.00214684 0.01777321 0.9969608 -0.07585006 0.07626652 0.996377 -0.03763514 0.07750874 0.9902238 -0.1159716 -0.961408 -0.2749978 0.00842607 -0.9479666 -0.3178943 0.01739788 -0.9479575 -0.3179213 0.01740133 -0.9325131 -0.3601716 0.02637922 0.9595821 0.2794214 -0.03355371 0.9828465 0.1840165 -0.012277 0.9828378 0.1840621 -0.01229375 0.9961851 0.08678841 0.009113967 0.07578313 0.9964442 -0.03682327 -0.215233 0.9765011 -0.01097798 -0.1882628 0.9821187 -2.96392e-4 -0.438754 0.8978778 0.03619951 -0.002543449 0.9999936 -0.002513647 0.01039689 0.9998967 -0.00993514 -0.02353048 0.9997057 0.005916476 -0.4687196 0.03892982 0.8824888 -0.1809754 0.02192801 0.9832432 -0.8537345 -0.1049209 -0.5100286 -0.9232966 1.87436e-4 -0.3840879 -0.9233065 2.10749e-4 -0.3840638 -0.9635689 0.1053171 -0.2458523 0.02390998 0.9993698 0.02623945 0.007010042 0.9993472 0.03544485 -0.01167291 0.9995817 0.02646464 0.005186915 0.9995939 0.0280227 0.13295 0.9910004 -0.01557558 0.9877597 -0.1557303 -0.008879423 0.9878755 -0.1550015 -0.008746683 0.9878755 -0.1550015 -0.008746564 0.9880087 -0.1541569 -0.008630633 0.01689207 -0.1516285 -0.9882933 -0.00965327 -0.09961581 -0.9949792 -0.006583154 -0.07551556 -0.997123 -0.0183314 -0.03727835 -0.9991368 -4.50108e-4 -0.02714812 -0.9996314 0.02588862 0 0.9996649 0.003446519 0.01082128 0.9999356 -0.004520118 0.03017705 0.9995344 6.67111e-7 0 1 -0.006973326 0.005399048 0.9999612 3.02042e-6 0 1 -0.01538765 -0.06871002 0.9975181 0.1240384 0.008675456 0.9922396 0.1240324 0.008670091 0.9922404 0.260265 0.08575129 0.9617218 -0.07943314 -0.996541 0.0244255 -0.0688067 -0.997481 0.01724499 -0.068807 -0.997481 0.01724445 -0.0687887 -0.9974825 0.01723074 -0.06878805 -0.9974825 0.01723164 -0.05806612 -0.9982625 0.01002335 -0.1408288 0.4846021 -0.8633239 -0.01560258 0.5081847 -0.8611068 -0.2795113 0.3237097 -0.9039278 -0.2796031 0.3236336 -0.9039267 -0.1549652 0.2741256 -0.9491265 0.04041284 -0.4916226 -0.8698701 -0.02760499 0.001467704 0.9996179 -0.01343929 -0.01540005 0.9997912 -0.01752585 -0.01169013 0.9997782 0.002748072 -0.004208862 0.9999874 -0.421581 -0.8548508 -0.302489 -0.7603713 -0.6381856 -0.1206424 -0.5494523 -0.7134276 -0.434883 -0.8394277 -0.4910503 -0.2328757 -0.8521263 -0.5161874 -0.08620631 -0.9742955 -0.2126342 -0.07439792 0.9997342 0.02131801 -0.008791148 0.9620639 0.2728244 -3.36415e-4 0.9959684 -0.08918559 -0.009639859 0.9884544 -0.151349 -0.007168769 0.9982073 0.05968004 -0.00452131 0.9427851 0.3332405 0.01034861 0.9647751 0.2630557 0.003285169 0.8256188 0.5640684 0.01343929 0.9115219 0.4106324 0.02256304 0.3109722 -0.9438206 -0.1117992 -0.05789071 -0.9946345 0.08573764 0.08195716 -0.9959883 -0.03592336 -0.07043933 -0.9866495 0.1468374 0.7434458 -0.6651569 -0.06967633 0.7186892 -0.694464 -0.03472179 0.7187012 -0.6944509 -0.03473579 0.6915349 -0.7223432 0 -0.1748905 -0.0253365 0.9842618 -0.1223862 -0.06846922 0.990118 -0.1495781 -0.1031591 0.9833538 -0.1270065 -0.1657908 0.9779483 -0.979214 0.2001694 0.0327441 -0.9929414 0.1172499 0.0178802 -0.9302543 0.3665249 0.01691937 -0.9929458 0.1172157 0.0178647 -0.9929458 0.1172155 0.01786589 -0.9994317 0.0335868 0.00287652 0.5055149 0.8560546 -0.10782 0.3740382 0.927411 0.002064704 0.3739979 0.9274273 0.00210154 0.2298212 0.9667921 0.1117827 0.2520712 -0.9672017 -0.03132039 0.1645842 -0.9863007 -0.01109558 0.1646151 -0.9862953 -0.01111221 0.07575625 -0.9970838 0.009210407 0.9795644 0.2006113 0.01445186 0.9854981 0.1695067 0.007806181 0.9854972 0.169512 0.007810175 0.9903849 0.1383355 0.001108586 0.007319092 -0.002359688 0.9999704 0.02281624 0.006529033 0.9997184 0.009408473 -0.002157211 0.9999535 0.06620198 7.64871e-4 0.997806 0.002616286 0.9999935 0.002516269 -0.01012891 0.9999003 0.009842097 0.0217688 0.9997493 -0.005253791 0.006459772 -0.007996439 0.9999473 0.003781557 0.01425933 0.9998912 0.003331184 0.004326164 0.9999852 -0.002567827 0.04160296 0.999131 -0.6683821 -0.1869401 -0.7199437 -0.821255 0.09993213 -0.5617417 -0.821253 0.09993809 -0.5617439 -0.8212978 0.1000494 -0.5616583 -0.9209765 0.0786156 -0.3816045 -0.8667794 0.3737658 -0.3301405 -0.1158093 -0.1233959 0.9855769 0.07352757 -0.005899488 0.9972757 -5.6859e-4 -0.01330053 0.9999114 0 -0.0135613 0.9999082 0.881981 -0.01573276 0.4710225 0.9132439 -0.005454778 0.4073769 0.9344882 0.004026174 0.3559714 0.9616466 0.01515388 0.2738729 0.2581558 0.003148555 0.9660982 0.3172183 0.01572626 0.9482222 0.3172407 0.01573383 0.9482146 0.3751142 0.02825659 0.926548 0.02853918 0.9833681 -0.1793673 -0.09573972 0.9836116 -0.1527815 0.002292454 0.9999957 0.001859366 -0.125855 0.9917099 0.02592384 -0.02828425 0.9828431 0.1822622 0.003628671 -0.05433309 0.9985163 0.02255225 -0.1000061 0.9947313 0.9667715 0.2555872 0.005318045 0.9511367 0.3083257 0.01656413 0.9511275 0.3083536 0.01656937 0.9324873 0.3601394 0.02769684 0.9378057 -0.3412868 0.06359225 0.9727035 -0.2320499 8.71709e-4 0.9727036 -0.2320499 8.71542e-4 0.9727008 -0.2320616 8.69109e-4 0.9727008 -0.2320616 8.69206e-4 0.9717349 -0.2360751 0 0.9988635 0.0471251 -0.007141649 0.9336359 -0.3581404 0.007717072 0.9940648 -0.1087448 -0.003159761 0.9336388 -0.3581327 0.007719755 0.933639 -0.3581324 0.007716417 0.9955857 -0.09305351 -0.01225978 0.8817532 0.471374 -0.01783007 0.6499773 0.7599494 0.002558231 0.5766371 0.8169988 0.00168246 0.3785203 0.9255239 0.01131266 0.4269888 0.9042569 0 -0.2796297 0.3236829 -0.9039009 -0.448678 0.5384002 -0.7133116 -0.120627 0.6579567 -0.7433317 -0.1113765 0.743973 -0.6588624 -0.4486644 0.5384628 -0.7132729 -0.356503 0.6865824 -0.6336484 -0.5578255 0.7857831 0.2671624 -0.7321081 0.6671473 0.1375951 -0.7320789 0.6671751 0.1376156 -0.760613 0.6386047 0.1168423 0.9960676 0.08566719 -0.02259337 0.9680501 -0.2505123 0.01107019 0.9945286 -0.1041956 0.007506132 0.9975567 -0.06787061 0.01656645 -0.5457583 -0.8324629 0.09567373 -0.6498993 -0.7600178 0.002004027 -0.6498975 -0.7600193 0.002007544 -0.7377812 -0.6687752 -0.09175342 0.9994494 0.03193998 0.008985996 0.9987416 0.04900544 0.01066607 0.9887106 0.1445786 0.03935194 0.9887011 0.1446332 0.03938776 0.9987403 0.04903119 0.01066941 0.9121753 0.4094105 0.0178669 0.08760219 -0.9961555 -5.47086e-4 0.3290631 -0.9442358 0.01167237 0.2663322 -0.9638665 0.005352079 0.5385884 -0.8424587 0.01363736 0.3920707 -0.9197172 0.02002114 0.9620324 -0.04998886 0.2683186 0.9384223 -0.00347042 0.3454732 0.9384283 -0.003480017 0.3454567 0.9067152 0.0429542 0.4195505 -0.03587108 -0.1179588 0.9923704 0.02549219 0.3575762 0.933536 -0.04054349 0.1082433 0.9932973 0.02541458 0.3577442 0.9334737 0.02542781 0.3577484 0.9334717 -0.04347109 0.5209218 0.8524969 0 0.9971812 0.07503145 0.03405553 0.9990941 0.02552223 0.03403741 0.999094 0.02554929 0.06790018 0.9973962 -0.024302 0.1028114 0.9819276 0.1588966 0.1316963 0.9909919 -0.0243144 0.9714348 0.002959847 -0.2372879 0.8837406 0.002333045 -0.4679713 0.8737704 0.007241606 -0.4862847 -0.02949845 0.9991347 -0.02932149 0.008965075 0.9999522 -0.003903746 0.05251723 0.998597 0.006790339 0.09341764 0.9953173 0.02483266 -0.1326574 0.9691431 0.2077592 0.007844388 -0.4243161 -0.9054802 0.01005017 -0.4396257 -0.8981249 0.01004701 -0.4396067 -0.8981342 0.01225543 -0.455116 -0.890348 -0.9998672 -0.002872407 0.01604431 -0.9995884 -0.001187443 0.02866321 -0.9945797 0.1023054 0.01857286 -0.9983428 -0.002379 0.05749952 0.2473857 -0.968913 -0.002819716 0.1275494 -0.991832 -6.56806e-4 0.2472168 -0.9689602 0 -0.004205882 0.1964869 0.9804975 0.00956887 0.1430852 0.9896641 0.007751405 -0.002847909 0.9999659 0.03623324 0.03822988 0.9986119 0.02627718 0.4772193 -0.8783914 0.04645532 0.998913 0.003861367 0.02978181 0.9995564 -2.78733e-4 0.04642164 0.9989145 0.003853619 0.06302672 0.9979801 0.007958829 0.005540549 -0.008001983 0.9999527 0.003171086 -0.007089614 0.9999698 0.009014725 0.001473009 0.9999583 0.2081605 0.977802 0.02392774 0.04391747 0.9724552 -0.2289158 0.009643912 0.99993 0.006874024 -0.01763266 0.9998337 -0.00465995 0.06809353 0.9975168 0.01798975 -0.9928525 0.03560149 -0.1139142 -0.9348857 -0.02069365 0.3543453 -0.9930635 0.04215288 0.1097639 -0.9348282 -0.02062088 0.3545013 -0.9348295 -0.02061402 0.3544981 -0.8531301 0.04884439 0.5194067 0.7235651 0.4598266 0.5147942 0.7135466 0.4319989 0.5515689 0.6145954 0.382613 0.6898404 0.6569568 0.0898897 0.7485504 0.7428317 0.09628599 0.6625181 -0.9424434 0 -0.334366 -0.9775312 -0.01122814 -0.2104918 -0.9189293 -0.01131403 -0.39426 -0.8914673 -0.0225073 -0.4525257 -0.9995185 -0.01834255 -0.02502697 -0.9717381 -0.00750941 -0.2359423 -0.9766425 0.2143268 -0.01528161 -0.9428814 0.3329862 -0.009749412 -0.8811345 0.4523205 -0.1378711 -0.001729369 0.9999302 0.01169812 -0.00325191 0.9990929 -0.04246187 -9.01796e-4 0.9998486 -0.01738369 -5.56533e-4 0.9952388 -0.09746593 -0.04683035 -0.009110629 -0.9988614 -0.3969548 -0.00756365 -0.9178071 -0.03754073 -0.008107423 -0.9992623 -0.1823447 -0.001985609 -0.9832327 -0.03752595 -0.008099913 -0.9992629 -0.4236245 -1.63391e-4 -0.905838 -0.7079988 -0.005251467 -0.7061941 -0.5432991 0.002814352 -0.8395346 -0.7357363 -7.46754e-4 -0.6772678 -0.7080046 -0.005248963 -0.7061883 -0.6797482 0.001555383 -0.7334439 -0.0341919 0.008873283 -0.9993759 -0.2347491 0.02919095 -0.9716176 -0.1179345 0.03992277 -0.9922185 -0.4160332 0.0188449 -0.9091542 -0.8849133 -0.02616786 -0.4650201 -0.9147467 -0.0131123 -0.4038152 -0.9864928 -0.009548604 -0.1635258 -0.9400746 0 -0.3409689 -0.03110641 0.9993245 -0.01957201 -0.04071754 0.9991199 -0.01007843 -0.03591102 0.9993444 -0.004613518 -0.07890713 0.9968699 -0.00492829 -0.08997535 0.9959423 0.001881957 -0.07227838 0.9967671 0.03509253 -0.01400536 0.9971853 0.07365667 -0.06967943 0.9913128 0.1115522 0.06221538 0.9966056 0.05391341 0.001597642 -0.01027137 0.9999461 -0.002992272 -0.01128029 0.999932 -0.008279263 0.06480628 0.9978636 -0.02549093 3.83669e-4 0.999675 0.7367928 0.6729168 -0.06572234 0.8289812 0.5592533 -0.005095601 0.7756922 0.6310896 0.005267143 0.7756267 0.6311701 0.005264401 0.8289558 0.5592916 -0.005053639 0.6225257 0.7825378 -0.009821534 -0.99802 0.0148943 -0.0611093 -0.9923381 -0.1228016 0.01360148 -0.9923402 -0.1227854 0.01359307 -0.9623111 -0.2573398 0.08794146 0.4471758 0.8944462 2.65365e-4 0.5067713 0.8612971 -0.03674727 0.48711 0.8729304 -0.02676624 0.4966707 0.8678944 -0.008805453 0.6499746 0.7599558 -5.89285e-4 0.04383605 0.9973375 0.05827748 0.04445731 0.9985234 0.03121924 0.06993979 0.9971963 0.02661162 0.08296668 0.9964944 0.01074683 0.1206825 0.9925392 0.01736819 -0.5079109 0.8614042 0.003055334 -0.259743 0.9656377 -0.008799076 -0.2644519 0.9643985 8.73886e-4 -0.2195096 0.9716832 -0.08744955 -0.2596359 0.9656774 -0.007516741 0.04321581 0.9831091 -0.1778455 0.8761376 0.4818069 -0.01566135 0.9940397 0.1078119 0.01618546 0.9353096 0.353792 -0.005214571 0.9940357 0.1078466 0.01619261 0.9940357 0.1078467 0.01619213 0.9950923 0.09789228 0.01443755 0.0694288 0.4551103 -0.8877243 -0.02187824 0.07988309 -0.9965642 -0.0219084 0.07992535 -0.99656 -0.009383976 0.06285345 -0.9979787 0.7192445 0.6912189 -0.07002669 0.5778269 0.8149753 0.04394882 0.5778287 0.8149738 0.04395288 0.577678 0.8150755 0.04404592 0.3596948 0.9326339 -0.02852624 0.1429716 0.9897163 -0.004574 -0.006439089 -0.009015917 0.9999387 -0.007376909 -4.42368e-4 0.9999728 -0.005940616 -0.002826571 0.9999784 0.1854721 0.2108042 -0.9597718 -0.03675359 0.3650474 -0.9302632 0.176199 -0.1096365 -0.97823 0.1761879 -0.1097568 -0.9782184 -0.01239907 -0.04008579 -0.9991194 0.006658554 -0.1703441 -0.9853622 6.12466e-5 -0.05930316 0.99824 -0.01480329 -0.005753636 0.9998739 -0.01155024 -0.01826924 0.9997665 -0.02838355 9.53879e-4 0.9995967 -0.3578131 0.9337742 0.005974411 -0.007131278 0.9999677 -0.003726005 0.1709126 0.9851844 -0.01415652 0.2614805 0.9650173 -0.01922732 0.1710498 0.9851602 -0.01419442 0.5669542 0.823749 8.93851e-4 0.793384 0.6087132 0.003195226 0.9979572 0.063533 -0.006711006 0.9982142 0.05130845 -0.03059345 0.9991522 0.02967905 -0.02853286 0.9991414 0.01269471 -0.03943794 0.9996074 -0.01371866 -0.02442938 -0.07019501 8.89392e-4 0.9975329 -0.01901137 -0.03139507 0.9993262 -0.01902753 -0.03138607 0.9993262 0.03225857 -0.06344473 0.9974639 0.9622525 0.001547873 0.2721542 0.9587408 0.002645373 0.2842695 0.9481791 0.004553794 0.3177039 0.9403688 0.006049335 0.3401028 0.9955592 0.005348801 0.09398597 0.9814276 -0.03246212 -0.1890664 0.9937158 -0.01639282 -0.1107257 0.9937161 -0.01639932 -0.110723 0.9995018 -2.21037e-4 -0.03156322 -0.0551629 0.0349549 0.9978654 -0.089962 0.04051262 0.9951209 0.03807526 -0.003834486 0.9992676 0.02606964 0.003380537 0.9996544 0.746828 0.6642988 -0.0309028 0.9809508 0.1942441 -0.00219655 0.9994848 0.003479659 -0.031906 0.9852292 -0.1701841 -0.01899921 0.9235337 -0.3735111 -0.08703482 -0.9985336 -0.04299461 -0.03289973 -0.9936463 -0.1018388 0.04791587 -0.9996991 -0.01507514 -0.01935207 -0.9999028 0.01266747 -0.005828857 0.8701186 0.4927766 0.008069097 0.4024306 0.915449 -0.001685976 0.3292357 0.9442316 -0.00554198 0.1071271 0.9942358 0.004376173 0.1886879 0.9819566 -0.01257145 0.002366304 -0.00243324 0.9999943 -0.003829956 -0.003565788 0.9999864 -0.9771763 0.212031 0.01301819 -0.9784669 0.2060411 0.01222437 -0.9262964 0.376782 -0.00321871 -0.8888907 0.4579725 -0.01160204 -0.7312269 0.6812952 -0.03382772 -0.3435553 -0.01300913 -0.9390425 -0.1091987 0.002674221 -0.9940164 -0.09652805 -0.005725324 -0.9953138 -0.1798092 0.01907217 -0.9835167 -0.9973403 -0.03641563 -0.06313705 -0.9748423 -0.004440307 0.2228514 -0.979151 -3.20611e-4 0.2031339 -0.8900625 0.03577089 0.454433 0.8833965 0.08608633 0.4606515 0.8297707 -0.02547317 0.5575229 0.812779 -0.1679955 0.5578243 0.7525903 -0.291657 0.5903763 0.7294578 -0.4392239 0.5243793 -0.8095831 -0.585133 -0.04684841 -0.9504839 -0.3076828 -0.04372519 -0.9780226 -0.2008014 -0.05613011 -0.9983562 0.004761815 -0.05711841 -0.9969065 0.009948611 -0.07796448 0.006998717 0.9999755 5.46387e-4 -0.03166085 0.9993448 0.01754099 -0.03302699 0.999454 9.37912e-4 -0.0783537 0.9969124 0.005149483 -0.1962206 0.03216642 0.980032 -0.1639038 0.02626669 0.9861266 -0.3980878 0.001844406 0.9173455 -0.1638872 0.02626085 0.9861296 -0.1638864 0.02626389 0.9861295 -0.1313834 0.02035307 0.9911228 -0.5283461 -0.008146643 0.8489901 -0.7920529 -0.04736852 0.6086118 -0.9719067 -0.04515796 0.2309942 0.05238097 0.9986051 0.006631255 0.1264073 0.9917128 0.02295881 0.04053378 0.9990904 0.01325029 0.02884006 0.9993865 0.01987516 0 1 5.74472e-6 0.007192134 0.9999717 -0.002217471 0.9781047 -0.01551491 -0.2075347 0.9889726 -0.002956092 -0.1480695 0.9889656 -0.00297147 -0.148116 0.9960768 0.009610176 -0.08797061 0 -1 8.0782e-6 -0.1979933 -0.9801904 0.005037069 -0.02002972 -0.9925855 -0.1198872 -0.001957774 -0.995583 -0.09386503 0.02162617 -0.9997343 0.007985711 0 -1 6.71639e-7 -0.9790809 0.00775671 -0.2033234 -0.9719477 -6.09702e-5 -0.2351973 -0.971941 -6.75053e-5 -0.2352247 -0.9636982 -0.00792104 -0.2668768 0.01807969 0.9998355 -0.001456439 -0.03071558 0.9993762 0.01743203 -0.03486412 0.9993902 0.001955151 -0.06555384 0.997707 -0.01683801 -0.5005006 -0.01317596 -0.865636 -0.1116092 0.01674884 -0.993611 -0.3642457 -0.004093289 -0.931294 -0.1115781 0.01674163 -0.9936147 -0.1115782 0.01674199 -0.9936147 -0.09042453 0.0128594 -0.9958204 0.03630208 0.9965586 0.07452005 0.07413613 0.9971168 0.01618891 0.1129617 0.9908668 0.07363921 0.05294907 0.996693 -0.06163972 0.02653568 0.9827699 -0.1829181 -0.0171563 0.9982413 -0.0567457 0.123714 0.9911415 -0.04830431 0.0149669 0.9946847 0.1018746 0.1594832 0.9818825 -0.1023333 0.1832469 0.9827194 0.02613788 0.01795917 0.9998381 0.001163601 0.01666152 0.9998325 0.007595419 0.02323079 0.999678 0.01021587 0.008720159 0.9999361 -0.007204115 -0.006827831 0.9999651 0.004822671 -0.0250374 0.9986147 -0.04628169 -0.01251238 0.9996542 -0.02313101 -0.01489174 0.9984599 -0.05344194 -0.5003883 0.009037554 -0.865754 -0.9118774 -0.004579424 -0.4104374 -0.9425759 -0.007698416 -0.3339035 -0.9935135 0.001569569 -0.1137034 -0.9824455 -0.01333701 -0.1860728 0.4419542 0.001366674 -0.8970366 0.420682 -0.005396842 -0.9071921 0.7266415 -0.003409206 -0.6870085 0.428099 -0.01254475 -0.9036449 0.01207035 0.9998577 0.01179254 -0.02597069 0.9996288 0.008244812 -0.01289844 0.999915 0.00195533 -0.03094875 0.9993186 -0.0201146 0 1 -9.58059e-7 -0.01848417 0.9994263 -0.02838402 0 1 3.16741e-6 -0.03094005 0.999319 -0.0201115 0.1737966 -0.04543709 -0.9837328 0.08833622 0.1065739 -0.9903731 0.08833235 0.1065713 -0.9903736 0.08824896 0.106704 -0.9903669 0.08825957 0.1067103 -0.9903653 0 0.2554627 -0.966819 -0.1070306 0.9817683 -0.1570841 -0.1429107 0.9897121 0.006825447 -0.02380859 0.9911779 -0.1303832 -0.1800575 0.9832687 -0.02760142 0.09554713 -0.2376209 0.9666474 0.005573809 -0.08633095 0.9962509 -0.4285339 7.83402e-4 0.9035255 -0.4164717 -0.007455408 0.9091181 -0.7233857 -0.002300798 0.6904404 -0.7233902 -0.002309083 0.6904355 -0.5356144 -0.00391817 0.8444536 -0.7357245 -0.01656842 0.6770783 -0.1255208 0.00303775 -0.9920864 -0.02229624 0.02536785 -0.9994296 0.0130915 0.005835056 -0.9998973 0.01883149 0.002302289 -0.9998201 0.1918097 -0.03629231 -0.9807609 -0.9883187 0.01219636 -0.1519126 -0.9970973 0.01212757 0.07516658 -0.9995861 0.02856504 -0.003405451 -0.9859473 0.001733362 0.1670486 -0.4472373 0.02985382 0.893917 -0.526652 -0.06676238 0.8474554 -0.526625 -0.06673163 0.8474745 -0.596626 -0.1621317 0.7859713 -0.06088942 -0.375101 0.924982 -0.0305742 -0.2961833 0.9546416 -0.03059536 -0.2962289 0.9546268 0 -0.2152915 0.9765499 0.9993082 0.008084654 0.03630203 0.9916262 0.07866305 0.1024197 0.9916297 0.07864302 0.1024013 0.9745856 0.1484711 0.1677477 -0.03035908 0.004186511 -0.9995304 0.006035387 0.01005363 -0.9999313 0.004038035 0.006716847 -0.9999694 -0.003017187 1.30931e-5 -0.9999955 -0.9861062 0.03744459 0.1618407 -0.9467097 0.03736156 0.3199141 -0.9847878 0.02150225 0.1724262 -0.9831336 0.005655765 0.1828019 -0.9990404 0.01120346 0.042342 -0.9997617 0.02182924 -3.18201e-4 -0.999968 0.005595207 0.005724489 -0.9999931 0.002389848 -0.002869427 -0.9999932 0.002339184 -0.002855122 -0.999968 0.005536258 0.005772948 -0.9999931 -0.00209546 0.003088891 0.9956766 0.03844958 -0.08455604 0.9965239 0.01342105 -0.08221936 0.9983977 0.009195268 -0.05583524 0.9009659 0.004983007 -0.4338611 0.9965277 0.01340055 -0.08217716 0.9378309 -0.01011073 -0.3469454 -0.3856878 0.01121687 -0.9225612 -0.3215383 -0.003710806 -0.9468894 -0.3604159 -0.006468355 -0.9327693 -0.1704748 -0.00555092 -0.9853464 -0.997016 -0.07700699 0.00541073 -0.9989358 -0.04539906 0.008138537 -0.9999026 -0.01395571 0 0.6569696 0.05925583 -0.7515849 0.6229802 0.02967947 -0.7816743 0.6229895 0.02968859 -0.7816667 0.5871214 0 -0.8094989 -0.773454 0.6337405 0.0119158 -0.8316156 0.5552304 0.01160848 -0.7835889 0.6040789 0.1451798 -0.7836215 0.6040325 0.1451977 -0.78357 0.6040608 0.1453571 -0.8362039 0.4513257 0.3115578 -0.5639258 0.4396646 0.6990587 -0.1083238 0.972714 0.2051675 0.005985796 0.9929413 0.1184564 -0.04849034 0.9924598 0.1125712 -0.01373898 0.9997813 0.01576805 -0.9612062 -0.01696407 0.2753089 -0.9683144 -0.01084095 0.249499 -0.9683063 -0.01084822 0.24953 -0.9747141 -0.004698395 0.2234067 5.55032e-6 0 -1 1.30657e-5 0 -1 -0.09040826 7.7563e-4 0.9959046 0.1100443 -0.02658557 0.9935712 0.4252012 0.009524583 0.9050488 0.4253779 0.009510457 0.9049659 0.2437806 -0.02620565 0.9694763 0.5763291 -0.005739569 0.8171977 -0.007353127 -0.9999707 -0.002107083 -0.1431067 -0.9888401 0.04142332 -0.1415072 -0.9899333 0.002780437 -0.3178908 -0.9479582 0.01791459 -0.4563208 -0.8898115 0.00261867 -0.6604948 -0.7507748 0.009164333 -0.7553595 -0.6551369 0.01508557 -0.9124864 -0.408706 0.01811546 -0.8827876 -0.4695817 0.01339054 -0.9754739 -0.2186468 0.0253821 0.6142928 -0.01351439 0.7889626 0.434736 0.00366491 0.9005505 0.3467667 0.01732093 0.9377915 0.1437895 0.008388459 0.9895728 0.3465745 0.01735234 0.937862 0.1436673 0.008367896 0.9895908 0.04998862 -0.003973484 0.9987419 -0.4632307 0.02683055 0.8858316 -0.4321348 -0.07188087 0.8989399 -0.4675633 -0.1064341 0.8775286 -0.4695966 -0.09367418 0.8778976 -0.4838153 -0.04245448 0.8741399 -0.4191683 0.0746805 0.904832 -0.3737735 0.1525994 0.9148808 -0.3165179 0.2197235 0.9227883 -0.4872313 0.2778491 0.8278922 -0.3165346 0.2197566 0.9227746 -0.5606148 0.4433816 0.699374 0.1449348 0.986664 -0.07408195 0.2968311 0.9356185 -0.1910743 0.1087595 0.9936901 -0.027408 0.1087175 0.9936956 -0.02737838 0.0788567 0.9962362 -0.03598833 0.05914872 0.9982388 -0.004575192 0.07317405 0.9972727 -0.00963658 -0.01330381 0.003992557 0.9999036 -0.01240593 0.003286182 0.9999177 -0.007440328 0.003557264 0.999966 0.002784967 0.001400589 0.9999952 -0.002870917 -0.005583822 0.9999804 -0.005406796 -0.01015144 0.999934 -0.02885997 -0.01801121 0.9994212 0.3730811 -0.05179363 0.926352 0.6668236 -0.2369261 0.7065495 0.7771402 -0.1948533 0.5984023 0.8427014 -0.2867828 0.4556423 0.961717 -0.1636893 0.2197869 0.01330232 0.9999084 -0.002501428 -0.05412912 0.9985321 0.001973032 5.31247e-4 0.9999927 -0.003792881 -0.06903564 0.9975909 -0.006827712 0.08704757 0.9959979 -0.02026998 -0.9788782 -0.2009854 -0.03744769 -0.9910592 -0.1331864 0.007940709 -0.9846263 -0.1746741 -3.41069e-4 -0.9988864 -0.02392011 0.04066872 -0.9844861 0.1750594 -0.01189392 -0.01626116 0.9935181 0.1125053 -2.95348e-4 0.9984602 0.05547422 -0.04037022 0.9905315 0.1312167 0.02814871 0.006846249 0.9995803 0.00939095 0.002283513 0.9999534 0.0140773 0.003422796 0.9998952 -0.9411287 -0.3357443 0.03940331 -0.9328945 -0.3594962 0.0216934 -0.931352 -0.3641014 0.003703415 -0.9542126 -0.2991293 -1.12337e-4 -0.9766937 -0.2146379 4.57017e-6 -0.99906 -0.0433495 0 -0.9990603 0.04334348 0 -0.9766944 0.214635 1.67468e-6 -0.9542084 0.2991426 0 -0.9246585 0.3807974 0 -0.9246586 0.3807972 0 -0.05968815 0.00292176 0.9982129 0.2036173 -2.68381e-4 0.9790506 0.4508078 0.008506059 0.8925806 0.4509865 0.008472383 0.8924906 0.3410816 0.004618644 0.9400225 0.6175422 -0.008350372 0.7864935 0.001484394 -0.9943686 0.1059675 9.10703e-4 -0.999998 -0.001846194 0.001041293 -0.9999973 -0.002110064 0.00320357 -0.9999739 -0.006489038 0.01077044 0.9969888 0.07679581 0.04999005 0.9851416 0.1643078 0.02268648 0.9916516 0.1269352 0.01982742 0.9935231 0.1118866 0.06209689 0.9923059 0.107113 0.05067521 -0.01310855 0.9986292 0.03207176 -0.00501585 0.999473 0.03206396 -0.005011141 0.9994733 8.42092e-4 0.003810405 0.9999924 0.013094 -0.9998818 0.008071839 -0.2732039 -0.9612976 0.03559094 -0.5615872 -0.82601 0.04824429 -0.1330045 -0.9910433 -0.01196199 -0.1538242 0.9880952 0.002470731 -0.07457482 0.9970977 -0.0153287 -0.05262863 -0.9985272 -0.013188 0.1911824 0.002867341 -0.9815503 0.1993972 0.003631651 -0.9799121 0.237135 -8.18033e-4 -0.9714764 0.2601007 -0.002663612 -0.9655779 0.3115507 -0.009715914 -0.9501799 -0.02517622 0.999683 -9.73241e-5 -0.008838176 0.9999399 0.006495118 -0.02966773 0.9995583 0.001725733 0.07545018 0.9970623 -0.01319313 0.8545076 0.002685487 0.519432 0.8385748 0.006934344 0.5447424 0.8385851 0.006931602 0.5447266 0.9422684 0.003824889 0.334837 -0.4176096 0.05333691 0.9070598 -0.4627774 0.1036787 0.8803908 -0.5001923 0.009825766 0.8658586 0.009362876 0.002275526 0.9999536 0.01464563 0.9998542 -0.008786499 -0.6691136 -0.7431602 2.0563e-4 -0.6990365 -0.7150744 0.004074513 -0.6861858 -0.727422 -0.002542853 -0.6991087 -0.7150038 0.004078209 0.3650427 -0.9308866 -0.01392757 0.07148581 -0.9974169 0.00702542 0.01315867 -0.9998811 0.008049547 -0.2280768 -0.9732589 0.027354 0.4864234 -0.0483914 -0.8723821 0.4345231 0.3262155 -0.8395078 0.5096437 0.323424 -0.797283 0.3779881 0.660419 -0.6488234 0.4380332 0.7206951 -0.5373319 0 1 2.17315e-6 -0.004069805 0.9999108 -0.01272135 0.01113504 0.001356005 -0.9999372 -0.9993877 -0.03489083 -0.002659142 -0.9975016 0.07055336 -0.003574192 -0.9999784 -6.4913e-4 0.006535351 -0.9910755 -0.1330659 0.007932007 -0.9989703 -0.03426235 0.02974033 -0.9776877 -0.2079216 0.02992784 -0.9902588 -0.1337205 0.03881484 -0.9246334 -0.379009 0.03748875 -0.9767264 -0.2144865 0.001077532 8.45192e-4 0.003807365 0.9999925 -0.06388467 0.01447629 0.9978523 -0.005433261 0.004172623 0.9999765 0.05296552 -0.006148219 0.9985775 0.7110537 0.248307 -0.6578345 0.782254 -0.156221 -0.6030536 0.5984745 -0.1410834 -0.7886216 0.5300408 -0.5165397 -0.6724906 0.4587562 -0.3970228 -0.7949312 0.3342359 -0.7297527 -0.5964457 -0.4294291 0.5501231 0.716209 -0.3196223 0.8440952 0.4305171 -0.2499651 0.8714891 0.4219292 -0.04471158 0.9933193 0.1063849 0.00207591 0.999737 0.02284467 0.244146 0.9377817 -0.2468976 0.2362331 0.8988174 -0.3692172 -0.01521152 0.9998793 -0.003162086 -0.008855342 0.9999489 0.004889905 -0.008855164 0.9999489 0.004889845 -0.008856058 0.9999489 0.004888117 -0.008855819 0.9999489 0.004887878 -0.01685649 0.9998406 -0.00589174 -0.04574191 0.009002208 0.9989128 -0.06862837 0.01350468 0.9975509 -0.0457741 0.008997142 0.9989113 -0.06862378 0.01350539 0.9975513 -0.03752225 0.01548212 0.9991759 -0.01473402 -0.999881 -0.004601001 0 -1 -1.9771e-7 0 -1 -2.76395e-7 -0.01591652 -0.9998719 0.001734077 -0.02780222 -0.9996091 -0.002982854 0.1963154 -0.9803854 0.01746344 -0.987864 -0.145138 0.05531471 -0.9839293 -0.1785342 0.002970278 -0.9999359 -8.1459e-4 -0.01129847 -0.9500753 -0.3115333 0.01743763 -0.9364947 -0.3501242 -0.01977026 -0.699167 -0.7149468 0.004081547 -0.8236899 -0.5668706 -0.0138877 -0.7666154 -0.642105 -0.001463174 0.961736 -0.1637746 0.2196399 0.9348833 -0.00664395 0.3548932 0.9348824 -0.006609797 0.3548962 0.7868852 0.2121142 0.5794991 0.004406154 -0.04668772 0.9988999 -0.03538078 -0.08904528 0.9953991 0.004427134 -0.04664313 0.9989019 -0.00932151 -0.06804388 0.9976388 -0.01681059 -0.0301541 0.999404 -0.02471172 -0.0473721 0.9985716 -0.02054893 0.9997723 -0.005754411 -0.011994 0.9999205 0.003892838 0.03763949 0.9990452 0.02218472 0.04445725 0.9987209 0.02408766 0.07786649 0.9967324 0.02147883 -0.001942753 0.9999677 -0.007814228 -0.997494 0.07065969 -0.003608524 -0.9711006 0.2336462 -0.04871338 -0.9939582 0.1091412 0.01163327 -0.9886133 -0.1504574 -0.002540051 -0.8823407 -0.4692031 0.03638046 0 1 -6.35588e-6 0 1 -5.5035e-7 0.05034875 0.9952079 0.08382266 0.1156374 -0.9822581 -0.1476383 0.02196991 -0.999219 0.03284591 0.02196335 -0.999219 0.03284949 -0.0762211 -0.9860361 0.148065 0.03038328 -6.06074e-4 -0.9995382 0.01429271 0.00584799 -0.9998808 0.009529829 0.003907024 -0.999947 -9.15844e-4 0.006156921 -0.9999807 0.1475381 0.938606 0.3118516 0.00599724 0.9929393 0.1184728 -0.01199537 0.9998568 0.01193732 0.9950164 -0.09945988 0.007079422 0.9966719 -0.0814498 0.003368139 0.9927503 -0.1197149 0.0107389 0.03294491 -0.001173079 -0.9994565 0.01586121 0.003762781 -0.9998672 0.01588225 0.003755033 -0.9998669 -6.33694e-4 0.004366159 -0.9999904 -0.01591432 -0.9998719 0.001734137 -0.1801406 -0.9835977 0.009215354 -0.05683243 -0.996757 0.05696994 0.9894957 -0.1445581 0.0011276 0.9816665 -0.1904554 -0.007609665 0.9910516 -0.1334511 -0.002766013 0.9573497 -0.2885315 -0.01519864 0.9910637 -0.1333613 -0.002754986 0.9992344 -0.03658384 -0.01386195 0.9605 -0.278276 0.001513063 0.02617889 -0.02314138 0.9993895 -0.1929493 -0.005667805 0.9811924 -0.2719393 -5.26469e-4 0.9623143 -0.4119507 0.01081591 0.9111419 -0.2721464 -5.08461e-4 0.9622558 -0.4119849 0.01081061 0.9111266 -0.4210748 0.009592473 0.9069752 -0.008899331 0.9999603 5.62798e-4 8.61572e-4 0.999975 0.007025957 -1.66105e-4 0.9999976 -0.002247154 -0.9953946 0.06495028 0.07050597 -0.9912585 0.1294236 0.02561873 -0.996944 0.04189693 0.06593537 -0.988816 0.1464513 0.02819484 -0.9862133 0.1646358 0.01668548 -0.01490712 0.9997577 0.01619976 -0.007737994 0.9996991 0.02327716 -0.008061289 0.9997049 0.02291905 -0.001119554 0.9995551 0.02980804 -0.9757797 0.2181574 0.01616811 -0.9736537 0.03662151 0.2250717 -0.9997346 -0.02301359 0.001029133 -0.9997302 -0.02321046 9.75582e-4 -0.9997301 -0.02321135 9.87504e-4 -0.9646483 -0.2631578 -0.01420766 -0.05443376 -0.9984204 -0.01391577 -0.05591362 -0.9984154 -0.006359934 -0.006511151 -0.9998679 -0.01489585 -0.01232033 -0.999924 -6.67929e-4 0.0577079 -0.9976036 0.03817129 -0.2169955 -0.9761725 -4.62974e-4 0.1043177 -0.9944965 -0.009730994 0.1444147 -0.9895023 -0.005445539 0.4162682 -0.9090636 -0.01800996 0 1 -1.84632e-6 -0.09315031 -0.9956125 -0.008879423 -0.09394216 -0.9955736 0.002844631 -0.09590142 -0.9953857 0.003230571 -0.1803527 0.9836021 2.03607e-4 0.01824796 0.9998312 -0.002135932 0.01188838 0.9999292 5.80512e-4 0.009233534 0.9999303 0.007355034 -0.04615503 0.9988785 0.01056438 0.2036384 -2.69915e-4 0.9790462 0.1477594 -0.01901942 0.9888405 0.1099685 -0.02659112 0.9935793 -0.9807083 -0.1954627 0.002389132 -0.470487 -0.8823579 0.009307503 -0.5070638 -0.8618408 -0.01081448 -0.4031777 -0.915111 -0.004452168 -0.5073225 -0.8617433 -0.004754722 -0.6866257 -0.7270079 0.002182483 -0.9055189 -0.4241015 0.01317209 -0.8506789 -0.5244537 0.03596937 -0.7866252 -0.6172183 0.01620274 -0.790494 -0.6124696 6.0118e-4 -0.7865598 -0.6173022 0.01617491 -0.7904605 -0.6125127 5.78739e-4 -0.8236457 -0.5669345 -0.01390272 0.8752239 -0.4827427 0.03070384 0.9148876 -0.4033486 0.01704752 0.9148893 -0.4033448 0.01705241 0.9471557 -0.3207576 0.003289103 0.6969532 0.322712 -0.6404009 0.6766693 0.399562 -0.6184408 0.5755085 0.7138743 -0.3989655 -0.02165347 0.9997629 -0.002318024 0.0282256 0.9995995 0.002103984 0.04738736 0.9988323 -0.009409964 -0.9778404 0.2085928 -0.01781445 -0.9999784 -6.51126e-4 0.006547331 0.04864603 -0.02521479 0.9984979 0.145612 0.005178511 0.9893283 -0.01078575 8.6451e-4 0.9999415 -0.20865 -0.9775707 -0.02865189 -0.3752887 -0.9268799 -0.007219254 -0.5072355 -0.8617942 -0.004785954 -0.5302358 -0.8477281 0.01439028 -0.4070147 -0.1815837 0.8951907 -0.4147344 -0.08858442 0.9056204 -0.4077001 0.05833089 0.9112509 -0.2496938 -0.9329006 0.259518 -0.3440625 -0.9125244 0.2211797 -0.4939367 -0.6608568 0.5650618 -0.6183367 -0.6808044 0.3926387 -0.7148415 -0.3199496 0.6217989 -0.8377472 -0.3064783 0.4519414 -0.8183869 0.109865 0.5640679 -0.9101658 0.1375368 0.3907454 -0.750142 0.5526134 0.3631881 -0.7920868 0.557996 0.2474656 0.9938814 0.02972954 0.106377 0.9961478 -0.001770555 -0.08767271 0.9961605 -0.001740097 -0.08752912 0.9599809 -0.03314083 -0.2780977 0.002130091 0.02556842 0.9996709 -4.68935e-4 0.01944184 0.9998109 -4.3689e-4 0.01951718 0.9998095 -0.003936529 -0.00567007 0.9999762 -0.01387679 -0.06142801 0.9980151 0 1 -7.91818e-7 0 1 -3.4309e-6 -0.9914939 0.1294821 0.01320433 -0.974882 -0.004174232 0.2226832 -0.998043 -0.06232565 -0.005086719 -0.9992501 0.03379082 0.01891082 -0.9967619 0.07780975 0.02028894 -0.9943695 0.09988099 0.03540194 -0.9618315 0.2716293 0.03313076 0.07217174 0.04324895 0.9964542 0.06495064 0.04318797 0.9969536 0.02104663 0.0183773 0.9996097 -0.004546821 0.00592643 0.9999721 -0.06701397 -0.03144669 0.9972565 -0.07367253 0.9959294 0.05193334 -0.1199352 0.9919766 0.03997415 -0.01200115 0.9998568 0.01193803 -0.0137698 0.999781 0.01576083 -0.008752882 -0.9999613 -0.001035094 -0.004755795 -0.9998754 -0.01506239 0.06845515 -0.9973924 -0.02285724 0.07796841 -0.9963641 -0.03434574 -0.9237429 -0.3830131 0 -0.763492 -0.6458173 -1.30522e-5 -0.8058108 -0.5921731 -7.54135e-5 -0.844086 -0.5362079 -8.67043e-5 -0.8442654 -0.5359255 -2.68031e-4 0.8978816 0.03957569 0.4384546 0.9384247 0.02457445 0.3446089 0.8523167 0.005181312 0.5230004 0.8245823 -0.01313674 0.5655894 0.5790054 -0.0340352 0.8146131 0.8686168 0.4844307 0.1040768 0.7617237 0.6471617 0.03096586 0.7499398 0.6538704 0.1002194 0.7077605 0.7064499 0.001924872 0.7498878 0.6539261 0.1002447 0.7077424 0.7064679 0.001955568 0.7063583 0.7078421 0.004198193 -0.774037 -0.6326295 0.02543276 -0.7802971 -0.6249355 0.02433323 -0.764045 -0.6433836 0.04788428 -0.8822736 -0.4693273 0.03640276 -0.811825 -0.5832144 0.02830678 -0.9320657 -0.3605387 0.03557324 -0.01472628 -0.9998811 -0.004597306 -0.1311575 -0.9913606 -0.001373767 -0.01473319 -0.999881 -0.00460273 0.08669996 -0.9962338 -0.00113219 0 -1 2.23527e-7 -0.2341645 0.1970111 0.952026 -0.3587956 0.2624924 0.8957476 -0.4898007 0.4751697 0.7309646 -0.05601799 -0.9984098 -0.006333887 -0.9860638 -0.132071 0.1011705 -0.9859076 0.1160213 -0.120522 -0.9859091 0.1160111 -0.1205185 -0.8766067 0.3512234 -0.3289421 0.3288484 -6.00537e-4 0.9443826 0.41548 0.01148712 0.9095299 -0.0344299 0.9993699 -0.008630752 -0.0185799 0.9998178 0.004386126 -0.02620053 0.9996515 0.003248095 8.54556e-4 0.999975 0.007028758 -0.1693792 0.9829469 0.07159644 -0.2642558 0.9624862 0.06155699 -0.1200459 0.9919623 0.03999763 -0.1570684 0.9862302 0.05176466 0.005982339 0.992941 0.1184587 -0.04668158 -0.1908512 -0.9805084 0.2029752 0.07208651 -0.9765269 0.2029826 0.07208025 -0.9765257 0.2030996 0.07223981 -0.9764896 0.2031017 0.07223504 -0.9764896 0.4262377 0.3255019 -0.8440201 0.9438305 -0.02302318 -0.3296271 0.995978 -0.001650691 -0.08958351 0.9987501 -0.002154052 0.04993659 0.9713196 0.008437633 0.2376282 0.948061 -0.002967894 0.3180751 -0.3053893 0.952227 -0.001118779 -0.1019169 0.9944156 0.02739793 -0.1019267 0.9944145 0.02740478 -0.1456306 0.9891469 0.01950246 -0.002376794 0.002445936 0.9999943 0.00941658 0.008808612 0.9999169 0.1671623 -0.9417173 -0.291934 0.3003003 -0.8646537 -0.4027332 0.6680611 -0.5417445 -0.5101052 0.008236169 -4.8442e-4 0.999966 0.004498422 0.01329207 0.9999016 0.01698499 -0.001949071 0.9998539 3.74825e-4 0.01356041 0.999908 -0.9210338 0.1926711 0.3384886 -0.7672844 0.1464995 0.6243499 -0.9748587 -0.004165768 0.2227849 0.006983101 -0.005407512 0.9999611 3.7502e-4 0.01351344 0.9999086 1.46003e-5 0 1 0 1 -7.1093e-7 0.01330065 0.9999085 -0.002496421 0.007893323 0.9999645 0.002974212 0.09330803 0.9955937 0.009317696 -0.05636715 0.9984035 0.003637492 0.02825236 0.9995056 -0.01379525 0.05650234 0.9983179 -0.01299244 -0.01932227 0.9997094 0.01441836 0.02238452 0.9996563 0.01364773 0.08314424 0.9965271 -0.004571259 0.3609885 -0.01117479 0.9325034 0.5327292 0.002916276 0.8462808 0.4003363 -0.01326638 0.9162724 0.1882287 0.001304984 0.9821243 0.03227239 -0.009106218 0.9994377 0.1744217 0.005188405 0.9846575 0.4166024 5.0667e-4 0.9090887 0.3403732 -0.001275181 0.9402896 -0.249617 0.02654695 0.9679807 -0.04399883 -0.00217539 0.9990293 0.08799099 -0.004694044 0.9961102 0.4157782 -0.03542822 0.9087757 0.07216054 -0.155877 0.9851372 -1.21076e-6 0 1 0.04005652 -0.1313678 0.9905241 -2.67524e-6 0 1 -2.01407e-6 0 1 0.006974339 -0.005401253 0.9999611 0.02099758 -0.01625919 0.9996474 0.007021427 -0.005439639 0.9999606 0.02100664 -0.01626616 0.999647 0.01701879 -0.002002894 0.9998532 0 1 -6.88516e-6 0.008474707 0.9999246 0.008900046 -0.0094738 0.9999405 -0.005402147 -0.01359087 0.9998724 -0.008403599 -0.01570153 0.9998485 -0.007523059 0.940168 4.76264e-4 0.3407111 0.9538573 -0.007884144 0.3001571 0.9423053 0.003817081 0.3347334 0.9923088 -5.5485e-4 0.1237865 0.9955901 -0.01993286 0.0916683 0.9894057 -0.01153451 -0.1447187 0 1 -1.68291e-6 0 1 1.08438e-5 -0.9987688 -0.04719388 -0.015293 -0.9926678 -0.1208038 0.004137277 -0.9998177 0.0190984 1.05402e-5 0.5782746 -0.04612392 0.8145375 0.5539779 -0.007135272 0.8325008 0.618032 0.01726418 0.7859634 0.646013 0.001807987 0.7633243 0.7799156 -0.008247494 0.6258305 0.866353 -0.007369399 0.4993779 0.753977 3.26474e-4 0.6569008 0.8566873 -0.01700299 0.5155559 0.002916574 4.22428e-4 -0.9999957 0.001875221 -0.007915139 -0.999967 0.003780961 -0.01582425 -0.9998677 -0.001154601 -0.03283601 -0.9994601 -0.1721063 -0.984589 0.03104776 0.002325117 -0.9999972 -4.26633e-4 0.002145588 -0.9999977 -3.83213e-4 0.1764969 -0.9837861 -0.03183978 0.001886248 -0.007880628 -0.9999672 0.002821922 4.08939e-4 -0.999996 0.003858447 -0.009650051 -0.9999461 -0.006511211 -8.3856e-4 0.9999785 -4.94975e-4 0.00836414 0.999965 -1.90255e-5 0 1 -1.00083e-5 0 1 0.002771019 0.00751388 0.999968 -0.002448618 -0.00921911 0.9999545 0.009961843 -0.03856003 0.9992067 -0.01333212 -0.008612215 0.9998741 -0.00603199 -0.001580834 0.9999806 6.63204e-6 0 1 -0.006028234 -0.001580119 0.9999806 -1.41835e-5 0 1 0.007023155 -0.01024621 0.9999229 -1.2431e-7 0 1 -0.002402842 -0.009132862 0.9999554 -8.08844e-6 0 1 0.001410782 0.007574737 0.9999703 0.009756267 -0.001223027 0.9999517 0.008897662 -0.006249368 0.9999409 0.00674349 -0.0093984 0.9999332 0.008830606 -0.006276309 0.9999414 0.006733953 -0.009387314 0.9999334 0.00316888 0.003337144 0.9999895 -1.58332e-5 0 -1 -1.30135e-6 0 -1 1.864e-5 0 1 0.005322754 0.008049488 0.9999535 5.32167e-5 0.007835805 0.9999694 8.43983e-5 0.01177698 0.9999307 6.54776e-5 0.01176136 0.9999309 4.6635e-5 0.007843554 0.9999693 -0.01577562 -5.87631e-4 0.9998754 0.007294237 5.83509e-4 0.9999733 2.84704e-5 0 1 0.09222096 -0.9957093 0.007647931 0.2934311 -0.9559261 0.01018232 0.4105033 -0.9118592 -7.03731e-7 0.6351929 -0.7723536 0 0.7461083 -0.6657438 0.01037645 0.8717325 -0.4899642 0.004194796 0.962088 -0.2708194 0.0323041 0.9670106 -0.2544218 0.01264876 0.9999412 -0.01029986 -0.003392457 -0.01399034 0.008860349 0.999863 -0.001082897 0.004532039 0.9999892 2.89977e-5 0.001848518 0.9999984 2.67224e-5 0.001851081 0.9999983 -0.001057028 0.004523217 0.9999892 9.25875e-4 -0.002170562 0.9999973 3.25486e-5 0.001831889 0.9999983 9.22762e-4 -0.002202749 0.9999971 -0.003013968 -0.002246737 0.999993 -0.002991557 -0.002135396 0.9999933 9.08191e-4 -0.002174913 0.9999973 0.002426326 -0.003251492 0.9999918 0.00939083 -0.00327003 0.9999507 0.01877743 -0.006539165 0.9998024 0.03296357 -0.9988061 -0.03605389 -0.299019 -0.9541307 -0.01491332 -0.4280652 -0.9036815 -0.01095539 -0.6235789 -0.7817565 0.002502143 -0.6492998 -0.7605273 -0.002866625 0.06458175 0.007130265 -0.997887 -0.0178458 -0.99871 -0.04753893 -0.08431804 -0.996203 -0.02168041 -0.9969443 0.07569855 -0.01928454 -0.9714307 0.2373234 -1.82841e-4 -0.9447597 0.3277535 0.002623915 -0.8950139 0.4458324 0.01354527 -0.8673104 0.4977015 0.008120417 0.007201433 0.999969 0.003184914 -0.0922541 0.9957171 0.00606054 -0.1111054 0.9935677 0.02188754 -0.2969601 0.9548458 0.009178042 -0.4164837 0.9091433 9.19038e-6 -0.6372073 0.7706924 0 -0.7443408 0.6677108 0.01091915 -0.8690937 0.4946248 0.004747927 -0.9617886 0.2717829 0.03312063 -0.9670196 0.2543866 0.01266586 -0.9999354 0.01031661 -0.004788219 -0.1916646 -0.9812583 -0.01992756 -0.1901037 -0.9816924 -0.01185983 -0.1918622 -0.9812192 -0.0199427 -0.3763725 -0.9262576 -0.01977145 -0.1313155 -0.9913397 -0.001396834 -0.9938943 -0.1096156 -0.01258897 -0.9933691 -0.1140407 -0.01458162 -0.3309814 -0.9436302 0.003650963 -0.5314719 -0.8470501 0.006623566 -0.5314795 -0.8470454 0.006629228 -0.501256 -0.8652974 0.001727461 -0.003553867 -0.00751549 0.9999654 -0.001428484 0.003218829 0.9999938 0.005645096 -0.003092706 0.9999794 0.01025855 -0.005760133 0.9999309 0.01833808 -0.02952903 0.9993957 -5.86922e-6 0 1 0.002134919 0.006682991 0.9999754 -0.00379461 0.006084322 0.9999743 -0.005693972 0.009205639 0.9999414 -0.01774227 -0.001456797 0.9998416 0.992638 0.1210856 -0.002866268 0.9872645 0.1588276 -0.009096205 0.9085271 0.4178216 -0.001905202 0.9084379 0.4180157 -0.001902878 0.9872596 0.1588501 -0.009238779 0.8151693 0.5791317 -0.01027297 -0.9987707 -0.04716205 -0.01526498 -0.9992641 0.03812503 0.004217207 -0.9998153 0.01922339 -8.04896e-7 -0.9972155 0.07456248 -0.001380264 -0.9666116 0.2562456 -6.09377e-4 -0.9871587 0.1597383 -0.001174271 -0.9259302 0.3775737 -0.009566783 0.993752 -0.1113522 0.007608056 0.9889375 0.1483003 -0.003127813 0.868689 0.4843007 0.1040785 0.9361181 0.3501899 0.03240495 0.8216079 0.5695478 0.02399665 -0.2134286 0.9769507 -0.00398153 -0.2414956 0.9703438 -0.01061999 -0.2414996 0.9703428 -0.01061928 -0.2693338 0.9628921 -0.01726442 0.06455057 0.007141232 -0.9978889 0.003861665 -0.009665727 -0.9999458 0.00578159 -0.01453399 -0.9998777 -7.55282e-4 -0.03073024 -0.9995275 1.75955e-5 0 -1 0.01457673 0.004790604 0.9998823 0.01570469 -5.55043e-5 0.9998767 0.4432529 -0.03310692 0.8957852 0.424032 0.08603417 0.9015514 0.389246 0.151009 0.9086715 0.3891903 0.1511225 0.9086766 0.5288363 0.2237963 0.8186865 0.5061236 0.3614873 0.7830491 0.3417539 0.2139959 0.9151012 0.3954226 -0.9184381 0.01060199 0.5313587 -0.8466643 0.02859407 0.6039579 -0.7970138 0.001960217 2.53093e-4 -0.9997467 0.02250707 -0.4349027 0.9004771 -9.77697e-4 -0.7459868 0.6659588 -0.001591563 -0.7251078 0.6886347 9.83484e-4 -0.6792094 0.7339417 0.002066731 0.6939775 -0.719996 -0.001046061 0.6713981 -0.7410966 6.14524e-4 0.8406486 -0.5415798 0.001141071 -0.7868224 -0.6170471 -0.01278203 -0.9029262 -0.4297736 0.004369318 -0.9395429 -0.3420315 0.01653969 -0.991081 -0.1329604 0.008944571 -0.9396042 -0.3418608 0.01658993 -0.9910941 -0.1328648 0.008920848 -0.9990564 -0.04329669 -0.003419101 0.02041524 -0.03243339 0.9992654 0.02595269 -0.01238679 0.9995865 0.009677588 0.01522272 0.9998374 0.02392977 0.9983041 0.05307143 0.03820592 0.9980776 0.04879862 0.08195692 0.987097 0.1375598 0.009168386 0.9998558 0.01429569 0.001697599 0.9999774 0.006517827 0 1 1.67343e-6 0 1 6.34512e-6 0.001693069 0.9999775 0.006500542 0.5467346 0.02247458 0.8370043 0.6095102 0.03353828 0.7920686 0.6257621 0.06707394 0.777125 -0.005899727 0.009821176 0.9999344 -0.005560815 0.006488263 0.9999635 9.22188e-4 0.01159632 0.9999324 -4.63306e-4 0.0511862 0.9986891 -8.36683e-4 0.05573421 0.9984453 0.009432494 0.004377722 0.999946 0.01415723 0.006573736 0.9998782 0.02680158 -5.06075e-4 0.9996407 0.01171052 -0.06340712 0.9979191 0.007075846 -0.04960906 0.9987437 1.41389e-5 0.02782642 0.9996128 3.34722e-4 0.03348726 0.9994392 -0.003738224 0.01647609 0.9998574 0.003542602 0.04119604 0.9991449 -0.04363536 0.07511544 0.9962197 -0.04354351 0.06635427 0.9968456 -0.01880204 0.02259349 0.999568 -0.006346702 -0.003743588 0.9999729 0.03091955 -0.06525647 0.9973894 0.09802895 -0.9945695 0.03495496 0.1439756 -0.9893931 0.01930081 0.08563017 -0.9962926 0.00827831 0.06653344 -0.9976686 -0.01519048 0.8880728 0.4578948 -0.04073315 0.8933461 0.4416848 -0.08274888 0.9254768 0.3511403 -0.1421026 -7.73824e-4 0.016972 0.9998558 0.009337484 0.003148794 0.9999516 0.00623399 0.002057552 0.9999786 0.006567239 -0.003639698 0.9999718 8.7882e-5 0 1 0.02042061 0.9997816 0.004440128 0.0303089 0.9995378 -0.002396523 0.03113359 0.999308 0.02035826 -0.1645495 0.1735461 0.9709815 -0.02361118 0.01472753 0.9996128 -0.01337432 0.008869349 0.9998713 0.01091629 -0.002330183 0.9999377 0.004714608 0.9999239 0.01141047 -0.008800387 0.9999403 0.006488382 0.1439307 0.9895858 0.001981377 2.92296e-5 0 1 -0.006992936 0.005416512 0.9999609 -3.75501e-4 -0.01351201 0.9999088 0.7673714 -0.1465127 0.6242396 0.9747582 0.004140019 0.2232247 0.9250965 -0.1742297 0.3374028 -3.74827e-4 -0.01356941 0.9999079 -0.01700645 0.001983582 0.9998534 -0.004496753 -0.01330083 0.9999015 -0.008230149 4.64273e-4 0.999966 -4.57779e-4 0.9999893 0.004608809 -0.9660023 0.2508278 0.06264948 -0.9660024 0.2508279 0.06264889 -0.9659904 0.2508742 0.06264793 -0.01672357 0.9998593 -0.001348972 -0.02176719 0.9997625 -0.001100301 -0.004773318 0.9999365 -0.01020801 -0.007196068 0.9998574 -0.01528316 6.32778e-4 0.9995843 -0.02882546 0.04892885 0.9987813 0.006482601 0.05911099 0.998241 -0.004574775 0.01071143 0.9998936 0.009904623 0.03821492 0.9980791 0.04876381 0.01071864 0.9998933 0.009931325 0.01179778 0.9989907 0.04334259 0.4174281 0.01357901 -0.9086085 0.3894161 0.007735311 -0.9210295 0.3894161 0.007736027 -0.9210295 0.3611212 0.001839041 -0.9325171 -0.1106094 -0.9934316 0.02931404 0.08792805 -0.9961227 -0.002890646 0.08778172 -0.9961357 -0.00287497 0.2828426 -0.9585295 -0.03494644 0.7832697 0.5506833 0.2885074 0.8701839 0.4924025 0.01788979 0.8627359 0.5052236 -0.02087807 0.8702275 0.4923315 0.01771634 0.7777895 0.5419562 -0.3183192 0.2300949 0.9572131 0.1754976 0.2229118 0.9677008 0.1177515 0.1383621 0.990249 -0.01622051 0.2893769 0.95711 -0.01419955 0.3542099 0.9203851 -0.16561 0.6474705 0.7552216 0.1020896 0.7454605 0.6090195 -0.2708948 0.8823936 0.02484619 0.4698556 0.9402183 4.49041e-4 0.340572 0.9637462 -0.003206789 0.2668016 0.9982194 -0.031093 0.05090522 0.002451241 -0.01233172 0.999921 0.04465574 -0.06479054 0.9968993 0.05624723 0.008671939 0.9983792 0.05051165 -6.31372e-4 0.9987233 0.03088003 -0.02885651 0.9991065 0.003107845 -0.04474371 0.9989937 -0.02395015 -0.03779661 0.9989985 -0.05167043 -0.01763302 0.9985086 -0.01109385 -0.1352305 0.9907521 0.0177384 -0.2063052 0.9783269 0.04008638 -0.131531 0.9905013 0.381496 -0.004440188 0.9243599 0.6461247 -0.001570999 0.7632303 0.5946342 1.67081e-4 0.8039963 0.5381368 1.575e-4 0.8428575 0.5386598 4.89941e-4 0.8425233 -0.4554388 -0.0383954 -0.8894388 -0.4375268 -0.08035868 -0.8956075 -0.3430903 -0.141813 -0.9285355 0.134685 0.9908885 -1.35922e-4 0.1439735 0.9895796 0.001981854 -0.02512168 0.9996845 -7.59643e-5 -0.8127289 0.5601916 0.1601783 -0.9569774 0.1328696 0.2579532 -0.9079158 -0.2955659 0.2972031 -0.6808542 -0.6857826 0.2571766 -0.3420006 -0.9327118 0.1143869 0.0428074 -0.9974055 -0.05787712 0.03511023 -0.9961444 -0.08039695 0.3128632 -0.9494804 -0.02457368 0.3436898 -0.9390296 -0.01004356 0.459698 -0.8878244 0.0211091 -0.8827006 0.4698657 -0.008117675 -0.9668781 0.2552205 -0.003029227 -0.9291723 0.3696451 0.001157104 -0.9995524 0.02969646 0.003651142 -0.9667347 0.2556557 0.008029878 -0.9995921 0.02676504 0.009967744 -0.004055917 0.02019715 0.9997879 0.006296932 0.006678164 0.9999579 0.003189921 0.003342628 0.9999894 0.008334934 -0.003459274 0.9999593 0.03485512 0.9991435 -0.02230489 0.01390874 0.9995103 -0.02803242 -0.01641118 0.9998127 -0.01025652 0.8446356 0.0154466 0.5351189 0.8664041 -0.007388412 0.4992891 0.9332343 -0.009003281 0.3591557 0.9851439 -0.03308475 0.1685141 0.4040929 -0.856501 -0.3211155 -0.9579564 0.2855486 0.02795785 -0.9972078 0.07466608 -0.001341581 -0.9999373 -0.01114934 -0.001060843 -0.999935 -0.01134485 -0.001119732 -0.9972202 0.07449817 -0.001392841 -0.9512577 -0.3069297 -0.03005123 -0.30913 0.5204372 0.7959799 -0.06712168 0.5195956 0.8517718 0.3224776 0.4862545 0.8121359 0.4116974 0.562884 0.7167057 0.6619462 0.5785882 0.4765112 0.716349 0.5787139 0.3897877 0.7469007 0.6558932 0.1092866 0.7455052 0.6089947 -0.2708274 0.7454289 0.6090331 -0.2709513 0.6921136 0.6637579 -0.2835564 0.6900669 0.5833536 -0.4283764 0.5710828 0.7077224 -0.4159248 0.6900838 0.5833408 -0.4283667 0.6562612 0.5545108 -0.5117022 0.5814264 0.6473362 -0.4928481 0.4208484 0.4864618 -0.7656642 0.00449711 -0.1136901 0.9935061 -0.9999117 7.68618e-4 0.01327192 -0.9994359 0.01711159 0.02890259 -0.9994407 0.01700842 0.02879196 -0.9984661 0.03316915 0.04433256 -0.8740446 -0.4854393 0.01987272 -0.9020726 -0.4305595 0.02972698 -0.9395468 -0.3420178 0.0166046 -0.9995247 -0.01351541 -0.02770912 -0.9953699 0.09593856 -0.005883395 -0.9953697 0.09594017 -0.005891025 -0.9953548 0.09609764 -0.005842983 -0.9953547 0.09609925 -0.005851328 -0.978796 0.2042068 0.01606494 0.04363572 -0.07513219 0.9962185 0.04354429 -0.06606894 0.9968646 0.01856964 -0.02215474 0.9995821 0.006023764 0.004352033 0.9999724 -0.03153789 0.06588125 0.9973289 -0.01009261 0.9997891 0.01789081 -0.002546131 0.9999001 0.01390957 -0.002546608 0.9999001 0.01390868 -0.002529382 0.9999003 0.01390063 -0.002529382 0.9999003 0.01390069 0.002497971 0.9999847 0.004939258 0.9766353 0.2141731 -0.01770442 0.9565718 0.291487 0.002412855 0.06044304 -0.8650776 0.4979835 0.3246051 -0.7683014 0.5516743 0.04127502 0.9960103 -0.07911908 0.004338383 0.9997441 -0.02220511 0.00251007 0.9999846 0.004962027 -4.81024e-6 0 -1 0.01887226 -0.01795285 -0.9996608 0.001042008 -0.007445693 -0.9999718 0.06233811 -0.01504617 -0.9979417 0.1573041 -2.8713e-4 -0.9875502 0.2673052 -0.002283334 -0.9636092 0.3661817 0.004191875 -0.930534 0.4760023 -0.00617671 -0.8794224 0.9671662 -0.2541447 -1.82692e-4 0.9040431 -0.4274045 0.005621731 0.8692695 -0.4942562 0.009018659 0.0286327 -0.02762109 -0.9992084 0.02291488 -0.0256741 -0.9994078 -0.005971848 -5.88162e-4 -0.9999821 -0.002014815 -7.64444e-4 -0.9999977 0.02781307 -3.73954e-4 -0.9996131 -0.02851885 0.00293976 -0.999589 -0.02936077 0.002851247 -0.9995648 -0.09256654 0.9954789 0.02128648 -0.08102697 0.9966106 0.01421296 -0.0104165 0.9999262 0.006269395 0.0301578 0.9995326 0.005011856 0.01036942 0.9999353 0.004673957 0.03335249 0.9993441 0.0141142 -0.02586615 0.9996623 0.002526521 -0.02357745 0.9997045 0.005935013 -0.03410917 0.9994092 -0.004218101 0.00229758 0.9998394 -0.01777654 0 1 -2.89828e-6 0.003661692 0.9999932 4.62868e-4 0.004716396 0.9999366 0.0102275 0.004737019 0.9999366 0.01022136 0.003711402 0.9999931 4.70438e-4 0.007075965 0.9998576 0.01532804 -6.25081e-4 0.9995838 0.02884012 0.7541729 0.6566714 -0.002478718 0.7290227 0.6844727 -0.004812002 0.706643 0.7075697 9.38589e-4 0.6062281 0.7947862 -0.02832823 0.7289753 0.6845232 -0.004804849 0.8360027 0.5487166 0.003089547 0.6193649 -0.785103 -7.40009e-4 -0.3265419 0.9451653 0.005735993 -0.3657648 0.9306561 0.009762525 -0.3687507 0.9294332 0.01330977 -0.4107447 0.9117326 0.005707502 -0.4537327 0.8909084 0.02022868 -0.406615 0.9135843 -0.005296528 -0.6458311 0.7634804 1.83448e-6 -0.6015678 0.7987968 0.006331205 -0.5506831 0.8346609 0.009451329 -0.8128709 0.5824295 -0.004101455 -0.0044927 0.0232231 0.9997202 1.62936e-4 0.01167088 0.9999319 -0.003874063 0.01436501 0.9998893 0.02195465 0.02567166 0.9994294 0.9982407 0.05266833 -0.02723228 0.9884699 -0.1512963 -0.006058812 0.929017 -0.3699986 -0.005355715 0.8974388 -0.4411298 0.002901136 0.9884473 -0.1514459 -0.006011724 0.9369691 -0.3490724 0.01540607 0 1 -8.07379e-7 0.00366193 0.9999932 4.63284e-4 0.002952337 0.9999956 -3.43547e-4 0.002950608 0.9999956 -3.43511e-4 0.003663718 0.9999932 4.63515e-4 0 1 1.39509e-5 0.002952218 0.9999957 -3.43738e-4 0.004181683 0.9999809 -0.004555761 0.004179835 0.999981 -0.0045529 0 1 -5.36815e-6 0 1 -7.90093e-7 0.008392214 0.999923 -0.009142875 0.5133262 0.005647897 -0.858175 0.326965 1.06554e-4 -0.9450365 0.01884502 0.001175582 -0.9998218 0.01867842 0.001189768 -0.9998248 0.1912467 2.14383e-4 -0.981542 -0.3012272 -0.01877379 -0.9533676 -0.006530523 -8.23748e-4 0.9999784 -0.003276586 0.0242573 0.9997004 -0.004531502 0.01694476 0.9998462 0.007300376 0.03156781 0.999475 -0.9965406 0.02941179 -0.0777294 -0.9996186 0.01966047 -0.01939809 -0.9982742 0.02877849 0.0511924 -0.991214 0.04293012 0.1251074 -0.9845736 0.08571803 0.1525365 -0.7191874 -0.4922823 0.4903341 -0.8195124 -0.2708887 0.5049937 -0.8045283 -0.3349133 0.4904767 -0.8473258 -0.1050742 0.5205752 -0.6766204 -0.07494044 0.7325085 -0.4440019 0.8959859 0.00846219 -0.06662029 0.997729 -0.009925603 -0.4064525 0.9136566 -0.005291879 -0.384112 0.9232866 -4.88343e-6 -0.3842682 0.9232186 0.002336025 0.005066394 -0.0230531 0.9997214 -0.04135417 0.05130374 0.9978266 0.002006947 -0.009238362 0.9999554 3.24392e-4 0.1550563 0.9879056 -0.004219591 0.1215314 0.9925787 -0.3626726 -0.9299832 0.06000036 0.03373664 -0.9983949 -0.0454939 -0.4127197 -0.9103473 0.03050005 -0.4389863 -0.8984894 -0.002815127 -0.7321536 -0.6760498 0.08311259 -0.7530682 -0.6570938 0.03340667 -0.9511147 -0.2919392 0.1007589 0.1400513 0.05671167 0.9885188 0.1756386 0.006117284 0.9844357 0.001096963 -0.008197307 0.9999659 7.56285e-4 0.03073024 -0.9995275 -0.005729854 0.01466053 -0.9998762 -0.00386852 0.009739935 -0.9999451 -0.07500326 -0.006741166 -0.9971605 -0.07503956 -0.006738126 -0.9971578 0.0157122 -0.001831829 -0.9998749 -0.1042144 0.003236353 -0.9945496 -0.06208211 -0.008673071 -0.9980334 -0.05318111 -0.009973943 -0.9985351 0.001908123 0.9991488 0.04120969 0.01749497 0.9995136 0.02581697 0.0172559 0.9998103 -0.009032309 -0.01233875 0.004677295 0.999913 -0.007286608 0.01040929 0.9999194 -0.00493431 0.001843154 0.9999862 -1 4.2778e-5 0 -0.3614553 0.9322681 0.01504629 -0.367672 0.9297485 0.01962792 -0.2153432 0.9764769 -0.01096695 -0.007762193 0.9999605 0.00433433 0.04736649 0.9988761 -0.001723647 0.05030161 0.998708 0.007215142 -0.5859264 -0.5109429 0.6289895 -0.5406985 -0.6504244 0.533473 -0.4174365 -0.6998489 0.5796191 -0.48061 -0.577692 0.6597621 0.9979323 -0.04469776 0.04618763 0.9944086 -0.08830893 0.05790704 0.9793114 -0.1411966 0.1449581 0 -1 -7.43198e-7 0 -1 -7.34384e-7 0.001472651 -0.9943635 0.1060147 -0.02244096 -0.9997138 -0.008287489 0.01905375 -0.9931964 0.1148816 -0.02772986 -0.01169162 0.9995472 -0.124164 -0.00282067 0.9922577 -0.1748105 -0.02527189 0.9842778 -0.4214584 -0.05725806 0.9050383 -0.124289 -0.002807378 0.9922421 -0.2195778 -0.03153967 0.9750851 -0.2195623 -0.03154903 0.9750882 0.05294072 0.9968363 -0.05928605 -0.1662712 0.9859546 0.01573264 0.0351476 0.9993424 -0.008915781 -0.2341528 0.9716666 0.03219598 0.003020465 0.006380498 0.9999751 6.08657e-4 -0.005609214 0.9999841 -0.01759821 0.1522856 0.9881799 -0.5312774 0.8368259 0.1321619 -0.4844605 0.8566926 0.1771326 0.005765616 0.9993517 -0.03553622 0.001269757 0.9996863 -0.02501749 0.001265406 0.9996865 -0.02500653 0.001095354 0.9998494 -0.01732116 0.007505595 0.9999498 0.006651997 0.01951521 0.9993908 -0.02893412 0.04886245 0.9961749 -0.07244509 0.04131108 0.9960059 -0.07915663 -5.46823e-6 0 -1 1.33238e-5 0 -1 0.06531143 0.9959976 -0.06101995 0.06077808 0.9953394 -0.07486981 0.04090905 0.9954779 -0.085734 -0.008928716 0.9995799 -0.02757644 0.7731724 -0.6339352 -0.01818662 0.8316426 -0.5547736 -0.02443188 0.8680128 -0.4965355 0.002537727 0.868068 -0.4964389 0.002536594 0.9763456 -0.2159477 0.01077264 0.9777854 -0.2095045 -0.006621897 0.03223973 -0.06966197 0.9970496 0.05292987 -0.1047829 0.9930857 0.02489298 -0.1347024 0.9905734 -0.674524 0.003360033 0.7382453 -0.433725 0.002315878 0.9010424 -0.6997708 -0.007334172 0.7143298 -0.4983873 0.007315874 0.8669236 0.3199667 0.3672227 -0.8733664 0.08052444 0.1254875 -0.988822 0.08055996 0.1254585 -0.9888228 0.0804466 0.1253705 -0.9888431 0.08042579 0.1253862 -0.9888428 -0.1695348 -0.1323584 -0.9765958 0.08452522 0.9964064 -0.005453765 -0.03210222 0.9993133 0.01850491 -0.0656802 0.9977164 0.01575243 -0.004217863 0.1216996 0.9925581 3.18475e-4 0.1552324 0.987878 0.001790106 0.2169381 0.9761838 7.99954e-4 0.1456878 0.9893303 0.001506865 -0.03015273 0.9995443 0.001173496 -0.04764008 0.9988639 0.001630723 -0.03651219 0.999332 -0.00775963 0.07874143 0.9968649 -0.004641473 0.03085136 0.9995132 0.9994664 0.03193032 0.006894469 0.999623 0.02160316 0.01695108 0.999622 0.02178567 0.01677167 0.9995726 0.0113005 0.02696418 1.58266e-4 0.9999381 -0.0111376 -0.1170033 0.07256883 0.9904767 -0.05049121 6.98263e-4 0.9987244 -0.02964895 0.03744316 0.9988588 5.83707e-4 0.03622072 0.9993438 -0.9446628 -0.328024 -0.003550946 -0.9493844 0.3141168 -3.36586e-7 -0.9574078 0.288731 0.002172291 -0.8294923 0.5584698 0.007354319 -0.8544164 0.5193814 0.01468861 0.13314 0.9909743 -0.01561146 -0.03760761 0.9987832 -0.03190159 0.05297762 0.9968312 -0.05933725 -0.03760969 0.9987834 -0.03189682 0 1 4.29657e-7 0.01950848 0.9993913 -0.02892452 0 1 2.37661e-6 0 1 4.13563e-6 0 1 5.97469e-6 0 1 -4.82782e-7 -0.007743358 0.9999607 0.004323124 0.00796312 0.9999659 -0.002214312 -0.07161551 0.9974269 0.003305554 0.002952218 0.9999956 -3.43499e-4 0.002951145 0.9999956 -3.4312e-4 -0.3638634 -0.007389068 -0.931423 -0.532828 0.006186485 -0.846201 -0.3996512 -0.01202279 -0.9165885 -0.1887892 0.001501381 -0.9820165 -0.03219509 -0.009260416 -0.9994387 -0.1744441 0.006357252 -0.9846466 -0.4137225 0.001413166 -0.9104021 -0.2186904 0.001470148 -0.9757932 -0.3368898 -1.68956e-4 -0.9415442 -0.004424333 -0.001799166 -0.9999886 5.75769e-4 0.9978882 0.06495296 0.6643435 0.6950192 -0.2749474 0.6742915 0.7222941 -0.1536955 0.3176807 0.9471709 -0.04411751 -0.06191843 0.9947388 0.08161419 -0.396389 0.8544023 0.335965 -0.5288935 0.5281699 0.6643103 -0.5190148 0.07018613 0.851879 0.008117675 -0.9977593 -0.06641227 0.002571582 -0.9990809 -0.04278951 0.01466429 -0.9998707 -0.00660026 3.84652e-4 -0.9999244 -0.01229107 0.003174781 -0.02003842 0.9997942 -0.53291 0.8417665 0.08623421 0.008369326 0.999446 0.0322138 -0.008028984 0.999053 0.0427643 0.005359292 0.9996243 0.02687931 0.01971268 0.9996567 0.0172615 0.01233434 0.9999111 -0.005079269 -0.008649647 0.9998549 0.01468092 -0.03952383 0.9990284 0.01949858 -0.03115272 0.999246 0.02317351 -0.07401132 0.9970847 0.01855903 -0.09334355 0.9955917 0.009187519 0.1053732 0.994423 -0.004407107 0.1031198 0.9946584 0.004588246 0.09591776 0.9953842 0.003197252 -0.02099639 0.0162574 0.9996474 -0.007013678 0.0054304 0.9999607 -0.02099651 0.01625943 0.9996474 -0.01701003 0.001984238 0.9998534 -0.001508116 0.9999965 -0.002208888 0.008695542 0.9999529 0.004319012 0.01857686 0.9998179 -0.004388868 0.0344336 0.9993699 0.008618772 -0.7212792 -0.6742847 0.1584188 -0.9371629 -0.2959555 0.1847596 -0.9771 0.1422657 0.1582283 -0.4494413 0.858395 0.2473066 -0.6658111 0.547071 0.5073548 -0.6616839 0.09817445 0.7433277 -0.5610539 -0.281179 0.7785608 0.9648138 0.2625496 -0.0142101 0.9991574 0.04104143 -1.4149e-4 0.9991574 0.04104113 -1.4287e-4 0.9743245 -0.02398061 0.2238681 0.9991648 0.04086446 -1.23297e-4 0.982927 -0.1834651 0.01397168 0.9887564 0.005148231 -0.1494474 0.989379 -0.01155519 -0.1448994 0.969455 -0.01025128 -0.2450552 0.9369565 -0.009713947 -0.3493114 0.9518468 -0.0258944 -0.3054786 0.9301411 0.009147405 -0.3670886 0.9995086 0.02097594 -0.02329224 0.9988988 0.0276764 0.03788661 0.999603 0.02501684 -0.01295727 0.999688 0.02403783 -0.006807386 0.9982066 0.02275753 -0.05536919 0.9934666 0.00312829 0.1140815 -0.004014611 0.0193628 0.9998046 -0.008351862 0.007867872 0.9999342 -0.01679754 0.01582443 0.9997337 -0.009008705 0.01013022 0.9999082 -0.00601089 0.006742954 0.9999593 -0.002068758 2.19257e-4 0.9999979 -0.002009928 2.12877e-4 0.999998 -0.005987226 0.006742954 0.9999594 -7.82662e-6 0 1 -0.001991391 2.11169e-4 0.9999981 1.08593e-5 0 1 -0.04572087 0.9989522 -0.002071738 0.01328217 0.9999117 -6.07558e-4 0.053299 0.9985749 -0.002748966 -0.001502573 0.9999965 -0.002218246 -0.0514304 0.9986097 0.01156443 -0.1113966 -0.993683 0.0136004 -0.004059374 -0.9990156 0.04417383 0.05739521 -0.9983513 -7.0437e-4 0.2953289 -0.9552809 -0.01481431 0.06654596 -0.9976676 -0.01520681 0.04497992 -0.9988728 -0.01516467 0.04029339 -0.9991336 -0.01041704 0.2273035 -0.9737593 -0.01123172 0.05364626 -0.998553 0.003741979 -0.8692936 0.4942137 0.009021401 -0.8981761 0.4396184 0.003926992 -0.7251797 0.6885591 9.57983e-4 -0.7251107 0.6886317 9.83054e-4 -0.7355156 0.6774898 0.004933774 -0.6059889 0.7954671 0.003120243 0.9897806 0.1425982 6.12337e-4 0.9989691 0.03916442 -0.02295589 -0.003170907 0.9883737 -0.1520111 -0.01397246 0.9929173 -0.117983 -0.01443135 0.9977919 -0.06483173 -0.05390018 0.9971331 0.05310714 -0.06810951 0.9902502 0.1215143 -0.1202976 0.9724063 0.1998865 -0.01945418 -0.02545964 0.9994866 -0.03879147 -0.0428518 0.9983282 0.004502296 -0.0397365 0.9992001 0.004477858 -0.02127337 0.9997637 0.004494786 -0.03975808 0.9991993 0.004478633 -0.02125734 0.9997641 0.003158688 -0.02846181 0.9995899 5.36088e-4 -0.9998228 0.01881974 9.93721e-5 -0.9995528 0.02990591 0.003998577 -0.9997267 -0.02303683 0.004823207 -0.9998686 -0.01548004 -0.1995205 -0.9798937 0 -0.1114321 -0.9936793 0.01357948 -0.02070772 -0.9997731 0.005004405 0 -1 -6.7142e-6 -0.9654195 -0.08451473 -0.2466223 -0.9341781 -0.01042878 -0.3566547 -0.9341807 -0.01041734 -0.3566484 -0.8249183 -0.04512548 -0.5634479 -0.9341312 -0.01033079 -0.3567804 -0.7111648 -0.02232724 -0.7026708 -0.06343919 0.9962666 0.05855292 0 1 8.37388e-6 0 1 1.28636e-7 0 1 -5.14446e-6 0.9778384 -0.208602 -0.01781374 0.9861027 -0.1653029 0.01663088 0.02061831 -0.08102053 0.9964992 0.004285037 -0.01376128 0.9998962 0.02059322 -0.08095991 0.9965047 -0.002216696 0.09629762 0.9953501 0.005929887 0.1301017 0.9914829 -3.0242e-4 -0.01489418 0.9998891 -0.009515464 -0.007486522 0.9999268 -0.009418606 -0.007571697 0.9999271 -0.0184291 -2.75842e-4 0.9998303 0.9975576 -0.06714558 0.0192458 0.9996663 0.02580344 0.001229166 0.9996673 0.02576297 0.001241743 0.992851 0.1181841 -0.01671898 0.06997436 -0.013785 0.9974535 0.04666632 -0.009196043 0.9988682 0.01803392 0.02969437 0.9993963 -0.02079963 9.57041e-4 0.9997832 -0.01886105 0.002373158 0.9998193 -0.9163671 0.001339733 0.4003372 -0.9810646 -0.005584359 0.1936004 -0.9966816 -0.07633733 -0.02825778 -0.9952976 -0.08102864 -0.05307734 0.6470412 -0.003187239 0.7624485 0.6800587 -0.005694389 0.7331356 0.7043744 7.37887e-5 0.7098286 0.7926319 -0.02993983 0.6089651 0.6801203 -0.005694448 0.7330785 0.5517412 0.002540707 0.8340116 0.4338848 0.004902303 0.900955 0.7672014 0.634402 -0.09453231 -0.4834449 -0.3620729 0.7969845 -0.3703315 -0.7421243 0.5586647 -0.1776264 -0.9544956 0.2395557 0.03762203 -0.995027 -0.09222787 0.337054 0.01249158 -0.9414024 0.4421444 8.36377e-4 -0.8969435 0.1569451 -0.007638931 -0.9875779 0.1567966 -0.007680714 -0.9876011 0.3713585 -0.006391525 -0.9284676 -0.02885127 -0.02755862 -0.9992038 0.697067 0.3226867 -0.6402896 0.8341322 0.3120201 -0.4548263 0.9019109 0.3086162 -0.3021802 0.9327192 0.3078616 -0.1877661 -2.82253e-4 0.01730006 0.9998503 0.007800579 -0.001837193 0.9999679 0.003658235 0.004413008 0.9999837 0.006027936 -0.00550419 0.9999667 7.40708e-4 0.9999921 0.003929674 -0.2182888 0.9757425 -0.01663553 -0.2975482 0.9546979 0.00413376 0.002554893 -0.9990789 -0.04283648 0.001123726 -0.9987288 0.05039662 0.03331643 -0.9917646 0.1236655 0.03333777 -0.9917415 0.1238445 0.03332936 -0.9917644 0.1236628 0.01902025 -0.9932177 0.1147029 0.01505213 -0.9998759 -0.004672646 0.00115478 -0.9999617 -0.00868982 0.5001301 -0.009789943 0.865895 0.4320631 0.07219141 0.8989493 -0.9983276 -0.05267626 -0.02381974 -0.9893675 0.1453798 -0.004105567 -0.9301714 0.3670999 -0.004360139 -0.8982557 0.4394559 0.003938674 -0.9893366 0.14559 -0.004098534 -0.9410784 0.3378209 0.01576554 -0.8080946 0.588967 0.01006299 -0.8506686 0.5256297 -0.008740961 -0.8506692 0.5256289 -0.008736789 -0.8506822 0.5256078 -0.008735954 -0.8506814 0.5256092 -0.008742749 -0.8880202 0.4589815 -0.02750015 -0.9812092 0.08390837 0.173747 -0.9023535 0.4225674 0.08482259 -0.9023538 0.4225667 0.08482301 -0.9022975 0.4226588 0.08496302 -0.9022919 0.4226729 0.08495271 -0.7766046 0.5500205 0.3071854 0.9989011 0.02349311 0.04055696 0.9759343 0.1946572 0.09828913 0.9914575 0.129132 0.01836055 0.9504656 0.2941294 0.100514 0.9745675 0.2238082 -0.01132369 0.9952764 0.09660929 -0.009567856 0.9775104 -0.2079792 0.03490287 -0.1646345 0.1736668 0.9709457 -0.1650652 0.1521838 0.9744709 -0.05622851 -0.00867933 0.9983803 0.9084829 -0.4178749 0.006291091 0.9912629 -0.1318792 -0.002404212 0.9959152 0.09026443 -0.002335131 0.9958999 0.09043043 -0.002387046 0.9991017 -0.04235523 -0.001334249 0.8945987 0.4462171 -0.02415663 0.001495122 -0.9943695 0.1059584 0.00179243 -0.9701728 0.2424082 0 -1 1.28695e-4 0 -1 -1.14622e-5 0.001823961 -0.970172 0.2424108 -0.9394528 -0.3426725 -0.002051889 -0.9127652 -0.4084796 -0.00204879 -0.9859827 -0.1668134 0.003394424 -0.9994187 -0.03276717 -0.009412527 -0.982109 -0.1883112 8.71063e-4 -0.9163317 -0.4002103 -0.01296275 -0.8508052 -0.5254805 -9.58319e-4 -0.9559506 -0.2403272 0.1685267 -9.89265e-7 0 1 -0.004596889 0.01250731 0.9999113 0.001979827 -0.007165014 0.9999724 -0.01016366 0.0775966 0.9969331 0.005787014 -0.02094024 0.999764 0.16454 -0.1735293 0.9709862 0.02360987 -0.01472598 0.9996128 0.01341265 -0.008888781 0.9998706 -0.01092588 0.002292573 0.9999377 -0.001237571 0.01393604 0.9999021 -0.008971154 0.02393621 0.9996733 0.00627613 -0.008950591 0.9999403 9.93754e-7 0 1 0.004294991 -0.01377487 0.999896 -0.002068996 0.007491827 0.9999699 -0.005458652 -0.07416093 0.9972314 -0.4235215 0.9011573 0.09243959 -0.1458095 0.9883573 0.04346776 7.64286e-4 0.9999991 -0.001162052 7.41014e-4 0.999992 0.003950953 -0.001174271 0.9999861 -0.005166828 -0.02123248 0.9996791 0.01381868 -0.003605663 0.999989 0.003002226 -0.01097136 -0.1490707 0.9887657 0.2580279 -0.2857633 -0.922909 0.4778226 -0.025927 -0.8780738 0.47785 -0.02589696 -0.8780596 0.6413921 0.2369155 -0.7297173 0.008104026 -0.9977568 -0.06645095 7.90991e-5 -0.9995576 0.02974528 0.00112605 -0.9987276 0.05041885 0.00147885 -0.9943478 0.1061614 0.001141488 -0.9987277 0.05041611 5.24888e-4 -0.9998241 0.01875513 -0.00306636 -0.995416 -0.09559172 -3.80235e-4 -0.9840136 0.178093 5.33316e-4 -0.9998233 0.0187878 -0.001657307 -0.9999157 -0.01288604 0.01885843 -0.01793611 -0.9996613 -2.29021e-6 0 -1 -7.84218e-6 0 -1 -0.05138081 0.01300567 0.9985945 -0.03299993 0.005158364 0.9994421 -0.03297764 0.005148768 0.9994429 0.003250002 -0.00425601 0.9999858 0.07829958 -0.01483601 0.9968195 -0.01266527 -0.05093234 0.9986218 -0.004798471 -0.03236687 0.9994646 -0.004800438 -0.03237366 0.9994644 0.004638373 0.003866136 0.9999818 0.0138756 0.06142801 0.9980151 0.1287186 0.9912339 0.0297842 -0.01716887 0.9998527 3.20764e-4 -0.01701056 0.9998553 3.53828e-4 -0.1624516 0.9862877 -0.02909034 0.0117979 0.9998461 -0.0129919 0.004464149 0.9999282 0.01112729 -0.02886474 0.9993855 -0.01988667 -0.01493346 0.9998844 0.002882838 -0.0620107 0.9966385 -0.05353993 0.01360458 0.999693 -0.02071177 0 1 6.52682e-6 0.04305225 0.9990632 0.004392802 -0.9146242 -0.007175862 0.4042417 -0.7658439 -0.001572847 0.6430246 -0.7982344 0.00627458 0.6023142 -0.8331196 0.009381055 0.5530134 -0.5804434 -0.005472004 0.8142824 -0.6179444 0.4967702 -0.6093966 -0.5666447 0.4743751 -0.6737077 -0.5101689 0.5323343 -0.6755353 -0.4000867 0.3439422 -0.8494908 -0.5100148 0.5323429 -0.6756449 -0.1434053 0.282766 -0.9484084 -0.06997692 0.9951797 -0.06870752 0.6549849 -0.3937009 0.6449763 0.7594213 -0.4304598 0.4878357 0.8229058 -0.3109489 0.4755385 0.8591345 -0.1169673 0.4982034 -0.1223101 -0.06842261 0.9901307 -0.03779441 -0.02386873 0.9990004 -0.003816068 0.009753525 -0.9999452 0.01573705 -0.001832902 -0.9998746 -0.0028674 -3.45784e-4 -0.9999958 -0.002499461 0.01060527 -0.9999406 -0.002887845 -3.48083e-4 -0.9999958 -0.002504587 0.01060938 -0.9999406 -0.003754496 0.0159105 -0.9998664 0.001154482 0.03283548 -0.9994601 -0.9987441 0.04787695 0.01476794 -0.9939135 0.1017919 -0.0421251 -0.9982621 0.05828976 -0.008670926 0.09291183 -0.006517827 0.9956531 0.134123 0.02328222 0.9906911 -0.983857 0.106342 -0.1439334 -0.9888404 0.1010874 -0.1094354 -0.9487372 0.02948439 -0.314688 -0.5774514 0.008636355 0.8163794 -0.5242657 -0.007306873 0.8515235 -0.5242636 -0.007297694 0.8515249 -0.5242297 -0.007317006 0.8515455 -0.5242295 -0.00731647 0.8515456 -0.4687734 -0.02320337 0.8830137 0.9999089 0.00605458 0.01206612 0.9999802 -0.006291151 -1.90129e-4 0.9994086 -0.009086251 0.03316557 0.9777533 -0.01867133 0.2089256 0.9934694 0.003144443 0.1140554 0.9778937 -0.001641333 0.2090968 0.998207 0.02276396 -0.05535942 -0.002782762 -0.007543385 0.9999678 -0.01363551 0.09174263 -0.9956894 -0.02107405 0.08268493 -0.996353 0.1575881 0.05389469 -0.9860332 0.2447707 0.03357493 -0.9689996 0.1577695 0.05384349 -0.9860069 0.4823989 0.1081264 -0.8692526 0.498854 -0.009033322 -0.866639 0.9380025 -0.008423507 -0.3465263 0.9979634 0.003762781 -0.06367778 0.9996029 0.02497559 -0.01305633 0.9996045 0.02499812 -0.01288086 0.9979739 0.003745615 -0.0635156 0.9743871 0.01560068 0.2243359 0.006513774 0.005805075 -0.999962 0.003212749 0.00286448 -0.9999908 7.79649e-6 0 -1 -0.3323276 -0.01866328 0.9429794 -0.0389682 -0.002300024 0.9992378 -0.0468195 0.001059234 0.9989029 0.3142755 0.01764804 0.9491679 -0.01543515 0.004320204 0.9998716 -0.008172929 0.003743588 0.9999596 0.002096474 0.00437963 0.9999883 -0.006808459 0.647633 0.761922 0.04678946 0.1280116 0.9906684 0.2059731 0.4100494 0.8885013 0.3946259 0.1240513 0.9104295 0.02009916 0.9996253 -0.0185799 -0.01809948 0.9996113 0.02120703 -0.02164375 0.999575 -0.01952826 0.02967035 0.999491 -0.01172745 -0.02162456 0.999574 -0.0196042 0.02981114 0.999486 -0.01180112 0.1715545 0.9829726 -0.06583344 0.09228104 -0.001493096 0.9957319 0.0395317 0.01170086 0.9991499 -0.1137402 0.16048 0.9804639 0.005152285 -0.0138899 0.9998903 0.01860421 -0.05024152 0.9985639 -0.1548591 0.7109859 0.685943 -0.3113603 0.7805707 0.5420002 -0.3898541 0.7554476 0.5266049 0.01861339 -0.05026483 0.9985625 0.03255856 -0.07926994 0.9963214 -0.1438308 0.2514658 0.9571195 0.4337227 0.004891455 0.9010332 0.3446514 -0.008767664 0.9386898 0.9244232 0 -0.3813683 0.7640399 4.45684e-6 -0.645169 0.7991304 0.00547409 -0.6011328 0.8343671 0.008171498 -0.5511488 0.5804427 -0.006894111 -0.814272 -0.2795251 -0.006423473 0.960117 -0.04903739 0.003725886 0.99879 -0.01441115 0.004794657 0.9998847 0.2115745 -9.96363e-4 0.9773614 -0.04885917 0.003749132 0.9987987 0.2514927 0.01573169 0.9677314 0.01739454 0.1810465 0.9833207 -0.01015692 0.07760775 0.9969323 -0.06058454 -4.75139e-4 0.998163 -0.4835259 -0.594322 0.6426385 -0.5285004 -0.6769454 0.5122814 -0.3817799 -0.6870595 0.618218 -0.306653 -0.8772235 0.369382 0.01703947 -0.9627383 0.2698976 -0.0579375 -0.9946264 0.0858013 -0.3928515 -0.9074901 0.1487596 0.004130899 -0.006151318 0.9999726 -0.004141628 -0.008266568 0.9999573 0.00380516 -0.01749306 0.9998399 -0.008611977 -0.03222984 0.9994434 0.9992156 -0.0107392 0.03811746 0.9987442 -0.04509115 0.02183789 0.9955906 -0.01994037 0.09166175 0 1 -3.44438e-6 0.4612689 0.07818663 -0.8838088 0.3840544 0.05367863 -0.9217489 0.3633225 0.1464169 -0.9200863 0.7461628 0.6645934 -0.03945481 0.9526692 0.2728951 -0.1339761 -0.02794945 0.1337082 -0.9906266 -0.2460614 0.3113864 -0.9178738 -0.001924037 0.05452364 -0.9985107 -0.001911222 0.05449551 -0.9985123 -0.2156943 0.2060573 -0.9544718 -0.1965422 0.2307757 -0.9529501 -0.1432883 0.282633 -0.9484657 0.9990584 0.04268568 -0.007767617 0.9852427 0.1710642 -0.005822241 0.9934096 0.1137084 -0.01441437 0.9892746 0.1459885 -0.004810988 -0.8639237 0.07175433 0.4984849 -0.9353654 0.1021632 0.3386065 -0.8599025 0.13398 0.4925617 -0.9899756 0.06104362 0.1273663 -0.1205458 0.6579734 -0.7433302 0.01553159 0.6219811 -0.7828782 -0.1204714 0.6580074 -0.7433122 0.1218469 0.5200008 -0.8454304 0.01723396 0.001501202 0.9998505 0.00763756 -0.003200232 0.9999657 -0.999944 0.002459704 -0.0102896 -0.9978927 0.003610253 0.06478637 -0.9708645 -0.05214494 0.2338869 -0.002618253 -0.002494394 -0.9999936 -0.9975241 0.01467943 -0.06877779 -0.9954193 0.0543015 0.07868754 0.2779068 -0.02395391 0.9603094 0.326976 0.02108407 0.9447975 0.1089404 0.05203801 0.9926853 -0.04854196 0.01358115 0.9987288 0.1354306 0.01215654 -0.9907124 0.1673585 0.01894903 -0.985714 0.227952 0.05375909 -0.9721872 0.6759443 -0.7361568 -0.03424334 0.8274012 -0.5615305 -0.009523153 0.678471 -0.734235 -0.02400213 0.8004671 -0.5783076 0.1575208 0.923781 -0.05744665 0.3785879 0.9150413 -0.03202223 0.402087 0.9149882 -0.03185915 0.4022207 0.905183 -0.006330251 0.424975 0.2138703 0.9751378 -0.05801659 0.143023 0.9892787 -0.02953177 0.1344552 0.99057 0.026326 -3.35193e-4 0.9984238 0.05612504 0.1377136 0.9904629 0.004271209 0.2187089 0.975529 -0.02257692 0.1384256 0.9893966 -0.04396277 0.9471434 -0.09169107 -0.3074284 0.5840384 -0.1131342 -0.8038035 0.7955464 -0.04770451 -0.6040118 0.6462965 -0.06160211 -0.7605959 0.4193027 -0.1201325 -0.8998631 0.6255545 0.1708216 -0.7612501 0.7955346 -0.04758894 -0.6040365 0.6256832 0.1707831 -0.761153 0.8369883 0.2184915 -0.5017093 8.91178e-4 -0.006135046 -0.9999808 -0.009807229 -0.0038082 -0.9999448 -0.01473534 -0.005670905 -0.9998754 -0.03121978 9.35896e-4 -0.9995122 -0.8846908 0.07635557 0.4598826 -0.9561465 0.07248866 0.2837768 -0.9995962 -0.01739722 0.02246874 -0.03301179 9.506e-4 -0.9994545 -0.01589715 -0.003868341 -0.9998662 -0.01589733 -0.003868937 -0.9998663 -0.01588231 -0.003875076 -0.9998664 -0.01588135 -0.003871679 -0.9998664 6.43016e-4 -0.004320144 -0.9999905 0.6423334 -0.4939283 0.5860398 0.3644613 -0.6928898 0.6221509 0.4189262 -0.6616991 0.621816 0.4828072 -0.7753075 0.4071801 0.4828084 -0.7753075 0.4071787 0.3098905 -0.800393 0.5131656 -0.008103907 0.9999473 -0.006315886 -0.01840555 0.9998092 -0.006545007 -0.03695458 0.9992896 0.00740081 0.1105562 0.9935423 0.02551501 -0.07946431 0.9968236 -0.005311071 -0.0792734 0.996839 -0.005271792 -0.2664329 0.9631851 -0.0358901 -0.8971831 0.004752635 0.4416331 -0.9975741 -0.01114994 0.0687136 -0.9230411 -0.004233717 0.3846784 0 1 5.11561e-5 0 1 -1.65137e-6 -0.01043438 0.9999407 0.003133177 1.05123e-4 0.999444 -0.03334194 0.01360517 0.9996926 -0.02072793 -0.004554271 0.9995746 -0.02881252 0.01340913 0.992416 -0.1221917 0.1506105 0.9591238 -0.2395791 0.03004962 0.9993596 0.01942557 0.002906143 0.9999955 7.76013e-4 0.9982626 -2.53591e-4 0.05892276 0.9986103 -0.007845282 0.05211555 0.9988673 -0.01039379 0.04643505 0.9991711 -0.016375 0.03726941 0.9583641 -0.003908872 0.2855224 -0.2933284 0.425847 -0.8559281 1.34684e-4 0.3097875 -0.9508059 0.1683142 0.003613591 -0.9857268 0.1684762 0.003611207 -0.9856992 0.2241286 0.07039898 -0.9720136 0.3166275 -0.06446534 -0.9463569 0.1683608 0.003548979 -0.9857191 0.1432874 -0.2804194 -0.9491226 0.06279683 -0.2839997 -0.9567658 -0.002665817 -0.01136583 0.9999319 0.001006126 0.01781046 0.999841 0.01325196 0.01325309 0.9998244 -0.9999442 0.002460181 -0.01027786 -0.9799559 1.28152e-4 0.1992145 -0.8456496 0.004769325 0.5337173 -0.04127907 0.9960104 0.079117 0 1 -3.4538e-6 0 1 -2.25292e-6 -0.005224347 0.9999832 -0.002525568 0.01137274 -0.03439348 0.9993438 0.003597855 -0.05426794 0.9985199 0.02488964 -0.1347867 0.990562 0.02489727 -0.134851 0.9905531 0.003674745 -0.05440491 0.9985122 0.1698212 -0.3284659 0.9291237 0.02255433 -0.09998464 0.9947334 -0.003571212 0.9999935 5.64929e-4 0.08834069 0.9959835 -0.01458662 -0.007773637 0.9998647 0.01449847 0.1827756 0.9772195 -0.1078665 0.05097979 0.9986689 -0.007854521 -0.007711708 0.9998655 0.01447856 1.63326e-5 0.999047 -0.04364955 -0.0216872 0.99221 -0.1226744 -0.04052829 0.9908826 -0.1284887 -0.07837253 0.9869827 -0.1404383 -0.05916154 0.9853089 -0.1602076 -0.01980632 0.9841383 -0.1762939 -0.8979269 -0.04153943 0.4381802 -0.8237402 0.01479864 0.5667744 -0.9163039 0.001373291 0.4004814 -0.808772 -0.1074024 0.5782323 -0.8931742 -0.02046018 0.4492453 -0.9991885 -0.03115254 0.02553349 -0.9991484 -0.03303581 0.02472138 -0.992702 0.1196789 0.01482439 -0.9989681 -0.04354918 0.01288872 -0.9926829 0.1198362 0.01483356 -0.9805083 0.1962623 0.009197235 -0.9877606 0.1559783 2.49317e-4 -0.9872753 -0.1587937 0.008486688 -0.9605579 -0.2772464 0.02152061 -0.9685729 -0.2485734 0.008817374 -0.9686077 -0.2482898 0.01230216 -0.07233685 -0.0555765 0.9958307 2.93831e-4 -0.01520377 0.9998844 -0.008980393 -0.005184531 0.9999463 -0.005896091 -0.003434419 0.9999768 -0.006053626 0.001606345 0.9999804 4.48641e-5 0 1 -5.04061e-5 0 1 0.9972929 -0.07221841 -0.01383477 0.9889709 -0.1480947 -0.002133131 0.9631149 -0.2690074 -0.006685853 0.9313064 -0.3642248 -0.002958357 0.8670706 -0.4979457 -0.01545006 0.9474818 0.3113492 -0.07307493 0.9787328 -0.116513 -0.1688401 0.793103 -0.5577216 -0.2448144 0.4852681 -0.8386509 -0.2473449 -0.008278608 0.9999653 -0.001019656 -0.006593644 0.9999769 -0.00169146 -0.006600797 0.9999769 -0.001693904 -0.008316099 0.9999649 -0.001031398 -0.01245784 0.9999212 -0.001564741 0.8583288 -0.5130359 0.008122622 0.79326 -0.6085885 -0.01893562 0.770465 -0.6333378 -0.07257467 0.02176231 0.9997494 -0.005249142 0.03208029 0.9994727 0.005024194 -0.002303242 0.9998387 0.01781237 0.4917927 -0.002010464 -0.8707101 0.4422668 8.20227e-4 -0.8968831 0.7003663 -5.00108e-4 -0.7137835 0.6771125 0.002605319 -0.735875 0.7804423 0.01831829 -0.6249594 0.8774375 0.003687322 -0.479677 0.822948 0.01401501 -0.5679438 0.8816415 0.01894104 -0.4715395 1.76927e-6 0 1 0.02583891 -0.01534509 0.9995484 -1.05521e-5 0 1 -0.004609882 -0.04148882 0.9991284 0.5308869 0.7663024 0.3618562 0.4092015 0.9042535 0.1219821 0.4092028 0.9042531 0.1219815 0.4091314 0.9043029 0.121852 0.4091106 0.9043104 0.1218662 0.250245 0.9595236 -0.1291977 -0.8745883 0.4848639 0.001541793 0.01476877 0.9819395 -0.1886183 0.005967378 0.9979911 -0.06307417 0.01264041 0.9999181 -0.00200957 0 1 -2.5967e-6 0.9542061 0.2990928 0.005865514 0.995436 0.08666777 0.03994935 0.9968886 0.07825303 0.009476304 0.9919224 0.1253885 0.01918023 0.9982801 0.05668103 -0.01496857 0.5813868 0.6473188 -0.4929177 0.5113405 0.4985929 -0.6999544 0.3902636 0.6394636 -0.6624053 0.4207473 0.4864487 -0.7657281 0.34435 0.4779067 -0.8081017 0.1934725 0.6122613 -0.766619 -0.07784104 -0.1503964 0.9855566 0.0830397 -0.01004678 0.9964956 -0.1263392 -0.1480229 0.9808811 -0.08257126 0.03140389 0.9960904 -0.3454682 -0.004516899 0.9384196 -0.09182512 -0.001182258 0.9957745 0.01452976 0.9996801 -0.02070367 -0.1007505 0.9948279 0.01291757 -0.1826761 0.9831573 -0.005578875 -0.3594846 0.9330466 -0.01395994 -0.3695752 0.9291275 -0.01168054 -0.5263029 0.8501859 -0.01376235 -0.4429354 0.8961327 -0.0274707 -0.243512 0.9492852 -0.1988958 -0.0714513 0.9972386 -0.02024948 -0.009944736 0.04216909 0.9990611 0.004120051 -0.006144285 0.9999727 0.003050088 -0.03671044 0.9993214 -5.7234e-4 0.07308912 0.9973253 0.9034596 0.4286251 0.006435334 0.99689 0.07823497 0.009470582 0.9399733 0.3412231 -0.004129886 0.9991439 0.04017299 -0.009889245 0.9196607 0.3926007 -0.009425759 0.8816642 0.4718492 -0.005168378 0.9982802 0.0566771 -0.01497995 0.9989222 0.04637312 -0.002059459 0.09422826 -0.1501041 0.9841696 -0.09303641 0.1016673 0.9904586 -0.0930351 0.1016784 0.9904575 -0.09310466 0.1018035 0.9904381 -0.09314107 0.1017743 0.9904378 -0.2712548 0.343617 0.899082 -0.7630907 0.3177124 0.5628069 -0.7813437 -0.09220767 0.6172519 -0.02321583 0.4466388 0.8944132 -0.03311091 0.6365247 0.7705453 -0.1291773 0.6888575 0.7132943 -0.6735818 -0.2202885 -0.7055215 -0.8529076 -0.4487848 -0.2667225 -0.6734904 -0.2203966 -0.7055749 -0.7230246 -0.614571 -0.3154965 -0.8954101 -0.3622894 -0.2588189 -0.7231195 -0.614535 -0.3153489 -0.9442359 -0.329105 0.01043009 0.1402863 0.9899666 -0.01690798 -0.005268692 0.9999829 -0.002546489 -0.003147065 0.9999429 -0.01021683 -0.003146648 0.9999429 -0.01021629 -0.003115117 0.9999427 -0.010239 -0.00311464 0.9999427 -0.01023834 0.004212498 0.9998725 -0.01540249 -0.3540816 0.9351224 -0.01313591 -0.06583464 0.997803 0.007407903 -0.01515626 0.9997153 0.01843333 -0.01496416 0.9997178 0.01845622 -0.06564182 0.9978156 0.007441818 0.2280777 0.9732596 0.02732163 0.04263913 0.9990802 -0.00455594 0.02577406 0.9996674 -9.29595e-4 -0.126317 0.9919831 0.003709614 -0.2520411 0.9677165 4.80106e-4 -0.1805479 0.9835662 2.21831e-4 -0.208227 0.9780762 0.002906441 -0.2080745 0.9781088 0.002894282 -0.1473817 0.9831708 -0.1079529 0.05405592 0.9974096 0.04745715 0.0283178 0.9994788 0.01549476 0.006605148 0.9999327 0.009539127 0.007293939 0.9999733 4.71474e-4 -0.1692595 0.9829674 0.07159924 -0.07376211 0.9959211 0.05196523 -0.1215525 0.9898335 0.07385623 -0.1716005 0.9819197 0.07991939 0.9785141 -0.2009211 -0.04626983 0.9785764 -0.2057479 -0.00750178 0.995589 -0.09301686 -0.0122736 0.9905129 0.1371268 -0.008973777 0.9976561 0.06528478 -0.02050548 0.9452313 0.3263318 0.006739854 0.01409673 -0.02357161 0.9996228 0.005465567 -0.006379902 0.9999647 -7.25294e-4 -0.01162046 0.9999323 0.230335 -0.1441377 0.9623773 -0.3495225 -0.1836594 0.9187509 -0.5858891 -0.510946 0.6290216 0.2368727 0.9715408 2.2163e-6 0.1872394 0.9823057 0.00414294 0.1185788 0.9928879 -0.01061892 0.03964447 0.9927448 0.1135177 -2.21122e-4 0.9953278 0.09655439 -0.03448271 0.992945 0.1134516 -0.1198564 0.9927359 -0.01048111 -0.188872 0.9819866 0.005448222 -0.2554973 0.9668097 4.52267e-4 0.7290028 0.6844938 -0.004815995 0.3674007 0.9294321 -0.03424626 0.4158832 0.9093942 -0.006607174 0.2850058 0.9585253 -0.001045227 0.03137844 0.9994122 0.01380932 0.01944071 0.9993929 0.02891433 -0.9958473 0.0905556 -0.009374856 -0.9958816 0.09063118 0.002424955 -0.9958829 0.09061813 0.002422451 -0.9292964 -0.3650517 -0.05608558 -0.8793154 -0.473693 0.04918748 -0.8793101 -0.4737045 0.04917329 -0.8792471 -0.473809 0.04929143 -0.8792504 -0.4738019 0.04929995 -0.8068141 -0.5705664 0.1533136 0.1382657 0.9894207 -0.04392439 0.1546559 -0.9879643 0.002833962 0.07281571 -0.9972229 -0.01563787 -0.00748974 -0.004478275 -0.999962 0.02589416 -0.0153824 0.9995464 0.05419909 -0.004126727 0.9985217 -0.2339967 0.1969524 0.9520795 -0.001183032 0.05106502 0.9986947 -0.196018 0.1610866 0.9672787 -0.1594868 -0.06815385 0.9848448 -0.3471074 -0.06106483 0.9358353 -0.4617916 -0.07121723 0.8841248 -0.1596068 -0.06822293 0.9848206 -0.3549451 -0.3102782 0.8818964 -0.7331051 -0.1424465 0.6650308 -0.4108933 0.5592385 -0.7200133 -0.5592406 -0.3162348 0.7663195 0.2808424 0.9597538 -6.83174e-4 0.09372168 0.9955275 0.01189017 0.02933216 0.9993272 0.02201855 -0.07039511 0.9970116 0.03182023 0.09222877 0.9957379 0 0.02365541 0.9883286 -0.1504893 0.1933702 0.612301 -0.766613 0.3216127 0.5885891 -0.7417062 0.8202242 -0.5646796 -0.09148484 0.8123989 -0.5616434 -0.156732 0.4873734 -0.8656172 -0.1147785 0.4684501 -0.8673728 -0.1679855 0.0581327 -0.9966209 -0.05802971 0.9999999 5.28393e-4 -1.58229e-4 0.9941866 0.1074063 0.007538676 0.9912786 -0.1317608 -0.00241357 -2.3711e-7 0 1 -0.004932761 -0.005931496 0.9999703 -9.5923e-5 0 1 8.443e-6 0 1 -3.5127e-6 0 1 0.9580124 -0.1083679 0.2654594 0.931182 -0.01648712 0.3641817 0.9311891 -0.01650506 0.3641629 0.8867494 0.07579439 0.4559944 0.975231 0.2199155 0.02370482 0.8827773 0.4696009 0.01339495 0.9121343 0.4095034 0.0178337 0.7470234 0.6646248 0.01516163 0.9121047 0.4095694 0.01783078 0.7469156 0.6647469 0.01512372 0.6516805 0.7584937 0 0.4219248 0.9066309 2.17987e-5 0.2639873 0.9643836 0.01658803 0.1088858 0.9938133 0.02188414 -0.00214684 0.9999964 -0.001593887 -0.008463442 0.9999642 -9.95275e-5 0.09928184 0.9950541 -0.003262519 -0.01078617 0.9999415 9.60005e-4 0.9488919 0.001553297 -0.3155975 0.8479024 0.002575755 -0.5301463 0.9161307 -0.01170313 -0.4007089 0.9819016 0.001104891 -0.1893888 0.9993416 -0.01082688 -0.03463178 0.9835823 7.67388e-4 -0.180459 0.9554655 -0.007513523 -0.2950074 -0.002749502 0.9999839 -0.004968345 0.01109635 0.9998154 -0.01568841 0.04863649 -0.02519357 0.9984989 -0.03321963 0.005169808 0.9994348 -0.01093256 8.39492e-4 0.9999399 -0.04406797 -0.002189993 0.9990262 -0.2551165 -0.001035213 0.9669098 -0.351372 0.008333444 0.9361988 -0.3514665 0.008336722 0.9361633 -0.7921478 0.6053602 -0.07772511 -0.9727978 0.224548 0.05694669 -0.8923165 0.4353892 0.1191954 -0.9232061 0.2314268 0.3068097 0 0.01374161 0.9999057 -0.004788458 0.009391069 0.9999445 -0.007763385 0.01456028 0.9998639 -0.008976697 0.02391409 0.9996738 0.02997785 0.001731395 0.9995491 1.11717e-5 0 1 1.98539e-5 0 1 0.8432682 -0.1310855 0.5212633 0.8495745 -0.03821516 0.5260826 0.4778307 -0.05719703 0.8765879 0.4776896 -0.05711477 0.8766703 0.3450645 -0.9385772 -0.00182873 0.4350991 -0.9003806 -0.001916229 0.178932 -0.9838559 0.003308773 0.1788355 -0.9838733 0.003361761 0.294294 -0.9557029 -0.004810929 0.03207814 -0.9994506 -0.008333981 0.1880738 -0.9821498 0.003165245 0.3996504 -0.9166144 -0.00987637 0.5294696 -0.8483166 0.004573702 0.3130916 -0.9497165 0.003492474 -0.8204039 0.5637953 0.09524792 -0.982091 0.1689069 0.08347284 -0.9562076 -0.2885359 0.04913395 -0.7303862 -0.6829564 0.01032686 -0.3005125 -0.953464 -0.02446645 0.8370299 0.2186324 -0.5015784 0.8144708 0.3520155 -0.4612185 0.9092965 0.3461467 -0.2310029 0.9093351 0.3461548 -0.2308386 0.8391095 0.4845749 -0.2471489 0.9315353 0.3466627 0.1098504 -0.5399932 -0.03395181 -0.8409844 -0.5390735 0.02350449 -0.8419308 -0.02450895 0.9996979 -0.001848638 -0.01966416 0.9998066 3.95536e-4 0.5278884 -0.8459194 -0.07585662 0.07662111 0.007650554 0.9970309 -0.1655305 -0.001110076 0.9862041 -0.4252773 -0.01711219 0.9049013 -0.4253948 -0.01709836 0.9048464 -0.3269841 -0.02586185 0.9446759 -0.6082719 -0.009194731 0.7936756 -0.5979787 0 0.8015121 0.2664332 -0.740495 0.6169932 0.3247072 -0.7682086 0.5517436 0.4253325 -0.6926785 0.5824851 0.4160917 -0.6060355 0.6779298 0.4929261 -0.5767956 0.6514067 0.821415 0.5703309 3.15165e-4 0.8638355 0.5037644 -0.003109037 0.8763313 0.4807334 0.03064233 0.9536083 0.2984895 0.03918188 0.9886834 0.1447496 0.03940451 0.9978073 0.05423027 0.03794544 0.9914609 0.1289784 0.01923888 0.9998316 -2.16258e-4 0.01835143 -0.006422281 -0.0186727 0.9998051 -0.00320959 -0.009330749 0.9999514 -0.003195524 -0.002406775 0.999992 -0.002126455 0.002999067 0.9999933 -0.002155125 -9.23198e-4 0.9999973 -0.002142786 -9.01456e-4 0.9999974 -0.0022161 0.003076612 0.9999929 0.001887917 8.53495e-5 0.9999983 -0.002150833 -9.37777e-4 0.9999973 0.001904785 9.91747e-5 0.9999983 0.004605531 0.001224815 0.9999887 0.004607081 0.001230239 0.9999887 0.001916766 1.18342e-4 0.9999982 0.009006857 0.01436644 0.9998562 0.0125429 -0.03368109 0.999354 0.01811152 0.03069955 0.9993646 -0.06927597 -0.01518809 0.997482 -0.08586448 -0.0067752 0.9962838 -0.06333577 0.001360833 0.9979913 -0.02775299 -0.01169246 0.9995465 -0.06327092 0.00135231 0.9979956 0.9392927 -0.008441984 -0.3430132 0.9980995 -1.80262e-4 -0.06162273 0.9995067 0.02096086 -0.02338933 0.9995105 0.0209375 -0.02324694 0.9981122 -1.61355e-4 -0.06141799 0.974321 0.008076488 0.2250189 0.003601193 -0.01759493 0.9998388 0.004916548 -0.009149849 0.9999461 8.01359e-6 0 1 0.01268881 0.0180273 0.9997571 0.00866574 0.003745973 0.9999555 0.01958262 0.006183505 0.9997891 0.01706695 0.111559 0.9936112 0.8680593 -0.4192292 0.2659323 0.9561964 -0.2773417 0.09364801 0.9562001 -0.2773239 0.09366446 0.9562461 -0.2772094 0.0935328 0.9562435 -0.2772221 0.09352177 0.9892832 -0.1191303 -0.08442074 -0.09867978 0.0680781 0.9927879 -0.1766232 0.02045392 0.984066 -0.1400214 0.0556935 -0.988581 -0.1635345 0.002786695 -0.9865338 -8.31045e-4 -0.01426029 -0.9998981 -0.1534209 0.7703791 0.6188523 -0.136509 0.7899433 0.5977917 -0.08936953 0.687783 0.7203941 -0.09820771 0.9112862 0.3998908 -0.07637685 0.5330495 0.8426298 -0.05539494 0.6390802 0.7671427 0.01900291 0.3826375 0.9237032 -0.1084001 0.8125072 -0.572784 -0.0978356 0.8211333 -0.5622885 -0.09783768 0.821134 -0.5622871 -0.09784233 0.8211278 -0.5622954 -0.09784239 0.8211278 -0.5622953 -0.1582761 0.978405 -0.1329371 -0.06830006 0.9707871 -0.2300166 -0.1372248 0.9900546 -0.03100711 -0.1583265 0.9784088 -0.1328499 -0.2463964 0.9621728 0.116243 -0.1149512 0.955451 0.2718451 -0.1150206 0.9554164 0.2719373 -0.3518252 0.8917662 0.2845559 -0.2158413 0.891295 0.3987554 -0.1148799 0.9554547 0.2718617 -0.07696044 0.9631857 0.2575857 0.04154109 0.9748703 0.2188659 0.03816938 0.9235832 0.3814938 -0.07694494 0.9631608 0.2576839 0.2350442 0.9591147 0.1576489 0.04160171 0.974869 0.21886 0.2350388 0.9591388 0.1575105 0.2083249 0.9777671 0.02392458 0.2633375 0.9618036 -0.07474905 0.0509181 0.9682241 -0.2448459 0.00484842 0.8992938 0.4373183 -0.1382905 0.9805337 0.1393894 0.07684332 -0.9969729 0.01184147 0.06293791 -0.9980007 0.005778312 0.006510734 -0.999868 0.01489388 0.0123223 -0.999924 6.6246e-4 -0.02068316 0.9996245 -0.01797902 -0.01608943 0.9994341 -0.02954328 -0.008318126 0.9980184 0.06237119 -0.001398682 0.997671 0.06819659 4.58179e-4 0.9999371 0.01121723 0.6476579 0.5912431 0.4805944 0.4702685 0.7295792 0.4965499 0.6010379 0.6543312 0.4589164 0.5117006 0.7238596 0.4628065 0.7246358 0.556475 0.4064955 -7.14902e-4 -0.0142439 -0.9998983 -7.74919e-4 0.05797553 -0.9983178 -0.1635294 0.002789855 -0.9865346 -0.1154708 -0.9933095 -0.001643717 0.001367092 -0.9999713 -0.007458031 0.008858799 -0.9999608 -2.06396e-4 0.04277068 0.9990736 0.004773914 0.0309177 0.9995218 6.57764e-4 -0.0147885 0.9998906 -4.00338e-4 -0.03593134 0.9993543 3.61786e-5 0.08818989 -0.9960687 0.008358299 0.004619181 -0.9998754 0.01509571 0.004622578 -0.9998756 0.01508456 0.008755087 -0.9999612 9.97603e-4 0.09119778 0.01128751 -0.9957689 -0.001946508 -0.9955745 -0.09395557 -0.0201435 0.9903062 -0.1374331 0 1 4.79528e-6 -0.001967549 -0.9955888 -0.09380459 0.03980225 -0.9981552 0.0458495 -0.1061515 0.9943469 -0.002489924 0.8540674 0.004172086 -0.5201455 0.9799507 1.2858e-4 -0.1992403 -0.9957001 0.02331846 -0.08965241 -0.9507543 -0.003565788 -0.3099252 -0.9394562 -0.003520309 -0.342651 -0.755804 -0.001269757 -0.6547967 -0.8511222 -0.00962913 -0.5248794 0.09378951 0.005549252 -0.9955767 -0.06585973 0.008539974 -0.9977924 -0.3094434 -0.006766557 -0.9508938 -0.3000458 -0.006828427 -0.9539003 -0.2532522 0.001894593 -0.9673985 -0.02701604 0.003705799 -0.9996281 -0.2531718 0.001910686 -0.9674195 -0.02716791 0.003721952 -0.999624 -0.2609699 0.01613593 -0.9652121 -0.1037527 0.01555067 0.9944816 -0.1219801 0.02278125 0.9922711 -0.1762741 0.04800546 0.9831699 -0.999908 -0.01356381 -3.58803e-4 -0.9654213 -0.008821427 0.2605457 -0.99932 1.28163e-4 0.03687089 -0.9993201 1.37226e-4 0.03687149 -0.9993264 1.20828e-4 0.03669899 -0.9993264 1.30672e-4 0.03669941 -0.982016 0.009093225 -0.1885789 0.1332263 0.9782879 0.1587566 0.06789642 0.9952526 0.06973159 -0.01595497 0.9993781 0.03144901 -0.09059029 0.9953438 -0.03292793 -0.1822636 0.9821982 -0.04546284 0.2202532 -0.01838004 -0.9752696 0.2011065 7.82842e-5 -0.9795694 -0.01854568 -0.003825783 -0.9998208 -0.01873052 -0.003823101 -0.9998173 -0.05373382 -0.006697714 -0.9985329 -0.3234975 0.005447268 -0.9462134 0.722081 -0.01142758 0.6917142 0.8341402 -0.02991265 0.5507408 0.9412465 0.008588016 0.3376111 0.9412918 0.00852257 0.3374864 0.9412916 0.008521497 0.3374871 0.9704119 -0.06220924 0.233304 -0.005753993 0.9993491 0.03561455 -0.00147891 0.999673 0.02553164 -0.001463055 0.999674 0.02549427 -8.98259e-4 0.9998489 -0.01736503 0 1 3.32107e-6 0 1 -7.59805e-7 0.0118848 0.9999279 0.001761257 -0.03595864 0.9993533 4.21912e-5 -0.04621571 0.9989266 0.003130614 -0.116082 0.9932359 0.002722799 0.01140153 0.999935 -3.09159e-4 0.01222872 0.9999237 0.001830816 0.00494194 0.9999875 7.85665e-4 0.00659722 0.9999761 0.002098977 0.004924416 0.9999877 7.79176e-4 0.006578326 0.9999762 0.002093255 0 1 4.66301e-7 0.9670956 -0.06114816 -0.2469554 0.9513118 -0.003800928 -0.308207 0.7691665 0.001159369 -0.6390476 -0.9846387 -0.009164392 0.1743635 -0.9961412 -0.005406796 0.08759939 -0.9865204 -0.009542226 -0.1633602 -0.9865184 -0.009542286 -0.1633725 -0.9961448 -0.005399703 0.08755862 -0.9995227 -0.02516144 -0.01792353 -0.9993055 -0.01081961 -0.03566038 0 1 -7.25459e-7 0 1 -7.67257e-7 -0.9366688 -0.005414783 -0.3501748 -0.7557167 -0.00127846 -0.6548976 -0.7548048 -0.001067101 -0.6559486 -0.6888215 -0.008779644 -0.7248778 -0.6798493 -0.02550745 -0.7329081 -0.483494 0.01573836 -0.8752062 -0.6647282 0.01558417 -0.7469227 -0.7587756 2.95189e-5 -0.6513523 -0.9072328 0 -0.420629 -0.9832499 0 -0.1822627 -0.04742074 -0.1527401 -0.987128 0.2368541 -0.001535236 -0.971544 0.2368613 -0.001546442 -0.9715423 0.4553694 -0.04085105 -0.889365 0.2370144 -0.001458168 -0.9715051 0.6661611 0.02090978 -0.7455148 -0.9987697 -0.008964836 0.04877352 -0.9549649 -0.04815208 0.2927856 -0.8362674 -0.003111541 0.5483132 -0.8361974 -0.003204166 0.5484193 -0.8361883 -0.003174006 0.5484334 -0.7052001 -0.1135998 0.6998485 -0.9987787 -0.008992016 0.04858344 -0.9797213 0.03528994 -0.1972332 -0.8863795 -0.006069839 -0.4629197 -0.8863104 -0.005982697 -0.4630532 -0.8863112 -0.005979776 -0.4630516 -0.7728343 0.1125063 -0.6245554 0.0695514 0.9952022 0.06881254 0.04103589 0.9987611 0.028153 0.01661312 0.9998617 8.49092e-4 0.003298938 0.9999793 -0.005513966 -0.002326309 0.999898 -0.0140978 -0.01075464 0.9995334 -0.02859294 -0.02803713 0.9992524 -0.02661961 -0.9957 0.02332055 -0.08965384 -0.9956495 0.031291 -0.08776772 -0.9982844 0.02092933 -0.05468356 -0.9803314 -0.01106745 -0.1970481 -0.9508081 2.63822e-4 -0.3097808 -0.1180664 0.0399658 -0.9922012 -0.01573908 0.02713519 -0.9995079 -7.75572e-4 0.05801278 -0.9983155 0.9529895 0.1247181 -0.2761457 0.9924 -0.1128804 -0.04899328 0.9923999 -0.1128813 -0.04899442 0.9923941 -0.1129917 -0.04885518 0.9923876 -0.1130314 -0.04889625 0.9229784 -0.3381928 0.1836749 -0.01449316 -0.004564583 0.9998846 -0.01568013 1.68771e-5 0.9998772 -0.7675275 0.3905215 0.5083253 -0.389999 0.7553448 0.5266453 -0.7728471 0.5200024 0.3637376 -0.5883985 0.6715758 0.4503034 -0.6173461 0.5898727 0.5205134 0.05726414 0.004583418 0.9983485 0.02081441 0.006636917 0.9997614 -0.01562446 -0.002313315 0.9998753 -0.04699343 -0.9976571 -0.04972058 -0.05951136 -0.9941028 -0.09065359 -0.1441823 -0.9792417 -0.1424686 -0.01906776 -0.9992387 0.03403717 -0.009918212 -0.9996356 0.02510958 -0.01014053 -0.9996278 0.02533131 -9.62667e-4 -0.9998651 0.01640015 -0.004146397 -0.008263528 0.9999573 -0.009944975 0.04221212 0.9990592 -0.007538676 0.1676498 0.9858179 0.00494951 0.6338261 -0.7734597 -0.1342489 0.2886753 -0.9479683 -0.204918 0.4020084 -0.8924114 -0.205048 0.4018945 -0.8924327 -0.07605981 0.1832691 -0.9801161 -0.3921203 0.1249972 -0.9113821 -0.02115339 0.01702648 0.9996314 0.02281153 0.006527185 0.9997185 -0.02118891 0.01703786 0.9996304 0.06575393 -0.1897087 0.9796362 0.0228731 -0.1820166 0.9830294 0.8628866 0.07074427 -0.5004219 0.9365962 0.06467002 -0.3443915 0.8615785 0.09357738 -0.4989246 0.9827543 0.05320715 -0.1770964 -0.8773243 0.4655598 0.1164307 -0.8627633 0.4993977 0.07900327 -0.875847 0.4562734 -0.1571834 -0.848428 0.4374653 -0.2979835 -0.7456114 0.2887269 -0.6005834 0.01574707 -0.001832365 -0.9998744 -0.3842629 0.9232098 0.005057334 -0.1384429 0.980513 0.1393843 -0.2363876 0.9716572 0.00186032 -0.2139999 0.9595053 -0.1831766 -0.1428154 0.9162484 -0.3742896 0.01807898 0.001778125 0.9998351 0.005830109 -0.009228646 0.9999405 0.003848254 -0.006096839 0.9999741 -0.002174794 -0.006807327 0.9999746 0.004423797 -0.01580131 0.9998655 -0.001524507 -0.008614838 0.9999617 0.7327333 0.6654152 -0.1425645 0.7697572 0.636435 -0.04923772 0.848178 0.5285009 0.03579324 0.8701685 0.4926884 0.008064448 0.8936396 0.4483374 0.02005082 0.4080192 0.9129201 -0.009866714 0.2747339 0.9615066 -0.00513333 0.3036657 0.9522554 -0.03157234 0.116769 0.9924337 -0.0379517 -0.07147395 -0.043657 0.9964867 -0.0649597 -0.0435909 0.9969354 -0.02104181 -0.01865309 0.9996046 0.004225015 -0.006118297 0.9999724 0.06699949 0.03143805 0.9972576 0.3655598 -0.5650065 0.7396848 0.4929959 -0.5767109 0.651429 0.5143604 -0.4183529 0.7486082 0.4930332 -0.5767427 0.6513725 0.6757316 -0.5457114 0.4955664 -0.01877683 0.07592344 0.9969369 0.001750886 -0.04801625 0.9988451 -0.002025127 4.64658e-4 0.9999979 -0.006608426 -0.04882222 0.9987857 -0.01181977 0.06423145 0.9978651 0.9962919 -0.08603733 3.02592e-4 0.9933984 0.1138117 -0.01437973 0.9181374 0.3961992 0.007065832 0.9180707 0.396354 0.007059037 0.9709231 0.2390858 -0.01210206 0.8360575 0.5485861 -0.007826149 0.8936756 0.4482669 0.02001535 0.9262385 0.3767984 0.01025104 0.9357738 0.3524599 -0.00997889 0.9490253 0.3151586 -0.005129635 0.9812024 0.1929689 0.002238035 0.2695422 -0.9628338 -0.01726549 0.2416091 -0.9703157 -0.01060879 0.2416147 -0.9703143 -0.01061075 0.2133874 -0.9769597 -0.003966867 -0.240565 0.6808507 -0.6917882 -0.2780585 0.7991273 -0.5329907 -0.2463837 0.8569633 -0.4526687 -0.2760781 0.5103873 -0.8144236 -0.186845 0.5825901 -0.7909979 -0.4278151 0.2652204 -0.864079 -0.9554716 -0.2912136 0.04763126 -0.9942062 0.09025382 0.05838125 -0.8612375 0.5038796 0.0661484 -0.5007043 0.8631812 0.0649113 -0.01182395 0.9899454 0.1409555 -0.004970192 0.9988802 0.0470522 -0.0126329 0.9999181 0.002056241 0 1 2.34678e-6 -0.9763158 0.21002 -0.05195426 -0.9527435 0.2815467 0.1140677 -0.9345225 0.2768682 0.2236332 0.9201024 0.3916529 -0.004430174 0.7643821 0.6447632 -7.56182e-4 0.8048682 0.5934532 7.56937e-4 0.8429386 0.5380087 0.001099824 0.8417677 0.5398352 0.002278387 0.9077843 0.4194159 0.004247546 0.9992977 0.03678756 -0.007140278 0.9245814 0.3809736 -0.002897024 -0.8710153 0.490212 0.03200995 -0.9098342 0.4145394 0.01894783 -0.9098127 0.4145861 0.01895546 -0.9419009 0.3358415 0.005773961 0.8426947 0.2477419 0.478006 0.8817145 0.02737134 0.4709888 0.8591503 -0.1168292 0.4982085 0.7428345 0.09613162 0.6625373 0.2086445 0.9775524 -0.02930563 0.3753107 0.9268611 -0.00840187 0.4965846 0.8679436 -0.008811175 0.5304594 0.8476144 0.01275902 -0.03297996 0.9989352 -0.03226441 0.2990158 0.9541816 -0.01126861 0.4280647 0.9037168 -0.007528483 0.6235755 0.781744 0.00547862 0.6493037 0.7605293 0 -0.2194572 0.008119821 0.9755884 0.02068758 0.01797056 0.9996246 0.06022 5.86594e-5 0.9981852 0.06038779 7.53338e-5 0.998175 0.02083551 0.01797401 0.9996215 0.3357664 -0.007971644 0.9419116 -0.009695053 -0.008944094 0.9999131 -0.01189112 -0.006624162 0.9999074 6.66026e-6 0 1 0.006385684 -0.004182219 0.9999709 5.75648e-4 0.009559631 0.9999542 -0.00515002 -0.01744234 0.9998347 0.01835238 0.9996156 0.02078181 0.07562673 0.996652 0.03107452 0.01836442 0.9996151 0.02079415 0.07561367 0.9966523 0.03109472 0.2579655 0.9657281 0.02868926 0.929646 0.3683257 -0.009731948 0.8469399 0.5316669 0.004813671 0.9172312 0.398133 -0.01331633 0.9820178 0.1887889 -6.83907e-5 0.9993588 0.03396832 -0.01132315 0.9841489 0.1773208 0.002896249 0.9071642 0.4207665 -0.002951979 0.9620218 0.2729725 -3.21656e-4 0.9070969 0.4209175 -0.001942098 0.9384547 0.3454024 -3.13967e-4 0.3037512 0.9522061 -0.03223001 0.5816976 0.8134045 -0.001058101 0.5816574 0.8134334 -0.001062631 0.6150924 0.7884495 0.002972006 -0.7979828 0.602634 0.007469832 -0.7484285 0.6628785 0.02114099 -0.8602557 0.5096309 0.01538079 -0.02995991 -0.01995867 0.9993519 -0.02730327 0.02625465 0.9992824 -0.01120829 0.04106241 0.9990938 0.01347106 0.08376407 0.9963946 0.01802682 0.02972662 0.9993955 0.02513557 0.04727154 0.9985658 0.6128638 -0.3060241 0.7285241 0.6569092 0.08975785 0.748608 0.08317214 -0.01004779 0.9964846 0.0830968 -0.01001584 0.9964912 0.3826835 0.1371852 0.9136376 0.1487652 0.08809083 0.9849411 -0.5586679 0.4236631 0.7130215 0.9785015 -7.44426e-4 0.2062385 0.9860933 -0.00219208 0.1661785 0.9551664 -9.06668e-4 0.2960682 0.9341148 -0.004271686 0.3569474 0.9064146 0.002159595 0.4223837 -0.00696367 0.0491622 0.9987666 -0.006593286 -0.03381741 0.9994063 -0.003791093 -0.01099216 0.9999324 -0.0139721 -0.03538364 0.9992762 0.002727925 0.04954284 0.9987683 3.68322e-6 0 1 2.51776e-6 0 1 -1.8343e-6 0 1 -9.10208e-6 0 1 -0.07127845 0.9972512 -0.02023553 0.02528619 0.96088 -0.2758086 0.001448392 0.99299 -0.1181908 0.03296947 0.9882153 -0.1494777 0.001645088 0.9999276 0.01192533 0 1 7.84961e-7 0.01456981 0.9967318 -0.07945722 -0.00785309 -0.01187545 0.9998987 1.46255e-5 0 -1 1.61316e-5 0 -1 1.53765e-5 0 -1 -0.007877588 -0.01191318 0.9998981 1.59658e-4 -0.01158738 0.9999329 1.6166e-4 -0.01159006 0.9999329 1.57286e-4 -0.01158988 0.9999329 1.58653e-4 -0.01159155 0.9999329 0.01600331 5.96106e-4 0.9998719 0.8326102 -0.1105381 0.5427168 0.7326053 -0.3269682 0.5969768 0.7063429 -0.397187 0.585937 -0.006808996 0.9990153 0.04384058 0.434362 0.9006202 0.01459228 0.7881254 0.6153498 -0.01425313 0.363631 -0.007832527 0.9315102 0.07971096 0.00400108 0.99681 0.02316534 0.02466291 0.9994274 0.02297294 0.02464169 0.9994325 0.07952404 0.004017114 0.9968249 -0.2110744 0.01555424 0.9773463 0.5314591 -0.03015977 0.846547 0.339637 0.02609741 0.9401946 0.5288772 0.06189537 0.8464384 0.3592402 0.07279783 0.9304016 0.2550964 -0.001363337 -0.9669147 0.3269644 1.17973e-4 -0.9450367 0.4916704 -0.002004981 -0.8707792 0.4385915 0.003946423 -0.8986779 0.5006834 0.007093429 -0.8656015 0.004884362 0.02362626 0.999709 0.05850428 0.04738873 0.9971618 0.06912189 0.03602212 0.9969577 0.05658823 0.02095139 0.9981778 0.05625241 0.01323717 0.9983289 0.7754371 -0.6280585 -0.06511455 0.4152417 -0.9077178 -0.06019055 0.07200729 -0.9962628 -0.04770255 0.07237154 0.9440413 -0.3217893 -0.03162062 0.9628991 -0.268003 -0.03165531 0.9629407 -0.2678494 0.7826468 0.6174572 0.0788086 0.9703841 0.2313959 -0.06935858 0.8884319 0.4405609 -0.1288204 0.9181838 0.2256928 -0.3255786 0.001039385 -0.008190393 0.999966 2.35473e-4 0.01167744 0.9999318 0.1756497 0.006127715 0.9844337 0.9998226 0.01350581 0.01313674 0.9971197 -0.001052498 -0.07583701 0.9893927 -0.01156383 -0.1448051 0.9570754 0.001329183 -0.2898359 -0.993974 0.02650338 -0.1063644 -0.9967163 -0.003762245 0.0808866 -0.9967264 -0.003731012 0.0807622 -0.9636413 -0.03387171 0.265044 0.173167 0.09179049 0.9806059 -0.0381453 -0.001590013 0.999271 -0.02360403 -0.01629507 0.9995886 0.008403122 -0.015917 0.9998381 -0.9999804 -1.1866e-4 0.006268799 -0.999886 -0.004614174 0.0143786 -0.9957776 0.003664672 -0.09172528 -8.42997e-4 0.04553043 0.9989627 0.00268191 0.01732021 0.9998464 0.001836895 1.56023e-4 0.9999983 -0.002071917 -0.00453335 0.9999876 -0.01014941 0.01418077 0.999848 -0.003785729 -0.01097828 0.9999326 -0.005466759 -0.006583392 0.9999635 0.01350659 -0.05433297 0.9984316 -0.009252071 -0.004376888 0.9999477 -0.01384621 -0.006572365 0.9998826 -0.02616184 5.01124e-4 0.9996576 0.03676146 -0.9977089 0.05679523 -0.009343624 -0.9992467 0.03766745 0.0304352 -0.9964885 0.07800173 -0.1000567 -0.9938914 0.04656875 0.9917676 0.007016181 0.1278587 0.9879575 0.01073819 0.1543523 0.9710496 0.05469334 0.2325326 0.06527483 0.9960018 -0.06098943 -0.06238919 0.07985049 0.9948526 -0.06763517 0.0565738 0.9961049 -0.1852581 0.01032274 0.9826357 0.02128022 0.999771 0.002277553 -0.01586103 0.9998272 -0.00968939 -0.0213266 0.9997431 0.007687032 0.2307445 0.9729657 0.009737133 0.1215777 0.9925757 -0.003510832 -0.939916 0.005238652 0.3413659 -0.9271646 0.005586743 0.3746128 -0.9309532 0.01074498 0.3649808 -0.8898842 0.02089935 0.4557077 -0.8898732 0.02091562 0.4557283 -0.009757459 0.9999124 0.008949875 -2.85067e-4 0.9995229 -0.03088474 -0.003191769 0.9996962 -0.02443915 0.004343032 0.9997439 -0.02221596 0.064722 0.9962639 -0.05717873 0.04812628 0.998428 -0.02873271 0.04520153 0.9989016 -0.01234817 0.03534013 0.9993247 0.01006752 0.03919458 0.9990226 0.0204389 -0.03621309 0.9993265 -0.005940318 -0.02538579 0.9996769 -0.001363635 -0.02537441 0.9996772 -0.001358151 -0.01736462 0.9998487 -0.001106441 0 1 -3.1476e-7 0 1 -3.12563e-6 0 1 -1.77078e-7 0.007225811 0.9999715 -0.002228081 -0.3845155 -0.9032943 0.1902819 -0.009397149 -0.9992502 0.03756099 -0.06130945 -0.9968281 -0.05074274 0.08689665 -0.9903443 -0.1080151 -0.05649197 -0.9967834 -0.05684643 0.2735447 0.02613544 -0.9615042 0.06770354 -0.001818597 -0.9977039 -0.02891957 -0.002771556 -0.999578 -0.3288496 -0.03142017 -0.9438595 -0.1298528 -0.1471867 -0.980548 -0.04309326 -0.06713235 -0.9968131 -0.04310089 -0.06713968 -0.9968122 0.04412961 0.01375085 -0.9989312 0.3833279 0.01761347 -0.9234443 0.2030081 -0.001048445 -0.9791766 0.03806251 0.006013035 -0.9992573 -0.1384174 -1.56588e-4 -0.990374 -0.2892917 0.01938563 -0.9570447 0.02072143 0.0179919 0.9996235 0.02307826 0.02466291 0.9994294 0.06786626 0.03246688 0.9971661 -0.02502131 0.02065205 0.9994736 0.06787914 0.0324639 0.9971653 -0.02504855 0.02060639 0.9994738 -0.08531206 0.00724411 0.996328 -0.2614861 -4.21292e-4 0.9652072 -0.1377648 -0.9896693 0.03969192 -0.1000887 -0.9938884 0.04656505 -0.103064 -0.994548 0.01587861 -0.0565533 -0.9967862 -0.05673551 -0.03976756 -0.9985873 -0.03524309 0.4851979 0.06524085 0.8719672 0.6514483 0.04697638 0.7572373 0.7459033 -2.62924e-7 0.6660543 0.9085369 0 0.4178047 0.9577758 0.00651288 0.2874423 0.9998229 0.01350897 0.01310515 0.9996091 0.01183521 0.02533423 0.9986957 -0.02022981 -0.04687899 0.9992693 0.03514862 -0.01501441 -2.75895e-4 0.999522 -0.03091573 -0.01707816 0.9994879 -0.02706247 -0.8548408 0.01071035 -0.5187799 -0.8760735 0.004360973 -0.4821577 -0.8760738 0.004363775 -0.4821574 -0.8760974 0.004355192 -0.4821147 -0.8760973 0.004353582 -0.4821149 -0.9986087 -0.03340917 -0.0407983 -0.9278549 0.00805819 0.3728545 -0.9254587 0.01610559 0.378506 -0.9679348 -0.02421623 0.2500317 -0.9748159 -0.004418373 0.2229676 -3.61413e-4 0.9999294 -0.01188153 0.001066148 0.9999221 -0.01244288 7.83531e-4 0.9999647 -0.008372485 8.05457e-4 0.9999649 -0.008347809 0.001208901 0.9999212 -0.01249939 0.00137943 0.9999775 -0.006574511 7.95291e-4 0.9999652 -0.008303165 0.001378357 0.9999775 -0.006568193 -0.8604353 0.03003835 0.5086738 -0.9799615 -4.65892e-4 0.1991865 0.05723607 0.9982581 -0.0143094 0.006118953 0.9999614 0.006318807 0.01036292 0.9999355 0.004677057 -0.01554495 0.9998169 0.01116532 0.004863619 0.9999856 0.00225532 0.004271149 0.9999907 -7.30957e-4 -0.01113355 0.999938 2.90997e-4 -0.00711292 0.9999748 5.39059e-5 -0.02181285 0.9997557 0.003570973 0 1 -5.83428e-6 -0.007093608 0.9999749 1.23028e-4 0 1 3.95427e-6 0.2511489 -0.04970836 0.9666713 0.109521 -0.003609478 0.993978 0.2399613 0.00543487 0.9707673 0.1634932 0.01432061 0.9864406 0.0202077 0.9996897 -0.0145691 -0.01929104 0.9997179 -0.01385807 -0.07837671 0.9969106 0.005131602 0.001123726 0.9998489 -0.01735705 0 1 -1.23961e-6 0.00333327 0.9998167 -0.01885628 0.006669998 0.9992659 -0.03772884 -0.9514849 -0.02095258 0.3069815 -0.9964178 -0.001219689 0.0845589 -0.9989559 -0.001856923 -0.04564946 -0.9754093 0.00783056 -0.2202618 -0.9547619 -0.002948343 -0.2973567 -0.9932718 0.06267654 0.09738063 -0.9921461 0.1132504 0.05310851 -0.9921473 0.1132338 0.05312156 -0.98653 0.1633448 0.00878179 0 1 -2.96956e-7 0 1 -2.80796e-6 0.9755415 -0.004605352 -0.2197669 0.9687216 -0.01128941 -0.2478935 0.9687218 -0.01128804 -0.2478924 0.9611001 -0.01794844 -0.2756167 0.09086227 7.5567e-4 -0.9958632 -0.1168401 -0.01278215 -0.9930686 -0.4252274 0.009524643 -0.9050366 -0.4253734 0.009527504 -0.9049679 -0.2517154 -0.009536564 -0.9677544 -0.5765574 -0.005771934 -0.8170364 -0.01499438 0.9998472 0.008996605 0.02320986 0.9996786 0.01020252 -0.06550741 0.9977095 -0.01687186 -0.034303 0.9992198 -0.01957321 -0.03974187 0.9989461 -0.02296411 0.01182711 0.9999217 -0.004081487 0.02018409 0.9997821 0.0053339 1.33213e-4 0.9999932 -0.00369966 0.04727667 0.9685084 -0.2444518 -0.022596 0.9992842 0.03034222 -0.001611948 0.9840646 -0.1778042 -0.02263206 0.9992828 0.03036087 -0.04630696 0.9989145 0.005056321 -0.07146418 0.9964777 0.04387873 -0.07144325 0.9964785 0.04389292 -0.001645743 0.9840698 -0.177775 0.009191989 0.9886259 0.1501146 0.01028835 0.9998952 -0.01019114 -0.005242288 0.9992724 0.03777939 7.46093e-4 0.9923861 0.1231642 -0.001099646 -2.38299e-4 -0.9999995 0.06783193 -0.001819789 -0.9976952 0.1946091 -0.003952443 -0.980873 -0.006281554 0.9960447 -0.08863216 0.01515489 0.9992147 -0.03661203 0.003593206 0.9999915 0.002021133 -0.008088529 -0.9977058 0.06721562 -0.002740859 -0.9990695 0.04304158 -0.01482623 -0.9998683 0.006611526 -7.48486e-4 -0.9999243 0.01228839 0.2969411 -0.002875387 -0.9548915 0.4205239 -0.005402863 -0.9072655 0.05853831 0.004053711 -0.998277 0.1719499 -0.013659 -0.9850111 0.05859059 0.004078149 -0.9982738 0.1720411 -0.0136522 -0.9849953 0.09152209 0.007184982 -0.9957772 -0.07806086 -0.9969351 -0.005185782 0.06044191 -0.9974755 -0.03727442 0.06040233 -0.9974772 -0.03729188 0.003664493 -0.997834 -0.06567949 -0.001151442 -0.9999616 0.008689105 -0.01505035 -0.9998759 0.004673242 -0.02001291 -0.9926077 -0.1197062 -0.03420382 -0.9909232 -0.130005 -0.03419423 -0.9909213 -0.1300224 -0.002722024 -0.999067 0.04310327 -0.8277478 -0.001305282 0.5610989 -0.9440737 0.001518309 0.3297313 0.0130158 0.9998543 -0.01105487 0.008746564 0.9999356 -0.007224798 0.9709428 0.07606172 -0.2269028 0.9986948 -0.02024191 -0.04689472 0.929004 -0.003603994 -0.3700521 -0.4707886 0.8820224 0.01986843 -0.2783918 0.9603627 0.01419299 -0.2786027 0.9603017 0.01418888 -0.0743165 0.9972034 0.007902085 -0.999875 0.004713237 0.01509177 -0.9889788 0.1461138 -0.02391374 0.01804083 -0.9996947 0.0168845 -0.1980057 -0.980188 0.005039811 -0.1910251 -0.9815737 -0.004766047 -0.07810384 -0.9969318 -0.005169272 0.008909046 -0.999749 -0.02055883 -0.8948916 0.02452248 -0.4456095 -0.9377049 -6.46025e-4 -0.3474323 -0.9643181 -0.001618742 -0.2647415 -0.9969005 -0.02770256 -0.07363498 -0.5969853 0.005656003 0.8022323 -0.6674032 0.02195119 0.744373 -0.5125901 0.01721447 0.858461 -0.3188616 0.003424167 0.9477952 -0.4063576 0.01783478 0.9135401 -0.4063102 0.01782953 0.9135613 -0.4899908 0.03210628 0.8711362 0.06247282 0.002701044 -0.998043 -0.1979571 0.001621901 -0.9802094 -0.4391128 0.008202552 -0.8983947 -0.4392592 0.008166432 -0.8983233 -0.3342686 0.00685203 -0.942453 -0.6014152 -0.00841695 -0.7988923 -0.3798234 -0.004441916 -0.9250485 -0.6443726 -0.001569569 -0.7647102 -0.5946399 1.5267e-4 -0.8039922 -0.5401397 1.44243e-4 -0.8415755 -0.5406074 4.45662e-4 -0.8412749 -0.06643557 0.01234048 0.9977144 -0.9869905 -0.06369799 0.1476226 -0.9946547 -0.03778207 0.09609812 -0.9679738 -0.02424317 0.2498778 -0.9946548 -0.03777635 0.0960983 -0.9989229 -0.02367532 -0.03990644 -0.9998657 0.004896998 -0.01564288 0.1012853 0.9948574 0 0.05943363 0.9982205 -0.004857301 0.0245862 0.9996971 -0.001170516 0.08799546 0.9958296 -0.02408856 0.01540106 0.9998764 0.003200888 0.009006083 0.9999479 -0.004820346 0.009006321 0.9999479 -0.004820585 0.009000897 0.9999479 -0.004827201 0.008999705 0.9999479 -0.004826247 0.0179429 0.9998385 0.00114417 0 1 6.32097e-6 0 1 5.3066e-7 -0.05034726 0.9952079 -0.08382356 -0.7786095 0.002447426 -0.6275042 -0.7990814 -8.09943e-4 -0.6012225 -0.7990577 -8.07945e-4 -0.6012538 -0.9494992 -0.01573628 -0.3133748 -0.9994177 -0.03412121 0 -0.9485166 -0.01352751 -0.3164388 -0.9002333 -0.009024918 -0.4353146 -0.7838864 0.004208207 -0.62089 -0.7672026 0 -0.6414049 -0.2779101 0.01181554 0.9605345 -0.3031244 -0.01189011 0.9528769 -0.2368289 -0.002913415 0.9715471 0.998761 0.03985017 0.02980887 0.9961972 0.08686256 -0.006802022 0.9886661 0.07264524 0.131386 0.9978797 0.04255372 0.04924821 -0.1036445 -0.1676928 0.980376 -0.3615283 0.03174287 0.9318206 -0.3615221 0.0317505 0.9318228 -0.6343908 -0.0249924 0.7726085 -0.3616549 0.031874 0.9317671 -0.83173 0.05538439 0.552411 -0.8228302 0.5042781 0.2620195 -0.9425569 0.3318213 -0.03848594 -0.9540693 0.246392 0.1704199 -0.8108169 0.5838656 0.04095083 -0.8308868 0.5332087 -0.1591095 -0.6353265 0.7213208 -0.2757837 -0.9932041 -0.02851867 -0.1128375 -0.9495461 -0.01573538 -0.3132327 -0.9577378 0.002334475 -0.2876333 -0.9376423 -6.41772e-4 -0.3476011 -0.8828482 -0.02672499 -0.4688976 -0.4263209 -0.9043195 0.0213719 -0.1576908 -0.9815527 0.1081108 -0.1577139 -0.9815488 0.1081125 -0.1576728 -0.981536 0.108289 -0.1576953 -0.9815324 0.108289 -0.4086997 -0.8772926 0.2516392 0.004077494 0.9999105 0.01274508 -0.04637193 0.9963835 -0.07120221 -0.05042982 0.9951931 -0.08395034 0.7266296 -0.003404498 -0.687021 0.7536532 -0.001653671 -0.6572703 0.7472614 0.001228034 -0.6645291 -0.723385 -0.002316117 0.6904411 -0.7479172 -7.38282e-4 0.6637917 -0.7393476 0.00200361 0.673321 -0.004798829 -0.9998688 0.01547962 -0.003930389 -0.9997167 0.02347689 -7.93802e-4 -0.9995797 -0.02897977 -0.7120068 0.622604 -0.3246702 -0.7941676 0.334133 -0.5075954 -0.9062563 0.2740051 -0.3219019 -0.6082717 0.5468293 -0.5753116 -0.1979493 0.001621484 -0.980211 -0.1485065 -0.00399059 -0.9889035 -0.1167617 -0.01278543 -0.9930778 -0.9727434 0.222452 0.06546318 -0.9978382 0.05156666 0.04074132 -0.9992192 -0.0100916 0.03819984 -0.8545468 0.0139811 -0.5191864 -0.875279 -0.01563572 -0.4833656 -0.9399859 -0.009685337 -0.3410758 -0.9882717 -0.03304368 -0.1490876 0.7795891 0.04272943 0.6248321 0.9067524 -0.03569364 0.42015 0.9695358 -0.02954018 0.2431623 0.9695671 -0.02962356 0.2430273 0.969564 -0.02964401 0.2430367 0.9806173 -0.183912 -0.06757396 0 1 2.57984e-6 -0.01523351 -0.9997889 0.01379156 -0.007106423 -0.9998419 0.01630795 -0.01523059 -0.9997882 0.01384258 -0.007264733 -0.9996596 0.02506113 0 -0.9997459 0.02254897 0.9730433 0.07165634 -0.2192084 0.9363748 -0.01659059 -0.3506096 0.936376 -0.01659619 -0.350606 0.8263641 0.01153635 -0.5630179 0.9363228 -0.01670646 -0.3507429 0.7024869 -0.02061289 -0.7113982 -0.04099184 -0.007190823 -0.9991336 -0.1070767 0.006969273 -0.9942264 -0.00126028 -2.25487e-4 -0.9999992 0.06778764 -0.001803994 -0.9976982 0.01217758 -0.9998941 0.007978022 0.003561854 -0.9999795 0.005327343 -0.01208418 -0.9999213 -0.003384113 0.6403104 0.1281476 -0.7573512 0.4677203 0.001843571 -0.8838746 0.4677116 0.001858651 -0.8838792 0.2445233 0.02061337 -0.9694243 0.4675825 0.001727223 -0.8839479 0.01922792 -0.03674811 -0.9991397 -0.6819438 0.7292207 -0.05647951 -0.8086454 0.5221801 0.2709624 -0.9794378 0.1917003 0.06287068 -0.9794173 0.191787 0.06292647 -0.9018017 0.3554069 0.245845 -0.9536972 0.1354043 0.2685654 -0.9955398 -0.01104813 -0.09369426 -0.9793213 -0.05300843 -0.1952437 -0.9794307 -0.05479949 -0.1941974 -0.9584906 0.01634091 0.2846555 -0.935478 -0.05513924 0.349057 -0.9584907 0.016339 0.2846555 -0.9990052 -0.04160624 0.01605141 -0.9585354 0.01635676 0.2845039 -0.9978348 0.05156397 0.04082846 0.2315268 -0.09574949 -0.9681051 0.3516941 -0.01538199 -0.9359886 0.3516937 -0.01538127 -0.9359888 0.5592212 -0.04798531 -0.8276287 0.3518289 -0.01528775 -0.9359395 0.70238 -0.02055811 -0.7115054 -0.2539181 -0.1104704 0.9608965 -0.3610973 -0.00927627 0.932482 -0.3611088 -0.009263873 0.9324777 -0.4601032 0.09218543 0.8830668 -0.04698884 -0.9988391 -0.01060497 -0.1026662 -0.9947082 0.003892123 -0.003651559 -0.9999284 0.01139366 -0.977571 -0.01126199 -0.2103047 -0.9706356 -0.007117867 0.2404493 -0.9999998 0 -7.33436e-4 -0.9774282 -0.01306492 0.2108637 -0.9973071 0.008946657 0.07279193 -0.997852 0.03763455 0.05362063 -0.9924163 0.05379396 0.1105265 -0.9964998 0.03116744 0.07756745 -0.9981765 0.01578789 0.05826336 -0.9999684 -0.007599353 0.002370536 -0.9999946 -0.002944111 -0.001503348 -1 9.17451e-7 0 -1 -1.21823e-6 0 -0.999995 -0.002818644 -0.00143963 -5.58276e-4 0.9952389 -0.09746456 0.03130877 0.9986519 -0.04140561 -0.01160198 0.9998493 -0.01291543 0.030353 0.9995371 0.002081513 -0.1052566 0.9932907 0.04790323 0.06237703 0.07994985 -0.9948453 0.06764352 0.05658334 -0.9961038 0.184495 0.01036345 -0.9827789 7.74395e-5 0.8796688 0.4755868 -0.005580008 0.9716597 0.2363184 -0.006702601 0.9883781 0.151868 -0.009793221 0.9998143 -0.01659488 -0.008766293 0.9998513 -0.01485216 -0.9950044 0.01607346 -0.09852808 -0.9927949 0.02443921 -0.1173073 -0.9836184 0.05026859 -0.1731129 -0.1694735 -0.02617418 -0.9851872 -0.02858775 -0.003740012 -0.9995843 -0.1255487 0.003046214 -0.9920828 -0.02862042 -0.003712713 -0.9995835 0.04831147 0.00701332 -0.9988077 0.2716389 -0.002608776 -0.9623957 0.006491482 0.9999731 0.003418505 0 1 4.32045e-6 -0.00113511 -0.9882422 -0.1528923 -0.001128852 -0.9882447 -0.1528763 9.85909e-4 -0.995568 -0.09403955 0.001652717 -0.9999119 0.01317518 -0.1882644 0.05660098 -0.9804861 -0.1306993 0.03149992 -0.9909215 -0.1141657 0.005434751 -0.9934469 -0.1968433 0.009071528 -0.980393 3.58077e-4 0.9999309 0.01175618 -0.001568317 0.9999209 0.01248961 -0.001044929 0.9999643 0.008394002 -0.001084744 0.9999644 0.008367776 -0.001656949 0.9999202 0.01252424 -0.001791357 0.9999762 0.006667971 -0.001067757 0.9999648 0.008320868 -0.001777887 0.9999765 0.006620526 -0.05658394 0.02004778 0.9981966 -0.02818638 0.03672444 0.9989279 -0.03200393 0.01884967 0.99931 -0.01684743 -0.002346634 0.9998553 -0.2873386 -0.003992319 0.9578208 -0.008721709 0.9999429 -0.00618124 0.01765841 0.9993555 -0.03125464 0.003778994 0.9780728 -0.2082291 -0.02401798 0.9951891 -0.09498387 0.5205441 0.03553915 -0.8530949 0.4051497 0.02249395 -0.9139737 0.09130126 0.0113027 -0.9957593 0.9591338 0.2761816 0.06153184 0.9909132 0.1312872 0.02923655 0.9976549 0.06599068 -0.01816409 0.9976618 0.06589412 -0.01813721 0.9886693 0.07255911 0.1314088 0.9978803 0.04247045 0.0493077 0.9870483 0.03796392 0.1558674 0.9643191 0.0264557 0.263418 0.9896327 -0.03011125 0.1404291 0.9896298 -0.03014004 0.1404442 0.9643053 0.02643311 0.2634704 0.9604044 -0.04310226 0.2752556 0.9896482 -0.03014332 0.1403133 0.9604148 -0.04313021 0.275215 0.9976562 0.01613026 0.06649875 -0.973418 -0.1269876 -0.1906087 -0.9510538 -0.2861675 -0.1166404 -0.9908252 -0.1195651 -0.06300646 -0.9965618 -0.0532149 -0.06350463 -0.9995299 0.02397787 0.01910495 -0.9560777 0.1459457 -0.2541958 -0.9390845 0.3410128 0.04278433 -0.008350133 0.9998053 -0.01787489 0.01097649 0.9989143 -0.04527658 0.09739071 0.9946821 -0.03350567 0.09089922 0.9958513 0.004195153 8.67662e-4 0.999949 0.01006251 -0.04099905 0.9979892 0.04833948 -0.09075605 0.994206 0.05760163 -0.09724676 0.9950557 0.02018278 0.9760164 -0.009769737 -0.2174783 0.9925255 0.008941888 -0.12171 0.9995505 0.001904785 -0.02992391 0.9896549 -0.03014844 0.1402656 0.9998069 -0.01562315 0.01192897 0.06761217 0.9953199 -0.06904321 0.01766383 0.9993557 -0.03124457 -0.004613697 0.9998075 -0.01907134 -0.008760213 0.9999426 -0.006189107 -0.0160678 0.9998698 -0.001535415 -0.03086876 0.9994793 0.009394586 -0.02800965 0.9991519 0.03018325 0.2518538 -0.9677126 -0.01010584 0.1048653 -0.9944185 0.01162064 0.1049374 -0.9944111 0.01161158 -0.04472541 -0.9984555 0.03295677 0.2113294 0.008217334 -0.9773804 0.01892566 0.002300739 -0.9998183 -0.08122771 -6.63044e-4 -0.9966954 -0.08139008 -6.77303e-4 -0.9966821 0.01871705 0.002286493 -0.9998222 -0.3674365 -0.009521663 -0.9299999 -0.4987027 0.005132436 0.8667579 -0.6647443 0.01015526 0.747002 -0.7711963 5.79513e-7 0.6365975 -0.9072253 0 0.4206454 -0.9530197 0 0.3029082 -0.9832535 0 0.1822434 -0.9832535 0 0.1822434 0 1 5.64354e-7 0 1 2.54399e-6 -0.8546042 -0.05365568 -0.5165004 -0.8752377 -0.015639 -0.4834403 -0.7626612 -8.12334e-4 -0.6467978 -0.5637289 -0.004632234 -0.8259469 -0.7907902 -0.01616787 -0.6118737 -0.6357557 0.00594598 -0.7718675 -0.4683085 -0.7996543 -0.3758193 -0.7263522 -0.6252442 -0.2854507 -0.7161183 -0.6845559 -0.1362275 -0.7162298 -0.6844443 -0.1362015 -0.8554011 -0.4996637 -0.1364741 -0.9079769 -0.3851526 -0.1650314 -0.9967185 -0.01430678 -0.07967287 -0.9859449 0.0645706 -0.1540894 -0.9859479 0.06456989 -0.1540694 -0.9989359 -0.04154378 -0.02003014 -0.9999869 -0.005123138 -1.58922e-5 -0.9889696 0.1461735 -0.02392876 -0.461842 0.02229642 -0.8866819 -0.5003204 0.009088337 -0.8657926 -0.4619491 0.02232331 -0.8866255 -0.5580146 0.02509474 -0.8294516 -0.6464028 -0.01384037 -0.7628707 0.2115573 0.01412451 -0.9772635 -0.02224719 0.02532452 -0.9994318 -0.07318264 0.002356648 -0.9973158 -0.07337111 0.002374529 -0.9973019 -0.02241998 0.0253371 -0.9994276 -0.3519938 -0.009611248 -0.935953 -0.9370442 0.005604028 0.3491659 -0.9254966 0.002540349 0.3787477 -0.9369884 0.002736806 0.3493499 -0.8030238 0.001590788 0.5959449 -0.823321 3.00292e-4 0.5675759 0 0.9994842 -0.03211605 -0.009262979 0.9996996 -0.02269291 -0.01959943 0.9996099 -0.01989698 0.9919892 0.02494901 -0.1238347 0.9961332 -0.00551021 -0.08768278 0.9734225 -0.01236659 -0.2286828</float_array>
          <technique_common>
            <accessor source="#f_1-06vxh12-a00_lk1_1-mesh-normals-array" count="13692" stride="3">
              <param name="X" type="float"/>
              <param name="Y" type="float"/>
              <param name="Z" type="float"/>
            </accessor>
          </technique_common>
        </source>
        <vertices id="f_1-06vxh12-a00_lk1_1-mesh-vertices">
          <input semantic="POSITION" source="#f_1-06vxh12-a00_lk1_1-mesh-positions"/>
        </vertices>
        <triangles material="Surface_3-material" count="4547">
          <input semantic="VERTEX" source="#f_1-06vxh12-a00_lk1_1-mesh-vertices" offset="0"/>
          <input semantic="NORMAL" source="#f_1-06vxh12-a00_lk1_1-mesh-normals" offset="1"/>
          <p>2180 0 2181 1 2182 2 2183 3 2184 4 2185 5 2186 6 2187 7 2188 8 2186 6 2188 8 2189 9 2189 9 2188 8 2190 10 2189 9 2190 10 2191 11 2192 12 2184 13 2193 14 2194 15 2195 16 2185 17 2196 18 2197 19 2198 20 2199 21 2194 22 2200 23 2201 24 2202 25 2203 26 2204 27 2205 28 2206 29 2201 30 2207 31 2202 32 2208 33 2209 34 2210 33 2209 35 2208 36 2211 35 2212 37 2213 38 2214 39 2215 40 2216 41 2217 42 2218 43 2219 44 2220 45 2217 46 2221 47 2215 48 2222 49 2223 50 2224 51 2224 52 2223 52 2225 53 2226 54 2227 55 2228 56 2229 57 2230 57 2228 58 2228 56 2230 59 2231 60 2228 56 2231 60 2226 54 2226 54 2231 60 2232 61 2226 54 2232 61 2233 62 2233 62 2234 63 2226 54 2226 64 2234 65 2235 66 2226 67 2235 68 2236 69 2236 70 2235 71 2237 72 2236 73 2237 74 2229 74 2229 75 2237 75 2207 75 2229 76 2207 76 2201 76 2203 77 2229 77 2201 77 2229 59 2238 59 2236 78 2239 79 2200 80 2240 81 2229 82 2241 83 2242 84 2229 82 2242 84 2238 85 2238 85 2242 84 2243 86 2238 85 2243 86 2236 87 2236 87 2243 86 2244 88 2236 89 2244 90 2226 91 2226 92 2244 93 2245 94 2226 92 2245 94 2246 95 2246 95 2227 96 2226 92 2247 97 2248 97 2204 98 2249 99 2250 100 2251 101 2205 102 2204 103 2248 104 2252 105 2253 106 2254 107 2255 108 2256 109 2257 110 2258 111 2259 111 2260 111 2261 112 2262 113 2248 113 2263 114 2256 114 2255 114 2262 115 2261 116 2264 115 2248 117 2247 117 2261 118 2265 119 2209 120 2211 119 2266 121 2267 122 2268 123 2269 124 2270 125 2271 126 2272 127 2273 127 2244 127 2270 128 2269 129 2274 130 2251 131 2275 132 2249 133 2276 134 2277 135 2278 136 2278 137 2279 138 2276 139 2280 140 2235 141 2234 142 2281 143 2282 144 2283 145 2284 146 2285 147 2286 148 2287 149 2288 149 2289 149 2266 150 2290 150 2291 151 2292 152 2293 153 2294 154 2295 155 2296 156 2297 157 2293 158 2292 159 2298 160 2267 161 2266 162 2299 163 2299 164 2300 165 2301 166 2291 167 2299 168 2266 169 2258 170 2272 171 2302 172 2299 173 2291 174 2300 173 2303 175 2304 176 2305 177 2306 178 2255 179 2307 180 2307 180 2308 181 2306 178 2306 178 2308 181 2309 182 2306 183 2309 184 2310 185 2310 185 2309 184 2311 186 2310 185 2311 186 2312 187 2312 187 2311 186 2313 188 2313 189 2311 190 2314 191 2313 192 2314 193 2315 194 2315 195 2316 196 2317 197 2307 198 2257 199 2318 200 2307 201 2318 202 2308 203 2308 204 2318 205 2319 206 2308 207 2319 208 2309 209 2309 210 2319 211 2314 212 2309 210 2314 212 2311 213 2257 214 2307 215 2255 216 2320 217 2321 218 2322 219 2196 220 2323 221 2324 222 2325 223 2326 224 2327 223 2328 225 2329 226 2305 227 2330 228 2331 229 2325 230 2332 231 2333 232 2334 233 2326 234 2325 235 2331 236 2335 237 2336 238 2337 239 2328 240 2338 241 2339 242 2340 243 2339 244 2338 245 2331 246 2341 247 2326 248 2342 249 2343 250 2344 251 2341 252 2345 252 2346 252 2347 253 2348 253 2349 254 2350 255 2351 256 2352 257 2295 258 2297 259 2353 260 2354 261 2349 262 2348 263 2355 264 2354 265 2348 266 2354 267 2355 268 2356 269 2357 270 2329 271 2358 272 2359 273 2360 274 2361 275 2341 276 2331 277 2345 278 2362 279 2363 280 2364 281 2321 282 2225 283 2365 282 2366 284 2367 285 2368 286 2369 287 2370 288 2371 289 2225 290 2321 291 2224 292 2371 293 2370 293 2372 294 2224 295 2373 296 2222 297 2366 298 2374 299 2375 300 2349 301 2354 302 2372 303 2376 304 2363 305 2362 306 2377 307 2378 308 2379 309 2371 310 2372 311 2354 311 2380 312 2381 313 2382 314 2381 315 2380 316 2383 317 2384 318 2385 319 2386 320 2387 321 2388 322 2389 323 2390 324 2391 325 2392 326 2393 327 2394 328 2388 329 2391 330 2390 331 2395 332 2394 333 2393 334 2396 335 2397 336 2398 337 2399 338 2400 339 2381 340 2401 341 2388 342 2387 343 2393 344 2402 345 2403 346 2404 347 2405 348 2406 348 2407 349 2408 350 2406 351 2405 352 2409 353 2410 354 2411 355 2403 356 2402 357 2412 358 2412 359 2413 360 2403 361 2414 362 2415 363 2416 364 2413 365 2412 366 2417 367 2404 368 2418 369 2402 370 2419 371 2382 372 2420 373 2421 374 2422 375 2423 376 2424 377 2425 378 2426 379 2400 380 2382 381 2381 382 2382 383 2400 384 2427 384 2418 385 2404 386 2428 387 2426 388 2425 389 2429 390 2420 391 2430 392 2419 393 2394 394 2396 395 2415 396 2431 397 2415 398 2396 399 2410 400 2409 401 2432 402 2389 403 2433 404 2387 405 2433 406 2389 407 2416 408 2411 409 2434 410 2409 411 2389 412 2435 413 2436 414 2435 413 2389 412 2388 415 2394 416 2437 417 2438 418 2439 419 2440 419 2344 419 2441 420 2442 421 2443 422 2444 423 2445 423 2446 423 2447 424 2428 425 2448 426 2449 427 2450 427 2451 427 2452 428 2453 429 2454 430 2455 431 2456 432 2457 433 2458 434 2459 435 2460 435 2432 436 2461 437 2410 438 2454 439 2462 440 2452 441 2463 442 2464 443 2465 444 2461 445 2432 446 2466 447 2467 448 2434 448 2468 448 2464 443 2463 442 2469 449 2465 450 2470 451 2463 452 2471 453 2470 454 2455 455 2463 456 2470 457 2472 456 2417 458 2473 459 2413 460 2473 461 2417 462 2474 463 2429 464 2475 464 2426 464 2476 465 2477 466 2478 467 2295 468 2353 469 2479 470 2453 471 2452 472 2480 473 2457 474 2481 475 2455 476 2481 477 2457 478 2482 479 2316 480 2483 481 2484 482 2405 483 2485 484 2408 485 2486 486 2422 487 2421 488 2486 489 2421 490 2487 491 2487 492 2421 493 2488 494 2487 492 2488 494 2489 495 2489 495 2488 494 2490 496 2489 495 2490 496 2491 497 2491 497 2490 496 2492 498 2491 497 2492 498 2493 499 2490 496 2494 500 2492 498 2492 498 2494 500 2493 501 2494 502 2495 503 2493 504 2493 499 2496 505 2491 497 2422 506 2486 507 2497 508 2428 509 2447 510 2418 509 2476 511 2498 512 2477 513 2499 514 2500 515 2501 516 2502 517 2503 518 2504 519 2503 520 2502 521 2505 522 2506 523 2507 524 2508 523 2509 525 2505 526 2510 527 2505 528 2509 529 2503 530 2466 531 2511 532 2461 531 2511 533 2466 534 2512 535 2485 484 2405 483 2513 536 2513 537 2407 538 2507 539 2507 540 2506 541 2513 542 2407 543 2513 544 2405 544 2514 545 2515 199 2516 546 2517 547 2518 548 2519 549 2425 550 2520 551 2521 552 2522 553 2523 554 2524 555 2522 556 2525 557 2523 558 2526 559 2523 560 2525 561 2514 562 2516 562 2527 563 2528 564 2522 565 2524 566 2529 567 2512 568 2530 569 2531 570 2532 571 2533 572 2534 573 2535 574 2536 575 2444 576 2446 577 2537 578 2512 579 2538 580 2511 581 2443 582 2539 583 2441 584 2539 585 2443 586 2540 587 2532 588 2541 588 2542 588 2543 589 2544 590 2545 591 2545 592 2546 592 2547 592 2548 593 2549 593 2550 593 2424 594 2426 594 2551 594 2552 595 2553 596 2554 597 2525 598 2522 599 2555 600 2556 601 2557 602 2558 603 2557 604 2556 605 2559 606 2560 607 2561 608 2562 608 2563 609 2561 610 2564 611 2561 612 2563 613 2565 614 2274 615 2474 616 2270 617 2474 618 2274 619 2473 620 2566 621 2567 622 2397 623 2568 624 2569 625 2570 626 2543 627 2571 628 2572 629 2543 627 2572 629 2573 630 2573 630 2572 629 2574 631 2573 630 2574 631 2575 632 2575 632 2574 631 2528 633 2575 632 2528 633 2576 634 2529 635 2569 636 2512 637 2431 638 2416 639 2415 640 2448 641 2271 642 2447 643 2416 644 2431 645 2433 646 2271 647 2448 648 2269 649 2540 650 2570 651 2539 652 2570 653 2540 654 2568 655 2382 656 2419 657 2380 658 2577 659 2566 660 2397 661 2416 662 2436 663 2414 664 2436 665 2416 666 2389 667 2527 668 2578 669 2579 670 2580 671 2581 672 2582 673 2580 671 2582 673 2502 674 2502 674 2582 673 2460 675 2502 674 2460 675 2583 676 2510 677 2505 678 2583 676 2583 676 2505 678 2502 674 2584 679 2537 680 2446 681 2446 681 2585 682 2584 679 2584 679 2585 682 2586 683 2584 679 2586 683 2587 684 2587 684 2586 683 2588 685 2587 686 2588 687 2220 688 2220 688 2588 687 2218 689 2589 690 2590 691 2591 692 2559 693 2592 694 2557 695 2537 696 2593 697 2444 698 2460 699 2594 700 2458 701 2595 702 2596 703 2597 704 2598 705 2599 706 2600 707 2601 708 2602 709 2603 710 2604 711 2605 712 2606 713 2607 714 2608 715 2609 716 2610 717 2611 718 2612 719 2613 720 2614 721 2615 722 2616 723 2617 724 2598 725 2618 726 2619 727 2620 728 2621 729 2598 730 2617 731 2622 732 2623 733 2624 734 2625 735 2626 736 2627 735 2628 737 2629 738 2630 739 2631 740 2632 741 2633 742 2631 740 2633 742 2634 743 2634 743 2633 742 2635 744 2634 743 2635 744 2624 745 2636 746 2606 747 2637 748 2638 749 2639 750 2640 751 2639 752 2638 753 2641 754 2642 755 2643 756 2644 757 2626 758 2625 759 2645 760 2643 761 2642 762 2646 763 2620 764 2647 765 2648 766 2649 767 2650 768 2651 769 2652 770 2653 771 2654 772 2655 773 2656 774 2657 775 2658 776 2659 777 2657 775 2657 775 2659 777 2660 778 2657 775 2660 778 2655 773 2627 779 2661 780 2662 781 2663 782 2618 783 2664 784 2665 785 2666 786 2667 787 2650 788 2668 789 2669 790 2618 791 2663 792 2619 793 2664 794 2618 795 2630 796 2668 797 2650 798 2649 799 2670 800 2671 801 2672 802 2673 803 2636 804 2674 804 2675 805 2676 806 2677 807 2673 808 2606 809 2636 810 2678 811 2679 812 2680 813 2669 814 2681 815 2650 816 2641 817 2638 818 2682 819 2663 820 2683 821 2619 822 2684 823 2685 824 2663 825 2686 826 2640 827 2639 828 2687 829 2688 830 2603 831 2614 832 2689 833 2615 834 2690 835 2691 836 2692 837 2692 838 2691 839 2693 840 2674 841 2694 842 2673 843 2672 844 2695 844 2696 844 2697 845 2698 846 2699 847 2700 848 2701 849 2702 850 2700 848 2702 850 2628 851 2628 852 2702 853 2703 854 2628 852 2703 854 2629 855 2629 856 2703 857 2664 858 2629 856 2664 858 2630 859 2704 860 2705 861 2706 862 2707 863 2613 864 2708 865 2709 866 2710 867 2711 868 2712 869 2713 870 2682 871 2714 872 2710 872 2715 873 2716 874 2717 875 2718 876 2719 877 2615 878 2689 879 2620 880 2720 880 2637 880 2673 881 2721 882 2722 883 2723 884 2724 885 2725 886 2685 887 2725 888 2724 889 2726 890 2727 891 2695 892 2726 890 2695 892 2728 893 2728 894 2695 895 2729 896 2728 894 2729 896 2730 897 2729 896 2695 895 2672 898 2728 899 2730 900 2731 901 2731 901 2730 900 2732 902 2731 901 2732 902 2667 903 2667 904 2732 905 2665 906 2687 907 2665 908 2688 909 2688 910 2665 911 2732 912 2688 913 2732 914 2733 915 2733 916 2732 902 2730 900 2733 917 2730 918 2734 919 2734 919 2730 918 2729 920 2638 921 2653 922 2682 923 2735 924 2736 925 2737 926 2645 927 2738 928 2626 929 2739 930 2740 931 2741 932 2742 933 2743 934 2744 935 2745 936 2746 937 2747 938 2709 939 2711 940 2748 941 2748 942 2749 943 2709 944 2735 945 2746 946 2736 947 2750 948 2751 948 2752 948 2523 949 2753 949 2524 949 2575 950 2524 951 2754 952 2719 953 2689 954 2755 955 2756 956 2757 957 2758 958 2759 959 2760 960 2761 961 2762 962 2763 963 2761 961 2761 961 2763 963 2764 964 2761 961 2764 964 2759 959 2763 963 2762 962 2765 965 2766 966 2767 967 2762 962 2762 962 2767 967 2768 968 2762 962 2768 968 2765 965 2769 969 2768 968 2770 970 2770 970 2768 968 2767 967 2770 970 2767 967 2771 971 2771 971 2767 967 2772 972 2746 973 2773 974 2747 975 2774 976 2756 977 2775 978 2776 979 2777 980 2778 981 2776 982 2778 983 2779 984 2779 984 2778 983 2471 985 2779 984 2471 985 2780 986 2780 986 2471 985 2781 987 2780 986 2781 987 2782 988 2783 989 2784 990 2785 991 2785 991 2784 990 2786 992 2785 991 2786 992 2787 993 2787 993 2786 992 2749 994 2787 993 2749 994 2782 988 2782 988 2749 994 2788 995 2782 988 2788 995 2780 986 2749 996 2748 997 2788 998 2780 986 2789 999 2779 984 2779 984 2789 999 2790 1000 2779 1001 2790 1002 2776 1003 2789 999 2780 986 2788 1004 2791 1005 2792 1006 2793 1007 2794 1008 2795 1009 2796 1010 2708 1011 2797 1012 2707 1013 2798 1014 2799 1015 2800 1016 2801 1017 2802 1018 2797 1019 2797 1020 2802 1021 2798 1022 2797 1012 2798 1023 2707 1013 2707 1024 2798 1014 2800 1016 2803 1025 2804 1026 2699 1027 2805 1028 2806 1029 2704 1030 2697 1031 2699 1032 2807 1033 2807 1034 2699 1027 2804 1026 2808 1035 2809 1036 2810 1037 2804 1038 2806 1039 2805 1040 2811 1041 2812 1042 2813 1043 2814 1044 2815 1045 2813 1046 2813 1046 2815 1045 2816 1047 2813 1046 2816 1047 2811 1048 2811 1048 2816 1047 2817 1049 2811 1048 2817 1049 2818 1050 2816 1047 2815 1045 2819 1051 2819 1051 2815 1045 2814 1044 2819 1052 2814 1053 2820 1054 2821 1055 2822 1056 2823 1057 2823 1058 2822 1059 2817 1049 2823 1058 2817 1049 2816 1047 2818 1050 2817 1049 2822 1059 2824 1060 2825 1061 2826 1062 2827 1063 2719 1064 2755 1065 2813 1043 2812 1042 2814 1066 2800 1067 2799 1068 2828 1069 2785 1070 2787 1071 2783 1072 2829 464 2830 464 2831 464 2832 1073 2787 1074 2833 1073 2834 1075 2835 1076 2836 1077 2837 1078 2690 1079 2838 1080 2835 1081 2834 1082 2839 1083 2804 1084 2805 1085 2840 1086 2834 1087 2836 1088 2841 1089 2842 1090 2834 1091 2843 1092 2843 1093 2834 1087 2841 1089 2643 1094 2646 1095 2844 1096 2756 1097 2845 1098 2775 1099 2790 1100 2846 1101 2776 1102 2847 1103 2848 1104 2849 1105 2810 1106 2850 1107 2808 1108 2851 1109 2852 1110 2853 1111 2842 1112 2841 1113 2836 1114 2834 1115 2842 1115 2854 1115 2855 1116 2790 1117 2789 1118 2856 1119 2857 1120 2858 1121 2843 1122 2841 1123 2859 1124 2848 1125 2847 1126 2860 1127 2861 1128 2862 1129 2863 1130 2864 1131 2842 1131 2843 1131 2865 1132 2866 1133 2867 1134 2868 1135 2860 1136 2847 1137 2843 1138 2859 1139 2869 1140 2870 1141 2871 1142 2872 1143 2864 1144 2843 1145 2869 1144 2873 1146 2874 1147 2875 1148 2839 1149 2876 1150 2835 1151 2834 1152 2854 1153 2877 1153 2857 1154 2856 1155 2878 1156 2879 1157 2880 1158 2881 1159 2882 1160 2883 1160 2884 1160 2885 1161 2886 1162 2887 1163 2860 1164 2868 1165 2888 1166 2866 1167 2865 1168 2889 1169 2825 1170 2824 1171 2890 1172 2891 1173 2892 1174 2893 1175 2894 1176 2825 1177 2893 1178 2893 1178 2825 1177 2890 1179 2893 1178 2890 1179 2891 1180 2875 1181 2895 1182 2896 1183 2897 1184 2869 1185 2839 1186 2876 1187 2839 1188 2898 1187 2899 1189 2900 1190 2861 1191 2873 1192 2901 1193 2853 1194 2898 1195 2839 1196 2869 1197 2845 1198 2902 1199 2861 1200 2867 1201 2866 1202 2903 1203 2814 1204 2812 1205 2900 1206 2904 1207 2905 1208 2906 1209 2886 1210 2907 1211 2887 1212 2908 1213 2861 1214 2902 1215 2900 1216 2899 1217 2814 1218 2861 1219 2908 1220 2899 1221 2643 1222 2909 1222 2910 1222 2911 1223 2910 1224 2909 1225 2853 1226 2912 1227 2851 1228 2789 1229 2913 1230 2855 1231 2877 1232 2897 1233 2839 1234 2914 1235 2897 1236 2877 1237 2915 1238 2901 1239 2916 1240 2897 1241 2914 1241 2869 1241 2845 1242 2756 1243 2902 1244 2917 1245 2918 1246 2919 1247 2877 1248 2839 1249 2834 1248 2920 1250 2921 1251 2922 1252 2923 1253 2921 1254 2920 1255 2924 1256 2925 1257 2926 1258 2927 1259 2928 1260 2929 1261 2930 1262 2384 1263 2386 1264 2931 1265 2932 1266 2933 1267 2934 1268 2935 1269 2936 1270 2937 1271 2938 1271 2939 1272 2770 1273 2771 1274 2940 1275 2941 1276 2942 1277 2943 1278 2944 59 2945 59 2946 59 2947 59 2948 59 2946 59 2946 59 2948 59 2949 59 2946 59 2949 59 2944 59 2947 59 2950 59 2948 59 2951 1279 2952 1280 2953 1281 2951 1279 2953 1281 2954 1282 2954 1283 2953 1284 2477 1285 2954 1283 2477 1285 2955 1286 2956 1287 2957 1288 2958 1289 2959 1290 2960 1291 2961 1292 2889 1293 2929 1294 2866 1295 2962 1296 2963 1297 2964 1298 2964 1299 2965 1300 2962 1301 2962 1302 2965 1303 2966 1304 2962 1302 2966 1304 2967 1305 2967 1305 2966 1304 2968 1306 2967 1307 2968 1308 2969 1309 2969 1309 2968 1308 2970 1310 2969 1311 2970 1312 2971 1313 2965 1314 2972 1315 2966 1316 2966 1316 2972 1315 2973 1317 2966 1304 2973 1318 2968 1306 2968 1308 2973 1319 2974 1320 2975 1321 2973 1322 2972 1323 2976 1324 2977 1325 2978 1326 2978 1327 2979 1328 2980 1329 2981 1330 2974 1320 2980 1329 2980 1329 2974 1320 2973 1319 2980 1329 2973 1319 2978 1327 2978 1331 2973 1322 2975 1321 2978 1326 2975 1332 2976 1324 2968 1308 2974 1320 2970 1310 2969 1311 2971 1313 2967 1333 2967 1333 2971 1313 2982 1334 2967 1333 2982 1334 2963 1335 2963 1336 2962 1302 2967 1305 2983 1337 2984 1338 2985 1339 2986 1340 2987 1341 2937 1342 2929 1343 2889 1344 2988 1345 2989 1346 2990 1347 2991 1348 2992 1349 2993 1350 2994 1351 2885 1352 2887 1353 2995 1354 2996 1355 2991 1356 2990 1357 2997 1358 2998 1359 2999 1360 2893 1361 3000 1362 2894 1363 2857 1364 3001 1365 3002 1366 3003 1367 3000 1362 2893 1361 3004 1368 3005 1369 3006 1370 2333 232 2332 231 3007 1371 2332 1372 2951 1373 3007 1374 2935 1375 3008 1376 2936 1377 2988 1378 2927 1379 2929 1380 3009 1381 3010 1382 2917 1383 2893 1384 2892 1385 3003 1386 2927 1387 2988 1388 3011 1389 3012 1390 3013 1391 3005 1392 3014 1393 3015 1394 3016 1395 2932 1396 3017 1397 3018 1398 2932 1396 3018 1398 2933 1399 2933 1399 3018 1398 3019 1400 2933 1399 3019 1400 3020 1401 3021 1402 3019 1403 3018 1404 3022 1405 3018 1406 3017 1407 3023 1408 3024 1409 3025 1410 3023 1408 3025 1410 3026 1411 3026 1411 3025 1410 3027 1412 3026 1411 3027 1412 3028 1413 2323 1414 3029 1415 3030 1416 3031 1417 3032 1417 3033 1417 3034 1418 3035 1419 3036 1420 2323 1421 3030 1422 2324 1423 3033 1424 3037 1424 3031 1425 3038 1426 3039 1427 3040 1428 3040 1428 3041 1429 3038 1426 3038 1426 3041 1429 3042 1430 3038 1431 3042 1432 3043 1433 3044 464 3045 464 3046 464 2339 1434 2340 1435 3047 1436 2329 1437 2357 1438 3048 1439 3028 464 3049 464 3050 464 3028 464 3050 464 3026 464 3026 464 3050 464 3051 464 3026 464 3051 464 3023 464 3036 1440 3052 1440 3034 1440 3053 1441 3054 1441 2363 1442 3055 1443 3056 1444 3057 1445 3058 1446 3056 1447 3055 1448 3059 1449 3060 1450 2772 1451 3061 1452 3062 1452 3032 1452 3062 1453 3061 1454 3063 1455 3064 1456 2764 1457 2763 1458 3065 1459 3066 1460 3067 1461 3068 1462 3069 1463 3070 1464 3066 1465 3065 1466 3071 1467 3068 1462 3072 1468 3069 1463 3073 1469 3074 1470 3075 1471 2304 1472 2303 1473 3076 1474 3077 1475 3078 1476 3079 1477 3080 1478 3066 1479 3071 1480 3060 1481 2771 1482 2772 1483 3081 1484 3082 1485 3083 1486 3084 1487 3085 1488 3086 1489 3087 1490 3088 1491 3089 1492 3090 1493 3091 1494 3092 1495 3093 1496 3080 1497 3094 1498 3095 1499 3096 1500 3097 1499 3083 1501 3098 1502 3081 1503 3080 1504 3093 1505 3099 1506 3052 1507 3100 1507 3034 1507 3098 1508 3083 1509 3035 1510 3101 1511 3102 1512 3103 1513 2332 1514 2334 1515 3103 1516 3103 1516 2334 1515 3104 1517 3103 1516 3104 1517 3101 1518 2639 1519 3105 1520 3106 1521 3096 1522 3095 1523 3081 1523 3037 1524 3033 1525 3107 1526 3066 1527 3080 1528 3099 1529 3078 1530 3077 1531 3108 1532 2784 1533 3109 1534 3110 1535 3111 1536 3112 1537 3077 1538 3066 1539 3099 1540 3113 1541 3032 1542 3031 1543 3061 1544 3114 1545 3115 1546 3116 1547 3115 1548 3114 1549 3117 1550 3096 1551 3081 1552 3098 1553 3035 1554 3034 1555 3098 1556 3118 1557 3119 1558 3120 1559 3121 464 3122 464 3123 464 3123 1560 3122 1560 3124 1560 3123 1561 3124 1561 3125 1561 3125 464 3124 464 3126 464 3125 1562 3126 1562 3127 1562 3127 1563 3126 1563 3128 1563 3127 1564 3128 1564 3129 1564 3129 464 3128 464 3130 464 3129 464 3130 464 3120 1565 3120 1566 3130 1567 3131 1568 3120 1569 3131 1570 3118 1571 2375 1572 3132 1572 2366 1573 2366 1574 3132 1575 3133 1576 2366 1574 3133 1576 2367 1577 3134 1578 3135 1578 3136 1578 3136 464 3135 464 3121 464 3136 464 3121 464 2375 464 2375 1579 3121 1579 3123 1579 2375 464 3123 464 3132 464 3137 464 3138 464 2880 464 2880 464 3138 464 3139 464 2880 464 3139 464 2881 464 2881 464 3139 464 3140 464 2881 1580 3140 1580 3141 1580 3141 464 3140 464 3142 464 3141 464 3142 464 3143 464 3143 464 3142 464 3144 464 3143 464 3144 464 3145 464 3145 1581 3144 1581 3146 1581 3145 464 3146 464 3147 464 3147 1582 3146 1582 3148 1582 3147 1583 3148 1583 3149 1583 3149 1584 3148 1584 3150 1584 3149 1585 3150 1585 3151 1585 3151 1586 3150 1586 3152 1586 3151 1587 3152 1587 3153 1587 3153 464 3152 464 3154 464 3153 1588 3154 1588 3134 1588 3134 464 3154 464 3155 464 3134 1589 3155 1589 3135 1589 3137 464 2880 464 2197 1590 2863 1591 3156 1592 3157 1593 3158 1594 3137 1594 3159 1594 3159 1595 3137 464 2197 1590 3159 1595 2197 1590 3160 1596 3160 1596 2197 1590 3156 1592 3160 1596 3156 1592 2862 1597 2862 1597 3156 1592 2863 1591 3158 464 3159 464 3161 464 3162 464 3163 464 3164 464 3164 1598 3163 1598 3165 1598 3164 464 3165 464 3166 464 3166 464 3165 464 3167 464 3166 1599 3167 1599 3168 1599 3168 1600 3167 1600 3169 1600 3168 464 3169 464 3170 464 3170 464 3169 464 3171 464 3170 1601 3171 1601 3161 1601 3161 464 3171 464 3172 464 3161 464 3172 464 3158 464 3173 1602 3156 1603 2197 1604 3174 1605 3173 1606 2196 1607 2196 1607 3173 1606 2197 1608 2198 1609 2197 1610 3175 1611 2197 1610 3176 1612 3175 1611 3175 1613 3176 1614 3177 1615 3175 1613 3177 1615 2323 1616 2197 1617 2880 1618 3176 1619 3176 1620 2880 1621 2879 1622 3176 1623 2879 1624 3178 1625 3175 1613 2323 1616 2198 1626 2198 1626 2323 1616 2196 1627 3179 1628 2205 1629 3180 1630 3180 1630 3181 1631 3179 1628 3179 1628 3181 1631 2206 1632 3179 1628 2206 1632 2205 1629 3182 1633 3183 1633 3184 1633 3185 1633 3186 1634 3184 1633 3184 1633 3186 1634 3187 1635 3184 1633 3187 1636 3182 1633 2280 1637 3188 1638 2235 1639 2200 1640 2214 1641 2280 1642 2280 1637 2214 1643 2213 1644 2280 1637 2213 1644 3188 1638 3189 1645 3190 1646 3191 1647 3190 1648 3189 1649 3024 1650 3024 1650 3189 1649 3192 1651 3024 1650 3192 1651 3027 1652 3193 1653 3194 1654 3195 1655 3195 1655 3194 1654 3196 1656 3195 1655 3196 1656 3197 1657 3197 1658 3196 1659 3198 1660 3197 1661 3198 464 3199 464 3199 464 3198 464 3200 464 3199 1662 3200 1662 3201 1662 3201 1663 3200 1663 3202 1663 3201 1664 3202 1664 3203 1664 3203 1665 3202 1665 3204 1665 3203 1666 3204 1666 3205 1666 3205 1667 3204 1667 3206 1667 3205 1668 3206 1668 3207 1668 3207 1669 3206 1669 3208 1669 3207 1670 3208 1670 3209 1670 3209 1671 3208 1671 3210 1671 3209 464 3210 464 3211 464 3211 1672 3210 1672 3212 1672 3211 464 3212 464 3213 464 3213 1673 3212 1673 3214 1673 3213 1674 3214 1674 3215 1674 3215 464 3214 464 3216 464 3215 464 3216 464 3217 464 3217 1675 3216 1675 3218 1675 3217 464 3218 464 3219 464 3220 1676 3027 1652 3193 1653 3193 1653 3027 1652 3192 1651 3193 1653 3192 1651 3194 1654 3221 464 3027 1677 3222 464 3222 1678 3027 1652 3220 1676 3024 1650 3027 1652 3025 1679 2180 1680 3223 1681 2221 1682 3224 1683 3225 1684 2180 1680 2180 1680 3225 1684 2276 1685 2180 1680 2276 1685 3223 1681 2180 1686 3226 199 3224 199 3224 199 3226 199 3227 199 3225 1684 3224 1683 3228 1687 2276 1685 2279 1688 3223 1681 3223 1681 2279 1688 2249 1689 3223 1681 2249 1689 2521 1690 2521 1690 2249 1689 2275 1691 2521 1690 2275 1691 3229 1692 2521 1690 3229 1692 2458 1693 2458 1693 3229 1692 3230 1694 2594 1695 3231 1696 2458 1693 2458 1693 3231 1696 3232 1697 2458 1693 3232 1697 2521 1690 2521 1690 3232 1697 2504 1698 2521 1690 2504 1698 2503 1699 2521 1690 2503 1699 2449 1700 2449 1700 2503 1699 2509 1701 2449 1700 2509 1701 2450 1702 2450 1702 2509 1701 3233 1703 2450 1702 3233 1703 3234 199 2221 1682 3223 1681 2215 1704 2215 1704 3223 1681 2337 1705 2215 1704 2337 1705 3235 1706 2521 1707 3236 1708 3223 1709 3223 1709 3236 1708 2335 1710 3223 1709 2335 1710 2337 1711 3236 1712 2521 1713 2520 1714 2336 1715 3237 1716 2337 1717 2337 1705 3237 1718 3238 1719 2337 1705 3238 1719 3235 1706 3238 1719 3237 1718 3239 1720 3240 1721 2268 1722 2267 1723 2267 1723 3241 1724 3240 1721 3240 1721 3241 1724 3242 1725 3240 1721 3242 1725 2268 1722 3243 1726 2254 1727 2253 1728 2253 1728 3244 1729 3243 1726 3243 1726 3244 1729 2284 1730 3243 1726 2284 1730 2254 1727 2315 194 2265 1731 2316 59 2314 193 2319 1732 2315 194 2315 194 2319 1732 2318 1733 2315 194 2318 1733 2265 1731 2265 1731 2318 1733 2209 1734 2210 1735 2209 1734 3245 1736 3245 1736 2209 1734 2318 1733 3246 1737 3247 1738 3029 1739 3029 1739 2323 1740 3246 1737 3246 1741 2323 1742 3248 1743 3246 1741 3248 1743 3249 1744 3249 1745 3248 1746 3250 1747 3249 1748 3250 1749 3251 1750 2282 1751 2281 1752 3252 1753 3252 1753 2281 1752 2927 1754 3011 1755 3253 1756 3252 1753 3252 1753 3253 1756 3251 1750 3252 1753 3251 1750 2282 1751 2282 1751 3251 1750 3250 1749 2282 1757 3250 1758 2283 1759 3011 1755 3252 1753 2927 1760 3246 1761 3249 1762 3247 1763 3247 1764 3249 1765 3251 1766 3247 1767 3251 1750 3253 1756 2255 1768 3254 1769 2263 1770 3254 1771 2255 1772 3255 1773 3255 1773 2255 1772 2306 1774 3255 1773 2306 1774 2310 1775 3255 1773 2310 1775 2370 1776 2370 1777 2310 1778 2312 1779 2370 1777 2312 1779 3256 1780 3256 1780 2312 1779 2317 1781 3256 1780 2317 1781 3257 1782 3258 1783 3259 1784 3260 1785 3261 1786 3262 1787 3263 1788 3263 1788 3262 1787 3264 1789 3265 1790 3266 1791 3261 1786 3261 1786 3266 1791 3267 1792 3261 1786 3267 1792 3262 1787 3266 1791 3268 1793 3267 1792 3267 1792 3268 1793 3269 1794 3267 1792 3269 1794 3270 1795 3270 1795 3269 1794 3271 1796 3270 1795 3271 1796 3272 1797 3266 1791 3273 1798 3268 1793 3269 1794 3268 1793 3274 1799 3270 1795 3272 1797 3275 1800 3275 1800 3272 1797 3276 1801 3277 1802 3278 1803 3276 1801 3276 1801 3278 1803 3279 1804 3276 1801 3279 1804 3275 1800 3277 1802 3280 1805 3278 1803 3278 1803 3280 1805 3281 1806 3278 1803 3281 1806 3279 1807 3279 1808 3281 1809 3282 1810 3279 1811 3282 1812 3283 1813 3283 1813 3282 1812 2526 1814 3283 1813 2526 1814 2525 1815 2525 1816 3279 1817 3283 1818 2525 1819 2555 1820 3279 1821 3279 1821 2555 1820 2574 1822 3279 1823 2574 1824 2572 1825 3284 1826 3285 1827 2572 1828 2572 1828 3285 1827 3286 1829 2572 1828 3286 1829 3279 1830 3285 1827 3287 1831 3286 1829 3286 1829 3287 1831 3288 1832 3286 1829 3288 1832 3289 1833 3290 1834 3291 1835 3289 1833 3289 1833 3291 1835 3292 1836 3289 1833 3292 1836 3286 1829 3293 1837 3294 1838 2589 1839 2589 1839 3294 1838 3292 1836 2589 1839 3292 1836 3291 1835 3294 1838 3295 1840 3292 1836 3296 1841 3297 1842 3298 1843 3298 1843 3297 1842 3258 1844 3298 1845 3258 1846 3299 1847 3299 1848 3258 1849 3260 1850 3299 1848 3260 1850 3300 1851 3300 1851 3260 1850 3301 1852 3300 1851 3301 1852 3264 1853 3264 1853 3301 1852 3302 1854 3264 1789 3302 1855 3263 1788 3296 1841 3298 1843 3043 1856 3043 1856 3298 1843 3303 1857 3043 1856 3303 1857 3038 1858 3038 1858 3303 1857 3039 1859 3304 1860 3305 1861 3298 1843 3298 1843 3305 1861 3039 1859 3298 1843 3039 1859 3303 1857 3227 1862 3306 1863 3224 1864 3224 1864 3306 1863 3307 1865 3224 1864 3307 1865 3228 1866 3308 1867 3307 1865 3309 1868 3309 1868 3307 1865 3306 1863 2459 1869 2458 1870 3309 1868 3309 1868 2458 1870 3230 1871 3309 1868 3230 1871 3308 1867 2336 1872 3310 1873 3237 1874 3237 1874 3310 1873 3239 1875 3311 1876 3305 1861 2336 1872 2336 1872 3305 1861 3304 1860 2336 1872 3304 1860 3310 1873 3310 1873 3304 1860 3306 1877 3310 1873 3306 1877 3312 1878 3312 1878 3306 1877 3227 1879 3313 1880 2355 1881 3314 1882 3314 1882 2369 1883 3313 1880 3313 1880 2369 1883 2356 1884 3313 1880 2356 1884 2355 1881 3315 1885 3316 1886 2500 1887 3317 1888 3318 1889 3319 1890 3319 1890 3318 1889 3320 1891 3319 1892 3320 1893 3321 1894 3321 1895 3320 1896 3322 1897 3323 1898 3322 1897 3324 1899 3324 1899 3322 1897 3320 1896 3324 1900 3325 1901 3323 1902 3323 1903 3325 1904 3326 1905 3323 1906 3326 1907 3327 1908 3327 1908 3326 1907 3328 1909 3328 1910 3326 1911 3329 1912 3327 1913 3315 1914 3323 1915 3323 1916 3315 1917 2500 1918 3323 1916 2500 1918 3322 1919 3322 1897 2500 1920 2499 1921 3322 1897 2499 1921 3321 1895 3321 1895 2499 1921 3319 1922 2511 1923 2410 1924 2461 1925 2410 1924 2511 1923 2411 59 2411 1926 2511 1927 2538 1926 2411 59 2538 59 2568 59 2540 1928 2443 1928 2568 1928 2568 59 2443 59 2442 59 2568 1929 2442 1929 2411 1929 2445 1930 3330 1931 3331 1932 2445 1933 3331 1934 2446 1935 2446 1935 3331 1934 3332 1936 2446 1937 3332 1938 2585 1939 2585 1939 3332 1938 3333 1940 2585 1939 3333 1940 2586 1941 2586 1942 3333 1943 2364 1944 2586 1942 2364 1944 2588 1945 2588 1946 2364 1947 3334 1948 2588 1946 3334 1948 3335 1949 2364 1944 3333 1943 2362 1950 2362 1950 3333 1943 3336 1951 3337 1952 3338 1952 2831 1952 3339 199 3340 199 3341 199 3341 199 3340 199 3342 199 3341 199 3342 199 3343 199 3343 199 3342 199 3294 199 3343 1953 3294 1953 3337 1953 3337 199 3294 199 3293 199 3337 199 3293 199 3338 199 3339 199 3341 199 3344 199 2515 59 2514 59 3345 59 3345 1954 3101 1954 2515 1954 2515 1955 3101 1955 3104 1955 2515 59 3104 59 2334 59 2334 1956 2333 1956 2515 1956 2566 1957 3346 1958 3347 1959 3348 1960 3349 1961 3346 1958 3346 1958 3349 1961 3350 1962 3346 1958 3350 1962 3347 1959 3347 1959 3350 1962 3351 1963 3347 1959 3351 1963 2535 1964 2535 1965 3351 1963 3352 1966 3348 1960 3346 1958 3353 1967 3354 1968 3353 1969 2577 1970 2577 1971 3353 1967 3346 1958 2577 1971 3346 1958 2566 1972 2422 1973 3355 1974 3354 1975 3354 1976 3355 1977 3356 1978 3354 1976 3356 1978 3353 1979 3353 1979 3356 1978 2846 1980 3353 1967 2846 1981 3348 1960 2422 1973 3354 1975 2423 1982 2497 508 3357 1983 3355 1977 3355 1977 3357 1983 3358 1984 3355 1977 3358 1984 3356 1978 3356 1978 3358 1984 3359 1985 3356 1978 3359 1985 3360 1986 2497 508 3355 1977 2422 506 3359 1985 2777 1987 3360 1986 3360 1986 2777 1987 2776 1988 3360 1989 2776 1990 2846 1991 3356 1978 3360 1986 2846 1980 2846 1992 3361 1993 3348 1960 3348 1960 3361 1993 3362 1994 3348 1960 3362 1994 3349 1961 2846 1995 2790 1996 3361 1997 3361 1993 2790 1998 3362 1994 3362 1999 2790 2000 2855 2001 3363 2002 3352 1966 3364 2003 3364 2003 3352 1966 3351 1963 3364 2003 3351 1963 3350 1962 2711 2004 2710 2005 3365 2006 3365 2006 2710 2005 2714 2007 3365 2006 2714 2007 2536 2008 2535 2009 3352 1966 2536 2010 2536 2010 3352 1966 3363 2002 2536 2010 3363 2002 3365 2011 3347 2012 2535 2013 2566 2014 2566 2015 2535 2016 2567 2017 3366 2018 2716 2019 2599 2020 2621 2021 3366 2022 2598 2023 2598 2024 3366 2025 2599 2026 2559 2027 3291 2028 3290 2029 2546 2030 3367 2031 2556 2032 2556 2032 3367 2031 2590 2033 2556 2032 2590 2033 2559 2034 2559 2027 2590 2035 2589 2036 2559 2027 2589 2036 3291 2028 2524 2037 2753 2038 2754 2039 2754 2039 2753 2038 3367 2031 2754 2039 3367 2031 2544 2040 2544 2040 3367 2031 2546 2030 2544 2040 2546 2030 2545 2041 2523 2042 3368 2043 2753 2044 2753 2044 3368 2043 3369 2045 2753 2044 3369 2045 3367 2046 2832 2047 2783 2048 2787 2049 2844 2050 3092 2051 2832 2052 2832 2052 3092 2051 3370 2053 2832 2052 3370 2053 2783 2054 2832 2052 2833 2055 2844 2050 3090 2056 3092 2051 2646 2057 2646 2057 3092 2051 2844 2050 3091 2058 3090 2056 3371 2059 3371 2059 3090 2056 2646 2057 3371 2059 2646 2057 3372 2060 3372 2060 2646 2057 3373 2061 3372 2060 3373 2061 3374 2062 3374 2062 3373 2061 3375 2063 2882 2064 2884 2065 3376 2066 2882 2064 3376 2066 3377 2067 3377 2067 3376 2066 3378 2068 3377 2067 3378 2068 3379 2069 3378 2068 3380 2070 3379 2069 3379 2069 3380 2070 3381 2071 3379 2069 3381 2071 3382 2072 3382 2072 3383 2073 3379 2069 3379 2069 3383 2073 3384 2074 3379 2069 3384 2074 3385 2075 3385 2075 3384 2074 3386 2076 3385 2075 3386 2076 3387 2077 3388 2078 2562 2079 3389 2080 3389 2080 2562 2079 3385 2075 3389 2080 3385 2075 3387 2077 3390 2081 2562 2079 3388 2078 3390 2081 3391 2082 2562 2079 2562 2079 3391 2082 3392 2083 2562 2079 3392 2083 3393 2084 3393 2084 3392 2083 2883 2085 3393 2084 2883 2085 2882 2086 3375 2087 3393 2084 2882 2086 2882 2086 3394 2088 3395 2089 3395 2089 3394 2088 3012 2090 3395 2089 3012 2090 3396 2091 3396 2091 3012 2090 3004 2092 3396 2093 3004 2094 3397 2095 3397 2095 3004 2094 3398 2096 3397 2095 3398 2096 3399 2097 3399 2097 3398 2096 3400 2098 3399 2097 3400 2098 3328 2099 3328 2100 3400 2098 3006 2101 3328 2102 3006 2103 3327 2104 3012 2105 3394 2106 3401 2107 3005 2108 3004 2092 3012 2090 3004 2094 3006 2101 3398 2096 3398 2096 3006 2101 3400 2098 3091 2058 3371 2059 3397 2109 3397 2109 3371 2059 3396 2091 3396 2091 3371 2059 3395 2089 3395 2089 3371 2059 3374 2110 3395 2089 3374 2110 2882 2086 2882 2086 3374 2110 3402 2111 2882 2086 3402 2111 3375 2087 3403 2112 3385 2075 3404 2113 3404 2113 3385 2075 2562 2079 3404 2113 2562 2079 2565 614 2565 614 2562 2079 2561 612 2624 2114 2635 2115 3405 2116 2622 2117 2624 2118 3406 2119 3406 2120 2624 2114 3405 2116 2684 2121 3407 2122 3408 2123 2684 2121 3408 2123 3409 2124 3409 2124 3408 2123 2703 2125 3409 2124 2703 2125 2702 2126 3409 2124 2702 2126 3410 2127 3410 2128 2702 2129 2701 59 2605 2130 2610 2131 2620 2132 2606 2133 2605 2134 2637 2135 2637 2135 2605 2134 2620 2136 3411 2137 3370 2138 3092 2139 2783 2140 3370 2138 3412 2141 3412 2141 3370 2138 3411 2137 2666 2142 2665 2143 2687 2144 3413 2145 2666 2146 3414 2147 3414 2148 2666 2142 2687 2144 3415 2149 3366 2150 3416 2151 2621 2152 2774 2153 3417 2154 3417 2154 2774 2153 3418 2155 3418 2155 2774 2153 2775 2156 3418 2155 2775 2156 2845 2157 2861 2158 2863 2159 2845 2157 2845 2157 2863 2159 3157 2160 2845 2157 3157 2160 3418 2155 3418 2155 3157 2160 3419 2161 3418 2155 3419 2161 3417 2154 3417 2154 3419 2161 3420 2162 3157 2160 3156 2163 3419 2161 3419 2161 3156 2163 3421 2164 3419 2161 3421 2164 2903 2165 2903 2165 3421 2164 3422 2166 3174 2167 3423 2168 3173 2169 3173 2170 3423 2171 3421 2172 3173 2173 3421 2164 3156 2163 3421 2164 3423 2174 3422 2166 2928 2175 3424 2176 2929 2177 2929 2177 3424 2176 2866 2178 2928 2179 2766 2180 3424 2181 3424 2181 2766 2180 2762 2182 3424 2181 2762 2182 2866 2183 2866 2183 2762 2182 2761 2184 2866 2183 2761 2184 2903 2185 2903 2185 2761 2184 3425 2186 2903 2187 3425 2188 3426 2189 3426 2189 3425 2188 3427 2190 3426 2189 3427 2190 3420 2191 3425 2186 2761 2184 2760 2192 3420 2162 3419 2161 3426 2193 3426 2193 3419 2161 2903 2165 3427 2194 3428 2195 3420 2196 3420 2197 3428 2198 3415 2199 3420 2200 3415 2201 3417 2154 3417 2154 3415 2201 3416 2202 3417 2154 3416 2202 2621 2152 2621 2152 3416 2202 3366 2203 3429 2204 2725 2205 2685 2206 2684 2207 3409 2208 2685 2209 2685 2209 3409 2208 3410 2210 2685 2209 3410 2210 3429 2211 3430 2212 2710 2213 2709 2214 2714 2215 3430 2216 3431 2217 3431 2218 3430 2219 2709 2220 2721 2221 2673 2222 2694 2223 2674 2224 3432 2225 2694 2226 2694 2227 3432 2228 3433 2229 2694 2223 3433 2230 2721 2221 2899 2231 2820 2232 2814 2233 2820 2232 2899 2231 3434 2234 3434 2234 2899 2231 2908 2235 3434 2234 2908 2235 3435 2236 2633 2237 2632 2238 3436 2239 3437 2240 3438 2241 3439 2242 3439 2242 3438 2241 3440 2243 3439 2242 3440 2243 3436 2239 3436 2239 3440 2243 3405 2244 3436 2239 3405 2244 2633 2237 2633 2237 3405 2244 2635 2245 3441 2246 3032 2247 3442 2248 3442 2248 3032 2247 3062 2249 3442 2250 3062 2251 3437 2240 3437 2240 3062 2251 3443 2252 3437 2240 3443 2252 3438 2241 3032 2247 3441 2246 3033 199 3033 199 3441 2246 3107 2253 3107 2254 3441 2255 3084 2256 3107 2257 3084 2258 3444 2259 3084 2260 3441 2261 3445 2262 3446 2263 2793 2264 2792 2265 2792 2265 2911 2266 3446 2263 3446 2263 2911 2266 3447 2267 3446 2263 3447 2267 2793 2264 2805 2268 2795 2269 2840 2270 2752 2271 2795 2269 3448 2272 3448 2272 2795 2269 2805 2268 3448 2272 2805 2268 2704 2273 2752 2271 3448 2272 2750 2274 2796 2275 2795 2269 2752 2271 2870 1141 3449 2276 2871 1142 2871 1142 3449 2276 3450 2277 2871 1142 3450 2277 3451 2278 3451 2278 3450 2277 2796 2275 3451 2278 2796 2275 3452 2279 3452 2279 2796 2275 2752 2271 2980 2280 3449 2281 2981 2282 2981 2283 3449 2284 2870 2285 3453 2286 2751 2287 2706 2288 2706 2288 2705 2289 3453 2286 3453 2286 2705 2289 3454 2290 3453 2286 3454 2290 3455 2291 2656 1633 3456 1633 3455 1633 3455 2291 3456 2292 3453 2286 2878 2293 2996 2294 3457 2295 3001 2296 2878 2297 3458 2298 3458 2299 2878 2300 3457 2301 3458 2302 3457 2303 3459 2304 3001 2305 2857 2306 2878 2307 2774 2308 2757 957 2756 956 2621 2309 3460 2310 2774 2308 2774 2308 3460 2310 3461 2311 2774 2308 3461 2311 2757 957 2828 2312 2799 2313 3462 2314 3463 2315 3464 2316 3462 2317 3462 2317 3464 2316 3465 2318 3462 2317 3465 2318 3466 2319 3467 2320 2990 2321 3468 2322 3468 2322 2990 2321 2989 2323 3468 2322 2989 2323 3469 2324 3469 2324 2989 2323 3466 2319 3469 2324 3466 2319 3470 2325 3470 2325 3466 2319 3465 2318 3468 2322 3471 2326 3467 2320 3467 2320 3471 2326 3472 2327 3467 2320 3472 2327 3473 2328 3473 2328 3459 2329 3467 2320 3467 2330 3459 2331 3457 2332 3467 2333 3457 2334 2990 2335 2990 2336 3457 2337 2996 2338 3474 2339 3475 2340 3476 2341 3476 2341 3475 2340 2989 2342 3476 2343 2828 2344 3474 2345 3474 2339 2828 2346 3462 2317 3474 2339 3462 2317 3475 2340 3475 2340 3462 2317 3466 2319 3475 2340 3466 2319 2989 2347 3277 2348 3276 2349 3477 2350 3089 2351 3478 2352 3087 2353 3087 2354 3478 2355 3479 2356 3087 2357 3479 2358 3477 2350 3477 2350 3479 2358 3280 2359 3477 2350 3280 2359 3277 2348 3089 2351 3046 2360 3478 2352 3046 2360 3089 2351 3044 2361 3044 2361 3089 2351 3088 2362 3044 2361 3088 2362 3045 2363 3045 2364 3088 2365 3480 2366 3045 2364 3480 2366 3481 2367 3481 2367 3480 2366 3269 2368 3481 2367 3269 2368 3274 2369 3281 2370 3482 2371 3282 2372 3482 2371 3281 2370 3483 2373 3483 2373 3281 2370 3280 2374 3483 2373 3280 2374 3479 2375 3483 2373 3479 2375 2830 199 2830 2376 3479 2377 3478 2376 2830 199 3478 199 3046 199 3484 199 3463 199 3462 199 3002 2378 3484 199 2801 199 2801 2379 3484 2379 3462 2379 2801 199 3462 199 2802 199 2802 2380 3462 2380 2799 2380 2802 199 2799 199 2798 199 3458 2381 3459 2382 3001 2383 3001 2383 3459 2382 3473 2384 3001 2383 3473 2384 3002 2378 3002 2378 3473 2384 3485 2385 3002 2378 3485 2385 3484 199 3486 2386 2890 2386 2824 2387 3487 2388 3488 2389 2824 2390 2824 2390 3488 2389 3489 2391 2824 2390 3489 2391 3486 2392 3487 2393 2824 2394 2906 2395 2906 2396 2824 2397 3490 2398 3491 2399 3484 2400 3485 2401 3492 2402 3491 2399 3493 2403 3493 2403 3491 2399 3485 2401 3493 2403 3485 2401 3494 2404 3494 2404 3485 2401 3495 2405 3494 2404 3495 2405 3496 2406 3497 2407 2796 2408 2977 2409 2980 2410 2979 2411 3449 2412 3449 2412 2979 2411 2977 2409 3449 2412 2977 2409 3450 2413 3450 2413 2977 2409 2796 2408 2978 2414 2977 2409 2979 2411 3327 2415 3498 2416 3315 2417 3316 2418 3498 2416 3005 2419 3005 2419 3498 2416 3327 2415 3005 2419 3327 2415 3006 2420 3315 2421 3498 2416 3316 2418 3499 2422 3500 2423 2945 2424 3500 2425 3499 2426 3501 2427 3501 2427 3499 2426 3502 2428 3501 2427 3502 2428 3503 2429 2945 2424 3500 2423 2946 2430 2946 2430 3500 2423 2963 2431 2946 2432 2963 2433 2947 2434 2947 2434 2963 2433 2982 2435 2947 2434 2982 2435 2950 2436 3504 2437 3505 2438 2995 2439 3506 2440 3507 2441 3508 2442 3508 2443 3507 2444 3509 2445 3508 2443 3509 2445 3510 2446 3510 2446 3509 2445 3511 2447 3510 2446 3511 2447 2907 2448 2907 2448 3511 2447 3504 2437 2907 2448 3504 2437 2887 2449 2887 2449 3504 2437 2995 2439 3511 2450 3509 2445 3507 2444 3512 2451 3513 2452 3514 2453 3512 2451 3515 2454 3513 2452 3513 2452 3515 2454 3516 2455 3513 2452 3516 2455 2937 2456 3512 2451 3517 2457 3515 2454 3515 2454 3517 2457 3518 2458 3515 2454 3518 2458 3516 2455 3516 2455 3518 2458 3085 2459 3516 2455 3085 2459 3441 2460 3441 2460 3085 2459 3445 2461 3085 2462 3084 2463 3445 2464 3441 2460 3519 2465 3516 2455 3516 2455 3519 2465 2986 2466 3516 2455 2986 2466 2937 2467 3520 2468 3521 2469 3522 2470 3523 2471 3524 2472 3525 2473 3523 2471 3526 2474 3524 2472 3524 2472 3526 2474 3527 2475 3524 2472 3527 2475 3528 2476 2462 2477 3524 2472 3528 2476 2454 2478 2450 2479 2462 2477 2462 2477 2450 2479 2459 2480 2462 2477 2459 2480 3524 2472 2450 2479 3234 2481 2459 2480 2459 2480 3234 2481 2583 2482 2459 2480 2583 2482 2460 2483 3529 2484 3530 2485 3531 2486 3531 2486 3530 2485 3520 2468 3531 2486 3520 2468 3532 2487 3532 2487 3520 2468 3522 2470 3532 2487 3522 2470 3525 2473 3525 2473 3522 2470 3533 2488 3525 2473 3533 2488 3523 2471 2987 2489 2986 2490 3534 2491 3535 2492 3056 2493 3536 2494 3536 2495 3056 2496 3534 2497 3536 2498 3534 2491 3537 2499 3537 2499 3534 2491 2986 2490 3537 2499 2986 2490 3519 2500 3538 2501 3534 2502 3058 2503 3058 2503 3534 2502 3056 2504 3539 2505 3540 2506 3541 2507 3542 2508 3543 2509 3544 2510 3544 2510 3543 2509 3541 2511 3544 2510 3541 2511 3540 2512 3545 2513 3543 2514 3542 2515 3546 2516 3547 2517 3548 2518 3548 2519 3547 2517 3549 2520 3548 2521 3549 2522 3550 2523 3550 2524 3549 2525 3551 2526 3550 2524 3551 2526 3552 2527 3552 2527 3551 2526 3553 2528 3554 2529 3069 2530 3072 2531 3068 2532 3064 2533 3072 2534 3072 2534 3064 2533 3555 2535 3072 2536 3555 2537 3554 2538 3554 2538 3555 2537 3546 2516 3554 2538 3546 2516 3548 2539 3556 2540 3555 2535 3064 2533 3557 2541 3558 2542 3559 2543 3559 2543 3558 2542 3560 2544 3559 2543 3560 2544 3561 2545 3561 2546 3560 2547 3562 2548 3560 2544 3558 2542 3563 2549 3564 2550 2769 2551 3563 2552 3563 2552 2769 2551 3562 2553 3563 2549 3562 2554 3560 2544 3562 2555 2769 2556 3565 2557 3565 2557 2769 2556 2770 2558 3561 2545 3553 2528 3559 2543 3559 2543 3553 2528 3551 2526 3559 2543 3551 2526 3557 2541 3557 2541 3551 2526 3549 2525 3557 2559 3549 2520 3566 2560 3566 2560 3549 2520 3547 2517 3566 2560 3547 2517 3567 2561 3567 2561 3547 2517 3546 2516 3567 2561 3546 2516 3568 2562 3568 2562 3546 2516 3555 2537 3568 2562 3555 2537 3556 2563 3561 2564 3539 2565 3553 2566 3553 2567 3539 2568 3541 2569 3553 2528 3541 2570 3552 2527 3552 2571 3541 2511 3543 2509 3552 2527 3543 2572 3550 2524 3569 2573 3570 2574 3571 2575 3572 2576 3573 2577 3571 2575 3571 2575 3573 2577 3574 2578 3571 2575 3574 2578 3569 2573 3572 2576 3571 2575 3570 2579 3105 2580 3574 2578 3573 2577 3106 2581 3105 2582 3575 2583 3575 2584 3105 2580 3573 2577 3105 2585 2639 2586 3574 2587 3574 2578 2639 2588 2641 2589 3574 2578 2641 2589 3569 2573 3569 2590 2641 2591 3576 2592 3569 2590 3576 2592 3577 2593 3577 2593 3576 2592 3578 2594 3577 2593 3578 2594 3579 2595 3578 2596 3576 2597 2682 2598 2682 2599 3576 2600 2641 2601 3577 2593 3579 2595 3580 2602 3580 2602 3579 2595 3581 2603 3580 2602 3581 2603 3582 2604 3583 2605 3582 2606 3584 2607 3584 2608 3582 2604 3581 2603 3584 2609 3581 2603 3585 2610 3585 2610 3581 2603 3579 2595 3585 2610 3579 2595 3586 2611 3586 2611 3579 2595 3578 2612 3412 2613 3411 2614 3587 2615 3588 2616 3589 2617 3328 2618 3328 2618 3589 2617 3412 2613 3328 2618 3412 2613 3399 2619 3399 2619 3412 2613 3587 2615 3588 2616 3328 2618 3590 2620 3183 2621 3591 199 2925 2622 2363 2623 3184 2624 3592 2625 3592 2626 3184 2627 3183 2628 3592 2629 3183 2630 3593 2631 3593 2632 3183 2621 2925 2622 3593 2632 2925 2622 3594 2633 3594 2633 2925 2622 2924 2634 3592 2635 3334 2636 2363 2637 2363 2638 3334 2639 2364 2640 3595 2641 2228 2642 3596 2643 3597 464 2302 2644 3598 464 3598 2645 2302 2646 2241 2645 3598 464 2241 464 3599 464 3599 2647 2241 2647 2229 2647 3599 464 2229 464 3600 464 3600 464 2229 464 2228 2648 3600 464 2228 2649 3601 464 3601 464 2228 2650 3595 2651 3602 199 2219 2652 3603 199 3602 199 3604 199 2219 2653 2219 2654 3604 199 3605 2655 2219 2656 3605 2657 2220 2658 2220 2659 3605 2660 2593 2661 2220 2662 2593 2663 2587 2664 2587 2665 2593 2666 2537 199 2587 2665 2537 199 2584 199 2202 2667 2212 2668 2184 2669 2207 2670 3188 2671 2202 2672 2202 2672 3188 2671 2213 2673 2202 2672 2213 2673 2212 2674 3606 2675 3301 2676 3260 2677 3259 2678 3607 2679 3260 2677 3260 2677 3607 2679 3608 2680 3260 2677 3608 2680 3606 2675 3607 2679 2352 2681 3608 2680 3608 2680 2352 2681 3609 2682 3608 2683 3609 2684 3610 2685 2352 2681 2351 2686 3609 2682 3609 2682 2351 2686 3611 2687 3609 2688 3611 2689 3042 2690 3042 2690 3611 2689 3043 2691 3606 2692 3612 2692 3301 2692 3301 199 3612 199 3613 199 3301 2693 3613 2693 3302 2693 3302 2694 3613 2694 3614 2694 3302 2695 3614 2696 3263 2697 3614 2696 3615 199 3263 2697 3263 2697 3615 199 3616 2698 3263 2697 3616 2698 3261 2699 3261 2700 3616 2701 3617 2702 3618 2703 3600 2704 3601 2705 3618 2706 3601 2707 3619 2708 3619 2708 3601 2707 3595 2709 3619 2708 3595 2709 3620 2710 3620 2710 3595 2709 3596 2711 3620 2710 3596 2711 3621 2712 3618 2703 3622 2713 3600 2704 3600 2704 3622 2713 3623 2714 3600 2704 3623 2714 3599 2715 3599 2715 3623 2714 3624 2716 3599 2717 3624 2718 3598 2719 3598 2720 3624 2721 3625 2722 3598 2720 3625 2722 3597 2723 3597 2723 3625 2722 3626 2724 3597 2723 3626 2724 3627 2725 3627 2725 3628 2726 3597 2723 3597 2723 3628 2726 2302 2727 3039 2728 3305 2729 3040 2730 3629 2731 3630 2732 3311 2733 3311 2733 3630 2732 3631 2734 3311 2733 3631 2734 3305 2735 3305 2735 3631 2734 3632 2736 3305 2735 3632 2736 3040 2737 3629 2731 3311 2733 3633 2738 3633 2739 3311 2740 3634 2741 3633 2742 3634 2743 3635 199 2476 2744 3054 2745 3053 2746 2477 2747 2953 2748 2478 2749 2478 2750 2953 2751 2952 2752 3186 2753 3185 2754 2952 2755 2952 2756 3185 2757 3054 2758 2952 2752 3054 2759 2478 2750 2478 2760 3054 2745 2476 2744 3636 2761 2441 2762 2539 2763 2539 2763 2570 2764 3636 2761 3636 2761 2570 2764 3637 2765 3636 2761 3637 2765 2448 2766 2570 2764 2529 2767 3637 2765 3637 2765 2529 2767 2269 2768 3637 2769 2269 2770 2448 2771 2529 2767 2570 2764 2569 2772 2448 2773 2428 2774 2468 2775 2468 2776 2428 2777 2404 2778 2468 2776 2404 2778 2467 2779 2467 2780 2404 2781 2403 2782 2434 2783 2441 2762 2468 2784 2468 2784 2441 2762 3636 2761 2468 2784 3636 2761 2448 2766 2413 2785 2530 2786 3638 2787 2413 2788 2473 2789 2530 2790 2530 2791 2473 2792 2274 2793 2530 2791 2274 2793 2529 2794 2529 2795 2274 2796 2269 2797 2434 2798 2467 2799 2409 2800 2409 2800 2467 2799 3639 2801 2409 2800 3639 2801 2432 2802 2432 2802 3639 2801 3638 2787 2432 2802 3638 2787 2466 2803 2466 2803 3638 2787 2530 2786 2466 2803 2530 2786 2512 2804 2467 2799 2403 2805 3639 2801 3639 2806 2403 2807 2413 2808 3639 2801 2413 2785 3638 2787 3640 2809 2554 2809 3641 2809 3640 464 3642 464 2554 464 2554 2810 3642 2810 3643 2810 2554 464 3643 464 3644 464 3644 2811 3643 2811 3645 2811 3644 464 3645 464 3646 2812 3646 2813 3645 2814 3647 2815 3514 2816 3648 2817 3647 2818 3647 2819 3648 2820 3649 2821 3647 2815 3649 2822 3646 2813 3647 2818 3650 2823 3514 2816 3514 2816 3650 2823 3512 2824 2545 2825 3285 2826 3284 2827 3287 2828 3285 2826 3651 2829 3651 2829 3285 2826 2545 2825 3651 2829 2545 2825 2547 2830 3652 2831 3653 2832 3654 2833 3654 2834 3653 2835 2398 2836 2398 2836 3653 2835 3655 2837 2398 2836 3655 2837 2399 2838 2399 2838 3655 2837 2423 2839 2399 2840 2423 2841 3354 2842 2397 2843 2399 2844 2577 2845 2577 2846 2399 2840 3354 2842 2567 2847 3656 2848 2397 2849 2397 2849 3656 2848 3654 2834 2397 2849 3654 2834 2398 2836 2822 2850 3657 2851 3658 2852 2822 2853 2821 2854 3657 2855 3657 2855 2821 2854 3659 2856 3657 2855 3659 2856 3660 2857 3660 2857 3659 2856 3661 2858 3661 2858 3460 2859 3660 2857 3660 2860 3460 2861 2621 2862 3660 2857 2621 2863 3657 2855 3461 2864 3460 2859 3661 2858 2623 2865 2634 2866 2624 2867 2623 2865 3063 2868 2634 2866 2634 2866 3063 2868 3061 2869 2634 2866 3061 2869 2631 2870 2631 2870 3061 2869 3031 2871 3037 2872 3662 2873 3031 2871 3031 2871 3662 2873 3663 199 3031 2871 3663 199 2631 2870 2663 2874 3407 2875 2684 2876 3407 2877 2663 2878 3408 2879 3408 2879 2663 2878 2664 2880 3408 2881 2664 2882 2703 2883 2628 2884 3664 2885 2700 2886 2647 2887 3665 2888 2648 2889 2648 2890 3665 2891 3666 2892 2648 2893 3666 2894 2628 2895 2628 2895 3666 2894 3667 2896 2628 2897 3667 2898 3664 2899 3668 2900 3669 2901 3336 2902 3336 2902 3669 2901 3670 2903 3336 2902 3670 2903 2286 2904 3668 2900 3671 2905 3669 2901 2286 2904 2285 2906 2362 2907 2362 2908 2285 2909 3671 2910 2362 2911 3671 2905 3672 2912 3672 2912 3671 2905 3668 2900 2286 2904 2362 2907 3336 2902 3497 2913 3673 2914 3674 2915 3674 2916 3673 2917 2849 2918 2849 2919 3673 2920 3675 2921 2849 2919 3675 2921 2847 2922 2518 2923 3676 2924 3677 2925 3570 2926 3677 2927 3572 2928 3572 2929 3677 2925 3676 2924 3678 2930 3577 2931 3679 2932 3679 2932 3577 2931 3580 2933 2519 2934 3680 2935 3681 2936 3681 2937 3680 2938 3679 2932 3681 2937 3679 2932 3582 2939 3582 2939 3679 2932 3580 2933 3680 2940 3677 2927 3679 2932 3679 2932 3677 2927 3570 2926 3679 2932 3570 2926 3678 2930 3678 2930 3570 2941 3569 2942 3678 2930 3569 2942 3577 2931 2519 2943 2518 2944 3680 2945 3680 2946 2518 2947 3677 2948 2940 2949 3565 2950 2770 2951 2771 2952 3060 2953 2940 2954 2940 2955 3060 2956 3682 2957 2940 2955 3682 2957 3565 2958 2952 2959 3683 2960 3186 2961 2952 2959 2951 2962 3683 2960 3683 2963 2951 2964 3187 2965 3683 2963 3187 2965 3186 2966 2961 2967 2960 2968 3684 2969 3684 2970 2960 2971 3685 2972 3685 2972 2960 2973 3686 2974 3685 2972 3686 2974 2759 2975 2759 2975 3686 2974 3687 2976 2759 2975 3687 2976 2760 2977 2760 2977 3687 2976 3686 2974 2760 2977 3686 2974 3425 2978 3425 2979 3686 2980 3688 2981 3688 2982 3686 2983 2960 2984 2759 2975 3689 2985 3685 2972 3685 2972 3689 2985 3684 2970 3064 1456 3690 2986 2764 1457 2764 1457 3690 2986 3689 2985 2764 1457 3689 2985 3691 2987 3691 2987 3689 2985 2759 2975 3691 2987 2759 2975 2764 1457 3068 2988 3690 2989 3064 2990 3689 2985 3690 2986 3684 2970 3684 2970 3690 2986 2961 2991 2303 2992 3079 2993 3078 2994 2957 2995 3692 2996 2958 2997 2958 2997 3692 2996 3693 2998 2958 2997 3693 2998 3078 2999 3078 2999 3693 2998 3076 3000 3078 3001 3076 3002 2303 3003 2999 3004 3692 2996 2957 2995 2998 3005 2988 3006 2999 3004 2999 3004 2988 3006 2865 3007 2999 3004 2865 3007 3692 2996 3011 3008 2988 3009 3694 1633 3694 1633 2988 3010 2998 3011 3694 1633 3079 3012 3011 3013 3011 3013 3079 3012 2303 3014 3011 3013 2303 3014 3048 3015 3076 3000 3693 2998 2340 3016 2340 3016 3693 2998 3047 3017 3047 3017 3693 2998 3247 3018 3047 3017 3247 3018 2357 3019 2357 3019 3247 3018 3253 3020 2357 3019 3253 3020 3011 3013 2865 3007 2988 3006 2889 3021 2357 3019 3011 3013 3048 3015 3029 3022 3247 3018 3030 3023 3030 3023 3247 3018 3693 2998 2193 3024 3695 3025 2188 3026 2188 3027 3695 3028 2190 3029 2219 3030 2218 3031 3603 3032 3603 3032 2218 3031 3696 3033 2180 3034 2221 3035 2181 3036 2181 3037 2221 3038 2217 3039 3697 3040 2216 3041 3235 3042 3235 3043 2216 3044 2215 3045 3230 3046 3229 3047 3308 3048 3308 3048 3229 3047 3698 3049 2350 3050 3699 3051 2351 3052 2351 3053 3699 3054 3611 3055 2240 3056 3700 3057 2189 3058 2189 3059 3700 3060 2186 3061 3634 3062 3311 3063 2335 3064 2335 3065 3311 3066 2336 3067 2425 3068 2424 3069 2520 3070 2520 3071 2424 3072 2551 3073 2520 3071 2551 3073 3236 3074 3236 3074 2551 3073 3701 3075 3236 3074 3701 3075 2335 3076 2335 3076 3701 3075 3635 3077 2335 3078 3635 3079 3634 3080 2377 3081 2223 3082 2378 3083 2378 3084 2223 3085 2222 3086 2278 3087 2250 3088 2279 3089 2279 3089 2250 3088 2249 3090 2316 3091 2265 3092 2483 3093 2483 3093 2265 3092 2211 3094 3229 3095 2275 3096 3698 3097 3698 3097 2275 3096 2251 3098 3702 3099 3703 3100 3609 3101 3609 3102 3703 3103 3610 3104 3042 3105 3041 3106 3609 3107 3609 3108 3041 3109 3704 3110 3609 3108 3704 3110 3702 3111 2284 3112 3244 3113 2285 3114 2285 3115 3244 3116 3671 3117 3296 3118 3043 3119 3705 3120 3705 3120 3043 3119 3611 3121 3706 3122 3257 3123 3707 3124 3707 3124 3257 3123 2317 3125 3296 3126 3705 3127 3297 3128 3297 3128 3705 3127 3708 3129 3699 3130 3708 3131 3611 3132 3611 3133 3708 3134 3705 3135 2320 3136 2373 3137 2321 3138 2321 3139 2373 3140 2224 3141 3258 3142 3709 3143 3259 3144 3259 3144 3709 3143 3607 3145 2330 3146 3710 3147 2331 3148 2331 3149 3710 3150 2345 3151 2363 3152 3054 3153 3184 3154 3184 3155 3054 3156 3185 3157 2951 3158 2954 3159 3007 3160 3007 3160 2954 3159 2333 3161 3711 3162 2333 3163 2955 3164 2955 3164 2333 3163 2954 3165 2346 3166 2345 3167 3712 3168 3712 3169 2345 3170 3710 3171 2369 3172 3314 3173 2370 3174 2370 3175 3314 3176 2347 3177 2368 3178 2294 3179 2366 3180 2366 3180 2294 3179 2293 3181 2408 3182 3713 3183 2406 3184 2406 3185 3713 3186 2508 3187 2394 3188 2415 3189 2437 3190 2437 3191 2415 3192 2414 3193 2455 3194 2470 3195 2456 3196 2456 3197 2470 3198 2465 3199 2411 3200 2442 3201 2434 3202 2434 3203 2442 3204 2441 3205 3714 3206 2430 3207 3715 3208 3715 3209 2430 3210 2420 3211 2383 3212 3714 3213 3716 3214 3716 3215 3714 3216 3715 3217 3339 3218 2549 3219 3340 3220 3340 3220 2549 3219 2548 3221 2527 3222 2541 3223 2578 3224 2578 3225 2541 3226 3717 3227 2528 3228 2574 3229 2522 3230 2522 3230 2574 3229 2555 3231 3718 3232 2527 3233 3719 3234 3719 3235 2527 3236 2579 3237 3231 3238 2594 3239 2582 3240 2582 3240 2594 3239 2460 3241 2515 3242 2333 3243 2516 3244 2516 3245 2333 3246 3711 3247 2512 3248 2569 3249 2538 3250 2538 3251 2569 3252 2568 3253 3289 3254 2592 3255 3290 3256 3290 3256 2592 3255 2559 3257 2582 3258 2581 3259 3231 3260 3231 3261 2581 3262 3232 3263 2611 3264 2610 3265 2604 3266 2604 3266 2610 3265 2605 3267 3720 3268 3288 3269 3651 3270 3651 3270 3288 3269 3287 3271 3063 3272 2623 3273 3062 3274 3062 3275 2623 3276 3443 3277 2784 3278 2783 3279 3589 3280 3589 3280 2783 3279 3412 3281 2671 3282 3721 3283 2672 3284 2672 3285 3721 3286 3722 3287 2676 3288 2649 3289 2677 3290 2677 3291 2649 3292 2651 3293 3432 3294 3723 3295 3433 3296 3433 3296 3723 3295 3724 3297 2724 889 2683 3298 2685 887 2685 3299 2683 3300 2663 3301 3725 3302 3726 3303 3727 3304 3727 3304 3726 3303 3728 3305 3410 3306 2701 3306 3429 3306 3429 3307 2701 3307 2700 3307 3431 3308 2709 3309 2786 3310 2786 3311 2709 3312 2749 3313 2723 3314 2725 3315 3729 3316 3729 3317 2725 3318 3429 3319 2627 3320 2743 3321 2661 3322 2661 3323 2743 3324 2742 3325 3730 3326 3731 3327 3732 3328 3732 3329 3731 3330 2739 3331 2875 3332 2874 3333 2895 3334 2895 3335 2874 3336 3733 3337 2874 3338 2852 3339 3733 3340 3733 3341 2852 3342 2851 3343 2859 3344 2841 3345 2864 3346 2864 3347 2841 1113 2842 1112 2836 3348 2835 3349 2842 3350 2842 3351 2835 3352 2854 3353 2853 3354 2901 3355 2912 3356 2912 3357 2901 3358 2915 3359 3734 3360 2498 3361 3735 3362 3735 3362 2498 3361 2476 3363 3617 3364 3736 3365 3261 3366 3261 3366 3736 3365 3265 3367 3020 3368 3019 3369 3737 3370 3737 3370 3019 3369 3021 3371 3738 1633 3739 3372 2768 1633 2768 1633 3739 3373 2765 3374 2933 3375 3020 3376 3740 3377 3740 3378 3020 3379 3737 3380 3694 3381 2998 3382 3111 3383 3111 3384 2998 3385 2997 3386 2981 1330 2870 3387 2974 1320 2974 1320 2870 3387 2970 1310 2993 3388 2992 3389 3741 3390 3741 3391 2992 3392 3742 3393 3182 3394 3187 3395 2332 3396 2332 3397 3187 3398 2951 3399 3743 3400 3517 3401 3650 3402 3650 3402 3517 3401 3512 3403 3738 3404 2768 3405 3564 3406 3564 3406 2768 3405 2769 3407 3584 3408 3744 3409 3583 3410 3583 3411 3744 3412 3745 3413 3190 3414 3024 3414 3051 3414 3051 3415 3024 3415 3023 3415 3027 3416 3221 3416 3028 3416 3028 3417 3221 3417 3049 3417 3746 3418 3082 3419 3095 3420 3095 3421 3082 3422 3081 3423 3036 3424 3746 3425 3052 3426 3052 3427 3746 3428 3095 3429 2332 3430 3591 3431 3182 3432 3182 3433 3591 3434 3183 191 3747 3435 2983 3436 3748 3437 3748 3438 2983 3439 2985 3440 3111 3441 3077 3442 3694 3443 3694 3443 3077 3442 3079 3444 3589 3445 3588 3446 2784 3447 2784 1533 3588 3448 3109 1534 3092 3449 3091 3450 3411 3451 3411 3451 3091 3450 3587 3452 2276 3453 3225 3454 2277 3455 2277 3456 3225 3457 3228 3458 2277 3456 3228 3458 3307 3459 3749 3460 3177 3461 3750 3462 3750 3462 3177 3461 3176 3463 2553 3464 3751 3465 3752 3466 3752 3466 3751 3465 3178 3467 3749 3468 3751 3469 2552 3470 2552 3470 3751 3469 2553 3471 3749 3460 3750 3462 3751 3465 3751 3465 3750 3462 3176 3472 3751 3465 3176 3472 3178 3467 2183 3473 2230 3474 2203 3475 2203 3476 2230 3477 2229 1633 2234 3478 2233 3479 2199 3480 2199 3481 2233 3482 2232 3483 2302 3484 3628 3485 2258 3486 2258 3487 3628 3488 3627 3489 3540 3490 3059 3491 3753 3492 3753 3493 3059 3494 2772 3495 2302 3496 2272 3497 2243 3498 2243 3498 2272 3497 2244 3499 2241 3500 2302 3501 2242 3502 2242 3502 2302 3501 2243 3503 2312 3504 2313 3505 2317 3506 2317 3506 2313 3505 2315 3507 2320 3508 3754 3509 2373 3510 2373 3510 3754 3509 2222 3511 2320 3508 2379 3512 3754 3509 3754 3509 2379 3512 2378 3513 3754 3509 2378 3513 2222 3511 3235 3514 3238 3515 3697 3516 3697 3517 3238 3518 3239 3519 3697 3517 3239 3519 3310 3520 2363 3521 2376 3522 3053 3523 3053 3523 2376 3522 3755 3524 3053 3523 3755 3524 2476 3525 3708 3526 3709 3527 3297 3528 3297 3528 3709 3527 3258 3529 3699 3530 2350 3531 3708 3526 3708 3526 2350 3531 3756 3532 3708 3526 3756 3532 3709 3527 2338 3533 2328 3534 2304 3535 2304 3536 2328 3537 2305 3538 2329 3539 2328 3540 2358 3541 2358 3542 2328 3543 2339 3544 2419 3545 3757 3546 2380 3547 2380 3547 3757 3546 2383 3548 2419 3545 2430 3549 3757 3546 3757 3546 2430 3549 3714 3550 3757 3546 3714 3550 2383 3548 2437 3551 3758 3552 2438 3553 2438 3553 3758 3552 2435 3554 2437 3551 2414 3555 3758 3552 3758 3552 2414 3555 2436 3556 3758 3552 2436 3556 2435 3554 2465 3557 3759 3558 2456 3559 2456 3559 3759 3558 2457 3560 2465 3557 2464 3561 3759 3558 3759 3558 2464 3561 2482 3562 3759 3558 2482 3562 2457 3560 2317 197 2316 196 3707 3563 2506 3564 2508 3565 3760 3566 3760 3566 2508 3565 3713 3567 2528 3568 2524 3569 2576 3570 2576 3571 2524 3572 2575 3573 3282 3574 3482 3575 2526 3576 2526 3576 3482 3575 3368 3577 2526 3578 3368 3579 2523 3580 2316 3581 3359 3582 3707 3583 3707 3584 3359 3585 3358 199 3293 3586 2589 3587 3338 3588 3338 3588 2589 3587 2591 3589 3338 3590 2591 3591 2831 3592 2831 3592 2591 3591 2829 3593 2829 3593 2591 3591 3761 3594 2829 3593 3761 3594 2830 3595 2830 3595 3761 3594 3369 3596 2830 3595 3369 3596 3483 3597 3369 3598 3761 3599 3367 3600 3367 3601 3761 3602 2591 3603 3367 3604 2591 3605 2590 3606 2550 3607 3762 3608 3763 3609 3763 3609 3762 3608 3764 3610 3763 3609 3764 3610 3765 3611 3764 3610 3766 3612 3765 3611 3765 3613 3766 3613 3767 3613 3765 199 3767 199 3768 199 3768 199 3767 199 3769 199 3768 199 3769 199 3770 3614 3530 3615 3529 3616 3771 3617 3771 3617 3529 3616 3770 3618 3771 3617 3770 3618 3772 3619 3772 3619 3770 3618 3769 3620 3773 3621 3774 3622 3324 3623 3324 3624 3774 3625 3775 3626 3324 3624 3775 3626 3325 3627 2612 3628 3724 3629 2647 3630 2647 3630 3724 3629 3723 3631 2647 3632 3723 3633 3665 3634 2578 3635 3776 3636 2579 3637 2579 3638 3776 3636 3719 3639 2578 3635 3717 3640 3776 3636 3776 3636 3717 3640 2531 3641 3776 3636 2531 3641 3719 3639 3777 3642 3778 3643 3779 3644 3779 3644 3778 3643 3780 3645 2598 3646 3781 3647 2616 3648 2616 3648 3781 3647 3782 3649 2895 3650 3461 3651 2896 3652 2896 3652 3461 3651 3726 3653 2896 3652 3726 3653 3725 3654 3733 3655 3461 3651 2895 3650 2851 3656 2758 3657 3733 3655 3733 3655 2758 3657 2757 3658 3733 3655 2757 3658 3461 3651 2912 3659 2915 3660 2820 3661 2820 3661 2915 3660 2819 3662 2669 3663 2819 3662 3725 3654 3725 3654 2819 3662 2915 3660 3725 3654 2915 3660 2896 3652 2676 3664 3726 3653 3661 3665 3661 3665 3726 3653 3461 3651 3435 3666 2758 3657 2820 3661 2820 3661 2758 3657 2851 3656 2820 3661 2851 3656 2912 3659 3435 3666 2820 3661 3434 3667 2821 3668 2823 3669 3661 3665 3661 3665 2823 3669 2649 3670 3661 3665 2649 3670 2676 3664 2821 3668 3661 3665 3659 3671 2649 3670 2823 3669 2816 3672 2649 3670 2816 3672 2668 3673 2668 3673 2816 3672 2819 3662 2668 3673 2819 3662 2669 3663 3783 3674 3665 3675 3784 3676 3784 3677 3665 3678 3723 3679 3438 3680 3443 3681 3785 3682 3785 3682 3443 3681 2623 3683 3785 3684 2623 3685 2622 3686 2784 3687 3786 3688 2786 3689 2786 3689 3786 3688 3431 3690 3431 3691 3786 3692 3110 3693 3110 3694 3786 3695 2784 3696 2693 3697 2691 3698 3787 3699 3787 3699 2691 3698 3788 3700 3788 3700 2613 3701 3787 3699 3787 3699 2613 3702 2707 1024 3787 3699 2707 1024 2693 3697 2693 3697 2707 1024 2800 1016 2693 3703 2800 3704 2828 3705 3276 3706 3789 3707 3477 3708 3477 3708 3789 3707 3087 3709 3276 3706 3272 3710 3789 3707 3789 3707 3272 3710 3271 3711 3789 3707 3271 3711 3269 3712 3269 3712 3480 3713 3789 3707 3789 3707 3480 3713 3088 3714 3789 3715 3088 3716 3087 3717 2662 3718 3790 3719 3791 3720 3791 3720 3790 3719 3792 3721 2662 3718 2661 3722 3790 3719 3790 3719 2661 3722 2742 3723 3790 3719 2742 3723 3792 3721 3664 3724 3667 3725 3729 3726 3729 3727 3667 3728 2723 3729 3664 3730 3729 3731 2700 3732 2700 3733 3729 3734 3429 3735 3793 3736 3794 3737 3795 3738 3795 3739 3794 3740 3796 3741 3797 3742 3798 3743 3799 3744 3799 3745 3798 3743 3800 3746 3800 3746 3798 3743 3801 3747 3801 3747 3798 3743 3797 3742 3801 3747 3797 3742 3535 3748 2825 3749 2746 3750 2826 3751 2826 3752 2746 3753 2735 3754 2826 3752 2735 3754 2824 3755 2824 3756 2735 3757 3490 3758 3357 464 2496 3759 3358 3760 3358 3760 2496 3759 2493 3761 3358 3760 2493 3761 2495 3762 3369 3763 3368 3764 3483 3765 3483 3766 3368 3577 3482 3575 2746 3767 2825 1177 2773 3768 2773 3768 2825 1177 2894 1176 3485 3769 3473 3770 3495 3771 3495 3771 3473 3770 3472 3772 3495 3771 3472 3772 3496 3773 2735 3774 2904 3775 3490 3776 3490 3776 2904 3775 2906 3777 2874 3778 2873 3779 2852 3780 2852 3781 2873 3782 2853 3783 2765 3784 3739 3785 2763 3786 2763 3787 3739 3788 3556 3789 2763 3790 3556 2540 3064 2533 3333 3791 3802 3792 3336 3793 3336 3794 3802 3795 3668 3796 3785 3797 3803 3798 3438 3799 3438 3799 3803 3798 3440 3800 2867 3801 3804 3802 2865 3803 2865 3803 3804 3802 3692 3804 2867 3805 3805 3806 3804 3802 3804 3802 3805 3806 3806 3807 3804 3802 3806 3807 3692 3804 3692 3804 3806 3807 3693 3808 2867 3809 2903 3810 3805 3811 3805 3811 2903 3810 3422 3812 3805 3813 3422 3814 3806 3815 3806 3816 3422 3817 3423 3818 3806 3807 3423 3819 3693 3808 3693 3808 3423 3819 3030 3820 3030 3821 3423 3822 2324 3823 2324 3824 3423 3825 3174 3826 2324 3827 3174 3828 2196 3829 2901 3830 2873 3831 2916 3832 2916 3833 2873 3834 2875 3835 3807 3836 3808 3837 3809 3838 3809 3838 3808 3837 3428 3839 3809 3838 3688 3840 3807 3836 3807 3836 3688 3841 3810 3842 3807 3836 3810 3842 3808 3837 3428 3843 3427 3844 3809 3845 3809 3845 3427 3844 3425 3846 3809 3845 3425 3846 3688 3847 2283 3848 2928 3849 2281 3850 2281 3851 2928 3852 2927 3853 2931 3854 2933 3855 3811 3856 3811 3857 2933 3858 3740 3859 2956 3860 3112 3861 2997 3862 2997 3863 3112 3864 3111 3865 2939 3866 2938 3867 2987 3868 2987 3868 2938 3867 2937 3869 2939 3870 2987 3871 3538 3872 3538 3873 2987 3874 3534 3875 3812 3876 3813 3877 3814 3878 3814 3879 3813 3879 3815 3880 3077 3881 3112 3882 3108 3883 3108 3884 3112 3885 2956 3886 3008 3887 3816 3888 2936 3889 2936 3889 3816 3888 2922 3890 2936 3891 2922 3892 2921 3893 3021 3894 3018 3895 3817 3896 3817 3897 3018 3898 3022 3899 3818 3900 2892 3901 3819 3902 3819 3903 2892 3904 2891 3905 3820 3906 3821 3907 3819 3908 3819 3908 3821 3907 2983 3909 3819 3910 2983 3911 3818 3912 2983 3909 3821 3907 2984 3913 2984 3914 3821 3907 3820 3906 3575 2584 3573 2577 3822 3915 3822 3915 3573 2577 3572 3916 3082 3917 3823 3918 3083 3919 3083 3919 3823 3918 3035 3920 3082 3917 3746 3921 3823 3918 3823 3918 3746 3921 3036 3922 3823 3918 3036 3922 3035 3920 3059 3923 3540 3924 3824 3925 3824 3926 3540 3927 3539 3928 3824 3929 3539 3930 3561 3931 3399 3932 3587 3933 3397 3934 3397 3934 3587 3933 3091 3935 2187 3936 2192 3937 2188 3938 2188 3939 2192 3940 2193 3941 2192 3942 2187 3943 3825 3944 3825 3945 2187 3946 2186 3947 3825 3945 2186 3947 3700 3948 2223 3949 2377 3950 3101 3951 3101 3951 2377 3950 3075 3952 3101 3951 3075 3952 3102 3953 3102 3953 3075 3952 3074 3954 3102 3953 3074 3954 2926 3955 2926 3955 3074 3954 3117 3956 2926 3957 3117 3958 3114 3959 3345 199 3826 3960 3101 3961 3101 3951 3826 3962 2223 3949 2223 3949 3826 3962 2225 3963 2225 3963 3826 3962 2926 3964 2225 3963 2926 3964 2365 3965 2365 3965 2926 3964 2322 3966 2322 3967 2926 3968 3114 3969 2322 3970 3114 3971 3827 3972 2322 3970 3827 3972 2377 3950 2377 3950 3827 3972 3075 3952 2321 3973 2365 3965 2322 3966 2232 3974 3828 3975 2199 3976 2199 3976 3828 3975 2195 3977 2199 3976 2195 3977 2194 3978 2184 3979 2192 3980 2185 3981 2185 3982 2192 3983 3825 3984 2185 3982 3825 3984 2194 3985 2194 3985 3825 3984 3700 3986 2194 3985 3700 3986 2200 3987 2200 3987 3700 3986 2240 3988 2185 3989 2195 3990 2183 3991 2183 3991 2195 3990 3828 3992 2183 3991 3828 3992 2230 3993 2184 3994 2183 3995 2202 3996 2202 3996 2183 3995 2203 3997 3697 199 3310 3998 2216 3999 2216 3999 3310 3998 3312 4000 2216 3999 3312 4000 2217 4001 2217 4001 3312 4000 2182 4002 2217 4001 2182 4002 2181 4003 2239 4004 2191 4005 3829 4006 3829 4007 2191 4008 2190 4009 3829 4007 2190 4009 3695 4010 2230 4011 3828 4012 2231 4013 2231 4013 3828 4012 2232 4014 3830 4015 3831 4016 2259 4017 2259 4017 3831 4016 2210 4018 2259 4017 2210 4018 3832 4019 3832 4019 2210 4018 3245 4020 3832 4019 3245 4020 3833 4021 3833 4021 3245 4020 2257 4022 2258 4023 3834 4024 2259 4017 2259 4017 3834 4024 3835 4025 2259 4017 3835 4025 3830 4015 3627 4026 3834 4024 2258 4027 3134 4028 3136 4029 3624 4030 3624 4031 3136 4032 3836 4033 3624 4034 3836 4035 3625 4036 3625 4036 3836 4035 3834 4024 3625 4036 3834 4024 3626 4037 3626 4037 3834 4024 3627 4026 3837 4038 3835 4025 3838 4039 3838 4039 3835 4025 3834 4024 3838 4039 3834 4024 2374 4040 2374 4040 3834 4024 3836 4035 2374 4041 3836 4042 2375 4043 2375 4044 3836 4033 3136 4032 3837 4038 3838 4039 2298 4045 2298 4045 3838 4039 2374 4046 2298 4045 2374 4046 2366 4047 2293 4048 2298 4045 2366 4047 2210 4018 3831 4016 2208 4049 3245 4050 2318 4051 2257 4052 2257 4022 2256 4053 3833 4021 3833 4021 2256 4053 2263 4054 3833 4055 2263 4056 3839 4057 3839 4057 2263 4056 3840 4058 3839 4057 3840 4058 3841 4059 2263 4056 3254 4060 3840 4058 3842 4061 3843 4062 3844 4063 3844 4063 3843 4062 3845 4064 3844 4063 3845 4064 3846 4065 3846 4065 3845 4064 3847 4066 3846 4065 3847 4066 3848 4067 3843 4062 3849 4068 3845 4064 3845 4064 3849 4068 3850 4069 3845 4064 3850 4069 3847 4066 3100 4070 3851 4071 3852 4072 3852 4072 3851 4071 3853 4073 3852 4072 3853 4073 3854 4074 3854 4074 3853 4073 3855 4075 3854 4074 3855 4075 3856 4076 3856 4076 3855 4075 3857 4077 3856 4076 3857 4077 3799 4078 3799 4078 3857 4077 3797 4079 3858 4080 3859 4081 3860 4082 3860 4082 3859 4083 3861 4084 3330 4085 3862 4086 3863 4087 3863 4087 3862 4086 3864 4088 2444 4089 3862 4086 2445 4090 2445 4090 3862 4086 3330 4085 3604 4091 3865 4092 3605 4093 3605 4093 3865 4092 3866 4094 3604 4091 3602 4095 3865 4092 3865 4092 3602 4095 3867 4096 3865 4092 3867 4096 3868 4097 3868 4097 3867 4096 3649 4098 3868 4097 3649 4098 2939 4099 2939 4099 3649 4098 3648 4100 2939 4101 3648 4102 2937 4103 2937 4103 3648 4102 3514 2453 2937 4103 3514 2453 3513 2452 3603 4104 3696 4105 3869 4106 3869 4106 3696 4105 3870 4107 3869 4106 3870 4107 3871 4108 3696 4109 3872 4110 3870 4107 3870 4107 3872 4110 3873 4111 3870 4107 3873 4111 3871 4108 3871 4108 3873 4111 3644 4112 3593 4113 3872 4110 3592 4114 3592 4114 3872 4110 3335 4115 3592 4116 3335 4117 3334 4118 2767 4119 2766 2180 3594 4120 3594 4120 2766 2180 3593 4113 2928 2179 2283 4121 2766 2180 2766 2180 2283 4121 3874 4122 2766 2180 3874 4122 3593 4113 3593 4113 3874 4122 3873 4111 3593 4113 3873 4111 3872 4110 3250 4123 3248 4124 3875 4125 3875 4126 3248 4127 3749 4128 3875 4125 3749 4129 2552 4130 2552 4130 3874 4122 3875 4125 3875 4125 3874 4122 2283 4121 3875 4125 2283 4121 3250 4123 3644 4131 3873 4111 2554 4132 2554 4132 3873 4111 3874 4122 2554 4132 3874 4122 2552 4133 3644 4112 3646 4134 3871 4108 3871 4108 3646 4134 3867 4096 3871 4108 3867 4096 3869 4106 3869 4106 3867 4096 3602 4095 3869 4106 3602 4095 3603 4135 3649 4098 3867 4096 3646 4134 3876 4136 3866 4094 3877 4137 3877 4137 3866 4094 3878 4138 3877 4137 3878 4138 2939 4139 2939 4099 3878 4138 3868 4097 3877 4137 3879 4140 3876 4136 3876 4136 3879 4140 3880 4141 3876 4136 3880 4141 3055 4142 3055 4142 3880 4141 3058 4143 3058 4144 3880 4141 3879 4140 3058 4145 3879 4146 3538 4147 3538 4148 3879 4140 3877 4137 3538 4148 3877 4137 2939 4149 3881 4150 3860 4082 3057 4151 3057 4151 3860 4082 3861 4084 3057 4151 3861 4084 3055 4152 3055 4152 3861 4084 3864 4088 3055 4153 3864 4088 3876 4136 3876 4136 3864 4088 3862 4086 3876 4136 3862 4086 3866 4094 3866 4094 3862 4086 2444 4154 3866 4094 2444 4154 3605 4093 3605 4093 2444 4154 2593 4155 3057 4151 3056 4156 3881 4150 3056 4156 3535 4157 3881 4150 3881 4150 3535 4157 3882 4158 3881 4150 3882 4158 3860 4082 3860 4082 3882 4158 3853 4073 3860 4082 3853 4073 3858 4080 3858 4080 3853 4073 3851 4071 3800 4159 3436 4160 3799 4161 3799 4161 3436 4160 3883 4162 3799 4078 3883 4162 3884 4163 3884 4163 3883 4162 3885 4164 3884 4163 3885 4164 3854 4074 3854 4074 3885 4164 3886 4165 3854 4074 3886 4165 3852 4072 3852 4072 3886 4165 3850 4069 3852 4072 3850 4069 3100 4070 3100 4070 3850 4069 3849 4068 3887 4166 3888 4167 2632 4168 2632 4168 3888 4167 3436 4160 3084 4169 3086 4170 3663 4171 3663 4171 3086 4170 3887 4166 3663 4171 3887 4166 2631 4172 2631 4172 3887 4166 2632 4168 3663 4173 3444 4174 3084 4175 2479 4176 3885 4177 3888 4178 3888 4167 3885 4164 3883 4162 3888 4167 3883 4162 3436 4160 3885 4177 2479 4176 2353 4179 3886 4165 3885 4164 3889 4180 3889 4180 3885 4164 2353 4181 2353 260 2297 259 3848 4182 3848 4067 2297 4183 3890 4184 3848 4067 3890 4184 3846 4065 3846 4065 3890 4184 3891 4185 3846 4065 3891 4185 3844 4063 3844 4063 3891 4185 3892 4186 3844 4063 3892 4186 3842 4061 2295 155 3893 4187 2296 156 2296 4188 3893 4187 3894 4189 2296 4188 3894 4189 3895 4190 3896 4191 3893 4187 2295 155 2295 155 2479 4192 3897 4193 3897 4193 2479 4192 3888 4194 3897 4193 3888 4194 3898 4195 3898 4195 3888 4194 3899 4196 3898 4195 3899 4196 3900 4197 3900 4197 3899 4196 3887 4198 3900 4197 3887 4198 3086 4199 3887 4198 3899 4196 3888 4194 3518 4200 3086 4199 3085 4201 3901 4202 3900 4197 3902 4203 3902 4203 3900 4197 3086 4199 3902 4203 3086 4199 3743 4204 3743 4204 3086 4199 3518 4200 3743 4204 3518 4200 3517 4205 3903 4206 3904 4207 3905 4208 3905 4208 3904 4207 3906 4209 3905 4208 3906 4209 3907 4210 3907 4210 3906 4209 3900 4197 3907 4210 3900 4197 3901 4202 3903 4211 3141 4212 3904 4207 3904 4207 3141 4212 3143 4213 3904 4207 3143 4213 3908 4214 3908 4214 3143 4213 3145 4215 3908 4214 3145 4215 3909 4216 3909 4216 3145 4215 3147 4217 3909 4216 3147 4217 3910 4218 3910 4218 3147 4217 3911 4219 3910 4218 3911 4219 3912 4220 3912 4220 3911 4219 3913 4221 3912 4220 3913 4221 3896 4191 3896 4191 3913 4221 3914 4222 3896 4191 3914 4222 3893 4187 3893 4187 3914 4222 3915 4223 3893 4187 3915 4223 3618 4224 3618 4224 3915 4223 3622 4225 3911 4219 3147 4217 3149 4226 3153 4227 3623 4228 3916 4229 3916 4229 3623 4230 3622 4225 3916 4229 3622 4225 3917 4231 3917 4231 3622 4225 3915 4223 3917 4231 3915 4223 3914 4222 3624 4232 3623 4228 3134 4233 3134 4233 3623 4228 3153 4227 3619 4234 3893 4187 3618 4224 3619 4234 3620 4235 3893 4187 3893 4187 3620 4235 3621 4236 3893 4187 3621 4236 3894 4189 3621 4236 3596 4237 3894 4189 3894 4189 3596 4237 3918 4238 3894 4189 3918 4238 3895 4190 2228 4239 2227 4240 3596 4237 3596 4237 2227 4240 3919 4241 3596 4237 3919 4241 3918 4238 3918 4238 3919 4241 3891 4185 3918 4238 3891 4185 3895 4190 3895 4190 3891 4185 3890 4184 3895 4190 3890 4184 2296 4242 2296 4243 3890 4244 2297 4245 3919 4241 2227 4240 3920 4246 3920 4246 2227 4240 2246 4247 3920 4248 2246 4249 3921 4250 2245 4251 2273 4252 3921 4253 3921 4253 2273 4252 3833 4254 3921 4250 3833 4255 3920 4248 2246 4256 2245 4251 3921 4253 2273 4252 2245 4251 2244 4257 3833 4258 2273 4259 3832 4019 3832 4019 2273 4259 2260 4260 3832 4019 2260 4260 2259 4017 2258 170 2260 4260 2272 171 2272 171 2260 4260 2273 4259 3920 4246 3833 4055 3919 4241 3919 4241 3833 4055 3839 4057 3919 4241 3839 4057 3892 4186 3892 4186 3839 4057 3841 4059 3892 4186 3841 4059 3842 4061 3892 4186 3891 4185 3919 4241 3850 4069 3886 4165 3847 4066 3847 4066 3886 4165 3889 4180 3847 4066 3889 4180 3848 4067 3848 4067 3889 4180 2353 4261 3855 4075 3853 4073 3857 4077 3857 4077 3853 4073 3882 4158 3857 4077 3882 4158 3797 4262 3797 4263 3882 4264 3535 4265 3854 4074 3856 4076 3922 4266 3922 4266 3856 4076 3799 4078 3922 4266 3799 4078 3884 4163 3884 4163 3854 4074 3922 4266 3923 4267 3924 4268 3925 4269 3925 4269 3924 4268 3900 4197 3925 4269 3900 4197 3906 4209 3897 4193 3898 4195 3924 4268 3924 4268 3898 4195 3900 4197 3910 4218 3923 4267 3909 4216 3909 4216 3923 4267 3925 4269 3909 4216 3925 4269 3908 4214 3908 4214 3925 4269 3906 4209 3908 4214 3906 4209 3904 4207 3910 4218 3912 4220 3923 4267 3923 4267 3912 4220 3896 4191 3923 4267 3896 4191 3924 4268 3924 4268 3896 4191 2295 155 3924 4268 2295 155 3897 4193 3913 4221 3911 4219 3926 4270 3926 4270 3911 4219 3149 4226 3926 4270 3149 4226 3151 4271 3914 4222 3913 4221 3917 4231 3917 4231 3913 4221 3926 4270 3917 4231 3926 4270 3916 4229 3916 4229 3926 4270 3151 4271 3916 4229 3151 4271 3153 4227 3864 4088 3861 4084 3927 4272 3927 4272 3861 4084 3859 4083 3927 4272 3859 4083 3928 4273 3864 4088 3927 4272 3863 4087 3863 4087 3927 4272 3928 4273 3863 4087 3928 4273 3330 4085 3866 4094 3865 4092 3878 4138 3878 4138 3865 4092 3868 4097 2193 4274 2184 4275 3695 4276 3695 4276 2184 4275 2212 4277 3695 4276 2212 4277 3829 4278 3829 4278 2212 4277 2214 4279 3829 4278 2214 4279 2239 4280 2239 4281 2214 4282 2200 4283 2350 4284 2352 4285 3756 4286 3756 4287 2352 4288 3607 4289 3756 4287 3607 4289 3709 4290 2240 4291 2189 4292 2239 4293 2239 4294 2189 4295 2191 4296 3872 4297 3696 4298 3335 4299 3335 4299 3696 4298 2218 4300 3335 4299 2218 4300 2588 4301 2205 4302 2248 4303 3180 4304 3180 4304 2248 4303 2262 4305 2207 4306 2237 4307 3188 4308 3188 4308 2237 4307 2235 4309 3244 4310 2253 4311 3671 4312 3671 4312 2253 4311 2252 4313 3671 4312 2252 4313 3669 4314 2204 4315 2206 4316 3929 4317 3929 4317 2206 4316 3181 4318 2303 4319 2305 4320 3048 4321 3048 4322 2305 4323 2329 4324 3698 4325 2251 4326 3308 4327 3308 4327 2251 4326 2250 4328 3308 4327 2250 4328 3307 4329 3307 4329 2250 4328 2278 4330 3307 4329 2278 4330 2277 4331 3543 4332 3545 4333 3550 4334 3550 4334 3545 4333 3930 4335 3929 4336 3181 4337 2262 4338 2262 4338 3181 4337 3180 4339 2200 4340 2280 4341 2199 4342 2199 4342 2280 4341 2234 4343 2340 4344 2338 4345 3076 4346 3076 4347 2338 4348 2304 4349 3241 4350 2301 4351 3242 4352 3242 4352 2301 4351 3931 4353 3670 4354 2254 4355 2286 4356 2286 4356 2254 4355 2284 4357 2267 4358 2299 4359 3241 4360 3241 4361 2299 4362 2301 4363 2433 4364 2347 4365 2387 4366 2387 4366 2347 4365 2349 4367 2387 4366 2349 4367 2393 4368 2393 4369 2349 4370 2372 4371 2431 4372 3932 4373 2433 4364 3932 4373 2431 4372 3706 4374 3706 4374 2431 4372 2396 4375 3706 4374 2396 4375 3257 4376 3257 4376 2396 4375 2393 4377 3257 4376 2393 4377 3256 4378 3256 4378 2393 4377 2372 4379 3256 4378 2372 4379 2370 4380 3255 4381 2370 4382 2347 4383 3840 4384 2327 4385 2627 4386 2627 4386 2327 4385 2326 4387 2627 4386 2326 4387 2341 4388 2627 4386 2626 4389 3840 4384 3840 4384 2626 4389 2738 4390 3840 4384 2738 4390 3933 4391 2325 4392 2327 4385 3934 4393 3934 4393 2327 4385 3840 4384 3934 4393 3840 4384 2346 4394 2346 4394 3840 4384 3254 4395 2346 4396 3254 4397 2341 4388 3933 4391 3841 4398 3840 4384 2738 4390 2744 4399 3933 4391 3933 4391 2744 4399 2743 4400 3933 4391 2743 4400 3932 4373 3932 4373 2743 4400 2627 4386 3932 4373 2627 4386 2433 4364 2433 4364 2627 4386 2341 4388 2433 4364 2341 4388 2347 4365 2347 4365 2341 4388 3254 4397 2347 4401 3254 4402 3255 4403 3933 4391 3935 4404 3841 4398 3841 4405 3935 4406 3936 4407 3841 4408 3936 4409 2401 4410 2401 4411 3936 4412 3937 4413 2401 4411 3937 4413 2400 4414 2400 4414 3937 4413 2427 4415 2427 4415 3937 4413 3938 4416 2427 4415 3938 4416 3939 4417 3939 4418 3940 4419 3843 4420 3843 4421 3940 4422 3941 4423 3843 4421 3941 4423 3849 4424 3718 4425 2514 4426 2527 4427 2542 4428 2533 4429 2532 4430 2527 4431 2516 4432 2541 4433 2541 4433 2516 4432 3849 4434 2541 4435 3849 4424 2542 4428 2542 4428 3849 4424 3941 4423 2542 4428 3941 4423 2533 4429 2533 4429 3941 4423 3942 4436 2533 4429 3942 4436 3718 4437 3718 4437 3942 4436 3943 4438 3718 4437 3943 4438 2514 4439 2516 4432 3734 199 3849 4434 3849 4440 3734 4441 3735 4441 3849 4442 3735 4443 3802 4443 3802 4444 3333 4444 3928 4445 3928 4446 3333 4447 3332 4448 3928 4446 3332 4448 3330 4449 3330 4450 3332 4451 3331 4452 3052 4453 3851 199 3100 4454 3095 4455 3097 4456 3052 4457 3052 4458 3097 4459 3859 4460 3052 4458 3859 4460 3851 4461 3851 4462 3859 4462 3858 4462 3034 4463 3100 4464 3098 4465 3098 4465 3100 4464 3849 4466 3098 4465 3849 4466 3096 4467 3096 4467 3849 4466 3802 4468 3096 4467 3802 4468 3097 4459 3097 4459 3802 4468 3928 4469 3097 4459 3928 4469 3859 4460 2401 4410 3716 4470 3841 4408 3841 4408 3716 4470 3715 4471 3841 4408 3715 4471 3842 4472 3842 4472 3715 4471 2420 4473 3842 4472 2420 4473 3843 4474 3843 4474 2420 4473 2427 4415 3843 4474 2427 4415 3939 4417 2427 4415 2420 4473 2382 4475 2266 4476 2268 4477 3931 4478 3931 4478 2268 4477 3242 4479 2330 4480 2325 4481 3944 4482 3944 4482 2325 4481 3934 4483 2346 4484 3712 4485 3934 4486 3934 4486 3712 4485 3944 4487 3749 4488 3248 1743 3177 4489 3177 4489 3248 1743 2323 1742 2377 4490 2379 4491 2322 4492 2322 4493 2379 4494 2320 4495 3712 4496 3710 4497 3944 4498 3944 4498 3710 4497 2330 4499 2180 4500 2182 4501 3226 4502 3226 4503 2182 4504 3312 4505 3226 4506 3312 4507 3227 4508 3299 199 3300 199 3945 199 3945 199 3300 199 3264 199 3945 199 3264 199 3946 199 3946 199 3264 199 3262 199 3946 4509 3262 4509 3947 4509 3947 199 3262 199 3267 199 3947 4510 3267 4510 3948 4510 3948 4511 3267 4511 3270 4511 3948 4512 3270 4512 3949 4512 3949 4513 3270 4513 3275 4513 3949 4514 3275 4514 3950 4514 3950 4515 3275 4515 3279 4515 3950 4516 3279 4516 3951 4516 3951 4517 3279 4517 3952 4517 3953 4518 3954 4518 3295 4518 3295 4519 3954 4519 3955 4519 3295 199 3955 199 3292 199 3292 199 3955 199 3956 199 3292 199 3956 199 3286 199 3286 199 3956 199 3952 199 3286 4520 3952 4520 3279 4520 3957 199 3958 199 3959 199 3959 199 3958 199 3960 199 3960 199 3961 199 3962 199 3962 199 3961 199 3963 199 3962 4521 3963 4521 3964 4521 3964 199 3963 199 3953 199 3964 4522 3953 4522 3965 4522 3965 4523 3953 4523 3295 4523 3966 199 3967 199 3524 199 3524 4524 3967 4524 3968 4524 3524 4525 3968 4525 3525 4525 3525 199 3968 199 3969 199 3525 4526 3969 4526 3532 4526 3532 4527 3969 4527 3957 4527 3532 4528 3957 4528 3531 4528 3531 199 3957 199 3959 199 3970 4529 3971 4529 3309 4529 3309 199 3971 199 3972 199 3309 4530 3972 4530 2459 4530 2459 4531 3972 4531 3966 4531 2459 4532 3966 4532 3524 4532 3970 199 3309 199 3306 199 3970 199 3306 199 3973 199 3973 199 3306 199 3304 199 3973 199 3304 199 3974 199 3974 4533 3304 4533 3298 4533 3974 199 3298 199 3975 199 3975 199 3298 199 3299 199 3975 199 3299 199 3945 199 2347 4534 3314 4535 2348 4536 2348 4536 3314 4535 2355 4537 2369 4538 2371 4539 2356 4540 2356 4541 2371 4542 2354 4543 2357 4544 2358 4545 3047 4546 3047 4547 2358 4548 2339 4549 3640 4550 2879 4551 3642 4552 3642 4553 2879 4554 3903 4555 3642 4553 3903 4555 3643 4556 3743 4557 3650 4558 3902 4559 3902 4560 3650 4561 3647 4562 3902 4560 3647 4562 3901 4563 3901 4563 3647 4562 3645 4564 3901 4563 3645 4564 3907 4565 3907 4565 3645 4564 3643 4556 3907 4565 3643 4556 3905 4566 3905 4566 3643 4556 3903 4555 2390 4567 2392 4568 3976 4569 3976 4569 2392 4568 3528 4570 3976 4569 3528 4570 3527 4571 2451 4572 2395 4573 2449 4574 2449 4574 2395 4573 2390 4575 2449 4574 2390 4575 3977 4576 3977 4577 2390 4578 3523 4579 3523 4580 2390 4581 3526 4582 3526 4582 2390 4581 3976 4583 3526 4582 3976 4583 3527 4584 2521 4585 2449 4574 2425 4586 2425 4586 2449 4574 3977 4576 2204 4587 2211 4588 2247 4589 2247 4589 2211 4588 3831 4590 2247 4589 3831 4590 3830 4591 2291 4592 3929 4593 2300 165 2300 165 3929 4593 2264 4594 2300 165 2264 4594 3830 4591 3830 4591 2264 4594 2261 4595 3830 4591 2261 4595 2247 4589 2264 4594 3929 4593 2262 4596 3831 4590 2211 4588 2208 4597 2483 59 3837 4598 2484 4599 2484 4599 3837 4598 2470 4600 2484 4599 2470 4600 2471 4601 2290 4602 2266 4603 3931 4604 2300 165 3830 4591 2301 166 2301 166 3830 4591 3835 4605 2301 166 3835 4605 3931 4604 3931 4604 3835 4605 3837 4598 3931 4604 3837 4598 2290 4602 2290 4602 3837 4598 2483 59 2290 4602 2483 59 2291 4592 2291 4592 2483 59 2211 4588 2291 4592 2211 4588 3929 4593 3929 4593 2211 4588 2204 4587 2470 4600 3837 4598 2472 4606 3837 4598 2298 4607 2472 4606 2472 4606 2298 4607 2781 4608 2472 4606 2781 4608 2469 4609 2469 4610 2781 4611 2471 4612 2469 4613 2471 4614 2481 4615 2481 4616 2471 4617 2455 4616 2298 4607 2292 4618 2781 4608 2781 4608 2292 4618 2342 4619 2781 4608 2342 4619 2782 4620 2782 4621 2342 4622 3978 4623 2782 4624 3978 4625 2787 4626 2406 4627 2508 4628 3979 4629 3979 4629 2508 4628 2507 4630 3980 4631 2808 4632 3979 4633 3979 4634 2808 4635 2850 59 3979 4629 2850 4636 2406 4627 2406 4637 2850 59 2644 4638 2406 4637 2644 4638 2407 4639 2407 4639 2644 4638 2910 4640 2407 4639 2910 4640 3981 4641 3980 4642 3982 4643 2808 4644 2910 4645 2644 4646 2643 4647 2787 4648 2407 4639 3981 4641 3981 4649 3983 4650 2787 4651 2787 4652 3983 4653 3984 4654 2787 4652 3984 4654 2643 4655 2643 4655 3984 4654 2909 4656 2407 4639 2787 4648 2507 4630 2507 4630 2787 4648 3978 4657 2507 4630 3978 4657 3979 4629 2472 4606 2469 4609 2463 4658 2487 4659 2489 4660 2486 4661 2486 4661 2489 4660 2491 4662 2486 4661 2491 4662 2497 4663 2497 4663 2491 4662 2496 4664 2497 4663 2496 4664 3357 4665 2435 4666 2388 4667 2438 4668 2438 4669 2388 4670 2394 4671 2391 4672 2395 4673 3985 4674 3985 4675 2395 4676 2451 4677 2391 4678 3985 4679 2392 4680 2392 4680 3985 4679 2480 4681 2392 4680 2480 4681 3528 4682 3528 4682 2480 4681 2452 4683 3528 4682 2452 4683 2462 4684 3533 4685 3986 4686 3987 4687 3987 4688 3986 4689 2475 199 3522 4690 3988 4691 3533 4685 3533 4685 3988 4691 3989 4692 3533 4685 3989 4692 3986 4686 3521 4693 3990 4694 3522 4690 3522 4690 3990 4694 3991 4695 3522 4690 3991 4695 3988 4691 2429 4696 2425 4697 2475 4698 2475 4698 2425 4697 3977 4699 2475 4698 3977 4699 3987 4700 3987 4700 3977 4699 3523 4701 3987 4700 3523 4701 3533 4702 3992 4703 2778 4704 2316 480 2316 480 2778 4704 2777 4705 2316 4706 2777 4707 3359 4708 2316 480 2484 482 3992 4703 3992 4703 2484 482 2471 4709 3992 4703 2471 4709 2778 4704 2509 4710 2510 4711 3233 4712 3233 4713 2510 4714 2583 4715 3233 4713 2583 4715 3234 4716 2453 4717 2480 4718 2451 4719 2451 4720 2480 4721 3985 4722 2464 4723 2469 4724 2482 4725 2482 4726 2469 4727 2481 4728 2485 4729 3760 4730 2408 4731 2408 4731 3760 4730 3713 4732 2485 4733 2513 4734 3760 4735 3760 4736 2513 4737 2506 4738 2383 4739 3716 4740 2381 4741 2381 4741 3716 4740 2401 4742 2451 4743 2450 4744 2453 4745 2453 4745 2450 4744 2454 4746 2474 4747 2417 4748 2516 4749 2516 4749 2417 4748 2412 4750 2516 4749 2412 4750 3734 4751 3734 4751 2412 4750 2402 4752 3734 4751 2402 4752 2498 4753 2498 4753 2402 4752 2418 4754 2498 4753 2418 4754 2447 4755 2498 4753 2447 4755 2477 4756 2477 4756 2447 4755 2271 4757 2477 4756 2271 4757 2955 4758 2955 4758 2271 4757 2270 4759 2955 4758 2270 4759 3711 4760 3711 4760 2270 4759 2474 4747 3711 4760 2474 4747 2516 4749 2531 4761 2533 4762 3719 4763 3719 4764 2533 4765 3718 4766 2575 4767 2754 4768 2573 4769 2573 4770 2754 4771 2544 4772 2573 4773 2544 4774 2543 4775 2879 4776 3640 4777 3178 4778 3178 4778 3640 4777 3641 4779 3178 4778 3641 4779 3752 4780 3752 4780 3641 4779 2554 4781 3752 4782 2554 4783 2553 4784 2531 4785 3717 4786 2532 4787 2532 4788 3717 4789 2541 4790 3993 4791 3994 4792 2741 4793 2741 4793 3994 4792 3995 4794 2741 4793 3995 4794 2739 4795 2739 4795 3995 4794 3996 4796 2502 4797 2504 4798 2580 4799 2580 4800 2504 4801 3232 4802 2580 4803 3232 4804 2581 4805 2546 4806 3997 4807 2547 4808 2547 4809 3997 4810 3720 4811 2547 4812 3720 4813 3651 4814 3997 4815 2546 4816 2558 4817 2558 4818 2546 4819 2556 4820 2254 4821 3670 4822 2252 4823 2252 4824 3670 4825 3669 4826 2543 4827 2545 4828 2571 4829 2571 4830 2545 4831 3284 4832 2571 4830 3284 4832 2572 4833 2592 4834 3289 4835 2557 4836 2557 4836 3289 4835 3288 4837 2557 4836 3288 4837 2558 4838 2558 4838 3288 4837 3720 4839 2558 4838 3720 4839 3997 4840 2642 4841 2644 4842 3393 4843 3393 4844 2644 4845 2850 4846 3393 4847 2850 4848 2810 4849 2740 4850 2599 2020 3998 4851 3998 4851 2599 2020 2716 2019 3998 4851 2716 2019 2718 4852 2741 4853 2740 4854 3993 4855 3993 4856 2740 4850 3998 4851 2604 4857 2606 4858 3999 4859 3999 4860 2606 4861 2673 4862 3999 4860 2673 4862 2722 4863 2612 4864 2647 4865 2610 4866 2610 4866 2647 4865 2620 4867 3385 4868 3403 4869 3575 4870 3575 4871 3403 4872 2686 4873 3575 4871 2686 4873 3106 4874 3106 4874 2686 4873 2639 4875 2618 4876 2620 4877 2630 4878 2630 4879 2620 4880 2648 4881 2630 4879 2648 4881 2628 4882 2625 4883 2627 4884 2662 4885 2625 4886 2662 4887 3791 4888 3728 4889 3726 4890 2675 4891 2675 4892 3726 4893 2676 4894 3725 4895 3727 4896 2669 4897 2669 4897 3727 4896 2681 4898 2827 4899 2737 4900 2719 4901 2719 4901 2737 4900 2615 4902 3428 4903 2717 4904 3415 4905 3415 4906 2717 4907 2716 4908 3415 4909 2716 4910 3366 4911 2710 4912 3430 4913 2715 4914 2715 4915 3430 4916 2714 4917 2727 4918 2726 4919 4000 4920 4000 4921 2726 4922 4001 4923 4002 4924 2918 4925 3666 4926 3666 4926 2918 4925 4003 4927 3666 4928 4003 4929 3667 4930 3667 4931 4003 4932 4004 4933 3792 4934 2645 4935 3791 4936 3791 4937 2645 4938 2625 4939 2682 4940 2653 4941 2712 4942 2712 4943 2653 4944 2652 4945 2904 4946 2735 4947 2827 4948 2827 4899 2735 4949 4005 4950 2827 4899 4005 4950 2737 4900 2737 4900 4005 4950 2735 4949 2738 4951 2645 4952 2744 4953 2744 4953 2645 4952 3792 4954 2744 4955 3792 4956 2742 4957 4006 4958 2740 4959 3731 4960 3731 3330 2740 4961 2739 3331 3433 4962 3724 4963 2721 4964 2721 4964 3724 4963 2612 4965 2721 4964 2612 4965 2722 4966 2722 4966 2612 4965 2611 4967 2722 4966 2611 4967 3999 4968 3999 4968 2611 4967 2604 4969 4007 4970 2561 4971 3980 4972 3980 4972 2561 4971 2560 4973 3980 4974 2560 4975 3982 4976 3982 4976 2560 4975 2809 4977 3982 4978 2809 4979 2808 4980 3510 4981 4008 4981 3508 4981 3508 59 4008 59 3506 59 2907 4982 4009 4982 3510 4982 3510 59 4009 59 4010 59 3510 4983 4010 4983 4008 4983 2718 4984 2717 4904 3808 4985 3808 4985 2717 4904 3428 4903 2875 4986 2896 4987 2916 4988 2916 4989 2896 4990 2915 4991 4011 4992 2886 4993 2934 4994 2934 4994 2886 4993 2885 4995 2945 4996 4012 4996 3499 4996 3499 4997 4012 4997 2886 4998 3499 1633 2886 4993 3502 4999 3502 4999 2886 4993 4011 4992 3502 4999 4011 4992 2923 5000 2810 5001 2809 5002 3393 5003 3393 5003 2809 5002 2560 5004 3393 5003 2560 5004 2562 5005 2793 5006 3983 5007 2791 5008 2791 5009 3983 5010 3981 5011 2991 5012 4013 1633 4014 1633 4014 1633 4013 1633 4015 1633 4014 5013 4015 5013 4016 5013 3447 5014 3984 5015 2793 5016 2793 5017 3984 5018 3983 5019 2704 5020 2706 5021 3448 5022 3448 5022 2706 5021 2751 5023 3448 5022 2751 5023 2750 5024 2911 5025 2792 5026 2910 5027 2910 5027 2792 5026 2791 5028 2910 5027 2791 5028 3981 5029 2697 5030 2807 5031 2840 5032 2840 5033 2807 5034 2804 5035 2643 5036 2844 5037 2787 5038 2787 5039 2844 5040 2833 5041 4017 5042 4018 5043 4019 5044 4019 5045 4018 5046 4020 5047 3476 5048 2692 5049 2828 5050 2828 5051 2692 5052 2693 5053 2689 5054 2905 5055 2755 5056 2755 5057 2905 5058 2904 5059 2755 1065 2904 5060 2827 1063 3497 5061 2977 5062 3673 5063 3673 5064 2977 5065 2976 5066 3984 5067 3447 5068 2909 5069 2909 5070 3447 5071 2911 5072 2748 5073 4021 5074 2788 5075 2788 5076 4021 5077 2789 5078 3755 5079 2376 5080 3672 5081 3672 5082 2376 5083 2362 5084 4022 5085 2984 5086 3488 5087 3488 5087 2984 5086 3820 5088 3488 5087 3820 5088 3489 5089 3489 5089 3820 5088 3819 5090 3489 5089 3819 5090 3486 5091 3486 5091 3819 5090 2891 5092 3486 5093 2891 5094 2890 5095 3406 5096 3405 5097 3803 5098 3803 5098 3405 5097 3440 5099 2854 5100 2835 5101 2877 5102 2877 5103 2835 5104 2914 5105 4023 5106 3674 5107 2848 5108 2848 5108 3674 5107 2849 5109 4024 5110 2748 5111 2913 5112 2913 5113 2748 5114 2711 5115 2913 5113 2711 5115 2855 5116 2855 5116 2711 5115 3365 5117 2855 5116 3365 5117 3362 5118 3362 5119 3365 5120 3363 199 3362 5121 3363 5122 3349 5122 3349 199 3363 199 3364 199 3349 199 3364 199 3350 199 2748 5123 4024 5124 4021 5125 4021 5126 4024 5127 2913 5128 4021 5129 2913 1230 2789 1229 2622 5130 3406 5131 3785 5132 3785 5132 3406 5131 3803 5133 2897 5134 2869 5135 2864 5136 2864 5137 2869 5138 2859 5139 3463 5140 3484 5141 3464 5142 3464 5143 3484 5144 3491 5145 3464 5143 3491 5145 3465 5146 3465 5146 3491 5145 3492 5147 3465 5146 3492 5147 3470 5148 3470 5148 3492 5147 3493 5149 3470 5148 3493 5149 3469 5150 3469 5150 3493 5149 3494 5151 3469 5150 3494 5151 3468 5152 3468 5152 3494 5151 3496 5153 3468 5152 3496 5153 3471 5154 3471 5155 3496 5156 3472 5157 2756 5158 2758 5159 2902 5160 2902 5161 2758 5162 3435 5163 2902 5164 3435 5165 2908 5166 3564 5167 3563 5168 3738 5169 3738 5169 3563 5168 3558 5170 3738 5171 3558 5172 3557 5173 3557 199 3566 199 3738 5174 3738 5175 3566 5176 3567 5176 3738 5177 3567 199 3739 199 3739 5178 3567 5178 3568 5178 3739 5179 3568 5179 3556 5179 2476 5180 3755 5181 3735 5182 3735 5182 3755 5181 3672 5183 3735 5184 3672 5185 3802 5186 3802 5186 3672 5185 3668 5187 2934 5188 2936 5189 4011 5190 4011 5191 2936 5192 2921 5193 4011 5194 2921 5195 2923 5196 2957 5197 2956 5198 2999 5199 2999 5200 2956 5201 2997 5202 3141 4212 3903 4211 2881 5203 2881 5203 3903 4211 2879 5204 3115 5205 3117 5206 3073 5207 3073 5207 3117 5206 3074 5208 3078 5209 3108 5210 2958 5211 2958 5212 3108 5213 2956 5214 3505 5215 3504 5216 3794 5217 3794 5217 3504 5216 3511 5218 3794 5217 3511 5218 3796 5219 3796 5220 3511 5221 3507 5222 4025 5223 3268 5224 4026 5225 4026 5225 3268 5224 3273 5226 4026 5225 3273 5226 4027 199 4027 5227 3273 5228 4028 5227 3045 199 3481 5229 4029 5230 4029 5231 3481 5232 3274 5233 4029 5231 3274 5233 4030 5234 4030 5234 3274 5233 3268 5224 4030 5234 3268 5224 4031 5235 4031 5235 3268 5224 4025 5223 2971 5236 2970 5237 2872 5238 2872 5238 2970 5237 2870 5239 4032 5240 4033 5241 4034 5242 4034 5243 4033 5241 4035 5244 4036 5245 4032 5240 4037 5246 4037 5246 4032 5240 4034 5247 4038 5248 4039 5249 4034 5250 4034 5250 4039 5249 4040 5251 4034 5247 4040 5252 4037 5246 4037 5246 4040 5252 4041 5253 4037 5246 4041 5254 4036 5245 4034 5250 4035 5244 4038 5248 4038 5248 4035 5244 4042 5255 4038 5248 4042 5255 4043 5256 4043 5256 4042 5255 4044 5257 4043 5256 4044 5257 4045 5258 4035 5244 4033 5241 4042 5255 4046 5259 4047 5260 4048 5261 4048 5261 4047 5260 4049 5262 4048 5261 4049 5262 4050 5263 4050 5263 4049 5262 4051 5264 4050 5263 4051 5264 4052 5265 4052 5265 4051 5266 4053 5267 4052 5265 4053 5267 4054 5268 4054 5268 4053 5267 4055 5269 4054 5268 4055 5269 4056 5270 4056 5270 4055 5269 4057 5271 4056 5272 4057 5273 2704 5274 4058 5275 2838 5276 4047 5260 2689 5277 4039 5249 2905 5278 4059 5279 4044 5280 4042 5255 3093 5281 4060 5282 4061 5283 3093 5284 4061 5283 4062 5285 4062 5285 4061 5283 4063 5286 4062 5285 4063 5286 4064 5287 4065 5288 4066 5289 4067 5290 4067 5290 4066 5289 4068 5291 4067 5290 4068 5291 3113 5292 3113 5292 4068 5291 4069 5293 3113 5292 4069 5293 3067 5294 3067 5294 4069 5293 4070 5295 3067 5294 4070 5295 4071 5296 4071 5296 4070 5295 4072 5297 4071 5296 4072 5297 3065 5298 4048 5261 4050 5263 4073 5299 4073 5299 4050 5263 4074 5300 4073 5299 4074 5300 4075 5301 4076 5302 4051 5303 2608 5304 2608 5305 4051 5306 4049 5262 2608 5305 4049 5262 2609 5307 2609 5307 4049 5262 4047 5260 4076 5302 2608 5308 4077 5309 4077 5310 2608 5311 2607 5312 4078 5313 4077 5314 2607 5315 4079 5316 4080 5317 2657 5318 2657 5318 4080 5317 4081 5319 4080 5317 4082 5320 4081 5319 4080 5317 4078 5321 4082 5320 4082 5320 4078 5322 2838 5323 4082 5320 2838 5323 4081 5319 4081 5319 2838 5323 2658 5324 4081 5319 2658 5324 2657 5318 4078 5322 2607 5325 2838 5323 2838 5323 2607 5325 2609 5326 2838 5323 2609 5326 4047 3360 2838 5323 4083 5327 4084 5328 4084 5328 4083 5327 4085 5329 2690 5330 3507 5331 2838 5323 2838 5323 3507 5331 4086 5332 2692 5333 4087 5334 2690 5335 2690 5335 4087 5334 4088 5336 2690 5335 4088 5336 3507 5337 2989 5338 4089 5339 3476 5340 3476 5341 4089 5339 4087 5334 3476 5342 4087 5334 2692 5333 4089 5339 4090 5343 4087 5334 4087 5334 4090 5343 3795 3739 4087 5334 3795 3739 4088 5336 4088 5336 3795 3739 3796 3741 4088 5336 3796 3741 3507 5344 2991 5345 4014 5346 2989 5347 2989 5338 4014 5348 4089 5339 4091 5349 4016 5350 4092 5351 3740 5352 3737 5353 4016 5350 4016 5350 3737 5353 3021 5354 4016 5350 3021 5354 4092 5351 4092 5351 3021 5354 3817 199 4092 5351 3817 199 3022 5355 2920 5356 2922 5357 4016 5350 4016 5350 2922 5357 3740 5352 2991 5358 4093 5359 4013 5360 4013 5361 4093 5362 4015 5363 2991 1356 2996 1355 4093 5364 4093 5362 2996 5365 4094 5366 4093 5362 4094 5366 4015 5363 4015 5363 4094 5366 4095 5367 4015 5363 4095 5367 4016 5368 4016 5368 4095 5367 4096 5369 4016 5368 4096 5369 2920 5370 2920 5370 4096 5369 4097 5371 2920 5372 4097 5373 3503 5374 2858 5375 4095 5367 4094 5366 2858 5376 4094 5366 2856 5377 2856 5377 4094 5366 2996 5365 2856 5378 2996 5379 2878 5380 2857 5381 4098 5382 2858 5383 2857 1364 4099 5384 4098 5385 2857 1364 3002 1366 4099 5384 4099 5384 3002 1366 4100 5386 4099 5384 4100 5386 4098 5385 4098 5385 4100 5386 4101 5387 4098 5385 4101 5387 2858 5388 2858 5389 4101 5387 4102 5390 2858 5391 4102 5392 4095 5393 4095 5393 4102 5392 4103 5394 4095 5367 4103 5395 4096 5369 4096 5369 4103 5395 4104 5396 4096 5369 4104 5396 4105 5397 3002 1366 2801 5398 4100 5386 4100 5386 2801 5398 2797 5399 4106 5400 2708 865 2615 5401 2615 5401 2708 865 2613 864 2746 5402 2745 5403 2736 5404 2736 5404 2745 5403 4106 5405 2736 5404 4106 5405 2737 5406 2737 5407 4106 5400 2615 5401 2745 5403 2747 5408 2720 5409 2720 5409 2747 5408 4107 5410 2720 5409 4107 5410 4108 5411 4108 5411 4107 5410 4109 5412 4108 5411 4109 5412 4110 5413 4110 5413 4109 5412 3812 3876 4110 5413 3812 3876 4111 5414 4111 5414 3812 3876 3814 3878 4107 5410 2747 5408 4112 5415 2747 975 2773 974 4112 5415 4112 5415 2773 974 4113 5416 4112 5415 4113 5416 4107 5410 4107 5410 4113 5416 4114 5417 4107 5410 4114 5417 4109 5412 4109 5412 4114 5417 4115 5418 4109 5412 4115 5418 3812 3876 3812 3876 4115 5418 3813 3877 4113 5419 2773 5420 2894 5421 3003 5422 4116 5423 3000 1362 2892 5424 3818 5425 4117 5426 2983 5427 3747 5428 3818 5429 3818 5430 3747 5431 4118 5432 3818 5433 4118 5434 4117 5435 4117 5435 4118 5434 4119 5436 4117 5435 4119 5436 4120 5437 3747 5438 3748 5439 4118 5440 4118 5441 3748 5442 3317 5443 4118 5434 3317 5444 4119 5436 4119 5436 3317 5445 4121 5446 4119 5436 4121 5446 4120 5437 4120 5437 4121 5446 4122 5447 4120 5437 4122 5447 4123 5448 4123 5448 4122 5447 4124 5449 4123 5448 4124 5449 4125 5450 4125 5450 4124 5449 4126 5451 2499 5452 4121 5446 3319 5453 3319 5454 4121 5455 3317 5456 4124 5449 4122 5447 4127 5457 4127 5457 4122 5447 4121 5446 4127 5457 4121 5446 2499 5452 4126 5451 4124 5449 2501 5458 2501 5459 4124 5449 4127 5457 2501 5459 4127 5457 2499 5460 2501 5461 4128 5462 4126 5451 4126 5451 4128 5462 4129 5463 4126 5451 4129 5463 4130 5464 4130 5464 4129 5463 4131 5465 4130 5464 4131 5465 4132 5466 4132 5466 4131 5465 4133 5467 4132 5466 4133 5467 4134 5468 4134 5468 4133 5467 4135 5469 4134 5468 4135 5469 4123 5448 4123 5448 4135 5469 3003 5422 4123 5448 3003 5470 4120 5437 4120 5471 3003 1386 2892 1385 4120 5437 2892 5472 4117 5435 2501 5461 2500 5473 4128 5462 4128 5474 2500 5475 3316 5476 4128 5462 3316 5477 4136 5478 4136 5478 3316 5477 4137 5479 4136 5478 4137 5479 4138 5480 3316 5477 3005 5481 4137 5479 3013 5482 3012 5483 4137 5479 4137 5479 3012 5483 3401 5484 4137 5479 3401 5484 4138 5480 4137 5479 3005 5485 3013 5482 2882 5486 3377 5487 3394 5488 3394 5488 3377 5487 3379 5489 3379 5490 3385 5491 4139 5492 4139 5492 3385 5491 3575 5493 4139 5492 3575 5493 3822 5494 3572 5495 4140 5496 3822 5494 3822 5494 4140 5496 4141 5497 3822 5494 4141 5497 4139 5492 4139 5492 4141 5497 4138 5480 4139 5492 4138 5480 3379 5490 3379 5490 4138 5480 3401 5498 3379 5490 3401 5498 3394 5499 3572 5500 4142 5501 4140 5496 4140 5496 4142 5501 4143 5502 4140 5496 4143 5502 4144 5503 4144 5503 4143 5502 4131 5465 4144 5503 4131 5465 4129 5463 2517 5504 4145 5505 2518 5506 2518 5507 4145 5505 4146 5508 2518 5509 4146 5508 3676 5510 3676 5510 4146 5508 4142 5501 3676 5510 4142 5501 3572 5511 4147 5512 2517 5504 2519 5513 3681 5514 3582 5515 4147 5512 4147 5512 3582 5515 3583 5516 4147 5512 3583 5516 2517 5504 2517 5504 3583 5516 4148 5517 2517 5504 4148 5517 4145 5505 4145 5505 4148 5517 4149 5518 4145 5505 4149 5518 4150 5519 2519 5520 3681 5514 4147 5512 4148 5517 4151 5521 4149 5518 3583 5516 4152 5522 4148 5517 4148 5517 4152 5522 4153 5523 4148 5517 4153 5523 4151 5521 4151 5521 4153 5523 2385 5524 4151 5521 2385 5524 4154 5525 4154 5525 2385 5524 4155 5526 4154 5525 4155 5526 4156 5527 4156 5527 4155 5526 4157 5528 2385 5524 4153 5523 2386 5529 2386 5530 4153 5523 4152 5522 2386 5531 4152 5532 3744 5533 4158 5534 2384 5535 2930 5536 2386 5537 4159 5538 2930 5536 2930 5536 4159 5538 4160 5539 2930 5536 4160 5539 4158 5534 4158 5534 4160 5539 2652 5540 4158 5541 2652 5542 2942 5543 2386 5544 3744 5545 4159 5538 3744 5545 3584 5546 4159 5538 4159 5538 3584 5546 3585 5547 4159 5538 3585 5547 3586 5548 3578 5549 2682 5550 2713 5551 4160 5539 4159 5538 2713 5552 2713 5552 4159 5538 3586 5548 2713 5553 3586 5554 3578 5555 2712 5556 4160 5539 2713 5552 2712 4943 2652 4945 4160 5557 4157 5528 4155 5526 2943 5558 2943 5558 4155 5526 2385 5524 2943 5558 2385 5524 2941 5559 2941 5559 2385 5524 2384 5560 2941 5561 2384 5562 2942 5563 2942 5543 2384 5564 4158 5541 3127 5565 3129 5566 2943 5558 2943 5558 3129 5566 4161 5567 2943 5558 4161 5567 4157 5528 4157 5528 4161 5567 4162 5568 4157 5528 4162 5568 4156 5527 4156 5527 4162 5568 4163 5569 4156 5527 4163 5569 4154 5525 4154 5525 4163 5569 4164 5570 4154 5525 4164 5570 4151 5521 4151 5521 4164 5570 4165 5571 4151 5521 4165 5571 4149 5518 4149 5518 4165 5571 4166 5572 4149 5518 4166 5572 4150 5519 4150 5519 4166 5572 4167 5573 4150 5519 4167 5573 4168 5574 4168 5574 4167 5573 3815 5575 4168 5574 3815 5575 4169 5576 4169 5576 3815 5575 3813 3877 4169 5576 3813 3877 4116 5423 4116 5423 3813 3877 4170 5577 4116 5423 4170 5577 3000 1362 3000 1362 4170 5577 4114 5417 3000 1362 4114 5417 2894 1363 2894 5578 4114 5417 4113 5416 4171 5579 3125 5580 2942 5581 2942 5581 3125 5580 3127 5565 2942 5581 3127 5565 2943 5558 2942 5581 2652 5582 4171 5579 4171 5579 2652 5582 2654 5583 4171 5579 2654 5583 3123 5584 3123 5584 2654 5583 4172 5585 3123 5584 4172 5585 3132 5586 3132 5586 4172 5585 2563 5587 3132 5588 2563 5589 2564 5590 2653 5591 4173 5592 2654 5583 2654 5583 4173 5592 4172 5585 2638 5593 2640 5594 4174 5595 4174 5596 2640 5597 4175 5598 4174 5596 4175 5598 4172 5585 4176 5599 4175 5600 2640 5601 2640 5602 2686 5603 4176 5599 4176 5599 2686 5603 3403 5604 4176 5599 3403 5604 3404 5605 2565 5606 4175 5600 3404 5605 3404 5605 4175 5600 4176 5599 4172 5585 4173 5592 4174 5596 4174 5596 4173 5592 2653 5607 4174 5608 2653 5609 2638 5610 2565 5611 2563 5612 4175 5613 4175 5598 2563 5614 4172 5585 4007 5615 4177 5616 4178 5617 4178 5617 4177 5616 4179 5618 2561 5619 4007 5620 2564 5621 2564 5622 4007 5615 4178 5617 4177 5616 2440 5623 2439 5624 4177 5616 4007 5625 2440 5623 2440 5626 4007 5627 3979 5628 2440 5626 3979 5628 3978 5629 4007 5630 3980 5631 3979 5632 2342 5633 2344 5634 3978 5629 3978 5629 2344 5634 2440 5626 2344 5635 4180 5636 2439 5624 2439 5624 4180 5636 4179 5618 2439 5624 4179 5618 4177 5616 4179 5618 4180 5636 4181 5637 4182 5638 2294 5639 4181 5637 4181 5637 2294 5639 2368 5640 4181 5637 2368 5640 4179 5618 4179 5618 2368 5640 2367 5641 4179 5618 2367 5641 4178 5617 4178 5617 2367 5641 3133 5642 4178 5617 3133 5642 2564 5643 2564 5643 3133 5642 3132 5644 4180 5636 4182 5638 4181 5637 2292 5645 2294 5646 2342 5647 2342 5647 2294 5646 4182 5648 2342 5647 4182 5648 2343 5649 2343 5650 4182 5638 4180 5636 2343 5650 4180 5636 2344 5651 4171 5579 3123 5584 3125 5580 3129 5566 3120 5652 4161 5567 4161 5567 3120 5653 4183 5654 4161 5567 4183 5654 4162 5568 4162 5568 4183 5654 4184 5655 4162 5568 4184 5655 4167 5573 4167 5573 4184 5655 4111 5414 4167 5573 4111 5414 3815 5656 3815 5657 4111 5414 3814 3878 3050 5658 4185 5659 3190 5660 3190 5660 4185 5659 3119 5661 3190 5660 3119 5661 3191 5662 3190 5660 3051 5663 3050 5658 3050 5658 3049 5664 4185 5659 4185 5659 3049 5664 3221 5665 4185 5659 3221 5666 3222 5667 3222 5667 3220 5668 4185 5659 4185 5659 3220 5668 3164 5669 4185 5659 3164 5669 4186 5670 4186 5670 3164 5669 3166 5671 4186 5670 3166 5671 4187 5672 4187 5672 3166 5671 3168 5673 4187 5672 3168 5673 4188 5674 4188 5674 3168 5673 3170 5675 4188 5674 3170 5675 4189 5676 4189 5676 3170 5675 3161 5677 4189 5676 3161 5677 4190 5678 4190 5678 3161 5677 3159 5679 4190 5680 3159 5681 4191 5682 4191 5682 3159 5681 3160 5683 4191 5682 3160 5683 2900 5684 2900 5685 3160 5686 2862 5687 2900 5688 2862 1129 2861 1128 2727 5689 4000 5690 2812 5691 2812 5691 4000 5690 4192 5692 2812 5691 4192 5692 2900 5684 2900 5684 4192 5692 4191 5682 2727 5689 2812 5691 4193 5693 4193 5693 2812 5691 2811 5694 4193 5693 2811 5694 4194 5695 4194 5695 2811 5694 2818 5696 4194 5695 2818 5696 2822 5697 4194 5698 2822 5699 3658 5700 2621 5701 2617 5702 3657 5703 3657 5704 2617 5705 2616 5706 3657 5707 2616 5708 3658 5700 3658 5700 2616 5708 2679 5709 3658 5700 2679 5709 4194 5698 4194 5698 2679 5709 2678 5710 4194 5695 2678 5711 4193 5693 4193 5693 2678 5711 4195 5712 4193 5693 4195 5712 4196 5713 4196 5713 4195 5712 2671 5714 2616 5708 3782 5715 2679 5709 2679 5709 3782 5715 2680 5716 2678 5711 4197 5717 4195 5712 4195 5712 4197 5717 4198 5718 4195 5712 4198 5718 3721 5719 2678 5720 2680 5721 4197 5722 4197 5723 2680 5724 4199 5725 4197 5717 4199 5726 4198 5718 4195 5712 3721 5727 2671 5714 2671 5728 2670 5729 4196 5730 4196 5713 2670 5731 4193 5693 4193 5693 2670 5731 2727 5732 2727 5733 2670 5734 2696 5735 2727 5733 2696 5735 2695 5736 2696 5735 2670 5734 2672 5737 4000 5690 4001 5738 4192 5692 4192 5692 4001 5738 4191 5682 4190 5680 4191 5682 4001 5738 4190 5739 4001 5740 4200 5741 4200 5742 4001 5743 4201 5744 4200 5742 4201 5744 4202 5745 4202 5745 4201 5744 2666 5746 4202 5745 2666 5746 3413 5747 2666 5748 4201 5749 4203 5750 4001 5751 2726 5752 4201 5753 4201 5754 2726 5755 2728 5756 4201 5757 2728 5758 4203 5750 4203 5750 2728 5758 2667 5759 4203 5750 2667 5759 2666 5748 2667 5760 2728 5761 2731 5762 4200 5742 4202 5745 4204 5763 4204 5764 4202 5765 3413 5766 4204 5767 3413 5768 4205 5769 4205 5770 4206 5771 4204 5772 4204 5773 4206 5771 4207 5774 3413 5775 4208 5776 4205 5770 4205 5770 4208 5776 4209 5777 4205 5770 4209 5777 4206 5771 4206 5771 4209 5777 4188 5674 4206 5771 4188 5674 4207 5774 4207 5774 4188 5674 4189 5676 4207 5774 4189 5676 4204 5778 4204 5778 4189 5676 4190 5678 4204 5779 4190 5739 4200 5741 4208 5776 4210 5780 4209 5777 3413 5781 3414 5782 4208 5783 4208 5784 3414 5785 2687 5786 2603 5787 2602 5788 4211 5789 4211 5790 2602 5791 4212 5792 4211 5790 4212 5792 4213 5793 4213 5794 4212 5795 4214 5796 4213 5794 4214 5796 4215 5797 4215 5797 4214 5796 4216 5798 4215 5797 4216 5798 4217 5799 4217 5799 4216 5798 4218 5800 4217 5799 4218 5800 4219 5801 4219 5801 4218 5800 2595 5802 2596 5803 4212 5804 2597 5805 4218 5800 4216 5798 2596 5806 2596 5806 4216 5798 4214 5796 2596 5803 4214 5807 4212 5804 4218 5800 2596 5806 2595 5808 4219 5801 4220 5809 4217 5799 2595 702 2597 704 4221 5810 4221 5811 2597 5812 4222 5813 4222 5813 2597 5812 4223 5814 4223 5814 2597 5812 4212 5815 4223 5816 4212 5817 2602 5818 4222 5813 4223 5819 4224 5820 4224 5820 4223 5819 2601 5821 4224 5820 2601 5821 2733 5822 2733 5823 2601 5824 2688 5825 2601 5826 4223 5827 2602 5828 2688 5829 2601 5830 2603 5831 2733 5822 2734 5832 4224 5820 4224 5820 2734 5832 4225 5833 4224 5820 4225 5833 4222 5813 4222 5813 4225 5833 3721 5834 4222 5813 3721 5834 4221 5811 4221 5835 3721 5836 4226 5837 4221 5835 4226 5837 2595 5802 2595 5802 4226 5837 4227 5838 2595 5802 4227 5838 4219 5801 4219 5801 4227 5838 4228 5839 4219 5801 4228 5839 4220 5809 2729 5840 2672 5841 3722 5842 3721 5843 4225 5844 3722 5845 3722 5846 4225 5833 2734 5832 3722 5847 2734 5848 2729 5849 4226 5837 4198 5718 4227 5838 4227 5838 4198 5718 4199 5726 4227 5838 4199 5726 4228 5839 4198 5718 4226 5837 3721 5850 4229 5851 2888 5852 4230 5853 4019 5854 4020 5855 2868 5856 2868 5857 4020 5858 4215 5859 2868 1165 4215 5860 2888 1166 2888 5861 4215 5862 4220 5863 2888 5852 4220 5864 4230 5853 4230 5865 4220 5809 4228 5839 4230 5865 4228 5839 4199 5866 3673 5867 4017 5868 3675 5869 3675 5869 4017 5868 4019 5870 3675 5869 4019 5870 2847 5871 2847 5872 4019 5854 2868 5856 2976 5873 4231 5874 3673 5875 3673 5876 4231 5877 4232 5878 3673 5876 4232 5878 4017 5879 2975 5880 4231 5874 2976 5873 4233 5881 4234 5882 2972 5883 4235 5884 3009 5885 4236 5886 4236 5886 3009 5885 4237 5887 4236 5886 4237 5887 2965 5888 2965 5889 2964 5890 4236 5891 4236 5886 2964 5892 4238 5893 4236 5886 4238 5893 4235 5884 2964 5894 4239 5895 4105 5397 4105 5397 4239 5895 3503 5896 4105 5397 3503 5896 4240 5897 3501 5898 3503 5899 3500 5900 3500 5900 3503 5899 4239 5901 3500 5900 4239 5901 2963 5902 2963 1297 4239 5903 2964 1298 3503 5896 4097 5371 4240 5897 4240 5897 4097 5371 4096 5369 4240 5897 4096 5369 4105 5397 3503 5904 3502 5905 2920 5906 2920 5907 3502 5908 2923 5909 4241 5910 4103 5911 4102 5390 4102 5390 4101 5387 4241 5910 4241 5910 4101 5387 4100 5386 4241 5910 4100 5386 4106 5405 4106 5405 4100 5386 2797 5399 4106 5912 2797 5913 2708 5914 2917 5915 3010 5916 4242 5917 4242 5918 3010 5919 4243 5920 4242 5918 4243 5920 4244 5921 4244 5922 4243 5923 4104 5924 4003 5925 2918 5926 4245 5927 4003 5925 4245 5927 4004 5928 4004 5928 4245 5927 2723 5929 4004 5930 2723 5931 3667 5932 2723 5929 4245 5927 2724 5933 2619 5934 2720 5409 2620 5935 2637 5936 2720 5409 2636 5937 2636 5937 2720 5409 4246 5938 2636 5937 4246 5938 2674 5939 2674 5939 4246 5938 4247 5940 2674 5941 4247 5942 3432 5943 3432 5943 4247 5942 3784 5944 3432 5943 3784 5944 3723 5945 4114 5417 4170 5577 4115 5418 4115 5418 4170 5577 3813 3877 4135 5469 4133 5467 4248 5946 4248 5946 4133 5467 4249 5947 4248 5946 4249 5947 4250 5948 4250 5948 4249 5947 4251 5949 4250 5948 4251 5949 4252 5950 4252 5950 4251 5949 4146 5508 4252 5950 4146 5508 4145 5505 4125 5450 4134 5468 4123 5448 4126 5451 4130 5464 4125 5450 4125 5450 4130 5464 4132 5466 4125 5450 4132 5466 4134 5468 4128 5462 4136 5478 4129 5463 4129 5463 4136 5478 4141 5497 4129 5463 4141 5497 4144 5503 4144 5503 4141 5497 4140 5496 4136 5478 4138 5480 4141 5497 4145 5505 4168 5574 4252 5950 4252 5950 4168 5574 4169 5576 4252 5950 4169 5576 4250 5948 4250 5948 4169 5576 4116 5423 4250 5948 4116 5423 4248 5946 4248 5946 4116 5423 3003 5422 4248 5946 3003 5422 4135 5469 4168 5574 4145 5505 4150 5519 4253 5951 4254 5952 4185 5659 4185 5659 4254 5952 4183 5654 4185 5659 4183 5654 3119 5661 3119 5661 4183 5654 3120 5653 4255 5953 4256 5954 4187 5672 4187 5672 4256 5954 4257 5955 4187 5672 4257 5955 4186 5670 4186 5670 4257 5955 4253 5951 4186 5670 4253 5951 4185 5659 4255 5953 4187 5672 4188 5674 4188 5674 4209 5777 4255 5953 4255 5953 4209 5777 4210 5780 4255 5953 4210 5780 4213 5794 4213 5794 4210 5780 4208 5776 4213 5794 4208 5776 4211 5956 4211 5957 4208 5784 2687 5786 4211 5957 2687 5786 2603 5958 4232 5878 4258 5959 4017 5960 4017 5960 4258 5959 4259 5961 4017 5960 4259 5961 4018 5962 4018 5962 4259 5961 4256 5963 4018 5962 4256 5963 4260 5964 2919 1247 4002 4924 4234 5882 4234 5882 4002 4924 4261 5965 4234 5882 4261 5965 2972 5883 2972 5883 4261 5965 4262 5966 2972 5967 4262 5968 2975 5969 2975 5970 4262 5966 4263 5971 2975 5970 4263 5971 4231 5877 4231 5877 4263 5971 4264 5972 4231 5877 4264 5972 4232 5878 4232 5878 4264 5972 4265 5973 4232 5878 4265 5973 4258 5959 4258 5959 4265 5973 4257 5974 4258 5959 4257 5974 4266 5975 2919 1247 4234 5882 2917 1245 2917 5976 4234 5882 3009 5885 3009 5885 4234 5882 4233 5881 3009 5885 4233 5881 4237 5887 4237 5887 4233 5881 2972 5977 4237 5887 2972 5977 2965 5978 3010 5979 3009 5980 4243 5981 4243 5982 3009 5885 4235 5884 4243 5982 4235 5884 4104 5396 4104 5396 4235 5884 4238 5893 4104 5396 4238 5893 4105 5397 4105 5397 4238 5893 2964 5983 4246 5938 4267 5984 4247 5940 4247 5940 4267 5984 4268 5985 4247 5940 4268 5985 3783 5986 3783 5987 4268 5988 4269 5989 3783 5990 4269 5991 3665 5992 4110 5413 4111 5414 4270 5993 4271 5994 4272 5995 4273 5996 4273 5996 4272 5995 4270 5997 4271 5994 4269 5989 4272 5995 4272 5995 4269 5989 4268 5988 4272 5995 4268 5988 4270 5997 4270 5998 4268 5985 4267 5984 4270 5998 4267 5984 4110 5413 4110 5413 4267 5984 4246 5938 4110 5413 4246 5938 4108 5411 4108 5411 4246 5938 2720 5409 4247 5942 3783 5999 3784 5944 4165 5571 4163 5569 4166 5572 4166 5572 4163 5569 4162 5568 4166 5572 4162 5568 4167 5573 4163 5569 4165 5571 4164 5570 4270 5993 4111 5414 4184 5655 4270 6000 4184 5655 4273 6001 4273 6001 4184 5655 4183 5654 4273 6001 4183 5654 4254 5952 4258 5959 4266 5975 4259 5961 4259 5961 4266 5975 4256 5963 4257 5974 4265 5973 4274 6002 4274 6002 4265 5973 4264 5972 4274 6002 4264 5972 4253 6003 4253 6003 4264 5972 4263 5971 4253 6003 4263 5971 4275 6004 4018 5962 4260 5964 4276 6005 4276 6005 4260 5964 4255 5953 4276 6005 4255 5953 4020 6006 4020 6006 4255 5953 4213 5794 4020 6006 4213 5794 4277 6007 4277 6007 4213 5794 4215 5797 4253 6003 4275 6004 4278 6008 4278 6008 4275 6004 4279 6009 4278 6008 4279 6009 4254 6010 4271 6011 4254 6010 4280 6012 4280 6012 4254 6010 4279 6009 4280 6012 4279 6009 4261 5965 4261 5965 4279 6009 4275 6004 4261 5965 4275 6004 4262 5966 4262 5966 4275 6004 4263 5971 3666 4926 4271 6011 4002 4924 4002 4924 4271 6011 4280 6012 4002 4924 4280 6012 4261 5965 4269 6013 4271 6014 3665 6015 3665 6015 4271 6014 3666 6016 4133 5467 4131 5465 4249 5947 4249 5947 4131 5465 4143 5502 4249 5947 4143 5502 4251 5949 4251 5949 4143 5502 4142 5501 4251 5949 4142 5501 4146 5508 2918 6017 2917 6018 4281 6019 4281 6020 2917 6021 4242 5918 4281 6020 4242 5918 4245 5927 4104 5924 4103 6022 4244 5922 4244 5921 4103 5911 4241 5910 4244 5921 4241 5910 4242 5918 4242 5918 4241 5910 4106 5405 4242 5918 4106 5405 4245 5927 4245 5927 4106 5405 2745 5403 4245 5927 2745 5403 2724 5933 2724 5933 2745 5403 2720 5409 2724 5933 2720 5409 2683 6023 2683 6023 2720 5409 2619 5934 3816 6024 2931 6025 2922 5357 2922 5357 2931 6025 3811 6026 2922 5357 3811 6026 3740 5352 4092 5351 3022 5355 3816 6024 3816 6024 3022 5355 4282 6027 3816 6024 4282 6027 2931 6025 3816 6024 4283 6028 4092 5351 4092 5351 4283 6028 4284 6029 4092 5351 4284 6029 4285 6030 2935 6031 2934 6032 3008 6033 3008 6033 2934 6032 2885 6034 3008 6035 2885 6036 3816 6024 3816 6024 2885 6036 2995 6037 3816 6024 2995 6037 4283 6028 4283 6028 2995 6038 3505 6039 4283 6028 3505 6039 4284 6029 4284 6040 3505 6041 3794 6042 4284 6029 3794 6043 4285 6030 4285 6030 3794 6043 3793 6044 4285 6030 4090 5343 4092 5351 4092 5351 4090 5343 4089 5339 4092 5351 4089 5339 4091 5349 4091 5349 4089 5339 4014 5348 4091 5349 4014 5348 4016 5350 4090 5343 4285 6030 3793 6044 3795 6045 4090 6046 3793 6047 3507 5331 3506 6048 4086 5332 4086 5332 3506 6048 4286 6049 4086 5332 4286 6049 4287 6050 3506 6048 4288 3360 4286 6049 4085 5329 4083 5327 4289 6051 4289 6051 4083 5327 2838 5323 4289 6051 2838 5323 4290 6052 4290 6052 2838 5323 4086 5332 4290 6052 4086 5332 4291 6053 4291 6053 4086 5332 4287 6050 4291 3360 4287 3360 4292 3360 4084 6054 4293 3360 4294 3360 4295 3360 2658 6055 4296 3360 4296 3360 2658 5324 2838 5323 4296 3360 2838 5323 4297 6056 4297 6056 2838 5323 4084 5328 4297 3360 4084 6057 4298 3360 4298 6058 4084 6059 4294 6058 2657 5318 2656 6060 4079 5316 4079 5316 2656 6060 3455 6061 4079 5316 3455 6062 4299 6063 4299 6063 3455 6062 3454 6064 4299 6065 3454 6066 4057 6067 4057 6068 3454 6069 2705 6070 4057 6071 2705 6072 2704 6073 4299 6063 4076 5302 4079 5316 4079 5316 4076 5302 4077 5309 4079 5316 4077 5309 4080 5317 4080 5317 4077 5309 4078 5321 3093 6074 4300 6075 4060 5282 4060 5282 4300 6075 4301 6076 4060 5282 4301 6076 4302 6077 4302 6077 4301 6076 4303 6078 4302 6077 4303 6078 4304 6079 4304 6079 4303 6078 4305 6080 4304 6079 4305 6080 4306 6081 4306 6081 4305 6080 4307 6082 4306 6081 4307 6082 4308 6083 4308 6083 4307 6082 4309 6084 4308 6083 4309 6084 4310 6085 4310 6085 4309 6084 4311 6086 4310 6085 4311 6086 4312 6087 4062 6088 3099 6089 3093 6090 3099 6091 4062 5285 4313 6092 4313 6092 4062 5285 4064 5287 3067 5294 3066 6093 3113 5292 4314 6094 4068 5291 4315 6095 4315 6095 4068 5291 4066 5289 4315 6095 4066 5289 4065 6096 4315 6095 4065 6097 4316 6098 4316 6099 4065 6100 2698 6101 2698 6102 4065 6103 2699 6104 2699 6105 4065 6106 2803 6107 4315 6095 4316 6098 4314 6094 4314 6094 4316 6098 4317 6108 4314 6094 4317 6108 4318 6109 4318 6110 4317 6111 4319 6112 4318 6109 4319 6113 4320 6114 4320 6114 4069 5293 4318 6109 4318 6109 4069 5293 4068 5291 4318 6109 4068 5291 4314 6094 4321 6115 4322 6116 4323 6117 4323 6117 4322 6116 4070 5295 4323 6117 4070 5295 4320 6118 4320 6119 4070 5295 4069 5293 4319 6120 4324 6121 4320 6122 4320 6122 4324 6121 4325 6123 4320 6122 4325 6123 4323 6117 4323 6117 4325 6123 4326 6124 4323 6117 4326 6124 4321 6115 4321 6115 4326 6124 4327 6125 4328 6126 4329 6127 4330 6128 4330 6128 4329 6127 2698 6129 4330 6128 2698 6129 4331 6130 4331 6130 2698 6129 4332 6131 4319 6132 4317 6133 4329 6134 4329 6135 4317 6108 4316 6098 4329 6127 4316 6136 2698 6129 2698 846 2697 845 4332 6131 4332 6131 2697 845 4333 6137 4332 6131 4333 6137 4331 6130 4331 6130 4333 6137 2794 6138 4331 6130 2794 6138 4334 6139 2840 6140 2795 6141 4335 6142 4335 6143 2795 6144 2794 6145 2794 6138 4333 6137 4335 6146 4335 6147 4333 6148 2697 6149 4335 6150 2697 5030 2840 5032 3674 5107 4023 5106 4336 6151 4336 6151 4023 5106 3730 6152 2860 6153 4337 6154 2848 6155 2848 6156 4337 6154 4023 5106 4230 6157 4199 6158 4338 6159 4338 6160 4199 6161 4339 6162 4338 6160 4339 6162 4340 6163 4340 6163 4339 6162 4341 6164 4340 6163 4341 6164 4342 6165 4342 6165 4341 6164 4343 6166 4342 6165 4343 6166 4006 6167 4006 6167 4343 6166 2599 6168 4339 6169 4199 6170 2680 6171 4341 6164 4339 6162 3782 6172 3782 6173 4339 6169 2680 6171 3781 6174 2598 6175 2600 6176 2599 6168 4343 6166 2600 6176 2600 6176 4343 6166 4344 6177 2600 6176 4344 6177 3781 6174 4006 6167 4345 6178 4342 6165 4342 6165 4345 6178 4346 6179 4342 6165 4346 6179 4340 6163 4340 6163 4346 6179 4347 6180 4340 6163 4347 6180 4338 6160 4338 6160 4347 6180 4229 6181 4338 6160 4229 6181 4230 6182 4345 6178 3730 6152 4346 6179 4346 6179 3730 6152 4023 5106 4346 6179 4023 5106 4347 6180 4347 6180 4023 5106 4337 6154 4347 6180 4337 6154 4229 6181 4229 6181 4337 6154 2860 6153 4229 6181 2860 6153 2888 6183 4345 6178 3731 6184 3730 6152 4343 6166 4341 6164 4344 6177 4344 6177 4341 6164 3782 6172 4344 6177 3782 6172 3781 6185 3730 6186 4348 6187 4336 6188 4336 6188 4348 6187 4349 6189 4336 6188 4349 6189 3674 6190 4350 6191 4351 6192 4349 6193 4349 6193 4351 6192 4352 6194 4349 6193 4352 6194 3674 6195 3674 6196 4352 6194 4334 6139 3674 6197 4334 6198 3497 6199 3497 6200 4334 6139 2794 6138 3497 6200 2794 6138 2796 6201 3730 6202 4353 6203 4348 6204 4348 6204 4353 6203 4354 6205 4348 6204 4354 6205 4355 6206 4355 6206 4354 6205 4350 6191 4355 6206 4350 6191 4349 6193 4356 6207 4357 6208 4353 6203 4353 6203 4357 6208 4358 6209 4353 6203 4358 6209 4354 6205 4353 6203 3730 6210 4356 6207 4356 6207 3730 6210 3732 6211 4356 6207 3732 6211 4359 6212 4359 6212 3732 6211 3996 4796 3996 4796 3732 6211 2739 4795 4356 6207 4359 6212 4357 6208 4360 6213 4352 6194 4361 6214 4361 6214 4352 6194 4351 6192 4328 6126 4330 6128 4362 6215 4362 6215 4330 6128 4331 6130 4362 6215 4331 6130 4360 6213 4360 6213 4331 6130 4334 6139 4360 6213 4334 6139 4352 6194 4357 6216 4363 6217 4354 6218 4354 6218 4363 6217 4364 6219 4354 6218 4364 6219 4351 6220 4351 6220 4364 6219 4365 6221 4351 6220 4365 6221 4360 6222 4360 6222 4365 6221 4324 6121 4360 6222 4324 6121 4328 6126 4328 6126 4324 6121 4319 6120 4328 6126 4319 6120 4329 6127 3996 6223 3994 6224 4366 6225 4366 6225 3994 6224 4367 6226 4366 6225 4367 6226 4368 6227 4368 6227 4367 6226 4369 6228 4368 6227 4369 6228 4370 6229 4370 6229 4369 6228 4371 6230 4370 6229 4371 6230 4372 6231 4372 6231 4371 6230 4373 6232 4372 6231 4373 6232 4374 6233 4367 6226 3994 6224 4375 6234 3728 6235 2675 6236 4375 6234 4375 6234 2675 6236 4376 6237 4375 6234 4376 6237 4367 6226 4367 6226 4376 6237 4377 6238 4367 6226 4377 6238 4369 6228 4369 6228 4377 6238 4378 6239 4369 6228 4378 6239 4371 6230 3728 6235 4375 6234 3727 6240 3727 6240 4375 6234 4379 6241 3727 6240 4379 6241 2681 6242 2681 6242 4379 6241 3993 4791 2681 6242 3993 4791 2650 6243 3993 4791 4379 6241 3994 4792 2718 6244 2677 6245 4380 6246 4380 6247 2677 6248 2651 6249 4380 6247 2651 6249 2650 6250 2650 6250 3993 6251 4380 6247 4380 6252 3993 4856 3998 4851 4380 6253 3998 6254 2718 6255 4381 6256 4376 6237 2718 6244 2718 6244 4376 6237 2675 6236 2718 6244 2675 6236 2677 6245 2718 6244 3808 6257 4381 6256 4381 6256 3808 6257 3810 6258 3688 6259 2960 6260 3810 6261 3810 6262 2960 1291 2959 1290 3810 6262 2959 1290 4381 6256 4381 6256 2959 1290 4382 6263 4381 6256 4382 6263 4376 6237 4376 6237 4382 6263 4383 6264 4376 6237 4383 6264 4377 6238 2961 6265 4383 6264 2959 1290 2959 1290 4383 6264 4382 6263 2961 6265 3690 6266 4383 6264 4383 6264 3690 6267 4384 6268 4383 6264 4384 6268 4377 6238 4377 6238 4384 6268 4378 6239 4385 6269 3070 6270 4386 6271 4386 6271 3070 6270 3069 6272 4386 6273 3069 6274 3554 6275 3554 6275 3548 6276 4386 6273 4386 6271 4387 6277 4385 6269 3548 6278 4374 6233 4386 6271 4386 6271 4374 6233 4373 6232 4386 6271 4373 6232 4387 6277 4387 6277 4373 6232 4371 6230 4387 6277 4371 6230 4385 6269 4385 6269 4371 6230 4378 6239 4385 6269 4378 6239 3070 6270 3070 6270 4378 6239 4384 6268 3070 6270 4384 6268 3068 6279 3068 6280 4384 6268 3690 6267 3550 6281 3930 6282 3548 6283 3545 6284 3542 6285 4388 6286 4389 6287 4390 6288 4388 6286 4388 6286 4390 6288 4391 6289 4388 6286 4391 6289 3545 6284 3545 6290 4391 6289 3930 6291 3544 6292 4392 6293 3542 6294 3542 6294 4392 6293 4393 6295 3542 6296 4393 6295 4388 6286 4388 6286 4393 6295 4389 6287 3544 6292 3540 6297 4392 6293 4392 6293 3540 6298 3753 6299 4392 6293 3753 6299 4393 6295 4393 6295 3753 6299 3943 6300 4393 6295 3943 6300 4389 6287 4389 6287 3943 6300 4394 6301 4389 6287 4394 6301 4390 6288 4390 6288 4394 6301 3014 6302 4390 6288 3014 6303 4395 6304 3943 6305 3753 6306 3826 6307 3826 6307 3753 6306 2772 6308 3826 6307 2772 6308 2924 6309 2924 6309 2772 6308 2767 6310 2924 6311 2767 6312 3594 6313 2924 6309 2926 6314 3826 6307 3941 6315 4394 6301 3942 6316 3942 6316 4394 6301 3943 6300 3940 6317 4396 6318 4397 6319 3940 6317 3939 6320 4396 6318 4396 6321 3939 6322 4398 6323 4396 6321 4398 6323 3015 6324 3015 6324 4398 6323 4399 6325 3015 6324 4399 6325 3958 6326 3958 6326 4399 6325 4400 6327 3958 6326 4400 6327 3960 6328 3960 6328 4400 6327 4401 6329 3960 6328 4401 6329 3961 6330 3961 6330 4401 6329 4402 6331 3961 6330 4402 6331 3963 6332 3963 6332 4402 6331 4403 6333 3963 6332 4403 6333 3953 6334 3953 6334 4403 6333 3652 6335 3953 6334 3652 6335 3954 6336 3954 6336 3652 6335 3654 6337 3954 6336 3654 6337 3955 6338 3955 6338 3654 6337 3656 6339 3955 6338 3656 6339 3956 6340 3956 6340 3656 6339 4404 6341 3956 6340 4404 6341 3952 6342 3952 6342 4404 6341 4405 6343 3952 6342 4405 6343 3951 6344 3951 6344 4405 6343 4406 6345 3951 6344 4406 6345 3950 6346 3950 6346 4406 6345 4407 6347 3950 6346 4407 6347 3949 6348 3949 6348 4407 6347 4408 6349 3949 6348 4408 6349 3948 6350 3948 6350 4408 6349 4409 6351 3948 6350 4409 6351 3947 6352 3947 6352 4409 6351 4410 6353 3947 6352 4410 6353 3946 6354 3946 6354 4410 6353 4411 6355 3946 6354 4411 6355 3945 6356 3945 6356 4411 6355 4412 6357 3945 6356 4412 6357 3975 6358 3975 6358 4412 6357 4413 6359 3975 6358 4413 6359 3974 6360 3974 6360 4413 6359 4414 6361 3974 6360 4414 6361 3973 6362 3973 6362 4414 6361 4415 6363 3973 6362 4415 6363 3970 6364 3970 6364 4415 6363 4416 6365 3970 6364 4416 6365 3971 6366 3971 6366 4416 6365 4417 6367 3971 6366 4417 6367 3972 6368 3972 6368 4417 6367 4418 6369 3972 6368 4418 6369 3966 6370 3966 6370 4418 6369 4419 6371 3966 6370 4419 6371 3967 6372 3967 6372 4419 6371 4395 6373 3967 6372 4395 6373 3968 6374 3968 6374 4395 6373 3014 6375 3968 6374 3014 6375 3969 6376 3969 6376 3014 6375 3016 6377 3969 6376 3016 6377 3015 6324 2495 6378 4420 6379 3932 6380 3932 6380 4420 6379 4421 6381 3932 6380 4421 6381 3933 6382 3933 6382 4421 6381 4422 6383 3933 6382 4422 6383 3935 6384 3935 6384 4422 6383 4423 6385 3935 6386 4423 6387 3936 6388 3936 6388 4423 6387 4424 6389 3936 6388 4424 6389 3937 6390 3937 6390 4424 6389 4425 6391 3937 6390 4425 6391 3938 6392 3938 6392 4425 6391 4398 6323 3938 6392 4398 6323 3939 6322 2495 6378 3932 6380 3706 6393 3706 6393 3707 6394 3358 6395 3706 6393 3358 6395 2495 6378 2490 6396 4420 6379 2494 6397 2494 6397 4420 6379 2495 6378 2488 6398 2421 6399 3653 6400 3653 6401 2421 6402 2423 6403 3653 6401 2423 6403 3655 6404 4403 6333 4423 6387 3652 6335 3652 6405 4423 6385 4421 6381 3652 6405 4421 6381 3653 6406 3653 6407 4421 6381 4420 6379 3653 6400 4420 6379 2488 6398 2488 6398 4420 6379 2490 6396 3969 6376 3015 6324 3957 6408 3957 6408 3015 6324 3958 6326 3015 6324 3014 6409 4396 6321 4396 6318 3014 6302 4394 6301 4396 6318 4394 6301 4397 6319 4397 6319 4394 6301 3941 6315 4397 6319 3941 6315 3940 6317 4391 6289 4390 6288 4395 6304 4395 6304 4419 6410 4391 6289 4391 6289 4419 6410 4426 6411 4391 6289 4426 6411 3930 6291 3930 6291 4426 6411 4374 6233 3930 6291 4374 6233 3548 6412 4426 6411 4419 6410 4418 6413 4418 6413 4417 6414 4426 6411 4426 6411 4417 6414 4372 6231 4426 6411 4372 6231 4374 6233 4414 6415 4427 6416 4415 6417 4415 6417 4427 6416 4372 6231 4415 6417 4372 6231 4416 6418 4416 6418 4372 6231 4417 6414 4414 6415 4413 6419 4427 6416 4427 6416 4413 6419 4412 6420 4427 6416 4412 6420 4411 6421 4428 6422 4427 6416 4411 6421 4411 6421 4410 6423 4428 6422 4428 6422 4410 6423 4429 6424 4428 6422 4429 6424 3065 6425 3065 6426 4429 6424 4430 6427 3065 6428 4430 6429 3071 6430 4410 6423 4409 6431 4429 6424 4429 6424 4409 6431 4431 6432 4429 6424 4431 6432 4430 6427 4430 6427 4431 6432 4432 6433 4430 6427 4432 6433 3071 6434 3071 6434 4432 6433 4433 6435 4409 6431 4408 6436 4431 6432 4431 6432 4408 6436 4434 6437 4431 6432 4434 6437 2359 6438 2359 6438 4434 6437 4435 6439 2359 6440 4435 6439 4436 6441 4436 6441 4435 6439 4437 6442 4436 6441 4437 6442 4438 6443 3656 6444 2567 6445 4404 6446 4404 6446 2567 6445 4405 6447 2535 6448 2534 6449 2567 6450 2567 6451 2534 6452 4439 6453 2567 6445 4439 6453 4405 6447 4405 6447 4439 6453 4440 6454 4405 6447 4440 6454 4406 6455 4406 6455 4440 6454 4434 6437 4406 6455 4434 6437 4407 6456 4407 6456 4434 6437 4408 6436 2534 6452 4441 6457 4439 6453 4439 6453 4441 6457 4442 6458 4439 6453 4442 6458 4440 6454 4442 6458 4441 6457 4443 6459 4443 6459 4441 6457 4444 6460 4443 6459 4444 6460 4445 6461 3431 6462 4446 6463 4447 6464 4447 6464 4446 6463 4448 6465 4447 6464 4448 6465 4449 6466 3431 6462 4447 6464 2714 6467 2714 6467 4447 6464 2536 6468 4447 6464 4449 6469 2536 6468 3431 6470 3110 6471 4446 6463 4446 6463 3110 6471 4450 6472 4446 6463 4450 6472 4448 6465 4448 6465 4450 6472 4451 6473 4448 6465 4451 6473 4445 6461 4445 6461 4451 6473 4452 6474 4445 6461 4452 6474 4443 6459 4443 6459 4452 6474 4453 6475 4443 6459 4453 6475 4442 6458 4442 6458 4453 6475 4454 6476 4442 6458 4454 6476 4440 6454 4440 6454 4454 6476 4455 6477 4440 6454 4455 6477 4434 6437 4434 6437 4455 6477 4456 6478 4434 6437 4456 6478 4435 6439 4435 6439 4456 6478 4457 6479 4435 6439 4457 6479 4437 6442 4437 6442 4457 6479 4458 6480 4437 6442 4458 6480 4438 6443 4438 6443 4458 6480 4459 6481 4438 6443 4459 6481 4460 6482 4460 6482 4459 6481 4461 6483 4460 6482 4461 6483 4462 6484 4462 6484 4461 6483 4463 6485 4462 6484 4463 6486 4464 6487 4464 6488 4463 6489 4465 6490 4464 6488 4465 6490 2360 6491 4450 6472 4466 6492 4451 6473 4451 6473 4466 6492 4467 6493 4451 6473 4467 6493 4452 6474 4452 6474 4467 6493 4468 6494 4452 6474 4468 6494 4469 6495 4469 6495 4468 6494 4470 6496 4469 6495 4470 6496 4471 6497 4471 6497 4470 6496 4472 6498 4471 6497 4472 6498 4473 6499 4473 6499 4472 6498 4458 6480 4473 6499 4458 6480 4457 6479 4450 6472 3110 6471 4466 6492 4466 6492 4474 6500 4467 6493 4467 6493 4474 6500 4312 6087 4467 6493 4312 6087 4468 6494 4468 6494 4312 6087 4475 6501 4468 6494 4475 6501 4311 6086 3109 6502 4476 6503 3110 6471 3590 6504 3328 6505 3329 6506 3775 6507 3774 6508 4477 6509 4477 6509 3774 6508 4478 6510 3773 3621 4479 6511 3774 3622 3774 6512 4479 6513 4480 6514 3774 6512 4480 6514 4478 6510 4478 6510 4480 6514 4481 6515 4478 6510 4481 6515 4477 6509 4477 6509 4481 6515 4482 6516 4477 6509 4482 6516 3775 6507 3775 6507 4482 6516 4483 6517 3775 6507 4483 6517 3325 6518 3325 6518 4483 6517 4484 6519 3325 6518 4484 6519 3326 6520 3326 6520 4484 6519 4485 6521 3326 6520 4485 6521 3329 6506 4486 6522 4487 6523 4488 6524 4488 6525 4487 6526 4479 6527 4488 6525 4479 6527 3773 6528 4486 6522 4489 6529 4487 6523 4490 6530 4491 6531 4489 6532 4489 6533 4491 6531 4492 6534 4489 6533 4492 6534 4487 6535 4493 6536 4490 6530 4494 6537 4494 6537 4490 6530 4489 6532 4494 6538 4489 6539 4486 6540 4495 6541 4496 6542 4497 6543 4497 6543 4496 6542 4498 6544 4497 6543 4498 6544 4499 6545 4499 6545 4498 6544 4500 6546 4493 6547 4045 6548 4501 6549 4501 6549 4045 6548 4502 6550 4501 6549 4502 6550 4496 6542 4502 6551 4045 6552 4044 6553 4044 5280 4304 6079 4502 6550 4502 6550 4304 6079 4306 6081 4502 6550 4306 6081 4496 6542 4496 6542 4306 6081 4503 6554 4496 6542 4503 6554 4498 6544 4498 6544 4503 6554 4491 6531 4498 6544 4491 6531 4500 6546 4500 6546 4491 6531 4490 6530 4500 6546 4490 6530 4499 6545 4499 6545 4490 6530 4493 6536 4499 6545 4493 6555 4497 6543 4497 6543 4493 6556 4501 6557 4497 6543 4501 6557 4495 6541 4304 6079 4044 5280 4302 6077 4302 6077 4044 5280 4059 5279 4302 6077 4059 5279 4060 5282 4060 5282 4059 5279 4042 5255 4060 5282 4042 5255 4061 5283 4061 5283 4042 5255 4033 5241 4061 5283 4033 5241 4063 5286 4063 5286 4033 5241 4046 5259 4063 5286 4046 5259 4064 5287 4064 5287 4046 5259 4067 5290 4064 5287 4067 5290 4313 6092 4313 6092 4067 5290 3113 5292 4313 6092 3113 5292 3099 6091 4300 6075 4504 6558 4301 6076 4301 6076 4504 6558 4505 6559 4301 6076 4505 6559 4303 6078 4303 6078 4505 6559 4506 6560 4463 6485 4504 6558 3094 6561 3094 6561 4504 6558 4300 6075 3094 6561 4300 6075 3093 6562 3080 6563 4507 6564 3094 6565 3094 6565 4507 6564 4465 6566 3094 6565 4465 6566 4463 6567 4507 6564 2360 6568 4465 6566 4445 6461 4444 6460 4448 6465 4448 6465 4444 6460 4441 6457 4448 6465 4441 6457 4449 6569 4449 6570 4441 6571 2534 6572 4449 6573 2534 6574 2536 6575 4310 6085 4312 6087 4508 6576 4508 6576 4312 6087 4474 6500 4508 6576 4474 6500 4476 6503 4476 6503 4474 6500 4466 6492 4476 6503 4466 6492 3110 6471 4310 6085 4508 6576 4308 6083 4308 6083 4508 6576 4509 6577 4308 6083 4509 6577 4510 6578 4510 6578 4509 6577 4511 6579 4483 6517 4482 6516 4484 6519 4484 6519 4482 6516 4512 6580 4484 6519 4512 6580 4485 6521 4481 6515 4480 6514 4492 6534 4492 6534 4480 6514 4479 6513 4492 6534 4479 6513 4487 6581 4491 6531 4510 6578 4492 6534 4492 6534 4510 6578 4511 6579 4492 6534 4511 6579 4481 6515 4481 6515 4511 6579 4509 6577 4481 6515 4509 6577 4482 6516 4482 6516 4509 6577 4508 6576 4482 6516 4508 6576 4512 6580 4512 6580 4508 6576 4476 6503 4512 6580 4476 6503 4485 6521 4485 6521 4476 6503 3109 6502 4485 6521 3109 6502 3329 6506 3329 6506 3109 6502 3588 6582 3329 6506 3588 6582 3590 6504 4306 6081 4308 6083 4503 6554 4503 6554 4308 6083 4510 6578 4503 6554 4510 6578 4491 6531 4305 6080 4513 6583 4307 6082 4307 6082 4513 6583 4309 6084 4305 6080 4514 6584 2287 6585 4504 6558 4463 6485 4505 6559 4505 6559 4463 6485 4461 6483 4505 6559 4461 6483 4506 6560 4506 6560 4461 6483 4514 6584 4506 6560 4514 6584 4303 6078 4303 6078 4514 6584 4305 6080 2361 6586 2360 6587 4433 6435 4433 6588 2360 6568 4507 6564 4433 6588 4507 6564 3071 6589 3071 6589 4507 6564 3080 6590 4433 6435 4432 6433 2361 6586 2361 6586 4432 6433 4431 6432 2361 6586 4431 6432 2359 6591 2359 6440 4515 6592 2360 6593 2360 6594 4515 6592 4516 6595 2360 6596 4516 6595 4517 6597 4517 6597 4516 6595 4462 6484 4517 6597 4462 6484 4464 6487 4452 6474 4469 6495 4453 6475 4453 6475 4469 6495 4518 6598 4453 6475 4518 6598 4454 6476 4454 6476 4518 6598 4455 6477 4468 6494 4311 6086 4470 6496 4470 6496 4311 6086 4519 6599 4470 6496 4519 6599 4472 6498 4472 6498 4519 6599 4520 6600 4513 6583 2289 6601 4309 6084 4309 6084 2289 6601 4519 6599 4309 6084 4519 6599 4311 6086 2287 6585 4514 6584 2288 6602 2288 6602 4514 6584 4459 6481 2288 6602 4459 6481 4520 6600 4520 6600 4459 6481 4458 6480 4520 6600 4458 6480 4472 6498 4459 6481 4514 6584 4461 6483 4464 6487 2360 6596 4517 6597 4438 6443 4516 6595 4436 6441 4436 6441 4516 6595 4515 6592 4436 6441 4515 6592 2359 6440 4471 6497 4473 6499 4521 6603 4521 6603 4473 6499 4457 6479 4469 6495 4471 6497 4518 6598 4518 6598 4471 6497 4521 6603 4518 6598 4521 6603 4455 6477 4455 6477 4521 6603 4457 6479 4455 6477 4457 6479 4456 6478 4519 6599 2289 6601 4520 6600 4462 6484 4516 6595 4460 6482 4460 6482 4516 6595 4438 6443 3065 6604 4072 5297 4428 6422 4428 6422 4072 5297 4322 6116 4428 6422 4322 6116 4427 6416 4427 6416 4322 6116 4321 6115 4427 6416 4321 6115 4522 6605 4522 6605 4321 6115 4327 6125 4522 6605 4327 6125 4523 6606 4523 6606 4327 6125 4363 6217 4523 6606 4363 6217 4524 6607 4524 6607 4363 6217 4357 6216 4524 6607 4357 6216 3996 6223 4072 5297 4070 5295 4322 6116 3067 5294 4071 5296 3065 5298 4363 6217 4327 6125 4364 6219 4364 6219 4327 6125 4326 6124 4364 6219 4326 6124 4365 6221 4365 6221 4326 6124 4325 6123 4365 6221 4325 6123 4324 6121 4372 6231 4525 6608 4370 6229 4372 6231 4427 6416 4525 6608 4525 6608 4427 6416 4526 6609 4525 6608 4526 6609 4527 6610 4527 6610 4526 6609 4523 6606 4527 6610 4523 6606 4524 6607 4427 6416 4522 6605 4526 6609 4526 6609 4522 6605 4523 6606 4370 6229 4525 6608 4368 6227 4368 6227 4525 6608 4527 6610 4368 6227 4527 6610 4366 6225 4366 6225 4527 6610 4524 6607 4366 6225 4524 6607 3996 6223 4403 6333 4402 6331 4423 6387 4423 6387 4402 6331 4401 6329 4423 6387 4401 6329 4424 6389 4424 6389 4401 6329 4400 6327 4424 6389 4400 6327 4425 6391 4425 6391 4400 6327 4399 6325 4425 6391 4399 6325 4398 6323 4422 6383 4421 6381 4423 6385 2803 6611 4065 6612 4528 6613 4528 6614 4065 6615 4075 5301 4075 5301 4065 5288 4067 5290 4075 5301 4067 5290 4073 5299 4073 5299 4067 5290 4046 5259 4073 5299 4046 5259 4048 5261 4075 5301 4074 5300 4528 6614 4528 6614 4074 5300 4529 6616 4528 6614 4529 6616 2803 6617 4529 6616 4074 5300 4052 5265 4052 5265 4074 5300 4050 5263 4051 5303 4076 5302 4053 5267 4053 5267 4076 5302 4299 6063 4053 5267 4299 6063 4055 5269 4055 6618 4299 6619 4057 6620 2806 1029 4056 6621 2704 1030 4054 5268 4056 5270 4530 6622 4530 6622 4056 5270 2806 6623 4530 6622 2806 6623 2804 6624 2803 6625 4530 6626 2804 6627 2803 6617 4529 6616 4530 6622 4530 6622 4529 6616 4052 5265 4530 6622 4052 5265 4054 5268 2691 6628 4041 6629 4531 6630 4531 6630 4041 6631 4040 5251 4531 6630 4040 5251 4532 6632 4532 6632 4040 5251 4039 5249 4532 6632 4039 5249 4533 6633 4533 6633 4039 5249 2689 5277 4533 6634 2689 6635 2614 6636 4532 6632 4534 6637 4531 6630 4531 6630 4534 6637 3788 6638 4531 6630 3788 6638 2691 6628 4532 6632 4533 6633 4534 6637 2613 3701 3788 3700 2614 6636 2614 6636 3788 3700 4533 6634 2906 6639 2905 5278 4535 6640 4535 6640 2905 5278 4039 5249 4535 6640 4039 5249 2906 6639 2906 6639 4039 5249 4038 5248 2906 6639 4038 5248 4536 6641 4536 6641 4038 5248 4043 5256 4536 6641 4043 5256 3487 6642 4536 6641 3487 6642 2906 6639 4493 6643 4537 6644 4045 6645 4045 6645 4537 6644 4538 6646 4045 6647 4538 6646 4043 5256 4043 5256 4538 6646 3488 6648 4043 5256 3488 6648 3487 6642 4539 6649 4494 6650 3317 6651 3317 6651 4494 6650 4486 6652 3317 6651 4486 6652 3318 6653 3318 6654 4486 6655 4488 6656 3318 6654 4488 6656 3320 6657 3320 6658 4488 6659 3773 6660 3320 6661 3773 6662 3324 6663 3317 6664 3748 6665 4539 6666 4539 6649 3748 6667 4540 6668 4539 6649 4540 6668 4494 6650 4494 6669 4540 6670 4493 6671 3748 6672 2985 6673 4540 6674 4540 6674 2985 6673 4537 6644 4540 6674 4537 6644 4493 6675 2984 6676 4022 6677 2985 6678 2985 6673 4022 6679 4538 6646 2985 6673 4538 6646 4537 6644 3488 6648 4538 6646 4022 6679 2691 6680 4541 6681 4041 6682 4041 6683 4541 6684 4058 6685 4041 5254 4058 5275 4036 5245 4036 5245 4058 5275 4047 5260 4036 5245 4047 5260 4032 5240 4032 5240 4047 5260 4046 5259 4032 5240 4046 5259 4033 5241 2691 6686 2690 6687 4541 6688 4541 6684 2690 6689 2837 6690 4541 6684 2837 6690 4058 6685 3744 6691 4152 6692 3745 6693 3745 6694 4152 5522 3583 5516 3022 6695 3017 6696 4282 6697 4282 6698 3017 6699 2932 6700 4282 6698 2932 6700 2931 6701 3824 6702 3682 6703 3059 6704 3059 6705 3682 6706 3060 6707 3561 6708 3562 6709 3824 6710 3824 6711 3562 6712 3565 6713 3824 6714 3565 6715 3682 6716 3827 6717 4542 6718 3075 6719 3075 6720 4542 6721 3073 6722 3037 1524 3107 1526 3662 6723 3662 6723 3107 1526 3444 6724 3662 6725 3444 6726 3663 6727 4542 6728 3827 6729 3116 6730 3116 6731 3827 6732 3114 6733 3800 6734 3801 6735 3436 6736 3436 6736 3801 6735 3535 6737 3436 6738 3535 6739 3439 6740 3439 6740 3535 6739 3536 6741 3439 6742 3536 6743 3437 6744 3437 6745 3536 6746 3537 6747 3437 6745 3537 6747 3442 6748 3442 6748 3537 6747 3519 6749 3442 6748 3519 6749 3441 6750 3164 1633 3220 6751 3162 6752 3162 6752 3220 6751 3193 6753 3162 6752 3193 6753 3163 6754 3163 6754 3193 6753 3195 6755 3163 6754 3195 6755 3165 6756 3165 6756 3195 6755 3197 6757 3165 6756 3197 6757 3167 6758 3167 6758 3197 6757 3199 6759 3167 6758 3199 6759 3169 6760 3169 6760 3199 6759 3201 6761 3169 6760 3201 6761 3171 6762 3171 6762 3201 6761 3203 6763 3171 6762 3203 6763 3172 6764 3172 6764 3203 6763 3205 6765 3172 6764 3205 6765 3158 6766 3158 6766 3205 6765 3207 6767 3158 6766 3207 6767 3137 6768 3137 6768 3207 6767 3209 6769 3137 6768 3209 6769 3138 6770 3138 6770 3209 6769 3211 6771 3138 6770 3211 6771 3139 6772 3139 6772 3211 6771 3213 6773 3139 6772 3213 6773 3140 6774 3140 6774 3213 6773 3215 6775 3140 6774 3215 6775 3142 6776 3142 6776 3215 6775 3217 6777 3142 6776 3217 6777 3144 6778 3144 6778 3217 6777 3219 6779 3144 6778 3219 6779 3146 6780 3146 6780 3219 6779 3218 6781 3146 6780 3218 6781 3148 6782 3148 6782 3218 6781 3216 6783 3148 6782 3216 6783 3150 6784 3150 6784 3216 6783 3214 6785 3150 6784 3214 6785 3152 6786 3152 6786 3214 6785 3212 6787 3152 6786 3212 6787 3154 6788 3154 6788 3212 6787 3210 6789 3154 6788 3210 6789 3155 6790 3155 6790 3210 6789 3208 6791 3155 6790 3208 6791 3135 6792 3135 6792 3208 6791 3206 6793 3135 6792 3206 6793 3121 6794 3121 6794 3206 6793 3204 6795 3121 6794 3204 6795 3122 6796 3122 6796 3204 6795 3202 6797 3122 6796 3202 6797 3124 6798 3124 6798 3202 6797 3200 6799 3124 6798 3200 6799 3126 6800 3126 6800 3200 6799 3198 6801 3126 6800 3198 6801 3128 6802 3128 6802 3198 6801 3196 6803 3128 6804 3196 6805 3130 6806 3130 6806 3196 6805 3194 6807 3130 6806 3194 6807 3131 6808 3131 6808 3194 6807 3192 6809 3131 6808 3192 6809 3118 6810 3118 6810 3192 6809 3189 6811 3118 6810 3189 6811 3119 6812 3119 6812 3189 6811 3191 6813 2926 6814 2925 6815 3102 6816 3102 6817 2925 6818 3591 1633 3102 6817 3591 1633 3103 1633 3103 1633 3591 1633 2332 6819 3073 6820 4542 6821 3115 6822 3115 6822 4542 6821 3116 6823</p>
        </triangles>
        <triangles material="Surface_1_001-material" count="4197">
          <input semantic="VERTEX" source="#f_1-06vxh12-a00_lk1_1-mesh-vertices" offset="0"/>
          <input semantic="NORMAL" source="#f_1-06vxh12-a00_lk1_1-mesh-normals" offset="1"/>
          <p>0 6824 1 6825 2 6826 2 6827 1 6828 3 6829 2 6827 3 6829 4 6830 5 6831 6 6831 7 6831 8 6832 9 6833 10 6834 11 6835 12 6835 13 6835 14 6836 15 6837 16 6838 6 6839 5 6839 17 6839 18 6840 9 6841 19 6840 7 6842 20 6842 5 6842 21 6843 22 6844 23 6845 9 6846 24 6847 22 6848 25 6849 26 6849 27 6849 28 6850 29 6851 30 6852 31 6853 32 6853 33 6853 34 6854 35 6855 36 6854 37 6856 38 6857 39 6858 40 6859 41 6860 42 6860 42 6861 43 6862 40 6863 44 6864 45 6865 46 6866 34 6867 47 6867 48 6867 48 6868 47 464 49 6869 50 6870 47 6870 34 6871 45 6872 51 6873 52 6874 53 6875 54 6876 47 6877 49 6878 47 6878 54 6878 55 6879 56 6880 44 6881 40 6882 57 6883 25 6884 58 6885 59 6885 60 6885 47 6886 61 6887 62 6888 63 6889 64 6890 65 6891 68 6892 67 6893 66 6894 45 199 57 6895 51 199 69 6896 70 6897 71 6898 33 6899 72 6900 73 6901 36 6902 50 6903 34 6904 74 6905 55 6905 75 6905 27 6906 76 6907 25 6908 40 6909 25 6910 76 6911 77 6912 78 6912 79 6913 80 6914 40 6915 43 6916 81 6917 82 6918 83 6919 84 6920 85 6921 86 6922 87 6923 88 6924 89 6925 90 6926 91 6927 92 6928 93 6929 94 6930 95 6931 96 6932 97 6933 98 6934 99 6935 62 6936 61 6937 100 6938 101 6939 50 6940 102 6941 103 6942 104 6943 79 6944 105 6945 17 6946 61 6937 101 6947 100 6948 106 6949 107 6950 108 6951 109 6952 110 6953 111 6954 92 6955 91 6956 112 6957 21 6958 113 6959 114 6960 7 6961 6 6962 115 6963 116 6964 117 6965 118 6966 119 6967 120 6968 121 6969 122 6970 114 6971 113 6972 22 6973 19 6974 9 6973 81 6975 83 6976 123 6977 124 199 116 199 125 199 114 6978 22 6979 21 6979 126 6980 127 6981 128 6982 22 6983 114 6984 23 6983 22 6985 114 6986 19 6985 23 6987 114 6988 129 6987 130 59 131 59 132 59 133 6989 134 6990 135 6989 136 6991 137 6992 138 6993 137 6994 139 6994 140 6994 20 6995 141 6996 79 6997 138 6998 137 6999 140 7000 134 7001 133 7002 142 7002 143 7003 144 7004 145 7005 146 7006 147 7007 148 7008 149 7009 150 7010 151 7011 152 7012 153 7013 154 7014 155 7015 156 7016 157 7017 158 7018 159 7019 160 7020 161 7021 162 7022 118 7023 138 7024 163 7025 136 7026 164 199 165 199 166 199 167 7027 168 7028 126 7029 140 7030 166 7031 138 7032 169 199 57 7033 170 199 171 7034 172 7035 173 7036 165 7037 174 7038 175 7039 176 7040 177 7040 178 7040 179 7041 180 7042 181 7043 182 7044 183 7045 184 7045 183 7046 182 7047 185 7046 183 7048 186 7048 184 7048 187 7049 188 7049 189 7050 186 7051 190 7051 191 7051 191 7052 184 7052 186 7052 190 7053 185 7053 191 7053 184 7054 191 7054 182 7054 192 7055 193 7056 194 7057 195 7058 196 7059 197 7060 198 7061 199 7062 200 7063 201 7064 202 7065 203 7066 154 7067 204 7068 152 7069 205 7070 206 7070 207 7070 208 7071 209 7071 210 7071 211 7072 212 7073 213 7074 214 7075 215 7076 216 7077 217 7078 218 7079 219 7080 196 7081 215 7081 220 7081 147 7082 221 7082 152 7082 31 7083 222 7084 223 7085 224 7086 225 7086 226 7087 227 7088 226 7089 225 7090 228 7091 229 7092 230 7091 231 59 232 59 233 59 234 7093 236 7093 235 7093 237 7094 238 7094 229 7095 239 7096 240 7097 241 7098 242 7099 232 7100 231 7101 243 7102 244 7103 245 7102 246 7104 247 7105 227 7106 248 7107 249 7108 250 7109 251 7110 252 7110 253 7110 229 7111 228 7112 237 7113 254 7114 255 7115 256 7116 257 7117 258 7118 259 7119 260 7120 261 7121 262 7122 263 7123 244 7124 264 7125 265 7126 266 7127 267 7128 268 7129 269 7129 270 7129 271 7130 272 7131 273 7132 274 7133 275 7134 276 7135 277 7136 278 7137 279 7138 278 7139 277 7139 280 7139 281 7140 282 7140 277 7140 283 7141 284 7142 285 7143 286 7144 287 7145 288 7146 289 464 290 464 291 464 292 7147 293 7147 294 7147 276 7148 275 7149 297 7150 279 7151 281 7151 277 7151 298 7152 299 7153 300 7154 301 7155 302 7156 303 7157 304 7158 305 7158 306 7158 208 7159 307 7160 308 7161 309 7162 310 7163 311 7164 227 7165 312 7166 246 7167 313 7168 314 7169 315 7170 240 7171 316 7172 317 7173 318 7174 270 7174 269 7174 319 7175 320 7176 321 7177 279 7178 278 7178 318 7178 310 7179 322 7180 311 7181 323 464 324 464 325 464 256 7182 326 7183 254 7184 327 7185 328 7186 329 7187 330 7188 331 7189 332 7190 333 7191 334 7191 335 7191 336 7192 337 7193 338 7194 339 7195 331 7196 340 7195 341 7197 342 7198 343 7199 344 7200 336 7201 338 7202 345 464 346 464 347 464 348 7203 349 7203 350 7203 351 7204 342 7205 352 7206 353 199 354 199 355 199 356 7207 311 7208 322 7209 357 7210 356 7211 322 7212 358 7213 353 7214 359 7215 353 7216 355 7216 177 7217 285 7218 360 7219 361 7220 362 199 363 199 364 199 365 7221 366 7222 367 7223 368 7224 333 7224 369 7224 369 7225 335 7225 370 7225 371 7226 331 7227 372 7228 335 7229 369 7229 333 7229 373 7230 374 7231 375 7232 376 7233 377 7234 378 7235 379 7236 380 7237 381 7238 382 7239 383 7240 384 7241 327 7242 385 7243 328 7244 386 7245 387 7245 388 7246 389 7247 372 7247 390 7247 391 7248 392 7249 393 7250 394 7251 395 7252 396 7253 339 7254 397 7254 398 7254 399 191 400 191 401 191 402 7255 403 7256 404 7257 405 7258 406 7259 407 7259 408 7260 409 7261 406 7262 403 7263 402 7264 413 7265 345 7266 414 7267 415 7268 416 7269 417 7269 418 7269 419 7270 340 7270 420 7270 263 7271 264 7272 423 7273 384 7274 383 7275 343 7276 424 7277 421 7278 343 7279 425 7280 426 7280 427 7280 342 7281 341 7282 428 7283 429 7284 430 7285 431 7286 432 7287 433 7287 328 7288 434 7289 94 7290 435 7291 328 7292 433 7293 329 7294 436 7295 437 7296 438 7297 439 7298 437 7299 436 7300 428 7301 341 7302 395 7303 433 7304 440 7304 329 7305 433 7306 432 7307 440 7308 441 7309 442 7310 443 7311 328 7312 383 7312 432 7312 444 7313 445 7314 446 7315 447 7316 448 7317 449 7318 376 7319 450 7320 377 7321 451 7322 452 7322 453 7322 454 7323 455 7324 456 7325 343 7326 457 7327 341 7328 458 7329 459 7329 460 7330 461 1633 365 1633 462 1633 463 7331 464 7331 465 7332 457 7333 422 7334 343 7335 466 7336 467 7337 468 7338 469 7339 470 7339 471 7339 472 7340 473 7341 380 7342 474 7343 475 59 476 59 329 7344 440 7345 327 7346 472 7347 380 7348 477 7349 478 7350 479 7350 480 7350 237 7351 295 7352 481 7353 482 7354 483 7355 478 7356 484 7357 485 7358 486 7359 487 7360 447 7360 488 7360 489 7361 483 7362 482 7362 490 7363 491 7364 492 7365 493 7366 494 7367 495 7368 443 7369 496 7370 497 7371 477 7372 380 7373 498 7374 499 7375 500 7376 382 7377 486 7378 489 7379 484 7380 501 7381 295 7382 502 7383 503 7384 504 7384 460 7385 505 7386 506 7386 507 7386 480 7387 482 7387 478 7387 482 7388 480 7388 489 7388 141 7389 508 7390 509 7391 510 7392 506 7392 505 7392 506 7393 510 7393 511 7393 512 7394 382 7395 500 7396 435 7397 513 7398 434 7399 388 7400 514 7401 515 7402 516 7403 517 7404 518 7405 519 7406 520 7406 521 7406 522 7407 423 7408 264 7409 228 7410 295 7411 296 7412 505 7413 523 7413 510 7413 524 7414 525 7415 526 7416 474 7417 527 7417 475 7417 508 7418 528 7419 529 7420 519 7421 530 7421 520 7421 520 7422 530 7423 531 7424 499 7375 421 7425 500 7376 489 7426 486 7427 532 7428 533 7429 529 7429 509 7430 534 7431 299 7432 535 7433 533 7434 509 7434 536 7435 536 7436 509 7437 529 7438 537 7439 538 7440 394 7441 539 7442 540 7443 541 7444 396 7445 542 7446 394 7447 543 7448 544 7448 545 7448 424 7449 546 7450 547 7451 544 7452 548 7452 549 7452 535 7453 427 7454 534 7455 391 7456 393 7457 550 7458 542 7459 382 7460 512 7461 263 7462 551 7463 552 7463 512 7461 394 7464 542 7459 394 7465 512 7466 500 7467 382 7468 384 7469 499 7470 549 7471 545 7471 544 7471 264 7472 553 7472 522 7472 545 7473 549 7473 554 7473 555 7474 556 7475 557 7476 558 7477 559 7477 560 7477 561 7478 562 7478 563 7479 563 7480 564 7481 561 7482 565 7483 566 7483 567 7483 566 7484 565 7484 559 7485 559 7486 558 7486 566 7486 568 7487 569 7487 570 7487 571 7488 572 7489 573 7490 574 7491 575 7492 576 7493 578 7494 577 7495 579 7496 580 7497 581 7497 582 7497 583 7498 584 7499 585 7500 586 7501 587 7501 588 7501 589 7502 590 7503 591 7504 592 7505 593 7505 594 7505 561 7506 595 7507 596 7508 561 7509 597 7510 595 7511 593 7512 598 7513 599 7514 562 7515 600 7516 601 7517 602 7518 560 7519 559 7518 595 7520 560 7521 602 7522 592 7523 598 7524 593 7523 603 7525 604 7526 605 7527 605 7528 604 7529 606 7530 607 7531 560 7532 595 7531 608 7533 609 7534 610 7535 611 7536 609 7537 608 7538 612 7539 609 7540 611 7541 613 7542 573 7542 614 7542 615 7543 616 7543 617 7543 616 7544 618 7545 617 7545 619 7546 620 7547 621 7548 622 7549 623 7550 624 7551 624 7552 623 7553 625 7554 571 7555 626 7556 627 7557 628 7558 629 7559 630 7560 631 7561 632 7562 633 7563 406 7564 405 7564 408 7564 364 7565 363 7566 634 7567 635 7568 636 7569 637 7570 409 7571 408 7572 638 7573 634 199 363 199 639 199 262 7122 640 7574 260 7120 490 7575 260 7576 641 7577 638 7578 642 7578 409 7578 643 7579 644 7580 645 7581 642 7582 638 7582 646 7582 410 7583 412 7584 411 7585 647 7586 648 7586 649 7586 650 7587 651 7588 649 7589 425 7590 652 7591 653 7592 654 7593 655 7594 656 7595 641 7596 657 7597 490 7598 658 7599 659 7600 660 7601 651 7602 647 7603 649 7604 661 7605 651 7606 650 7607 662 7608 663 7608 664 7609 665 7610 601 7611 666 7612 667 7613 668 7614 669 7615 670 7616 671 7616 672 7616 673 7617 674 7618 675 7619 676 7620 677 7621 678 7622 635 7623 641 7624 679 7625 664 7626 581 7627 580 7628 680 7629 669 7630 668 7631 669 7632 680 7633 681 7632 682 7634 683 7634 684 7635 669 7636 685 7637 667 7638 686 7639 687 7640 584 7641 676 7642 688 7643 689 7643 690 7644 691 7645 692 7646 682 7647 684 7648 693 7649 694 7650 662 7651 577 7650 581 7652 695 7652 582 7652 696 7653 697 7654 698 7655 699 7656 700 7657 701 7658 702 7659 671 7660 703 7661 704 7662 664 7663 580 7662 581 7664 664 7665 695 7664 700 7666 699 7667 677 7668 705 7669 706 7670 707 7671 708 7672 709 7673 710 7673 710 7674 709 7674 711 7674 712 7675 713 7676 714 7677 715 7678 716 7679 717 7678 718 7680 710 7681 711 7682 711 7683 719 7683 718 7683 655 7684 720 7685 721 7686 722 7687 723 7688 724 7689 710 7690 718 7690 708 7690 725 7691 726 7692 727 7693 714 7694 728 7695 712 7696 716 7697 715 7698 729 7699 714 7700 730 7701 731 7702 732 7703 733 7704 734 7705 735 7706 736 7707 737 7708 731 7709 738 7710 739 7711 731 7712 740 7713 741 7714 742 7715 232 7716 743 7717 744 7718 745 7719 746 7720 731 7721 741 7722 738 7723 747 7724 748 7725 749 7726 750 7727 751 7728 729 7729 731 7730 752 7731 740 7732 753 7733 754 7734 755 7735 738 7736 741 7737 756 7738 757 7739 758 7739 759 7739 760 7740 572 7741 761 7740 759 7742 762 7743 757 7744 763 7745 764 7745 765 7745 715 7746 766 7747 767 7748 768 7749 769 7750 770 7751 767 7752 729 7753 715 7754 729 7755 767 7756 750 7757 771 7758 772 7759 773 7760 774 7761 775 7762 773 7763 771 7764 773 7765 775 7766 776 7767 777 7767 778 7768 773 7769 779 7769 774 7769 780 7770 3 7771 754 7772 777 7773 776 7774 781 7774 776 7775 778 7775 781 7775 781 7776 782 7776 777 7777 782 7778 781 7778 778 7778 783 7779 784 7779 785 7779 786 7780 774 7780 787 7781 772 7782 788 7782 787 7782 789 7783 778 7783 790 7783 787 7784 788 7785 791 7786 792 7787 793 7788 794 7789 791 7790 788 7791 774 7792 785 7793 795 7794 790 7793 779 7795 787 7796 774 7797 788 7798 775 7799 774 7799 784 7800 3 6829 1 6828 754 7801 753 7802 780 7803 787 7804 779 7805 796 7806 786 7807 797 7807 791 7807 796 7808 779 7808 773 7808 778 7809 798 7810 782 7811 799 7812 800 7813 801 7814 802 7815 800 7816 799 7817 803 7818 754 7818 804 7818 790 7819 805 7820 785 7821 783 7822 785 7823 805 7824 774 7825 786 7826 791 7827 806 7828 801 7829 807 7830 791 7831 786 7831 787 7832 808 7833 809 7834 810 7835 811 7836 812 7837 813 7838 814 7839 815 7839 804 7839 801 7840 806 7841 799 7842 792 7843 794 7844 816 7845 817 7846 818 7847 788 7848 784 7849 754 7850 3 7849 780 7851 782 7852 798 7853 819 7854 820 7855 618 7856 821 7857 822 7858 823 7859 824 7860 605 7861 606 7862 825 7863 826 59 827 59 828 7864 829 7864 830 7864 831 7865 832 7865 833 7865 606 7866 834 7867 824 7868 835 7869 836 7870 837 7871 838 1633 839 1633 840 1633 798 7872 841 7873 780 7874 780 7875 841 7876 3 7877 842 7878 843 7878 844 7878 825 7879 845 7879 826 7879 846 7880 3 7881 841 7882 795 7883 785 7884 847 7885 789 7886 847 7887 785 7888 848 7889 849 7890 0 7891 783 7892 805 7893 850 7894 850 7895 805 7896 790 7897 790 7898 795 7899 850 7899 850 7900 795 7900 851 7900 850 7901 0 7902 783 7903 852 7904 788 7905 772 7906 847 7907 1 7907 0 7907 784 7908 1 7909 847 7910 851 7911 795 7912 847 7911 853 7913 854 7914 855 7915 856 7916 857 7917 858 7918 859 7919 30 7920 860 7921 861 7922 862 7923 863 7924 91 7925 96 7926 864 7927 39 7928 865 7929 99 7930 866 7931 867 7932 868 7933 860 7921 73 7934 72 1633 869 7935 870 7936 14 7937 871 7938 872 7939 873 7940 140 7941 874 7942 166 7943 99 7944 875 7945 876 7946 114 7947 877 7948 19 7949 878 7950 879 7951 880 7952 881 7953 62 7954 882 7955 62 7956 120 7957 883 7958 142 7959 301 7960 884 7961 885 7962 146 199 154 7963 886 7964 887 7965 888 7966 889 7967 120 199 890 7968 891 7969 146 199 883 7970 883 7970 120 7971 119 7972 892 7973 893 7974 894 7975 57 7976 301 464 142 7977 895 7978 156 7979 896 7980 173 7981 172 7982 895 7978 179 7983 897 7984 898 7985 308 7986 199 7987 899 7988 900 7989 195 7990 901 7991 901 7991 218 7992 217 7993 145 7994 144 7995 902 7996 870 7936 903 7997 904 7998 208 7999 210 8000 155 8001 905 8002 906 8003 907 8004 223 8005 908 8006 909 8007 910 8008 911 8009 350 8010 912 8011 913 8012 914 8013 915 8014 916 8015 229 8016 917 8017 918 8018 919 8019 920 8020 921 8021 922 8022 923 8023 924 8024 925 8025 926 8026 927 8027 928 8028 929 8029 930 8030 931 8031 932 8032 269 8033 268 8034 933 8035 934 8036 935 8037 936 8038 937 8039 938 8040 273 8041 939 8042 940 8043 941 8044 942 8045 943 8046 944 8047 712 8048 945 59 946 8049 402 8050 947 8051 948 8052 949 8053 950 8054 951 8055 476 8056 475 8057 952 8058 922 8059 921 8060 953 8061 954 8062 955 8063 934 8036 956 8064 957 8065 958 8066 363 8067 362 8068 959 8069 960 8070 187 8071 411 8072 640 8073 961 8074 913 8075 912 8076 962 8077 283 8078 963 8079 284 8080 252 8081 678 8082 677 8083 665 8084 252 8085 964 8086 965 8087 263 8088 966 8089 967 8090 374 8091 373 8092 514 7401 388 7400 968 8093 969 8094 970 8095 971 8096 972 8097 654 8098 973 8099 456 8100 974 8101 975 8102 404 8103 976 8104 977 8105 978 8106 979 8107 431 8108 980 8109 981 8110 465 8111 982 8112 502 8113 295 8114 983 8115 984 8116 985 8117 986 8118 987 8119 503 8120 424 8121 988 8122 421 8123 989 8124 990 8125 991 8126 992 8127 993 191 994 8128 496 8129 995 8130 996 8131 997 8132 998 8133 999 8134 1000 8135 827 8136 826 8137 1001 8138 1002 8139 819 8140 1003 1633 604 8141 603 8142 1004 8143 602 8144 600 8145 573 59 1005 59 614 59 820 8146 609 8147 612 8148 1006 8149 571 8150 1007 8151 1008 8152 1009 8153 1010 8154 1011 1633 1012 1633 1013 1633 1014 8155 1013 8156 1012 8157 657 8158 491 8159 490 8160 724 8161 652 8162 1015 8163 1016 8164 645 8165 1017 8166 1017 8166 697 8167 1018 8168 672 8169 671 8170 1019 8171 313 8172 315 8173 739 8174 1020 8175 1021 8176 1022 8177 1023 8178 1024 8179 1025 8180 1026 8181 1027 199 1028 8182 1029 8183 690 8184 692 8185 1030 8186 1031 8187 1032 8188 1033 8189 770 8190 769 8191 1034 8192 746 8193 1033 8189 737 8194 763 8195 1035 8196 783 8197 0 8198 849 8199 1036 8200 1037 8201 1038 8202 777 8203 798 8204 778 8205 1039 8206 816 8207 1040 8208 803 8209 804 8210 815 8211 1041 8212 1042 8213 1043 8214 771 8215 1044 8216 1045 8217 818 8218 775 8219 788 8220 1046 8221 1043 8222 1042 8223 830 8224 829 8225 1047 8226 843 8227 836 8228 1048 8229 1049 8230 1050 8231 1051 8232 1052 8233 832 8234 831 8235 1053 8236 1054 3360 1055 8237 1056 8238 1057 8239 1058 8240 18 8241 122 8242 113 8243 129 8244 901 8245 195 8246 1059 199 35 199 1060 199 93 8247 95 8248 1061 8249 29 1633 471 1633 30 8250 62 8251 1062 8252 47 8253 1063 8254 68 8255 67 8256 25 8257 57 8258 1064 8259 508 8260 105 8261 528 8262 172 8263 1065 8264 895 8265 139 8266 1066 8267 125 8268 885 8269 1067 8270 146 8271 1068 8272 877 8273 114 8274 1069 8275 1070 8276 1071 8277 158 8278 1072 8279 55 8280 1073 8281 128 8282 1074 8283 1075 8284 1076 8285 1077 8286 81 8287 1078 8288 82 8289 1079 8290 1080 8291 144 8292 1081 8293 1082 8294 1083 8295 1084 8296 160 8297 172 8298 239 8299 241 8300 1085 8301 1086 8302 1079 8290 1087 8303 1088 8304 1089 8305 1090 8306 1091 8307 154 7963 153 8308 116 8309 118 8310 1092 8311 179 8312 957 8313 180 8314 1093 8315 1094 8316 1095 8317 161 8318 350 8319 1096 8320 913 8321 1097 8322 1098 8323 1099 8324 911 8325 1100 8326 1101 8327 1102 8328 1103 8329 1104 8330 1105 8331 1106 8332 1107 8333 203 8334 1108 8335 215 8336 1109 8337 1110 8338 1111 8339 1112 8340 1113 8341 295 8342 237 8343 228 8344 1114 8345 946 8346 256 8347 1115 8348 1116 8349 1117 8350 298 7152 917 8351 299 7153 1118 8352 1119 8353 1120 8354 1121 8355 1122 8356 1123 8357 1124 8358 1125 8359 1126 199 224 8360 1127 8361 248 8362 1128 8363 1129 8364 320 8365 1130 8366 1131 8367 1132 8368 304 8369 931 8370 305 8371 941 8372 1133 8373 1134 8374 951 8375 1135 8376 1136 8377 1137 8378 324 8379 323 8380 1138 8381 962 8382 316 8383 469 1633 1139 1633 122 8384 365 8385 367 8386 1140 8387 370 8388 356 8389 357 8390 444 8391 331 8392 445 8393 274 8394 1141 8395 275 8396 1142 8397 346 8398 345 8399 463 8400 1143 8401 429 8402 387 8403 968 8404 388 8405 1144 8406 387 8403 1145 8407 375 8408 556 8409 1146 8410 1147 8411 1148 8412 397 8413 1149 8414 1150 8415 1151 8416 1152 8417 448 8418 447 8419 656 8420 494 8421 654 8422 1153 8423 1154 8424 1146 8410 515 8425 514 8426 1155 8427 503 8428 495 7368 504 8429 1156 8430 927 8431 1157 8432 1158 8433 1159 8434 493 8435 1160 199 1161 8436 1162 8437 295 8438 501 8439 1163 8440 1164 8441 1165 8442 496 8443 402 8444 1165 8442 413 8445 574 8446 562 8447 569 8448 829 8449 1166 8450 1167 8451 1168 8452 1169 8453 1170 8454 1171 8455 1012 8456 1172 8457 1173 1633 1174 1633 1175 1633 640 8458 1176 8459 260 8460 1177 8461 1178 8462 1179 8463 1180 8464 1181 8465 1182 8466 1183 8467 1184 8468 1025 8180 1116 8469 1115 8470 1185 8471 1186 8472 1187 8473 1188 8474 1189 8475 731 8476 1190 8477 1191 8478 1192 8479 1193 8480 822 8481 572 8482 760 8483 1194 8484 1036 8485 1038 8486 1195 8487 1196 8488 606 8489 2 6827 4 6830 831 8490 1197 8491 1198 8492 1199 8493 846 8494 4 8495 3 8496 1200 8497 859 8498 1201 8499 1201 8499 859 8498 1202 8500 1203 8501 1204 8502 1205 8503 1205 8503 1204 8502 1206 8504 95 8505 1207 8506 903 8507 903 8507 1207 8506 60 8508 1202 8509 1208 8510 1201 8511 1201 8511 1208 8510 1209 8512 24 8513 9 8514 1210 8515 1210 8515 9 8514 8 8516 1211 8517 1212 8518 1213 8519 1213 8519 1212 8518 1214 8520 1215 8521 1216 8522 1217 8523 1217 8523 1216 8522 1218 8524 1219 8525 1216 8526 1220 8527 1220 8527 1216 8526 1215 8528 14 8529 870 8530 15 8531 15 8531 870 8530 1221 8532 1059 8533 1222 8534 1223 8535 1223 8535 1222 8534 48 8536 1224 8537 97 8538 91 8539 91 8540 97 8541 96 8542 1225 8543 1110 8544 1226 8545 1226 8545 1110 8544 1227 8546 54 8547 53 8547 1228 8547 1228 8548 53 8549 1229 8550 51 8551 80 8552 52 8553 52 8554 80 8555 43 8556 1230 8557 1103 8558 1231 8559 1231 8559 1103 8558 1102 8560 1230 8561 1232 8562 1103 8563 1103 8563 1232 8562 1101 8564 1233 8565 220 8566 1234 8567 1234 8568 220 8569 1235 8570 50 8571 101 8572 47 8573 47 8573 101 8572 61 8574 1229 8575 1236 8576 1228 8577 1228 8577 1236 8576 1237 8578 1238 8579 1222 8580 1060 8581 1060 8582 1222 8583 1059 8584 1238 8585 1060 8586 34 8587 34 8587 1060 8586 35 8588 1237 8589 1236 8590 49 8591 49 8591 1236 8590 1239 8592 57 8593 56 8594 1072 8595 1072 8595 56 8594 55 8596 453 8597 452 8598 123 8599 123 8600 452 8601 81 8602 84 8603 1240 8604 85 8605 85 8606 1240 8607 1241 8608 1242 8609 1243 8610 1244 8611 1244 8612 1243 8613 170 8614 1241 464 1240 8615 1061 8616 1061 8616 1240 8615 1245 8617 116 8618 1092 8619 125 8620 125 8621 1092 8622 1246 8623 1070 8624 169 8625 1247 8626 1247 8626 169 8625 1248 8627 1242 8628 1249 8629 1243 8630 1243 8630 1249 8629 1250 8631 1251 8632 1252 8633 135 8634 135 8635 1252 8636 133 8637 83 8638 1253 8639 123 8640 123 8640 1253 8639 453 8641 98 8642 122 8643 1140 8644 1140 8645 122 8646 1254 8647 1255 8648 1256 8649 1257 8650 1257 8650 1256 8649 1258 8651 74 8652 75 8653 1259 8654 1259 8655 75 8656 1260 8657 1261 8658 1262 8659 1263 8660 1263 8661 1262 8662 1264 8663 148 8664 204 8665 146 8666 146 8667 204 8668 154 8669 1076 8670 876 8671 149 8672 149 8672 876 8671 150 8673 1265 8674 87 8675 882 8676 882 8677 87 8678 89 8679 1266 8680 1267 8681 1268 8682 1268 8683 1267 8684 1269 8685 1264 8686 1252 8687 1263 8688 1263 8688 1252 8687 1251 8689 1270 8690 1271 8691 1272 8692 1272 8693 1271 8694 1273 8695 1248 8696 169 8697 1249 8698 1249 8699 169 8699 1250 8699 99 7944 127 6981 875 7945 875 7945 127 6981 126 6980 1274 8700 1275 8701 1276 8702 1276 8702 1275 8701 1277 8703 1278 8704 1279 8705 1280 8706 1280 8707 1279 8708 1281 8709 163 8710 165 8711 136 8712 136 8713 165 8714 1282 8715 1084 8716 1283 8717 1284 8718 1284 8718 1283 8717 1285 8719 1286 8720 1287 8721 1288 8722 1288 8723 1287 8724 1137 8725 1072 8726 302 8727 57 8728 57 8729 302 8730 301 8731 1086 8732 1289 8733 1290 8734 1290 8734 1289 8733 1291 8735 1084 8736 172 8737 1283 8738 1283 8739 172 8740 171 8741 1291 8742 167 8743 1290 8744 1290 8744 167 8743 126 8745 1292 8746 1293 8747 905 8748 905 8748 1293 8747 1294 8749 959 8750 187 8751 1295 8752 1295 8753 187 8754 189 8755 1296 8756 1297 8756 1298 8757 1298 8758 1297 8759 1299 8760 155 8761 210 8762 156 8763 156 8764 210 8765 896 8766 1299 8767 1300 8768 1298 8769 1298 8769 1300 8768 1301 8770 1302 3360 1077 8771 149 8772 149 8772 1077 8771 1076 8773 1303 8774 1085 8775 1304 8776 1304 8776 1085 8775 1305 191 201 8777 1304 8778 202 8779 202 8780 1304 8781 1305 8782 1091 8783 1306 8784 157 8785 157 8785 1306 8784 155 59 171 8786 173 8787 1307 8788 1307 8788 173 8787 1308 8789 178 8790 177 8791 1309 8792 1309 8793 177 8794 355 8795 1310 8796 243 8797 1311 8798 1311 8798 243 8797 1312 8799 1313 8800 1311 8801 1314 8802 1314 8802 1311 8801 1312 8803 241 8804 1315 8805 906 8806 906 8806 1315 8805 1316 8807 241 8808 151 8809 1315 8810 1315 8811 151 8812 1317 8813 1318 8814 1319 8815 1300 8816 1300 8817 1319 8818 1301 8819 1320 8820 1232 8821 219 8822 219 8822 1232 8821 1321 8823 1322 8824 192 8825 1097 8826 1097 8826 192 8825 194 8827 186 8828 183 8829 190 8830 190 8831 183 8832 185 8833 208 8834 1323 8835 209 8836 209 8836 1323 8835 309 8837 1234 8838 195 8839 1233 8840 1233 8841 195 8842 197 8843 174 8844 1092 8845 175 8846 175 8847 1092 8848 1098 8849 1324 8850 1325 8851 1326 8852 1326 8852 1325 8851 1327 8853 298 8854 257 8855 1328 8856 1328 8856 257 8855 259 8857 912 8858 984 8859 1329 8860 1329 8860 984 8859 1134 8861 641 8862 1330 8863 657 8864 657 8864 1330 8863 244 8865 305 8866 931 8867 1331 8868 1331 8868 931 8867 1120 8869 248 8870 250 8871 224 8872 224 8872 250 8871 225 8873 1332 8874 1333 8875 985 8876 985 8876 1333 8875 1334 8877 557 8878 1335 8879 286 8880 286 8880 1335 8879 287 8881 557 8882 1336 8883 1335 8884 1335 8885 1336 8886 1337 8887 1338 8888 1116 8889 758 8890 758 8891 1116 8892 759 8893 306 8894 326 8895 1339 8896 1339 8897 326 8898 256 8899 936 8900 1340 8901 1341 8902 1341 8902 1340 8901 1342 8903 489 8904 480 8905 718 8906 718 8906 480 8905 708 8907 284 8908 963 8909 1343 8910 1343 8910 963 8909 314 8911 122 8912 1139 8913 1254 8914 1254 8915 1139 8916 331 199 1313 8917 1314 8918 1344 8919 1344 8920 1314 8921 245 8922 1345 8923 1138 8924 1346 8925 1346 8925 1138 8924 1347 8926 1348 8927 1104 8928 1349 8929 1349 8929 1104 8928 1350 8930 188 8931 187 8932 1351 8933 1351 8933 187 8932 960 8934 1132 8935 360 8936 1130 8937 1130 8938 360 8939 285 8940 178 8941 1309 8942 176 8943 176 8943 1309 8942 1352 8944 960 8945 1353 8946 1351 8947 1351 8947 1353 8946 1354 8948 1150 8949 92 8950 1151 8951 1151 8952 92 8953 1355 8954 239 8955 1085 8956 1356 8957 1356 8957 1085 8956 1303 8958 1355 8959 1357 8960 1151 8961 1151 8961 1357 8960 1149 8962 180 8963 1358 8964 181 8965 181 8965 1358 8964 1359 8966 1139 8967 1338 8968 331 8969 331 8970 1338 8971 758 8972 1360 8973 1156 8974 1361 8975 1361 8975 1156 8974 1157 8976 1362 8977 1363 8978 1364 8979 1364 8980 1363 8981 1365 8982 347 8983 1366 8983 345 8983 345 8984 1366 8985 414 8985 363 8986 1156 8987 961 8988 961 8988 1156 8987 1360 8989 280 8990 270 8991 278 8992 278 8992 270 8991 318 8993 1310 8994 897 8995 243 8996 243 8996 897 8995 1367 8997 162 8998 1368 8999 913 9000 913 9001 1368 9002 1369 9003 1370 9004 1337 9005 1371 9006 1371 9006 1337 9005 1336 9007 352 9008 328 9009 396 9010 396 9011 328 9012 542 9013 342 9014 428 9015 352 9016 352 9017 428 9018 1372 9019 1373 9020 1374 9021 1375 9022 1375 9022 1374 9021 1127 9023 388 9024 1376 9025 386 9026 386 9027 1376 9028 1377 9029 1378 9030 514 8426 1379 9031 1379 9031 514 8426 410 9032 1380 9033 1381 9034 1382 9035 1382 9035 1381 9034 1383 9036 333 9037 368 9038 334 9039 334 9040 368 9041 357 9042 410 9043 411 9044 1384 9045 1384 9046 411 9047 1361 9048 1348 9049 1349 9050 1385 9051 1385 9052 1349 9053 1386 9054 1387 9055 713 9056 963 9057 963 9057 713 9056 314 9058 651 9059 661 9060 485 9061 485 9061 661 9060 1384 9062 1388 9063 1389 9064 1390 9065 1390 9065 1389 9064 1142 9066 1391 9067 1392 9068 111 9069 111 9069 1392 9068 109 9070 413 9071 1393 9072 403 9073 403 9073 1393 9072 1394 9074 1395 9075 1396 9076 1397 9077 1397 9078 1396 9079 1398 9080 462 9081 371 9082 389 9083 389 9083 371 9082 372 9084 1399 9085 500 9086 538 9087 538 9088 500 9089 394 9090 391 9091 1400 9092 392 9093 392 9094 1400 9095 1401 9096 112 9097 1402 9098 1357 9099 1357 9100 1402 9101 1149 9102 340 9103 419 9104 339 9105 339 9105 419 9104 397 9106 446 9107 1403 9108 444 9109 444 9110 1403 9111 1404 9112 1405 9113 541 9114 417 9115 417 9116 541 9117 418 9118 343 9119 383 9120 1406 9121 1406 9122 383 9123 328 9124 439 9125 1407 9126 437 9127 437 9127 1407 9126 1408 9128 1409 9129 1160 9130 1410 9131 1410 9131 1160 9130 1162 9132 465 9133 1411 9134 463 9135 463 9135 1411 9134 1412 9136 1164 9137 496 9138 1413 9139 1413 9140 496 9141 443 9142 468 9143 1414 9144 1415 9145 1415 9145 1414 9144 1143 9146 1416 9147 467 9148 1417 9149 1417 9150 467 9151 466 9152 327 9153 1418 9153 385 9153 385 9154 1418 9154 1419 9154 83 9155 442 9156 1253 9157 1253 9157 442 9156 441 9158 1420 9159 513 9160 1421 9161 1421 9162 513 9163 435 9164 1398 9165 1422 9166 1397 9167 1397 9168 1422 9169 1423 9170 1424 9171 1425 9172 1422 9173 1422 9173 1425 9172 1423 9174 93 9175 1061 9176 1426 9177 1426 9177 1061 9176 1245 9178 965 9179 966 9180 1427 9181 1427 9182 966 9183 1428 9184 1429 9185 980 9186 1430 9187 1430 9187 980 9186 1431 9188 464 9189 463 9190 1432 9191 1432 9191 463 9190 429 9192 426 9193 1410 9194 1433 9195 1433 9195 1410 9194 1162 9196 1434 9197 523 9198 507 9199 507 9200 523 9201 505 9202 1435 9203 299 9204 1436 9205 1436 9206 299 9207 534 9208 639 9209 1437 9210 1438 9211 1438 9211 1437 9210 1439 9212 1440 9213 1124 9214 1441 9215 1441 9215 1124 9214 1126 9216 1442 9217 970 9218 525 9219 525 9220 970 9221 498 9222 1443 9223 1334 9224 1444 9225 1444 9225 1334 9224 1333 9226 1445 3360 1446 3360 1413 3360 1413 9227 1446 9227 1164 9227 1447 9228 1448 9229 382 9230 382 9231 1448 9232 383 9233 1449 9234 1438 9235 1450 9236 1450 9237 1438 9238 1439 9239 1443 9240 1444 9241 1430 9242 1430 9242 1444 9241 1429 9243 1451 9244 1452 9245 1453 9246 1453 9246 1452 9245 1454 9247 1455 9248 362 9249 1452 9250 1452 9251 362 9252 1454 9253 532 9254 1155 9255 539 9256 539 9256 1155 9255 540 9257 364 9258 1456 9259 1453 9260 1453 9261 1456 9262 1451 9263 1449 9264 1450 9265 634 9266 634 9266 1450 9265 990 9267 1155 9268 1126 9269 515 9270 515 9270 1126 9269 1125 9271 544 9272 543 9273 548 9274 548 9275 543 9276 1457 9277 978 9278 1416 9279 1458 9280 1458 9281 1416 9282 1459 9283 1460 9284 537 9285 1461 9286 1461 9286 537 9285 394 9287 371 9288 462 9289 1140 9290 1140 9290 462 9289 365 9291 1462 9292 1463 9293 704 9294 704 9294 1463 9293 578 9295 1462 9296 704 9297 1464 9298 1464 9298 704 9297 1465 9299 607 9300 565 9301 1466 9302 1466 9302 565 9301 567 9303 558 9304 1466 9305 566 9306 566 9306 1466 9305 567 9307 574 9308 569 9309 575 9310 575 9311 569 9312 568 9313 600 9314 562 9315 1004 9316 1004 9316 562 9315 561 9317 572 464 1009 464 1467 464 1467 464 1009 464 604 464 559 9318 565 9319 602 9320 602 9321 565 9322 600 9323 561 7509 1468 9324 597 7510 597 7510 1468 9324 583 9325 1469 9326 1470 9327 1175 9328 1175 9328 1470 9327 1173 9329 1469 9330 1175 9331 608 9332 608 9333 1175 9334 1174 9335 1471 9336 1472 9337 615 9338 615 9338 1472 9337 1473 9339 617 9340 612 9340 615 9340 615 9341 612 9341 1471 9341 820 9342 612 9343 618 9344 618 9344 612 9343 617 9345 573 9346 613 9347 571 9348 571 9348 613 9347 626 9349 1474 9350 1475 9351 616 9352 616 9352 1475 9351 618 9353 1473 9354 1472 9355 1476 9356 1476 9357 1472 9358 611 9359 1477 9360 1478 9361 1007 9362 1007 9363 1478 9364 1006 9365 1479 9366 1480 9367 1478 9368 1478 9368 1480 9367 1006 9369 610 9370 1481 9371 1470 9372 1470 9373 1481 9374 1173 9375 1482 9376 1483 9377 835 9378 835 9379 1483 9380 1484 9381 702 9382 1485 9383 671 9384 671 9385 1485 9386 1019 9387 1486 9388 1487 9389 1488 9390 1488 9390 1487 9389 1144 9391 646 9392 638 9393 405 9394 405 9395 638 9396 408 9397 660 9398 1487 9399 658 9400 658 9400 1487 9399 1486 9401 1489 9402 1490 9403 459 9404 459 9404 1490 9403 460 9405 1491 9406 650 9407 648 9408 648 9409 650 9410 649 9411 1492 9412 1493 9413 591 9414 591 9414 1493 9413 1494 9415 1494 9416 1493 9417 1495 9418 1495 9418 1493 9417 1496 9419 635 9420 679 9421 1497 9422 1497 9423 679 9424 1498 9425 1499 9426 1500 9427 1501 9428 1501 9428 1500 9427 1502 9429 1503 9430 1016 9431 1501 9432 1501 9432 1016 9431 1499 9433 1504 9434 1505 9435 1506 9436 1506 9437 1505 9438 1507 9439 590 9440 589 9441 1508 9442 1508 9442 589 9441 1178 9443 1509 9444 722 9445 1510 9446 1510 9446 722 9445 1511 9447 576 9448 688 9449 574 9450 574 9450 688 9449 676 9451 1512 9452 1513 9453 1514 9454 1514 9455 1513 9456 1515 9457 1178 191 589 191 1179 191 1179 191 589 191 1510 191 1516 9458 1517 9459 1518 9460 1518 9460 1517 9459 1519 9461 669 9462 681 9463 685 9464 685 9464 681 9463 1520 9465 1521 9466 944 9467 1522 9468 1522 9468 944 9467 731 9469 1523 9470 330 9471 1518 9472 1518 9473 330 9474 1516 9475 701 9476 568 9477 699 9478 699 9478 568 9477 570 9479 1018 9480 697 9481 1524 9482 1524 9483 697 9484 696 9485 1525 9486 1131 9487 1526 9488 1526 9489 1131 9490 1527 9491 332 9492 1528 9493 1517 9494 1517 9495 1528 9496 1519 9497 930 9498 1118 9499 931 9500 931 9500 1118 9499 1120 9501 226 9502 1529 9503 224 9504 224 9504 1529 9503 1530 9505 945 9506 712 9507 1189 9508 1189 9508 712 9507 728 9509 667 9510 1531 9511 668 9512 668 9513 1531 9514 1532 9515 1030 9516 1533 9517 1534 9518 1534 9518 1533 9517 1535 9519 1536 9520 1537 9521 1538 9522 1538 9522 1537 9521 1185 9523 1539 9524 1540 9525 271 9526 271 9526 1540 9525 1541 9527 1542 9528 1543 9529 923 9530 923 9531 1543 9532 1544 9533 1545 9534 1546 9535 1547 9536 1547 9536 1546 9535 1193 9537 1507 9538 1513 9539 1506 9540 1506 9540 1513 9539 1512 9541 1467 9542 1525 9543 572 9544 572 9545 1525 9546 1526 9547 1548 9548 1549 9549 1550 9550 1550 9550 1549 9549 1551 9551 1552 9552 1034 9553 1550 9554 1550 9554 1034 9553 1548 9555 759 9556 1036 9557 762 9558 762 9558 1036 9557 1553 9559 1554 9560 1536 9561 1555 9562 1555 9562 1536 9561 1538 9563 749 9564 1556 9565 747 9566 747 9566 1556 9565 1557 9567 1558 9568 232 9569 1559 9570 1559 9571 232 9572 742 9573 1557 9574 1556 9575 1560 9576 1560 9576 1556 9575 1561 9577 1562 9578 1563 9579 1564 9580 1564 9580 1563 9579 765 9581 1565 9582 1566 9583 1040 9584 1040 9584 1566 9583 1567 9585 1568 9586 1569 9587 1570 9588 1570 9588 1569 9587 1571 9589 715 9590 717 9591 766 9592 766 9592 717 9591 1572 9593 1540 464 1573 9594 735 9595 735 9595 1573 9594 1574 9596 1570 9597 1042 9598 1555 9598 1555 9599 1042 9599 1554 9599 1575 9600 793 9601 1576 9602 1576 9603 793 9604 792 9605 609 9606 1577 9607 1048 9608 1048 9609 1577 9610 1578 9611 854 9612 1579 9613 855 9614 855 9615 1579 9616 1580 9617 1043 9618 1046 9619 1577 9620 1577 9620 1046 9619 1578 9621 1052 9622 1581 9623 832 9624 832 9625 1581 9626 833 9627 1582 9628 1583 9629 1584 9630 1584 9631 1583 9632 1585 9633 1586 9634 605 9635 1587 9636 1587 9636 605 9635 824 9637 833 9638 1588 9639 831 9640 831 9640 1588 9639 2 464 1589 9641 840 9642 1537 9643 1537 9643 840 9642 839 9644 1585 9645 1590 9646 1584 9647 1584 9647 1590 9646 1591 9648 1591 9649 1590 9650 1592 9651 1592 9652 1590 9653 1593 9654 605 9655 1586 9656 603 9657 603 9657 1586 9656 1594 9658 1595 9659 858 9660 1053 9661 1053 9662 858 9663 857 9664 1596 9665 1597 9666 760 9667 760 9668 1597 9669 1598 9670 1596 9671 1599 9672 1597 9673 1597 9673 1599 9672 1600 9674 761 9675 1601 9676 1599 9677 1599 9678 1601 9679 1600 9680 1602 9681 129 9682 8 9683 8 9683 129 9682 1603 9684 8 9683 1603 9684 1210 9685 1604 9686 1207 9687 1605 9688 1605 9688 1207 9687 95 9689 1606 9690 1206 9691 1607 9692 1607 9693 1206 9694 1608 9695 59 9696 1609 9697 904 9698 904 9698 1609 9697 1221 9699 904 9698 1221 9699 870 9700 38 9701 37 9702 1610 9703 1610 9703 37 9702 1611 199 44 9704 1612 9705 1211 9706 1211 9706 1612 9705 1613 9707 1218 9708 1216 9709 1614 9710 1614 9710 1216 9709 1219 9711 25 9712 1615 9713 26 9714 26 9714 1615 9713 1616 9715 195 9716 900 9717 196 9718 196 9719 900 9720 1617 9721 196 9722 1617 9723 1618 9724 27 9725 41 9726 76 9727 76 9728 41 9729 40 9730 1068 9731 24 9732 1603 9733 1603 9733 24 9732 1210 9734 1241 9735 1061 8249 85 9736 85 9736 1061 8249 869 7935 80 9737 51 9738 40 9739 40 9739 51 9738 57 9740 58 9741 1619 9742 59 9743 59 9743 1619 9742 1102 9744 867 9745 25 8257 868 9746 868 9746 25 8257 1064 8259 1225 9747 1226 9748 1620 9749 1620 9749 1226 9748 73 9750 25 9751 867 9752 1621 9753 1621 9753 867 9752 866 9754 1621 9753 866 9754 1622 9755 55 9756 44 9757 881 9758 881 9759 44 9760 1211 9761 1623 9762 1274 9763 1624 9764 1624 9764 1274 9763 1276 9765 1624 9764 1276 9765 106 9766 1219 9767 1220 9768 16 9769 16 9770 1220 9771 14 9772 39 9773 99 9774 100 9775 100 6948 99 6935 61 6937 869 9776 1625 9777 85 9778 85 9778 1625 9777 86 9779 78 9780 77 9781 82 9782 82 9782 77 9781 1626 9783 1245 9784 1240 9785 1627 9786 1627 9786 1240 9785 84 9787 1628 9788 1626 9789 1629 9790 1629 9790 1626 9789 77 9791 1630 9792 872 9793 1631 9794 1631 9795 872 9796 1073 9797 1632 9798 130 9799 1633 9800 1633 9800 130 9799 132 9801 75 9802 88 9803 1260 9804 1260 9805 88 9806 87 9807 1634 9808 1635 9809 1636 9810 1636 9810 1635 9809 1637 9811 1636 9810 1637 9811 13 9812 1317 9813 151 9814 1638 9815 1638 9816 151 9817 150 9818 1638 9816 150 9818 876 9819 1277 9820 107 9821 1276 9822 1276 9822 107 9821 106 9823 1273 9824 1271 9825 1639 9826 1639 9826 1271 9825 1640 9827 1641 9828 108 9829 1642 9830 1642 9830 108 9829 107 9831 122 9832 98 9833 114 9834 114 9834 98 9833 97 9835 1270 9836 1272 9837 28 9838 28 9838 1272 9837 29 9839 140 199 139 199 874 199 874 199 139 199 125 199 71 6898 70 6897 472 9840 472 9841 70 9842 487 9843 1249 199 1643 9844 1248 199 1248 199 1643 9844 1247 199 1641 9845 1624 9846 108 9847 108 9848 1624 9849 106 9850 24 6847 1068 9851 22 6848 22 6848 1068 9851 114 9852 1281 9853 871 7938 1280 9854 1280 9855 871 7938 873 7940 137 199 136 199 139 199 139 199 136 199 1282 199 390 9856 372 9857 339 9858 339 9859 372 9860 331 9861 1644 9862 1645 9863 1083 9864 1083 9864 1645 9863 910 9865 1083 9864 910 9865 350 9866 1079 9867 144 9868 1646 9869 1646 9869 144 9868 143 9870 1363 9871 893 9872 1647 9873 1647 9873 893 9872 892 9874 1648 9875 1649 9876 1295 9877 1295 9878 1649 9879 959 9880 875 9881 1650 9882 907 9883 907 9883 1650 9882 1292 9884 907 9883 1292 9884 905 9885 144 9886 128 9887 902 9888 902 9888 128 9887 201 9889 167 9890 1294 9891 168 9892 168 9893 1294 9894 1293 9895 146 9896 891 9897 147 9898 147 9899 891 9900 1651 9901 147 9902 1651 9903 1652 9904 1653 9905 1307 9906 1654 9907 1654 9907 1307 9906 1308 9908 1655 9909 1656 9910 908 9911 908 9911 1656 9910 909 9912 206 9913 1657 9914 1658 9915 1658 9915 1657 9914 1659 9916 1658 9915 1659 9916 1660 9917 221 9918 1661 9919 1662 9920 1662 9920 1661 9919 307 9921 1662 9920 307 9921 208 9922 863 9923 185 9924 211 9925 211 9925 185 9924 182 9926 1325 9927 193 9928 1327 9929 1327 9930 193 9931 192 9932 1663 9933 1108 9934 202 9935 202 9935 1108 9934 203 9936 1303 9937 1304 9938 1664 9939 1664 9939 1304 9938 201 9940 198 9941 1665 9942 199 9943 199 9943 1665 9942 899 9944 211 9945 213 9946 863 9947 863 9947 213 9946 1153 9948 863 9947 1153 9948 861 9949 1666 9950 323 9951 1667 9952 1667 9952 323 9951 325 9953 1321 8823 212 9954 1655 9955 1655 9955 212 9954 1668 9956 1655 9955 1668 9956 1656 9957 1668 9958 212 9959 182 9960 182 9961 212 9962 211 9963 215 9964 214 9965 1109 9966 1109 9966 214 9965 222 9967 1109 9966 222 9967 31 9968 1669 9969 1087 9970 1646 9971 1646 9971 1087 9970 1079 9972 1107 9973 1670 9974 145 9975 145 9976 1670 9977 143 9978 233 9979 1671 9980 929 9981 929 9981 1671 9980 1672 9982 232 9983 242 9984 1541 9985 1541 9985 242 9984 272 9986 1541 9985 272 9986 271 9987 248 9988 312 9989 249 9990 249 9991 312 9992 227 9993 1340 9994 258 9995 1342 9996 1342 9997 258 9998 257 9999 1673 10000 1674 10001 952 10002 952 10002 1674 10001 920 10003 952 10002 920 10003 922 10004 254 10005 305 10006 255 10007 255 10007 305 10006 1331 10008 1675 10009 1530 10010 1676 10011 1676 10012 1530 10013 1529 10014 1676 10012 1529 10014 1677 10015 919 8019 1678 10016 917 8017 917 8017 1678 10016 535 10017 917 8017 535 10017 299 10018 1440 10019 354 10020 1124 10021 1124 10021 354 10020 1362 10022 1124 10021 1362 10022 1364 10023 713 10024 1387 10025 1020 10026 1020 10026 1387 10025 1679 10027 109 6952 1680 10028 110 6953 110 6953 1680 10028 1681 10029 941 8044 943 8046 1682 10030 1682 10030 943 8046 322 10031 1682 10032 322 10033 310 10034 1104 10035 1683 10036 1350 10037 1350 10037 1683 10036 1354 10038 1350 10037 1354 10038 1353 10039 456 8100 455 10040 1408 10041 1408 10041 455 10040 437 10042 1346 10043 239 10044 1345 10045 1345 10045 239 10044 1356 10046 672 10047 1684 10048 1685 10049 1685 10049 1684 10048 1686 10050 1686 10051 1160 10052 1685 10053 1685 10053 1160 10052 1409 10054 947 8051 1687 10055 946 8049 946 8049 1687 10055 1339 10056 946 8049 1339 10056 256 10057 1688 10058 1147 8411 446 10059 446 10059 1147 8411 397 8413 248 10060 1127 10061 1689 10062 1689 10062 1127 10061 1374 10063 270 10064 280 10065 268 10066 268 10066 280 10065 277 10067 268 10066 277 10067 282 10068 1138 10069 316 10069 1347 10069 1347 10070 316 10071 240 10072 432 10073 953 10074 440 10075 440 10075 953 10074 1418 10076 440 10075 1418 10076 327 10077 1305 10078 1085 8301 202 10079 202 10079 1085 8301 1663 10080 1311 10081 898 10082 1310 10083 1310 10083 898 10082 897 199 304 10084 1690 10085 939 10086 939 10086 1690 10085 940 10087 432 10088 383 10089 953 10090 953 10091 383 10092 954 10093 381 10094 1691 10095 379 10096 379 10097 1691 10098 448 10099 1414 10100 468 10101 430 10102 430 10102 468 10101 431 10103 341 10104 1406 10105 352 10106 352 10107 1406 10108 328 10109 1415 10110 683 10111 468 10112 468 10112 683 10111 466 10113 1692 10114 1693 10115 1694 10116 1694 10116 1693 10115 948 10117 1694 10116 948 10117 950 10118 351 10119 1695 10120 342 10121 342 10121 1695 10120 343 10122 1696 10123 1697 10124 1698 10125 1698 10125 1697 10124 1699 10126 1700 10127 1701 10128 1702 10129 1702 10129 1701 10128 238 10130 1703 10131 1704 10132 1376 10133 1376 10134 1704 10135 1377 10136 429 10137 1143 10138 430 10139 430 10139 1143 10138 1414 10140 1705 10141 1706 10142 643 10143 643 10143 1706 10142 644 10144 386 10145 1707 10146 387 10147 387 10147 1707 10146 1145 10148 409 10149 683 10150 377 10151 377 10151 683 10150 682 10152 373 8092 1708 10153 967 8090 967 8090 1708 10153 434 10154 967 8090 434 10154 513 10155 1703 10156 1376 10157 1709 10158 1709 10158 1376 10157 388 10159 541 10160 540 10161 418 10162 418 10163 540 10164 416 10165 383 10166 1448 10167 954 10168 954 10168 1448 10167 955 10169 441 10170 443 10171 451 10172 451 10172 443 10171 497 10173 1421 10174 93 10175 1420 10176 1420 10176 93 10175 1426 10177 439 10178 436 10179 1710 10180 1710 10180 436 10179 1400 10181 1710 10180 1400 10181 391 10182 406 10183 409 10149 450 10184 450 10184 409 10149 377 10151 1436 10185 426 10186 1435 10187 1435 10187 426 10186 1433 10188 429 10189 1711 10190 1432 10191 1432 10192 1711 10193 1712 10194 522 10195 551 10196 423 10197 423 10198 551 10199 263 10200 980 10201 1713 10202 1431 10203 1431 10203 1713 10202 1712 10204 1431 10203 1712 10204 1711 10205 379 10206 1714 10207 380 10208 380 10209 1714 10210 498 10211 382 10212 530 10213 1447 10214 1447 10214 530 10213 519 10215 264 10216 1715 10217 553 10218 553 10218 1715 10217 1716 10219 979 10220 978 10221 983 10222 983 10222 978 10221 1458 10223 1717 10224 1718 10225 1719 10226 1719 10227 1718 10228 1720 10229 264 10230 1721 10231 1722 10232 1722 10232 1721 10231 933 10233 1722 10232 933 10233 935 10234 556 10235 555 10236 516 10237 516 10237 555 10236 517 10238 531 10239 1723 10240 520 10241 520 10242 1723 10243 521 10244 955 10245 1448 10246 1723 10247 1723 10247 1448 10246 521 10248 391 10182 550 10249 1710 10180 1710 10180 550 10249 1407 10250 1710 10180 1407 10250 439 10178 992 8127 994 8128 1724 10251 1724 10251 994 8128 1725 10252 1724 10251 1725 10252 1726 10253 1727 10254 531 10255 542 10256 542 10256 531 10255 530 10257 542 10256 530 10257 382 10258 984 10259 983 10260 1134 10261 1134 10261 983 10260 1728 10262 547 10263 546 10264 971 10265 971 10265 546 10264 1729 10266 1417 9149 1730 10267 1416 9147 1416 10268 1730 10269 1459 59 598 10270 578 10271 599 10272 599 10272 578 10271 1463 10273 680 10274 696 10274 681 10274 681 10275 696 10276 698 10277 681 10275 698 10277 1520 10278 1731 199 703 10279 1495 10280 1495 10280 703 10279 1494 10281 704 10282 580 10283 1465 10284 1465 10284 580 10283 582 10285 1465 10284 582 10285 695 10286 599 10287 1732 10288 593 10289 593 10290 1732 10291 594 10292 561 7509 564 10293 1468 9324 1468 10294 564 10295 584 10296 1468 9324 584 10297 583 9325 1733 10298 1734 10299 1735 10300 1735 10300 1734 10299 1736 10301 1009 10302 1008 10303 604 10304 604 10304 1008 10303 1195 10305 604 10304 1195 10305 606 10306 1737 10307 1738 10308 1739 10309 1739 10309 1738 10308 1167 10310 1048 10311 836 10312 609 10313 609 10313 836 10312 835 10314 609 10315 835 9379 1484 9381 835 10316 837 10317 1482 10318 1482 10319 837 10320 1740 10321 1741 10322 1742 10323 1743 10324 1743 10324 1742 10323 1744 10325 1483 10326 1745 10327 1484 10328 1484 10328 1745 10327 1746 10329 1747 10330 633 10331 1483 10332 1483 10332 633 10331 632 10333 1483 10332 632 10333 1745 10334 1748 10335 1482 10336 623 10337 623 10337 1482 10336 625 10338 672 10339 1685 10340 1410 10341 1410 10341 1685 10340 1409 10342 1749 10343 640 10344 1750 10345 1750 10346 640 10347 1027 10348 425 10349 1751 10350 652 10351 652 10351 1751 10350 1015 10352 1508 10353 1028 10354 1752 10355 1752 10355 1028 10354 1027 10356 1752 10355 1027 10356 640 10357 1753 10358 1412 10359 1754 10360 1754 10360 1412 10359 1411 10361 1754 10360 1411 10361 1755 10362 665 10363 964 10364 601 10365 601 10366 964 10367 1756 10368 658 10369 1019 10370 659 10371 659 10372 1019 10373 1485 10374 664 10375 663 10376 997 10377 997 10377 663 10376 998 10378 679 10379 674 10380 1498 10381 1498 10382 674 10383 673 10384 1520 10385 698 10386 1757 10387 1757 10387 698 10386 697 199 677 10388 676 10389 700 10390 700 10391 676 10392 689 10393 1707 10394 386 10395 1704 10396 1704 10396 386 10395 1377 10397 665 10398 666 10399 1758 10400 1758 10400 666 10399 691 10401 1758 10402 691 10403 690 10404 664 10405 997 10406 695 10407 695 10407 997 10406 1464 10408 695 10407 1464 10408 1465 10409 999 10410 662 10411 1732 10412 1732 10412 662 10411 594 10413 945 10414 1189 10415 944 10416 944 10416 1189 10415 1190 10417 944 10416 1190 10417 731 10418 1759 10419 292 10420 1760 10421 1760 10421 292 10420 294 10422 720 10423 655 10424 563 10425 563 10425 655 10424 564 10426 671 10427 1761 10428 1509 10429 1509 10429 1761 10428 723 10430 1509 10429 723 10430 722 10431 663 10432 662 10433 998 10434 998 10434 662 10433 999 10435 1531 10436 1762 10437 1532 10438 1532 10438 1762 10437 1763 10439 1532 10438 1763 10439 1764 10440 1765 10441 1750 10442 1766 199 1766 199 1750 10442 1027 199 1492 10443 591 10444 1767 10445 1767 10445 591 10444 590 10446 1767 10445 590 10446 1508 10447 1768 10448 726 10449 1769 10450 1769 10450 726 10449 725 10451 1672 10452 1118 10453 929 10454 929 10454 1118 10453 930 10455 1114 10456 1535 10457 1117 10458 1117 10458 1535 10457 1533 10459 1117 10458 1533 10459 1115 10460 716 10461 1770 10462 717 10463 717 10463 1770 10462 1771 10464 717 10463 1771 10464 1572 10465 1772 10466 1773 10467 1774 10468 1774 10468 1773 10467 1775 10469 1772 10470 925 10471 1773 10472 1773 10473 925 10474 924 10475 1773 10476 924 10477 1775 10478 1522 10479 731 10480 1776 10481 1776 10481 731 10480 739 10482 1777 10483 743 10483 1564 10483 1564 1633 743 1633 1562 10484 1778 10485 1779 10486 744 10487 744 10487 1779 10486 745 10488 858 10489 1595 10489 1780 10489 1780 59 1595 59 1580 10490 1582 10491 572 10492 1781 10493 1781 10493 572 10492 1526 10494 1035 10495 1563 10496 737 10497 737 10497 1563 10496 1562 10498 1561 10499 1556 10500 1782 10501 1782 10501 1556 10500 749 10502 747 10503 1558 10504 748 10505 748 10506 1558 10507 1559 10508 1565 10509 759 10510 1566 10511 1566 10511 759 10510 1783 10512 802 10513 1784 10514 1785 10515 1785 10515 1784 10514 808 10516 1786 10517 1039 8206 1567 10518 1567 10518 1039 8206 1040 8208 763 10519 1787 10520 764 10521 764 10521 1787 10520 1574 10522 1572 10523 1771 10524 1788 10525 1788 10525 1771 10524 770 10526 750 10527 1789 10528 751 10529 751 10529 1789 10528 1790 10530 751 10529 1790 10530 1791 10531 1343 10532 1792 10533 1793 10534 1793 10534 1792 10533 756 10535 1794 10536 1795 10537 1796 10538 1796 10538 1795 10537 812 10539 1797 10540 1798 10541 811 10542 811 10542 1798 10541 812 10543 814 10544 804 10545 848 10546 848 10547 804 10548 849 10549 802 10513 799 10550 1784 10514 1784 10514 799 10550 806 10551 1784 10514 806 10551 808 10516 1786 10517 1576 10552 1039 8206 1039 8206 1576 10552 792 10553 1039 8206 792 10553 816 8207 1799 10554 803 8209 1045 10555 1045 10555 803 8209 815 8211 1537 10556 839 10557 1800 10558 1800 10559 839 10560 1801 10561 1598 10562 1593 10563 1167 10564 1167 10564 1593 10563 1802 10565 1167 10564 1802 10565 1803 10566 1049 10567 1804 10568 1805 10569 1805 10569 1804 10568 1806 10570 1807 10571 834 10572 1196 10573 1196 10573 834 10572 606 10574 1581 10575 1052 10576 1808 10577 1808 10577 1052 10576 1809 10578 1586 10579 1587 10580 1594 10581 1594 10581 1587 10580 1810 10582 1046 10583 1811 10584 843 10585 843 10585 1811 10584 842 10586 842 1633 1811 1633 1812 1633 1812 1633 1811 1633 1571 1633 1812 1633 1571 1633 1569 1633 1055 10587 840 10588 1053 10589 1053 10589 840 10588 1589 10590 1053 10589 1589 10590 1595 10591 776 10592 1813 10593 1811 10594 1811 10595 1813 10596 1571 10597 857 1633 856 1633 1053 1633 1053 1633 856 1633 1579 1633 1803 10598 1814 10599 1527 10600 1527 10601 1814 10602 1526 10603 750 10604 1788 10605 1594 10606 1594 10606 1788 10605 603 10607 1058 8240 1057 8239 1815 10608 1815 10608 1057 8239 1816 10609 1815 10608 1816 10609 1817 10610 1602 10611 21 10612 129 10613 129 10613 21 10612 23 10614 1818 10615 1206 10616 1819 10617 1819 10618 1206 8504 1204 8502 1819 10619 1204 10620 1820 10621 20 10622 79 10623 5 10624 5 10624 79 10623 17 10625 1209 10626 1208 10627 33 10628 33 10628 1208 10627 72 10629 1206 10630 1606 10630 1205 10630 1205 464 1606 464 12 464 1205 10631 12 10631 1821 10631 28 10632 30 10633 1200 10634 1200 10635 30 10636 859 10637 1822 10638 1212 10639 1823 10640 1823 10640 1212 10639 1824 10641 1823 10640 1824 10641 1825 10642 1825 10642 1824 10641 1826 10643 1825 10642 1826 10643 1827 10644 1827 10644 1826 10643 1608 10645 1827 10644 1608 10645 1828 10646 1828 10646 1608 10645 1206 10647 1110 10648 1225 10649 215 10650 215 10650 1225 10649 1235 10651 215 10652 1235 10653 220 10654 1829 10655 1830 10656 1831 10657 1831 10657 1830 10656 1832 10658 1831 10657 1832 10658 1203 10659 1203 10659 1832 10658 1833 10660 1203 10659 1833 10660 1204 10661 1204 10661 1833 10660 1834 10662 1204 10663 1834 10664 1820 10665 1258 10666 1256 10667 1835 10668 1835 10669 1256 10670 207 10671 1835 10669 207 10671 862 10672 1212 10673 1211 10674 1824 10675 1824 10675 1211 10674 1613 10676 1824 10675 1613 10676 1826 10677 1826 10677 1613 10676 1607 10678 1826 10677 1607 10678 1608 10679 9 10680 18 10681 1836 10682 1836 10682 18 10681 113 10683 1836 10682 113 10683 21 10684 131 10685 1270 10686 1837 10687 1837 10687 1270 10686 28 10688 1837 10687 28 10688 1200 10689 1205 8503 1821 10690 1203 8501 1203 8501 1821 10690 12 10691 1203 8501 12 10691 1831 10692 1831 10692 12 10691 11 10693 1831 10692 11 10693 1829 10694 67 10695 1838 10696 1063 10697 1063 10697 1838 10696 969 8094 53 10698 1239 10699 1229 10700 1229 10700 1239 10699 1236 199 1056 8238 1834 10701 1057 8239 1057 8239 1834 10701 1839 10702 1057 8239 1839 10702 1840 10703 1840 10703 1839 10702 1841 10704 1840 10703 1841 10704 1842 10705 1842 10705 1841 10704 1843 10706 1842 10705 1843 10706 1844 10707 1844 10707 1843 10706 1845 10708 1844 10707 1845 10708 1846 10709 1846 10709 1845 10708 1847 10710 1846 10709 1847 10710 1848 10711 33 10712 73 10713 1227 10714 1227 10715 73 10716 1226 10717 331 10718 371 10719 1254 10720 1254 10720 371 10719 1140 10721 68 10722 1849 10723 1660 10724 1660 10724 1849 10723 1850 10725 1660 10724 1850 10725 1851 10726 1622 10727 1852 10728 1616 10729 1616 10729 1852 10728 1853 10730 1822 10638 1239 10731 1212 10639 1212 10639 1239 10731 53 10732 1212 10639 53 10732 1214 10733 1214 10733 53 10732 47 10734 1622 9755 1616 10735 1621 9753 1621 9753 1616 10735 1615 10736 1621 9753 1615 10736 25 9751 1607 10737 1613 9707 46 6866 46 6866 1613 9707 1612 9705 46 6866 1612 9705 44 6864 1604 10738 1605 10739 58 10740 58 10740 1605 10739 1854 10741 58 10740 1854 10741 1619 10742 33 10743 32 10744 1209 10745 1209 10745 32 10744 1837 10687 1209 10745 1837 10687 1201 10746 1201 10746 1837 10687 1200 10689 903 10747 60 10748 904 10749 904 10749 60 10748 59 10750 1855 10751 1856 10752 1829 10655 1829 10655 1856 10752 1857 10753 1829 10655 1857 10753 1830 10656 869 7935 1061 8249 870 7936 870 7936 1061 8249 95 8248 870 7936 95 8248 903 7997 1239 10754 35 199 1223 199 1223 199 35 199 1059 199 72 1633 1208 1633 860 7921 860 7921 1208 1633 1202 10755 860 7921 1202 10755 859 7919 1213 10756 1858 10757 1211 10758 1211 9761 1858 10759 881 9759 27 199 26 199 41 199 41 199 26 199 52 199 41 199 52 199 42 199 42 199 52 199 43 199 1223 10760 48 10761 1239 10762 1239 10762 48 10761 49 10763 1859 10764 1860 10765 1861 10766 1861 10766 1860 10765 1862 10767 1861 10766 1862 10767 1863 10768 217 7993 1864 10769 901 7991 901 7991 1864 10769 1617 10770 901 7991 1617 10770 900 7989 44 464 56 464 45 464 45 464 56 464 57 10771 102 10772 13 10773 1853 10774 1853 10774 13 10773 12 10775 1853 10774 12 10775 1616 9715 1616 9715 12 10775 1606 9690 1616 9715 1606 9690 26 9714 26 9714 1606 9690 1607 9692 26 9714 1607 9692 52 10776 52 10777 1607 10778 46 10779 52 10777 46 10779 45 10780 1853 10781 1865 10782 103 10783 1853 10781 103 10783 102 10784 1866 10785 1867 10786 1868 10787 1868 10787 1867 10786 1869 10788 1868 10787 1869 10788 1870 10789 1870 10789 1869 10788 1871 10790 1872 10791 1873 10792 63 10793 63 10793 1873 10792 1874 10794 63 10793 1874 10794 64 10795 64 10795 1874 10794 1875 10796 64 10795 1875 10796 1876 10797 1207 10798 1604 10799 60 10800 60 10801 1604 10802 58 10803 158 8278 55 8280 1065 10804 1065 10804 55 8280 74 10805 1065 10806 74 10807 1067 10808 1877 10809 1878 10810 1879 10811 1879 10811 1878 10810 1610 10812 1879 10811 1610 10812 1822 10638 1822 10638 1610 10812 1611 10813 1822 10638 1611 10813 1239 10731 1239 10731 1611 10813 35 10814 1622 10815 866 7931 1852 10816 1852 10816 866 7931 868 7933 1852 10816 868 7933 1064 10817 1214 8520 47 8253 1213 8519 1213 8519 47 8253 1062 8252 1213 10818 1062 10819 1858 10820 1858 10820 1062 10819 62 10821 1858 10759 62 10822 881 9759 21 10823 1602 10824 10 10825 10 10825 1602 10824 8 10826 882 7955 89 10827 881 7953 881 10828 89 10829 88 10830 881 10828 88 10830 55 10831 55 10831 88 10830 75 10832 15 10833 1221 10834 16 10835 16 10835 1221 10834 1609 10836 16 10835 1609 10836 1219 10837 1219 10837 1609 10836 59 10838 11 10693 13 10839 1829 10694 1829 10694 13 10839 1637 10840 1829 10694 1637 10840 1855 10841 1855 10841 1637 10840 1635 10842 1855 10841 1635 10842 1880 10843 1235 10844 1225 9747 1234 10845 1234 10845 1225 9747 1620 9749 1234 10845 1620 9749 195 10846 21 10847 10 10848 1836 10849 1836 10849 10 10848 9 10850 1222 10851 1238 10852 48 10853 48 10853 1238 10852 34 10854 78 10855 1849 10723 79 10856 79 10856 1849 10723 68 10722 79 10856 68 10722 105 10857 100 6938 50 6940 39 10858 39 10858 50 6940 36 10859 39 10858 36 10859 37 10860 1228 10861 1237 10862 54 10863 54 10863 1237 10862 49 10864 1073 8281 1074 8283 1610 10865 1610 10865 1074 8283 865 7929 1610 10865 865 7929 1881 10866 1881 10866 865 7929 39 7928 1881 10866 39 7928 38 10867 125 10868 1066 10869 124 10870 124 10870 1066 10869 117 10871 124 10872 117 10873 116 10874 1882 10875 1883 10876 1884 10877 1884 10877 1883 10876 1633 10878 1884 10879 1633 10880 132 10881 95 10882 94 10883 1605 10884 1605 10884 94 10883 1154 8424 103 10885 1865 10886 104 10887 104 10887 1865 10886 1885 10888 104 10887 1885 10888 1071 10889 1886 10890 1067 10891 1259 10892 1259 10892 1067 10891 74 10893 1262 10894 1261 10895 170 10896 170 10897 1261 10898 1244 10899 92 10900 112 10901 1355 10902 1355 10902 112 10901 1357 10903 125 10904 1246 10905 874 10906 874 10906 1246 10905 164 10907 874 10906 164 10907 166 10908 18 8241 19 7949 122 8242 122 8242 19 7949 877 7948 122 8242 877 7948 469 10909 102 6941 104 6943 1247 10910 1247 10910 104 6943 1071 10911 1247 10910 1071 10911 1070 10912 1626 10913 443 10914 82 10915 82 10915 443 10914 442 10916 82 10915 442 10916 83 10917 73 10918 860 10919 877 8273 877 8273 860 10919 30 10920 1067 8270 885 8269 1065 8264 1065 8264 885 8269 156 10921 1065 8264 156 10921 895 8265 876 10922 890 10923 99 10924 99 10924 890 10923 120 10925 99 10924 120 10925 62 10926 1067 8270 1886 10927 146 8271 146 8271 1886 10927 1265 10928 146 8271 1265 10928 883 10929 883 10929 1265 10928 882 10930 883 10931 882 10932 62 10933 1873 10792 1088 8304 1874 10794 1874 10794 1088 8304 1090 8306 1874 10794 1090 8306 1875 10796 1075 10934 1887 10935 889 10936 889 10936 1887 10935 1888 10937 1870 10789 1859 10764 1868 10787 1868 10787 1859 10764 1861 10766 1868 10787 1861 10766 1866 10938 1866 10938 1861 10766 1863 10768 1866 10939 1863 10768 1889 10940 1625 10941 1641 9828 86 10942 86 10942 1641 9828 1642 9830 86 10942 1642 9830 84 10943 1071 10889 1885 10888 1069 10944 1069 10944 1885 10888 1865 10886 1069 10944 1865 10886 1064 10817 1064 10817 1865 10886 1853 10945 1064 10817 1853 10945 1852 10816 30 10920 471 10946 877 8273 877 8273 471 10946 470 10947 877 8273 470 10947 469 10948 889 10949 1888 10950 120 10951 120 10951 1888 10950 121 10952 880 7952 879 7951 1880 10953 1880 10953 879 7951 1890 10954 1880 10953 1890 10954 1855 10751 1855 10751 1890 10954 1891 10955 1855 10751 1891 10955 1856 10752 1892 10956 1893 10957 1894 10958 1894 10958 1893 10957 1895 10959 1894 10958 1895 10959 1896 10960 1896 10960 1895 10959 1897 10961 1896 10960 1897 10961 1898 10962 1898 10962 1897 10961 1899 10963 1898 10962 1899 10963 1900 10964 1900 10964 1899 10963 1901 10965 1625 10966 869 10967 1641 10968 1641 10968 869 10967 1624 10969 1631 10970 1073 10971 1878 10972 1878 10972 1073 10971 1610 10973 1610 9703 1881 10974 38 9701 1633 1633 1883 1633 1632 1633 1632 10975 1883 10975 1902 10975 1632 10976 1902 10976 452 10976 1247 10977 1643 10978 102 10772 102 10772 1643 10978 134 10979 102 10772 134 10979 13 10773 13 10773 134 10979 1903 10980 13 10773 1903 10980 1636 10981 1636 10981 1903 10980 1904 10982 1636 10981 1904 10982 1905 10983 1905 10983 1904 10982 1903 10980 1265 10984 1886 10985 87 10986 87 10986 1886 10985 1259 10987 87 10986 1259 10987 1260 10988 508 10989 141 10990 105 10991 105 10991 141 10990 17 10992 1397 10993 1423 10994 1395 10995 1395 10995 1423 10994 1425 10996 121 6969 1906 10997 119 6967 119 6967 1906 10997 1907 10998 119 6967 1907 10998 1908 10999 1908 10999 1907 10998 1652 11000 1908 10999 1652 11000 1651 11001 1883 11002 1882 11003 1902 11004 1902 11004 1882 11003 81 11005 1902 11004 81 11005 452 11006 888 11007 1909 11008 886 11009 886 11009 1909 11008 1266 11010 886 11011 1266 11012 1268 11013 878 11014 880 11015 1910 11016 1910 11016 880 11015 1880 11017 1910 11016 1880 11017 1634 11018 1634 11019 1880 10843 1635 10842 1066 8267 139 8266 1877 11020 1877 11020 139 8266 1282 11021 1877 11022 1282 11023 1878 11024 969 11025 528 11026 1063 11027 1063 8254 528 8262 105 8261 1063 8254 105 8261 68 8255 864 7927 1395 10995 91 7925 91 7925 1395 10995 1425 10996 91 7925 1425 10996 112 11028 20 11029 7 11030 141 11031 141 11031 7 11030 115 11032 73 10918 877 8273 1620 11033 1620 11033 877 8273 1068 8272 1620 11033 1068 8272 195 8246 195 8246 1068 8272 1603 11034 195 8246 1603 11034 129 8244 876 199 1076 8285 890 7968 890 7968 1076 8285 1075 8284 890 7968 1075 8284 889 7967 1421 11035 435 11036 93 11037 93 11037 435 11036 94 11038 509 11039 1629 11040 141 11041 141 11041 1629 11040 77 11042 141 11041 77 11042 79 11043 141 11044 115 11045 17 11046 17 11047 115 11048 6 11049 1217 11050 1218 11051 1623 11052 1623 11052 1218 11051 1275 11053 1623 11052 1275 11053 1274 11054 1911 11055 1903 11056 884 7961 884 7961 1903 11057 134 11058 884 7961 134 11058 142 7959 119 7972 1908 11059 883 7970 883 7970 1908 11059 1651 11060 883 7970 1651 11060 891 7969 1912 11061 1871 10790 1913 11062 1913 11062 1871 10790 1869 10788 1913 11062 1869 10788 1914 11063 1914 11063 1869 10788 1867 10786 1914 11063 1867 10786 1112 8340 1263 11064 1251 11065 1261 11066 1261 11066 1251 11065 135 11067 1261 11068 135 11069 1643 11070 1643 11071 135 11072 134 11073 132 11074 131 11075 1884 11076 1884 11076 131 11075 1078 8288 1884 11076 1078 8288 1882 11077 1882 11077 1078 8288 81 8287 130 11078 1640 11079 131 10685 131 10685 1640 11079 1271 11080 131 10685 1271 11080 1270 10686 1275 11081 1218 9708 1277 11082 1277 11082 1218 9708 1614 9710 1277 11082 1614 9710 107 11083 182 9960 1915 11084 1668 9958 1668 9958 1915 11084 1851 11085 1668 9958 1851 11085 32 11086 32 11086 1851 11085 1850 11087 32 11086 1850 11087 1837 11088 1837 11088 1850 11087 1849 11089 1837 11088 1849 11089 131 11090 131 11090 1849 11089 78 9780 131 11090 78 9780 1078 11091 1078 11091 78 9780 82 9782 873 199 872 199 1280 199 1280 199 872 199 1630 199 1280 199 1630 199 1278 199 130 11092 1632 11093 1640 11094 1640 11094 1632 11093 1639 11095 99 11096 865 11097 128 11098 128 11098 865 11097 1074 199 1249 11099 1242 11100 1643 11101 1643 11101 1242 11100 1244 11102 1643 11103 1244 11104 1261 11105 110 11106 97 11107 111 11108 111 11108 97 11107 1224 11109 111 11108 1224 11109 1391 11110 1102 11111 110 11112 59 11113 59 11113 110 11112 1916 11114 59 11113 1916 11114 1219 11115 1219 11115 1916 11114 1917 11116 29 11117 1272 11117 471 11117 471 1633 1272 1633 1273 1633 471 1633 1273 1633 1918 1633 1918 1633 1273 1633 1639 1633 1918 11118 1639 11118 1632 11118 172 8263 160 11119 1065 8264 1065 8264 160 11119 159 11120 1065 8264 159 11120 158 11121 129 8244 114 11122 901 8245 901 8245 114 11122 97 11123 901 11124 97 11125 218 11126 218 11127 97 11128 110 11112 218 11127 110 11112 1919 11129 1919 11129 110 11112 1102 11111 1262 11130 133 11131 1264 11132 1264 11132 133 11131 1252 11133 1087 11134 1669 11135 1086 11136 1086 11136 1669 11135 1289 11137 142 7977 133 11138 57 7976 57 7976 133 11138 1262 11139 57 7976 1262 11139 170 11140 1133 8373 151 7011 240 11141 240 11141 151 7011 241 11142 204 11143 148 11143 152 11143 152 11144 148 11144 147 11144 1082 8294 1081 8293 161 8318 161 8318 1081 8293 1083 8295 161 8318 1083 8295 350 8319 1079 8290 1086 8302 1080 8291 1080 8291 1086 8302 1290 11145 1080 8291 1290 11145 126 199 1906 11146 198 11147 1907 11148 1907 11148 198 11147 1920 11149 1907 11148 1920 11149 1652 11150 1652 199 1920 11151 221 199 1652 11152 221 11152 147 11152 149 7009 151 7011 1302 11153 1302 11153 151 7011 1133 8373 1302 11153 1133 8373 1921 11154 1921 11154 1133 8373 1906 11146 1921 11154 1906 11146 1887 199 1887 199 1906 11155 121 199 1887 11156 121 11156 1888 11156 1084 8296 1284 11157 160 8297 160 8297 1284 11157 1286 11158 160 8297 1286 11158 1922 11159 1922 11159 1286 11158 1288 11160 1922 11161 1288 11162 1666 11163 1092 11164 174 11164 1246 11164 1246 11165 174 11165 165 11165 1246 464 165 464 164 464 876 199 875 11166 1638 11167 1638 11167 875 11166 1316 11168 1638 11167 1316 11168 1317 11169 1317 11170 1316 11171 1315 11172 154 7963 1091 8307 885 7962 885 7962 1091 8307 157 11173 885 7962 157 11173 156 11174 1877 11020 1923 11175 1066 8267 1066 8267 1923 11175 1924 11176 1066 8267 1924 11176 1925 11177 1925 11177 1924 11176 1926 11178 1925 11177 1926 11178 1927 11179 1927 11179 1926 11178 1928 11180 1927 11179 1928 11180 1082 11181 1082 11181 1928 11180 1644 11182 1082 8294 1644 11183 1083 8295 1905 11184 1903 11185 1929 11186 1929 11187 1903 11188 1911 11189 1929 11190 1911 11191 1930 11192 1930 11193 1911 11194 1647 11195 1930 11193 1647 11195 1931 11196 1931 11196 1647 11195 892 11197 1887 11198 1075 11199 1921 11200 1921 11200 1075 11199 1077 11201 1921 11200 1077 11201 1302 11202 1069 8275 1064 8259 1070 8276 1070 8276 1064 8259 57 8258 1070 8276 57 8258 169 11203 144 9886 1080 11204 128 9887 128 9887 1080 11204 126 11205 1649 11206 1648 11207 1932 11208 1932 11208 1648 11207 1667 11209 1932 11208 1667 11209 325 11210 1933 11211 1934 11212 1931 11213 1931 11213 1934 11212 1935 11214 1931 11213 1935 11214 1930 11215 1930 11215 1935 11214 1936 11216 1930 11215 1936 11216 1929 11217 1929 11217 1936 11216 1937 11218 1929 11217 1937 11218 1905 11219 1905 11219 1937 11218 1634 11220 1905 10983 1634 11221 1636 10981 175 7039 1938 11222 165 7037 165 11223 1938 11224 1279 11225 165 11223 1279 11225 1282 11226 1939 11227 1281 8709 1938 11228 1938 11228 1281 8709 1279 8708 875 11229 907 11230 1316 11231 1316 11231 907 11230 906 11232 161 7021 118 7023 1082 11233 1082 11233 118 7023 117 11234 1082 11233 117 11234 1927 11235 1927 11235 117 11234 1066 11236 1927 11235 1066 11236 1925 11237 875 199 126 11238 1650 11239 1650 11239 126 11238 168 11240 1650 11239 168 11240 1292 11241 1292 11241 168 11240 1293 11242 244 11243 1096 11244 1318 11245 1318 11246 1096 11247 1319 11248 160 11249 1922 11250 158 11251 158 11251 1922 11250 1666 11252 158 11251 1666 11252 1106 11253 1106 11253 1666 11252 189 11254 1106 8332 189 11255 1104 8330 911 8009 910 8008 1100 11256 1100 11256 910 8008 1645 11257 1100 11256 1645 11257 888 11258 888 11258 1645 11257 1644 11259 888 11007 1644 11260 1909 11008 896 11261 210 11262 1654 11263 1654 11263 210 11262 1653 11264 169 11265 170 11266 1250 11267 1250 11267 170 11266 1243 11268 166 464 165 464 138 464 138 11269 165 11269 163 11269 896 7980 1654 11270 895 7978 895 7978 1654 11270 1308 11271 895 7978 1308 11271 173 7981 1099 8324 1100 8326 1940 11272 1940 11272 1100 8326 888 11273 1940 11272 888 11273 1941 11274 1941 11275 888 11276 887 11277 1941 11275 887 11277 1942 11278 1138 11279 1322 11280 962 8077 962 8077 1322 11280 1097 11281 962 8077 1097 11281 913 8075 1281 9853 1939 11282 871 7938 871 7938 1939 11282 128 8282 871 7938 128 8282 872 7939 872 7939 128 8282 1073 8281 884 7961 301 7960 1911 11055 1911 11283 301 7155 303 7157 1911 11284 303 11285 1647 9873 1647 9873 303 11285 1365 11286 1647 9873 1365 11286 1363 9871 162 8998 913 9000 118 11287 118 11287 913 9000 1098 11288 118 11287 1098 11288 1092 11289 1306 11290 1091 11291 221 11292 221 11292 1091 11291 153 11293 221 11294 153 11295 152 11296 307 11297 1661 11298 308 7986 308 7986 1661 11298 200 11299 308 7986 200 11299 199 7987 1233 1633 197 1633 220 1633 220 1633 197 1633 196 1633 1915 11300 206 11301 1851 10726 1851 10726 206 11301 1658 11302 1851 10726 1658 11302 1660 10724 1321 8823 1655 9955 1943 11303 1943 11303 1655 9955 216 11304 1943 11303 216 11304 1618 11305 1618 11306 216 11307 215 11306 1618 1633 215 1633 196 1633 214 7075 216 7077 1944 11308 1944 11308 216 7077 1655 11309 1944 11308 1655 11309 908 11310 1138 11311 1345 11312 1664 9939 1664 9939 1345 11312 1356 11313 1664 9939 1356 11313 1303 9937 1669 11314 1294 11315 1289 11316 1289 11316 1294 11315 167 11317 1289 11316 167 11317 1291 11318 171 11319 1307 11320 1945 11321 1945 11321 1307 11320 1653 11322 1945 11321 1653 11322 209 11323 209 11323 1653 11322 210 11324 1322 11325 1946 11326 192 11327 192 11327 1946 11326 1326 11328 192 11327 1326 11328 1327 11329 161 11330 1096 11331 1947 11332 1947 11332 1096 11331 244 11333 208 7159 308 7161 1323 11334 1323 11334 308 7161 899 11335 1323 11334 899 11335 1665 11336 1351 11337 1354 11338 188 11339 188 11339 1354 11338 1683 11340 188 11339 1683 11340 189 11341 189 11341 1683 11340 1104 199 1102 8328 1101 8327 1919 11342 1919 11342 1101 8327 1948 11343 1919 11342 1948 11343 218 11344 303 11345 302 11346 1105 11347 1105 11347 302 11346 1072 8279 1105 11347 1072 8279 1106 11348 1106 11348 1072 8279 158 8278 1656 9957 1668 9956 1949 11349 1949 11349 1668 9956 32 11350 1949 11349 32 11350 31 11351 1096 11352 898 11353 1319 11354 1319 11355 898 11356 1296 11357 1319 11358 1296 11359 1301 11360 1301 11360 1296 11359 1298 11361 1624 9764 869 11362 1623 9762 1623 11363 869 11364 14 11365 1623 11366 14 11367 1217 11368 1217 11368 14 11367 1220 11369 1217 11368 1220 11369 1215 11370 863 9923 862 10672 185 9924 185 9924 862 10672 207 10671 185 11371 207 11372 191 11373 191 11373 207 11372 206 11374 191 11375 206 11301 182 11376 182 11376 206 11301 1915 11300 1101 11377 1232 11378 1948 11379 1948 11379 1232 11378 1320 11380 1108 11381 1663 11382 1107 11383 1107 11383 1663 11382 1670 11384 205 11385 207 11386 1950 11387 1950 11387 207 11388 1256 11389 67 10695 1095 11390 1838 10696 1838 10696 1095 11390 1094 11391 1838 10696 1094 11391 71 11392 71 11392 1094 11391 1951 11393 71 11394 1951 11395 69 11396 1231 11397 1102 11398 1854 11399 1854 11399 1102 11398 1619 11400 1906 11146 310 11401 198 11147 198 11147 310 11401 309 8837 198 11147 309 8837 1665 11402 1665 11402 309 8837 1323 8835 1097 8322 194 11403 1098 8323 1098 8323 194 11403 193 11404 1098 8323 193 11404 175 11405 175 11405 193 11404 1325 11406 175 11405 1325 11406 1938 11407 1938 11407 1325 11406 1324 11408 1938 11407 1324 11408 1939 11409 1939 11409 1324 11408 1952 11410 1939 11409 1952 11410 128 11411 219 7080 1321 11412 217 7078 217 7078 1321 11412 1943 11413 217 7078 1943 11413 1864 11414 1864 11414 1943 11413 1618 11415 1864 11414 1618 11415 1617 11416 31 7083 223 7085 1949 11417 1949 11417 223 7085 909 11418 1949 11417 909 11418 1656 11419 1110 8338 1109 8337 1227 11420 1227 11420 1109 8337 31 11421 1227 11420 31 11421 33 11422 1953 11423 1901 10965 1954 11424 1954 11424 1901 10965 1899 10963 1954 11424 1899 10963 1955 11425 1955 11425 1899 10963 1897 10961 1955 11425 1897 10961 1956 11426 1956 11426 1897 10961 1895 10959 1956 11426 1895 10959 1957 11427 1957 11427 1895 10959 1893 10957 1957 11427 1893 10957 1958 11428 1958 11428 1893 10957 1892 10956 1958 11428 1892 10956 1959 11429 1664 11430 1952 11431 1138 11279 1138 11279 1952 11431 1946 11432 1138 11279 1946 11432 1322 11280 1363 11433 358 11434 894 11435 894 11435 358 11434 359 11436 894 11435 359 11436 892 11437 892 11437 359 11436 1931 11438 1667 11439 1648 11440 1666 11441 1666 11441 1648 11440 1295 11442 1666 11441 1295 11442 189 199 222 11443 214 11444 223 8005 223 8005 214 11444 1944 11445 223 8005 1944 11445 908 8006 219 11446 218 11447 1320 11448 1320 11448 218 11447 1948 11449 1112 8340 1111 8339 1914 11063 1914 11063 1111 8339 1960 11450 1914 11063 1960 11450 1913 11062 323 11451 1666 11452 1137 11453 1137 11454 1666 11455 1288 11456 128 9887 1952 11431 201 9889 201 9889 1952 11431 1664 11430 201 199 203 8334 902 7996 902 7996 203 8334 1107 8333 902 7996 1107 8333 145 7994 68 11457 1660 9917 67 11458 67 11458 1660 9917 1659 9916 67 11458 1659 9916 1095 11459 1095 11460 1659 9916 1657 9914 1095 11460 1657 9914 1093 11461 1093 11461 1657 9914 206 9913 1093 11461 206 9913 1961 11462 1961 11462 206 9913 205 11385 1961 11462 205 11385 1951 11463 1951 11463 205 11385 1950 11387 1951 11463 1950 11387 69 11464 69 11464 1950 11387 1256 11389 69 11465 1256 11466 1962 11467 1962 11467 1256 11466 1255 11468 1962 11469 1255 11470 487 11471 487 11471 1255 11470 447 11472 208 7999 155 8001 1662 11473 1662 11473 155 8001 1306 199 1662 11473 1306 199 221 199 1946 11474 1952 11475 1326 11476 1326 11476 1952 11475 1324 11477 198 7061 200 7063 1920 11478 1920 11478 200 7063 1661 11479 1920 11478 1661 11479 221 11480 1287 11481 1286 11482 1285 11483 1285 11484 1286 11485 1284 11486 298 11487 300 11488 257 11489 257 11489 300 11488 1341 11490 257 11489 1341 11490 1342 11491 250 11492 249 11493 225 11494 225 11495 249 11496 227 11497 956 8064 934 8036 1963 11498 1963 11498 934 8036 933 8035 1963 11498 933 8035 1721 11499 295 8114 228 11500 982 8112 982 8112 228 11500 230 11501 982 8112 230 11501 502 8113 288 11502 226 11503 247 1633 247 1633 226 11503 227 11504 1309 11505 355 11505 1352 11505 1352 464 355 464 354 11506 1352 464 354 11506 1692 11507 1676 11508 1677 11509 1964 11510 1964 11510 1677 11509 1760 11511 1964 11510 1760 11511 294 11512 981 11513 980 11514 914 8013 914 8013 980 11514 1965 11515 914 8013 1965 11515 912 8011 1692 11507 354 11506 1693 11516 1693 11516 354 11506 1440 11517 1693 11516 1440 11517 1966 11518 956 11519 1367 11520 1967 11521 1967 11521 1367 11520 1968 11522 1552 11523 1550 11524 1969 11525 1969 11525 1550 11524 1551 11526 1969 11525 1551 11526 716 11527 716 11527 1551 11526 768 11528 716 11527 768 11528 1770 11529 256 11530 255 11531 1119 8353 1119 8353 255 11531 1331 11532 1119 8353 1331 11532 1120 8354 1970 11533 1558 11534 1560 11535 1560 11536 1558 11537 747 11538 1560 11536 747 11538 1557 11539 490 11540 267 11541 260 11542 260 11543 267 11544 261 11545 1329 8860 1134 8861 317 7173 317 7173 1134 8861 1133 11546 317 7173 1133 11546 240 7171 1161 11547 938 11548 299 11549 299 11549 938 11548 937 11550 299 11549 937 11550 300 11551 919 11552 1971 11553 1678 11554 1678 11554 1971 11553 427 11555 1678 11554 427 11555 535 11556 235 11557 1972 11558 236 11559 236 11559 1972 11558 1973 11560 236 11559 1973 11560 1036 8485 1332 11561 985 11562 912 11563 912 11564 985 11565 984 11566 232 11567 1558 11568 233 11569 233 11570 1558 11571 1970 11572 233 11573 1970 1633 925 11574 925 11575 1970 11576 1542 11577 925 11575 1542 11577 923 11578 286 11579 288 11580 246 11581 246 11582 288 11583 247 11584 240 11585 239 11586 1347 11587 1347 11587 239 11586 1346 11588 242 11589 231 11590 1974 11591 1974 11591 231 11590 304 11592 1974 11591 304 11592 939 11593 1975 11594 1976 11595 1702 11596 1702 11596 1976 11595 1977 11597 1702 11596 1977 11597 1700 11598 918 11599 251 11600 919 11601 919 11601 251 11600 253 11602 919 11552 253 11603 1971 11553 1353 11604 1978 11605 1350 11606 1350 11606 1978 11605 987 11607 1350 11606 987 11607 1349 11608 1979 11609 1980 11610 1981 11611 1981 11611 1980 11610 1982 11612 1981 11611 1982 11612 1983 11613 1983 11613 1982 11612 1984 11614 1983 11613 1984 11614 1985 11615 1135 11616 951 8055 1986 11617 1986 11617 951 8055 475 8057 1986 11617 475 8057 527 11618 1314 11619 1312 11620 245 11621 245 11621 1312 11620 243 11622 243 11623 1367 11520 244 11624 244 11624 1367 11520 956 11519 244 11624 956 11519 264 11625 264 11625 956 11519 1963 11626 264 11625 1963 11626 1721 11627 272 11628 242 11629 273 8041 273 8041 242 11629 1974 11630 273 8041 1974 11630 939 8042 1333 11631 1332 11632 1965 11633 1965 11633 1332 11632 912 199 515 9270 1125 9271 1987 11634 1987 11635 1125 11636 938 11548 1987 11635 938 11548 515 7402 515 7402 938 11548 1161 11547 515 7402 1161 11547 1160 11637 293 11638 1778 11639 1969 11525 1969 11525 1778 11639 744 11640 1969 11525 744 11640 1552 11523 1988 11641 238 11642 481 11643 481 7353 238 11644 237 7351 271 7130 273 7132 1989 11645 1989 11645 273 7132 940 11646 1989 11645 940 11646 1690 11647 758 11648 1990 11649 331 11650 331 11650 1990 11649 1991 11651 331 11650 1991 11651 1515 11652 495 7368 1992 11653 493 7366 493 7366 1992 11653 1993 11654 493 7366 1993 11654 1700 11655 1700 11656 1993 11657 1994 11658 1700 10127 1994 11659 1701 10128 725 11660 1995 11661 1673 11662 1673 11662 1995 11661 1674 11663 1996 11664 1971 11665 665 8084 665 8084 1971 11665 253 11666 665 8084 253 11666 252 8085 1953 11423 1997 11667 1901 10965 1901 10965 1997 11667 1998 11668 1901 10965 1998 11668 1900 10964 1135 11669 1986 11670 1147 11671 1147 11671 1986 11670 1972 11672 1335 11673 1999 11674 287 11675 287 11675 1999 11674 288 11676 1718 11677 1717 11677 2000 11677 2000 464 1717 464 349 464 2000 11678 349 11678 2001 11678 1131 11679 1130 11680 284 11681 284 11681 1130 11680 285 11682 2002 11683 1718 11684 2003 11685 2003 11686 1718 11687 2000 11688 229 8016 916 8015 230 11689 230 11689 916 8015 2004 11690 230 11689 2004 11690 2005 11691 1114 8345 1117 8350 946 8346 946 8346 1117 8350 1116 8349 946 8346 1116 8349 402 11692 402 11693 1116 11694 995 8130 402 11693 995 8130 1165 11695 1165 11695 995 8130 496 8129 318 11696 269 11697 279 11698 279 11699 269 11700 281 11701 292 11702 1545 11703 293 11638 293 11638 1545 11703 1547 11704 293 11638 1547 11704 1778 11639 1349 11705 987 11706 1386 11707 1386 11707 987 11706 986 11708 1386 11707 986 11708 1383 11709 1383 11709 986 11708 2006 11710 1383 11709 2006 11710 1382 11711 1382 11711 2006 11710 252 11712 1382 11711 252 11712 251 11713 936 11714 1341 11715 937 11716 937 11716 1341 11715 300 11717 2007 11718 927 8027 297 7150 297 7150 927 8027 926 8026 297 7150 926 8026 276 7148 276 7148 926 8026 928 8028 1365 11719 258 11720 1364 11721 1364 11721 258 11720 1340 11722 1364 11721 1340 11722 1124 8358 1124 8358 1340 11722 936 8038 1124 8358 936 8038 1125 8359 1125 8359 936 8038 938 8040 1992 11723 2008 11724 1978 11725 1978 11725 2008 11724 503 11726 1978 11725 503 11726 987 11727 1673 11662 282 11728 725 11660 725 11660 282 11728 281 11729 725 11730 281 11731 269 8033 1335 11673 1337 11732 1999 11674 1999 11733 1337 11734 1370 11735 1999 11733 1370 11735 374 11736 294 11737 293 11738 1964 11739 1964 11739 293 11738 1675 10009 1964 11739 1675 10009 1676 10011 304 8369 231 11740 931 8370 931 8370 231 11740 233 11741 931 8031 233 11742 929 8029 1769 10450 2009 11743 1768 10448 1768 10448 2009 11743 2010 11744 1768 10448 2010 11744 716 11745 716 11745 2010 11744 2011 11746 716 11745 2011 11746 1969 11747 1969 11747 2011 11746 2012 11748 1969 11747 2012 11748 293 11749 293 11749 2012 11748 2013 11750 293 11749 2013 11750 1675 11751 1675 11751 2013 11750 1375 11752 224 8360 1530 10010 1127 8361 1127 8361 1530 10010 1675 10009 1127 8361 1675 10009 1375 11753 1862 10767 1876 10797 1863 10768 1863 10768 1876 10797 1875 10796 1863 10768 1875 10796 1889 10940 1889 10940 1875 10796 1090 8306 1889 10940 1090 8306 2014 11754 2014 11754 1090 8306 1089 8305 2014 11754 1089 8305 2015 11755 2015 11755 1089 8305 2016 11756 2016 11756 1089 8305 2017 11757 2017 11757 1089 8305 1088 8304 2017 11757 1088 8304 2018 11758 2018 11758 1088 8304 1873 10792 2018 11758 1873 10792 2019 11759 2019 11759 1873 10792 1872 10791 2019 11759 1872 10791 2020 11760 330 11761 332 11762 1516 11763 1516 11763 332 11762 1517 11764 1133 8373 941 8372 1906 11146 1906 11146 941 8372 1682 11765 1906 11146 1682 11765 310 11401 1953 11423 2021 11766 1997 11667 1997 11667 2021 11766 1123 8357 1997 11667 1123 8357 1998 11668 1374 11767 1373 11768 1689 11769 1689 11769 1373 11768 1725 11770 1689 11769 1725 11770 2022 11771 2023 11772 176 11773 2024 11774 2024 11774 176 11773 1352 11775 2024 11774 1352 11775 1692 11776 179 7041 181 7043 897 11777 897 11777 181 7043 1968 11778 897 11777 1968 11778 1367 11779 1311 10081 1313 199 898 10082 898 10082 1313 199 1344 11780 898 11781 1344 11782 1296 11783 306 11784 305 11785 326 11786 326 11786 305 11785 254 11787 1979 11609 1981 11611 2025 11788 2025 11788 1981 11611 1983 11613 2025 11788 1983 11613 2026 11789 2026 11789 1983 11613 1985 11615 2026 11789 1985 11615 2027 11790 1123 8357 1122 8356 1998 11668 1998 11668 1122 8356 2028 11791 1998 11668 2028 11791 1900 10964 1900 10964 2028 11791 2029 11792 1900 10964 2029 11792 1898 10962 1898 10962 2029 11792 2030 11793 1898 10962 2030 11793 1896 10960 1896 10960 2030 11793 2031 11794 1896 10960 2031 11794 1894 10958 1344 11795 245 11796 1296 11797 1296 11798 245 11799 1297 11800 1642 11801 1917 11802 84 11803 84 11803 1917 11802 2032 11804 84 11803 2032 11804 1627 11805 1627 11805 2032 11804 513 11806 2033 11807 456 11808 1424 11809 1424 11809 456 11808 1128 11810 1424 11809 1128 11810 1150 11811 1150 11811 1128 11810 1392 11812 905 8002 1294 11315 1663 10080 1663 10080 1294 11315 1669 11314 1663 10080 1669 11314 1670 11813 1670 11813 1669 11314 1646 11814 1670 11813 1646 11814 143 11815 316 11816 962 11817 317 11818 317 11819 962 11820 912 11821 317 11822 912 11823 1329 11823 271 9526 1989 11824 2034 11825 2034 11825 1989 11824 1690 11826 2034 11825 1690 11826 306 11827 306 11827 1690 11826 304 11828 314 11829 313 11830 1343 11830 1330 11831 1369 11832 244 11833 244 11333 1369 11834 1368 11835 244 11333 1368 11835 1947 11332 1947 11332 1368 11836 162 11837 1947 11332 162 11837 161 11330 1104 8330 2035 11838 1105 8331 1105 8331 2035 11838 918 11839 1105 8331 918 11839 303 11840 303 11841 918 11842 917 8351 303 11841 917 8351 1328 11843 1328 11843 917 8351 298 7152 950 10118 2023 11844 1694 10116 1694 10116 2023 11844 2024 11845 1694 10116 2024 11845 1692 10114 361 11846 360 11847 2036 11848 2036 11848 360 11847 1132 11849 2036 11848 1132 11849 2037 11850 2037 11850 1132 11849 2038 11851 357 11852 322 11853 334 11854 334 11854 322 11853 943 11855 334 11856 943 11857 335 11858 527 11859 706 11860 1188 11861 1188 11861 706 11860 705 11862 713 11863 712 8048 314 11864 314 11864 712 8048 944 8047 314 11864 944 8047 315 11865 315 11865 944 8047 1521 11866 1401 11867 1400 11868 438 11869 438 11870 1400 11871 436 11872 1116 11873 1338 11874 995 11874 995 11875 1338 11875 1139 11875 995 1633 1139 1633 996 1633 996 11876 1139 11876 469 11876 957 8065 956 8064 1358 8964 1358 8964 956 8064 1967 11877 1358 8964 1967 11877 1359 8966 1359 8966 1967 11877 1968 11878 1359 8966 1968 11878 181 8965 1137 8378 1287 11879 324 8379 324 11880 1287 11881 1285 11882 324 11880 1285 11882 1945 11321 1945 11321 1285 11882 1283 11883 1945 11321 1283 11883 171 11319 2039 11884 2037 11885 2032 11886 2032 11886 2037 11885 2038 11887 1706 11888 1705 11889 1388 11890 1388 11890 1705 11889 1389 11891 635 11892 637 11893 641 11894 641 11894 637 11893 2040 11895 641 11894 2040 11895 1330 11896 976 11897 1695 11898 921 8060 921 8060 1695 11898 351 11899 921 8060 351 11899 952 8058 952 8058 351 11899 1673 11900 1140 11901 367 11902 98 11903 98 11904 367 11905 455 11906 98 6934 455 11907 96 6932 2041 11908 2015 11755 1121 8355 1121 8355 2015 11755 2016 11756 1121 8355 2016 11756 1122 8356 1122 8356 2016 11756 2017 11757 1122 8356 2017 11757 2028 11791 2028 11791 2017 11757 2018 11758 2028 11791 2018 11758 2029 11792 2029 11792 2018 11758 2019 11759 2029 11792 2019 11759 2030 11793 2030 11793 2019 11759 2020 11760 2030 11793 2020 11760 2031 11794 2031 11794 2020 11760 2042 11909 2031 11794 2042 11909 1894 10958 1894 10958 2042 11909 2043 11910 1894 10958 2043 11910 1892 10956 1892 10956 2043 11910 2044 11911 1892 10956 2044 11911 1959 11429 1959 11429 2044 11911 2045 11912 375 11913 374 11914 1371 11915 1371 11916 374 11917 1370 11918 1866 11919 1889 10940 2046 11920 2046 11920 1889 10940 2014 11754 2046 11920 2014 11754 2047 11921 2047 11921 2014 11754 2015 11755 2047 11921 2015 11755 2048 11922 2048 11922 2015 11755 2041 11908 1385 11923 1381 11924 1348 11925 1348 11925 1381 11924 2035 11926 1348 11925 2035 11926 1104 199 297 7150 1141 11927 2007 11718 2007 11718 1141 11927 949 8053 2007 11718 949 8053 1966 11928 1966 11928 949 8053 948 8052 1966 11928 948 8052 1693 11929 332 11930 331 11931 1505 11932 1505 11933 331 11650 1515 11652 1505 11934 1515 11935 1507 11936 1507 11936 1515 11935 1513 11937 1099 8324 2049 11938 911 8325 911 8325 2049 11938 2050 11939 911 8325 2050 11939 338 7202 338 7202 2050 11939 344 7200 1380 11940 1382 11941 918 11942 918 11943 1382 11944 251 11945 1385 11946 1386 11947 1381 11948 1381 11949 1386 11950 1383 11951 357 11952 368 11953 370 11954 370 11955 368 11956 369 11957 350 8010 911 8009 348 11958 348 11958 911 8009 338 11959 348 11958 338 11959 349 11960 349 11960 338 11959 337 11961 349 11960 337 11961 2001 11962 2001 11962 337 11961 2051 11963 2001 11962 2051 11963 2000 11688 2000 11688 2051 11963 2052 11964 2000 11688 2052 11964 2003 11686 303 11965 1328 11966 1365 11719 1365 11719 1328 11966 259 11967 1365 11719 259 11967 258 11720 345 11968 415 11969 1142 11970 1142 11971 415 11972 1390 11973 976 8104 921 8021 977 8105 977 8105 921 8021 920 8020 331 11974 444 11975 340 11976 340 11977 444 11978 1404 11977 340 59 1404 59 420 59 1978 11725 2053 11979 1992 11723 1992 11723 2053 11979 324 11980 1992 11723 324 11980 1993 11981 1993 11981 324 11980 1945 11982 1993 11981 1945 11982 1994 11983 1994 11983 1945 11982 209 11984 1994 11983 209 11984 1701 11985 1701 11985 209 11984 309 7162 1701 11985 309 7162 356 11986 356 11986 309 7162 311 7164 347 11987 346 11988 2054 11989 2054 11989 346 11988 1753 11990 2054 11989 1753 11990 1754 11991 913 11992 1369 11993 914 11994 914 11994 1369 11993 1330 11896 914 11994 1330 11896 981 11995 981 11995 1330 11896 2040 11895 942 199 941 8372 2055 11996 2055 11996 941 8372 1134 8374 2055 11996 1134 8374 1728 11997 918 199 2035 11926 1380 11998 1380 11998 2035 11926 1381 11924 325 11999 324 12000 1932 12001 1932 12001 324 12000 2053 12002 359 12003 177 12004 1931 11213 1931 11213 177 12004 176 11773 1931 11213 176 11773 1933 11211 1933 11211 176 11773 2023 11772 1933 11211 2023 11772 2056 12005 2056 12005 2023 11772 1141 12006 2056 12005 1141 12006 289 12007 289 12007 1141 12006 274 12008 289 12007 274 12008 290 12009 1663 10080 1085 8301 905 8002 905 8002 1085 8301 241 8300 905 8002 241 8300 906 8003 1353 11604 960 8070 1978 11605 1978 11605 960 8070 959 8069 1978 11605 959 8069 2053 12002 2053 12002 959 8069 1649 12010 2053 12002 1649 12010 1932 12001 285 12011 361 12012 283 12013 283 12013 361 12012 2036 12014 330 12015 706 12016 331 12017 331 12018 706 11860 527 11859 331 12019 527 12020 445 12021 445 12022 527 12023 474 12024 354 12025 353 12026 1362 12026 1362 464 353 464 358 464 1362 12027 358 12027 1363 12027 935 12028 934 12029 1716 12030 1716 12030 934 12029 957 12031 957 8313 1358 12032 180 8314 950 12033 949 12034 2023 12035 2023 12035 949 12034 1141 12036 1141 8395 297 12037 275 8396 1145 12038 1707 12039 1144 12040 1144 12040 1707 12039 1488 12041 2057 12042 2058 12043 366 12044 366 12044 2058 12043 1401 12045 366 12044 1401 12045 438 12046 286 1633 246 1633 557 12047 557 12047 246 1633 312 12048 557 12047 312 12048 248 12049 947 12050 2034 12051 1687 12052 1687 12052 2034 12051 306 12053 1687 12052 306 12053 1339 12054 526 7416 932 12055 524 12056 524 12056 932 12055 268 12057 524 12058 268 12059 282 12060 437 10042 455 10040 438 12046 438 12046 455 10040 367 12061 438 12046 367 12061 366 12044 686 12062 377 12063 2059 12064 2059 12064 377 12063 682 12065 1701 12066 356 8389 238 12067 238 12067 356 8389 370 8388 238 12067 370 8388 229 8016 229 8016 370 8388 335 11858 229 8016 335 11858 915 8014 915 8014 335 11858 943 11857 245 12068 244 12069 1297 12070 1297 12070 244 12069 1318 12071 1297 12072 1318 12073 1299 12074 1299 12074 1318 12073 1300 12075 1460 12076 1442 12077 537 12078 537 12078 1442 12077 351 11899 864 12079 454 7323 2033 12080 2033 12080 454 7323 456 7325 422 12081 343 12082 421 12083 1446 12084 1445 12085 1393 12086 1393 12087 1445 12088 1394 12089 1224 12090 91 12091 1391 12092 1391 12092 91 12091 90 12093 1391 12092 90 12093 1392 12094 1392 12094 90 12093 92 12095 1392 12094 92 12095 1150 12096 387 8403 1144 8406 968 8404 968 8404 1144 8406 1487 12097 968 8404 1487 12097 660 199 1419 12098 1727 12099 385 12100 385 12100 1727 12099 542 12101 385 12102 542 12103 328 12104 1402 12105 112 12106 1424 12107 1424 12108 112 12109 1425 12110 1726 12111 1725 12112 2013 11750 2013 11750 1725 12112 1373 12113 2013 11750 1373 12113 1375 11752 398 12114 389 12115 339 12116 339 12116 389 12115 390 12117 1388 12118 1390 12119 2060 12120 2060 12120 1390 12119 415 199 416 12121 1378 12122 417 12123 417 12123 1378 12122 1405 12124 511 12125 510 12126 2013 12127 2013 12127 510 12126 523 12128 2013 12129 523 12130 1726 12131 1361 12132 411 8072 1360 12133 1360 12133 411 8072 961 8074 460 12134 504 12135 458 12136 458 12137 504 12138 2061 12139 458 12140 2061 12141 459 12142 455 12143 454 7323 96 12144 96 12144 454 7323 864 12079 375 7232 1146 12145 373 7230 373 7230 1146 12145 1154 12146 373 7230 1154 12146 1708 12147 1708 12147 1154 12146 94 12148 1708 12147 94 12148 434 12149 1403 12150 419 12151 1404 12152 1404 12153 419 12154 420 12155 463 8400 1412 12156 1143 8401 1143 8401 1412 12156 1753 12157 1143 8401 1753 12157 1415 12158 424 12159 343 12160 546 12161 546 12162 343 12163 1695 12164 546 12162 1695 12164 536 12165 427 12166 426 12167 534 12168 534 12168 426 12167 1436 12169 1642 11801 107 12170 1917 11802 1917 11802 107 12170 1614 12171 1917 11802 1614 12171 1219 12172 398 12173 397 12173 389 12173 389 1633 397 1633 462 1633 555 7474 557 7476 2022 12174 2022 12174 557 7476 248 12175 2022 12174 248 12175 1689 12176 1121 8355 2062 12177 2041 11908 2041 11908 2062 12177 2063 12178 2041 11908 2063 12178 2048 11922 2048 11922 2063 12178 1113 8341 2048 11922 1113 8341 2047 11921 2047 11921 1113 8341 1112 8340 2047 11921 1112 8340 2046 11920 2046 11920 1112 8340 1867 10786 2046 11920 1867 10786 1866 11919 1442 12179 525 12180 2064 12181 2064 12182 525 12183 524 12184 2064 12182 524 12184 282 12185 2060 12186 637 12187 645 12188 645 12188 637 12187 1017 12189 416 12190 540 12191 1378 12192 1378 12192 540 12191 1155 12193 381 10094 380 12194 1691 10095 1691 12195 380 12196 473 12197 1684 12198 1703 10156 1686 12199 1686 12199 1703 10156 1709 10158 1686 12199 1709 10158 1160 199 445 12200 1136 8377 1688 12201 1688 12201 1136 8377 1135 8376 1688 12201 1135 8376 1147 12202 363 8067 958 8066 1156 8430 1156 8430 958 8066 928 12203 1156 8430 928 12203 927 8431 351 11899 1442 12077 1673 11900 1673 11900 1442 12077 2064 12204 1673 11900 2064 12204 282 12205 2065 12206 2058 12207 1148 8412 1148 8412 2058 12207 2057 12208 1148 8412 2057 12208 397 8413 397 8413 2057 12208 462 12209 109 9070 1392 9068 319 12210 319 12210 1392 9068 1128 12211 319 12210 1128 12211 320 12212 341 12213 457 12214 1406 12215 1406 12215 457 12214 343 12216 283 12217 2036 12218 2039 12219 2039 12219 2036 12218 2037 12220 963 12221 283 12222 1387 12223 1387 12223 283 12222 2039 12224 1387 12223 2039 12224 1679 12225 1679 12225 2039 12224 2032 12226 1679 12225 2032 12226 1917 12227 341 12228 352 12229 428 12230 428 12231 352 12232 396 12233 428 12234 396 12235 395 12236 362 12237 364 12238 1454 12239 1454 12239 364 12238 1453 12240 1372 12241 428 12242 538 9087 538 9087 428 12242 395 12243 538 9087 395 12243 1399 9085 1438 12244 1449 12245 639 12246 639 12247 1449 12248 634 12249 686 12250 501 12251 2066 12252 2066 12253 501 12254 502 12255 1321 8823 1232 8821 1154 8424 1154 8424 1232 8821 1230 12256 1154 8424 1230 12256 1605 10884 1605 10884 1230 12256 1231 12257 1605 10884 1231 12257 1854 12258 1684 12259 672 12260 1703 12261 1703 12261 672 12260 1704 12262 402 12263 404 12264 947 12050 947 12050 404 12264 977 12265 947 12050 977 12265 2034 12051 419 12266 1403 12266 397 12266 397 12267 1403 12267 446 12267 375 8408 1371 12268 556 8409 556 8409 1371 12268 1336 12269 556 8409 1336 12269 557 12270 970 8095 969 8094 498 12271 498 12271 969 8094 1838 10696 498 12271 1838 10696 477 12272 477 12272 1838 10696 71 11392 477 12272 71 11392 472 12273 456 8100 1408 10041 974 8101 974 8101 1408 10041 393 12274 974 8101 393 12274 2058 12043 2058 12043 393 12274 392 12275 2058 12043 392 12275 1401 12045 462 12276 2057 12277 461 12278 461 12278 2057 12277 366 12279 461 12278 366 12279 365 12280 538 12281 537 12282 1372 12283 1372 12284 537 12285 351 12286 1372 12287 351 12288 352 12289 468 10101 467 12290 431 10103 431 10103 467 12290 1416 12291 431 10103 1416 12291 978 12292 445 12293 474 12294 1136 8377 1136 8377 474 12294 476 12295 1136 8377 476 12295 951 8375 496 12296 452 12297 497 12298 497 12298 452 12297 451 12299 407 12300 406 12301 2005 12302 2005 12303 406 12304 450 12305 2005 11691 450 12306 230 11689 1154 8424 1153 8423 1321 8823 1321 8823 1153 8423 213 12307 1321 8823 213 12307 212 9954 1257 12308 1434 12309 1255 12310 1255 12311 1434 12312 511 12125 1255 12311 511 12125 447 8419 447 8419 511 12125 2013 12127 447 8419 2013 12127 1152 8417 1152 8417 2013 12127 2012 12313 1152 8417 2012 12313 448 8418 448 8418 2012 12313 2011 12314 448 8418 2011 12314 379 12315 379 12315 2011 12314 2010 12316 379 12315 2010 12316 932 8032 932 8032 2010 12316 2009 12317 932 8032 2009 12317 269 8033 269 8033 2009 12317 1769 12318 269 8033 1769 12318 725 11730 1422 1633 1398 1633 1424 1633 1424 1633 1398 1633 1396 1633 1424 1633 1396 1633 2033 1633 1629 9790 509 12319 1628 9788 1628 9788 509 12319 533 12320 1628 9788 533 12320 976 12321 976 12321 533 12320 536 12322 976 11897 536 12323 1695 11898 531 12324 1727 12325 1723 12326 1723 12326 1727 12325 1419 12327 1723 12328 1419 12329 955 12330 955 12331 1419 12332 1418 12333 955 8063 1418 12334 953 8061 1155 8427 514 8426 2067 12335 2067 12335 514 8426 1378 9030 2067 12335 1378 9030 1155 8427 1366 12336 1755 12337 414 12338 414 12338 1755 12337 1411 12339 414 12338 1411 12339 415 12340 415 12340 1411 12339 465 12341 1754 12342 1755 12343 2054 12344 2054 12344 1755 12343 1366 12345 2054 12344 1366 12345 347 12346 2062 12177 2068 12347 2063 12178 2063 12178 2068 12347 2069 12348 2063 12178 2069 12348 1113 8341 1113 8341 2069 12348 2070 12349 1113 8341 2070 12349 1111 8339 1111 8339 2070 12349 2071 12350 1111 8339 2071 12350 1960 11450 1424 1633 1150 12351 1402 12352 1402 12353 1150 12354 1149 12355 429 7284 431 7286 1443 12356 1443 12356 431 7286 979 12357 1443 12356 979 12357 983 12358 513 12359 1420 12360 1627 9786 1627 9786 1420 12360 1426 12361 1627 9786 1426 12361 1245 9784 2072 12362 374 12363 1131 12364 1131 8367 374 12365 967 12366 1131 8367 967 12366 1132 8368 1132 8368 967 12366 513 12367 1132 12368 513 11806 2038 12369 2038 12369 513 11806 2032 11804 1430 199 1431 12370 1443 12371 1443 12371 1431 12370 1711 12372 1443 12371 1711 12372 429 12373 545 12374 554 12375 543 12376 543 12377 554 12378 1457 12379 970 12380 1442 12077 971 10265 971 10265 1442 12077 1460 12076 971 10265 1460 12076 547 10263 1378 12381 708 8907 1405 12382 1405 12382 708 8907 480 8905 1405 12382 480 8905 541 12383 541 12383 480 8905 479 1633 541 7444 479 12384 539 7442 261 12385 989 12386 2073 12387 2073 12387 989 12386 991 12388 2073 12387 991 12388 363 12389 487 12390 488 12391 472 12392 472 12392 488 12391 447 12393 472 12392 447 12393 2074 12394 2074 12394 447 12393 449 12395 2074 12394 449 12395 472 12392 2075 12396 2076 12397 2077 12398 2077 12398 2076 12397 972 12399 2077 12398 972 12399 1977 12400 1977 12401 972 8097 973 8099 363 12402 991 12403 639 12404 639 12404 991 12403 1437 12405 503 8120 460 12406 986 8118 986 8118 460 12406 1490 12407 986 8118 1490 12407 2006 12408 2006 12408 1490 12407 678 12409 2006 12408 678 12409 252 12410 425 12411 427 12412 1751 12413 1751 12413 427 12412 1971 11665 1751 12413 1971 11665 2078 12414 2078 12414 1971 11665 722 9445 261 12415 2073 12416 262 12417 262 12418 2073 12387 363 12389 262 12418 363 12389 640 12419 640 12420 363 12421 961 12422 1434 12423 507 12424 511 12425 511 12426 507 12427 506 12428 494 8421 493 8435 654 8422 654 8422 493 8435 1159 8434 654 8422 1159 8434 973 12429 973 12429 1159 8434 1158 8433 973 12429 1158 8433 1977 12430 1977 11597 1158 8433 493 8435 1977 11597 493 8435 1700 11598 424 7449 547 7451 988 12431 988 12431 547 7451 1460 12432 988 12431 1460 12432 1461 12433 421 7425 988 12434 500 7376 500 12435 988 12436 1461 12437 500 12438 1461 12439 394 12440 1724 12441 1726 12131 1257 12308 1257 12308 1726 12131 523 12130 1257 12308 523 12130 1434 12309 451 12442 453 12443 441 12444 441 12445 453 12446 1253 12447 1456 12448 364 12449 990 12450 990 12451 364 12452 634 12453 404 8103 403 12454 976 8104 976 8104 403 12454 1394 12455 976 8104 1394 12455 1628 12456 1628 12456 1394 12455 1445 12457 1628 12456 1445 12457 1626 12458 1626 12458 1445 12457 1413 12459 1626 10913 1413 12460 443 10914 388 7400 515 7402 1709 12461 1709 12461 515 7402 1160 11637 517 12462 555 12463 518 12464 518 12464 555 12463 2022 11771 518 12464 2022 11771 994 12465 994 12465 2022 11771 1725 11770 509 12466 508 12467 533 12468 533 12468 508 12467 529 12469 552 12470 1428 12471 263 12472 263 12473 1428 12474 966 12475 299 12476 1435 12477 1161 8436 1161 8436 1435 12477 1433 12478 1161 8436 1433 12478 1162 8437 686 12479 2076 12397 501 8439 501 8439 2076 12397 2075 12396 501 8439 2075 12396 1163 8440 1163 8440 2075 12396 2077 12480 1163 8440 2077 12480 1988 12481 1384 12482 1361 12483 485 12484 485 12484 1361 12483 1157 12485 485 12484 1157 12485 486 12486 486 12486 1157 12485 1441 12487 486 12486 1441 12487 532 12488 532 12488 1441 12487 1126 12489 532 12488 1126 12489 1155 12490 267 12491 490 12492 265 12493 265 12494 490 7363 492 7365 265 12494 492 7365 266 12495 266 12495 492 7365 1719 12496 274 7133 276 7135 2079 12497 2079 12497 276 7135 928 12498 2079 12497 928 12498 958 12499 1448 12500 1447 12501 521 12502 521 12503 1447 12504 519 12505 2080 1633 1917 12506 1681 1633 1681 1633 1917 12506 110 1633 935 10234 1716 12507 1722 10232 1722 10232 1716 12507 1715 12508 1722 10232 1715 12508 264 10230 1440 11517 1441 12509 1966 11518 1966 11518 1441 12509 1157 8432 1966 11518 1157 8432 2007 464 2007 464 1157 8432 927 8431 1443 12510 983 8115 1334 12511 1334 12511 983 8115 985 8117 969 12512 971 12513 528 12514 528 12514 971 12513 1729 12515 528 12514 1729 12515 529 12516 529 12517 1729 12518 546 12519 529 12517 546 12519 536 12520 525 7415 498 12521 526 7416 526 7416 498 12521 1714 10207 526 7416 1714 10207 932 12055 932 12055 1714 10207 379 10206 1702 11596 238 11642 1975 11594 1975 11594 238 11642 1988 11641 1975 11594 1988 11641 1976 11595 1976 11595 1988 11641 2077 12522 1976 11595 2077 12522 1977 11597 958 12523 362 12524 2079 12525 2079 12525 362 12524 1455 12526 2079 12525 1455 12526 274 12008 274 12008 1455 12526 990 8125 274 12008 990 8125 290 12009 290 12009 990 8125 989 8124 290 12009 989 8124 2081 12527 448 12528 1691 12195 449 12529 449 12529 1691 12195 473 12197 449 12529 473 12197 472 12530 1182 8466 2082 12531 2083 12532 2083 12532 2082 12531 2084 12533 2083 12532 2084 12533 2085 12534 2085 12534 2084 12533 2086 12535 2085 12534 2086 12535 1958 11428 2040 12536 637 12187 2087 12537 2087 12537 637 12187 2060 12186 2087 12537 2060 12186 2040 12536 2040 12536 2060 12186 415 12538 2040 12536 415 12538 981 8110 981 8110 415 12538 465 8111 980 199 1429 12539 1965 11633 1965 11633 1429 12539 1444 12540 1965 11633 1444 12540 1333 11631 1450 199 1439 199 990 199 990 199 1439 199 1437 199 990 199 1437 199 991 199 980 199 465 199 1713 199 1713 12541 465 12541 464 12541 1713 12542 464 12542 1712 12542 1712 12543 464 12543 1432 12543 1408 12544 1407 12545 393 12546 393 12546 1407 12545 550 12547 1718 12548 2088 12549 1720 12550 1720 12550 2088 12549 2089 12551 1720 12552 2089 12553 2090 12554 2090 12554 2089 12553 2091 12555 2090 12554 2091 12555 2092 12556 2092 12556 2091 12555 2081 12527 2092 12556 2081 12527 2093 12557 2093 12557 2081 12527 989 8124 2093 12557 989 8124 2092 12556 993 1633 992 12558 2094 12559 2094 12559 992 12558 2095 12560 2094 12559 2095 12560 516 12561 1724 10251 1257 12562 992 8127 992 8127 1257 12562 1258 12563 992 8127 1258 12563 2095 12564 2095 12564 1258 12563 1835 12565 2095 12564 1835 12565 2096 12566 2096 12566 1835 12565 862 12567 2096 12566 862 12567 861 12568 413 8445 1165 8442 1393 12569 1393 12569 1165 8442 1164 8441 1393 12569 1164 8441 1446 12570 471 12571 1918 12572 469 12573 469 12573 1918 12572 1632 12574 469 12573 1632 12574 996 12575 996 12575 1632 12574 452 12576 996 8131 452 12577 496 8129 483 12578 539 12579 478 12580 478 12580 539 12579 479 12581 1459 12582 1730 12583 1458 12584 1458 12584 1730 12583 1728 12585 1458 12584 1728 12585 983 12586 1452 12587 1451 12587 1455 12587 1455 199 1451 199 1456 199 1455 199 1456 199 990 199 522 199 553 199 551 199 551 199 553 199 1427 199 551 12588 1427 12588 552 12588 552 199 1427 199 1428 199 343 12589 421 12590 384 12591 384 12592 421 7425 499 7375 943 12593 942 12594 915 12595 915 12596 942 12597 2055 12598 915 12596 2055 12598 916 12599 916 12599 2055 12598 1728 12600 916 12599 1728 12600 2004 12601 2004 12601 1728 12600 1730 10267 2004 12601 1730 10267 2005 12602 2005 12602 1730 10267 1417 9149 2097 12603 2027 11790 2098 12604 2098 12604 2027 11790 1985 11615 2098 12604 1985 11615 2099 12605 2099 12605 1985 11615 1984 11614 2099 12605 1984 11614 2100 12606 2100 12606 1984 11614 1982 11612 2100 12606 1982 11612 586 12607 586 12607 1982 11612 1980 11610 395 12608 394 12609 1399 12610 1399 12611 394 12612 500 12613 483 12614 489 7426 539 12615 539 12615 489 7426 532 7428 861 12616 1153 8423 2096 12617 2096 12617 1153 8423 1146 8410 2096 12617 1146 8410 2095 12560 2095 12560 1146 8410 556 8409 2095 12560 556 8409 516 12561 1979 11609 2086 12535 1980 11610 1980 11610 2086 12535 2084 12533 1980 11610 2084 12533 2101 12618 2101 12618 2084 12533 2082 12531 516 12619 518 12620 2094 12621 2094 12622 518 12623 994 12624 2094 12622 994 12624 993 12625 502 12626 230 12627 2102 12628 2102 12628 230 12627 450 12629 2102 12628 450 12629 376 12630 491 12631 965 12632 492 12633 492 12633 965 12632 1427 12634 492 12633 1427 12634 1719 12635 1719 10226 1427 12636 553 10218 1719 10226 553 10218 1717 10224 1717 10224 553 10218 1716 10219 1717 10224 1716 10219 349 12637 349 12637 1716 10219 957 12638 349 12637 957 12638 350 8319 350 8319 957 12638 179 7983 350 8319 179 7983 1096 8320 1096 8320 179 7983 898 7985 266 12639 1719 12640 267 12641 267 12641 1719 12640 1720 12642 267 12641 1720 12642 261 12643 261 12644 1720 12645 2090 12646 261 12647 2090 12648 989 12649 989 12650 2090 12651 2092 12652 549 12653 495 7368 554 12654 554 12654 495 7368 503 8428 554 12654 503 8428 1457 12655 1457 12655 503 8428 2008 12656 1457 12655 2008 12656 548 12657 548 12657 2008 12656 1992 12658 548 12659 1992 11653 549 12653 549 12653 1992 11653 495 7368 1396 12660 1395 12661 2033 12662 2033 12663 1395 12664 864 12665 722 9445 1971 11665 1511 9447 1511 9447 1971 11665 1996 11664 1511 9447 1996 11664 2103 12666 2103 12666 1996 11664 2104 12667 2103 12666 2104 12667 2105 12668 2106 12669 692 12670 607 12671 607 12671 692 12670 691 12672 607 12671 691 12672 565 9322 558 12673 560 12674 1466 12675 1466 12676 560 12677 607 12678 565 9322 691 12672 600 9323 600 9323 691 12672 666 12679 600 9323 666 12679 601 12680 2107 12681 1000 8135 2108 12682 2108 12682 1000 8135 826 8137 2108 12682 826 8137 845 12683 592 12684 694 12685 598 12686 598 12686 694 12685 577 12687 598 12688 577 12689 578 12690 592 12691 594 12692 694 12693 694 12694 594 12695 662 12696 664 12697 688 12698 662 12699 662 12699 688 12698 576 12700 662 12699 576 12700 577 12701 577 12702 576 12703 575 12704 577 12705 575 12706 578 12707 578 12708 575 12709 568 12710 578 12711 568 12712 704 12713 704 12713 568 12712 701 12714 704 12713 701 12714 664 12715 563 12716 562 8447 720 12717 720 12717 562 8447 574 8446 612 12718 611 12719 1471 12720 1471 12720 611 12719 1472 12721 599 12722 1463 12723 1732 12724 1732 12724 1463 12723 1462 12725 1732 12724 1462 12725 999 8134 999 8134 1462 12725 1464 12726 999 8134 1464 12726 997 8132 561 12727 596 12728 1004 12729 1004 12729 596 12728 595 12730 1004 12729 595 12730 602 12731 1170 8454 1169 8453 845 12732 845 12732 1169 8453 1739 12733 845 12732 1739 12733 2108 12734 1577 12735 1002 12736 1043 8214 1043 8214 1002 12736 2109 12737 1043 8214 2109 12737 1041 8212 1805 12738 1806 12739 1736 12740 1736 12740 1806 12739 2110 12741 608 12742 610 12743 1469 12744 1469 12744 610 12743 1470 12745 1741 10322 1166 8450 828 12746 828 12746 1166 8450 829 8449 571 8150 1006 8149 572 12747 572 12748 1006 12749 1480 12749 572 12750 1480 12751 1009 8153 1009 8153 1480 12751 1010 8154 2110 12741 1735 12752 1736 12740 827 12753 1171 8455 825 12754 825 12754 1171 8455 1172 8457 1479 12755 2111 12756 1010 12757 1010 12757 2111 12756 2112 12758 1010 12757 2112 12758 1008 12759 1172 12760 1012 12761 2113 12762 2113 12762 1012 12761 1011 12763 2113 12762 1011 12763 1005 12764 1005 12764 1011 12763 613 12765 1005 12766 613 12767 614 12768 819 7854 618 7856 619 12769 619 12769 618 7856 1475 12770 619 12769 1475 12770 620 12771 819 8140 619 7546 1001 8138 1001 8138 619 7546 621 7548 1001 8138 621 7548 1002 8139 1002 8139 621 7548 2109 12772 1484 1633 1746 1633 1481 1633 1481 1633 1746 1633 2114 1633 1476 12773 611 12774 1174 12775 1174 12776 611 12777 608 12778 624 12779 628 12780 622 12781 622 12781 628 12780 2115 12782 622 12781 2115 12782 2116 12783 627 12784 1477 12785 571 12786 571 12787 1477 12788 1007 12789 624 12790 625 12791 628 12792 628 12793 625 12794 629 12795 2107 12796 2108 12797 1014 12798 1014 12798 2108 12797 1739 12799 1739 10309 1169 12800 1737 10307 621 12801 620 12802 2110 12803 2110 12803 620 12802 1475 12804 2110 12803 1475 12804 1474 12805 615 12806 1473 12807 616 12808 616 12808 1473 12807 1476 12809 616 12810 1476 12811 1174 12812 1014 12813 1012 8456 2107 12814 2107 12814 1012 8456 1171 8455 2107 12814 1171 8455 1000 12815 1000 12815 1171 8455 827 12753 1481 12816 610 12817 1484 12818 1484 12819 610 12820 609 12821 1480 12822 1479 12755 1010 12757 1173 12823 1481 12823 1174 12823 1174 1633 1481 1633 2114 1633 1174 12812 2114 1633 616 12810 1477 1633 627 1633 1478 1633 1478 12824 627 12824 626 12824 1478 1633 626 1633 1013 1633 1013 1633 626 1633 613 1633 1013 1633 613 1633 1011 1633 2111 12756 2117 12825 2112 12758 2112 12826 2117 12827 1740 10321 2112 12826 1740 10321 1008 12828 1008 12828 1740 10321 837 10320 1008 12828 837 10320 1195 12829 1742 10323 2118 12830 1744 10325 1744 10325 2118 12830 2119 12831 1744 10325 2119 12831 1747 12832 1747 12832 2119 12831 2120 12833 1747 12832 2120 12833 633 7563 633 7563 2120 12833 2121 12834 633 7563 2121 12834 631 7561 2122 12835 2115 12836 630 12837 630 12838 2115 12839 628 12840 2116 12841 1748 12842 622 12843 622 12844 1748 12845 623 12846 1748 12847 2116 12848 2122 12849 2122 12850 2116 12851 2115 12852 1482 10336 1740 12853 625 10338 625 10338 1740 12853 2117 12854 625 10338 2117 12854 629 12855 629 12855 2117 12854 1743 12856 629 12855 1743 12856 630 12857 630 12857 1743 12856 1744 12858 630 12857 1744 12858 2122 12859 2122 12859 1744 12858 1747 10330 2122 12859 1747 10330 1748 10335 1748 10335 1747 10330 1483 10332 1748 10335 1483 10332 1482 10336 1479 12860 1743 12861 2123 12862 2123 12862 1743 12861 2117 12863 2123 12862 2117 12863 2111 12864 1479 9366 1478 9368 1743 12865 1743 10324 1478 12866 1013 8156 1743 10324 1013 8156 1741 10322 1741 10322 1013 8156 1014 8155 1741 10322 1014 8155 1166 8450 1166 8450 1014 8155 1739 12867 1166 8450 1739 12867 1167 8451 642 12868 646 12869 407 12870 407 12871 646 12872 405 12873 1018 8168 1500 12874 1017 8166 1017 8166 1500 12874 1499 12875 1017 8166 1499 12875 1016 8164 459 12876 2061 12877 656 12878 656 12879 2061 12139 504 12138 656 12879 504 12138 494 12880 645 12881 644 12882 2060 12120 2060 12120 644 12882 1706 12883 2060 12120 1706 12883 1388 12118 722 7687 724 7689 2078 12884 2078 12884 724 7689 1015 12885 2078 12884 1015 12885 1751 12886 635 12887 1497 12888 636 12889 636 12889 1497 12888 2124 12890 426 12891 425 12892 1410 10341 1410 10341 425 12892 670 12893 1410 10341 670 12893 672 10339 647 12894 484 12895 648 12896 648 12897 484 12898 1491 12899 409 10149 642 12900 683 10150 683 12901 642 12902 407 12300 683 12901 407 12300 466 12903 466 12903 407 12300 2005 12302 466 12903 2005 12302 1417 12904 647 12905 651 12906 484 12907 484 12907 651 12906 485 12908 2125 12909 673 12910 2126 12911 2126 12911 673 12910 675 12912 2126 12911 675 12912 1176 12913 491 8159 657 8158 965 8087 965 8087 657 8158 244 12914 965 8087 244 12914 263 8088 721 12915 720 12916 1489 12917 1489 12918 720 12717 574 8446 1489 12918 574 8446 676 12919 1485 12920 702 12921 659 12922 659 12922 702 12921 2127 12923 659 12922 2127 12923 660 199 660 199 2127 12923 2128 199 685 12924 1520 10385 667 12925 667 12925 1520 10385 1757 10387 667 12925 1757 10387 1531 199 1176 12926 1749 10343 2126 12927 2126 12927 1749 10343 1750 10345 2126 12927 1750 10345 2125 12928 2125 12928 1750 10345 1531 12929 2125 12928 1531 12929 2124 12930 1752 10355 411 12931 1508 10353 1508 10353 411 12931 410 12932 1508 10353 410 12932 2128 12933 2128 12933 410 12932 514 7401 2128 12933 514 7401 660 12934 660 12934 514 7401 968 8093 2125 12935 2124 12936 673 12937 673 12937 2124 12936 1497 12938 673 12937 1497 12938 1498 12939 2066 12940 376 12941 686 12942 686 12062 376 12943 378 12944 686 12062 378 12944 377 12063 1142 8397 1389 12945 346 8398 346 8398 1389 12945 1705 12946 346 8398 1705 12946 2129 12947 2129 12947 1705 12946 643 12948 2129 12947 643 12948 1503 12949 643 12950 645 12951 1503 12952 1503 12953 645 12954 1016 12955 2124 12956 1531 12957 636 12958 636 12958 1531 12957 1757 12959 636 12958 1757 12959 637 12187 637 12187 1757 12959 697 12960 637 12187 697 12960 1017 12189 1502 12961 1500 12962 1524 12963 1524 12963 1500 12962 1018 12964 676 12965 678 12966 1489 12967 1489 12968 678 12969 1490 12970 2100 12606 2130 12971 2099 12605 2099 12605 2130 12971 2131 12972 2099 12605 2131 12972 2098 12604 2098 12604 2131 12972 2132 12973 2098 12604 2132 12973 2097 12603 2097 12603 2132 12973 2133 12974 484 12975 489 8904 1491 12976 1491 12976 489 8904 718 8906 1491 12976 718 8906 650 12977 650 12977 718 8906 719 1633 650 7607 719 12978 661 7605 1489 12979 459 12980 721 7686 721 7686 459 12980 656 12981 721 7686 656 12981 655 7684 1766 12982 2134 12983 1765 12984 1765 12984 2134 12983 1764 12985 1765 12984 1764 12985 1763 12986 1027 12987 2104 12988 1766 12982 1766 12982 2104 12988 1996 12989 1766 12982 1996 12989 2134 12983 1177 12990 2103 12991 1026 12992 1026 12992 2103 12991 2105 12993 583 12994 585 12995 682 12996 682 12996 585 12995 584 12997 1026 12998 2105 12999 1027 13000 1027 13000 2105 12999 2104 13001 2103 13002 1177 13003 1511 13004 1511 13004 1177 13003 1179 13005 1511 13004 1179 13005 1510 13006 1991 13007 2135 13008 1515 13009 1515 13010 2135 13011 1514 13012 1765 10441 1763 13013 1750 10442 1750 10442 1763 13013 1762 13014 1750 10442 1762 13014 1531 13015 703 10279 671 13016 1494 10281 1494 10281 671 13016 1509 9444 1494 10281 1509 9444 591 13017 591 13017 1509 9444 1510 9446 591 13017 1510 9446 589 13018 425 7590 653 7592 670 13019 670 13019 653 7592 1761 13020 670 13021 1761 13022 671 13023 692 8185 2106 13024 1029 8183 1029 8183 2106 13024 2136 13025 1029 8183 2136 13025 680 13026 680 13026 2136 13025 693 13027 680 13026 693 13027 2129 13028 2129 13028 693 13027 684 13029 2129 13028 684 13029 346 13030 346 13030 684 13029 683 13031 346 13032 683 10111 1753 13033 1753 13033 683 10111 1415 10110 2128 13034 1731 13035 1496 13036 1496 13036 1731 13035 1495 13037 1731 13038 2128 13039 703 7661 703 7661 2128 13039 2127 13040 703 7661 2127 13040 702 7659 1176 13041 675 13042 260 13043 260 13043 675 13042 674 13044 260 13043 674 13044 641 13045 641 13045 674 13044 679 13046 686 13047 584 13048 2076 13049 2076 13050 584 13051 564 13052 2076 12397 564 10426 972 12399 972 12399 564 10426 655 10424 972 12399 655 10424 654 13053 1521 13054 1522 13055 315 13056 315 13056 1522 13055 1776 13057 315 13056 1776 13057 739 13058 1503 12949 1501 13059 2129 12947 2129 12947 1501 13059 1502 13060 2129 12947 1502 13060 680 13061 680 13061 1502 13060 1524 13062 680 13061 1524 13062 696 13063 586 199 588 199 2100 199 2100 13064 588 13064 2137 13064 2100 13065 2137 13065 2130 13065 2130 199 2137 199 1181 199 2130 199 1181 199 2131 199 2131 199 1181 199 1180 199 2131 199 1180 199 2132 199 2132 199 1180 199 2138 199 2132 13066 2138 13066 2133 13066 2133 199 2138 199 2139 199 2133 13067 2139 13067 2140 13067 964 10367 252 13068 1756 10368 1756 10368 252 13068 677 13069 1756 10368 677 13069 601 13070 601 7517 677 13071 699 13072 601 7517 699 13072 562 7515 562 7515 699 13072 570 13073 562 7515 570 13073 569 13074 1508 199 2128 199 1767 13075 1767 13076 2128 13077 1496 13078 1767 13079 1496 13080 1492 13081 1492 13082 1496 13083 1493 13084 584 12997 687 13085 682 12996 682 12996 687 13085 686 13086 682 12065 686 13087 2059 12064 1958 11428 2086 12535 1957 11427 1957 11427 2086 12535 1979 11609 1957 11427 1979 11609 1956 11426 1956 11426 1979 11609 2025 11788 1956 11426 2025 11788 1955 11425 1955 11425 2025 11788 2026 11789 1955 11425 2026 11789 1954 11424 1954 11424 2026 11789 2027 11790 1954 11424 2027 11790 1953 11423 1953 11423 2027 11790 2097 12603 1953 11423 2097 12603 2021 11766 2021 11766 2097 12603 2133 12974 2021 11766 2133 12974 1123 8357 1123 8357 2133 12974 2140 13088 1123 8357 2140 13088 1121 8355 1121 8355 2140 13088 2139 13089 1121 8355 2139 13089 2062 12177 2062 12177 2139 13089 2138 13090 2062 12177 2138 13090 2068 12347 1528 13091 332 13092 1504 13093 1504 13094 332 13095 1505 13096 709 13097 708 13098 661 13099 661 13099 708 13098 1384 13100 2141 13101 288 13102 2072 13103 2072 12362 288 13104 1999 13105 2072 12362 1999 13105 374 12363 607 12671 595 13106 2106 12669 2106 12669 595 13106 597 13107 2106 12669 597 13107 2136 13108 2136 13108 597 13107 583 13109 2136 13108 583 13109 693 7649 693 7649 583 13109 2142 13110 693 7649 2142 13110 682 7647 682 7647 2142 13110 583 13109 1182 8466 1181 8465 2082 12531 2082 12531 1181 8465 2137 13111 2082 12531 2137 13111 2101 12618 2101 12618 2137 13111 588 13112 2101 12618 588 13112 1980 11610 1980 11610 588 13112 587 13113 1980 11610 587 13113 586 12607 701 12714 700 13114 664 12715 664 12715 700 13114 689 13115 664 12697 689 13116 688 12698 2138 13090 1180 8464 2068 12347 2068 12347 1180 8464 1182 8466 2068 12347 1182 8466 2069 12348 2069 12348 1182 8466 2083 12532 2069 12348 2083 12532 2070 12349 2070 12349 2083 12532 2085 12534 2070 12349 2085 12534 2071 12350 2071 12350 2085 12534 1958 11428 2071 12350 1958 11428 1960 11450 1960 11450 1958 11428 1959 11429 1960 11450 1959 11429 1913 11062 1913 11062 1959 11429 2045 11912 1913 11062 2045 11912 1912 11061 709 13117 661 13118 711 13119 711 13119 661 13118 719 13120 1188 8474 1187 8473 527 13121 527 13121 1187 8473 1972 13122 527 13121 1972 13122 1986 13123 109 6952 319 7175 1680 10028 1680 10028 319 7175 321 7177 1680 10028 321 7177 1681 10029 1681 10029 321 7177 1129 13124 1681 10029 1129 13124 2080 13125 2080 13125 1129 13124 1021 8176 2080 13125 1021 8176 1917 13126 1917 13126 1021 8176 1020 8175 1917 13126 1020 8175 1679 13127 1671 13128 233 13129 1772 13130 1772 13130 233 13129 925 13131 410 9032 1384 13100 1379 9031 1379 9031 1384 13100 708 13098 1379 9031 708 13132 1378 9030 723 13133 1761 13134 724 8161 724 8161 1761 13134 653 13135 724 8161 653 13135 652 8162 920 13136 1674 13137 727 7693 727 7693 1674 13137 1995 13138 727 7693 1995 13138 725 7691 1508 199 1178 8462 1028 8182 1028 8182 1178 8462 1177 8461 1028 8182 1177 8461 1026 8181 665 8084 1758 13139 1996 11664 1996 11664 1758 13139 690 13140 1996 11664 690 13140 2134 13141 2134 13141 690 13140 1029 13142 2134 13141 1029 13142 1764 13143 1764 13143 1029 13142 680 13144 1764 13143 680 13144 1532 13145 1532 13145 680 13144 668 13146 1704 10396 672 8169 1707 10394 1707 10394 672 8169 1019 8171 1707 10394 1019 8171 1488 13147 1488 13147 1019 8171 658 13148 1488 13147 658 13148 1486 13149 1032 13150 1115 13151 1533 13152 1032 13150 1533 13152 1030 13153 705 7669 707 7671 2143 13154 2143 13154 707 7671 1973 13155 2143 13154 1973 13155 2144 13156 1467 1633 2072 1633 1525 1633 1525 1633 2072 1633 1131 13157 2144 13158 1187 8473 2143 13159 2143 13159 1187 8473 1186 8472 2143 13159 1186 8472 705 13160 705 13160 1186 8472 1188 8474 1671 13161 1772 10466 1672 13162 1672 13162 1772 10466 1774 10468 1672 13162 1774 10468 1118 13163 714 13164 731 8476 728 13165 728 13165 731 8476 1189 8475 1119 13166 2145 13167 256 13168 256 13168 2145 13167 2146 13169 256 8347 2146 13170 1114 8345 1760 1633 1677 13171 1759 13172 1759 13172 1677 13171 1529 13173 1759 13172 1529 13173 226 13174 2146 13175 2147 13176 1114 13177 1114 13177 2147 13176 1534 13178 1114 13177 1534 13178 1535 13179 1022 13180 1021 13181 730 13182 730 13182 1021 13181 1129 13183 1129 8364 321 13184 320 8365 743 13185 232 13186 1562 13187 1562 13187 232 13186 1541 9527 1562 13187 1541 9527 737 7708 737 7708 1541 9527 1540 9525 737 7708 1540 9525 735 7706 1568 13188 1115 13189 2145 13190 2145 13190 1115 13189 734 13191 2145 13190 734 13191 733 13192 292 13193 1759 13194 1545 13195 1545 13195 1759 13194 1546 13196 733 13197 2147 13198 2145 13199 2145 13199 2147 13198 2146 13200 1779 13201 1778 13202 1192 13203 1192 13203 1778 13202 1547 13204 1192 13203 1547 13204 1193 13205 2135 13206 1036 8485 1504 13207 1504 13207 1036 8485 1973 11560 1504 13207 1973 11560 1523 13208 1523 13208 1973 11560 707 13209 1523 13210 707 13211 330 13212 330 13212 707 13211 706 13213 1031 13214 1030 13215 2148 13216 2148 13216 1030 13215 733 13217 2148 13216 733 13217 732 13218 2065 12206 2149 13219 2058 12207 2058 12207 2149 13219 2150 13220 2058 12207 2150 13220 974 13221 974 13221 2150 13220 2151 13222 974 13221 2151 13222 975 13223 975 13223 2151 13222 1023 8178 975 13223 1023 8178 456 11808 456 11808 1023 8178 1025 8180 456 11808 1025 8180 1128 11810 1128 11810 1025 8180 1184 8468 1128 11810 1184 8468 1129 13224 1129 13224 1184 8468 1183 8467 1129 13224 1183 8467 730 13225 730 13225 1183 8467 752 13226 730 13225 752 13226 731 13227 1759 13228 1191 8478 1546 13229 1546 13229 1191 8478 1193 8480 923 13230 1544 13231 924 13232 924 13233 1544 13234 1775 13235 1569 9587 1568 9586 2152 199 2152 13236 1568 13237 2145 13167 2152 13236 2145 13167 1569 13238 1569 13238 2145 13167 1119 13166 1569 13238 1119 13166 1118 13239 1518 13240 1519 13241 1523 13242 1523 13243 1519 13244 1528 13245 1523 13246 1528 13247 1504 1633 1036 9557 2135 13248 1553 9559 1553 9559 2135 13248 1991 13249 1553 9559 1991 13249 762 9558 729 13250 751 13251 716 13252 716 13252 751 13251 1791 13253 716 13252 1791 13253 1768 13254 1768 13254 1791 13253 2153 13255 1768 13254 2153 13255 726 13256 726 13256 2153 13255 2154 13257 726 13256 2154 13257 727 13258 271 9526 2034 11825 1539 9524 1539 9524 2034 11825 2154 13257 1539 9524 2154 13257 2155 1633 2155 13259 2154 13260 813 13259 2155 13261 813 13261 2156 13261 730 13262 714 13263 1022 13264 1022 13264 714 13263 2157 13265 1022 13264 2157 13265 1020 10026 1020 10026 2157 13265 714 13263 1020 10026 714 13263 713 10024 1543 13266 1561 10499 1544 13267 1544 13267 1561 10499 1782 10501 1544 13267 1782 10501 1775 13268 1972 13269 1187 13270 2144 13271 1972 13269 2144 13271 1973 13272 1560 13273 1561 13274 1970 13275 1970 13275 1561 13274 1543 13276 1970 13275 1543 13276 1542 13277 1030 13278 1534 13279 733 13280 733 13280 1534 13279 2147 13281 727 13258 2154 13257 920 8020 920 8020 2154 13257 2034 11825 920 8020 2034 11825 977 8105 1506 1633 1512 1633 1504 1633 1504 13282 1512 13282 1514 13282 1504 13283 1514 13283 2135 13283 769 13284 768 13285 1549 13286 1549 13286 768 13285 1551 13287 744 13288 746 13289 1552 13290 1552 13291 746 13292 1034 13293 769 8191 1549 1633 1033 8189 1033 8189 1549 1633 1548 13294 1033 8189 1548 13294 1034 8192 764 13295 749 13296 2158 13297 2158 13297 749 13296 748 13298 2158 13297 748 13298 742 13299 742 13299 748 13298 1559 13300 2148 13301 732 13302 1568 13303 1568 13303 732 13302 734 13304 1568 13305 734 13306 1115 13307 1115 13308 734 13309 1032 13310 1115 8470 1032 8188 1185 8471 1185 8471 1032 8188 1031 8187 1185 8471 1031 8187 1538 13311 1538 13311 1031 8187 2148 13301 1538 13311 2148 13301 1555 13312 1555 13312 2148 13301 1568 13303 1555 13312 1568 13303 1570 13313 1003 13314 1759 13315 2141 13101 2141 13101 1759 13315 226 13316 2141 13101 226 13316 288 13102 746 13317 745 13318 1191 8478 1191 8478 745 13318 1779 13319 1191 8478 1779 13319 1192 8479 760 13320 761 13321 1596 13322 1596 13322 761 13321 1599 13323 756 13324 1792 13325 738 13326 738 13326 1792 13325 1343 13327 738 13328 1343 13329 313 13330 1554 13331 1589 13332 1536 13333 1536 13333 1589 13332 1537 13334 1584 13335 1591 13336 1582 13337 1582 13337 1591 13336 1592 13338 1582 10491 1592 13339 572 10492 572 10492 1592 13339 761 13340 758 13341 762 9558 1990 13342 1990 13342 762 9558 1991 13249 1573 13343 1794 10536 1574 13344 1574 13344 1794 10536 1796 10538 740 13345 752 13346 1199 8493 1199 8493 752 13346 2159 13347 1199 8493 2159 13347 1197 8491 1589 13348 1554 13349 1595 13350 1595 13350 1554 13349 1580 13351 1571 10597 1813 10596 1570 13352 1570 13352 1813 10596 1799 13353 1570 13352 1799 13353 1042 8223 855 13354 1580 13355 2160 13356 2160 13356 1580 13355 1554 13357 2160 13356 1554 13357 1050 13358 735 13359 1574 13360 736 13361 736 13361 1574 13360 1787 13362 1777 13363 764 13364 743 7717 743 7717 764 13364 2158 13365 743 7717 2158 13365 742 7715 2156 13366 1795 13367 2155 13368 2155 13368 1795 13367 1794 13369 768 13370 770 13371 1770 13372 1770 13373 770 13374 1771 13375 813 7838 2154 13376 811 7836 811 7836 2154 13376 2153 13377 811 7836 2153 13377 1797 13378 1797 13378 2153 13377 1791 13379 1797 13378 1791 13379 1790 13380 1036 8485 2161 13381 236 11559 236 11559 2161 13381 1148 8412 236 11559 1148 8412 235 11557 235 11557 1148 8412 1147 8411 235 11557 1147 8411 1972 11558 1118 13239 1774 13382 1569 13238 1569 13238 1774 13382 1775 13383 1569 13384 1775 13385 1812 13386 1812 13386 1775 13385 1782 13387 740 13388 1199 13389 741 13390 741 13390 1199 13389 1198 13391 1563 13392 1035 13393 765 13394 765 13395 1035 13396 763 13397 766 13398 1572 10523 767 13399 767 13399 1572 10523 1788 10525 767 13399 1788 10525 750 13400 1564 13401 765 13402 1777 13403 1777 13403 765 13402 764 13404 2155 13405 1794 13406 1539 13407 1539 13407 1794 13406 1573 13408 1539 13407 1573 13408 1540 13409 1036 8485 1194 8484 2161 13381 2161 13381 1194 8484 1038 8486 2161 13381 1038 8486 2162 13410 1787 13411 763 8195 736 13412 736 13412 763 8195 737 8194 782 13413 780 13414 777 13415 777 13415 780 13414 753 13416 809 13417 808 13418 807 13419 807 13420 808 13421 806 13422 785 13423 784 13424 790 13425 790 13426 784 13427 847 13428 1782 13387 749 13429 1812 13386 1812 13386 749 13429 764 13430 1812 13386 764 13430 842 13431 842 13431 764 13430 1574 13432 842 13431 1574 13432 843 13433 785 13434 790 13435 789 13436 789 13437 790 13438 847 13439 1797 10540 1790 13440 1798 10541 1798 10541 1790 13440 1789 13441 1798 10541 1789 13441 750 13442 1527 9491 1131 9490 1793 13443 1793 13443 1131 9490 284 13444 1793 13443 284 13444 1343 13445 759 8893 1116 8892 1800 13446 1800 13446 1116 8892 1185 13447 1800 13446 1185 13447 1537 13448 821 13449 1170 13450 822 8481 822 8481 1170 13450 845 13451 822 8481 845 13451 572 8482 787 13452 796 13453 772 13454 772 13454 796 13453 773 13455 1788 10605 770 13456 603 10607 603 10607 770 13456 1033 13457 603 10607 1033 13457 746 13458 784 13459 783 8197 754 13460 754 13460 783 8197 849 8199 754 13460 849 8199 804 13461 813 13462 812 13463 2156 13464 2156 13464 812 13463 1795 13465 808 13466 810 13467 1785 13468 1785 13469 810 13470 2163 13471 604 8141 1003 1633 1467 1633 1467 13472 1003 13472 2141 13472 1467 1633 2141 1633 2072 1633 1045 8217 2164 13473 771 8215 771 13474 2164 13475 1808 13476 771 13474 1808 13476 1809 13477 1567 13478 1566 13479 1786 13480 1786 13481 1566 13482 1783 13483 746 13458 1191 13484 603 10607 603 10607 1191 13484 2165 13485 603 10607 2165 13485 1003 13486 1003 13486 2165 13485 1191 13484 1003 13486 1191 13484 1759 13487 1042 13488 1041 13489 1554 13357 1554 13357 1041 13489 1051 13490 1554 13357 1051 13490 1050 13358 1785 13491 2163 13492 802 13493 802 13494 2163 13495 800 13496 771 13497 775 13498 1799 13499 1799 13500 775 13501 818 13502 1799 13503 818 13504 803 13505 803 13506 818 13507 755 13508 803 13509 755 13510 754 13511 1575 13512 1576 13513 1783 13514 1783 13515 1576 13516 1786 13517 1565 13518 1040 13519 794 13520 794 13520 1040 13519 816 13521 609 13522 820 13523 1577 12735 1577 12735 820 13523 819 13524 1577 12735 819 13524 1002 12736 1734 13525 853 7913 2160 13526 2160 13526 853 7913 855 7915 621 7548 2110 13527 2109 12772 2109 12772 2110 13527 1806 10570 2109 12772 1806 10570 1041 13528 1041 13528 1806 10570 1804 10568 1041 13528 1804 10568 1051 13529 1051 13529 1804 10568 1049 10567 833 13530 1581 13531 1588 13532 1588 13532 1581 13531 1808 13533 1588 13532 1808 13533 2166 13534 2166 13534 1808 13533 2164 13535 2166 13534 2164 13535 848 13536 848 13537 2164 13538 1045 13537 848 3360 1045 3360 814 3360 814 3360 1045 3360 815 3360 1167 13539 1803 13540 829 13541 829 13541 1803 13540 1527 13542 829 13541 1527 13542 1793 13543 1737 13544 1169 8453 2167 13545 2167 13545 1169 8453 1168 8452 2167 13545 1168 8452 821 13546 821 13546 1168 8452 1170 8454 1807 13547 1810 13548 834 13549 834 13549 1810 13548 1587 13550 834 13549 1587 13550 824 13551 821 7857 823 7859 2167 13552 2167 13552 823 7859 1738 13553 2167 13552 1738 13553 1737 13554 1167 10564 1738 13555 1598 10562 1598 10562 1738 13555 823 13556 1598 13557 823 13558 760 13559 760 13559 823 13558 822 13560 836 13561 1196 8488 837 13562 837 13562 1196 8488 1195 8487 1005 59 573 59 2113 13563 2113 13564 573 59 572 8482 2113 13564 572 8482 1172 13565 1172 13565 572 8482 845 13451 1172 13565 845 13451 825 13566 1734 1633 1733 1633 853 1633 853 1633 1733 1633 1579 1633 853 1633 1579 1633 854 1633 1805 13567 1736 13568 1049 8230 1049 8230 1736 13568 1734 13569 1049 8230 1734 13569 1050 8231 1050 8231 1734 13569 2160 13570 1597 13571 1600 13572 1598 13573 1598 13574 1600 13575 1601 13576 1598 13577 1601 13578 1593 1633 840 13579 1055 13580 838 13581 838 13581 1055 13580 1801 13582 838 13581 1801 13582 839 13583 2168 13584 1801 13585 1055 1633 1046 13586 843 8227 1578 13587 1578 13587 843 8227 1048 8229 1197 8491 2169 13588 1198 8492 1198 8492 2169 13588 2170 13589 1198 8492 2170 13589 1047 8226 1047 8226 2170 13589 828 13590 1047 8226 828 13590 830 8224 798 13591 777 13592 841 13593 841 13594 777 13595 753 13596 841 13594 753 13596 1813 13597 1813 13597 753 13596 755 13598 1813 13597 755 13598 1799 13599 1799 13600 755 13601 818 13602 1799 13603 818 13604 817 13605 4 6830 2171 13606 831 8490 831 8490 2171 13606 2172 13607 831 8490 2172 13607 1052 13608 1052 13608 2172 13607 852 13609 1052 13608 852 13609 1809 13610 1809 13610 852 13609 772 13611 1809 13610 772 13611 771 13612 829 13541 800 13613 1047 13614 1047 13614 800 13613 2163 13615 1047 13614 2163 13615 1198 13391 1198 13391 2163 13615 810 13616 1198 13391 810 13616 741 13390 741 13390 810 13616 809 13617 741 13390 809 13617 756 13618 756 13618 809 13617 807 13619 756 13618 807 13619 1793 13543 1793 13543 807 13619 801 13620 1793 13543 801 13620 829 13541 829 13541 801 13620 800 13613 4 8495 846 8494 2171 13621 2171 13621 846 8494 2173 13622 2171 13621 2173 13622 2172 13623 2172 13623 2173 13622 1799 13624 2172 13623 1799 13624 2174 13625 2174 13625 1799 13603 817 13605 2174 13625 817 13605 2172 13623 759 10510 1800 13626 1783 10512 1783 10512 1800 13626 1801 13627 1783 10512 1801 13627 1575 13628 1575 13628 1801 13627 2168 13629 1575 13628 2168 13629 793 13630 793 13630 2168 13629 2175 13631 793 13630 2175 13631 794 13632 794 13632 2175 13631 1037 8201 794 13632 1037 8201 1565 10509 1565 10509 1037 8201 1036 8200 1565 10509 1036 8200 759 10510 788 13633 852 13634 817 13635 817 13635 852 13634 2172 13636 1781 13637 1802 13638 1582 13639 1582 13640 1802 13641 1583 13642 2162 13410 1038 8486 2176 13643 2176 13643 1038 8486 1037 13644 2176 13643 1037 13644 2177 13645 2177 13645 1037 13644 2175 13646 2177 13645 2175 13646 2178 13647 2178 13647 2175 13646 2168 13648 2178 13647 2168 13648 2179 13649 1590 13650 1585 13650 1593 13650 1593 1633 1585 1633 1583 1633 1593 13651 1583 13651 1802 13651 1574 13432 1796 13652 843 13433 843 13433 1796 13652 812 13653 843 13433 812 13653 836 13654 836 13655 812 13656 1798 13657 0 13658 850 13659 847 13660 847 13661 850 13662 851 13663 841 13664 1813 10593 777 13665 777 13665 1813 10593 776 10592 777 13666 776 10592 841 7882 841 7882 776 10592 1811 10594 841 7882 1811 10594 846 7880 846 7880 1811 10594 1046 8221 846 7880 1046 8221 2173 13667 2173 13667 1046 8221 1042 8223 2173 13667 1042 8223 2174 13668 2174 13668 1042 8223 1799 13353 2174 13668 1799 13669 2173 13667 1594 10606 1810 13670 750 10604 750 13671 1810 13672 1807 13673 750 13671 1807 13673 1798 13657 1798 13657 1807 13673 1196 13674 1798 13657 1196 13674 836 13655 1592 13675 1593 13676 761 13677 761 13678 1593 13679 1601 13680 858 7918 1780 13681 856 7916 856 13682 1780 13683 1580 13684 856 13682 1580 13684 1579 13685 2 13686 1588 13687 0 7891 0 7891 1588 13687 2166 13688 0 7891 2166 13688 848 7889 1803 10598 1802 13689 1814 10599 1814 10599 1802 13689 1781 13690 1814 10599 1781 13690 1526 13691</p>
        </triangles>
      </mesh>
    </geometry>
  </library_geometries>
  <library_visual_scenes>
    <visual_scene id="Scene" name="Scene">
      <node id="f_1-06vxh12-a00_lk1" name="f_1-06vxh12-a00_lk1" type="NODE">
        <matrix sid="transform">1 0 0 0 0 1 0 0 0 0 1 -0.45 0 0 0 1</matrix>
        <instance_geometry url="#f_1-06vxh12-a00_lk1_1-mesh" name="f_1-06vxh12-a00_lk1">
          <bind_material>
            <technique_common>
              <instance_material symbol="Surface_3-material" target="#Surface_3-material"/>
              <instance_material symbol="Surface_1_001-material" target="#Surface_1_001-material"/>
            </technique_common>
          </bind_material>
        </instance_geometry>
      </node>
    </visual_scene>
  </library_visual_scenes>
  <scene>
    <instance_visual_scene url="#Scene"/>
  </scene>
</COLLADA>